ID,rating
0,7.7182
1,7.9846
2,7.1746
3,8.3517
4,6.7767
5,8.7341
6,7.7838
7,8.8383
8,8.1714
9,6.9476
10,7.247
11,9.2246
12,7.7693
13,9.262
14,7.3602
15,6.2809
16,9.1336
17,7.2806
18,6.4277
19,6.4575
20,7.3974
21,7.2384
22,8.2719
23,7.8638
24,7.2798
25,9.0848
26,7.0596
27,5.8804
28,7.7838
29,7.9311
30,8.0416
31,8.0099
32,8.6711
33,5.3706
34,9.2254
35,7.9447
36,7.4393
37,8.0534
38,9.3506
39,7.0902
40,7.728
41,7.4162
42,6.7751
43,7.3602
44,7.6705
45,8.2059
46,8.4549
47,7.5532
48,7.7838
49,7.1955
50,7.1623
51,8.7993
52,7.7436
53,7.7615
54,7.8624
55,7.5922
56,9.2019
57,7.3541
58,8.0229
59,6.9492
60,5.1384
61,9.1121
62,8.4781
63,7.7012
64,7.5759
65,7.8991
66,5.9213
67,6.5
68,8.054
69,8.6996
70,7.9805
71,8.3792
72,8.8703
73,7.28
74,8.1057
75,9.0332
76,6.7835
77,8.2984
78,7.5805
79,8.0903
80,8.8122
81,7.6638
82,8.8587
83,5.883
84,6.8797
85,8.7109
86,6.1404
87,7.7838
88,9.1497
89,8.1146
90,4.3737
91,6.1425
92,9.2818
93,7.0435
94,8.8443
95,7.3602
96,7.7399
97,10.0
98,6.988
99,8.2532
100,7.7683
101,9.6591
102,8.096
103,7.6792
104,7.824
105,7.5411
106,7.0163
107,7.5798
108,7.3602
109,8.6602
110,8.6284
111,7.3009
112,6.4737
113,7.6068
114,8.4694
115,9.0376
116,7.0021
117,8.5655
118,7.5275
119,7.713
120,6.8373
121,7.6692
122,7.035
123,8.3361
124,6.9211
125,7.8927
126,7.1769
127,7.7932
128,5.2455
129,7.4533
130,8.1714
131,7.9691
132,6.6167
133,6.4072
134,8.0254
135,7.9825
136,7.6308
137,9.2019
138,8.0835
139,6.4584
140,7.8306
141,8.0169
142,9.1136
143,7.3791
144,7.3602
145,8.1787
146,8.5296
147,8.7577
148,8.4331
149,8.1714
150,6.6086
151,9.1136
152,7.0912
153,7.3602
154,6.8639
155,8.4037
156,8.1758
157,7.491
158,10.0
159,7.3482
160,7.4004
161,8.9525
162,6.3642
163,7.7838
164,7.6698
165,7.6789
166,7.791
167,8.6552
168,8.9211
169,7.8023
170,6.8217
171,8.5895
172,8.267
173,8.9525
174,7.9027
175,8.5862
176,8.725
177,8.9452
178,8.659
179,8.6191
180,5.8409
181,8.7506
182,7.677
183,8.6516
184,6.8714
185,7.8733
186,7.5294
187,8.6211
188,6.5561
189,8.4371
190,7.2206
191,7.2207
192,8.601
193,9.3214
194,7.5844
195,7.8337
196,8.5977
197,9.0467
198,5.0196
199,7.5886
200,6.8354
201,5.9028
202,9.4306
203,8.9525
204,5.8118
205,6.7868
206,8.0263
207,7.7475
208,8.0249
209,8.4021
210,7.7838
211,5.1384
212,7.7662
213,7.78
214,6.3479
215,7.7838
216,7.2898
217,8.1997
218,8.2988
219,8.0398
220,7.1919
221,8.5317
222,7.1167
223,8.2341
224,7.9403
225,7.6931
226,7.8158
227,8.1359
228,7.771
229,8.6458
230,9.8503
231,6.1807
232,8.0397
233,7.8679
234,6.4384
235,8.1901
236,7.1461
237,6.8405
238,7.765
239,7.1384
240,8.9525
241,8.6515
242,5.0062
243,9.1302
244,8.0161
245,6.9211
246,7.9215
247,6.7732
248,7.5271
249,7.8335
250,7.6612
251,8.6286
252,7.3602
253,6.8714
254,7.562
255,5.8411
256,8.0063
257,9.3214
258,7.7538
259,7.6377
260,8.03
261,8.284
262,7.9152
263,7.9267
264,7.743
265,5.1384
266,6.5037
267,7.7985
268,8.4968
269,7.2045
270,8.1301
271,9.7212
272,8.7864
273,8.244
274,7.3901
275,7.2937
276,8.5621
277,9.5153
278,8.0689
279,7.3315
280,7.9001
281,6.362
282,9.0254
283,7.8715
284,10.0
285,9.0841
286,8.9525
287,8.8854
288,7.886
289,8.284
290,5.4036
291,9.1332
292,8.3019
293,5.4022
294,4.1513
295,8.8916
296,8.7474
297,8.2317
298,7.3661
299,6.6828
300,7.6619
301,7.6804
302,7.5844
303,7.567
304,7.7371
305,5.1384
306,8.3844
307,7.7838
308,6.4322
309,8.0998
310,7.9649
311,7.7637
312,6.137
313,5.5313
314,8.9547
315,7.2095
316,5.5207
317,7.8401
318,7.5732
319,7.5698
320,7.3624
321,5.1384
322,10.0
323,9.3588
324,7.7628
325,5.7411
326,6.9644
327,7.6031
328,7.5062
329,6.5265
330,9.1893
331,7.7572
332,8.6217
333,7.9766
334,7.8794
335,7.3231
336,7.0105
337,7.2214
338,7.6322
339,7.7
340,6.8891
341,5.411
342,7.4695
343,7.0616
344,8.9525
345,7.7838
346,6.6605
347,7.724
348,9.4329
349,7.6862
350,7.2028
351,6.9003
352,6.7888
353,9.3214
354,7.6853
355,8.2068
356,7.319
357,8.2261
358,7.6765
359,9.1293
360,7.7838
361,9.4859
362,8.0941
363,8.2927
364,6.0165
365,8.2507
366,7.9441
367,6.871
368,9.1185
369,5.6585
370,8.1807
371,7.6265
372,8.1714
373,6.6389
374,7.8081
375,9.3214
376,7.6188
377,9.1525
378,8.0331
379,8.328
380,5.6888
381,8.2786
382,4.0985
383,7.4295
384,7.1323
385,8.5313
386,4.8831
387,7.5574
388,8.0555
389,9.1596
390,8.7655
391,7.2606
392,7.3848
393,7.26
394,7.0833
395,8.9525
396,7.7838
397,9.3214
398,5.939
399,7.3557
400,7.7838
401,7.8761
402,7.5034
403,8.7327
404,8.0209
405,8.3736
406,7.8633
407,8.9525
408,6.9908
409,8.1489
410,7.1156
411,7.9565
412,6.8675
413,7.6078
414,9.5153
415,8.4891
416,7.7227
417,8.5212
418,8.1566
419,7.7838
420,7.7838
421,6.9211
422,6.1799
423,9.9947
424,8.0567
425,7.4868
426,6.7297
427,9.1056
428,7.4331
429,7.2643
430,6.877
431,7.117
432,7.3883
433,7.1078
434,7.4144
435,7.0895
436,7.3157
437,7.9425
438,8.0272
439,7.6455
440,7.2185
441,7.7485
442,6.5315
443,8.6715
444,7.8411
445,8.1445
446,7.438
447,8.9005
448,8.1176
449,7.7838
450,7.542
451,7.1178
452,6.7577
453,7.1323
454,8.0938
455,9.8945
456,7.6548
457,7.7033
458,6.0102
459,7.1859
460,8.0909
461,7.7419
462,6.3468
463,8.2552
464,6.093
465,6.4741
466,7.9495
467,7.5024
468,6.4727
469,7.6489
470,7.7777
471,7.8942
472,8.9475
473,6.4508
474,8.0086
475,6.9704
476,7.542
477,8.151
478,5.4815
479,8.0933
480,8.3698
481,9.2953
482,9.1183
483,8.3444
484,8.5671
485,8.9452
486,7.1246
487,7.1059
488,9.6041
489,6.2672
490,7.8773
491,8.1342
492,8.9031
493,8.991
494,8.1491
495,8.3511
496,8.1393
497,9.5172
498,8.3459
499,7.9309
500,7.2126
501,8.6853
502,8.6417
503,7.1318
504,7.8317
505,8.9525
506,7.1447
507,7.8981
508,8.9719
509,7.9417
510,7.7838
511,8.6119
512,8.7091
513,8.6847
514,7.6553
515,7.3355
516,8.6209
517,7.7943
518,5.1384
519,7.4771
520,2.7967
521,7.316
522,7.5235
523,6.8796
524,8.3949
525,8.1057
526,4.9459
527,7.7696
528,7.3657
529,8.1407
530,7.4984
531,6.2586
532,7.7838
533,6.9299
534,8.3873
535,7.7733
536,7.2698
537,6.7633
538,8.6439
539,7.9415
540,5.6203
541,7.7723
542,7.7532
543,8.6963
544,8.9954
545,8.9033
546,8.6217
547,7.3602
548,7.6295
549,6.9935
550,8.0443
551,7.2269
552,7.7748
553,7.9889
554,7.4445
555,7.1568
556,7.7838
557,7.5642
558,8.3638
559,7.3955
560,7.7838
561,8.937
562,7.1417
563,8.1516
564,7.7655
565,7.3361
566,8.4691
567,7.5478
568,7.6762
569,8.328
570,8.2558
571,7.2594
572,6.8989
573,8.6936
574,8.3605
575,6.7271
576,6.5566
577,7.1769
578,6.2618
579,7.2229
580,4.3737
581,8.8865
582,8.3792
583,7.4987
584,7.6208
585,7.7886
586,8.6319
587,7.7705
588,7.7278
589,8.142
590,9.3214
591,7.4256
592,7.1565
593,7.5235
594,8.7521
595,8.2226
596,7.7581
597,7.1607
598,7.1993
599,8.7495
600,7.8736
601,7.9725
602,8.2537
603,7.8531
604,6.4196
605,8.1714
606,4.3737
607,8.6217
608,7.2937
609,9.7019
610,5.2842
611,7.9805
612,7.2151
613,8.0382
614,7.8015
615,7.4827
616,7.5727
617,8.11
618,7.7838
619,7.681
620,8.0078
621,7.4375
622,8.9452
623,8.1836
624,7.5672
625,7.8217
626,7.6168
627,7.6154
628,6.3014
629,7.5691
630,5.7285
631,7.6921
632,6.9631
633,5.4541
634,8.1426
635,7.206
636,7.7838
637,7.4568
638,6.5531
639,9.6975
640,6.7627
641,7.4332
642,6.4036
643,9.2602
644,8.0051
645,8.6665
646,7.785
647,7.4753
648,7.8134
649,6.002
650,7.5341
651,8.1057
652,7.5235
653,8.2091
654,8.8241
655,8.5341
656,8.2007
657,8.48
658,7.4501
659,6.6937
660,7.8433
661,8.0143
662,8.012
663,7.6173
664,8.5647
665,7.5235
666,8.7549
667,6.1847
668,7.0877
669,7.8473
670,7.8244
671,5.5844
672,6.5473
673,6.7923
674,8.8681
675,7.5235
676,6.6294
677,8.9525
678,6.1829
679,8.0906
680,7.3602
681,7.2509
682,7.5773
683,6.7633
684,7.5241
685,9.0335
686,7.2562
687,9.7374
688,8.4464
689,5.0248
690,7.7897
691,7.717
692,7.6246
693,8.3354
694,9.3214
695,10.0
696,9.7477
697,8.834
698,6.3629
699,7.4704
700,8.9095
701,7.7614
702,7.783
703,7.3602
704,7.5586
705,7.0935
706,6.0484
707,8.5306
708,7.8825
709,7.6236
710,7.6567
711,7.1769
712,7.3386
713,9.3693
714,8.504
715,7.7838
716,9.6052
717,8.9452
718,6.5461
719,8.1554
720,8.3314
721,7.7973
722,6.3985
723,7.8144
724,7.3386
725,8.1127
726,7.764
727,6.9547
728,8.335
729,8.1526
730,7.8765
731,7.6569
732,7.774
733,8.6266
734,8.1902
735,8.1892
736,6.1363
737,6.7557
738,7.3471
739,7.7911
740,7.7493
741,7.9026
742,8.9965
743,7.9167
744,5.1311
745,6.7378
746,9.1172
747,8.481
748,8.1156
749,5.3765
750,8.9525
751,6.6952
752,8.5228
753,7.4065
754,7.7063
755,7.7232
756,7.2635
757,8.0451
758,7.5914
759,8.1553
760,6.9951
761,9.4859
762,6.7827
763,5.1384
764,6.5612
765,7.7725
766,8.1714
767,8.7954
768,7.3937
769,7.8811
770,6.5265
771,6.3472
772,8.3511
773,6.9493
774,6.8643
775,8.1953
776,7.5561
777,7.9465
778,6.967
779,7.4831
780,8.2708
781,7.3602
782,9.2136
783,8.6676
784,6.1986
785,8.3672
786,8.1842
787,6.3097
788,8.1079
789,7.3139
790,7.3602
791,7.9305
792,6.6421
793,5.9031
794,9.7653
795,6.6296
796,8.9525
797,9.0302
798,7.2382
799,7.7181
800,8.9435
801,5.1452
802,5.9876
803,5.8724
804,8.2193
805,7.4783
806,7.4237
807,8.8496
808,4.4615
809,9.1602
810,7.743
811,7.164
812,5.2842
813,8.1014
814,7.3724
815,7.26
816,9.3214
817,6.2487
818,7.7866
819,4.3737
820,5.669
821,7.7838
822,8.3736
823,9.0772
824,6.6238
825,6.4441
826,8.0394
827,7.5352
828,8.8982
829,7.5002
830,8.0385
831,7.3654
832,8.0941
833,5.7285
834,7.7949
835,6.8508
836,8.4423
837,9.3214
838,7.5035
839,7.0525
840,6.6111
841,7.3527
842,8.6551
843,7.9755
844,7.5989
845,9.0419
846,6.3593
847,7.4524
848,9.0732
849,7.563
850,8.9954
851,7.5613
852,7.6984
853,7.9647
854,8.4655
855,7.9105
856,9.7019
857,7.5235
858,7.3462
859,8.4704
860,6.747
861,8.135
862,8.0776
863,8.0578
864,8.0132
865,5.9876
866,8.0858
867,8.0923
868,7.8649
869,8.4197
870,7.5927
871,8.1134
872,7.371
873,6.7856
874,7.4568
875,7.3629
876,7.2684
877,5.0623
878,8.2943
879,8.7523
880,7.26
881,6.5736
882,7.4547
883,5.4056
884,7.8485
885,7.5466
886,7.5734
887,8.0139
888,6.292
889,9.6035
890,8.8691
891,7.8293
892,7.1961
893,8.0067
894,3.2554
895,7.7698
896,8.6192
897,8.0321
898,7.8814
899,7.8658
900,6.2583
901,8.4456
902,6.8668
903,7.9104
904,7.7838
905,6.9296
906,7.4029
907,6.9243
908,8.5536
909,7.8809
910,7.0576
911,7.1374
912,9.4235
913,8.7537
914,6.5515
915,5.1384
916,7.6345
917,8.293
918,7.6525
919,9.4091
920,7.6021
921,8.322
922,7.8115
923,7.0543
924,6.9805
925,8.285
926,8.3152
927,8.4657
928,7.2225
929,8.19
930,7.8598
931,7.9581
932,7.2145
933,7.1414
934,6.2583
935,8.5104
936,7.5629
937,9.6456
938,8.9525
939,8.3668
940,8.0342
941,8.9525
942,8.1764
943,7.9459
944,8.8291
945,7.7201
946,7.2751
947,6.9817
948,7.3492
949,7.7838
950,7.391
951,7.5316
952,7.6019
953,7.4159
954,5.7063
955,7.112
956,8.4432
957,9.3024
958,7.6464
959,7.7014
960,7.3602
961,7.3356
962,6.3468
963,8.267
964,9.077
965,7.7838
966,6.9762
967,7.7177
968,7.3602
969,7.7165
970,5.7878
971,7.2154
972,5.643
973,7.2089
974,7.9805
975,5.2533
976,7.1769
977,7.4524
978,7.83
979,9.3081
980,7.7838
981,7.3602
982,7.6925
983,6.3468
984,7.4714
985,7.623
986,5.1384
987,8.8064
988,8.4239
989,8.0839
990,8.3101
991,7.545
992,8.1014
993,6.5948
994,9.1646
995,7.7838
996,7.503
997,8.7549
998,8.634
999,7.7717
1000,7.6413
1001,7.0715
1002,8.7322
1003,8.0922
1004,6.9858
1005,6.918
1006,8.1024
1007,8.0339
1008,7.3408
1009,9.7219
1010,5.1384
1011,7.0187
1012,6.1588
1013,7.1529
1014,8.3735
1015,6.7982
1016,7.5459
1017,6.4584
1018,7.0719
1019,7.5595
1020,8.9482
1021,6.6421
1022,8.9525
1023,7.6686
1024,7.4437
1025,7.0309
1026,7.7227
1027,5.9444
1028,7.3796
1029,7.7838
1030,6.0341
1031,6.9016
1032,8.9925
1033,7.0133
1034,10.0
1035,7.5235
1036,9.7363
1037,6.3685
1038,7.709
1039,8.2907
1040,7.1715
1041,6.5766
1042,8.9285
1043,8.2046
1044,8.1388
1045,8.4334
1046,6.1977
1047,8.0143
1048,6.9299
1049,6.6123
1050,7.428
1051,6.7318
1052,8.3237
1053,7.0866
1054,7.4243
1055,8.0869
1056,7.3802
1057,8.215
1058,7.7792
1059,6.7971
1060,8.3792
1061,9.3259
1062,6.0237
1063,7.26
1064,7.4568
1065,8.9886
1066,7.7602
1067,7.958
1068,8.0
1069,8.4453
1070,8.2952
1071,8.0182
1072,7.5567
1073,6.9593
1074,7.7838
1075,6.5866
1076,6.773
1077,7.3167
1078,7.2522
1079,7.3194
1080,6.2756
1081,7.1287
1082,7.8134
1083,7.7838
1084,6.1094
1085,9.3214
1086,8.1654
1087,7.1298
1088,7.2405
1089,7.7632
1090,8.8816
1091,7.2259
1092,5.9635
1093,8.0793
1094,7.1429
1095,8.2027
1096,8.7091
1097,7.3602
1098,7.7236
1099,8.7137
1100,7.9468
1101,8.1944
1102,9.5153
1103,8.0318
1104,6.7986
1105,8.9525
1106,7.5937
1107,7.4
1108,5.8685
1109,8.0968
1110,5.7285
1111,8.1189
1112,7.6692
1113,6.5803
1114,7.7406
1115,7.8364
1116,5.6712
1117,9.5994
1118,7.3387
1119,8.6937
1120,8.4375
1121,7.6836
1122,7.5235
1123,8.2237
1124,7.3602
1125,8.358
1126,7.8778
1127,7.7861
1128,7.6093
1129,6.9299
1130,7.4826
1131,9.0896
1132,7.9311
1133,7.3602
1134,7.3602
1135,7.2271
1136,7.4501
1137,7.4929
1138,7.3602
1139,8.5421
1140,7.7838
1141,8.8446
1142,8.3214
1143,8.9525
1144,7.4397
1145,7.4736
1146,5.2767
1147,7.7683
1148,6.1177
1149,8.1544
1150,7.5585
1151,7.0522
1152,8.0589
1153,7.827
1154,7.8527
1155,8.1016
1156,7.7931
1157,7.0923
1158,4.5705
1159,7.6656
1160,6.7207
1161,5.6636
1162,7.0573
1163,7.3121
1164,7.2195
1165,8.1589
1166,6.3202
1167,5.1078
1168,8.1318
1169,7.7838
1170,5.3809
1171,8.4233
1172,7.9784
1173,8.1248
1174,8.3052
1175,7.1277
1176,6.8763
1177,6.7657
1178,7.7838
1179,6.9299
1180,7.5608
1181,8.1212
1182,7.4365
1183,7.2066
1184,8.6608
1185,7.9551
1186,8.6432
1187,7.7088
1188,7.2976
1189,6.4583
1190,7.1234
1191,7.4386
1192,6.8104
1193,7.218
1194,8.1897
1195,7.9192
1196,9.6188
1197,8.1952
1198,7.1164
1199,7.3483
1200,7.7838
1201,8.0495
1202,8.8417
1203,8.387
1204,6.8997
1205,7.7647
1206,7.8777
1207,7.7838
1208,8.1236
1209,7.8234
1210,8.781
1211,6.5407
1212,5.4551
1213,5.1384
1214,9.7083
1215,7.8896
1216,8.284
1217,9.6759
1218,7.8497
1219,8.5704
1220,8.1354
1221,8.8492
1222,7.6692
1223,7.3392
1224,7.669
1225,9.1403
1226,8.3313
1227,7.7838
1228,5.8922
1229,7.7838
1230,7.9208
1231,6.9696
1232,7.3879
1233,7.3602
1234,4.1448
1235,8.9525
1236,6.288
1237,8.1875
1238,7.6765
1239,7.8291
1240,7.0565
1241,7.3195
1242,7.0543
1243,8.3809
1244,8.9287
1245,8.1714
1246,5.5124
1247,7.4567
1248,8.9525
1249,7.7095
1250,7.3645
1251,6.9322
1252,9.5539
1253,5.2842
1254,7.5374
1255,6.9804
1256,7.9026
1257,8.9525
1258,7.8087
1259,8.4021
1260,9.1805
1261,5.1384
1262,9.8823
1263,7.984
1264,7.9808
1265,8.2199
1266,7.7612
1267,7.3549
1268,4.3737
1269,6.7416
1270,5.8055
1271,8.5868
1272,8.0775
1273,8.5278
1274,7.6462
1275,5.1384
1276,8.9926
1277,8.9516
1278,7.2604
1279,6.9299
1280,7.9252
1281,8.0614
1282,7.2606
1283,8.9667
1284,5.8892
1285,6.9414
1286,7.188
1287,7.7063
1288,7.086
1289,7.765
1290,8.6469
1291,8.6111
1292,7.811
1293,8.7738
1294,7.6272
1295,9.3214
1296,8.3162
1297,7.7838
1298,7.0257
1299,7.9673
1300,7.2004
1301,8.2694
1302,7.7783
1303,6.8708
1304,7.4251
1305,7.3602
1306,8.1714
1307,7.5501
1308,6.2586
1309,8.0468
1310,7.0779
1311,7.3602
1312,8.6098
1313,7.26
1314,8.4781
1315,6.9131
1316,8.1714
1317,7.3165
1318,7.6634
1319,7.9752
1320,8.1429
1321,7.8609
1322,7.7262
1323,5.7878
1324,5.9532
1325,5.5278
1326,7.6634
1327,7.4641
1328,8.6488
1329,7.8374
1330,8.2743
1331,8.9932
1332,8.2401
1333,7.7838
1334,7.3882
1335,7.8277
1336,8.6149
1337,7.5312
1338,9.5093
1339,9.4705
1340,9.2203
1341,8.0676
1342,7.2839
1343,7.3602
1344,7.3602
1345,7.7063
1346,8.6617
1347,6.7575
1348,7.7021
1349,7.322
1350,7.3602
1351,7.0992
1352,7.5014
1353,7.9889
1354,8.1232
1355,8.8194
1356,8.0714
1357,8.6266
1358,7.7435
1359,7.5746
1360,6.8822
1361,7.7063
1362,7.3805
1363,7.7064
1364,7.3404
1365,6.7831
1366,7.1859
1367,7.9131
1368,7.1539
1369,8.3663
1370,7.7838
1371,7.817
1372,8.266
1373,7.3865
1374,7.5862
1375,7.0533
1376,8.751
1377,8.9023
1378,7.5091
1379,9.4417
1380,7.0509
1381,7.1252
1382,7.6198
1383,7.3697
1384,7.538
1385,7.3278
1386,6.8682
1387,8.97
1388,5.1384
1389,7.3571
1390,8.6014
1391,8.9525
1392,9.2602
1393,7.4945
1394,8.7044
1395,7.4501
1396,7.7403
1397,8.3169
1398,5.5936
1399,7.7838
1400,7.7673
1401,5.7285
1402,9.4667
1403,7.544
1404,6.9992
1405,7.9131
1406,7.9241
1407,8.1303
1408,8.3699
1409,8.1715
1410,7.3602
1411,8.5592
1412,7.6335
1413,7.7063
1414,8.6583
1415,8.236
1416,8.0011
1417,7.4478
1418,7.7959
1419,7.4552
1420,7.677
1421,8.5196
1422,8.5254
1423,7.8071
1424,7.7166
1425,7.2067
1426,8.1041
1427,5.6585
1428,8.5178
1429,7.3602
1430,7.4753
1431,7.6066
1432,8.4695
1433,7.6463
1434,8.831
1435,7.5835
1436,7.7271
1437,9.215
1438,8.151
1439,7.112
1440,8.5429
1441,8.1663
1442,7.186
1443,7.26
1444,6.8499
1445,7.5235
1446,5.1384
1447,7.2792
1448,8.3897
1449,7.4073
1450,7.7838
1451,8.2169
1452,6.511
1453,8.7099
1454,7.249
1455,6.9643
1456,5.9652
1457,7.4489
1458,7.8151
1459,6.4419
1460,7.7838
1461,7.1323
1462,9.8351
1463,8.9867
1464,8.0199
1465,7.4746
1466,8.5384
1467,8.1532
1468,8.2662
1469,6.7228
1470,7.1769
1471,8.6256
1472,7.921
1473,7.3949
1474,7.7541
1475,8.2141
1476,6.6667
1477,7.7735
1478,7.8134
1479,7.2922
1480,7.0183
1481,8.567
1482,7.3471
1483,7.7916
1484,8.2424
1485,7.378
1486,8.8354
1487,7.7838
1488,4.6433
1489,7.0687
1490,5.2224
1491,6.7813
1492,7.7838
1493,9.1574
1494,8.7319
1495,8.1714
1496,6.9125
1497,7.3464
1498,7.6843
1499,6.9822
1500,8.8315
1501,8.9489
1502,6.7269
1503,7.094
1504,8.6157
1505,9.1591
1506,7.7497
1507,6.2586
1508,8.3818
1509,7.5235
1510,7.7838
1511,9.0772
1512,6.1404
1513,8.8023
1514,7.7838
1515,7.1693
1516,8.5128
1517,7.26
1518,8.0206
1519,7.164
1520,4.0455
1521,6.8006
1522,8.0467
1523,7.3036
1524,5.9801
1525,7.3071
1526,6.238
1527,8.6217
1528,7.937
1529,9.3938
1530,10.0
1531,3.1911
1532,7.3602
1533,7.26
1534,7.1924
1535,8.9452
1536,8.9475
1537,9.5994
1538,8.1428
1539,7.8073
1540,7.7838
1541,7.5255
1542,8.3865
1543,8.858
1544,8.2619
1545,9.681
1546,8.9525
1547,8.4874
1548,6.003
1549,7.7197
1550,7.7838
1551,8.6705
1552,8.6485
1553,8.3405
1554,9.2149
1555,8.038
1556,5.1384
1557,7.728
1558,7.7688
1559,8.2346
1560,7.7687
1561,7.8134
1562,6.8285
1563,6.9497
1564,8.0238
1565,8.465
1566,8.1583
1567,8.2311
1568,7.5021
1569,7.6539
1570,7.3553
1571,8.7088
1572,8.9475
1573,7.7838
1574,7.9259
1575,7.3489
1576,7.1231
1577,5.7984
1578,8.8702
1579,7.3602
1580,7.7838
1581,8.2097
1582,8.0522
1583,7.6308
1584,8.284
1585,7.4615
1586,7.6945
1587,9.0649
1588,7.5235
1589,8.176
1590,7.8081
1591,7.0826
1592,7.8937
1593,7.7283
1594,7.2566
1595,6.5611
1596,7.4728
1597,6.2254
1598,7.9644
1599,5.4901
1600,8.1057
1601,8.7545
1602,8.6016
1603,5.4541
1604,6.9827
1605,6.9287
1606,7.1274
1607,7.7838
1608,5.7285
1609,7.875
1610,9.162
1611,8.1057
1612,7.7954
1613,8.0436
1614,9.1571
1615,9.2729
1616,7.659
1617,7.5062
1618,7.3625
1619,8.2786
1620,9.3639
1621,7.3102
1622,8.1177
1623,8.4748
1624,5.7849
1625,7.7683
1626,7.7838
1627,7.6692
1628,8.1714
1629,7.5677
1630,7.4391
1631,7.6693
1632,8.1689
1633,7.4198
1634,9.8123
1635,8.0625
1636,8.2526
1637,9.5821
1638,8.2801
1639,9.0291
1640,7.3786
1641,7.3602
1642,6.7535
1643,7.3602
1644,9.1572
1645,8.1878
1646,7.7379
1647,6.3696
1648,7.8533
1649,8.8401
1650,7.6971
1651,7.3602
1652,7.9335
1653,7.8144
1654,7.466
1655,6.7066
1656,7.886
1657,8.5505
1658,7.2339
1659,7.9038
1660,7.7838
1661,8.3018
1662,7.7683
1663,7.3398
1664,7.7935
1665,7.378
1666,9.6188
1667,8.8506
1668,9.2881
1669,7.6293
1670,6.5495
1671,9.0229
1672,6.3132
1673,8.2884
1674,7.2684
1675,7.8674
1676,4.7591
1677,7.1893
1678,8.0495
1679,7.2653
1680,8.5124
1681,7.3602
1682,8.409
1683,7.7805
1684,7.7838
1685,5.7285
1686,7.4707
1687,7.898
1688,7.8265
1689,7.0377
1690,7.0766
1691,6.2573
1692,6.9912
1693,7.3184
1694,7.7838
1695,7.4919
1696,7.8997
1697,8.7717
1698,4.7766
1699,6.0097
1700,7.5558
1701,8.3694
1702,7.812
1703,7.7711
1704,8.5191
1705,7.6741
1706,5.7423
1707,8.9525
1708,8.9589
1709,8.7509
1710,7.7185
1711,6.8771
1712,8.3718
1713,8.4043
1714,7.9886
1715,7.7838
1716,8.6047
1717,7.244
1718,8.007
1719,9.2373
1720,8.5736
1721,7.8732
1722,7.1558
1723,7.4329
1724,5.943
1725,7.6487
1726,8.6455
1727,9.4784
1728,7.3602
1729,7.7683
1730,7.8562
1731,5.6378
1732,6.9841
1733,7.2185
1734,7.1316
1735,5.2217
1736,8.9525
1737,8.3939
1738,7.9861
1739,5.1899
1740,7.6491
1741,6.9211
1742,7.533
1743,7.9031
1744,7.6939
1745,7.243
1746,7.7838
1747,8.8831
1748,6.6212
1749,6.5827
1750,8.433
1751,8.1621
1752,7.3602
1753,6.3832
1754,7.8994
1755,7.5989
1756,8.2206
1757,8.8975
1758,7.1121
1759,7.0428
1760,7.7063
1761,7.9639
1762,6.7004
1763,9.3291
1764,8.4451
1765,7.7838
1766,8.0147
1767,7.1045
1768,9.5784
1769,7.758
1770,7.8937
1771,5.4369
1772,8.2588
1773,7.5989
1774,7.8174
1775,7.8964
1776,6.4268
1777,7.0891
1778,8.1263
1779,9.0764
1780,9.9348
1781,7.5235
1782,8.5332
1783,7.3942
1784,7.6925
1785,7.1419
1786,7.1532
1787,7.5235
1788,8.397
1789,8.5154
1790,5.651
1791,7.1502
1792,7.8728
1793,8.1283
1794,8.3736
1795,7.1398
1796,7.949
1797,8.8709
1798,7.902
1799,7.8546
1800,9.344
1801,8.1974
1802,7.3602
1803,8.1215
1804,7.8547
1805,5.7285
1806,9.3637
1807,7.8119
1808,6.5824
1809,7.3713
1810,7.3117
1811,9.4133
1812,7.4263
1813,7.3365
1814,7.2892
1815,8.9525
1816,6.8072
1817,7.1634
1818,8.2148
1819,8.2154
1820,8.9926
1821,8.2209
1822,8.0206
1823,7.2878
1824,8.0012
1825,7.3602
1826,9.2559
1827,7.57
1828,8.2479
1829,7.7838
1830,5.1306
1831,7.5786
1832,7.7227
1833,8.0408
1834,7.4568
1835,8.9281
1836,7.4557
1837,8.032
1838,6.4982
1839,4.9523
1840,8.648
1841,8.5279
1842,7.7835
1843,6.4031
1844,8.2424
1845,6.0312
1846,7.9689
1847,8.2751
1848,7.7838
1849,6.8872
1850,7.3602
1851,7.3927
1852,7.3602
1853,7.9515
1854,8.4219
1855,4.9301
1856,8.1378
1857,6.6152
1858,6.8311
1859,6.7129
1860,7.7838
1861,8.2027
1862,8.61
1863,8.0926
1864,6.4996
1865,7.2309
1866,7.5047
1867,8.1171
1868,6.8289
1869,7.2458
1870,5.6652
1871,8.9525
1872,7.2789
1873,7.8266
1874,7.7838
1875,7.6692
1876,8.6854
1877,8.1936
1878,7.7495
1879,6.6659
1880,7.7838
1881,8.9452
1882,7.2539
1883,5.7279
1884,4.6709
1885,10.0
1886,7.6775
1887,7.4833
1888,6.7851
1889,8.4508
1890,9.3919
1891,7.5222
1892,7.5804
1893,8.0854
1894,7.7578
1895,7.3188
1896,7.7278
1897,7.4753
1898,7.2372
1899,8.7528
1900,8.1812
1901,7.1936
1902,9.0229
1903,7.2478
1904,6.3877
1905,7.3209
1906,7.7838
1907,7.1153
1908,7.9365
1909,8.0458
1910,7.0154
1911,8.0663
1912,8.328
1913,7.8505
1914,7.9705
1915,8.013
1916,7.5354
1917,7.4447
1918,8.0752
1919,7.6583
1920,7.5585
1921,8.4476
1922,7.5235
1923,8.4084
1924,7.7216
1925,7.5374
1926,8.9452
1927,8.3082
1928,8.2086
1929,9.2149
1930,6.107
1931,7.143
1932,6.0894
1933,8.5843
1934,7.2795
1935,6.8823
1936,7.7358
1937,6.997
1938,6.3986
1939,8.0321
1940,6.9211
1941,8.7689
1942,6.3144
1943,8.2655
1944,8.1919
1945,7.9513
1946,7.7838
1947,8.4736
1948,9.3063
1949,7.6045
1950,7.6689
1951,7.2937
1952,7.7878
1953,8.7664
1954,7.7577
1955,7.7764
1956,7.4501
1957,8.5203
1958,7.6553
1959,7.3602
1960,6.4469
1961,9.3746
1962,7.714
1963,7.1909
1964,7.3602
1965,8.3736
1966,8.3068
1967,9.0797
1968,8.0989
1969,6.4146
1970,7.3602
1971,5.0031
1972,5.8494
1973,8.0294
1974,7.4344
1975,7.4189
1976,6.5728
1977,8.9926
1978,9.3121
1979,8.7157
1980,8.9525
1981,7.3781
1982,5.1384
1983,9.5115
1984,7.7788
1985,7.7782
1986,5.1384
1987,7.5763
1988,6.0217
1989,8.9912
1990,5.1384
1991,8.5085
1992,7.8891
1993,7.7557
1994,7.0342
1995,9.3214
1996,9.2747
1997,8.6241
1998,7.007
1999,9.2869
2000,9.7019
2001,8.6588
2002,7.9109
2003,6.1225
2004,7.8322
2005,5.7767
2006,7.8081
2007,7.2203
2008,8.4868
2009,7.6308
2010,8.1008
2011,7.9587
2012,7.8952
2013,5.6585
2014,7.3602
2015,7.7771
2016,9.0188
2017,7.7838
2018,5.2842
2019,7.3318
2020,7.4221
2021,7.7108
2022,8.1845
2023,7.0886
2024,6.139
2025,7.9026
2026,8.1509
2027,8.836
2028,6.1895
2029,6.0901
2030,7.6396
2031,7.4544
2032,7.7683
2033,7.0335
2034,8.2955
2035,6.139
2036,7.8521
2037,7.7838
2038,5.8557
2039,7.975
2040,7.909
2041,8.1312
2042,9.0265
2043,5.9535
2044,9.4012
2045,7.1307
2046,8.3898
2047,8.6502
2048,7.7687
2049,8.997
2050,6.6645
2051,7.514
2052,7.3794
2053,8.645
2054,7.0389
2055,7.9515
2056,7.2736
2057,5.4541
2058,9.3041
2059,7.0364
2060,6.9632
2061,8.3658
2062,8.6234
2063,8.2859
2064,7.7232
2065,9.2598
2066,6.7594
2067,8.66
2068,7.2215
2069,9.7433
2070,8.1049
2071,6.1849
2072,8.4085
2073,7.7111
2074,8.1334
2075,7.2156
2076,7.8355
2077,8.7953
2078,9.4846
2079,7.6136
2080,7.9774
2081,7.2885
2082,7.6393
2083,7.2052
2084,10.0
2085,7.5129
2086,7.6311
2087,8.6209
2088,6.7798
2089,5.4369
2090,8.748
2091,7.5616
2092,7.7838
2093,7.37
2094,7.8121
2095,9.7083
2096,8.6895
2097,7.9674
2098,7.3602
2099,8.6526
2100,6.7897
2101,7.9926
2102,8.8981
2103,9.2696
2104,9.3944
2105,7.6518
2106,8.1611
2107,7.1297
2108,9.4868
2109,8.6976
2110,9.0133
2111,7.6577
2112,9.3214
2113,7.7486
2114,6.5248
2115,6.9841
2116,7.8972
2117,8.166
2118,7.477
2119,8.4536
2120,7.7838
2121,7.7757
2122,7.795
2123,7.7838
2124,7.5038
2125,8.9525
2126,6.1381
2127,7.1344
2128,7.8619
2129,7.3635
2130,7.3567
2131,7.0856
2132,8.9525
2133,9.2814
2134,7.2891
2135,7.66
2136,7.5219
2137,7.0104
2138,7.7838
2139,7.552
2140,6.8408
2141,8.9022
2142,8.73
2143,6.379
2144,7.5653
2145,7.3602
2146,8.9525
2147,8.0955
2148,7.7838
2149,7.3343
2150,7.436
2151,8.9525
2152,7.7838
2153,7.8556
2154,8.3777
2155,6.2647
2156,8.3405
2157,9.2889
2158,9.2252
2159,8.1301
2160,7.7704
2161,7.6552
2162,6.6457
2163,9.2546
2164,7.8285
2165,9.3411
2166,8.5906
2167,7.9175
2168,8.2257
2169,7.2655
2170,7.459
2171,8.1704
2172,7.4632
2173,6.3468
2174,7.1096
2175,5.1485
2176,7.9991
2177,6.9029
2178,7.5302
2179,7.537
2180,6.9327
2181,7.0758
2182,8.5296
2183,7.5949
2184,7.3602
2185,7.7819
2186,8.3148
2187,6.9307
2188,9.0306
2189,8.2538
2190,7.1769
2191,8.9525
2192,4.9174
2193,5.881
2194,7.7735
2195,5.1448
2196,7.3602
2197,9.5424
2198,8.7306
2199,6.8881
2200,7.0383
2201,7.7838
2202,6.2583
2203,7.6692
2204,6.499
2205,7.7742
2206,5.1384
2207,8.3784
2208,7.7521
2209,7.5978
2210,7.7838
2211,8.4559
2212,8.1091
2213,8.9452
2214,5.1384
2215,6.8147
2216,7.1196
2217,7.7838
2218,8.1393
2219,7.714
2220,7.35
2221,7.191
2222,9.8086
2223,7.9336
2224,5.5018
2225,8.3795
2226,7.226
2227,6.4021
2228,5.7436
2229,6.9016
2230,7.402
2231,7.3099
2232,8.4724
2233,7.3128
2234,7.6441
2235,6.4856
2236,7.7154
2237,7.7608
2238,9.8476
2239,7.6894
2240,5.7285
2241,9.432
2242,8.1997
2243,8.9361
2244,7.0691
2245,6.9032
2246,6.7403
2247,8.9525
2248,7.8514
2249,5.6866
2250,6.4021
2251,7.5527
2252,6.4104
2253,7.7838
2254,8.9525
2255,8.2424
2256,7.4036
2257,9.6591
2258,9.4421
2259,8.3536
2260,8.398
2261,5.9718
2262,6.832
2263,5.1384
2264,8.9525
2265,8.7278
2266,7.7624
2267,7.1859
2268,6.7358
2269,7.5235
2270,7.7063
2271,6.914
2272,7.1076
2273,5.4861
2274,7.3658
2275,9.125
2276,8.1274
2277,7.8601
2278,7.1078
2279,7.3769
2280,7.3748
2281,7.4412
2282,8.3736
2283,8.3266
2284,7.3297
2285,5.7878
2286,7.7838
2287,7.5785
2288,7.7165
2289,8.4988
2290,6.9134
2291,7.9616
2292,6.9751
2293,7.1769
2294,7.7838
2295,7.7838
2296,7.7063
2297,8.5777
2298,8.3095
2299,7.5908
2300,9.4214
2301,7.023
2302,6.8405
2303,8.9525
2304,7.2526
2305,8.1438
2306,7.2337
2307,6.577
2308,8.7612
2309,6.2583
2310,7.1769
2311,8.7673
2312,6.3616
2313,9.0556
2314,5.2842
2315,7.5407
2316,7.094
2317,7.2612
2318,7.3431
2319,7.6046
2320,7.4449
2321,6.7948
2322,8.8331
2323,4.6148
2324,9.2955
2325,6.8028
2326,7.5443
2327,8.2722
2328,7.4246
2329,8.6678
2330,8.1916
2331,8.3852
2332,7.7838
2333,6.4829
2334,8.9452
2335,6.6421
2336,8.2241
2337,7.5701
2338,7.4108
2339,7.3602
2340,7.6053
2341,8.2466
2342,6.225
2343,8.5597
2344,7.1483
2345,7.933
2346,8.9452
2347,8.292
2348,7.49
2349,7.8761
2350,5.2201
2351,7.3983
2352,9.2958
2353,8.6462
2354,8.5807
2355,8.7885
2356,7.1885
2357,9.6591
2358,7.3569
2359,8.7392
2360,8.6098
2361,8.3413
2362,7.6062
2363,6.2657
2364,8.0918
2365,7.81
2366,6.5175
2367,8.2584
2368,7.2702
2369,8.5319
2370,7.8984
2371,6.9211
2372,8.1514
2373,8.3919
2374,8.0949
2375,8.9525
2376,5.1384
2377,7.8833
2378,7.7401
2379,7.7063
2380,5.3903
2381,5.6585
2382,7.8805
2383,6.4066
2384,7.6644
2385,7.7838
2386,7.6731
2387,6.5338
2388,7.3938
2389,7.1769
2390,7.3602
2391,7.6692
2392,7.7838
2393,7.8472
2394,8.8392
2395,7.2618
2396,8.3706
2397,5.8549
2398,7.3323
2399,5.2842
2400,7.1602
2401,7.3286
2402,7.8604
2403,7.2741
2404,7.5912
2405,6.0603
2406,7.6153
2407,5.9174
2408,8.3993
2409,5.4473
2410,9.6178
2411,6.4899
2412,8.2499
2413,6.442
2414,7.6719
2415,8.5524
2416,8.3955
2417,6.5518
2418,8.1714
2419,8.5881
2420,7.7033
2421,7.8008
2422,7.3602
2423,8.142
2424,7.8894
2425,7.3602
2426,7.2666
2427,7.459
2428,9.0755
2429,7.0616
2430,7.3135
2431,7.0696
2432,4.9174
2433,8.0397
2434,7.1485
2435,7.3132
2436,7.3487
2437,7.4502
2438,8.2277
2439,7.8105
2440,7.2339
2441,6.8473
2442,8.9525
2443,8.083
2444,7.3584
2445,8.8678
2446,7.4834
2447,7.4195
2448,7.5897
2449,7.1816
2450,7.4241
2451,6.3917
2452,8.2226
2453,8.3692
2454,8.0808
2455,6.9799
2456,8.0045
2457,7.1065
2458,6.9033
2459,6.4083
2460,7.7199
2461,7.9157
2462,7.0536
2463,7.4965
2464,7.9421
2465,7.3602
2466,7.6675
2467,7.5179
2468,7.5483
2469,8.8992
2470,9.7019
2471,7.1713
2472,6.6066
2473,5.1384
2474,8.1314
2475,7.1041
2476,7.9497
2477,7.3602
2478,8.7125
2479,7.4501
2480,5.3218
2481,7.0151
2482,7.1769
2483,7.5228
2484,5.1384
2485,8.9452
2486,6.2334
2487,7.7047
2488,8.59
2489,6.8405
2490,7.7501
2491,5.1674
2492,8.6534
2493,6.9804
2494,7.4116
2495,8.0397
2496,8.1643
2497,8.1714
2498,6.4384
2499,7.3085
2500,8.4891
2501,6.1406
2502,8.8161
2503,7.6421
2504,6.7323
2505,7.7838
2506,5.0363
2507,7.4541
2508,7.3602
2509,6.2887
2510,7.4783
2511,8.2108
2512,7.7838
2513,7.4331
2514,7.6552
2515,7.7838
2516,7.4424
2517,7.0463
2518,7.6113
2519,8.1023
2520,8.2651
2521,8.9452
2522,7.7213
2523,8.4139
2524,9.4978
2525,7.5235
2526,7.8887
2527,9.6291
2528,8.1392
2529,6.9727
2530,8.3138
2531,8.9525
2532,7.5327
2533,7.7838
2534,7.5645
2535,8.2872
2536,8.5365
2537,8.9525
2538,7.2658
2539,7.5973
2540,7.8905
2541,7.7838
2542,7.4707
2543,9.1971
2544,9.1072
2545,6.4267
2546,9.2373
2547,8.8723
2548,5.1384
2549,7.1146
2550,7.7965
2551,8.9525
2552,8.6722
2553,5.1384
2554,9.0991
2555,7.7798
2556,7.5483
2557,6.7495
2558,8.2014
2559,9.1301
2560,8.5296
2561,7.1654
2562,7.6659
2563,7.8071
2564,6.724
2565,6.1886
2566,8.9525
2567,7.3602
2568,7.7296
2569,7.3602
2570,8.8438
2571,7.5235
2572,8.2577
2573,8.937
2574,7.5987
2575,7.4133
2576,7.247
2577,6.7089
2578,7.5271
2579,8.874
2580,8.5728
2581,7.5826
2582,8.4894
2583,7.063
2584,7.6324
2585,7.1323
2586,7.9706
2587,8.801
2588,8.7354
2589,8.9525
2590,6.2138
2591,7.5235
2592,8.4102
2593,8.4918
2594,7.6021
2595,7.5035
2596,8.1714
2597,7.7558
2598,7.3075
2599,6.7746
2600,6.2678
2601,7.7838
2602,8.1579
2603,6.1659
2604,7.7838
2605,8.9885
2606,7.9309
2607,8.3731
2608,5.5637
2609,7.7838
2610,8.3748
2611,7.5318
2612,7.3602
2613,8.9525
2614,7.7602
2615,7.3602
2616,5.7647
2617,10.0
2618,7.5219
2619,8.7016
2620,7.7535
2621,7.9783
2622,8.0971
2623,8.0
2624,6.8976
2625,8.1842
2626,7.5741
2627,7.5466
2628,7.9175
2629,7.4221
2630,7.781
2631,7.2662
2632,8.5296
2633,5.1384
2634,6.9161
2635,7.6447
2636,7.6974
2637,8.4213
2638,8.6333
2639,8.3242
2640,6.2866
2641,7.0844
2642,8.7091
2643,7.8837
2644,7.3602
2645,4.8047
2646,9.0749
2647,9.4965
2648,8.9525
2649,8.7322
2650,7.3602
2651,5.2842
2652,5.1384
2653,7.6877
2654,8.0199
2655,7.2581
2656,7.7838
2657,8.7096
2658,7.2433
2659,7.7838
2660,5.9426
2661,6.8675
2662,9.1663
2663,7.6396
2664,8.8045
2665,8.3124
2666,6.6232
2667,8.4759
2668,7.9027
2669,6.8282
2670,7.7838
2671,7.3602
2672,6.4673
2673,6.4993
2674,6.7402
2675,7.7616
2676,9.2119
2677,7.6195
2678,7.9102
2679,8.267
2680,8.6266
2681,7.7838
2682,7.7222
2683,5.7285
2684,7.2842
2685,7.8394
2686,8.731
2687,7.26
2688,8.9525
2689,7.8871
2690,7.7693
2691,9.363
2692,7.7838
2693,8.9525
2694,7.5526
2695,8.3091
2696,8.1494
2697,7.7973
2698,8.159
2699,8.17
2700,8.4785
2701,7.9491
2702,7.9744
2703,6.9108
2704,9.7363
2705,8.5364
2706,8.9452
2707,7.226
2708,8.0192
2709,8.4724
2710,7.4634
2711,8.1304
2712,7.3865
2713,8.0398
2714,8.6178
2715,9.1629
2716,7.7711
2717,8.8166
2718,7.873
2719,8.6483
2720,7.7008
2721,7.0233
2722,8.1354
2723,8.1517
2724,7.8924
2725,5.7079
2726,7.5417
2727,7.8134
2728,8.2138
2729,8.9525
2730,7.4225
2731,8.0441
2732,7.0352
2733,8.0817
2734,7.8761
2735,9.7561
2736,9.1796
2737,9.2304
2738,9.0018
2739,6.0915
2740,6.776
2741,9.3646
2742,8.6652
2743,7.6483
2744,8.3792
2745,6.3432
2746,7.3144
2747,6.9488
2748,7.8562
2749,8.8937
2750,7.8999
2751,6.9222
2752,8.2762
2753,9.1334
2754,8.659
2755,8.3511
2756,8.4724
2757,7.9924
2758,7.6385
2759,7.8564
2760,6.238
2761,7.5235
2762,7.5986
2763,7.3602
2764,7.5536
2765,6.0462
2766,5.8621
2767,7.9684
2768,8.457
2769,7.7838
2770,9.0365
2771,7.8233
2772,8.9525
2773,5.7285
2774,8.1536
2775,8.2391
2776,7.3602
2777,9.1318
2778,7.424
2779,7.9682
2780,7.5625
2781,7.4634
2782,7.8196
2783,8.6564
2784,4.157
2785,6.1775
2786,4.3737
2787,8.5429
2788,7.1704
2789,5.9135
2790,7.1066
2791,7.5516
2792,7.0055
2793,8.6124
2794,5.7681
2795,7.8937
2796,7.8807
2797,7.7444
2798,6.5549
2799,7.1172
2800,8.3927
2801,7.0897
2802,8.6954
2803,7.2033
2804,8.1692
2805,7.1659
2806,6.8863
2807,8.964
2808,7.1281
2809,7.7721
2810,7.2784
2811,7.4593
2812,7.7694
2813,3.6926
2814,6.1389
2815,7.8072
2816,6.6847
2817,7.3602
2818,8.0321
2819,8.6204
2820,7.0003
2821,7.8322
2822,6.6045
2823,8.6149
2824,7.3602
2825,6.5568
2826,7.7838
2827,8.8645
2828,8.551
2829,9.1803
2830,7.9927
2831,7.6925
2832,8.214
2833,8.0007
2834,7.7935
2835,9.2745
2836,6.8694
2837,7.8081
2838,8.9452
2839,7.7838
2840,7.4551
2841,7.4162
2842,7.1078
2843,8.9442
2844,5.4779
2845,8.9981
2846,7.7911
2847,8.4196
2848,7.9693
2849,7.0444
2850,7.1368
2851,7.3602
2852,6.7862
2853,8.3881
2854,8.2992
2855,7.8634
2856,8.5295
2857,8.6442
2858,8.2786
2859,7.5038
2860,7.7838
2861,8.6406
2862,4.7681
2863,7.0668
2864,8.1739
2865,7.6425
2866,8.7125
2867,7.8908
2868,7.9831
2869,8.284
2870,7.7838
2871,6.5318
2872,7.2471
2873,8.2552
2874,7.5241
2875,8.6169
2876,6.3468
2877,8.3727
2878,8.0304
2879,8.2443
2880,9.3226
2881,8.7409
2882,8.8998
2883,7.5889
2884,7.2672
2885,4.2599
2886,8.1946
2887,6.8212
2888,7.2903
2889,8.4274
2890,7.7838
2891,7.6698
2892,7.5422
2893,8.0426
2894,7.3465
2895,6.8703
2896,9.214
2897,6.6989
2898,6.1978
2899,8.7633
2900,6.7535
2901,8.9525
2902,5.9718
2903,8.9525
2904,8.0299
2905,7.5235
2906,7.8491
2907,8.0912
2908,7.5408
2909,7.8869
2910,7.7489
2911,7.6079
2912,8.3775
2913,7.5667
2914,7.2147
2915,7.337
2916,8.3511
2917,7.4831
2918,7.7683
2919,8.6969
2920,7.0582
2921,8.0
2922,8.5744
2923,9.1763
2924,7.9114
2925,8.7091
2926,8.9285
2927,8.1186
2928,8.5307
2929,6.776
2930,7.7838
2931,7.3602
2932,6.187
2933,7.3443
2934,7.3602
2935,5.7285
2936,7.7838
2937,5.2842
2938,8.0679
2939,6.5629
2940,7.4887
2941,6.43
2942,8.5105
2943,8.0208
2944,8.5443
2945,7.5319
2946,6.6708
2947,7.7279
2948,7.5076
2949,8.9995
2950,8.2824
2951,5.7285
2952,7.4354
2953,7.109
2954,8.7114
2955,8.2328
2956,8.9452
2957,8.9525
2958,8.0531
2959,6.5657
2960,7.3891
2961,8.9525
2962,7.8402
2963,7.2521
2964,6.8407
2965,7.675
2966,7.3602
2967,7.9065
2968,7.1108
2969,6.0384
2970,6.2561
2971,7.8134
2972,7.7854
2973,8.8109
2974,7.4257
2975,7.6393
2976,7.8256
2977,6.3949
2978,6.2657
2979,7.1453
2980,8.1301
2981,7.2214
2982,8.0234
2983,6.0719
2984,6.4469
2985,7.5353
2986,7.7987
2987,9.3221
2988,8.6066
2989,7.8081
2990,7.7223
2991,9.2153
2992,7.7321
2993,7.9991
2994,7.2184
2995,8.333
2996,7.3604
2997,9.5031
2998,8.9452
2999,8.1466
3000,8.0444
3001,6.3885
3002,8.309
3003,7.6057
3004,8.6705
3005,7.2322
3006,9.2582
3007,6.5345
3008,7.9988
3009,9.4607
3010,6.4475
3011,5.9698
3012,8.2424
3013,8.9525
3014,8.6098
3015,7.7838
3016,7.8134
3017,7.1168
3018,7.6335
3019,8.2362
3020,6.8833
3021,8.2163
3022,7.7838
3023,7.5235
3024,8.6388
3025,7.7213
3026,7.4283
3027,7.353
3028,7.84
3029,6.6863
3030,6.8144
3031,8.9525
3032,7.7838
3033,7.057
3034,6.9211
3035,8.9525
3036,7.6665
3037,7.3346
3038,7.5219
3039,8.9525
3040,7.4783
3041,7.9972
3042,8.6439
3043,7.3351
3044,7.4332
3045,7.6066
3046,8.9525
3047,5.1384
3048,6.6241
3049,7.9012
3050,9.3214
3051,7.3837
3052,7.4794
3053,7.4753
3054,8.253
3055,8.55
3056,7.5837
3057,7.0605
3058,7.4795
3059,8.3381
3060,7.3925
3061,8.8834
3062,8.5182
3063,7.9307
3064,7.1221
3065,8.5468
3066,5.2533
3067,7.42
3068,7.7838
3069,8.1591
3070,7.8073
3071,7.8494
3072,7.1759
3073,6.9411
3074,7.5872
3075,7.5215
3076,7.2541
3077,8.7091
3078,7.8943
3079,7.3602
3080,8.7704
3081,8.0181
3082,9.5287
3083,7.4856
3084,5.8141
3085,6.3146
3086,8.0364
3087,7.5922
3088,8.109
3089,7.8768
3090,6.5629
3091,7.6066
3092,7.9187
3093,7.1323
3094,7.3602
3095,7.9113
3096,7.8294
3097,8.6217
3098,8.2105
3099,7.3602
3100,7.3911
3101,7.9404
3102,9.2602
3103,9.0938
3104,6.9847
3105,7.7186
3106,6.9633
3107,6.4965
3108,7.8531
3109,8.0098
3110,6.5465
3111,8.5781
3112,6.4997
3113,8.1429
3114,7.3809
3115,7.5242
3116,9.6591
3117,6.8763
3118,7.7001
3119,6.814
3120,8.2074
3121,8.194
3122,7.735
3123,6.703
3124,9.3732
3125,8.4932
3126,7.677
3127,5.6706
3128,7.179
3129,8.1714
3130,6.4301
3131,8.9525
3132,8.17
3133,8.2434
3134,7.7869
3135,7.1814
3136,7.3399
3137,6.2341
3138,6.7258
3139,7.8631
3140,6.3487
3141,7.3602
3142,9.2787
3143,9.6591
3144,6.2242
3145,7.2573
3146,8.2386
3147,9.2236
3148,6.9762
3149,7.0216
3150,7.9926
3151,8.7091
3152,8.3006
3153,6.4469
3154,7.0497
3155,8.9452
3156,7.1512
3157,7.8618
3158,8.2421
3159,9.8785
3160,7.7838
3161,6.4381
3162,6.7925
3163,5.6979
3164,7.6416
3165,5.3095
3166,7.8254
3167,7.893
3168,7.5603
3169,5.9713
3170,8.771
3171,7.26
3172,7.1549
3173,7.3937
3174,8.3242
3175,8.9525
3176,6.7304
3177,8.9525
3178,7.7838
3179,6.4482
3180,7.1238
3181,8.1997
3182,7.4769
3183,8.9525
3184,5.9718
3185,8.0343
3186,7.1868
3187,7.5256
3188,7.5235
3189,8.1859
3190,7.1364
3191,7.9032
3192,7.5898
3193,7.4584
3194,6.9309
3195,9.0642
3196,7.4739
3197,7.2885
3198,7.6373
3199,7.5328
3200,9.0806
3201,8.9128
3202,7.5219
3203,7.7838
3204,8.1189
3205,5.5844
3206,7.9912
3207,7.3918
3208,8.427
3209,8.3953
3210,6.8103
3211,7.743
3212,7.1095
3213,8.7054
3214,7.1319
3215,8.2526
3216,8.4
3217,7.4502
3218,8.6571
3219,9.7438
3220,7.9311
3221,7.7838
3222,8.3174
3223,7.1769
3224,8.3861
3225,7.4476
3226,7.4319
3227,8.2837
3228,8.1714
3229,6.6725
3230,6.6568
3231,7.9376
3232,6.9001
3233,8.2747
3234,8.9922
3235,7.2266
3236,9.0002
3237,7.3602
3238,7.8626
3239,6.8763
3240,6.3468
3241,7.7867
3242,8.9525
3243,6.3924
3244,7.26
3245,6.1138
3246,6.8226
3247,6.5513
3248,8.3416
3249,6.9938
3250,7.7973
3251,6.2895
3252,7.1015
3253,8.0629
3254,8.9452
3255,7.26
3256,7.6978
3257,8.8625
3258,7.8157
3259,6.9841
3260,7.7838
3261,7.3511
3262,7.4965
3263,7.0777
3264,8.9525
3265,7.1367
3266,8.1714
3267,7.7838
3268,7.7939
3269,6.7444
3270,6.6701
3271,7.4726
3272,7.3602
3273,7.0984
3274,9.5173
3275,7.7838
3276,7.8387
3277,7.8683
3278,7.8761
3279,7.7838
3280,9.3283
3281,8.5209
3282,7.493
3283,8.255
3284,5.1384
3285,6.7372
3286,6.7965
3287,8.1425
3288,8.9452
3289,6.9831
3290,8.1036
3291,7.4009
3292,8.9525
3293,8.7794
3294,6.3364
3295,7.7536
3296,7.7104
3297,8.2672
3298,8.9503
3299,8.7953
3300,7.5674
3301,6.3
3302,7.5647
3303,8.4788
3304,8.6439
3305,7.7731
3306,8.1411
3307,8.5123
3308,6.888
3309,8.7473
3310,7.7838
3311,8.7091
3312,7.1641
3313,8.7755
3314,8.0462
3315,7.26
3316,7.5858
3317,9.0853
3318,8.3099
3319,7.1763
3320,7.3132
3321,8.9887
3322,8.3792
3323,7.7838
3324,8.9525
3325,7.1285
3326,7.4635
3327,7.7682
3328,8.5076
3329,8.9525
3330,5.927
3331,7.049
3332,8.3068
3333,8.1347
3334,7.5235
3335,9.6471
3336,8.116
3337,7.331
3338,7.079
3339,6.7623
3340,7.9092
3341,7.1528
3342,8.1257
3343,6.3765
3344,7.7683
3345,5.2842
3346,5.793
3347,8.5551
3348,7.1323
3349,7.5235
3350,7.7838
3351,8.934
3352,6.9211
3353,8.151
3354,8.0551
3355,7.097
3356,7.5508
3357,8.138
3358,7.4901
3359,7.8587
3360,8.9452
3361,4.9414
3362,6.7983
3363,7.7838
3364,8.6016
3365,8.7417
3366,8.776
3367,6.2385
3368,6.8408
3369,6.7818
3370,8.3865
3371,7.6542
3372,8.2068
3373,7.1254
3374,10.0
3375,7.971
3376,7.8243
3377,7.0701
3378,6.9789
3379,8.1057
3380,9.2855
3381,8.2828
3382,7.6619
3383,8.9525
3384,7.0154
3385,5.7785
3386,7.7519
3387,8.095
3388,7.5235
3389,7.26
3390,8.5794
3391,6.9619
3392,7.3349
3393,8.3776
3394,7.7178
3395,8.9525
3396,8.7574
3397,8.4493
3398,8.6857
3399,5.1384
3400,7.3935
3401,8.5392
3402,8.6061
3403,7.8571
3404,8.0188
3405,7.4638
3406,9.3372
3407,6.5235
3408,7.2257
3409,7.7819
3410,8.9525
3411,7.4827
3412,7.7387
3413,7.9112
3414,7.7729
3415,7.0237
3416,7.768
3417,8.6679
3418,7.1859
3419,8.8315
3420,7.8419
3421,6.4737
3422,7.7109
3423,7.5786
3424,8.1714
3425,9.2122
3426,8.5757
3427,5.5854
3428,8.9525
3429,8.8953
3430,5.2394
3431,8.4118
3432,8.3128
3433,7.6442
3434,8.252
3435,8.9759
3436,9.3857
3437,7.024
3438,6.9323
3439,7.7838
3440,6.488
3441,7.5675
3442,6.2586
3443,9.0055
3444,7.8902
3445,9.5153
3446,8.668
3447,7.8111
3448,8.2139
3449,6.6922
3450,8.6148
3451,8.1095
3452,9.1404
3453,6.7128
3454,9.146
3455,7.4043
3456,8.3581
3457,8.1626
3458,5.573
3459,8.3128
3460,7.8761
3461,7.5605
3462,8.3242
3463,8.8583
3464,7.4685
3465,6.9306
3466,6.983
3467,8.0968
3468,7.6745
3469,7.7521
3470,6.2582
3471,7.9699
3472,7.6692
3473,8.593
3474,8.6442
3475,8.7985
3476,8.0424
3477,6.8167
3478,7.7838
3479,7.2058
3480,7.0638
3481,9.1986
3482,7.7401
3483,9.3214
3484,4.6428
3485,8.9926
3486,7.9776
3487,6.8781
3488,8.3641
3489,6.6404
3490,7.3242
3491,6.4965
3492,7.5755
3493,8.7044
3494,9.3214
3495,8.3374
3496,5.867
3497,7.3921
3498,9.2284
3499,7.7838
3500,6.5244
3501,6.8888
3502,8.8676
3503,7.4501
3504,7.6168
3505,8.4426
3506,5.1384
3507,7.4676
3508,7.5812
3509,8.9452
3510,7.3602
3511,7.4807
3512,8.0764
3513,7.7838
3514,5.3809
3515,7.2371
3516,7.9036
3517,6.7078
3518,7.5475
3519,7.8384
3520,7.5117
3521,9.0456
3522,8.3632
3523,8.207
3524,7.7838
3525,7.7983
3526,6.4021
3527,6.2076
3528,6.6897
3529,6.305
3530,8.9525
3531,9.2851
3532,7.2361
3533,7.3436
3534,8.0818
3535,8.0666
3536,8.2224
3537,7.3069
3538,8.5282
3539,9.1499
3540,9.2332
3541,8.4259
3542,9.4409
3543,7.0705
3544,8.0986
3545,7.4851
3546,5.901
3547,7.0673
3548,7.0632
3549,8.9525
3550,7.0559
3551,7.8062
3552,6.8705
3553,5.1384
3554,7.5235
3555,6.7829
3556,5.4699
3557,7.7939
3558,9.3149
3559,8.1346
3560,8.9525
3561,7.0966
3562,7.762
3563,7.5633
3564,9.1057
3565,7.014
3566,6.873
3567,7.7671
3568,6.3889
3569,7.5343
3570,7.694
3571,7.0426
3572,7.54
3573,7.331
3574,6.6755
3575,5.6568
3576,7.3184
3577,9.2254
3578,7.201
3579,8.1131
3580,6.9143
3581,8.9855
3582,7.9432
3583,7.522
3584,8.1057
3585,8.9525
3586,7.3602
3587,7.9623
3588,7.5583
3589,8.7628
3590,8.8627
3591,8.9525
3592,8.5806
3593,5.1384
3594,6.8763
3595,8.8713
3596,8.6319
3597,7.3871
3598,7.1859
3599,7.7832
3600,8.9525
3601,7.2005
3602,7.4568
3603,5.7999
3604,9.3938
3605,7.8101
3606,7.1045
3607,7.1682
3608,7.9831
3609,6.911
3610,8.8738
3611,7.0375
3612,8.3107
3613,7.3487
3614,7.5487
3615,8.1714
3616,5.6585
3617,7.6248
3618,9.5609
3619,6.8602
3620,7.6205
3621,7.9888
3622,5.9323
3623,5.4522
3624,7.2774
3625,6.2259
3626,6.497
3627,8.9525
3628,6.4387
3629,8.4026
3630,7.9578
3631,8.4045
3632,5.9803
3633,8.9926
3634,7.1881
3635,7.0869
3636,5.3288
3637,7.6772
3638,7.7956
3639,7.8416
3640,8.0615
3641,8.9452
3642,7.5672
3643,8.0327
3644,9.2497
3645,7.7838
3646,6.8687
3647,6.4973
3648,6.8133
3649,4.9476
3650,7.4041
3651,8.5104
3652,8.9525
3653,6.5902
3654,7.6077
3655,8.1545
3656,8.2165
3657,9.1567
3658,7.7838
3659,7.8702
3660,8.3746
3661,7.2283
3662,9.1732
3663,8.9685
3664,7.4894
3665,7.7838
3666,7.5321
3667,8.1381
3668,8.1453
3669,10.0
3670,7.506
3671,8.9525
3672,7.1769
3673,7.955
3674,6.2084
3675,8.4895
3676,7.9288
3677,5.7983
3678,7.3712
3679,6.9395
3680,7.4794
3681,9.1406
3682,7.2272
3683,6.1712
3684,7.963
3685,8.1368
3686,7.09
3687,7.3487
3688,7.8142
3689,7.7609
3690,8.9525
3691,7.7058
3692,7.5096
3693,8.5675
3694,6.9644
3695,8.8332
3696,7.7838
3697,7.26
3698,8.6586
3699,8.1836
3700,8.2121
3701,5.4497
3702,8.9452
3703,6.2254
3704,6.222
3705,5.642
3706,6.7187
3707,7.2378
3708,7.7711
3709,7.2255
3710,7.6183
3711,8.5337
3712,7.3658
3713,6.7996
3714,6.743
3715,7.3779
3716,6.1789
3717,7.9955
3718,7.3894
3719,6.7594
3720,7.3265
3721,7.4449
3722,8.4784
3723,7.1277
3724,8.9525
3725,7.0906
3726,8.4822
3727,7.4535
3728,8.1033
3729,5.2435
3730,6.8468
3731,8.1714
3732,7.6541
3733,7.7838
3734,7.47
3735,6.9717
3736,6.8807
3737,7.9432
3738,7.8525
3739,6.93
3740,7.3602
3741,8.0493
3742,7.0437
3743,9.0904
3744,7.26
3745,6.7533
3746,7.112
3747,9.4398
3748,4.9174
3749,7.8219
3750,7.5235
3751,5.6285
3752,8.3806
3753,7.26
3754,7.8524
3755,8.3795
3756,7.5513
3757,8.9525
3758,7.5172
3759,9.2149
3760,8.1796
3761,8.9278
3762,8.407
3763,6.8431
3764,8.0524
3765,9.069
3766,6.0877
3767,8.2844
3768,8.3913
3769,7.6495
3770,7.7459
3771,6.116
3772,7.9939
3773,7.242
3774,8.4724
3775,8.1703
3776,7.1518
3777,8.3211
3778,7.9984
3779,8.9924
3780,7.5235
3781,8.017
3782,7.5033
3783,7.7231
3784,5.4263
3785,8.0665
3786,7.7067
3787,7.8821
3788,7.7838
3789,7.3658
3790,7.4506
3791,7.4824
3792,7.7809
3793,7.7838
3794,8.1354
3795,8.1515
3796,6.6993
3797,8.2535
3798,8.4403
3799,7.4631
3800,7.5987
3801,7.8042
3802,9.3931
3803,8.4632
3804,7.1469
3805,7.7221
3806,6.5622
3807,8.2091
3808,7.2389
3809,6.1626
3810,7.4382
3811,8.0758
3812,7.5134
3813,8.5795
3814,9.1132
3815,6.5516
3816,7.4947
3817,9.7019
3818,7.9766
3819,8.296
3820,7.5261
3821,5.1384
3822,7.6692
3823,7.4366
3824,7.3602
3825,9.2857
3826,8.9435
3827,7.2915
3828,8.3304
3829,7.7838
3830,8.9525
3831,6.9001
3832,7.5009
3833,7.26
3834,8.7038
3835,7.5866
3836,5.6419
3837,7.6149
3838,7.8123
3839,4.3737
3840,6.3468
3841,7.1645
3842,8.7445
3843,8.1014
3844,8.164
3845,7.9958
3846,6.0145
3847,9.4517
3848,7.7327
3849,7.3602
3850,8.1971
3851,7.5443
3852,8.8215
3853,7.3565
3854,7.8071
3855,7.6164
3856,8.3242
3857,6.6908
3858,8.9525
3859,7.3811
3860,9.3214
3861,7.0801
3862,7.4503
3863,7.5219
3864,6.4719
3865,7.1982
3866,6.6287
3867,7.1118
3868,7.3785
3869,5.86
3870,8.2196
3871,7.7838
3872,9.0649
3873,7.8121
3874,7.7004
3875,7.7838
3876,9.0064
3877,7.4988
3878,8.7091
3879,7.1005
3880,6.7321
3881,7.5621
3882,8.9452
3883,8.4929
3884,7.9214
3885,7.7326
3886,8.3621
3887,6.6292
3888,8.0718
3889,8.756
3890,8.0933
3891,7.5367
3892,7.9132
3893,8.9452
3894,9.3465
3895,8.0893
3896,7.6619
3897,7.5235
3898,7.5235
3899,7.0921
3900,7.8763
3901,7.2103
3902,8.0119
3903,7.8316
3904,8.4402
3905,7.3602
3906,7.2103
3907,6.7007
3908,7.8585
3909,8.0265
3910,8.0306
3911,6.8354
3912,7.4169
3913,8.477
3914,6.2068
3915,7.8533
3916,7.7504
3917,7.3927
3918,7.26
3919,5.7108
3920,5.7878
3921,9.0123
3922,7.805
3923,8.6484
3924,7.3876
3925,7.094
3926,6.6906
3927,7.9313
3928,7.178
3929,8.0716
3930,6.9682
3931,7.6345
3932,6.4666
3933,6.6893
3934,7.3602
3935,9.3214
3936,7.4218
3937,9.1972
3938,7.5105
3939,6.3997
3940,8.2726
3941,5.6585
3942,7.7938
3943,9.4673
3944,5.9417
3945,7.1133
3946,6.7332
3947,7.1485
3948,6.884
3949,7.978
3950,8.0536
3951,8.1579
3952,8.3484
3953,7.1301
3954,7.4945
3955,5.1384
3956,9.2769
3957,4.7211
3958,8.9525
3959,9.5648
3960,7.4845
3961,8.1509
3962,8.9909
3963,7.6123
3964,8.9525
3965,6.9299
3966,8.721
3967,8.719
3968,7.7862
3969,7.7683
3970,7.1501
3971,7.6676
3972,7.5892
3973,7.8976
3974,7.3602
3975,7.3666
3976,7.861
3977,7.8533
3978,5.7285
3979,8.335
3980,8.5511
3981,8.7091
3982,7.6571
3983,7.3737
3984,7.3658
3985,5.8309
3986,7.094
3987,7.7255
3988,6.3468
3989,7.0078
3990,7.3658
3991,7.6047
3992,8.505
3993,7.9389
3994,7.007
3995,7.9791
3996,7.004
3997,7.1844
3998,8.4075
3999,7.3167
4000,6.1412
4001,7.5039
4002,7.4389
4003,7.7838
4004,7.0933
4005,7.4281
4006,5.5101
4007,7.2188
4008,7.9354
4009,7.1773
4010,7.6102
4011,7.8
4012,8.4509
4013,7.9763
4014,6.6195
4015,7.875
4016,8.1714
4017,8.7091
4018,7.3602
4019,7.1323
4020,9.3541
4021,8.0123
4022,6.8163
4023,7.5399
4024,7.3584
4025,9.3826
4026,7.7616
4027,7.7838
4028,4.3737
4029,9.5061
4030,5.2177
4031,9.3214
4032,6.3971
4033,7.3391
4034,7.26
4035,7.294
4036,8.6336
4037,8.2676
4038,7.6953
4039,7.7838
4040,7.7937
4041,9.5232
4042,8.5762
4043,7.5985
4044,6.9211
4045,7.2489
4046,7.9825
4047,6.8256
4048,9.5153
4049,8.2555
4050,9.6188
4051,7.979
4052,8.7549
4053,7.3698
4054,7.2826
4055,8.1225
4056,4.5247
4057,8.6888
4058,7.6721
4059,7.1819
4060,6.4563
4061,7.3371
4062,6.6175
4063,8.2477
4064,7.3863
4065,8.0053
4066,8.9926
4067,8.3998
4068,9.2209
4069,7.7214
4070,6.9211
4071,7.7838
4072,7.8217
4073,7.4875
4074,8.3242
4075,7.9917
4076,7.9026
4077,7.3443
4078,8.6278
4079,7.4688
4080,7.3602
4081,7.9271
4082,7.5927
4083,6.3518
4084,6.9645
4085,7.9246
4086,7.4102
4087,9.8067
4088,5.7317
4089,8.9525
4090,8.1452
4091,7.1023
4092,7.6188
4093,8.1714
4094,7.8476
4095,8.2094
4096,7.6638
4097,8.9525
4098,6.4246
4099,6.9299
4100,7.9955
4101,7.7838
4102,7.7838
4103,8.4021
4104,9.5116
4105,7.7261
4106,7.8228
4107,7.8048
4108,6.0743
4109,8.0495
4110,6.5144
4111,7.4782
4112,5.2842
4113,7.3406
4114,8.5255
4115,9.0253
4116,8.2526
4117,7.8486
4118,7.2579
4119,8.5611
4120,8.9475
4121,7.7178
4122,7.1544
4123,9.3001
4124,8.8681
4125,8.1558
4126,7.4886
4127,7.908
4128,7.4516
4129,8.5867
4130,9.2497
4131,7.6342
4132,8.0971
4133,8.1172
4134,8.0569
4135,7.7838
4136,5.2924
4137,8.2388
4138,4.3737
4139,7.7117
4140,7.3602
4141,8.4743
4142,7.4703
4143,7.3998
4144,8.7369
4145,8.2693
4146,7.0792
4147,6.8674
4148,6.2509
4149,8.3242
4150,7.191
4151,7.6692
4152,7.0744
4153,7.9026
4154,5.4721
4155,8.3609
4156,8.9525
4157,8.2731
4158,8.9452
4159,6.7609
4160,7.5387
4161,5.1384
4162,8.0511
4163,5.1384
4164,8.7661
4165,7.8025
4166,8.0696
4167,7.3519
4168,8.3273
4169,8.396
4170,6.7633
4171,7.7227
4172,7.0377
4173,7.0603
4174,7.9242
4175,8.5296
4176,7.9735
4177,6.6289
4178,7.6022
4179,8.9525
4180,5.5707
4181,8.1991
4182,7.7838
4183,7.8525
4184,8.1579
4185,6.7391
4186,5.1384
4187,9.6561
4188,9.745
4189,8.1579
4190,7.7838
4191,8.4932
4192,8.6383
4193,7.7698
4194,7.7538
4195,7.7838
4196,7.8934
4197,9.0187
4198,7.4072
4199,5.1384
4200,7.3343
4201,7.3077
4202,7.1445
4203,8.7266
4204,9.7222
4205,9.1154
4206,7.7838
4207,7.4521
4208,7.5493
4209,8.2985
4210,7.3492
4211,8.9525
4212,7.2758
4213,8.7375
4214,7.5644
4215,7.2903
4216,7.7577
4217,8.1613
4218,7.2898
4219,7.7729
4220,5.7285
4221,8.8567
4222,7.3764
4223,8.9283
4224,7.9299
4225,9.1691
4226,7.7838
4227,8.1057
4228,7.2826
4229,6.9105
4230,8.0036
4231,7.5219
4232,5.1384
4233,7.8055
4234,7.3796
4235,7.24
4236,8.1351
4237,7.7502
4238,5.1899
4239,9.2687
4240,8.937
4241,7.6601
4242,7.2561
4243,8.5008
4244,8.1237
4245,9.2749
4246,7.4064
4247,6.9597
4248,7.3602
4249,8.2659
4250,7.339
4251,8.9525
4252,7.4299
4253,8.0286
4254,8.505
4255,7.2988
4256,9.2798
4257,8.5321
4258,6.133
4259,8.0629
4260,7.7838
4261,7.1859
4262,8.7603
4263,7.0789
4264,8.5037
4265,6.7979
4266,7.8844
4267,7.4982
4268,7.2678
4269,8.3978
4270,9.2233
4271,8.9525
4272,7.3463
4273,9.3397
4274,7.545
4275,8.0585
4276,8.622
4277,5.722
4278,7.7444
4279,7.6583
4280,6.8258
4281,6.7162
4282,8.505
4283,9.3426
4284,6.6008
4285,7.5855
4286,5.4966
4287,6.8375
4288,5.8249
4289,6.8744
4290,6.046
4291,7.4491
4292,7.8457
4293,8.4304
4294,6.2356
4295,6.6949
4296,8.2449
4297,6.9668
4298,8.5061
4299,7.9258
4300,6.9979
4301,6.8839
4302,6.469
4303,7.56
4304,7.7445
4305,8.6135
4306,8.9612
4307,7.7683
4308,8.9525
4309,4.4896
4310,8.0295
4311,7.438
4312,9.2318
4313,8.0826
4314,5.9521
4315,7.6301
4316,9.6687
4317,7.7838
4318,8.1992
4319,7.7838
4320,7.512
4321,6.0484
4322,8.8816
4323,7.0384
4324,7.2872
4325,10.0
4326,6.7997
4327,7.3605
4328,7.9228
4329,7.26
4330,8.7163
4331,6.8733
4332,8.3792
4333,7.9547
4334,9.4859
4335,7.6602
4336,7.509
4337,8.028
4338,7.2416
4339,7.7124
4340,6.8405
4341,7.1381
4342,7.4566
4343,7.0991
4344,8.9525
4345,6.6852
4346,8.3213
4347,7.2239
4348,8.6488
4349,7.4599
4350,9.0546
4351,6.7491
4352,8.4309
4353,6.9806
4354,8.7091
4355,7.4887
4356,9.7185
4357,5.6019
4358,7.8631
4359,6.4295
4360,7.1782
4361,7.0697
4362,7.9517
4363,8.2474
4364,6.0903
4365,5.502
4366,8.0981
4367,7.7838
4368,5.8738
4369,6.6203
4370,8.9525
4371,7.7532
4372,9.427
4373,5.7285
4374,7.7617
4375,8.1558
4376,7.4275
4377,6.5852
4378,5.5231
4379,8.5059
4380,7.4148
4381,7.6765
4382,9.6188
4383,8.3759
4384,7.8031
4385,6.8588
4386,8.2506
4387,8.1696
4388,7.9644
4389,7.1191
4390,8.0805
4391,8.8516
4392,7.0245
4393,7.586
4394,8.781
4395,7.9882
4396,8.4891
4397,7.5987
4398,6.7654
4399,8.0123
4400,7.3123
4401,8.2805
4402,9.0745
4403,7.405
4404,7.0181
4405,7.2955
4406,6.8774
4407,6.0484
4408,7.7403
4409,7.131
4410,8.1862
4411,8.0049
4412,7.9835
4413,7.7451
4414,4.3737
4415,4.7082
4416,6.4088
4417,7.2487
4418,7.7535
4419,7.7683
4420,7.6323
4421,7.8505
4422,7.6066
4423,7.7116
4424,8.513
4425,7.358
4426,7.5235
4427,7.7838
4428,7.3602
4429,8.2726
4430,7.3548
4431,6.753
4432,5.9718
4433,8.1059
4434,7.2059
4435,7.7838
4436,6.9796
4437,8.3242
4438,7.7683
4439,7.298
4440,8.4116
4441,10.0
4442,5.647
4443,8.0663
4444,6.776
4445,7.4501
4446,7.5299
4447,8.5762
4448,7.0512
4449,9.0595
4450,8.9196
4451,7.7448
4452,7.6898
4453,8.8647
4454,8.3322
4455,7.5367
4456,7.7973
4457,7.9549
4458,8.8428
4459,6.022
4460,7.9721
4461,8.7953
4462,7.2937
4463,7.7838
4464,7.7793
4465,8.6333
4466,8.3271
4467,9.0517
4468,7.8312
4469,7.7883
4470,8.3821
4471,8.0249
4472,5.7631
4473,7.7838
4474,7.2564
4475,7.5844
4476,7.2185
4477,5.9213
4478,6.4213
4479,7.5446
4480,4.2772
4481,8.9525
4482,7.4703
4483,7.4311
4484,8.5655
4485,9.4537
4486,7.4
4487,6.6879
4488,8.1431
4489,8.6209
4490,9.5346
4491,8.4411
4492,5.555
4493,8.7751
4494,5.1384
4495,7.8895
4496,7.7191
4497,8.1714
4498,9.1253
4499,8.4732
4500,6.5415
4501,5.975
4502,8.1956
4503,8.9452
4504,7.7838
4505,7.1605
4506,7.9995
4507,8.0989
4508,7.3386
4509,6.9953
4510,7.7879
4511,6.1895
4512,7.1323
4513,5.9571
4514,6.82
4515,8.7151
4516,7.5398
4517,5.1384
4518,7.8937
4519,5.8243
4520,8.115
4521,8.5605
4522,6.8354
4523,8.9285
4524,7.8352
4525,8.6434
4526,5.4121
4527,7.7838
4528,9.3042
4529,7.6565
4530,6.8935
4531,5.3128
4532,8.7549
4533,8.0316
4534,8.4368
4535,7.3078
4536,7.4619
4537,7.7216
4538,7.7813
4539,8.9113
4540,7.7467
4541,7.5235
4542,8.5296
4543,7.593
4544,6.3696
4545,9.1472
4546,7.325
4547,8.0264
4548,6.7647
4549,7.8789
4550,4.8604
4551,7.4383
4552,7.3931
4553,7.5415
4554,7.5562
4555,7.5188
4556,6.7335
4557,7.7838
4558,6.4384
4559,7.4871
4560,6.9211
4561,7.9689
4562,7.7525
4563,7.9932
4564,5.4655
4565,7.9365
4566,7.6612
4567,9.1783
4568,7.3602
4569,7.4434
4570,8.9473
4571,7.3154
4572,8.1579
4573,6.7611
4574,6.6159
4575,9.1452
4576,7.7838
4577,8.9446
4578,5.1384
4579,8.1043
4580,7.7414
4581,8.2067
4582,7.2169
4583,7.3219
4584,5.4145
4585,9.0919
4586,8.9285
4587,8.0098
4588,8.1516
4589,7.5685
4590,7.8761
4591,8.4692
4592,8.558
4593,6.8372
4594,6.7216
4595,7.8856
4596,5.984
4597,8.2871
4598,7.0821
4599,7.9777
4600,6.508
4601,7.8389
4602,8.7601
4603,8.1747
4604,9.5788
4605,8.557
4606,8.0708
4607,9.7912
4608,8.2865
4609,8.7477
4610,6.2887
4611,7.3611
4612,6.9388
4613,7.1662
4614,6.2586
4615,6.9299
4616,7.26
4617,8.9103
4618,6.3771
4619,6.3782
4620,7.9808
4621,8.1265
4622,8.9496
4623,7.3602
4624,7.0184
4625,9.0499
4626,7.3602
4627,7.3658
4628,6.3797
4629,7.971
4630,5.9445
4631,6.7734
4632,7.032
4633,7.8174
4634,5.6585
4635,6.882
4636,7.8123
4637,7.2032
4638,9.4399
4639,6.8251
4640,6.9414
4641,6.5678
4642,8.1288
4643,9.7159
4644,7.79
4645,7.4377
4646,6.8115
4647,7.3321
4648,8.577
4649,7.1222
4650,7.9767
4651,6.3616
4652,7.3822
4653,7.3349
4654,7.9868
4655,7.8415
4656,7.927
4657,7.178
4658,7.4862
4659,6.7893
4660,6.363
4661,7.8672
4662,8.3303
4663,7.2987
4664,5.1425
4665,7.5732
4666,7.681
4667,8.2594
4668,7.9324
4669,5.6335
4670,8.4219
4671,7.1824
4672,6.8512
4673,8.2635
4674,8.5296
4675,8.4412
4676,6.2255
4677,8.0981
4678,7.197
4679,7.1167
4680,7.9912
4681,5.7285
4682,7.7838
4683,7.1817
4684,7.7958
4685,6.9189
4686,8.3897
4687,7.0548
4688,8.5524
4689,7.0783
4690,8.9525
4691,7.5235
4692,9.3214
4693,7.338
4694,9.3214
4695,7.7938
4696,7.7538
4697,8.2736
4698,7.3282
4699,8.0043
4700,8.1513
4701,7.6774
4702,8.5864
4703,7.5752
4704,8.1558
4705,7.1449
4706,6.0915
4707,7.9542
4708,7.3656
4709,9.0085
4710,7.7838
4711,7.3033
4712,8.2889
4713,7.8458
4714,7.6911
4715,7.3602
4716,9.3304
4717,6.0579
4718,6.2987
4719,5.1384
4720,8.6991
4721,6.4252
4722,9.7634
4723,7.3602
4724,7.7683
4725,8.564
4726,8.5021
4727,8.1841
4728,8.0773
4729,7.1439
4730,6.9924
4731,7.1464
4732,7.7838
4733,7.8553
4734,9.3214
4735,7.5335
4736,7.7838
4737,6.1335
4738,5.4428
4739,6.6999
4740,8.0347
4741,8.9048
4742,5.4632
4743,8.9948
4744,8.2752
4745,8.284
4746,8.1524
4747,7.7838
4748,7.7838
4749,7.7833
4750,8.0852
4751,8.9525
4752,7.5235
4753,7.26
4754,7.3807
4755,5.9766
4756,8.5993
4757,8.9452
4758,6.0583
4759,8.9973
4760,7.7746
4761,7.7938
4762,7.5991
4763,7.228
4764,9.3104
4765,7.1859
4766,7.0778
4767,8.11
4768,7.2603
4769,8.4746
4770,8.9525
4771,6.4712
4772,7.0095
4773,7.26
4774,6.0755
4775,7.3152
4776,7.6336
4777,8.328
4778,8.3174
4779,6.0987
4780,8.4856
4781,7.4882
4782,7.2083
4783,7.8546
4784,7.5962
4785,8.9525
4786,9.2038
4787,7.3602
4788,8.9525
4789,8.1797
4790,7.6439
4791,7.1592
4792,7.5317
4793,7.7838
4794,8.6248
4795,7.1323
4796,7.8798
4797,7.7838
4798,8.9452
4799,7.2277
4800,7.8228
4801,9.3214
4802,6.6753
4803,5.3711
4804,8.4649
4805,8.73
4806,7.5898
4807,6.0005
4808,6.8122
4809,8.1304
4810,8.0072
4811,8.3897
4812,7.6318
4813,7.9399
4814,8.0955
4815,6.7861
4816,8.9092
4817,7.092
4818,8.233
4819,8.5871
4820,8.1323
4821,8.9812
4822,8.195
4823,9.1266
4824,7.3167
4825,8.0825
4826,7.8634
4827,7.7703
4828,8.6171
4829,7.3357
4830,8.4882
4831,8.9525
4832,8.3641
4833,7.1918
4834,6.8248
4835,7.9822
4836,7.5108
4837,8.151
4838,6.4755
4839,8.096
4840,8.1714
4841,8.3232
4842,8.4069
4843,8.781
4844,6.0022
4845,7.3319
4846,8.5251
4847,8.1782
4848,6.7531
4849,7.667
4850,9.1183
4851,8.3001
4852,7.7838
4853,6.994
4854,7.3045
4855,6.1183
4856,7.3602
4857,6.7876
4858,7.7607
4859,7.7838
4860,7.7838
4861,7.9592
4862,8.7334
4863,8.7101
4864,4.3737
4865,5.7285
4866,7.1311
4867,7.242
4868,6.287
4869,8.3591
4870,7.0129
4871,7.2195
4872,8.9525
4873,6.4823
4874,8.6333
4875,7.5985
4876,7.4076
4877,7.5235
4878,9.014
4879,7.2875
4880,7.8014
4881,8.0002
4882,8.4813
4883,5.1981
4884,7.6293
4885,5.4274
4886,7.9972
4887,7.8081
4888,6.6696
4889,9.3214
4890,8.1301
4891,7.7474
4892,7.3111
4893,9.1971
4894,8.0495
4895,5.5317
4896,7.6447
4897,8.0143
4898,7.3835
4899,8.7237
4900,7.601
4901,8.7091
4902,6.6436
4903,8.623
4904,8.5231
4905,7.5235
4906,9.056
4907,6.8691
4908,7.6414
4909,5.7173
4910,9.2149
4911,8.8938
4912,8.1369
4913,5.7701
4914,5.0404
4915,8.3
4916,8.7972
4917,7.9126
4918,7.8209
4919,7.068
4920,7.669
4921,7.2944
4922,7.3602
4923,7.3211
4924,7.7838
4925,6.8986
4926,5.6948
4927,10.0
4928,7.8403
4929,7.6202
4930,7.4822
4931,7.2952
4932,7.112
4933,8.2503
4934,8.6439
4935,8.0941
4936,8.4832
4937,9.3214
4938,8.7205
4939,8.9525
4940,7.3584
4941,6.1649
4942,8.3757
4943,8.9466
4944,7.9879
4945,6.7378
4946,7.0021
4947,7.7838
4948,7.9425
4949,6.8992
4950,7.7838
4951,8.4069
4952,7.26
4953,7.369
4954,5.9323
4955,8.3383
4956,6.516
4957,7.455
4958,5.9562
4959,8.3892
4960,7.1305
4961,8.9586
4962,4.6311
4963,7.4924
4964,8.6333
4965,8.7942
4966,7.2104
4967,7.7838
4968,9.7469
4969,8.6016
4970,6.2587
4971,7.2904
4972,7.2846
4973,9.1962
4974,7.8359
4975,7.348
4976,7.84
4977,7.8638
4978,6.6766
4979,8.1327
4980,7.2841
4981,8.1074
4982,7.7683
4983,7.5443
4984,8.4063
4985,8.9525
4986,7.9266
4987,5.8558
4988,7.6066
4989,7.7716
4990,7.6987
4991,8.547
4992,4.8143
4993,8.4619
4994,8.0887
4995,7.245
4996,7.5746
4997,7.1731
4998,7.7838
4999,7.3602
5000,7.7838
5001,7.6391
5002,7.6986
5003,6.6277
5004,8.7109
5005,7.3602
5006,8.3028
5007,7.4186
5008,9.838
5009,8.5762
5010,8.1658
5011,6.9028
5012,8.0396
5013,8.5104
5014,5.4273
5015,8.2219
5016,7.4256
5017,8.2522
5018,8.5149
5019,7.0043
5020,6.737
5021,7.5816
5022,7.5774
5023,7.8761
5024,7.3217
5025,8.0502
5026,7.5591
5027,8.3202
5028,8.3761
5029,7.0511
5030,8.5847
5031,5.1384
5032,7.3602
5033,7.7073
5034,7.206
5035,7.5235
5036,8.3736
5037,8.9678
5038,8.9525
5039,7.8411
5040,7.7838
5041,7.4105
5042,6.1823
5043,6.5916
5044,7.7838
5045,7.776
5046,7.4631
5047,9.0841
5048,7.344
5049,7.2195
5050,6.4944
5051,7.517
5052,7.8939
5053,9.2149
5054,8.5186
5055,5.515
5056,7.7636
5057,7.26
5058,7.4065
5059,8.0428
5060,8.5224
5061,7.3651
5062,7.8397
5063,8.3012
5064,7.2985
5065,7.6717
5066,8.467
5067,8.03
5068,7.943
5069,7.5031
5070,8.2746
5071,6.3301
5072,6.9032
5073,7.4954
5074,7.3562
5075,8.0922
5076,7.948
5077,7.6747
5078,7.8081
5079,7.4355
5080,6.2972
5081,7.087
5082,7.3528
5083,8.8816
5084,7.6031
5085,6.2586
5086,7.7838
5087,7.334
5088,8.4758
5089,8.2423
5090,5.5975
5091,8.287
5092,8.3486
5093,7.7477
5094,7.5235
5095,7.5452
5096,7.6867
5097,6.2878
5098,7.4827
5099,7.3917
5100,5.5048
5101,7.3619
5102,7.7838
5103,8.3588
5104,7.7163
5105,7.5636
5106,7.1235
5107,7.3267
5108,8.289
5109,7.9084
5110,9.3938
5111,7.2418
5112,8.326
5113,7.3602
5114,7.5893
5115,6.4835
5116,5.3291
5117,7.5421
5118,7.9001
5119,6.0762
5120,8.9525
5121,7.7084
5122,8.032
5123,8.9525
5124,7.2449
5125,7.0569
5126,8.3189
5127,7.447
5128,7.0541
5129,5.5515
5130,8.1455
5131,7.666
5132,8.1857
5133,7.1769
5134,6.4094
5135,8.69
5136,8.9525
5137,7.7683
5138,8.1296
5139,7.2195
5140,7.9705
5141,8.5633
5142,9.2571
5143,8.3688
5144,6.6924
5145,6.9244
5146,6.9812
5147,10.0
5148,7.0553
5149,7.5216
5150,7.4964
5151,6.6927
5152,7.3306
5153,7.5734
5154,7.1955
5155,8.8911
5156,7.7419
5157,7.9451
5158,7.6653
5159,8.1543
5160,6.175
5161,6.7754
5162,5.6334
5163,5.2842
5164,9.05
5165,5.6585
5166,6.4261
5167,6.7518
5168,7.7321
5169,8.61
5170,9.2763
5171,8.3428
5172,8.8835
5173,7.3486
5174,7.8443
5175,8.3854
5176,7.7469
5177,8.5808
5178,7.8357
5179,9.3214
5180,7.4783
5181,7.9831
5182,5.4509
5183,8.9525
5184,8.3975
5185,7.4239
5186,7.7838
5187,6.9636
5188,8.1755
5189,7.3602
5190,7.5919
5191,8.9285
5192,7.9948
5193,7.6408
5194,7.6335
5195,7.2283
5196,8.167
5197,8.2613
5198,6.5715
5199,6.9429
5200,5.7285
5201,7.5076
5202,4.9961
5203,7.7838
5204,8.277
5205,6.5992
5206,8.6658
5207,7.1011
5208,8.8842
5209,5.1384
5210,6.7328
5211,8.6852
5212,5.6396
5213,6.3466
5214,8.2385
5215,7.7722
5216,8.818
5217,6.5902
5218,8.5667
5219,7.1872
5220,6.9014
5221,8.2319
5222,8.4487
5223,6.5915
5224,8.2952
5225,5.8388
5226,8.3221
5227,7.6865
5228,8.8045
5229,6.7107
5230,7.9022
5231,9.0287
5232,8.0976
5233,8.6454
5234,8.4256
5235,7.0324
5236,7.9776
5237,7.9625
5238,7.4251
5239,8.3383
5240,8.4149
5241,7.2913
5242,5.1384
5243,7.49
5244,8.5116
5245,7.9513
5246,6.0663
5247,6.9391
5248,6.9664
5249,7.0687
5250,6.5003
5251,6.9233
5252,7.2615
5253,5.1384
5254,7.5235
5255,6.7282
5256,8.0158
5257,8.8425
5258,7.6045
5259,7.7589
5260,5.3825
5261,6.6449
5262,6.6331
5263,7.7838
5264,7.7838
5265,8.8792
5266,7.0225
5267,9.4884
5268,6.9914
5269,8.6674
5270,7.2675
5271,7.1893
5272,8.5997
5273,7.3602
5274,8.4927
5275,6.8588
5276,9.2225
5277,8.6852
5278,6.8146
5279,8.2586
5280,7.4995
5281,7.275
5282,8.0224
5283,7.3121
5284,7.8433
5285,5.6585
5286,6.7725
5287,6.1968
5288,7.1176
5289,7.0471
5290,7.4841
5291,8.4413
5292,8.25
5293,3.5858
5294,6.5211
5295,8.066
5296,7.5538
5297,8.7986
5298,7.6545
5299,8.0989
5300,6.7828
5301,6.3472
5302,6.7745
5303,7.7432
5304,7.7971
5305,7.7679
5306,7.7213
5307,6.6441
5308,5.1384
5309,8.5296
5310,5.1384
5311,8.0495
5312,8.7185
5313,7.7838
5314,9.5575
5315,8.4717
5316,7.7872
5317,6.2671
5318,7.7838
5319,7.6905
5320,7.743
5321,7.3429
5322,7.7838
5323,8.9525
5324,7.9075
5325,8.2498
5326,9.3214
5327,7.684
5328,8.3226
5329,6.1945
5330,8.9525
5331,7.1309
5332,7.3419
5333,7.7838
5334,6.6701
5335,7.5837
5336,8.9475
5337,8.0793
5338,7.0565
5339,6.885
5340,7.6692
5341,8.4618
5342,7.2026
5343,7.3518
5344,8.9525
5345,5.5827
5346,7.3599
5347,8.9525
5348,6.7657
5349,7.5704
5350,6.9211
5351,7.8101
5352,7.7906
5353,9.1137
5354,8.3534
5355,7.2088
5356,8.9452
5357,8.7125
5358,8.2362
5359,6.8225
5360,9.7596
5361,7.1323
5362,7.5235
5363,7.3319
5364,8.3292
5365,7.3602
5366,7.3602
5367,7.7838
5368,7.7935
5369,7.7838
5370,7.0833
5371,7.3602
5372,7.4753
5373,5.1101
5374,7.7838
5375,5.1384
5376,7.6765
5377,7.9458
5378,7.4832
5379,7.3602
5380,7.5794
5381,7.7838
5382,4.7788
5383,7.7838
5384,7.8468
5385,5.1384
5386,5.7108
5387,8.9525
5388,8.4129
5389,5.6585
5390,7.5235
5391,6.6075
5392,7.7801
5393,9.0127
5394,8.7539
5395,8.9475
5396,8.9173
5397,7.2441
5398,8.0869
5399,8.6439
5400,7.5713
5401,9.2958
5402,8.2379
5403,9.2299
5404,7.247
5405,7.864
5406,5.1384
5407,8.0374
5408,5.7285
5409,7.7838
5410,8.9525
5411,7.7609
5412,7.044
5413,8.9525
5414,6.9299
5415,8.1095
5416,7.7812
5417,7.8376
5418,9.1803
5419,7.6842
5420,5.1384
5421,7.7671
5422,6.2583
5423,6.7442
5424,7.0459
5425,7.9975
5426,7.8312
5427,9.3214
5428,7.7838
5429,7.5528
5430,8.1219
5431,6.2845
5432,9.0941
5433,7.5671
5434,7.2124
5435,9.7903
5436,6.8796
5437,8.8591
5438,9.0314
5439,7.8978
5440,7.4059
5441,7.2207
5442,7.1769
5443,7.6667
5444,9.438
5445,9.0022
5446,7.6346
5447,7.3602
5448,8.9452
5449,7.47
5450,8.194
5451,7.027
5452,7.3097
5453,6.3795
5454,7.3031
5455,9.7112
5456,5.1087
5457,7.7838
5458,7.5211
5459,9.2497
5460,7.2848
5461,5.9471
5462,9.5499
5463,6.8935
5464,7.148
5465,7.9324
5466,8.3897
5467,8.0379
5468,9.2497
5469,7.2667
5470,6.5712
5471,6.7298
5472,8.8912
5473,8.2799
5474,7.9186
5475,7.6066
5476,7.7152
5477,9.2869
5478,6.2008
5479,7.811
5480,6.3031
5481,7.4749
5482,6.5588
5483,7.2475
5484,7.579
5485,6.9957
5486,6.489
5487,6.2081
5488,7.8352
5489,6.776
5490,8.432
5491,7.277
5492,7.3573
5493,7.4896
5494,7.5747
5495,7.8516
5496,7.6172
5497,7.7041
5498,6.9828
5499,8.9525
5500,7.9327
5501,7.6027
5502,8.464
5503,7.6033
5504,5.1384
5505,7.4502
5506,9.4859
5507,7.7683
5508,9.3214
5509,7.3602
5510,7.8599
5511,8.8749
5512,7.5747
5513,7.8818
5514,7.498
5515,6.9818
5516,7.0021
5517,9.7334
5518,7.26
5519,8.6628
5520,7.7838
5521,8.9525
5522,5.5367
5523,8.7261
5524,7.5235
5525,7.7848
5526,6.1073
5527,6.8235
5528,6.6421
5529,9.6188
5530,7.0894
5531,7.3602
5532,8.0935
5533,7.0642
5534,8.1352
5535,6.2494
5536,6.6327
5537,5.2842
5538,6.9899
5539,8.8197
5540,7.946
5541,7.5558
5542,9.4188
5543,8.1977
5544,8.248
5545,7.7838
5546,8.9525
5547,6.4962
5548,8.2878
5549,7.6875
5550,9.2572
5551,5.7984
5552,8.933
5553,7.5797
5554,8.943
5555,6.6019
5556,8.9073
5557,8.4365
5558,8.7574
5559,8.9525
5560,8.9452
5561,5.7497
5562,7.2014
5563,7.5183
5564,7.1769
5565,6.5071
5566,7.2404
5567,7.9432
5568,7.7255
5569,7.7998
5570,8.9525
5571,7.827
5572,6.8199
5573,7.1806
5574,5.9823
5575,7.3819
5576,7.9589
5577,8.5872
5578,7.3365
5579,5.1384
5580,7.7838
5581,5.1384
5582,5.8249
5583,7.3602
5584,6.3259
5585,9.4421
5586,7.4576
5587,7.9658
5588,7.8794
5589,7.5235
5590,7.3458
5591,8.7213
5592,7.9382
5593,8.1025
5594,7.9089
5595,6.801
5596,8.175
5597,7.4501
5598,7.6876
5599,7.7838
5600,8.4475
5601,7.6163
5602,8.1368
5603,7.3328
5604,7.1523
5605,6.1251
5606,6.0425
5607,7.2858
5608,8.282
5609,7.7091
5610,6.405
5611,5.2842
5612,6.9946
5613,8.194
5614,8.6339
5615,7.6391
5616,6.6929
5617,9.4609
5618,7.9678
5619,8.6129
5620,7.3602
5621,7.1236
5622,8.138
5623,8.885
5624,8.2732
5625,8.4432
5626,5.9468
5627,7.3298
5628,8.8298
5629,7.9774
5630,7.3457
5631,6.7374
5632,8.9558
5633,8.6271
5634,9.3041
5635,8.4023
5636,7.7838
5637,5.4015
5638,8.5195
5639,7.3602
5640,8.0289
5641,7.6727
5642,8.472
5643,6.7442
5644,7.1931
5645,6.6225
5646,8.1714
5647,7.7973
5648,8.444
5649,6.9762
5650,5.9984
5651,7.0424
5652,7.433
5653,8.4256
5654,7.2895
5655,8.6016
5656,8.8419
5657,8.0671
5658,8.0202
5659,7.927
5660,7.152
5661,8.0699
5662,7.0565
5663,5.5287
5664,6.5076
5665,7.8702
5666,7.5235
5667,7.7838
5668,6.4405
5669,8.2582
5670,7.3792
5671,6.6098
5672,8.6439
5673,8.2226
5674,7.7078
5675,8.8506
5676,7.55
5677,6.7902
5678,7.9534
5679,7.9046
5680,6.5119
5681,7.5644
5682,7.9755
5683,8.3734
5684,7.2751
5685,5.1384
5686,7.7838
5687,8.2701
5688,6.1576
5689,8.9525
5690,8.6295
5691,7.7687
5692,8.7507
5693,7.687
5694,7.7906
5695,6.7893
5696,7.6619
5697,7.0377
5698,6.9955
5699,7.9373
5700,8.3632
5701,7.8121
5702,8.9452
5703,7.5626
5704,5.8723
5705,8.7716
5706,7.9973
5707,6.7148
5708,8.572
5709,7.3455
5710,7.5353
5711,7.2645
5712,7.3737
5713,6.8777
5714,7.4769
5715,8.2945
5716,8.4502
5717,7.768
5718,7.7676
5719,7.7838
5720,7.5229
5721,7.6761
5722,5.6585
5723,5.8249
5724,7.1375
5725,8.8407
5726,6.4367
5727,5.44
5728,6.2991
5729,8.7091
5730,8.3673
5731,8.3519
5732,8.748
5733,6.9642
5734,7.0911
5735,8.9525
5736,8.3736
5737,7.2343
5738,9.2869
5739,7.7213
5740,6.5265
5741,8.1285
5742,7.0548
5743,6.7957
5744,7.5166
5745,7.2174
5746,6.2933
5747,8.771
5748,7.7838
5749,8.9185
5750,6.7693
5751,7.7187
5752,7.9474
5753,7.7372
5754,8.8982
5755,7.3602
5756,8.4257
5757,6.015
5758,8.5125
5759,7.7838
5760,7.9978
5761,7.0176
5762,6.5706
5763,6.7413
5764,7.8896
5765,7.5025
5766,6.1284
5767,5.8533
5768,6.6939
5769,7.5028
5770,7.6796
5771,7.0925
5772,6.3354
5773,5.1384
5774,6.2134
5775,8.0029
5776,6.477
5777,5.1384
5778,6.0823
5779,7.7577
5780,7.4193
5781,8.466
5782,7.1606
5783,7.7838
5784,7.7741
5785,8.0381
5786,8.3595
5787,6.2684
5788,7.5298
5789,5.1384
5790,5.6585
5791,8.9048
5792,6.8157
5793,7.4218
5794,9.1081
5795,7.7033
5796,6.928
5797,8.5114
5798,6.7118
5799,7.2672
5800,7.415
5801,7.2812
5802,4.8544
5803,7.2746
5804,7.7838
5805,9.7083
5806,8.4187
5807,7.9057
5808,8.7521
5809,8.9039
5810,8.5989
5811,7.785
5812,7.7698
5813,5.9723
5814,7.2355
5815,7.6692
5816,7.7364
5817,8.9569
5818,7.7838
5819,5.4036
5820,7.7939
5821,7.6741
5822,4.899
5823,8.9525
5824,7.0724
5825,8.2095
5826,7.5235
5827,7.6393
5828,7.8446
5829,8.0295
5830,8.3736
5831,6.1475
5832,8.9525
5833,7.7838
5834,5.8775
5835,8.0199
5836,9.0913
5837,5.1384
5838,7.512
5839,10.0
5840,7.6142
5841,9.3103
5842,5.768
5843,8.5801
5844,6.9862
5845,7.3126
5846,8.9452
5847,7.7546
5848,8.267
5849,9.3914
5850,7.7838
5851,7.8857
5852,7.565
5853,6.6002
5854,6.6292
5855,9.2061
5856,8.921
5857,7.5076
5858,6.1544
5859,5.982
5860,6.6718
5861,5.1982
5862,8.0825
5863,7.7838
5864,4.3737
5865,6.5396
5866,9.074
5867,4.3737
5868,8.6949
5869,8.3322
5870,7.8635
5871,8.5296
5872,6.7894
5873,9.2481
5874,8.9452
5875,5.931
5876,7.1263
5877,6.8009
5878,7.1712
5879,8.8287
5880,7.2927
5881,7.5657
5882,8.1074
5883,6.3358
5884,10.0
5885,8.1057
5886,7.7935
5887,6.11
5888,8.2381
5889,7.6634
5890,7.575
5891,6.9849
5892,7.5262
5893,8.0849
5894,7.8334
5895,8.7281
5896,9.7605
5897,7.5951
5898,8.9525
5899,7.8614
5900,7.3934
5901,8.3046
5902,9.0351
5903,9.3554
5904,7.3602
5905,6.8475
5906,7.524
5907,7.6002
5908,5.0861
5909,6.4878
5910,6.1204
5911,9.4414
5912,7.7838
5913,7.7838
5914,8.0314
5915,8.1132
5916,5.1994
5917,9.1971
5918,7.7838
5919,7.4789
5920,7.6721
5921,9.4607
5922,8.135
5923,6.9446
5924,7.4753
5925,9.0772
5926,5.6129
5927,8.7004
5928,7.2955
5929,8.9525
5930,7.9243
5931,4.489
5932,7.626
5933,5.2842
5934,6.2583
5935,8.0158
5936,7.7952
5937,8.2486
5938,9.9851
5939,7.0946
5940,7.061
5941,7.2239
5942,7.1824
5943,7.2296
5944,7.9793
5945,7.8522
5946,8.1549
5947,8.9525
5948,6.1997
5949,10.0
5950,5.1384
5951,7.7594
5952,7.1364
5953,6.5958
5954,7.8198
5955,7.8035
5956,7.5572
5957,8.0084
5958,8.1246
5959,7.2215
5960,8.6941
5961,5.9723
5962,8.0704
5963,8.5931
5964,8.8141
5965,8.7261
5966,7.7838
5967,8.3527
5968,6.9593
5969,7.3517
5970,7.3688
5971,7.5408
5972,7.9598
5973,7.6487
5974,8.9525
5975,7.458
5976,6.4793
5977,7.6865
5978,8.1925
5979,7.765
5980,8.3272
5981,9.1404
5982,7.5587
5983,7.7838
5984,8.9525
5985,9.2194
5986,6.8996
5987,6.3846
5988,7.5778
5989,7.0113
5990,8.6509
5991,8.9518
5992,7.1731
5993,7.7838
5994,7.7838
5995,8.7538
5996,8.5056
5997,7.8761
5998,8.6441
5999,7.484
6000,5.2341
6001,7.9353
6002,8.0451
6003,7.7838
6004,7.7838
6005,6.6015
6006,8.6146
6007,6.6092
6008,8.7091
6009,8.0134
6010,8.7072
6011,8.742
6012,8.8057
6013,7.1355
6014,7.5469
6015,8.8671
6016,7.701
6017,7.2054
6018,6.854
6019,7.3363
6020,8.9525
6021,4.9063
6022,8.4029
6023,7.221
6024,8.1212
6025,8.1053
6026,8.6266
6027,7.1323
6028,7.8732
6029,7.7685
6030,4.3737
6031,7.7303
6032,8.7068
6033,8.2703
6034,8.5441
6035,7.687
6036,7.4888
6037,7.7782
6038,7.7063
6039,7.5392
6040,7.3539
6041,6.1527
6042,8.2477
6043,6.7297
6044,7.2484
6045,5.5117
6046,7.1288
6047,7.4961
6048,8.7703
6049,7.8412
6050,7.7577
6051,6.5275
6052,8.1718
6053,5.4541
6054,8.3673
6055,7.1769
6056,7.4635
6057,8.6014
6058,7.9295
6059,6.9092
6060,7.094
6061,7.4704
6062,6.7352
6063,7.1234
6064,7.8258
6065,7.1431
6066,8.5251
6067,7.9923
6068,5.832
6069,8.1648
6070,7.4087
6071,8.5365
6072,5.4306
6073,7.3602
6074,7.6152
6075,8.9525
6076,7.738
6077,8.1327
6078,7.3789
6079,8.2786
6080,7.1448
6081,9.3205
6082,8.6934
6083,7.8791
6084,7.7629
6085,7.1428
6086,5.8165
6087,8.4897
6088,7.1665
6089,7.6009
6090,8.1516
6091,8.6382
6092,8.6217
6093,7.6611
6094,6.4692
6095,8.2265
6096,5.9125
6097,6.3765
6098,7.9831
6099,6.4732
6100,8.0933
6101,8.2079
6102,8.4255
6103,6.7421
6104,8.875
6105,4.7799
6106,8.9036
6107,8.0295
6108,6.903
6109,7.7236
6110,8.5871
6111,8.322
6112,6.9511
6113,7.0393
6114,9.8438
6115,6.7096
6116,7.9191
6117,8.3331
6118,8.3605
6119,8.0211
6120,8.1455
6121,6.2938
6122,7.112
6123,5.4717
6124,7.1799
6125,7.2915
6126,6.4852
6127,6.7076
6128,7.9323
6129,7.5166
6130,8.3706
6131,8.9525
6132,8.155
6133,7.9844
6134,8.4201
6135,7.7838
6136,7.0175
6137,7.3528
6138,7.353
6139,7.7717
6140,8.0266
6141,9.6042
6142,8.2584
6143,7.5984
6144,8.0956
6145,4.8333
6146,8.2202
6147,7.6143
6148,7.677
6149,7.5506
6150,6.1631
6151,6.3155
6152,8.1253
6153,5.2842
6154,9.1743
6155,8.3652
6156,7.3234
6157,6.9656
6158,8.0577
6159,8.0038
6160,9.2344
6161,7.7306
6162,5.7285
6163,8.925
6164,6.6295
6165,8.3304
6166,7.5235
6167,8.8673
6168,7.3602
6169,8.5835
6170,9.3721
6171,7.7649
6172,7.3658
6173,8.5627
6174,6.7826
6175,6.9182
6176,6.2657
6177,7.4991
6178,8.8306
6179,6.6644
6180,7.8702
6181,7.5028
6182,8.0435
6183,7.2633
6184,7.7232
6185,8.0422
6186,8.5365
6187,7.0836
6188,8.5905
6189,8.079
6190,6.9245
6191,8.2158
6192,7.8556
6193,7.6367
6194,8.2362
6195,7.2444
6196,9.9583
6197,6.677
6198,5.1384
6199,9.5123
6200,6.9705
6201,6.7978
6202,8.0941
6203,8.6913
6204,7.7359
6205,5.2842
6206,7.0186
6207,8.0
6208,8.9121
6209,7.9677
6210,8.2817
6211,7.0972
6212,7.7661
6213,7.4568
6214,7.0579
6215,7.5824
6216,8.1877
6217,6.0167
6218,7.7506
6219,6.9501
6220,5.9718
6221,8.0182
6222,7.1769
6223,7.5621
6224,7.8855
6225,7.6158
6226,8.9452
6227,7.6849
6228,7.0526
6229,7.6794
6230,6.3671
6231,8.9679
6232,6.5952
6233,7.4824
6234,8.233
6235,8.5295
6236,7.3895
6237,7.7838
6238,7.4793
6239,8.3088
6240,8.6047
6241,6.3468
6242,7.4833
6243,8.8183
6244,9.0772
6245,7.8424
6246,7.0258
6247,7.6762
6248,7.3602
6249,7.4653
6250,7.5235
6251,8.8168
6252,8.537
6253,8.3099
6254,6.0003
6255,8.2339
6256,8.5296
6257,7.651
6258,7.6348
6259,7.4607
6260,7.725
6261,8.1304
6262,8.2145
6263,8.1873
6264,8.1192
6265,7.3184
6266,7.9625
6267,8.5185
6268,7.7773
6269,8.221
6270,8.2481
6271,7.9744
6272,8.9525
6273,7.3658
6274,8.0269
6275,7.4442
6276,7.4501
6277,7.7374
6278,7.2309
6279,6.7224
6280,7.7841
6281,8.7477
6282,8.8816
6283,7.3658
6284,7.3903
6285,7.4505
6286,8.3998
6287,7.9522
6288,7.3602
6289,7.3213
6290,8.3081
6291,7.7838
6292,5.5279
6293,7.6775
6294,7.4495
6295,8.9285
6296,8.0321
6297,7.6105
6298,6.9811
6299,7.3326
6300,8.3449
6301,7.5545
6302,8.9156
6303,7.2804
6304,7.9836
6305,9.3214
6306,8.9218
6307,4.8911
6308,7.5235
6309,7.1323
6310,8.2596
6311,7.0526
6312,8.7043
6313,5.0751
6314,7.3602
6315,7.8296
6316,9.2806
6317,9.1136
6318,7.9813
6319,7.4036
6320,8.3704
6321,7.4736
6322,7.6757
6323,8.4936
6324,7.7729
6325,8.0731
6326,7.6249
6327,7.2881
6328,7.3527
6329,8.8102
6330,6.9055
6331,7.7838
6332,5.4759
6333,6.5902
6334,8.0908
6335,7.0334
6336,8.3099
6337,7.3602
6338,5.7742
6339,8.3784
6340,5.2404
6341,6.9706
6342,7.0888
6343,8.7094
6344,5.2842
6345,8.1458
6346,6.3188
6347,7.094
6348,7.2263
6349,7.0936
6350,5.9659
6351,7.2542
6352,6.2618
6353,9.2196
6354,8.7704
6355,6.362
6356,8.61
6357,6.5234
6358,7.6711
6359,7.5235
6360,7.7838
6361,9.3367
6362,7.7838
6363,7.5235
6364,8.6325
6365,7.1668
6366,5.6585
6367,7.1164
6368,7.7838
6369,8.321
6370,7.0902
6371,8.3524
6372,7.8246
6373,7.9736
6374,7.4501
6375,7.3355
6376,6.4664
6377,6.3468
6378,7.2265
6379,8.0955
6380,8.7091
6381,5.6183
6382,8.1467
6383,8.5282
6384,7.8341
6385,8.6265
6386,7.4236
6387,7.6749
6388,8.5604
6389,7.7838
6390,7.5887
6391,7.8922
6392,8.4654
6393,6.7472
6394,7.4018
6395,8.5287
6396,6.7987
6397,9.3502
6398,7.26
6399,7.7638
6400,5.6019
6401,9.0081
6402,5.3655
6403,8.8182
6404,8.2163
6405,8.7091
6406,8.6278
6407,6.3765
6408,6.9248
6409,7.9311
6410,7.4461
6411,6.979
6412,5.1384
6413,8.0369
6414,8.0955
6415,8.9707
6416,8.7091
6417,7.2596
6418,7.6168
6419,8.021
6420,8.4517
6421,8.7937
6422,7.7074
6423,7.7838
6424,5.2842
6425,7.1522
6426,8.2163
6427,7.7746
6428,7.1444
6429,8.0859
6430,7.3168
6431,7.3602
6432,7.9162
6433,7.785
6434,6.4374
6435,7.1647
6436,7.2708
6437,7.2789
6438,6.5381
6439,7.1579
6440,7.5235
6441,8.7276
6442,7.3116
6443,8.963
6444,7.6569
6445,7.7562
6446,7.2476
6447,6.9661
6448,6.7107
6449,8.2875
6450,7.3602
6451,8.9315
6452,8.1943
6453,7.5235
6454,8.7278
6455,8.0899
6456,8.2665
6457,8.1327
6458,7.914
6459,7.7838
6460,8.9452
6461,8.6319
6462,7.8206
6463,8.1324
6464,8.0628
6465,8.7091
6466,8.2907
6467,8.7319
6468,7.821
6469,8.1851
6470,8.0492
6471,7.7838
6472,4.0261
6473,5.1498
6474,8.436
6475,5.9086
6476,7.3602
6477,6.9299
6478,8.1621
6479,6.9463
6480,8.328
6481,9.9602
6482,7.6213
6483,8.0589
6484,8.6079
6485,7.5852
6486,9.2413
6487,7.8897
6488,7.1347
6489,7.9353
6490,5.9351
6491,6.2586
6492,6.0446
6493,8.0209
6494,7.9404
6495,7.3498
6496,7.7744
6497,7.2936
6498,8.9475
6499,7.8427
6500,5.3142
6501,7.1728
6502,7.5577
6503,7.7696
6504,8.2823
6505,8.4368
6506,7.6789
6507,6.5689
6508,7.6657
6509,9.984
6510,6.2331
6511,7.719
6512,7.9149
6513,7.7838
6514,7.726
6515,5.2842
6516,8.1714
6517,9.3214
6518,6.8498
6519,6.2246
6520,7.7227
6521,8.1014
6522,7.5274
6523,7.1859
6524,7.6092
6525,7.1498
6526,6.7145
6527,7.7956
6528,6.6488
6529,8.8975
6530,5.6607
6531,6.7878
6532,7.6173
6533,8.5767
6534,7.404
6535,7.534
6536,4.8145
6537,8.0051
6538,7.3209
6539,7.1553
6540,7.212
6541,7.4085
6542,5.6582
6543,7.7177
6544,6.9519
6545,6.3696
6546,8.1516
6547,8.2986
6548,7.5563
6549,9.5316
6550,8.6161
6551,7.1719
6552,8.766
6553,7.7091
6554,6.4801
6555,8.9452
6556,7.647
6557,6.9644
6558,6.8116
6559,7.3602
6560,8.0933
6561,7.4256
6562,7.7838
6563,7.2014
6564,8.0326
6565,8.3352
6566,7.4562
6567,7.0127
6568,7.3561
6569,7.1976
6570,10.0
6571,8.6967
6572,6.7611
6573,7.4593
6574,8.0027
6575,7.2385
6576,6.9644
6577,7.0698
6578,7.7838
6579,6.3335
6580,6.9976
6581,8.9452
6582,8.8295
6583,7.92
6584,7.2195
6585,10.0
6586,8.8535
6587,7.26
6588,7.1342
6589,9.3002
6590,8.3652
6591,9.2602
6592,7.0015
6593,7.6619
6594,7.976
6595,5.8773
6596,7.3602
6597,8.2916
6598,8.3128
6599,8.934
6600,6.8776
6601,8.9452
6602,6.1352
6603,7.1923
6604,7.5625
6605,7.5235
6606,8.49
6607,6.9456
6608,6.363
6609,7.4549
6610,7.1484
6611,6.8283
6612,8.4828
6613,8.9525
6614,6.6527
6615,6.5579
6616,7.6619
6617,7.3602
6618,9.6296
6619,5.1384
6620,6.9211
6621,7.6293
6622,7.6754
6623,8.6977
6624,7.4795
6625,8.7275
6626,6.3468
6627,8.9664
6628,8.1241
6629,8.8161
6630,6.363
6631,8.2544
6632,8.7091
6633,7.602
6634,7.7002
6635,8.9435
6636,6.43
6637,8.1714
6638,8.0254
6639,7.6457
6640,7.4442
6641,6.5892
6642,7.6889
6643,7.6843
6644,7.3602
6645,7.5644
6646,8.0852
6647,8.9551
6648,6.7931
6649,6.6264
6650,7.7072
6651,8.9435
6652,7.4671
6653,8.0485
6654,7.8424
6655,9.3042
6656,8.704
6657,7.3606
6658,6.9462
6659,7.5235
6660,7.3995
6661,8.0148
6662,8.5429
6663,7.6864
6664,7.1284
6665,7.3656
6666,7.6581
6667,8.9452
6668,6.9402
6669,7.3602
6670,8.9525
6671,7.9305
6672,7.2072
6673,7.6066
6674,6.7142
6675,8.8984
6676,6.6639
6677,8.3718
6678,6.7627
6679,8.2684
6680,7.8937
6681,8.5504
6682,6.3526
6683,7.5317
6684,7.7325
6685,7.164
6686,8.8743
6687,8.3681
6688,7.6349
6689,8.3061
6690,4.3737
6691,7.0977
6692,6.6613
6693,8.366
6694,7.2411
6695,6.7634
6696,7.6619
6697,7.2703
6698,9.0053
6699,8.449
6700,7.8246
6701,7.9432
6702,6.9756
6703,5.6585
6704,7.1637
6705,7.477
6706,8.4177
6707,8.3219
6708,8.3872
6709,7.4274
6710,7.7715
6711,7.3575
6712,7.5944
6713,5.5854
6714,3.5197
6715,7.089
6716,7.5235
6717,9.8341
6718,7.4563
6719,7.7838
6720,6.964
6721,8.0799
6722,8.1622
6723,7.9652
6724,3.2511
6725,6.6296
6726,8.5197
6727,9.2685
6728,6.486
6729,7.9361
6730,7.72
6731,7.4315
6732,7.3385
6733,6.238
6734,6.9646
6735,8.3793
6736,8.2853
6737,8.2921
6738,3.4119
6739,8.0559
6740,7.3595
6741,8.6581
6742,8.6996
6743,7.291
6744,8.3375
6745,8.1297
6746,9.4042
6747,7.2564
6748,6.3573
6749,8.432
6750,7.3602
6751,8.1714
6752,7.7765
6753,7.0852
6754,7.5018
6755,8.199
6756,7.3357
6757,9.577
6758,6.9762
6759,7.3602
6760,9.4701
6761,6.537
6762,8.9785
6763,7.8476
6764,7.1215
6765,7.7544
6766,7.9216
6767,8.9525
6768,7.3111
6769,7.1769
6770,8.5563
6771,7.8724
6772,9.1406
6773,7.6776
6774,5.1385
6775,5.1384
6776,6.9211
6777,6.7784
6778,5.9213
6779,8.4573
6780,7.4225
6781,8.9525
6782,6.3077
6783,7.3794
6784,7.7181
6785,7.8076
6786,8.5553
6787,8.0817
6788,8.9525
6789,8.4732
6790,9.3214
6791,9.1127
6792,8.2524
6793,6.3491
6794,7.2763
6795,8.7539
6796,8.9525
6797,6.1889
6798,8.1714
6799,8.6515
6800,7.7657
6801,6.9296
6802,7.6126
6803,8.3208
6804,7.358
6805,7.26
6806,6.4021
6807,9.5696
6808,9.1625
6809,7.5465
6810,8.2065
6811,7.9858
6812,6.6421
6813,7.2383
6814,6.6536
6815,7.3602
6816,7.8553
6817,8.0932
6818,8.3957
6819,7.988
6820,7.1699
6821,8.1856
6822,8.1832
6823,8.1093
6824,6.4187
6825,7.368
6826,7.4914
6827,8.2927
6828,8.6423
6829,9.2497
6830,8.5662
6831,6.405
6832,7.6307
6833,5.3565
6834,7.2661
6835,8.7608
6836,6.7846
6837,9.3214
6838,8.0326
6839,7.7838
6840,9.3598
6841,7.6793
6842,7.021
6843,7.3479
6844,7.9644
6845,8.8975
6846,7.9032
6847,7.9746
6848,6.3966
6849,8.0129
6850,7.1817
6851,8.7149
6852,7.5442
6853,8.823
6854,7.2387
6855,6.9934
6856,8.492
6857,8.8415
6858,6.9061
6859,7.6336
6860,10.0
6861,5.9969
6862,8.1527
6863,8.2362
6864,6.9554
6865,7.7861
6866,8.9926
6867,7.8854
6868,6.9922
6869,7.1746
6870,8.1356
6871,7.8712
6872,9.3214
6873,6.6739
6874,6.3417
6875,9.3214
6876,8.1252
6877,8.0162
6878,8.1947
6879,5.1384
6880,7.349
6881,7.3696
6882,7.7889
6883,4.9614
6884,7.96
6885,5.7285
6886,7.7243
6887,7.5219
6888,4.5577
6889,8.8101
6890,5.7186
6891,6.8935
6892,7.3602
6893,8.0229
6894,8.1005
6895,7.5235
6896,7.8125
6897,5.5484
6898,7.8896
6899,7.0232
6900,7.7063
6901,7.4479
6902,8.9452
6903,7.2197
6904,6.1118
6905,8.1221
6906,7.2988
6907,8.7823
6908,7.728
6909,6.038
6910,8.3506
6911,8.9525
6912,8.4732
6913,7.7407
6914,7.175
6915,7.093
6916,8.4139
6917,7.6907
6918,7.2098
6919,4.5983
6920,7.9138
6921,5.8881
6922,7.6959
6923,9.1364
6924,7.4189
6925,8.5064
6926,7.1519
6927,6.9992
6928,7.7309
6929,7.5235
6930,7.7838
6931,4.3737
6932,7.7112
6933,6.8467
6934,6.9924
6935,8.1526
6936,7.035
6937,7.5264
6938,5.0261
6939,8.185
6940,8.1714
6941,7.2165
6942,8.0284
6943,6.3917
6944,8.9525
6945,8.9178
6946,7.9991
6947,8.6164
6948,7.3093
6949,9.1852
6950,8.6374
6951,7.7838
6952,7.7838
6953,7.4874
6954,7.5624
6955,9.9291
6956,8.1399
6957,7.26
6958,7.7036
6959,8.4459
6960,8.8373
6961,7.7873
6962,7.8093
6963,6.7948
6964,7.1652
6965,5.3436
6966,9.7607
6967,8.5046
6968,7.3001
6969,8.1807
6970,6.974
6971,8.5655
6972,8.6333
6973,8.8835
6974,5.3422
6975,6.7893
6976,7.807
6977,7.4636
6978,7.4658
6979,5.6709
6980,7.0819
6981,7.6111
6982,6.5478
6983,7.8411
6984,7.7113
6985,7.9259
6986,7.8599
6987,7.4085
6988,7.59
6989,5.1384
6990,7.26
6991,7.712
6992,6.9639
6993,6.5082
6994,6.7724
6995,8.4169
6996,8.5109
6997,7.6894
6998,7.9787
6999,7.3545
7000,6.4835
7001,7.7309
7002,7.4759
7003,7.7686
7004,6.8282
7005,7.7715
7006,8.8647
7007,8.1593
7008,7.7838
7009,9.0841
7010,8.0199
7011,6.3328
7012,7.9708
7013,7.2527
7014,7.1143
7015,8.0559
7016,7.7427
7017,7.1769
7018,9.0499
7019,8.5303
7020,7.6397
7021,7.9635
7022,8.9452
7023,8.4732
7024,7.6169
7025,6.0535
7026,4.0151
7027,7.0264
7028,9.1693
7029,7.0501
7030,8.9423
7031,7.5122
7032,7.4477
7033,7.6676
7034,7.7724
7035,7.4648
7036,8.0825
7037,7.6609
7038,7.8885
7039,7.7838
7040,6.4922
7041,7.2937
7042,8.244
7043,7.4195
7044,7.094
7045,7.1677
7046,7.9225
7047,7.8427
7048,6.9903
7049,6.6019
7050,5.7429
7051,8.6595
7052,5.1384
7053,7.3797
7054,7.873
7055,7.7838
7056,8.0351
7057,6.7202
7058,7.3535
7059,7.26
7060,7.5688
7061,7.2363
7062,7.0923
7063,8.0151
7064,8.6412
7065,7.7838
7066,6.5489
7067,7.5473
7068,6.5059
7069,7.5288
7070,8.6968
7071,6.5905
7072,7.9955
7073,7.2445
7074,5.9824
7075,7.2733
7076,9.035
7077,7.451
7078,7.7838
7079,7.5205
7080,7.4719
7081,8.2124
7082,8.6384
7083,9.1082
7084,8.563
7085,5.6565
7086,8.9269
7087,7.6059
7088,7.9066
7089,8.1297
7090,7.2958
7091,8.0251
7092,7.9751
7093,7.8005
7094,6.6247
7095,8.0663
7096,8.9626
7097,7.5235
7098,7.1129
7099,7.7838
7100,7.1019
7101,7.5878
7102,9.1992
7103,7.0843
7104,6.7127
7105,7.5365
7106,8.2126
7107,8.356
7108,7.6685
7109,7.0182
7110,7.7093
7111,7.7838
7112,8.6609
7113,6.7513
7114,8.4963
7115,7.8063
7116,8.0249
7117,6.945
7118,5.6585
7119,6.8776
7120,8.4652
7121,7.7838
7122,7.6619
7123,7.4753
7124,7.3602
7125,7.6335
7126,7.8134
7127,8.4957
7128,7.7838
7129,8.9525
7130,7.3384
7131,7.8455
7132,6.0477
7133,7.4329
7134,7.6299
7135,6.9716
7136,7.7838
7137,7.5876
7138,6.9797
7139,7.7838
7140,8.5483
7141,7.354
7142,8.3977
7143,7.3758
7144,8.9525
7145,7.6652
7146,7.2801
7147,8.2563
7148,7.3294
7149,8.0683
7150,7.9782
7151,7.8614
7152,7.7838
7153,8.5031
7154,5.8364
7155,7.1807
7156,8.9525
7157,7.9736
7158,7.3621
7159,8.665
7160,6.9981
7161,9.2483
7162,7.0309
7163,7.7451
7164,6.6849
7165,8.2446
7166,7.6611
7167,7.5084
7168,8.5991
7169,9.2083
7170,8.5734
7171,8.3531
7172,5.1384
7173,6.2618
7174,8.0917
7175,7.4648
7176,9.9443
7177,7.4795
7178,5.1384
7179,8.0223
7180,7.4501
7181,8.2656
7182,6.9749
7183,7.0205
7184,5.2495
7185,5.6585
7186,6.0364
7187,8.8835
7188,8.726
7189,8.8542
7190,8.4232
7191,7.9437
7192,7.6192
7193,6.2729
7194,7.1707
7195,8.9475
7196,8.9452
7197,7.3162
7198,7.9707
7199,7.1041
7200,7.7774
7201,9.3812
7202,7.7938
7203,7.4526
7204,5.9718
7205,8.2154
7206,8.2111
7207,7.789
7208,7.6339
7209,7.2165
7210,7.539
7211,8.3463
7212,7.6789
7213,7.3686
7214,8.4953
7215,7.4183
7216,7.429
7217,7.3076
7218,7.5351
7219,8.6381
7220,7.4939
7221,7.5469
7222,8.7363
7223,7.2377
7224,8.3107
7225,8.8686
7226,7.26
7227,7.9666
7228,9.3214
7229,8.9525
7230,6.5442
7231,8.7091
7232,9.6102
7233,7.3602
7234,9.5153
7235,8.0069
7236,6.8405
7237,8.0249
7238,7.4415
7239,6.6421
7240,8.9525
7241,8.8812
7242,7.569
7243,7.8121
7244,7.1769
7245,7.8626
7246,7.3624
7247,8.9525
7248,7.8134
7249,8.0098
7250,8.1762
7251,5.7357
7252,7.9744
7253,8.1714
7254,8.284
7255,7.0525
7256,7.5434
7257,8.3587
7258,5.9718
7259,9.4218
7260,7.6692
7261,8.0247
7262,8.6901
7263,7.9562
7264,7.9859
7265,7.5104
7266,7.6048
7267,7.4843
7268,7.7838
7269,7.8938
7270,8.1714
7271,5.8349
7272,9.5889
7273,5.9548
7274,7.9256
7275,8.418
7276,9.3398
7277,7.2997
7278,7.7948
7279,8.557
7280,5.2834
7281,7.7906
7282,6.8405
7283,7.5219
7284,7.7103
7285,7.7254
7286,8.3771
7287,5.1384
7288,7.26
7289,8.4908
7290,8.4585
7291,8.3091
7292,8.4429
7293,8.9766
7294,7.1967
7295,7.7015
7296,8.284
7297,6.3764
7298,8.9041
7299,8.6133
7300,7.932
7301,7.3602
7302,8.7923
7303,7.8256
7304,8.1714
7305,8.9525
7306,8.5282
7307,6.6679
7308,7.513
7309,8.2296
7310,8.7919
7311,6.66
7312,8.4386
7313,7.7116
7314,7.9805
7315,7.8711
7316,7.1197
7317,8.8921
7318,7.1679
7319,7.9193
7320,8.7482
7321,8.1312
7322,8.6351
7323,9.2836
7324,6.4375
7325,9.3828
7326,6.8438
7327,8.937
7328,6.3349
7329,9.6453
7330,7.3602
7331,8.8096
7332,7.0383
7333,7.2093
7334,7.8242
7335,8.1761
7336,8.1193
7337,7.1443
7338,6.2709
7339,8.9525
7340,3.2046
7341,7.1549
7342,8.1579
7343,5.5674
7344,7.5353
7345,8.3913
7346,5.1384
7347,7.3795
7348,9.6154
7349,7.3876
7350,7.3298
7351,7.5923
7352,8.831
7353,7.0837
7354,8.2646
7355,8.5603
7356,8.9525
7357,7.9566
7358,7.8937
7359,8.3875
7360,5.8451
7361,8.284
7362,9.0604
7363,7.3469
7364,7.3999
7365,6.4744
7366,7.3737
7367,5.3212
7368,7.0981
7369,8.6264
7370,7.6692
7371,7.1342
7372,7.7838
7373,8.5137
7374,8.8975
7375,8.1997
7376,8.2626
7377,7.5019
7378,6.3809
7379,8.9457
7380,7.7838
7381,7.3658
7382,7.3602
7383,6.9673
7384,6.3558
7385,6.98
7386,9.2342
7387,7.3758
7388,6.3772
7389,7.8808
7390,7.8081
7391,6.8354
7392,7.3737
7393,5.2842
7394,8.9909
7395,6.5993
7396,8.9525
7397,7.1747
7398,8.3734
7399,6.7633
7400,7.9106
7401,8.9525
7402,9.3337
7403,7.1834
7404,6.2472
7405,7.5235
7406,8.5774
7407,8.341
7408,6.9385
7409,8.8395
7410,4.4526
7411,6.7149
7412,8.328
7413,9.013
7414,8.001
7415,7.3602
7416,7.4167
7417,8.1576
7418,7.2715
7419,3.9682
7420,7.8467
7421,6.8299
7422,8.0049
7423,8.2351
7424,6.8146
7425,9.0772
7426,8.3992
7427,7.6758
7428,7.8625
7429,7.5393
7430,7.7568
7431,8.6047
7432,7.9097
7433,7.2626
7434,7.6447
7435,7.5956
7436,9.6591
7437,5.5844
7438,6.7289
7439,7.3602
7440,8.1487
7441,8.0992
7442,7.2507
7443,7.8371
7444,9.5994
7445,7.5458
7446,7.9691
7447,8.5085
7448,7.5235
7449,7.3635
7450,6.1042
7451,7.1031
7452,8.3668
7453,6.8717
7454,5.9718
7455,8.5296
7456,8.489
7457,5.7285
7458,6.8128
7459,8.4778
7460,8.6525
7461,7.0889
7462,6.3629
7463,6.5612
7464,8.494
7465,7.5235
7466,7.7035
7467,8.5908
7468,7.6748
7469,8.3867
7470,6.7634
7471,7.3
7472,7.7838
7473,8.2576
7474,7.1814
7475,6.0546
7476,6.7664
7477,7.9122
7478,7.226
7479,9.206
7480,9.2082
7481,7.7116
7482,7.1769
7483,9.3946
7484,7.7838
7485,9.5153
7486,4.8393
7487,7.3612
7488,9.2627
7489,7.1728
7490,6.3043
7491,8.1459
7492,7.3602
7493,7.7838
7494,6.0582
7495,9.2958
7496,7.9568
7497,7.5887
7498,7.5002
7499,6.7416
7500,7.6209
7501,6.3285
7502,6.9146
7503,8.9285
7504,7.6523
7505,9.0798
7506,8.6675
7507,7.0501
7508,7.126
7509,6.9047
7510,7.5312
7511,5.1384
7512,7.1931
7513,7.26
7514,7.7838
7515,7.3042
7516,6.5134
7517,6.1792
7518,5.2526
7519,5.2224
7520,8.3576
7521,8.0711
7522,8.9525
7523,7.5625
7524,8.0663
7525,6.5828
7526,7.7838
7527,6.5345
7528,8.7788
7529,8.9525
7530,9.4441
7531,8.3157
7532,8.1714
7533,8.3974
7534,7.3602
7535,8.5871
7536,7.7743
7537,9.6506
7538,7.9166
7539,8.2736
7540,7.9045
7541,6.8768
7542,9.8296
7543,9.3294
7544,4.472
7545,7.2933
7546,6.0341
7547,8.8332
7548,7.8569
7549,7.3002
7550,8.7293
7551,8.5696
7552,6.9136
7553,7.1962
7554,7.2423
7555,7.1978
7556,7.7723
7557,5.9646
7558,7.7838
7559,8.2449
7560,7.3973
7561,9.3759
7562,8.9525
7563,7.4503
7564,7.3725
7565,8.3487
7566,8.5
7567,7.3602
7568,7.4506
7569,6.6998
7570,7.7838
7571,7.489
7572,7.5709
7573,5.637
7574,8.9525
7575,7.4951
7576,8.7889
7577,7.9888
7578,7.4582
7579,7.3602
7580,8.5296
7581,8.1278
7582,6.3073
7583,7.6397
7584,8.9525
7585,8.0398
7586,7.7987
7587,9.4606
7588,7.0651
7589,7.7782
7590,7.3763
7591,6.9117
7592,7.3026
7593,7.1261
7594,8.6935
7595,8.5144
7596,6.5394
7597,7.8146
7598,7.6191
7599,8.1823
7600,8.2184
7601,8.2045
7602,7.5883
7603,9.1341
7604,7.0825
7605,7.2439
7606,7.5297
7607,6.8096
7608,8.3736
7609,8.9525
7610,7.7838
7611,7.3889
7612,8.5296
7613,8.6755
7614,7.3464
7615,5.1384
7616,7.6698
7617,8.083
7618,8.0163
7619,7.7838
7620,5.4975
7621,7.8576
7622,5.2842
7623,6.6125
7624,8.0179
7625,8.6442
7626,7.7063
7627,6.2282
7628,7.7838
7629,7.6991
7630,8.8063
7631,7.7838
7632,7.517
7633,7.6318
7634,8.2325
7635,8.6647
7636,8.3788
7637,8.9172
7638,7.7896
7639,6.0293
7640,9.9603
7641,7.3859
7642,8.0723
7643,8.5427
7644,6.5281
7645,7.1479
7646,5.8265
7647,7.7577
7648,9.7424
7649,6.8937
7650,8.1581
7651,6.776
7652,8.3111
7653,7.5658
7654,6.8437
7655,7.4827
7656,7.5695
7657,7.3914
7658,10.0
7659,7.7838
7660,7.5507
7661,7.9887
7662,9.3249
7663,6.9632
7664,7.2526
7665,5.2832
7666,9.0772
7667,7.9471
7668,6.5105
7669,9.3312
7670,8.1496
7671,6.2242
7672,7.7777
7673,8.3017
7674,6.206
7675,8.4131
7676,8.3156
7677,7.7838
7678,8.3605
7679,7.6002
7680,7.7838
7681,7.8936
7682,5.8545
7683,7.3663
7684,8.0303
7685,7.0406
7686,7.1085
7687,9.5287
7688,6.0967
7689,7.5518
7690,7.7838
7691,7.4052
7692,8.7255
7693,7.1335
7694,7.9051
7695,7.26
7696,6.5019
7697,8.9856
7698,7.371
7699,7.786
7700,7.7614
7701,5.2052
7702,8.155
7703,7.9155
7704,8.3475
7705,7.1371
7706,7.9225
7707,7.3602
7708,6.4794
7709,7.235
7710,8.3808
7711,8.0147
7712,8.151
7713,7.9644
7714,6.0794
7715,7.9923
7716,6.891
7717,8.5796
7718,8.422
7719,7.9361
7720,8.9525
7721,7.7838
7722,8.9525
7723,6.6421
7724,7.0378
7725,9.1574
7726,5.2842
7727,7.802
7728,8.1714
7729,7.2771
7730,7.1878
7731,7.9642
7732,7.4329
7733,7.437
7734,6.8236
7735,7.5605
7736,9.7958
7737,8.959
7738,7.8465
7739,9.5809
7740,8.8634
7741,4.3737
7742,7.9787
7743,8.1717
7744,6.1997
7745,7.3065
7746,7.7838
7747,7.5678
7748,8.0281
7749,7.4237
7750,6.9561
7751,7.4163
7752,8.9452
7753,6.6216
7754,7.2459
7755,6.5151
7756,6.9685
7757,7.094
7758,9.1404
7759,7.7838
7760,7.0632
7761,7.9297
7762,5.7131
7763,7.9294
7764,6.1925
7765,5.9441
7766,6.0019
7767,8.8174
7768,7.5591
7769,7.936
7770,8.0082
7771,8.305
7772,5.2842
7773,8.923
7774,8.9403
7775,7.462
7776,8.9538
7777,7.4661
7778,7.8761
7779,7.3602
7780,5.1384
7781,6.2409
7782,6.2219
7783,7.7838
7784,7.7838
7785,6.9243
7786,7.7838
7787,6.3488
7788,8.3884
7789,8.3861
7790,6.8405
7791,8.1719
7792,7.7063
7793,6.9916
7794,8.0811
7795,6.9257
7796,7.7914
7797,8.47
7798,5.4369
7799,8.0649
7800,8.9525
7801,7.7777
7802,9.0495
7803,9.2721
7804,6.7908
7805,7.435
7806,7.7705
7807,7.5554
7808,8.2971
7809,6.7734
7810,8.106
7811,7.0777
7812,8.4597
7813,6.3503
7814,6.5667
7815,7.7683
7816,6.1282
7817,6.5902
7818,9.1514
7819,8.0371
7820,7.6599
7821,6.0964
7822,7.5583
7823,7.1625
7824,4.7572
7825,7.5801
7826,9.1391
7827,7.0352
7828,6.7063
7829,8.8407
7830,7.5625
7831,7.2276
7832,7.8563
7833,7.9808
7834,6.6408
7835,7.9774
7836,8.284
7837,8.2253
7838,7.094
7839,8.689
7840,7.2818
7841,6.279
7842,7.7838
7843,6.8588
7844,7.4665
7845,7.5838
7846,8.1086
7847,7.3882
7848,7.7838
7849,7.5196
7850,7.26
7851,8.0845
7852,6.6421
7853,8.1482
7854,7.7805
7855,8.2395
7856,7.7575
7857,7.7214
7858,8.2322
7859,7.3577
7860,7.0659
7861,7.9953
7862,8.2761
7863,8.284
7864,8.6209
7865,7.8642
7866,8.8168
7867,8.361
7868,7.2884
7869,7.671
7870,8.689
7871,6.9211
7872,7.1802
7873,7.4456
7874,7.8887
7875,6.6827
7876,7.2966
7877,8.6133
7878,7.7838
7879,5.2952
7880,7.3846
7881,8.9151
7882,7.7838
7883,6.562
7884,9.1244
7885,8.7319
7886,7.7838
7887,8.9525
7888,6.9299
7889,7.6983
7890,5.7162
7891,8.5333
7892,8.1141
7893,7.4229
7894,7.3156
7895,6.638
7896,7.5828
7897,8.5017
7898,7.26
7899,7.3602
7900,7.3484
7901,7.2902
7902,7.3602
7903,8.6081
7904,9.0464
7905,8.0403
7906,7.4052
7907,7.9871
7908,7.1441
7909,6.536
7910,7.899
7911,7.3383
7912,7.9241
7913,7.7034
7914,8.426
7915,4.3737
7916,8.2106
7917,7.7838
7918,7.4105
7919,7.7723
7920,7.2987
7921,8.3584
7922,9.3214
7923,5.1384
7924,8.6382
7925,8.2234
7926,9.369
7927,7.7953
7928,8.7816
7929,7.7666
7930,7.7838
7931,8.7045
7932,7.6567
7933,7.709
7934,5.2842
7935,6.7776
7936,7.5489
7937,7.6253
7938,9.0291
7939,8.4732
7940,6.4322
7941,7.3304
7942,6.3261
7943,7.6692
7944,7.9167
7945,7.7591
7946,6.7466
7947,8.0397
7948,8.5674
7949,7.8909
7950,8.151
7951,9.4056
7952,8.2722
7953,7.153
7954,7.9086
7955,8.9525
7956,8.3373
7957,7.5242
7958,7.1233
7959,8.469
7960,7.9952
7961,8.7876
7962,7.1666
7963,8.277
7964,7.2423
7965,7.6192
7966,8.2416
7967,8.4507
7968,4.4047
7969,7.7838
7970,9.6591
7971,6.9799
7972,7.7276
7973,6.2331
7974,5.7877
7975,6.8092
7976,6.5687
7977,7.3602
7978,7.7838
7979,7.6343
7980,8.153
7981,6.1572
7982,5.7428
7983,8.7091
7984,7.9513
7985,6.7621
7986,7.26
7987,6.9156
7988,7.5927
7989,8.1434
7990,7.8668
7991,5.8994
7992,6.9467
7993,7.9583
7994,7.7838
7995,8.1714
7996,6.7633
7997,7.7063
7998,8.3347
7999,8.7108
8000,8.7649
8001,6.2204
8002,7.0024
8003,7.8761
8004,7.7838
8005,8.4787
8006,8.3843
8007,6.8202
8008,7.8062
8009,5.4541
8010,7.9889
8011,7.9578
8012,7.7744
8013,7.0777
8014,7.9317
8015,7.9123
8016,7.7116
8017,8.1997
8018,8.9468
8019,7.5235
8020,8.3633
8021,6.2446
8022,8.3571
8023,6.0484
8024,8.807
8025,7.5922
8026,9.23
8027,8.3701
8028,7.3366
8029,8.1558
8030,8.7809
8031,6.0599
8032,8.3104
8033,7.6469
8034,7.4554
8035,9.0779
8036,6.8891
8037,8.3736
8038,8.0377
8039,6.9975
8040,8.5156
8041,7.9109
8042,3.0934
8043,8.1277
8044,8.2659
8045,6.2954
8046,7.7063
8047,6.1692
8048,7.2037
8049,6.4906
8050,8.9525
8051,6.7066
8052,7.8064
8053,9.5153
8054,8.6209
8055,7.0954
8056,9.0095
8057,8.2571
8058,8.1107
8059,7.4727
8060,6.9188
8061,9.1998
8062,7.2338
8063,8.115
8064,7.5235
8065,8.1841
8066,7.7409
8067,8.9525
8068,7.7683
8069,7.8552
8070,7.7838
8071,7.4998
8072,7.8216
8073,7.3167
8074,7.7843
8075,6.8499
8076,9.8409
8077,9.3871
8078,7.7063
8079,7.6022
8080,7.9776
8081,8.1563
8082,6.5902
8083,8.3487
8084,8.8759
8085,6.884
8086,8.0189
8087,8.5296
8088,8.7613
8089,7.8797
8090,7.7838
8091,8.4507
8092,8.5545
8093,8.1087
8094,9.9608
8095,7.5232
8096,7.3318
8097,7.001
8098,6.4502
8099,7.8695
8100,7.9027
8101,8.3265
8102,6.818
8103,8.0148
8104,8.171
8105,7.4941
8106,7.2647
8107,7.6052
8108,7.3602
8109,7.5337
8110,9.5269
8111,6.9479
8112,7.7838
8113,7.8896
8114,9.9045
8115,8.1945
8116,8.9525
8117,7.8411
8118,7.7538
8119,8.0842
8120,8.7091
8121,6.5476
8122,6.7476
8123,7.3602
8124,6.7304
8125,7.0942
8126,7.2998
8127,7.7838
8128,7.772
8129,8.5056
8130,8.2204
8131,8.3433
8132,8.6685
8133,7.8065
8134,7.9846
8135,9.3063
8136,9.6591
8137,4.0584
8138,9.6527
8139,7.2918
8140,7.5566
8141,9.5111
8142,7.9743
8143,7.5255
8144,7.9285
8145,6.0803
8146,8.0992
8147,8.1301
8148,7.7753
8149,8.1976
8150,6.6516
8151,8.9525
8152,6.0495
8153,7.6876
8154,7.3602
8155,7.9922
8156,8.5296
8157,7.7063
8158,8.0397
8159,8.2916
8160,7.5912
8161,7.6599
8162,7.1715
8163,8.5278
8164,8.139
8165,7.2766
8166,7.9922
8167,8.505
8168,7.5235
8169,7.6386
8170,7.8228
8171,6.7111
8172,6.4411
8173,9.1361
8174,6.7564
8175,6.8453
8176,7.7838
8177,8.1245
8178,7.4783
8179,5.5053
8180,7.2909
8181,8.3426
8182,7.0574
8183,6.8606
8184,6.4846
8185,7.0577
8186,8.666
8187,7.1302
8188,7.544
8189,6.5266
8190,8.5106
8191,8.3862
8192,8.3669
8193,7.7683
8194,7.2566
8195,7.9614
8196,8.8808
8197,7.7838
8198,8.6159
8199,9.05
8200,7.0294
8201,6.596
8202,7.5519
8203,8.0704
8204,7.2405
8205,5.6572
8206,8.4412
8207,5.1384
8208,7.023
8209,9.1574
8210,6.9152
8211,7.6116
8212,7.7714
8213,7.7699
8214,7.3656
8215,8.5314
8216,7.8781
8217,8.0199
8218,7.6698
8219,6.9519
8220,9.0154
8221,7.4118
8222,7.4827
8223,7.7838
8224,6.7092
8225,8.1179
8226,7.7336
8227,8.6871
8228,7.7838
8229,8.1072
8230,7.3098
8231,8.2443
8232,8.6474
8233,7.1378
8234,6.7463
8235,8.0029
8236,7.7471
8237,9.031
8238,7.3602
8239,6.3468
8240,8.9865
8241,7.7976
8242,7.7838
8243,7.8457
8244,7.3666
8245,9.7657
8246,7.5531
8247,4.3737
8248,7.416
8249,9.0589
8250,9.5153
8251,8.2524
8252,8.6354
8253,7.8296
8254,8.8345
8255,8.6439
8256,8.9452
8257,7.877
8258,7.7838
8259,5.7333
8260,8.7974
8261,8.9525
8262,7.7683
8263,6.5684
8264,5.1384
8265,7.716
8266,7.7152
8267,8.1964
8268,7.9991
8269,7.9032
8270,7.2388
8271,7.6019
8272,9.3041
8273,6.2583
8274,6.2311
8275,4.8875
8276,7.0922
8277,7.6692
8278,8.3672
8279,8.7549
8280,9.2521
8281,9.6759
8282,6.4893
8283,7.6044
8284,8.1363
8285,7.5352
8286,8.4598
8287,8.2907
8288,8.0789
8289,5.9969
8290,8.8278
8291,8.7591
8292,7.74
8293,6.7373
8294,9.2968
8295,7.3448
8296,8.0113
8297,8.6126
8298,8.3445
8299,6.7371
8300,6.7633
8301,7.933
8302,6.8242
8303,7.3419
8304,5.6197
8305,8.3795
8306,7.5989
8307,8.2662
8308,8.28
8309,8.6551
8310,7.9982
8311,7.6583
8312,7.4213
8313,7.3602
8314,7.8761
8315,8.151
8316,8.5779
8317,8.6766
8318,6.7734
8319,7.429
8320,8.8837
8321,7.3077
8322,6.9299
8323,6.1037
8324,7.8679
8325,8.0304
8326,8.7311
8327,8.557
8328,9.7697
8329,7.8727
8330,7.4777
8331,7.411
8332,8.5296
8333,7.4874
8334,6.4203
8335,7.3246
8336,6.3696
8337,7.6475
8338,6.6916
8339,8.3099
8340,7.7457
8341,7.7838
8342,8.2016
8343,8.9638
8344,8.35
8345,7.3602
8346,7.4374
8347,7.5823
8348,5.19
8349,7.5898
8350,8.6092
8351,7.9091
8352,7.7838
8353,6.5221
8354,6.6464
8355,7.0144
8356,8.0171
8357,7.0928
8358,8.0583
8359,8.2473
8360,9.2149
8361,6.7877
8362,7.7838
8363,6.0869
8364,7.7721
8365,8.2995
8366,7.3602
8367,8.4814
8368,7.0611
8369,7.7838
8370,7.5891
8371,8.8605
8372,7.8896
8373,6.1958
8374,8.9525
8375,9.5696
8376,7.8743
8377,7.3267
8378,5.1384
8379,7.6222
8380,7.7838
8381,5.1384
8382,5.3713
8383,7.1773
8384,7.276
8385,8.7317
8386,8.1714
8387,8.3074
8388,8.703
8389,7.1411
8390,8.7285
8391,7.1369
8392,8.1046
8393,8.0663
8394,5.8807
8395,6.7023
8396,7.62
8397,7.4697
8398,8.3511
8399,9.8164
8400,8.3269
8401,8.2838
8402,8.6235
8403,8.8812
8404,9.7979
8405,8.7507
8406,6.6782
8407,7.557
8408,7.5419
8409,8.9537
8410,8.4732
8411,7.9591
8412,7.1993
8413,8.166
8414,7.7502
8415,8.8222
8416,7.3602
8417,3.1686
8418,8.2398
8419,6.3468
8420,8.1879
8421,8.2248
8422,8.6132
8423,7.2399
8424,5.0822
8425,7.2495
8426,6.9444
8427,8.1968
8428,7.3632
8429,5.8726
8430,7.7531
8431,6.9971
8432,8.4759
8433,5.1384
8434,6.8405
8435,7.9062
8436,7.7838
8437,5.1384
8438,7.9277
8439,7.8117
8440,8.9525
8441,8.9452
8442,8.2795
8443,8.1318
8444,8.9684
8445,6.4869
8446,7.3454
8447,5.166
8448,8.2219
8449,7.2509
8450,8.4518
8451,6.324
8452,7.2583
8453,6.5345
8454,6.343
8455,9.1351
8456,8.2844
8457,6.7173
8458,8.1024
8459,7.5653
8460,7.2516
8461,8.438
8462,8.3288
8463,8.3261
8464,3.4065
8465,8.1136
8466,7.7838
8467,8.1082
8468,7.4185
8469,7.292
8470,5.1384
8471,8.9525
8472,7.2489
8473,8.5722
8474,7.5235
8475,7.9361
8476,7.212
8477,7.7838
8478,8.2282
8479,7.9128
8480,8.0124
8481,9.0056
8482,8.9525
8483,6.8354
8484,7.1844
8485,7.7838
8486,8.7048
8487,9.1087
8488,6.0673
8489,7.7348
8490,7.5623
8491,7.9775
8492,8.8037
8493,8.2345
8494,9.1876
8495,6.0484
8496,9.8278
8497,8.1441
8498,7.207
8499,8.2517
8500,7.8106
8501,8.1955
8502,8.9452
8503,9.4371
8504,8.9525
8505,6.3269
8506,8.4025
8507,7.7415
8508,7.3602
8509,7.3864
8510,7.3687
8511,7.0632
8512,8.2786
8513,7.9026
8514,9.0851
8515,7.3602
8516,8.212
8517,6.404
8518,8.9525
8519,9.0922
8520,8.7473
8521,5.1384
8522,7.9697
8523,7.8543
8524,5.7285
8525,7.8997
8526,7.7838
8527,9.3214
8528,7.7838
8529,7.7838
8530,7.9695
8531,7.7914
8532,5.1384
8533,5.1384
8534,6.1843
8535,7.216
8536,7.1443
8537,7.6705
8538,5.1384
8539,7.2788
8540,8.5683
8541,6.0501
8542,6.7923
8543,7.149
8544,7.4897
8545,8.178
8546,7.9644
8547,7.7838
8548,7.3602
8549,8.9525
8550,6.307
8551,8.5393
8552,6.5738
8553,7.2072
8554,7.5644
8555,6.644
8556,7.5354
8557,7.5003
8558,7.6447
8559,7.3628
8560,7.2556
8561,5.4293
8562,8.2461
8563,8.2731
8564,7.8298
8565,7.067
8566,8.3838
8567,8.9525
8568,7.9375
8569,7.5383
8570,7.1277
8571,9.5091
8572,7.696
8573,7.7838
8574,7.7838
8575,8.5868
8576,7.5054
8577,8.5217
8578,6.6998
8579,7.7593
8580,7.5643
8581,7.356
8582,7.5956
8583,8.0779
8584,8.6755
8585,6.6848
8586,8.4185
8587,9.0921
8588,7.3895
8589,7.9049
8590,8.1106
8591,5.6652
8592,8.1869
8593,6.4081
8594,8.1902
8595,8.2662
8596,7.3602
8597,8.4118
8598,9.0806
8599,7.7838
8600,7.7838
8601,9.7042
8602,7.1724
8603,7.4798
8604,7.8642
8605,9.4746
8606,7.7683
8607,9.1897
8608,7.3602
8609,5.9499
8610,8.5187
8611,7.2468
8612,7.8081
8613,7.137
8614,7.7538
8615,8.1406
8616,8.6989
8617,6.3042
8618,8.6477
8619,7.5989
8620,9.8335
8621,7.1605
8622,7.5365
8623,6.6148
8624,5.8824
8625,8.5711
8626,7.7715
8627,7.6406
8628,7.3602
8629,7.561
8630,8.7091
8631,8.3128
8632,7.7659
8633,8.0555
8634,7.2415
8635,7.247
8636,8.3893
8637,8.0466
8638,7.0215
8639,7.9599
8640,5.3712
8641,9.5673
8642,8.2798
8643,5.7285
8644,7.7838
8645,7.3318
8646,6.5361
8647,8.4674
8648,7.7838
8649,7.8374
8650,7.7063
8651,7.4177
8652,8.5978
8653,5.9848
8654,7.1089
8655,6.0778
8656,7.1869
8657,6.4407
8658,7.45
8659,8.5949
8660,8.194
8661,7.4139
8662,8.2394
8663,7.4356
8664,8.328
8665,7.5983
8666,9.1491
8667,8.9561
8668,7.5375
8669,7.6842
8670,8.7091
8671,6.9593
8672,7.3092
8673,5.1384
8674,8.0889
8675,6.3437
8676,6.2446
8677,7.4281
8678,7.7838
8679,9.2013
8680,7.4965
8681,7.2415
8682,7.196
8683,9.301
8684,9.1928
8685,7.404
8686,6.1236
8687,6.0737
8688,6.4019
8689,9.2091
8690,7.006
8691,8.5714
8692,7.3701
8693,7.3602
8694,7.5956
8695,6.5902
8696,5.1384
8697,5.4681
8698,7.8761
8699,6.198
8700,8.5339
8701,7.2405
8702,8.284
8703,5.1384
8704,7.3602
8705,7.2227
8706,6.6957
8707,7.9578
8708,7.2469
8709,8.9567
8710,8.8937
8711,7.7838
8712,8.5502
8713,6.8679
8714,6.9393
8715,7.0053
8716,7.2872
8717,9.6188
8718,8.2926
8719,8.1466
8720,7.8349
8721,9.8313
8722,8.4895
8723,7.7838
8724,7.2195
8725,7.5235
8726,7.7155
8727,8.3846
8728,6.7305
8729,6.0764
8730,6.7976
8731,8.4236
8732,8.0328
8733,7.6373
8734,9.5994
8735,7.4869
8736,7.3602
8737,7.4768
8738,9.5105
8739,7.9047
8740,7.2745
8741,7.1637
8742,9.3039
8743,8.2196
8744,5.7435
8745,9.2823
8746,9.0351
8747,8.5674
8748,7.7889
8749,8.1646
8750,5.6086
8751,7.1532
8752,7.3167
8753,8.5015
8754,5.2955
8755,7.9958
8756,7.3482
8757,8.9662
8758,9.0854
8759,8.4724
8760,8.5124
8761,8.7091
8762,6.4302
8763,7.345
8764,9.1743
8765,7.1293
8766,6.83
8767,4.2958
8768,7.4329
8769,8.4508
8770,7.2402
8771,8.1558
8772,9.3793
8773,7.3015
8774,7.8121
8775,7.1685
8776,8.3796
8777,6.7413
8778,7.5235
8779,7.9184
8780,8.9452
8781,9.8269
8782,9.7433
8783,8.0254
8784,8.3346
8785,6.9246
8786,8.2717
8787,8.6685
8788,8.7374
8789,9.0441
8790,10.0
8791,9.1567
8792,6.9381
8793,9.4191
8794,7.546
8795,9.5696
8796,7.5867
8797,7.5956
8798,8.8736
8799,7.1297
8800,9.3048
8801,8.5122
8802,7.0183
8803,8.6257
8804,7.2546
8805,5.7178
8806,6.886
8807,5.7879
8808,6.8872
8809,5.6953
8810,9.6591
8811,8.0285
8812,7.2903
8813,6.2586
8814,5.1384
8815,6.751
8816,8.9525
8817,7.936
8818,7.0739
8819,7.8827
8820,8.4654
8821,6.7514
8822,8.9525
8823,7.3261
8824,6.3689
8825,8.9252
8826,7.7063
8827,8.9909
8828,7.7705
8829,7.6191
8830,7.3335
8831,8.9525
8832,6.6602
8833,5.3829
8834,9.2498
8835,8.3756
8836,8.4375
8837,7.8798
8838,6.2354
8839,7.7838
8840,8.6798
8841,7.8296
8842,9.3658
8843,7.8409
8844,6.7878
8845,7.5235
8846,6.5962
8847,7.6786
8848,6.9632
8849,7.4299
8850,7.1171
8851,8.3111
8852,7.7721
8853,8.2574
8854,7.7683
8855,8.6231
8856,9.1174
8857,8.2386
8858,8.635
8859,7.3459
8860,6.7267
8861,6.4713
8862,7.3445
8863,7.0326
8864,6.6701
8865,8.1235
8866,6.7168
8867,8.8167
8868,8.0958
8869,8.2539
8870,5.6585
8871,6.6185
8872,7.7671
8873,8.9178
8874,4.5554
8875,8.1409
8876,8.1533
8877,7.6252
8878,6.8279
8879,7.7116
8880,7.578
8881,7.0876
8882,8.0718
8883,9.4076
8884,8.2009
8885,9.2387
8886,7.7485
8887,7.9471
8888,7.6634
8889,8.9525
8890,7.1648
8891,8.5054
8892,6.903
8893,7.0954
8894,7.7398
8895,7.4914
8896,7.9109
8897,7.4424
8898,7.2098
8899,7.5398
8900,7.7274
8901,7.421
8902,5.7285
8903,8.9452
8904,7.6616
8905,7.9966
8906,7.7473
8907,8.1712
8908,7.5487
8909,6.3702
8910,8.6439
8911,7.1769
8912,8.8692
8913,8.9525
8914,8.5274
8915,7.6259
8916,7.6308
8917,7.7213
8918,4.8361
8919,8.4254
8920,7.981
8921,7.7838
8922,7.8897
8923,7.8168
8924,9.1493
8925,8.0253
8926,8.328
8927,7.6569
8928,8.2156
8929,5.1384
8930,6.7734
8931,8.9525
8932,7.1814
8933,9.3214
8934,8.9525
8935,8.4205
8936,7.7838
8937,7.289
8938,7.8418
8939,5.1384
8940,6.9226
8941,7.2795
8942,7.7535
8943,7.0106
8944,8.0933
8945,8.5991
8946,7.5824
8947,8.7237
8948,6.4234
8949,7.7887
8950,8.1323
8951,7.7838
8952,6.713
8953,8.937
8954,7.0383
8955,7.2559
8956,6.9956
8957,7.1747
8958,7.2202
8959,7.5698
8960,8.0083
8961,6.3034
8962,7.1014
8963,7.736
8964,7.8886
8965,6.4481
8966,8.5296
8967,8.9525
8968,7.8896
8969,8.5347
8970,7.9649
8971,8.6333
8972,6.2611
8973,7.1625
8974,7.5426
8975,7.0167
8976,7.893
8977,7.5626
8978,9.1198
8979,8.0981
8980,5.4369
8981,4.2663
8982,7.9644
8983,7.2055
8984,7.9588
8985,7.5468
8986,8.151
8987,7.563
8988,7.857
8989,5.5173
8990,9.6909
8991,7.4074
8992,9.1301
8993,7.5171
8994,7.3602
8995,6.3865
8996,7.8828
8997,5.386
8998,9.3287
8999,6.4715
9000,8.9525
9001,5.7559
9002,7.684
9003,7.7213
9004,6.7768
9005,5.9445
9006,7.4389
9007,7.884
9008,8.9525
9009,7.8702
9010,8.0397
9011,7.8074
9012,7.9383
9013,9.2627
9014,7.6025
9015,7.203
9016,8.4075
9017,6.9782
9018,8.2576
9019,8.9525
9020,7.3856
9021,5.0841
9022,8.005
9023,7.7813
9024,7.7838
9025,8.208
9026,8.9525
9027,6.9038
9028,6.9682
9029,6.9211
9030,5.1384
9031,8.9685
9032,6.2721
9033,7.1443
9034,7.4886
9035,8.1623
9036,8.7749
9037,6.8137
9038,6.512
9039,6.7737
9040,7.441
9041,6.3673
9042,8.8056
9043,9.4462
9044,7.1565
9045,7.4153
9046,5.6261
9047,5.1384
9048,8.0331
9049,8.6806
9050,7.2192
9051,7.8228
9052,8.3531
9053,5.8048
9054,7.7552
9055,8.6986
9056,7.8787
9057,8.5972
9058,8.7163
9059,9.7433
9060,6.9626
9061,8.3675
9062,7.9183
9063,8.937
9064,8.0617
9065,7.099
9066,6.9465
9067,8.3795
9068,5.3304
9069,7.1271
9070,9.1574
9071,7.4994
9072,7.6723
9073,7.9316
9074,8.0992
9075,7.3421
9076,7.5466
9077,8.4422
9078,5.4675
9079,7.7838
9080,8.0151
9081,5.0051
9082,9.2774
9083,5.3034
9084,8.508
9085,7.7838
9086,8.0865
9087,8.765
9088,6.1942
9089,8.1527
9090,6.1595
9091,5.9191
9092,6.8099
9093,7.7838
9094,6.9878
9095,7.9016
9096,7.7742
9097,6.3619
9098,8.8971
9099,7.0424
9100,7.2788
9101,6.1444
9102,9.2543
9103,7.2583
9104,8.7929
9105,5.4084
9106,6.9067
9107,8.4749
9108,8.6439
9109,8.9525
9110,8.4279
9111,8.9041
9112,8.5158
9113,9.6545
9114,6.1423
9115,8.1714
9116,7.7612
9117,7.7683
9118,7.6413
9119,4.7296
9120,9.3938
9121,7.7074
9122,7.2095
9123,4.8831
9124,7.9126
9125,9.5153
9126,5.1384
9127,8.9587
9128,8.3128
9129,7.4886
9130,7.3602
9131,7.3918
9132,7.2013
9133,6.488
9134,7.2193
9135,9.0882
9136,8.284
9137,9.0084
9138,5.0333
9139,9.0608
9140,7.7063
9141,8.0386
9142,8.9525
9143,7.5508
9144,8.434
9145,9.5454
9146,6.8376
9147,7.0991
9148,9.3214
9149,8.4746
9150,6.1335
9151,7.3602
9152,8.1714
9153,7.7639
9154,7.3667
9155,5.9071
9156,5.6452
9157,8.5639
9158,6.5561
9159,8.2828
9160,9.2537
9161,9.0809
9162,9.0806
9163,8.9525
9164,7.6385
9165,7.9688
9166,8.2266
9167,7.0421
9168,7.7792
9169,8.2426
9170,8.1577
9171,7.292
9172,7.9287
9173,7.3937
9174,7.7877
9175,8.065
9176,7.7726
9177,6.9832
9178,7.7941
9179,7.7838
9180,6.8495
9181,6.9211
9182,8.0016
9183,7.3561
9184,8.9181
9185,7.4633
9186,8.2365
9187,7.7227
9188,9.037
9189,8.0912
9190,5.7285
9191,8.9525
9192,6.5706
9193,4.8433
9194,6.7644
9195,7.7838
9196,7.7063
9197,7.7059
9198,6.7258
9199,7.5479
9200,7.2001
9201,8.1646
9202,5.9529
9203,7.7446
9204,7.1164
9205,7.7838
9206,5.1384
9207,7.2028
9208,6.83
9209,7.5448
9210,8.6859
9211,7.7948
9212,7.7434
9213,7.1993
9214,6.735
9215,7.8869
9216,7.8121
9217,8.1069
9218,8.739
9219,8.8072
9220,8.3216
9221,7.0619
9222,8.1784
9223,4.7979
9224,8.2182
9225,6.3316
9226,8.6743
9227,6.7784
9228,8.1714
9229,7.4223
9230,9.4296
9231,6.6436
9232,6.6327
9233,6.1524
9234,6.5902
9235,8.7273
9236,9.1129
9237,7.8025
9238,6.7112
9239,7.1884
9240,7.9991
9241,5.8825
9242,7.368
9243,7.5989
9244,7.538
9245,8.2739
9246,5.7603
9247,8.4511
9248,7.5476
9249,8.3611
9250,7.3602
9251,8.0
9252,8.0143
9253,4.2337
9254,7.6808
9255,9.1183
9256,7.7348
9257,8.3305
9258,8.0472
9259,7.3556
9260,5.1384
9261,7.7526
9262,7.7297
9263,9.2425
9264,5.1384
9265,9.3214
9266,7.2195
9267,7.0702
9268,7.3602
9269,8.0082
9270,7.7838
9271,8.035
9272,7.2855
9273,7.9936
9274,7.7165
9275,7.3602
9276,7.4218
9277,6.7267
9278,7.7838
9279,6.7122
9280,5.078
9281,8.352
9282,8.1701
9283,8.1509
9284,7.3602
9285,8.3425
9286,7.7194
9287,9.3214
9288,7.7838
9289,7.8771
9290,7.8281
9291,7.9831
9292,7.7921
9293,9.5593
9294,7.1924
9295,8.328
9296,7.0753
9297,8.7759
9298,7.3915
9299,8.2443
9300,8.3792
9301,8.5224
9302,6.6715
9303,7.6141
9304,7.1769
9305,7.7838
9306,6.9132
9307,7.1372
9308,6.4022
9309,6.6327
9310,7.8937
9311,9.4859
9312,9.4391
9313,5.9326
9314,8.0544
9315,7.7838
9316,8.5719
9317,7.268
9318,7.2614
9319,6.9646
9320,7.3268
9321,7.368
9322,8.4376
9323,8.4121
9324,7.3095
9325,5.6844
9326,7.6692
9327,5.3085
9328,7.1538
9329,4.8672
9330,7.7838
9331,7.5408
9332,7.3036
9333,7.8253
9334,9.7062
9335,6.6584
9336,7.5656
9337,7.5852
9338,9.5153
9339,8.0063
9340,9.0676
9341,7.8937
9342,7.7443
9343,7.4816
9344,5.5331
9345,7.9996
9346,7.4199
9347,7.9432
9348,6.7382
9349,7.8547
9350,9.671
9351,7.0061
9352,7.0327
9353,8.9909
9354,8.1939
9355,7.6865
9356,8.446
9357,7.5738
9358,7.9361
9359,8.1057
9360,7.7658
9361,9.2304
9362,8.5884
9363,7.5953
9364,7.3602
9365,7.7838
9366,8.6382
9367,7.7838
9368,7.7069
9369,7.6949
9370,6.9779
9371,7.1712
9372,8.919
9373,7.7219
9374,7.7872
9375,9.0405
9376,6.884
9377,7.4158
9378,7.3239
9379,8.4732
9380,5.855
9381,8.5212
9382,8.9525
9383,7.1065
9384,7.4531
9385,8.5067
9386,7.072
9387,8.4621
9388,8.9525
9389,7.2401
9390,8.371
9391,7.257
9392,7.2341
9393,8.8971
9394,7.805
9395,5.7285
9396,7.4199
9397,5.5092
9398,5.2842
9399,6.9033
9400,8.0295
9401,8.411
9402,7.6271
9403,8.505
9404,7.9812
9405,8.0248
9406,8.4927
9407,7.7838
9408,7.7358
9409,7.8864
9410,5.1384
9411,7.8137
9412,7.9263
9413,6.7632
9414,7.3637
9415,8.3266
9416,6.8744
9417,8.9452
9418,7.1254
9419,6.8438
9420,8.5204
9421,7.7571
9422,7.7838
9423,8.1621
9424,7.1769
9425,7.8808
9426,7.7577
9427,6.6327
9428,5.718
9429,7.2788
9430,7.0701
9431,7.281
9432,8.4118
9433,7.6134
9434,8.326
9435,6.8553
9436,7.1769
9437,7.7838
9438,8.0359
9439,5.9446
9440,8.7254
9441,8.596
9442,5.9097
9443,8.359
9444,8.3334
9445,7.5235
9446,7.7887
9447,7.5768
9448,7.5235
9449,7.6396
9450,7.26
9451,7.3824
9452,9.1245
9453,8.1171
9454,8.5296
9455,7.2659
9456,7.3658
9457,6.8597
9458,7.3602
9459,8.1226
9460,7.6619
9461,7.3073
9462,7.3789
9463,7.3909
9464,6.3488
9465,8.3171
9466,5.8015
9467,6.1876
9468,6.9882
9469,5.3213
9470,7.527
9471,7.7625
9472,7.118
9473,7.0198
9474,7.6775
9475,8.7091
9476,7.3602
9477,9.4445
9478,7.1769
9479,7.6838
9480,10.0
9481,8.6335
9482,7.7683
9483,7.3587
9484,7.8081
9485,8.4001
9486,6.6549
9487,8.2888
9488,6.7768
9489,7.4841
9490,8.1808
9491,9.7761
9492,5.9828
9493,7.4029
9494,7.1769
9495,8.3466
9496,7.376
9497,8.0001
9498,7.0572
9499,6.9604
9500,8.1391
9501,6.7697
9502,7.7838
9503,6.9097
9504,6.6922
9505,6.6366
9506,7.5827
9507,6.9211
9508,8.0413
9509,8.6047
9510,8.2288
9511,5.7878
9512,8.1139
9513,8.9525
9514,8.9525
9515,7.3796
9516,6.3355
9517,8.1407
9518,8.8861
9519,8.3099
9520,7.5175
9521,8.1304
9522,7.3602
9523,7.9667
9524,8.6047
9525,8.9452
9526,7.2512
9527,7.1806
9528,9.0331
9529,8.1088
9530,7.8678
9531,7.2576
9532,7.5911
9533,7.3788
9534,8.5072
9535,8.6438
9536,7.9271
9537,7.6884
9538,7.1031
9539,7.5595
9540,6.1031
9541,8.0115
9542,8.2076
9543,6.3464
9544,7.3871
9545,6.7651
9546,8.3595
9547,6.2583
9548,7.3909
9549,6.4628
9550,8.9525
9551,8.328
9552,7.7252
9553,8.1301
9554,8.0709
9555,6.6186
9556,6.8799
9557,6.4836
9558,8.134
9559,9.4274
9560,6.0856
9561,9.457
9562,9.6865
9563,9.2696
9564,8.7942
9565,7.7838
9566,7.0128
9567,7.1784
9568,7.8439
9569,7.5041
9570,9.157
9571,7.6108
9572,8.3821
9573,7.1535
9574,8.1413
9575,7.3602
9576,7.3602
9577,6.141
9578,6.2219
9579,8.6247
9580,4.1053
9581,6.3138
9582,8.2405
9583,5.5954
9584,7.5235
9585,8.2424
9586,7.027
9587,6.871
9588,7.7695
9589,8.7564
9590,8.0974
9591,7.9095
9592,5.1384
9593,7.6115
9594,7.3602
9595,7.7838
9596,9.713
9597,7.4177
9598,6.4531
9599,7.7538
9600,8.8701
9601,6.8855
9602,7.0801
9603,8.7057
9604,7.3308
9605,7.4497
9606,6.3602
9607,8.6466
9608,8.5141
9609,8.9525
9610,6.6877
9611,8.1098
9612,4.3905
9613,8.0748
9614,7.5711
9615,7.8089
9616,7.8658
9617,6.9779
9618,8.038
9619,8.4828
9620,6.7425
9621,7.4213
9622,8.9525
9623,7.9479
9624,8.0563
9625,9.0743
9626,7.4798
9627,7.5151
9628,7.7885
9629,6.6559
9630,6.8776
9631,7.2984
9632,7.036
9633,7.772
9634,7.5045
9635,7.6459
9636,7.4224
9637,7.9683
9638,7.8014
9639,10.0
9640,8.0177
9641,6.0484
9642,6.9425
9643,8.9272
9644,8.3304
9645,5.633
9646,8.0253
9647,9.0578
9648,8.0011
9649,6.215
9650,9.2521
9651,7.4086
9652,8.557
9653,8.7362
9654,7.6799
9655,7.4568
9656,8.6357
9657,7.4314
9658,9.2125
9659,8.2157
9660,8.7135
9661,8.434
9662,7.7853
9663,8.8467
9664,7.6002
9665,8.1841
9666,7.7761
9667,6.9836
9668,7.3602
9669,8.3148
9670,8.2753
9671,7.5837
9672,8.7137
9673,8.4465
9674,6.7259
9675,7.0912
9676,7.5816
9677,7.9495
9678,8.9525
9679,6.724
9680,8.1532
9681,9.4737
9682,6.776
9683,9.3041
9684,9.1251
9685,7.5412
9686,6.4535
9687,8.0489
9688,8.2422
9689,8.1514
9690,8.3701
9691,9.2869
9692,7.7743
9693,8.326
9694,7.3132
9695,8.7569
9696,9.1942
9697,6.4089
9698,8.5901
9699,7.3149
9700,7.8752
9701,5.1415
9702,7.7838
9703,8.9525
9704,8.175
9705,7.231
9706,7.7838
9707,8.8886
9708,6.2808
9709,7.6665
9710,7.1917
9711,8.4763
9712,6.9767
9713,7.7717
9714,5.9718
9715,8.8891
9716,7.6249
9717,8.421
9718,8.475
9719,6.6522
9720,9.2602
9721,6.9453
9722,8.284
9723,7.828
9724,7.6502
9725,7.8485
9726,7.6077
9727,7.9752
9728,7.7501
9729,7.3602
9730,7.1278
9731,6.8788
9732,8.2844
9733,6.6259
9734,5.1384
9735,9.3214
9736,8.4232
9737,7.8081
9738,8.1403
9739,7.2496
9740,5.6585
9741,6.0181
9742,8.1313
9743,7.1222
9744,7.6139
9745,7.7838
9746,7.8694
9747,9.1199
9748,6.399
9749,8.0384
9750,7.7379
9751,8.3218
9752,8.1274
9753,6.8835
9754,8.5154
9755,6.781
9756,7.1449
9757,6.9869
9758,7.3314
9759,7.1784
9760,7.3602
9761,8.4912
9762,6.668
9763,7.1512
9764,6.9992
9765,4.7767
9766,6.7598
9767,7.8185
9768,5.7285
9769,7.1458
9770,7.6509
9771,8.344
9772,8.5296
9773,7.7319
9774,8.0689
9775,7.8044
9776,8.2704
9777,8.3484
9778,7.3234
9779,9.1433
9780,8.235
9781,6.3765
9782,7.3658
9783,6.9855
9784,7.4965
9785,6.2919
9786,9.2385
9787,6.9429
9788,7.838
9789,7.3479
9790,7.4954
9791,5.1384
9792,7.1591
9793,8.5683
9794,8.0733
9795,8.5803
9796,6.7734
9797,7.707
9798,7.1814
9799,8.3736
9800,7.6395
9801,8.0438
9802,8.4644
9803,8.3151
9804,7.0463
9805,7.5235
9806,8.9305
9807,8.8099
9808,5.5077
9809,6.0237
9810,7.2396
9811,7.37
9812,7.4215
9813,8.6715
9814,6.613
9815,7.8143
9816,8.2452
9817,7.5235
9818,8.4355
9819,8.431
9820,7.9435
9821,5.6452
9822,8.0959
9823,7.6075
9824,6.2104
9825,7.7227
9826,5.7285
9827,8.1317
9828,8.5776
9829,9.3868
9830,8.9128
9831,7.5411
9832,7.6692
9833,7.6965
9834,7.6601
9835,9.1052
9836,7.3602
9837,5.3592
9838,6.9054
9839,9.9262
9840,8.1962
9841,6.4102
9842,8.6705
9843,8.9174
9844,7.7883
9845,6.6936
9846,8.6956
9847,10.0
9848,7.3688
9849,9.5994
9850,6.5845
9851,8.1077
9852,7.1607
9853,10.0
9854,5.3191
9855,8.3589
9856,7.8019
9857,7.1381
9858,7.9232
9859,8.4748
9860,5.9718
9861,8.5296
9862,8.9452
9863,7.405
9864,6.9096
9865,7.6267
9866,8.4979
9867,8.7816
9868,7.8518
9869,7.7838
9870,6.6281
9871,7.1479
9872,8.0263
9873,7.0869
9874,6.8931
9875,7.9888
9876,6.6513
9877,6.776
9878,7.4534
9879,7.3538
9880,8.6913
9881,7.8768
9882,7.5365
9883,8.9369
9884,8.3605
9885,9.5919
9886,7.8739
9887,7.7726
9888,7.7499
9889,7.8942
9890,6.3846
9891,5.5933
9892,8.1023
9893,7.3602
9894,7.1936
9895,7.4582
9896,7.1323
9897,6.8807
9898,8.0972
9899,8.2182
9900,8.2962
9901,7.7838
9902,9.1834
9903,6.9299
9904,8.5083
9905,9.7433
9906,7.6517
9907,6.7731
9908,6.7345
9909,8.0681
9910,7.7063
9911,7.26
9912,8.8224
9913,8.0366
9914,9.4305
9915,7.9569
9916,8.1826
9917,7.9412
9918,7.412
9919,7.1561
9920,7.7546
9921,7.3471
9922,9.3859
9923,4.2904
9924,8.9525
9925,7.4612
9926,5.0888
9927,6.8434
9928,7.3602
9929,7.4753
9930,8.4582
9931,8.2918
9932,8.0295
9933,7.649
9934,8.2465
9935,7.8702
9936,8.1429
9937,8.486
9938,7.2832
9939,5.9876
9940,8.6954
9941,8.1197
9942,8.267
9943,8.8629
9944,7.49
9945,8.9452
9946,5.9213
9947,7.1609
9948,6.0099
9949,7.1769
9950,7.9125
9951,5.4593
9952,9.2722
9953,5.9927
9954,7.1316
9955,6.6864
9956,6.7274
9957,9.0896
9958,7.2872
9959,7.5922
9960,6.8423
9961,6.9045
9962,9.398
9963,9.8489
9964,8.0629
9965,8.0128
9966,8.255
9967,8.284
9968,8.9452
9969,7.7838
9970,7.5607
9971,7.2023
9972,8.051
9973,5.3818
9974,8.9525
9975,6.7869
9976,8.2229
9977,6.9546
9978,6.8635
9979,9.7083
9980,7.7413
9981,6.8562
9982,8.9525
9983,5.8308
9984,6.2409
9985,8.9525
9986,8.2455
9987,7.7938
9988,8.1939
9989,7.8783
9990,7.0482
9991,6.4683
9992,8.6458
9993,7.8562
9994,8.1229
9995,7.7511
9996,7.2955
9997,9.0056
9998,8.742
9999,7.4113
10000,7.26
10001,8.2558
10002,7.6321
10003,7.2327
10004,8.1842
10005,7.191
10006,8.6913
10007,7.0012
10008,8.5307
10009,7.9184
10010,8.8105
10011,10.0
10012,5.7157
10013,7.4107
10014,7.4472
10015,7.7216
10016,7.3859
10017,8.1868
10018,7.225
10019,8.5416
10020,7.3382
10021,5.4469
10022,8.1974
10023,7.7906
10024,6.4469
10025,5.8751
10026,8.4272
10027,7.7838
10028,8.6368
10029,7.3602
10030,7.6388
10031,7.5473
10032,7.0909
10033,6.3029
10034,6.5714
10035,7.3602
10036,8.3721
10037,7.494
10038,8.1569
10039,8.0681
10040,8.2538
10041,7.866
10042,6.1791
10043,5.7878
10044,7.9305
10045,7.694
10046,7.8727
10047,7.1904
10048,8.3242
10049,7.899
10050,8.17
10051,5.6585
10052,7.5806
10053,7.5816
10054,8.3668
10055,6.8768
10056,6.9988
10057,8.8197
10058,7.6721
10059,7.2185
10060,8.6355
10061,8.5434
10062,7.7838
10063,8.3396
10064,6.8014
10065,8.8863
10066,9.7433
10067,7.7838
10068,7.7838
10069,8.9525
10070,6.1909
10071,7.3742
10072,8.9452
10073,8.8245
10074,8.1053
10075,7.5235
10076,6.0393
10077,7.9875
10078,8.3795
10079,8.0663
10080,9.0806
10081,5.5898
10082,7.4113
10083,7.8649
10084,8.0269
10085,8.1998
10086,8.9525
10087,8.5418
10088,7.3602
10089,7.3632
10090,6.5109
10091,8.038
10092,6.7281
10093,7.9684
10094,7.7367
10095,7.6106
10096,6.5954
10097,9.4453
10098,8.0941
10099,8.0783
10100,8.9525
10101,8.3993
10102,9.2465
10103,6.6636
10104,7.7838
10105,7.4885
10106,8.53
10107,7.3914
10108,7.2276
10109,8.9452
10110,7.692
10111,7.8785
10112,8.6439
10113,7.1769
10114,7.6141
10115,8.9452
10116,7.1769
10117,6.9256
10118,7.5476
10119,6.1895
10120,8.4521
10121,8.4728
10122,7.3602
10123,6.5522
10124,7.3602
10125,7.1511
10126,6.9348
10127,9.2734
10128,8.7191
10129,7.2521
10130,7.7838
10131,6.6745
10132,8.0843
10133,8.151
10134,7.2373
10135,8.1141
10136,8.3007
10137,9.0772
10138,7.6609
10139,7.476
10140,7.4328
10141,9.3214
10142,7.6431
10143,7.5726
10144,8.1192
10145,7.9637
10146,7.956
10147,7.1723
10148,7.776
10149,6.9211
10150,6.9677
10151,6.995
10152,6.9879
10153,5.3429
10154,5.8186
10155,8.2757
10156,7.7838
10157,7.8457
10158,8.3959
10159,8.4799
10160,6.1802
10161,8.3089
10162,7.2032
10163,8.3831
10164,7.4625
10165,8.6636
10166,5.2969
10167,8.4033
10168,8.065
10169,8.0148
10170,6.3615
10171,8.0933
10172,8.9452
10173,7.7838
10174,7.8287
10175,8.9452
10176,6.7448
10177,7.4505
10178,5.1384
10179,7.5634
10180,8.1509
10181,8.9153
10182,7.949
10183,7.5235
10184,7.3602
10185,8.3966
10186,6.9478
10187,6.3023
10188,7.8019
10189,7.429
10190,7.0565
10191,8.059
10192,7.84
10193,6.9978
10194,7.6692
10195,8.9525
10196,7.1817
10197,7.7532
10198,9.4073
10199,6.1257
10200,6.2256
10201,7.9432
10202,8.9154
10203,8.276
10204,9.0125
10205,7.6873
10206,5.8558
10207,6.9512
10208,7.7679
10209,7.8379
10210,6.9136
10211,7.0279
10212,8.1703
10213,6.5979
10214,8.4263
10215,4.1688
10216,8.0288
10217,6.3879
10218,7.6721
10219,7.7838
10220,7.4819
10221,6.1801
10222,8.0966
10223,8.8147
10224,6.41
10225,7.0549
10226,8.1011
10227,8.5494
10228,7.0833
10229,7.4873
10230,8.3835
10231,8.5823
10232,8.1018
10233,7.5395
10234,5.8486
10235,7.8631
10236,7.8006
10237,8.9926
10238,7.7838
10239,7.9615
10240,7.9055
10241,7.8548
10242,7.7864
10243,7.52
10244,7.6692
10245,7.7179
10246,7.5235
10247,8.9525
10248,7.6634
10249,6.688
10250,7.432
10251,7.3784
10252,8.4123
10253,5.9475
10254,7.2968
10255,7.3716
10256,9.534
10257,7.5235
10258,9.7914
10259,7.9824
10260,8.2307
10261,8.9525
10262,8.6475
10263,9.7619
10264,7.4501
10265,8.188
10266,7.3124
10267,7.3503
10268,8.0063
10269,7.4302
10270,6.8225
10271,7.6643
10272,8.9601
10273,8.6217
10274,7.7615
10275,8.8227
10276,7.3454
10277,8.3189
10278,8.8682
10279,7.5178
10280,7.3364
10281,9.4076
10282,8.0644
10283,8.2662
10284,8.2708
10285,7.7686
10286,8.0118
10287,7.2311
10288,7.7838
10289,7.9684
10290,8.0127
10291,7.3602
10292,8.0912
10293,8.504
10294,7.3602
10295,8.8506
10296,8.3052
10297,6.8032
10298,9.3214
10299,6.7
10300,7.8825
10301,9.5247
10302,7.7683
10303,8.9525
10304,7.6619
10305,8.1472
10306,7.3602
10307,8.2121
10308,7.7838
10309,5.9074
10310,8.7361
10311,7.5708
10312,8.6008
10313,7.4892
10314,6.9073
10315,7.5684
10316,7.1567
10317,8.5296
10318,6.3058
10319,5.3626
10320,7.4221
10321,9.3063
10322,7.2085
10323,6.5629
10324,7.5235
10325,7.7838
10326,7.3602
10327,7.8699
10328,8.4171
10329,8.505
10330,7.7935
10331,6.8593
10332,8.3973
10333,8.2126
10334,7.5235
10335,7.3378
10336,6.9112
10337,7.7838
10338,7.5461
10339,7.8426
10340,7.1784
10341,5.0074
10342,7.5235
10343,7.1301
10344,5.4541
10345,5.4931
10346,7.8664
10347,6.7674
10348,7.7137
10349,8.4553
10350,5.4412
10351,8.0818
10352,7.9311
10353,7.0414
10354,8.3319
10355,8.3411
10356,7.4753
10357,9.6987
10358,7.2817
10359,8.175
10360,6.1709
10361,7.4
10362,8.3242
10363,7.7838
10364,6.9507
10365,7.3521
10366,7.322
10367,6.6212
10368,7.8896
10369,6.0448
10370,6.4107
10371,7.4386
10372,7.8062
10373,7.9466
10374,6.332
10375,8.781
10376,6.997
10377,6.3755
10378,7.6341
10379,5.8433
10380,7.2928
10381,8.2096
10382,6.8989
10383,6.8134
10384,8.9525
10385,7.9432
10386,7.3602
10387,8.1709
10388,8.2688
10389,7.7615
10390,7.0978
10391,5.7024
10392,8.1298
10393,8.5744
10394,9.0408
10395,9.3001
10396,6.7893
10397,8.1157
10398,7.1835
10399,7.7838
10400,9.0231
10401,6.3871
10402,7.202
10403,7.2154
10404,7.2755
10405,7.6176
10406,6.9212
10407,7.9208
10408,7.7838
10409,8.1714
10410,7.5816
10411,7.2381
10412,8.8812
10413,8.0798
10414,7.5602
10415,7.094
10416,8.9525
10417,8.1714
10418,7.3455
10419,5.3498
10420,5.3054
10421,8.025
10422,8.3736
10423,8.2362
10424,7.3483
10425,8.0162
10426,7.6799
10427,8.2598
10428,7.8542
10429,8.4908
10430,7.0746
10431,8.2886
10432,7.8654
10433,7.3803
10434,5.5205
10435,9.5033
10436,7.8802
10437,6.9111
10438,5.1384
10439,8.2424
10440,7.4388
10441,9.3272
10442,7.426
10443,8.3124
10444,4.3737
10445,8.6705
10446,7.1224
10447,6.343
10448,7.9042
10449,7.0091
10450,6.9228
10451,8.1455
10452,8.6515
10453,8.4876
10454,8.776
10455,6.4034
10456,8.3155
10457,6.7594
10458,7.2742
10459,8.0222
10460,8.528
10461,8.1282
10462,8.0743
10463,8.0992
10464,8.6439
10465,7.1205
10466,6.9137
10467,7.9398
10468,8.3736
10469,7.9432
10470,7.7838
10471,6.0135
10472,8.6715
10473,6.5461
10474,8.5239
10475,9.7433
10476,6.0145
10477,7.7838
10478,7.6897
10479,8.0282
10480,7.3602
10481,7.6411
10482,6.208
10483,8.9926
10484,7.7838
10485,6.2583
10486,7.819
10487,7.7154
10488,7.0657
10489,8.2762
10490,8.048
10491,9.4279
10492,7.8196
10493,7.2201
10494,7.1624
10495,5.1384
10496,7.1012
10497,7.1156
10498,7.6865
10499,7.7116
10500,8.3736
10501,7.113
10502,6.7998
10503,6.0448
10504,8.5311
10505,8.4503
10506,7.0315
10507,8.4154
10508,7.9136
10509,5.6969
10510,8.281
10511,7.7063
10512,8.9282
10513,8.9525
10514,8.0622
10515,6.5348
10516,6.6069
10517,8.9525
10518,8.0734
10519,7.1233
10520,8.0763
10521,7.0568
10522,7.8129
10523,6.5405
10524,7.7213
10525,8.6541
10526,7.4568
10527,8.1393
10528,8.9452
10529,7.1983
10530,4.7685
10531,9.0015
10532,7.0064
10533,8.3241
10534,7.3283
10535,6.8588
10536,8.2534
10537,7.9803
10538,6.9528
10539,7.7838
10540,8.3445
10541,8.6209
10542,8.1541
10543,8.0589
10544,7.8352
10545,7.2251
10546,7.1492
10547,7.7577
10548,8.3331
10549,7.9207
10550,8.284
10551,8.5877
10552,6.4829
10553,8.284
10554,6.6183
10555,5.8609
10556,7.8886
10557,8.5296
10558,9.7913
10559,6.9299
10560,7.3557
10561,7.7915
10562,5.1384
10563,8.6156
10564,7.1469
10565,8.4069
10566,6.7841
10567,6.5902
10568,7.5475
10569,8.9525
10570,7.2207
10571,6.7291
10572,7.8205
10573,8.4217
10574,7.2337
10575,4.7437
10576,7.1755
10577,7.5508
10578,7.3602
10579,7.8093
10580,7.3999
10581,6.7816
10582,8.9525
10583,7.3321
10584,7.085
10585,6.6534
10586,7.767
10587,7.568
10588,8.9525
10589,7.26
10590,9.7903
10591,7.1862
10592,6.3765
10593,7.3645
10594,8.7144
10595,5.1384
10596,7.0636
10597,7.5785
10598,6.4664
10599,7.2207
10600,7.2742
10601,8.7026
10602,7.5092
10603,7.796
10604,9.3145
10605,7.3779
10606,7.4494
10607,7.2773
10608,6.9473
10609,7.4642
10610,6.9579
10611,8.8551
10612,7.3075
10613,7.8053
10614,7.0193
10615,7.2647
10616,7.1981
10617,7.458
10618,8.2203
10619,10.0
10620,8.7979
10621,7.6051
10622,5.2842
10623,6.6551
10624,7.6885
10625,7.3167
10626,8.4561
10627,8.9309
10628,8.9213
10629,6.5514
10630,8.7091
10631,8.3299
10632,6.4469
10633,8.8609
10634,8.7861
10635,7.5617
10636,7.4383
10637,8.4457
10638,8.2853
10639,9.2748
10640,7.7663
10641,7.9404
10642,9.5696
10643,8.7549
10644,8.302
10645,8.9525
10646,7.8081
10647,6.5958
10648,8.0052
10649,7.26
10650,7.2014
10651,8.0573
10652,7.9071
10653,8.8036
10654,8.0843
10655,7.5871
10656,7.152
10657,6.5702
10658,8.6947
10659,9.2883
10660,7.8512
10661,6.8993
10662,6.904
10663,7.515
10664,8.4796
10665,7.7827
10666,8.6149
10667,6.7186
10668,7.7838
10669,7.5235
10670,7.882
10671,8.1763
10672,7.7838
10673,7.3165
10674,7.26
10675,7.7035
10676,6.0664
10677,9.1183
10678,7.8493
10679,7.2077
10680,7.2773
10681,9.3397
10682,6.6255
10683,7.1848
10684,8.0466
10685,8.1125
10686,7.5141
10687,8.0559
10688,7.6763
10689,7.1796
10690,7.7838
10691,7.1012
10692,8.4274
10693,8.1354
10694,7.2872
10695,7.8702
10696,6.9269
10697,8.979
10698,5.5363
10699,7.5235
10700,7.1223
10701,7.0777
10702,7.5061
10703,7.7838
10704,8.9525
10705,5.5954
10706,7.3602
10707,8.3276
10708,8.3925
10709,7.577
10710,7.2465
10711,9.001
10712,6.8518
10713,9.3214
10714,9.1469
10715,7.3602
10716,7.477
10717,7.7591
10718,8.3672
10719,7.5827
10720,5.1384
10721,7.2994
10722,7.8504
10723,8.9525
10724,8.0804
10725,8.1714
10726,6.945
10727,9.1713
10728,7.742
10729,7.9782
10730,4.9423
10731,7.7024
10732,7.1438
10733,6.5571
10734,8.7604
10735,7.7838
10736,7.704
10737,8.2731
10738,7.7838
10739,7.3602
10740,7.7838
10741,8.9452
10742,6.3731
10743,8.0321
10744,8.1694
10745,6.5412
10746,7.256
10747,7.2151
10748,8.208
10749,7.7709
10750,8.5389
10751,7.7838
10752,5.4019
10753,6.3436
10754,8.5442
10755,5.9305
10756,8.6474
10757,7.8367
10758,8.6007
10759,8.8024
10760,8.3266
10761,7.3602
10762,7.2738
10763,9.4076
10764,6.9211
10765,7.7238
10766,7.4568
10767,7.1209
10768,7.5235
10769,7.5217
10770,8.8027
10771,7.5235
10772,7.2665
10773,7.563
10774,7.7701
10775,7.4316
10776,7.3602
10777,7.5404
10778,7.4787
10779,5.7755
10780,8.7091
10781,7.4281
10782,7.0964
10783,8.8869
10784,6.2586
10785,8.8094
10786,7.9641
10787,8.9241
10788,7.3658
10789,7.7608
10790,7.9247
10791,7.742
10792,8.2722
10793,7.3052
10794,8.849
10795,6.8995
10796,7.5235
10797,7.7189
10798,7.8349
10799,8.3099
10800,7.5235
10801,5.6585
10802,7.4501
10803,8.6382
10804,7.7002
10805,7.892
10806,8.7673
10807,6.5503
10808,7.1023
10809,5.7231
10810,7.3602
10811,8.4695
10812,4.2073
10813,7.2837
10814,8.2964
10815,8.9383
10816,6.5103
10817,7.1575
10818,7.098
10819,7.9833
10820,8.6237
10821,9.3041
10822,7.2729
10823,8.4975
10824,7.828
10825,7.8518
10826,7.26
10827,8.9525
10828,7.8042
10829,8.0148
10830,7.5105
10831,8.9525
10832,8.1714
10833,8.3338
10834,7.3602
10835,7.6911
10836,7.1309
10837,7.3602
10838,9.0359
10839,7.7577
10840,5.4541
10841,8.0559
10842,7.9351
10843,7.7838
10844,7.5912
10845,8.4246
10846,8.4975
10847,8.2046
10848,8.3537
10849,9.4751
10850,7.1336
10851,6.9114
10852,7.3794
10853,7.2266
10854,7.3153
10855,8.2759
10856,7.4048
10857,6.4735
10858,6.4452
10859,7.9693
10860,7.8752
10861,8.476
10862,7.4018
10863,8.2942
10864,8.8407
10865,8.9452
10866,9.4336
10867,8.284
10868,7.6629
10869,7.7732
10870,7.4843
10871,7.7838
10872,8.5877
10873,8.7091
10874,9.2439
10875,8.4269
10876,8.0612
10877,7.834
10878,6.853
10879,8.9525
10880,8.0263
10881,7.6599
10882,8.862
10883,8.0148
10884,6.898
10885,7.8668
10886,8.6636
10887,7.4096
10888,7.834
10889,8.5216
10890,7.8315
10891,7.7063
10892,7.3192
10893,7.7577
10894,6.136
10895,8.9525
10896,8.8999
10897,9.0815
10898,8.0143
10899,6.9846
10900,8.3792
10901,7.3602
10902,5.1384
10903,8.9452
10904,9.5696
10905,7.1675
10906,9.8789
10907,7.26
10908,8.6652
10909,8.7374
10910,6.5676
10911,7.5035
10912,7.094
10913,7.3412
10914,8.9525
10915,6.7665
10916,8.3371
10917,8.9525
10918,7.4753
10919,7.5235
10920,7.9926
10921,8.4966
10922,7.7449
10923,8.4434
10924,4.6785
10925,9.1727
10926,6.7356
10927,8.9525
10928,7.1398
10929,6.1404
10930,8.6669
10931,6.9116
10932,6.3468
10933,6.6607
10934,8.0548
10935,7.8254
10936,5.4039
10937,9.5742
10938,7.9471
10939,9.0347
10940,8.0727
10941,4.9859
10942,8.0244
10943,7.26
10944,7.1757
10945,7.7838
10946,7.8713
10947,7.234
10948,6.936
10949,8.5296
10950,7.5787
10951,8.5871
10952,9.4567
10953,8.4096
10954,6.4128
10955,8.3
10956,5.7387
10957,8.1276
10958,7.1445
10959,7.8838
10960,8.2732
10961,4.9976
10962,7.9472
10963,7.4792
10964,8.0
10965,7.6983
10966,8.0
10967,8.9525
10968,6.2056
10969,7.8586
10970,7.3602
10971,5.1384
10972,9.0254
10973,7.6005
10974,7.578
10975,5.7878
10976,7.5205
10977,6.9674
10978,9.384
10979,8.9525
10980,7.6276
10981,7.7407
10982,6.8416
10983,6.5458
10984,8.6715
10985,7.404
10986,8.7091
10987,8.0612
10988,7.5144
10989,7.8196
10990,6.6912
10991,8.4166
10992,7.7683
10993,5.6407
10994,6.7213
10995,7.3602
10996,7.2279
10997,7.4728
10998,8.5557
10999,7.4963
11000,8.0315
11001,8.5028
11002,7.7838
11003,7.2469
11004,7.1992
11005,7.1713
11006,5.1384
11007,5.6504
11008,6.7385
11009,9.4143
11010,10.0
11011,8.8066
11012,7.6414
11013,4.7464
11014,7.4319
11015,7.0127
11016,8.2196
11017,7.7838
11018,8.1407
11019,7.5235
11020,7.9424
11021,6.6008
11022,8.4457
11023,7.1514
11024,9.251
11025,8.9048
11026,9.0348
11027,9.4994
11028,7.369
11029,8.7549
11030,7.9991
11031,7.4841
11032,7.3602
11033,7.4858
11034,7.5855
11035,8.3396
11036,6.605
11037,8.8418
11038,8.2232
11039,9.3526
11040,7.2336
11041,7.7512
11042,9.1178
11043,8.207
11044,7.7063
11045,6.6828
11046,7.6798
11047,6.1811
11048,8.3262
11049,7.4494
11050,6.4275
11051,8.6859
11052,6.0974
11053,7.4425
11054,7.8247
11055,7.3602
11056,10.0
11057,7.3602
11058,8.4053
11059,7.5283
11060,8.2786
11061,7.8053
11062,7.7838
11063,6.6507
11064,6.5883
11065,8.9525
11066,7.7838
11067,8.7729
11068,7.6095
11069,5.857
11070,8.6705
11071,8.1532
11072,5.2842
11073,7.7107
11074,6.4446
11075,7.8186
11076,10.0
11077,8.5042
11078,7.5199
11079,6.7837
11080,8.9525
11081,6.512
11082,7.4392
11083,7.789
11084,7.1769
11085,9.0887
11086,7.323
11087,7.4633
11088,7.6599
11089,8.8904
11090,7.7838
11091,6.6924
11092,9.1571
11093,9.3214
11094,8.1509
11095,7.5323
11096,7.5079
11097,6.7282
11098,7.3793
11099,7.8857
11100,9.3214
11101,8.215
11102,8.2331
11103,7.4421
11104,7.2014
11105,6.3318
11106,7.9289
11107,8.5859
11108,6.3468
11109,7.7005
11110,9.1955
11111,6.9309
11112,7.8081
11113,6.4146
11114,8.9525
11115,8.9525
11116,8.4037
11117,7.4753
11118,7.6746
11119,8.8573
11120,5.1384
11121,7.6185
11122,8.8529
11123,8.2739
11124,9.2497
11125,8.9525
11126,9.3214
11127,5.7285
11128,7.7114
11129,7.7063
11130,7.7838
11131,6.2862
11132,7.4171
11133,7.5305
11134,8.2151
11135,7.3602
11136,7.4699
11137,5.8276
11138,8.8177
11139,4.3737
11140,7.2878
11141,7.2528
11142,8.2101
11143,9.4711
11144,7.2773
11145,6.8339
11146,7.6935
11147,7.4811
11148,8.2593
11149,8.4233
11150,7.1376
11151,7.8937
11152,7.6759
11153,7.9867
11154,6.665
11155,8.0929
11156,7.5749
11157,7.3602
11158,7.7753
11159,7.5353
11160,7.3602
11161,7.9095
11162,6.5558
11163,7.6652
11164,7.6389
11165,8.9525
11166,9.5865
11167,7.3527
11168,6.0341
11169,7.4045
11170,8.739
11171,7.0014
11172,7.083
11173,7.6418
11174,6.1059
11175,8.1124
11176,7.1811
11177,7.4532
11178,7.1323
11179,5.5014
11180,8.9388
11181,5.7285
11182,6.1301
11183,7.7487
11184,7.6973
11185,8.9891
11186,7.6271
11187,7.7838
11188,7.2888
11189,5.8904
11190,8.1714
11191,7.0459
11192,7.9515
11193,8.5509
11194,8.9525
11195,7.7227
11196,7.5806
11197,8.3082
11198,7.8565
11199,7.1693
11200,8.6339
11201,7.0942
11202,8.587
11203,7.1323
11204,6.3846
11205,7.6647
11206,7.9983
11207,7.177
11208,7.6692
11209,9.5536
11210,9.7089
11211,9.3214
11212,8.8816
11213,7.0355
11214,8.5422
11215,8.0173
11216,7.8319
11217,7.9303
11218,8.5735
11219,7.7838
11220,8.7435
11221,7.8776
11222,6.6404
11223,6.9862
11224,7.2587
11225,7.2701
11226,7.4509
11227,8.294
11228,8.1588
11229,8.4645
11230,6.348
11231,8.0377
11232,7.5703
11233,8.2786
11234,7.7542
11235,7.0923
11236,7.7211
11237,8.7091
11238,8.6675
11239,9.3214
11240,8.0404
11241,8.194
11242,7.5694
11243,8.6515
11244,7.7838
11245,7.0392
11246,7.0193
11247,8.3543
11248,7.6403
11249,7.5366
11250,8.2862
11251,6.7392
11252,5.9114
11253,7.8231
11254,9.5884
11255,7.4746
11256,7.3602
11257,7.7093
11258,7.0833
11259,5.1384
11260,7.0559
11261,8.058
11262,7.9522
11263,6.429
11264,6.7906
11265,7.6734
11266,6.2583
11267,7.4631
11268,7.906
11269,8.0299
11270,6.9211
11271,7.167
11272,7.1007
11273,7.1391
11274,8.3053
11275,6.7664
11276,5.1384
11277,6.6701
11278,8.1997
11279,7.097
11280,7.4947
11281,7.7818
11282,6.421
11283,6.2213
11284,8.2568
11285,7.9113
11286,7.5278
11287,8.0589
11288,7.6763
11289,6.0765
11290,7.5827
11291,8.3606
11292,8.7549
11293,8.6873
11294,7.91
11295,6.1404
11296,7.26
11297,7.5887
11298,8.7932
11299,9.3214
11300,7.6633
11301,7.716
11302,7.3602
11303,9.5153
11304,8.1225
11305,8.1828
11306,8.0523
11307,7.602
11308,8.1366
11309,9.4686
11310,8.1131
11311,8.3142
11312,7.9034
11313,7.1073
11314,6.9203
11315,6.3384
11316,8.9525
11317,7.5528
11318,7.8896
11319,8.9926
11320,8.7782
11321,8.7422
11322,7.5397
11323,8.1488
11324,7.7838
11325,8.2722
11326,7.2216
11327,7.689
11328,9.7715
11329,6.7255
11330,8.7855
11331,8.3114
11332,8.4495
11333,8.9525
11334,7.0795
11335,8.6236
11336,6.7879
11337,8.3639
11338,7.3602
11339,7.9026
11340,8.3445
11341,8.7575
11342,7.7521
11343,7.0058
11344,5.1384
11345,6.8606
11346,9.4597
11347,7.8671
11348,7.4848
11349,8.0148
11350,9.9473
11351,7.8064
11352,8.6352
11353,7.8587
11354,6.8764
11355,7.1494
11356,6.4722
11357,8.1378
11358,5.4851
11359,7.929
11360,7.8686
11361,8.1247
11362,7.112
11363,9.0706
11364,7.2195
11365,7.7727
11366,7.3602
11367,7.8142
11368,9.3214
11369,8.09
11370,8.5308
11371,5.1384
11372,7.7838
11373,7.2972
11374,8.5742
11375,7.9157
11376,7.294
11377,7.7227
11378,7.6053
11379,6.6159
11380,8.8439
11381,8.1864
11382,6.7746
11383,7.1966
11384,9.9159
11385,8.2681
11386,8.5296
11387,5.324
11388,6.739
11389,7.0588
11390,8.3128
11391,8.0199
11392,7.0323
11393,6.4469
11394,8.7278
11395,6.4864
11396,7.2952
11397,7.4779
11398,8.0275
11399,7.7695
11400,9.7083
11401,7.7838
11402,7.1521
11403,7.1955
11404,7.7838
11405,7.8558
11406,7.502
11407,9.2497
11408,7.2024
11409,8.6573
11410,7.3602
11411,8.1301
11412,8.2859
11413,9.3077
11414,8.9525
11415,7.9638
11416,6.116
11417,6.484
11418,7.3566
11419,7.7683
11420,8.0135
11421,7.725
11422,6.3173
11423,7.663
11424,8.8055
11425,7.8255
11426,8.4378
11427,8.0929
11428,6.9238
11429,5.371
11430,7.5596
11431,5.1502
11432,9.3214
11433,9.4178
11434,6.0267
11435,7.6167
11436,7.7838
11437,7.5743
11438,8.3396
11439,8.3334
11440,7.7838
11441,7.2111
11442,7.4833
11443,7.2613
11444,7.3602
11445,6.723
11446,8.6159
11447,7.5235
11448,8.0552
11449,7.713
11450,6.5916
11451,8.7048
11452,6.9872
11453,7.378
11454,7.82
11455,8.4114
11456,7.7838
11457,7.7838
11458,6.8109
11459,7.8778
11460,7.7838
11461,7.7973
11462,9.0915
11463,7.4806
11464,7.7666
11465,8.0041
11466,7.8908
11467,9.269
11468,8.084
11469,8.1714
11470,9.0045
11471,7.7838
11472,9.7467
11473,6.2684
11474,5.1384
11475,7.7838
11476,8.1842
11477,6.6562
11478,6.3765
11479,6.8084
11480,4.8734
11481,8.2172
11482,6.943
11483,7.4465
11484,7.899
11485,7.9831
11486,7.6692
11487,6.6292
11488,8.6333
11489,7.382
11490,7.236
11491,7.7838
11492,7.1769
11493,9.107
11494,7.441
11495,7.1359
11496,6.7898
11497,7.7838
11498,8.6387
11499,7.223
11500,7.9565
11501,8.3477
11502,6.6429
11503,6.8798
11504,3.7606
11505,7.4662
11506,7.7319
11507,7.8614
11508,6.3127
11509,8.9452
11510,6.6602
11511,5.1384
11512,8.1847
11513,7.1453
11514,7.7838
11515,7.2516
11516,7.9787
11517,7.9953
11518,7.1784
11519,7.2721
11520,5.4369
11521,8.9525
11522,8.5752
11523,7.3184
11524,7.826
11525,8.4208
11526,8.1534
11527,7.7723
11528,8.1246
11529,7.2038
11530,8.1768
11531,6.6704
11532,8.7367
11533,7.8121
11534,8.1057
11535,7.6028
11536,6.7609
11537,8.0616
11538,7.7838
11539,8.3213
11540,9.1548
11541,7.14
11542,5.2537
11543,7.8001
11544,7.7566
11545,8.1681
11546,8.3383
11547,8.6504
11548,7.2404
11549,9.1136
11550,7.7838
11551,8.0663
11552,7.2007
11553,9.9642
11554,6.7928
11555,9.5994
11556,9.3
11557,8.222
11558,6.7734
11559,8.3658
11560,6.805
11561,7.3778
11562,5.1384
11563,7.3602
11564,6.0684
11565,5.0299
11566,7.8936
11567,7.0485
11568,8.429
11569,7.9426
11570,7.6543
11571,8.358
11572,7.7838
11573,6.8096
11574,8.5437
11575,6.6339
11576,7.7676
11577,7.6542
11578,9.1747
11579,8.4095
11580,8.15
11581,7.8267
11582,6.7282
11583,7.26
11584,7.4734
11585,7.7056
11586,5.8485
11587,6.7802
11588,8.8577
11589,8.9525
11590,7.9684
11591,6.1632
11592,9.4917
11593,6.7646
11594,7.0739
11595,7.5787
11596,5.736
11597,6.5636
11598,7.3149
11599,7.3738
11600,9.1133
11601,7.3602
11602,7.7838
11603,7.7838
11604,7.3167
11605,7.2465
11606,8.9525
11607,8.0473
11608,6.8354
11609,8.4426
11610,6.8886
11611,8.0398
11612,8.194
11613,7.5624
11614,7.8871
11615,7.2966
11616,6.7482
11617,5.9253
11618,5.6493
11619,6.6886
11620,6.3314
11621,7.992
11622,7.6358
11623,7.962
11624,8.6893
11625,7.288
11626,6.8945
11627,8.6098
11628,8.7441
11629,10.0
11630,6.5958
11631,8.8738
11632,7.7683
11633,8.9702
11634,8.4773
11635,8.2257
11636,5.7285
11637,5.9482
11638,7.2913
11639,7.797
11640,7.3602
11641,8.8179
11642,7.3167
11643,7.6427
11644,7.2869
11645,7.2219
11646,8.8015
11647,9.4561
11648,6.5889
11649,8.934
11650,8.1034
11651,7.8937
11652,7.5888
11653,7.7838
11654,8.6835
11655,8.0743
11656,9.3977
11657,8.9054
11658,6.1347
11659,6.6803
11660,7.8203
11661,6.8243
11662,7.8073
11663,8.4118
11664,7.7838
11665,9.8341
11666,8.9199
11667,8.0199
11668,6.4785
11669,6.4912
11670,8.1983
11671,6.8764
11672,7.6393
11673,7.111
11674,7.8301
11675,7.2282
11676,7.79
11677,8.4735
11678,7.6302
11679,6.6694
11680,8.9525
11681,7.0823
11682,7.7253
11683,5.4113
11684,6.5296
11685,8.0328
11686,7.8933
11687,8.3091
11688,8.5294
11689,7.134
11690,6.934
11691,7.4627
11692,4.3062
11693,7.3376
11694,6.8618
11695,8.3199
11696,7.7108
11697,8.4695
11698,8.3901
11699,6.555
11700,8.3603
11701,6.3778
11702,9.1404
11703,7.7838
11704,8.2285
11705,7.9302
11706,6.7107
11707,7.4588
11708,7.9256
11709,7.5554
11710,7.7678
11711,8.7188
11712,8.1429
11713,7.1556
11714,8.175
11715,6.4545
11716,8.6616
11717,6.8631
11718,9.1456
11719,7.7606
11720,7.7125
11721,4.3737
11722,7.6074
11723,8.1429
11724,7.3888
11725,5.1384
11726,7.3602
11727,9.6203
11728,8.1714
11729,7.0548
11730,7.8134
11731,9.4393
11732,7.9759
11733,5.1384
11734,8.6333
11735,7.8584
11736,7.655
11737,7.7838
11738,8.3303
11739,8.2883
11740,8.3224
11741,9.2405
11742,8.4227
11743,7.7694
11744,7.6425
11745,6.7362
11746,8.607
11747,9.0098
11748,6.7393
11749,7.0698
11750,7.3602
11751,5.8788
11752,4.835
11753,8.9525
11754,8.291
11755,7.2315
11756,8.9452
11757,8.2244
11758,8.9632
11759,7.3073
11760,8.0999
11761,7.9334
11762,7.6556
11763,8.0495
11764,9.2055
11765,8.8474
11766,6.3534
11767,8.6052
11768,8.9254
11769,7.2109
11770,7.6002
11771,7.1513
11772,7.2537
11773,9.2009
11774,6.8111
11775,6.7634
11776,7.8036
11777,8.284
11778,8.7999
11779,7.4874
11780,5.6572
11781,6.2254
11782,7.5942
11783,7.4529
11784,5.7387
11785,8.1178
11786,7.26
11787,7.3143
11788,8.4268
11789,8.9452
11790,8.0177
11791,7.7838
11792,8.4378
11793,8.1862
11794,7.9194
11795,7.5235
11796,7.1674
11797,7.8415
11798,6.1707
11799,8.875
11800,8.6186
11801,7.3094
11802,7.3602
11803,8.2843
11804,7.6729
11805,8.6756
11806,8.282
11807,6.9611
11808,7.2188
11809,8.4714
11810,8.3242
11811,7.992
11812,8.0122
11813,9.1286
11814,8.9525
11815,9.2497
11816,7.9183
11817,6.4852
11818,7.7667
11819,7.6372
11820,8.7564
11821,7.9124
11822,8.0879
11823,6.759
11824,7.5629
11825,6.1365
11826,6.9072
11827,7.3602
11828,7.7023
11829,9.2602
11830,8.6619
11831,7.7438
11832,7.6692
11833,7.8071
11834,6.5636
11835,6.4505
11836,5.2315
11837,8.1866
11838,6.42
11839,8.1765
11840,7.7395
11841,7.1028
11842,6.5852
11843,7.8046
11844,5.5593
11845,7.2761
11846,6.3344
11847,8.2824
11848,8.0069
11849,7.4025
11850,6.1802
11851,8.0402
11852,6.6414
11853,8.8909
11854,7.6317
11855,7.3225
11856,8.607
11857,8.9452
11858,8.9452
11859,8.5617
11860,7.282
11861,7.7838
11862,7.8937
11863,7.3317
11864,7.785
11865,8.0221
11866,7.9256
11867,5.4541
11868,7.3757
11869,8.3701
11870,7.7403
11871,5.5476
11872,7.7838
11873,9.1803
11874,8.035
11875,7.135
11876,6.458
11877,7.26
11878,7.8363
11879,9.2585
11880,7.3054
11881,6.8179
11882,5.3915
11883,8.0199
11884,7.4557
11885,6.7313
11886,7.963
11887,7.855
11888,7.8026
11889,7.7914
11890,7.7838
11891,7.5732
11892,7.9535
11893,7.1078
11894,9.1136
11895,7.0978
11896,7.5293
11897,7.5514
11898,6.5842
11899,7.7838
11900,6.9585
11901,7.5769
11902,8.9525
11903,6.651
11904,6.9211
11905,5.5271
11906,5.6585
11907,6.4021
11908,7.7838
11909,7.8745
11910,8.3784
11911,6.7757
11912,8.9525
11913,8.211
11914,6.6602
11915,7.5041
11916,8.8407
11917,7.842
11918,6.9299
11919,7.7172
11920,7.2014
11921,7.3602
11922,7.9495
11923,6.9299
11924,9.3041
11925,7.0322
11926,8.7816
11927,8.9738
11928,7.1412
11929,7.7683
11930,8.9525
11931,5.1384
11932,8.6819
11933,6.643
11934,7.7838
11935,8.9525
11936,5.1447
11937,8.5439
11938,7.514
11939,8.0853
11940,8.8557
11941,7.728
11942,8.054
11943,8.1906
11944,8.3897
11945,7.8535
11946,8.3511
11947,8.6217
11948,8.9525
11949,8.7549
11950,8.0154
11951,7.6619
11952,8.1683
11953,8.249
11954,7.7838
11955,5.9434
11956,7.5235
11957,8.4378
11958,8.7241
11959,6.0237
11960,7.3928
11961,5.7692
11962,7.6541
11963,7.6066
11964,8.9046
11965,7.5235
11966,7.8734
11967,7.5501
11968,8.4444
11969,7.3673
11970,7.4905
11971,8.2193
11972,8.0196
11973,7.3687
11974,8.4422
11975,6.7515
11976,8.9525
11977,8.2635
11978,9.7433
11979,8.9211
11980,8.7105
11981,8.1864
11982,7.7838
11983,8.186
11984,8.7703
11985,8.4772
11986,8.9475
11987,7.98
11988,8.5699
11989,7.7838
11990,9.3214
11991,6.2583
11992,6.8778
11993,8.0968
11994,9.6731
11995,6.5329
11996,7.7174
11997,6.5518
11998,6.8931
11999,6.6029
12000,7.3198
12001,7.1995
12002,7.5635
12003,8.0176
12004,8.0933
12005,6.3939
12006,7.3602
12007,9.1926
12008,7.7838
12009,7.0777
12010,7.0059
12011,5.1384
12012,7.1663
12013,7.7683
12014,7.5235
12015,9.352
12016,6.9101
12017,8.0571
12018,4.3737
12019,7.26
12020,8.9452
12021,8.2147
12022,6.1255
12023,8.3128
12024,7.7063
12025,7.3602
12026,8.756
12027,8.0873
12028,7.7838
12029,8.9525
12030,8.0414
12031,6.7972
12032,7.8073
12033,8.5095
12034,7.7838
12035,9.2483
12036,7.3624
12037,7.914
12038,7.5851
12039,7.6651
12040,7.646
12041,6.4583
12042,7.3602
12043,6.2437
12044,7.7838
12045,8.7091
12046,7.1193
12047,7.699
12048,8.3143
12049,8.2784
12050,6.951
12051,7.7838
12052,8.9281
12053,7.8089
12054,6.9761
12055,5.9776
12056,8.216
12057,7.7838
12058,6.7772
12059,8.451
12060,4.8405
12061,7.3158
12062,7.6246
12063,7.2591
12064,7.6118
12065,6.9857
12066,8.4423
12067,8.0083
12068,8.4021
12069,7.7507
12070,9.3041
12071,7.6876
12072,7.2485
12073,7.7848
12074,7.0537
12075,9.5496
12076,7.4045
12077,6.1895
12078,7.2391
12079,8.0617
12080,7.7194
12081,8.0286
12082,7.2405
12083,6.2219
12084,7.3019
12085,6.0857
12086,7.0476
12087,8.937
12088,7.6084
12089,8.7855
12090,8.5691
12091,8.428
12092,7.7838
12093,7.8734
12094,7.3552
12095,8.1648
12096,7.3291
12097,8.4183
12098,7.7838
12099,7.2474
12100,7.6426
12101,7.5697
12102,8.2801
12103,8.9525
12104,8.0737
12105,8.285
12106,8.549
12107,8.3601
12108,7.7484
12109,6.3778
12110,8.2912
12111,7.4876
12112,5.1384
12113,7.5423
12114,9.5821
12115,8.1806
12116,7.2214
12117,8.6694
12118,7.8831
12119,8.0083
12120,7.6562
12121,7.595
12122,8.9525
12123,6.6945
12124,6.5572
12125,7.4703
12126,7.7838
12127,7.7322
12128,8.2454
12129,8.1023
12130,6.9762
12131,8.046
12132,7.7838
12133,7.7838
12134,8.6016
12135,9.0944
12136,9.0339
12137,7.3925
12138,5.7445
12139,8.2635
12140,7.3227
12141,8.6525
12142,5.9861
12143,6.9514
12144,9.1888
12145,8.4063
12146,8.9452
12147,6.3377
12148,7.2839
12149,7.0002
12150,8.8695
12151,8.284
12152,9.0339
12153,7.4603
12154,8.1054
12155,8.2999
12156,7.2628
12157,7.9581
12158,7.7258
12159,8.9048
12160,8.052
12161,8.9525
12162,8.9449
12163,7.9559
12164,8.094
12165,8.3504
12166,8.8051
12167,7.7052
12168,8.005
12169,7.9361
12170,8.3058
12171,7.7838
12172,7.8973
12173,9.8473
12174,7.5235
12175,7.4642
12176,7.4703
12177,7.3602
12178,6.9809
12179,3.5613
12180,8.151
12181,9.5699
12182,8.9525
12183,7.2627
12184,9.1198
12185,7.2406
12186,8.8283
12187,8.2006
12188,9.6591
12189,7.5082
12190,8.9525
12191,8.25
12192,6.3212
12193,6.8486
12194,9.0782
12195,7.758
12196,7.8171
12197,7.26
12198,6.1187
12199,6.3758
12200,6.6087
12201,7.7974
12202,7.3602
12203,8.6468
12204,7.8411
12205,7.424
12206,7.7838
12207,8.0157
12208,9.3096
12209,8.1014
12210,10.0
12211,7.4081
12212,5.755
12213,8.0756
12214,8.0834
12215,7.094
12216,6.3099
12217,6.9131
12218,7.8427
12219,5.9635
12220,5.8043
12221,6.1544
12222,5.2861
12223,8.222
12224,7.0508
12225,7.9432
12226,5.3111
12227,8.0998
12228,6.8935
12229,7.8075
12230,6.5815
12231,6.0627
12232,8.3092
12233,7.7904
12234,8.1754
12235,8.2673
12236,7.7229
12237,6.6938
12238,8.6217
12239,8.1416
12240,5.1384
12241,6.7251
12242,6.9567
12243,8.1536
12244,7.6266
12245,6.7443
12246,7.7084
12247,6.4788
12248,8.3605
12249,7.6439
12250,8.2143
12251,7.3394
12252,6.8584
12253,7.308
12254,8.5586
12255,8.2182
12256,7.574
12257,6.9693
12258,8.2953
12259,8.9452
12260,8.7619
12261,7.8088
12262,6.2354
12263,9.0504
12264,7.3937
12265,8.1014
12266,8.1714
12267,8.5296
12268,6.0145
12269,9.1808
12270,8.328
12271,8.3113
12272,9.3214
12273,7.7838
12274,5.7285
12275,5.7608
12276,6.5437
12277,7.8748
12278,7.6411
12279,8.7469
12280,7.405
12281,7.7838
12282,8.7091
12283,7.7332
12284,8.0996
12285,7.7003
12286,8.3219
12287,7.7838
12288,7.7721
12289,7.8761
12290,7.7838
12291,7.5166
12292,8.4498
12293,8.4214
12294,6.7475
12295,7.7838
12296,8.4227
12297,7.7063
12298,6.3662
12299,7.7838
12300,8.9775
12301,8.3548
12302,7.0707
12303,7.6738
12304,7.8392
12305,7.3026
12306,7.5418
12307,7.5704
12308,6.2003
12309,9.4007
12310,6.1452
12311,8.9452
12312,6.3882
12313,9.5249
12314,8.0601
12315,9.7547
12316,8.0753
12317,7.2149
12318,5.7111
12319,7.1769
12320,7.6263
12321,7.041
12322,7.3155
12323,7.6666
12324,8.5434
12325,4.7985
12326,7.7838
12327,7.5415
12328,7.2821
12329,7.9811
12330,4.1906
12331,6.7324
12332,8.0652
12333,8.0785
12334,7.1769
12335,7.529
12336,8.0818
12337,4.4808
12338,7.3054
12339,6.0312
12340,7.7838
12341,9.4091
12342,9.0503
12343,8.1063
12344,8.1634
12345,8.0351
12346,7.6449
12347,8.3267
12348,7.6053
12349,6.2823
12350,6.9609
12351,9.0835
12352,7.8567
12353,9.208
12354,8.6859
12355,7.3925
12356,7.7227
12357,8.6852
12358,7.1323
12359,7.0097
12360,8.0386
12361,7.5409
12362,7.3323
12363,7.5184
12364,8.4268
12365,7.5214
12366,6.978
12367,7.7739
12368,4.7187
12369,7.6047
12370,5.3625
12371,7.1323
12372,5.0121
12373,8.1831
12374,5.3018
12375,7.9616
12376,9.2448
12377,7.4982
12378,7.527
12379,8.7443
12380,5.7285
12381,7.1896
12382,7.9026
12383,9.4859
12384,7.094
12385,8.3445
12386,8.0148
12387,7.0883
12388,7.7559
12389,7.713
12390,9.3973
12391,5.5925
12392,8.3631
12393,7.9515
12394,7.7051
12395,6.6092
12396,8.105
12397,7.8581
12398,7.7595
12399,6.7377
12400,7.5501
12401,7.916
12402,7.7914
12403,6.9723
12404,6.8661
12405,8.9525
12406,7.1769
12407,8.1795
12408,6.5394
12409,7.3602
12410,7.3184
12411,8.6778
12412,8.1968
12413,7.9108
12414,7.2195
12415,7.6628
12416,6.9299
12417,8.2236
12418,5.1384
12419,7.1187
12420,7.4108
12421,7.2422
12422,7.2028
12423,9.3214
12424,10.0
12425,8.5406
12426,7.8702
12427,8.7453
12428,8.5101
12429,8.1836
12430,5.3312
12431,7.7725
12432,7.9311
12433,7.2742
12434,8.492
12435,7.9904
12436,7.0005
12437,7.3696
12438,8.505
12439,6.872
12440,7.7181
12441,8.8216
12442,7.7091
12443,9.1055
12444,7.5944
12445,7.7838
12446,6.8405
12447,8.1301
12448,9.1868
12449,7.8645
12450,8.1387
12451,9.7678
12452,5.0195
12453,8.7536
12454,8.882
12455,8.8526
12456,9.9778
12457,7.2852
12458,8.4501
12459,7.9822
12460,8.1963
12461,7.5258
12462,7.3538
12463,8.5051
12464,7.2283
12465,8.2954
12466,7.4642
12467,7.5657
12468,7.482
12469,8.4282
12470,8.5062
12471,9.521
12472,8.0629
12473,6.3958
12474,8.3355
12475,7.3602
12476,7.9092
12477,8.9525
12478,8.2266
12479,9.4609
12480,6.3623
12481,7.6208
12482,8.284
12483,6.5973
12484,9.3715
12485,5.1384
12486,8.1521
12487,8.9525
12488,7.6032
12489,8.0819
12490,8.5155
12491,7.6224
12492,7.622
12493,7.9011
12494,7.2164
12495,6.3467
12496,8.176
12497,7.0439
12498,7.9189
12499,7.6385
12500,8.5211
12501,8.4778
12502,5.1384
12503,8.828
12504,9.0098
12505,7.4726
12506,7.5225
12507,7.7485
12508,8.7091
12509,8.17
12510,7.5282
12511,8.3967
12512,6.8937
12513,8.6148
12514,8.0681
12515,7.6246
12516,9.106
12517,7.0565
12518,7.3371
12519,8.9525
12520,8.0004
12521,7.4568
12522,8.4189
12523,4.8358
12524,8.4262
12525,6.2364
12526,7.3975
12527,8.1051
12528,5.0735
12529,7.0761
12530,8.9646
12531,7.2872
12532,6.4942
12533,4.3737
12534,7.7683
12535,7.2446
12536,7.7838
12537,8.5917
12538,8.1187
12539,6.9612
12540,9.0254
12541,7.62
12542,5.5745
12543,5.4427
12544,7.565
12545,7.8869
12546,8.5322
12547,7.2762
12548,8.4069
12549,8.6186
12550,6.8267
12551,8.7606
12552,7.5235
12553,8.7578
12554,7.2337
12555,7.0463
12556,9.1389
12557,5.1384
12558,7.6475
12559,8.2123
12560,7.5235
12561,8.764
12562,5.8756
12563,7.5821
12564,8.5025
12565,6.6626
12566,6.9528
12567,7.5171
12568,6.9267
12569,7.3987
12570,8.3128
12571,7.7838
12572,8.9429
12573,8.0397
12574,7.7973
12575,8.9452
12576,7.1786
12577,8.5296
12578,7.8114
12579,7.5235
12580,7.6159
12581,8.7878
12582,8.6388
12583,7.1043
12584,5.9956
12585,7.3596
12586,7.8833
12587,7.8411
12588,7.2124
12589,7.5235
12590,7.5745
12591,9.3976
12592,7.8121
12593,8.2834
12594,8.2676
12595,6.9611
12596,8.3379
12597,7.7124
12598,6.5372
12599,6.7252
12600,5.336
12601,8.9525
12602,8.0879
12603,8.3465
12604,7.9232
12605,8.9525
12606,7.1194
12607,8.3792
12608,7.9858
12609,7.8395
12610,9.643
12611,7.371
12612,4.5618
12613,7.2582
12614,8.4903
12615,5.8829
12616,7.301
12617,6.4885
12618,5.1384
12619,7.7671
12620,7.2646
12621,6.8848
12622,8.4838
12623,8.637
12624,6.2771
12625,7.7424
12626,8.8055
12627,6.9963
12628,8.7075
12629,7.6741
12630,7.7439
12631,7.3602
12632,8.781
12633,9.9082
12634,7.6971
12635,6.7891
12636,8.0772
12637,7.6312
12638,7.4501
12639,6.6929
12640,6.9561
12641,6.6552
12642,5.7878
12643,7.8672
12644,5.1384
12645,7.5477
12646,7.8628
12647,8.1364
12648,8.9525
12649,7.9052
12650,5.1384
12651,7.3613
12652,7.3602
12653,8.0201
12654,7.7838
12655,8.2212
12656,6.3428
12657,7.1064
12658,7.5919
12659,8.5356
12660,8.7309
12661,7.4517
12662,9.1404
12663,9.1671
12664,7.9644
12665,7.5235
12666,8.4899
12667,8.5913
12668,8.284
12669,7.8089
12670,7.7838
12671,6.7881
12672,8.3276
12673,7.7838
12674,5.6211
12675,7.6329
12676,8.5589
12677,8.9985
12678,9.5033
12679,7.5959
12680,8.091
12681,7.3025
12682,7.2067
12683,5.1384
12684,7.334
12685,5.1384
12686,7.7838
12687,8.3761
12688,7.2382
12689,4.3737
12690,8.5709
12691,7.4189
12692,7.4473
12693,7.208
12694,8.9452
12695,7.8505
12696,7.8703
12697,7.135
12698,5.7358
12699,7.9626
12700,8.1301
12701,7.9654
12702,5.749
12703,8.9525
12704,7.7109
12705,7.2229
12706,8.5439
12707,5.1384
12708,7.7814
12709,9.0432
12710,7.3473
12711,7.3602
12712,7.9567
12713,9.0828
12714,7.5321
12715,5.6585
12716,6.6672
12717,8.7056
12718,6.722
12719,8.3328
12720,7.7838
12721,8.0388
12722,6.9668
12723,8.0184
12724,8.3545
12725,6.4563
12726,8.4732
12727,7.8292
12728,6.4324
12729,7.6644
12730,8.541
12731,8.0922
12732,7.5176
12733,4.0656
12734,7.7066
12735,7.7838
12736,8.1937
12737,6.954
12738,8.0824
12739,8.1454
12740,9.0879
12741,8.7915
12742,7.3265
12743,7.6687
12744,7.9634
12745,7.8683
12746,7.633
12747,8.7758
12748,8.5877
12749,6.7922
12750,7.8352
12751,7.6727
12752,4.6509
12753,8.9001
12754,7.3602
12755,6.9611
12756,7.4563
12757,7.6317
12758,5.748
12759,10.0
12760,7.0697
12761,7.8896
12762,7.7342
12763,7.15
12764,7.7838
12765,7.6211
12766,8.0887
12767,7.7838
12768,6.9706
12769,9.3711
12770,7.8668
12771,7.2626
12772,7.3457
12773,7.1304
12774,7.2176
12775,8.9525
12776,7.5989
12777,7.8788
12778,8.2076
12779,8.4293
12780,5.4966
12781,8.4452
12782,8.5652
12783,8.0955
12784,7.3522
12785,8.5967
12786,8.7063
12787,6.1807
12788,7.7838
12789,8.6413
12790,7.6333
12791,7.5235
12792,6.6701
12793,7.7838
12794,8.8987
12795,7.7385
12796,6.5073
12797,7.3097
12798,8.982
12799,8.3794
12800,7.8994
12801,8.2124
12802,7.6495
12803,6.9211
12804,7.3741
12805,5.9428
12806,8.3318
12807,7.4362
12808,8.4221
12809,8.3605
12810,7.5772
12811,6.2786
12812,7.181
12813,7.7838
12814,7.1495
12815,7.7838
12816,8.267
12817,7.7838
12818,8.68
12819,7.5235
12820,7.3445
12821,7.8976
12822,7.4241
12823,7.4397
12824,8.5002
12825,8.0698
12826,7.5458
12827,5.5844
12828,8.2842
12829,8.9104
12830,7.6293
12831,8.7935
12832,8.1429
12833,8.456
12834,7.2265
12835,8.7091
12836,9.1803
12837,7.0923
12838,7.9133
12839,7.5171
12840,6.9863
12841,8.0253
12842,8.9525
12843,6.9366
12844,8.1057
12845,8.6852
12846,7.5077
12847,7.7838
12848,7.2757
12849,7.7838
12850,5.1384
12851,7.3602
12852,7.1451
12853,8.1591
12854,7.1121
12855,7.7495
12856,7.0603
12857,6.2387
12858,7.1328
12859,5.6023
12860,9.4312
12861,6.8919
12862,8.0042
12863,7.4834
12864,8.0397
12865,7.0306
12866,8.7455
12867,9.0046
12868,7.8465
12869,7.8602
12870,8.7886
12871,8.3074
12872,7.1479
12873,6.5536
12874,7.0493
12875,7.6194
12876,9.7428
12877,7.7777
12878,8.1429
12879,7.5064
12880,8.7923
12881,8.328
12882,8.1045
12883,7.5955
12884,8.3026
12885,6.2711
12886,9.1806
12887,5.7878
12888,6.9635
12889,6.9296
12890,9.3063
12891,8.7528
12892,8.0808
12893,7.3602
12894,7.579
12895,5.9696
12896,7.1434
12897,7.3602
12898,7.314
12899,8.1227
12900,7.3902
12901,6.9736
12902,7.8081
12903,3.6122
12904,7.5436
12905,9.7049
12906,6.5458
12907,7.4595
12908,8.4832
12909,9.4973
12910,7.6132
12911,6.9558
12912,8.1714
12913,7.4277
12914,7.6204
12915,8.1569
12916,7.7838
12917,8.5043
12918,7.7838
12919,7.6541
12920,7.6481
12921,5.4369
12922,6.9909
12923,7.3237
12924,7.1195
12925,7.8443
12926,7.2825
12927,6.7086
12928,7.7838
12929,6.6727
12930,8.7556
12931,8.9567
12932,8.4632
12933,9.2369
12934,8.9525
12935,7.3602
12936,6.6588
12937,8.3172
12938,6.9909
12939,6.8744
12940,7.7838
12941,6.9299
12942,8.156
12943,7.061
12944,7.7683
12945,7.3602
12946,7.3578
12947,6.7734
12948,6.2229
12949,7.4152
12950,8.2917
12951,7.8518
12952,7.2181
12953,8.3792
12954,7.6441
12955,7.2991
12956,5.2818
12957,7.147
12958,7.8447
12959,6.824
12960,7.6973
12961,7.7838
12962,8.6113
12963,7.0297
12964,7.4525
12965,7.9881
12966,7.4505
12967,7.3602
12968,8.5806
12969,5.1384
12970,8.5274
12971,7.1368
12972,4.6435
12973,7.6529
12974,6.6335
12975,6.8156
12976,7.7935
12977,7.8787
12978,6.5804
12979,6.0815
12980,7.7838
12981,7.26
12982,7.0555
12983,8.2786
12984,8.4268
12985,6.9804
12986,7.288
12987,7.6235
12988,9.8206
12989,6.93
12990,8.483
12991,7.8937
12992,6.6906
12993,8.9045
12994,8.1856
12995,7.992
12996,9.4859
12997,7.3985
12998,7.7838
12999,7.9585
13000,7.7838
13001,8.751
13002,9.3944
13003,8.4193
13004,6.6138
13005,8.2424
13006,7.3251
13007,8.3984
13008,6.565
13009,7.1886
13010,8.6125
13011,7.7108
13012,7.3602
13013,7.5116
13014,8.2912
13015,8.5296
13016,7.4436
13017,8.7306
13018,7.6774
13019,8.7872
13020,8.48
13021,8.3335
13022,9.3187
13023,8.194
13024,7.619
13025,8.9525
13026,8.1393
13027,6.1795
13028,7.7639
13029,6.0336
13030,8.681
13031,8.1831
13032,7.087
13033,8.3367
13034,8.9525
13035,7.3665
13036,7.1103
13037,7.5235
13038,7.552
13039,6.932
13040,7.7838
13041,8.9525
13042,8.9926
13043,8.1807
13044,6.8458
13045,7.7058
13046,7.7406
13047,7.5235
13048,7.9147
13049,7.364
13050,7.3825
13051,7.3206
13052,6.2674
13053,8.7042
13054,6.4156
13055,7.4646
13056,8.9452
13057,7.3075
13058,8.9663
13059,7.5383
13060,7.6377
13061,7.9101
13062,7.2759
13063,7.5937
13064,8.0955
13065,7.6721
13066,8.5296
13067,9.3844
13068,7.0202
13069,7.26
13070,7.1727
13071,8.2178
13072,7.9936
13073,7.728
13074,7.1769
13075,8.3161
13076,9.1399
13077,7.1769
13078,7.7487
13079,8.5759
13080,7.8153
13081,8.2112
13082,6.8548
13083,7.3326
13084,7.2008
13085,9.1442
13086,7.5298
13087,9.0303
13088,7.56
13089,7.9036
13090,7.2014
13091,7.8081
13092,5.5421
13093,7.7838
13094,7.0273
13095,7.6435
13096,8.194
13097,8.9452
13098,7.8763
13099,5.6769
13100,8.0536
13101,7.5235
13102,6.6755
13103,7.768
13104,8.1579
13105,7.6763
13106,5.1384
13107,6.9299
13108,6.8562
13109,7.7274
13110,9.4458
13111,7.2816
13112,6.7637
13113,7.496
13114,7.7932
13115,9.3739
13116,8.1991
13117,7.6155
13118,7.6364
13119,7.3602
13120,9.2054
13121,7.5235
13122,6.0484
13123,8.9525
13124,9.2673
13125,7.1373
13126,8.1558
13127,6.6479
13128,7.7838
13129,6.7149
13130,8.2888
13131,7.7838
13132,8.1834
13133,8.5589
13134,2.122
13135,7.4959
13136,8.3157
13137,7.7559
13138,8.7387
13139,7.9851
13140,5.4369
13141,6.2583
13142,8.7193
13143,6.9116
13144,7.7427
13145,6.0157
13146,7.8268
13147,7.9432
13148,5.1384
13149,9.6506
13150,7.2384
13151,7.7516
13152,8.9987
13153,8.9525
13154,6.7647
13155,6.8953
13156,6.7017
13157,7.3796
13158,8.1067
13159,5.1384
13160,8.2343
13161,7.6926
13162,8.4327
13163,7.0045
13164,5.1441
13165,6.1586
13166,7.8823
13167,8.2211
13168,7.2937
13169,8.3128
13170,6.4455
13171,7.554
13172,4.9239
13173,5.4541
13174,8.9525
13175,8.7143
13176,8.8787
13177,7.4325
13178,7.8962
13179,8.1807
13180,7.7036
13181,7.2279
13182,7.6553
13183,10.0
13184,7.8089
13185,7.5647
13186,8.9525
13187,7.2677
13188,7.9856
13189,7.1251
13190,7.567
13191,8.7005
13192,7.9124
13193,7.26
13194,7.4699
13195,8.9525
13196,8.1335
13197,8.7633
13198,8.5025
13199,9.5338
13200,8.0275
13201,6.884
13202,8.7374
13203,7.5709
13204,7.8558
13205,7.2102
13206,8.9525
13207,5.6585
13208,6.8484
13209,8.4897
13210,7.4876
13211,7.26
13212,9.2254
13213,8.7663
13214,6.947
13215,8.3985
13216,7.9195
13217,7.5971
13218,7.6179
13219,8.5881
13220,7.0882
13221,7.8162
13222,6.0285
13223,7.3658
13224,7.8166
13225,5.1384
13226,9.3214
13227,6.2036
13228,6.6286
13229,7.5235
13230,8.6217
13231,8.4834
13232,7.7838
13233,7.8146
13234,6.5608
13235,8.1802
13236,8.1171
13237,7.2334
13238,8.3652
13239,6.9299
13240,6.9143
13241,7.286
13242,7.7577
13243,7.7838
13244,5.3316
13245,8.0768
13246,8.862
13247,9.0772
13248,7.7838
13249,7.2683
13250,7.609
13251,6.6503
13252,7.4534
13253,5.6585
13254,8.8315
13255,8.5149
13256,9.3214
13257,8.9288
13258,7.7062
13259,7.5204
13260,8.5881
13261,7.8478
13262,8.1791
13263,6.5554
13264,7.2986
13265,8.4713
13266,7.9888
13267,7.8698
13268,7.5853
13269,7.867
13270,10.0
13271,8.1115
13272,7.7838
13273,8.8588
13274,7.6693
13275,7.3513
13276,5.9247
13277,7.3293
13278,6.784
13279,7.3922
13280,7.7683
13281,8.1872
13282,7.7797
13283,9.4832
13284,8.8407
13285,8.6352
13286,8.9525
13287,9.9293
13288,8.2277
13289,7.4737
13290,5.2864
13291,7.7427
13292,8.914
13293,7.8358
13294,8.7481
13295,7.2953
13296,8.8372
13297,7.2374
13298,6.6339
13299,7.7348
13300,8.5322
13301,8.3039
13302,7.501
13303,8.277
13304,7.7172
13305,7.3602
13306,5.1384
13307,7.615
13308,9.4166
13309,8.2416
13310,7.2041
13311,8.7653
13312,7.2215
13313,8.4432
13314,7.5025
13315,6.8283
13316,7.5956
13317,7.669
13318,7.2877
13319,8.4196
13320,5.5647
13321,7.2005
13322,8.9525
13323,6.937
13324,9.3813
13325,7.2594
13326,6.5035
13327,9.1404
13328,6.3238
13329,8.2375
13330,9.0836
13331,8.9525
13332,7.26
13333,6.6319
13334,8.9525
13335,7.5844
13336,7.7487
13337,8.2297
13338,5.968
13339,7.0351
13340,6.5235
13341,8.2395
13342,8.1038
13343,7.0378
13344,5.927
13345,7.7609
13346,7.8975
13347,6.5508
13348,8.2782
13349,6.8893
13350,7.5598
13351,8.1714
13352,8.4434
13353,5.9492
13354,4.3737
13355,7.3777
13356,8.6685
13357,5.7285
13358,6.7221
13359,7.2166
13360,7.765
13361,8.5104
13362,8.0392
13363,7.271
13364,7.6816
13365,7.9706
13366,6.6183
13367,7.8597
13368,7.1771
13369,7.7869
13370,6.7419
13371,6.8471
13372,8.424
13373,9.1582
13374,7.8921
13375,7.4945
13376,7.658
13377,7.8464
13378,7.7973
13379,8.9452
13380,7.0331
13381,9.117
13382,7.2416
13383,6.6281
13384,8.9525
13385,6.8138
13386,7.063
13387,5.9393
13388,7.9765
13389,7.7838
13390,6.887
13391,8.4139
13392,7.5209
13393,4.986
13394,8.4312
13395,6.9505
13396,7.1844
13397,5.8013
13398,6.2331
13399,7.7784
13400,8.0842
13401,6.9656
13402,9.3214
13403,4.9174
13404,7.521
13405,8.3334
13406,8.7829
13407,6.9465
13408,8.2637
13409,6.231
13410,6.7628
13411,6.5073
13412,7.1453
13413,6.2397
13414,7.8401
13415,7.4315
13416,8.1807
13417,7.9271
13418,8.9525
13419,8.0304
13420,7.2904
13421,8.9128
13422,7.7838
13423,6.6023
13424,7.2573
13425,7.7838
13426,7.7664
13427,7.8811
13428,7.4841
13429,8.0753
13430,7.828
13431,7.1658
13432,7.1233
13433,7.1352
13434,8.6439
13435,6.1802
13436,6.4018
13437,10.0
13438,5.7285
13439,8.5683
13440,4.7485
13441,6.7736
13442,8.9452
13443,6.7593
13444,6.5792
13445,5.7285
13446,7.919
13447,8.02
13448,6.2741
13449,7.1769
13450,9.2835
13451,8.9452
13452,7.4501
13453,8.0941
13454,7.6556
13455,7.3602
13456,7.5219
13457,7.9474
13458,8.6019
13459,8.6345
13460,6.839
13461,7.1007
13462,8.2959
13463,6.3481
13464,8.3736
13465,7.9082
13466,7.5586
13467,8.0321
13468,8.695
13469,7.8816
13470,8.7263
13471,7.3602
13472,6.6701
13473,5.2842
13474,6.7362
13475,8.2133
13476,8.4165
13477,8.3182
13478,9.3214
13479,5.7285
13480,7.2752
13481,7.0525
13482,8.9501
13483,7.6326
13484,7.7838
13485,6.8301
13486,6.8168
13487,6.0484
13488,8.6497
13489,6.0999
13490,5.7387
13491,6.5415
13492,7.5112
13493,7.3602
13494,7.49
13495,7.7194
13496,5.0323
13497,8.8635
13498,6.2604
13499,8.9525
13500,8.4103
13501,7.4568
13502,5.1384
13503,7.3586
13504,7.4696
13505,7.6168
13506,9.4785
13507,7.5496
13508,7.6141
13509,7.4119
13510,10.0
13511,7.7838
13512,8.9525
13513,7.8754
13514,8.5606
13515,7.5279
13516,8.0692
13517,8.1447
13518,7.9749
13519,7.4834
13520,8.8706
13521,4.6458
13522,7.5361
13523,6.5455
13524,8.9786
13525,7.6002
13526,5.5122
13527,9.2465
13528,6.0643
13529,8.6439
13530,7.6095
13531,7.3512
13532,7.9991
13533,8.8829
13534,6.9832
13535,8.2324
13536,7.5639
13537,7.7838
13538,9.0581
13539,5.7113
13540,8.1419
13541,6.5611
13542,5.7649
13543,7.3602
13544,8.264
13545,6.6281
13546,8.4434
13547,7.3526
13548,8.4073
13549,7.9307
13550,8.5885
13551,10.0
13552,8.9525
13553,8.6068
13554,7.1413
13555,8.9862
13556,5.2273
13557,7.2389
13558,8.0527
13559,7.1166
13560,8.0703
13561,7.4073
13562,8.7529
13563,8.9975
13564,5.8964
13565,7.6026
13566,7.1809
13567,7.722
13568,6.698
13569,7.6727
13570,8.2983
13571,7.0436
13572,7.5742
13573,7.2444
13574,7.7648
13575,8.679
13576,7.7838
13577,8.1393
13578,8.2673
13579,7.9767
13580,8.7166
13581,8.3943
13582,6.2583
13583,6.5902
13584,7.0859
13585,7.7427
13586,7.84
13587,7.881
13588,7.3602
13589,7.3602
13590,8.3736
13591,8.9316
13592,8.1864
13593,6.9367
13594,7.8193
13595,7.1637
13596,7.1368
13597,8.2369
13598,5.4798
13599,7.5282
13600,6.923
13601,6.9737
13602,7.9923
13603,8.7396
13604,8.5296
13605,7.3117
13606,7.4651
13607,6.8455
13608,8.0475
13609,7.739
13610,7.6659
13611,7.7637
13612,5.2924
13613,6.9975
13614,6.5886
13615,6.0282
13616,7.1872
13617,8.3162
13618,9.3131
13619,7.4268
13620,6.6505
13621,7.1509
13622,7.5424
13623,6.7011
13624,8.151
13625,7.2287
13626,7.5265
13627,6.8258
13628,9.0077
13629,7.5001
13630,7.8937
13631,7.7838
13632,7.1859
13633,7.6277
13634,6.9357
13635,7.1306
13636,8.013
13637,7.9813
13638,8.855
13639,7.1166
13640,8.5716
13641,7.6882
13642,6.8914
13643,8.8185
13644,8.6098
13645,7.2377
13646,7.7838
13647,8.1225
13648,8.4281
13649,7.8538
13650,7.3536
13651,8.6048
13652,7.556
13653,9.2776
13654,8.1714
13655,9.2651
13656,7.5311
13657,7.3602
13658,6.6701
13659,5.8714
13660,7.7838
13661,7.3869
13662,6.4868
13663,8.7734
13664,7.5443
13665,8.3471
13666,7.3004
13667,8.7451
13668,6.0345
13669,6.9014
13670,7.8913
13671,7.6489
13672,8.9285
13673,8.1909
13674,8.9525
13675,7.832
13676,8.5132
13677,7.565
13678,8.169
13679,7.3889
13680,7.8316
13681,7.7838
13682,8.9452
13683,7.8074
13684,8.1428
13685,7.6566
13686,8.3004
13687,8.0495
13688,8.2657
13689,7.5593
13690,8.3034
13691,8.473
13692,8.9525
13693,7.6211
13694,7.857
13695,6.731
13696,9.4505
13697,7.7186
13698,6.5908
13699,8.1807
13700,6.2647
13701,7.8656
13702,7.5896
13703,8.1714
13704,7.7838
13705,7.8412
13706,8.1514
13707,6.9624
13708,7.949
13709,7.7175
13710,6.969
13711,7.0931
13712,8.5946
13713,7.4376
13714,9.3214
13715,6.3699
13716,8.284
13717,8.9525
13718,7.9883
13719,8.0898
13720,5.7666
13721,5.7285
13722,7.7838
13723,8.9309
13724,7.8981
13725,7.9138
13726,7.3602
13727,6.6629
13728,7.7838
13729,9.0706
13730,7.4092
13731,6.9211
13732,6.7193
13733,6.776
13734,7.0602
13735,8.4403
13736,8.8429
13737,7.5083
13738,7.0563
13739,7.8973
13740,7.0459
13741,7.7838
13742,8.7603
13743,7.4761
13744,7.9313
13745,6.4842
13746,7.26
13747,7.1065
13748,9.1786
13749,5.6585
13750,6.7432
13751,8.0615
13752,8.9525
13753,7.4062
13754,8.4741
13755,6.9998
13756,7.8937
13757,8.0514
13758,7.2336
13759,8.0941
13760,6.6337
13761,8.2635
13762,8.3511
13763,7.4753
13764,8.0933
13765,8.4134
13766,7.9132
13767,7.6509
13768,7.2205
13769,7.8165
13770,8.6163
13771,6.7901
13772,7.7253
13773,8.9525
13774,6.5385
13775,6.6096
13776,7.815
13777,7.4924
13778,8.1128
13779,7.4501
13780,7.8775
13781,8.0204
13782,8.7812
13783,8.8547
13784,7.8251
13785,8.4458
13786,6.4376
13787,7.6675
13788,6.7736
13789,7.5835
13790,8.9452
13791,7.8062
13792,8.9435
13793,8.262
13794,6.8606
13795,8.3897
13796,8.3128
13797,7.6837
13798,5.0511
13799,8.7599
13800,6.9211
13801,6.4298
13802,8.267
13803,7.5235
13804,7.265
13805,7.3556
13806,9.984
13807,8.3291
13808,8.9525
13809,8.1714
13810,7.4057
13811,8.0458
13812,7.9126
13813,7.0903
13814,7.1687
13815,7.4519
13816,8.3139
13817,6.7835
13818,8.6481
13819,8.6424
13820,8.6098
13821,8.7091
13822,7.6259
13823,8.4753
13824,8.9525
13825,8.8764
13826,7.8269
13827,7.755
13828,8.9525
13829,8.175
13830,8.0911
13831,9.4375
13832,7.2786
13833,5.1384
13834,8.2552
13835,7.5963
13836,7.0863
13837,7.1323
13838,7.7838
13839,7.0703
13840,8.0351
13841,7.1735
13842,7.0106
13843,6.7921
13844,6.7734
13845,9.1621
13846,7.7954
13847,6.5563
13848,9.2627
13849,7.4812
13850,7.7361
13851,9.016
13852,8.39
13853,5.7285
13854,7.3647
13855,9.3214
13856,7.8073
13857,7.0569
13858,7.8208
13859,6.9736
13860,8.698
13861,8.7435
13862,6.7351
13863,6.3626
13864,8.9285
13865,7.1163
13866,7.0742
13867,7.6693
13868,7.9289
13869,7.0883
13870,7.7838
13871,5.8096
13872,7.7838
13873,6.8963
13874,6.7242
13875,8.0892
13876,7.15
13877,5.7711
13878,8.0122
13879,7.1324
13880,6.6327
13881,7.2098
13882,7.5656
13883,8.9525
13884,7.1607
13885,6.6481
13886,8.7091
13887,5.1249
13888,7.8744
13889,5.0724
13890,8.1089
13891,6.9409
13892,7.02
13893,6.7923
13894,7.2981
13895,6.7745
13896,7.7484
13897,7.9953
13898,7.3602
13899,6.7421
13900,7.7877
13901,7.7498
13902,8.2809
13903,8.5767
13904,7.5639
13905,8.3873
13906,7.6073
13907,7.1323
13908,7.191
13909,8.284
13910,7.7248
13911,7.6889
13912,8.6954
13913,8.6869
13914,7.7431
13915,5.7285
13916,7.6125
13917,8.4118
13918,7.7442
13919,7.2104
13920,6.7594
13921,7.4696
13922,7.7838
13923,7.7838
13924,7.8056
13925,7.2098
13926,8.7153
13927,7.1652
13928,7.8829
13929,7.8298
13930,7.4303
13931,6.9901
13932,9.1776
13933,7.1561
13934,7.7838
13935,7.1041
13936,7.8898
13937,8.0402
13938,7.1007
13939,7.2014
13940,8.5746
13941,6.7923
13942,7.7227
13943,7.5235
13944,8.5204
13945,8.3516
13946,8.9525
13947,8.5542
13948,9.1799
13949,6.5512
13950,7.5475
13951,6.2695
13952,7.0777
13953,7.7482
13954,7.5235
13955,7.5184
13956,8.267
13957,7.2918
13958,7.3584
13959,8.1283
13960,8.1343
13961,7.8073
13962,6.959
13963,6.6659
13964,7.135
13965,8.003
13966,6.3468
13967,7.0363
13968,8.2873
13969,7.9534
13970,7.9288
13971,7.5524
13972,8.9452
13973,6.4508
13974,8.0933
13975,8.8055
13976,7.3487
13977,7.9134
13978,7.3602
13979,8.1044
13980,7.5235
13981,7.0251
13982,7.9498
13983,6.9032
13984,7.2665
13985,7.4465
13986,7.4659
13987,7.8445
13988,6.9464
13989,7.81
13990,9.0806
13991,7.7703
13992,7.6348
13993,9.0363
13994,8.413
13995,9.1146
13996,7.6947
13997,7.6422
13998,8.7549
13999,8.2537
14000,7.8363
14001,8.9525
14002,7.9719
14003,6.3343
14004,7.185
14005,7.429
14006,7.9243
14007,6.3809
14008,8.9525
14009,7.4723
14010,7.0509
14011,7.0524
14012,8.7861
14013,7.5436
14014,7.8633
14015,7.294
14016,8.1267
14017,8.0106
14018,8.1516
14019,7.9464
14020,7.9341
14021,8.1668
14022,9.2675
14023,9.3938
14024,7.6699
14025,6.0484
14026,6.397
14027,8.7439
14028,7.7564
14029,8.0695
14030,7.4235
14031,8.4318
14032,8.0913
14033,7.3602
14034,8.1294
14035,8.4818
14036,7.26
14037,7.9796
14038,6.9111
14039,7.9687
14040,7.7838
14041,7.6327
14042,7.8889
14043,7.76
14044,8.3518
14045,7.1907
14046,8.0055
14047,6.8774
14048,6.7664
14049,6.7536
14050,9.0285
14051,8.5961
14052,7.2371
14053,7.7299
14054,7.3602
14055,8.1309
14056,7.9778
14057,6.472
14058,9.0969
14059,7.7123
14060,8.7091
14061,6.9211
14062,8.3627
14063,9.4432
14064,7.7761
14065,9.3214
14066,7.3602
14067,6.9457
14068,8.9452
14069,8.5538
14070,8.6305
14071,7.1955
14072,6.8346
14073,8.4364
14074,8.194
14075,8.0231
14076,7.857
14077,7.7838
14078,7.4952
14079,9.1352
14080,7.439
14081,7.7723
14082,6.9513
14083,6.7695
14084,6.9551
14085,8.222
14086,6.825
14087,7.6634
14088,7.7903
14089,8.107
14090,7.7838
14091,8.0119
14092,7.3383
14093,7.7678
14094,7.5668
14095,7.8136
14096,8.9339
14097,6.3948
14098,8.1155
14099,7.8419
14100,8.2043
14101,7.7596
14102,7.0459
14103,7.4354
14104,7.9625
14105,8.5296
14106,6.4175
14107,7.4485
14108,7.9862
14109,7.7838
14110,8.5728
14111,7.1569
14112,7.3429
14113,7.4938
14114,8.9525
14115,8.4385
14116,8.1444
14117,7.7945
14118,6.4394
14119,7.3602
14120,7.8192
14121,7.488
14122,7.4177
14123,7.4088
14124,6.615
14125,7.0147
14126,7.2646
14127,7.9227
14128,8.2372
14129,9.2698
14130,7.7854
14131,7.5873
14132,8.194
14133,7.64
14134,4.9174
14135,8.9199
14136,7.8853
14137,8.916
14138,6.8941
14139,7.9755
14140,8.1558
14141,7.7111
14142,9.7082
14143,6.8334
14144,5.9829
14145,7.5922
14146,8.646
14147,8.9525
14148,6.9685
14149,7.0342
14150,7.5885
14151,7.0678
14152,7.3561
14153,8.9525
14154,8.3897
14155,7.3674
14156,7.6968
14157,9.0137
14158,7.1556
14159,7.884
14160,9.3214
14161,8.3786
14162,6.6602
14163,8.6439
14164,9.0583
14165,7.5085
14166,7.4753
14167,8.9452
14168,8.5655
14169,7.1822
14170,6.6898
14171,9.1546
14172,9.0416
14173,7.1617
14174,8.781
14175,8.2558
14176,8.1245
14177,7.2041
14178,9.3214
14179,9.3482
14180,7.6579
14181,6.9412
14182,8.1857
14183,7.2014
14184,7.123
14185,7.7838
14186,7.1081
14187,7.335
14188,7.7838
14189,6.6127
14190,7.4396
14191,7.2625
14192,8.9513
14193,6.428
14194,7.9504
14195,8.6333
14196,7.3281
14197,8.7193
14198,5.1384
14199,7.5404
14200,6.936
14201,8.1894
14202,5.4369
14203,8.6664
14204,8.0551
14205,5.7285
14206,7.8544
14207,6.6502
14208,8.0143
14209,5.1384
14210,8.1106
14211,8.6943
14212,7.2952
14213,9.6188
14214,5.728
14215,7.1349
14216,4.5998
14217,6.5278
14218,6.9788
14219,7.327
14220,8.5112
14221,8.364
14222,8.7601
14223,8.6675
14224,7.5774
14225,7.4658
14226,8.1715
14227,9.2823
14228,7.6411
14229,7.7838
14230,8.5489
14231,8.8473
14232,7.3602
14233,5.5718
14234,7.6901
14235,6.8449
14236,7.9432
14237,5.5287
14238,7.6169
14239,8.2423
14240,7.5071
14241,4.8478
14242,7.166
14243,8.5307
14244,7.49
14245,6.0704
14246,7.9307
14247,4.9098
14248,8.6141
14249,7.0262
14250,8.0495
14251,6.1655
14252,7.797
14253,7.4584
14254,7.3855
14255,7.6002
14256,6.6432
14257,8.9452
14258,7.4649
14259,7.9431
14260,8.3897
14261,6.9047
14262,8.7177
14263,8.0398
14264,8.3188
14265,7.7227
14266,9.0947
14267,8.6338
14268,7.2428
14269,7.1152
14270,7.3575
14271,8.3993
14272,8.0096
14273,6.5331
14274,7.715
14275,7.1859
14276,7.3827
14277,8.3959
14278,7.7838
14279,4.7415
14280,6.9187
14281,7.7324
14282,7.5235
14283,8.5041
14284,7.8081
14285,7.6293
14286,8.5296
14287,7.765
14288,6.6992
14289,6.6421
14290,7.4818
14291,8.1714
14292,6.8692
14293,5.7878
14294,7.6886
14295,5.6129
14296,7.7585
14297,8.1133
14298,7.3698
14299,7.3355
14300,7.9781
14301,8.9525
14302,8.4358
14303,6.9032
14304,8.2472
14305,8.2892
14306,7.1576
14307,7.5662
14308,7.5108
14309,7.6619
14310,7.4128
14311,7.7788
14312,7.3602
14313,7.2753
14314,8.9502
14315,5.3938
14316,7.6595
14317,8.464
14318,7.5675
14319,7.7838
14320,7.5581
14321,7.6183
14322,7.4033
14323,6.4745
14324,8.2684
14325,6.8623
14326,8.9954
14327,7.9801
14328,7.2213
14329,6.1808
14330,7.1955
14331,7.6884
14332,7.3624
14333,8.7091
14334,7.2505
14335,8.0589
14336,7.3602
14337,6.0323
14338,8.9806
14339,7.8063
14340,7.5877
14341,8.5223
14342,8.2948
14343,7.4089
14344,7.3836
14345,7.9223
14346,8.0101
14347,6.7296
14348,5.8644
14349,7.5768
14350,6.3613
14351,6.2748
14352,7.6634
14353,5.0677
14354,6.8556
14355,8.4891
14356,7.5741
14357,7.4846
14358,8.6017
14359,7.971
14360,8.9285
14361,7.1525
14362,6.2586
14363,7.5467
14364,7.1092
14365,9.9615
14366,7.0804
14367,8.112
14368,7.7455
14369,8.2686
14370,6.3881
14371,6.9527
14372,7.7928
14373,8.9525
14374,7.8157
14375,7.3167
14376,7.4223
14377,7.3309
14378,8.0358
14379,7.3293
14380,7.5746
14381,9.4859
14382,7.5235
14383,7.2955
14384,8.9145
14385,7.7838
14386,6.6292
14387,7.5607
14388,7.6186
14389,7.9805
14390,7.5571
14391,8.1237
14392,8.4025
14393,7.4335
14394,8.9525
14395,6.778
14396,8.9788
14397,9.342
14398,6.7634
14399,6.6143
14400,7.1606
14401,6.8067
14402,7.0845
14403,8.3773
14404,6.952
14405,7.2888
14406,6.2583
14407,5.927
14408,6.4406
14409,5.1384
14410,7.9305
14411,8.0941
14412,8.5959
14413,5.1384
14414,7.6543
14415,8.6705
14416,7.9011
14417,6.6399
14418,9.1803
14419,7.2468
14420,8.0733
14421,6.2242
14422,7.7683
14423,7.2418
14424,7.5436
14425,7.7838
14426,6.3241
14427,5.9127
14428,5.7834
14429,8.7247
14430,6.459
14431,6.9586
14432,8.9452
14433,7.3602
14434,6.9052
14435,8.2357
14436,9.3063
14437,6.7074
14438,6.9134
14439,7.7695
14440,8.7409
14441,7.1916
14442,8.2844
14443,7.934
14444,8.9525
14445,7.3602
14446,8.4755
14447,7.0942
14448,7.6952
14449,8.2204
14450,7.7838
14451,7.386
14452,8.259
14453,6.9577
14454,7.7818
14455,6.4084
14456,7.9796
14457,7.3137
14458,9.0873
14459,9.8992
14460,6.5263
14461,7.6509
14462,7.479
14463,7.1162
14464,9.7433
14465,7.9281
14466,8.1803
14467,7.0526
14468,6.7593
14469,8.0249
14470,7.5361
14471,8.0801
14472,8.2185
14473,5.6142
14474,7.848
14475,7.1781
14476,8.1543
14477,7.3602
14478,7.0761
14479,8.6031
14480,7.6107
14481,7.9758
14482,7.7838
14483,9.2792
14484,8.8688
14485,8.0165
14486,8.9452
14487,5.8182
14488,7.7234
14489,7.3602
14490,7.5438
14491,7.0892
14492,9.5994
14493,7.0386
14494,7.1605
14495,8.72
14496,6.9826
14497,6.5852
14498,7.7838
14499,8.6935
14500,7.7911
14501,6.9452
14502,8.9296
14503,7.0601
14504,8.6953
14505,7.6286
14506,9.2653
14507,8.4018
14508,8.757
14509,6.7855
14510,6.7893
14511,7.3481
14512,8.9452
14513,7.799
14514,7.7838
14515,7.8997
14516,8.005
14517,7.4587
14518,7.2138
14519,7.7838
14520,8.8647
14521,7.0075
14522,8.5089
14523,7.7252
14524,8.9511
14525,8.4852
14526,7.6948
14527,7.7838
14528,7.8121
14529,7.3485
14530,8.0986
14531,8.1771
14532,7.672
14533,7.9192
14534,7.5364
14535,7.1287
14536,9.0027
14537,7.3602
14538,9.0195
14539,7.7838
14540,7.4001
14541,8.1
14542,7.8022
14543,8.6667
14544,7.9652
14545,8.1848
14546,7.5278
14547,8.9452
14548,9.3214
14549,7.3602
14550,8.6491
14551,7.4051
14552,5.6592
14553,7.832
14554,6.1855
14555,8.9525
14556,9.0704
14557,7.6408
14558,6.8974
14559,6.7096
14560,6.8405
14561,7.5818
14562,6.8983
14563,7.8656
14564,6.0229
14565,7.3885
14566,8.5296
14567,5.2139
14568,6.997
14569,7.7838
14570,7.3796
14571,5.7285
14572,8.2847
14573,8.5124
14574,7.3602
14575,7.5235
14576,7.7838
14577,7.0923
14578,5.7308
14579,7.7809
14580,7.9432
14581,6.2982
14582,7.455
14583,8.1078
14584,6.9897
14585,7.9797
14586,8.2383
14587,7.8418
14588,6.7893
14589,6.3828
14590,7.9142
14591,7.3676
14592,6.0646
14593,8.0815
14594,8.3217
14595,6.5435
14596,8.1846
14597,7.643
14598,8.2797
14599,7.405
14600,7.1898
14601,5.4907
14602,6.2219
14603,9.1404
14604,9.1404
14605,6.9266
14606,10.0
14607,8.0161
14608,7.6705
14609,7.6667
14610,9.652
14611,6.1296
14612,7.9195
14613,7.2336
14614,8.8319
14615,6.4799
14616,6.7627
14617,7.7111
14618,6.9299
14619,8.3822
14620,8.2424
14621,7.559
14622,7.4652
14623,8.7769
14624,7.5752
14625,7.8761
14626,7.8291
14627,7.0502
14628,5.7054
14629,8.9525
14630,8.4378
14631,6.7154
14632,7.7838
14633,7.8216
14634,7.2798
14635,7.8172
14636,7.0987
14637,7.1659
14638,7.3602
14639,7.391
14640,8.0925
14641,8.1231
14642,8.3511
14643,7.9473
14644,7.1065
14645,7.562
14646,7.8023
14647,6.9749
14648,8.773
14649,8.4732
14650,8.1023
14651,7.253
14652,8.0933
14653,5.1384
14654,6.544
14655,7.3018
14656,7.7536
14657,7.6362
14658,7.8081
14659,7.4024
14660,7.5307
14661,8.3897
14662,6.3339
14663,8.0011
14664,10.0
14665,6.8984
14666,6.9299
14667,6.7631
14668,7.2923
14669,8.1452
14670,7.7886
14671,5.2033
14672,7.7121
14673,7.1773
14674,8.5706
14675,9.3214
14676,8.371
14677,8.0862
14678,5.7285
14679,8.2853
14680,6.633
14681,7.3602
14682,8.8549
14683,7.0267
14684,8.9525
14685,7.7485
14686,7.7838
14687,7.8172
14688,7.7838
14689,8.064
14690,9.3026
14691,7.9632
14692,8.9574
14693,8.02
14694,8.1136
14695,7.8164
14696,6.6445
14697,9.1265
14698,7.7768
14699,7.2155
14700,8.9487
14701,7.3513
14702,7.7138
14703,7.7388
14704,8.1927
14705,5.4898
14706,8.0759
14707,7.2142
14708,9.0845
14709,6.4021
14710,7.8552
14711,5.7208
14712,7.7838
14713,6.5003
14714,6.8778
14715,5.4444
14716,8.403
14717,8.9525
14718,8.4185
14719,8.1057
14720,6.5922
14721,7.2885
14722,7.4737
14723,6.2409
14724,6.7502
14725,7.3251
14726,7.0283
14727,7.0838
14728,7.7112
14729,8.5871
14730,8.005
14731,6.5463
14732,8.9525
14733,7.241
14734,8.167
14735,8.6523
14736,7.0727
14737,7.7838
14738,8.9426
14739,7.2353
14740,9.4641
14741,8.9452
14742,7.7013
14743,9.1378
14744,8.9525
14745,6.9456
14746,7.039
14747,10.0
14748,7.1468
14749,7.3624
14750,7.3743
14751,8.9525
14752,7.1103
14753,7.0095
14754,7.1814
14755,8.2662
14756,7.8411
14757,7.8159
14758,9.2518
14759,7.7664
14760,5.9589
14761,7.3602
14762,9.1954
14763,6.9211
14764,8.2121
14765,7.7838
14766,8.2676
14767,6.4229
14768,5.6585
14769,5.626
14770,7.9758
14771,8.0795
14772,7.3149
14773,7.2072
14774,6.7876
14775,9.1663
14776,8.774
14777,8.7561
14778,6.6627
14779,7.7838
14780,7.7838
14781,7.8134
14782,6.9828
14783,7.6005
14784,8.2762
14785,8.7675
14786,6.7565
14787,8.1322
14788,7.7838
14789,7.7838
14790,8.0103
14791,7.3683
14792,7.5185
14793,7.84
14794,7.6591
14795,9.1567
14796,7.9802
14797,7.3069
14798,7.7095
14799,7.5243
14800,6.5096
14801,7.4514
14802,7.6659
14803,6.5026
14804,6.1916
14805,7.7838
14806,8.6382
14807,6.4775
14808,7.26
14809,7.5599
14810,7.9257
14811,8.0295
14812,8.073
14813,7.2442
14814,5.1384
14815,6.653
14816,8.3843
14817,8.6106
14818,7.0934
14819,8.1714
14820,7.7729
14821,7.8206
14822,7.2764
14823,9.4549
14824,6.8123
14825,8.6565
14826,7.0378
14827,6.1682
14828,6.9664
14829,8.1031
14830,6.8588
14831,6.9541
14832,7.7711
14833,5.7285
14834,7.9769
14835,8.5471
14836,7.2521
14837,7.7402
14838,6.1086
14839,7.49
14840,5.9043
14841,7.7921
14842,6.2692
14843,7.9259
14844,7.7641
14845,7.5318
14846,7.7838
14847,8.3808
14848,9.0799
14849,7.8366
14850,8.3661
14851,8.3383
14852,7.4741
14853,8.3866
14854,8.7091
14855,7.954
14856,7.5989
14857,7.6386
14858,8.5709
14859,8.2114
14860,7.8134
14861,7.8789
14862,7.7803
14863,6.9971
14864,5.6585
14865,8.3571
14866,7.7838
14867,7.1894
14868,7.7838
14869,8.565
14870,6.8763
14871,6.7633
14872,9.0913
14873,9.1803
14874,8.2711
14875,7.3329
14876,8.0636
14877,6.8767
14878,7.0997
14879,7.2375
14880,7.8137
14881,5.0859
14882,9.7547
14883,7.158
14884,8.2843
14885,8.2801
14886,7.7028
14887,7.5105
14888,5.7543
14889,6.6178
14890,7.8937
14891,7.7474
14892,8.3445
14893,8.2468
14894,6.5109
14895,9.6029
14896,7.1801
14897,6.9807
14898,7.9432
14899,6.9783
14900,8.0777
14901,7.6264
14902,9.5153
14903,8.1472
14904,6.4607
14905,7.4218
14906,7.4738
14907,8.4223
14908,9.8819
14909,9.7023
14910,7.7445
14911,7.3117
14912,7.7838
14913,7.7683
14914,7.2904
14915,7.9267
14916,7.6021
14917,8.3388
14918,7.28
14919,7.1323
14920,8.005
14921,9.6052
14922,8.041
14923,4.9758
14924,8.0854
14925,7.3602
14926,9.0424
14927,7.26
14928,7.9046
14929,8.508
14930,7.7838
14931,8.242
14932,8.9525
14933,8.7433
14934,7.2112
14935,4.1927
14936,7.0316
14937,7.643
14938,7.7838
14939,8.4596
14940,8.9525
14941,7.017
14942,6.681
14943,6.9656
14944,7.7838
14945,8.3362
14946,9.7026
14947,7.7218
14948,7.9434
14949,8.5204
14950,9.4022
14951,6.8807
14952,7.0127
14953,6.9889
14954,8.9525
14955,6.5312
14956,7.0548
14957,7.5139
14958,7.791
14959,7.3602
14960,7.2697
14961,7.9109
14962,7.7838
14963,8.9525
14964,8.4378
14965,7.9281
14966,8.3461
14967,9.1508
14968,7.5235
14969,8.0684
14970,7.3483
14971,7.9101
14972,5.9799
14973,7.6341
14974,8.4886
14975,7.7865
14976,8.3239
14977,8.2008
14978,5.4557
14979,8.1564
14980,8.1621
14981,7.1462
14982,7.8411
14983,8.4448
14984,8.1558
14985,8.3033
14986,7.7077
14987,9.3104
14988,6.8903
14989,7.3882
14990,8.9525
14991,9.4543
14992,8.3203
14993,6.7535
14994,8.2921
14995,7.8463
14996,7.0619
14997,7.1405
14998,7.7487
14999,6.3831
15000,8.0011
15001,8.9475
15002,7.3602
15003,6.3426
15004,6.1086
15005,8.0321
15006,8.5137
15007,8.3062
15008,7.7782
15009,7.8484
15010,5.2842
15011,8.1437
15012,6.9023
15013,8.1714
15014,7.4782
15015,8.3456
15016,7.7427
15017,8.2121
15018,8.6917
15019,7.0144
15020,6.8095
15021,7.8931
15022,6.4034
15023,10.0
15024,7.0882
15025,7.881
15026,7.6655
15027,7.0246
15028,8.6715
15029,8.4994
15030,8.9452
15031,8.9525
15032,8.0392
15033,8.5595
15034,6.7145
15035,7.2066
15036,8.4527
15037,8.5903
15038,7.3061
15039,8.7437
15040,7.4011
15041,7.5412
15042,8.9525
15043,8.9525
15044,7.4793
15045,8.0933
15046,6.8306
15047,7.1859
15048,7.4579
15049,8.14
15050,7.7775
15051,7.26
15052,7.5944
15053,7.7838
15054,7.8486
15055,6.8146
15056,6.2624
15057,7.6759
15058,7.5929
15059,9.3041
15060,5.1384
15061,7.7656
15062,8.0941
15063,7.4046
15064,8.7053
15065,8.2929
15066,6.1952
15067,8.1931
15068,6.5149
15069,7.3487
15070,8.2823
15071,8.1503
15072,8.3557
15073,7.1599
15074,7.5245
15075,6.1611
15076,7.3942
15077,7.1566
15078,7.3602
15079,5.6504
15080,7.9899
15081,7.1919
15082,7.3892
15083,7.3602
15084,8.3986
15085,8.8033
15086,9.5357
15087,6.7642
15088,7.3487
15089,7.0523
15090,7.2803
15091,7.0405
15092,7.5672
15093,8.1333
15094,5.8122
15095,8.5889
15096,7.0334
15097,7.0621
15098,8.6225
15099,8.8222
15100,7.4349
15101,6.6164
15102,7.6518
15103,7.4721
15104,7.8343
15105,9.9683
15106,6.0862
15107,8.671
15108,7.0507
15109,7.1637
15110,7.0595
15111,7.2209
15112,8.8563
15113,8.3136
15114,7.3364
15115,8.7163
15116,7.3602
15117,6.2583
15118,5.1384
15119,5.11
15120,8.9525
15121,7.6711
15122,7.7838
15123,6.3463
15124,8.175
15125,6.0521
15126,5.2627
15127,7.2944
15128,7.3132
15129,7.3658
15130,7.7213
15131,6.9397
15132,7.8426
15133,6.3488
15134,8.0981
15135,6.7313
15136,7.7838
15137,7.3602
15138,8.3304
15139,7.3075
15140,5.6572
15141,8.2865
15142,8.9525
15143,8.9525
15144,7.6626
15145,8.0397
15146,7.7838
15147,7.3069
15148,8.2217
15149,8.3242
15150,8.0321
15151,8.4444
15152,8.9525
15153,6.7734
15154,7.3167
15155,8.7792
15156,8.6907
15157,8.1092
15158,7.1043
15159,7.7838
15160,8.151
15161,8.0923
15162,8.9926
15163,7.6585
15164,8.1581
15165,8.6567
15166,7.8162
15167,9.8593
15168,7.7838
15169,7.7574
15170,7.7798
15171,8.2481
15172,8.9525
15173,6.7465
15174,7.3602
15175,8.0168
15176,8.3965
15177,7.5134
15178,8.0559
15179,6.9053
15180,8.8723
15181,9.5594
15182,9.7019
15183,7.8558
15184,6.6377
15185,9.8133
15186,9.3372
15187,8.0987
15188,7.8937
15189,9.7989
15190,6.0453
15191,7.6842
15192,7.6183
15193,9.5604
15194,8.0814
15195,7.4862
15196,8.9525
15197,6.9338
15198,7.5746
15199,7.2913
15200,4.9887
15201,5.0127
15202,7.8869
15203,6.5784
15204,7.1549
15205,6.8173
15206,7.6419
15207,7.7838
15208,7.2499
15209,8.2336
15210,6.093
15211,7.5501
15212,6.4371
15213,8.8965
15214,8.2044
15215,8.5186
15216,7.0115
15217,10.0
15218,7.298
15219,8.5106
15220,9.6591
15221,8.2196
15222,8.3002
15223,8.3855
15224,8.4974
15225,9.6591
15226,7.2248
15227,7.3734
15228,7.8073
15229,9.1432
15230,6.776
15231,7.356
15232,7.0955
15233,8.4082
15234,7.1418
15235,7.9797
15236,8.1385
15237,8.694
15238,7.7872
15239,6.5302
15240,8.7912
15241,7.5486
15242,8.3242
15243,7.1844
15244,8.1957
15245,7.7283
15246,7.8171
15247,7.0459
15248,7.1769
15249,7.268
15250,7.8656
15251,7.8632
15252,8.2404
15253,8.2755
15254,7.6943
15255,7.7838
15256,7.2937
15257,8.7095
15258,8.2698
15259,7.6125
15260,7.0833
15261,7.7535
15262,5.6652
15263,7.0587
15264,6.9042
15265,9.0339
15266,6.4096
15267,7.4151
15268,5.5844
15269,8.7534
15270,8.4902
15271,8.9723
15272,8.2982
15273,8.0495
15274,8.1913
15275,7.5699
15276,7.6289
15277,7.5528
15278,7.0942
15279,8.9452
15280,7.7838
15281,6.7178
15282,7.5645
15283,7.6579
15284,7.8134
15285,7.9975
15286,7.5616
15287,7.3841
15288,7.0011
15289,6.321
15290,8.3994
15291,7.7273
15292,7.1615
15293,7.8081
15294,6.8979
15295,7.7002
15296,8.2424
15297,8.3655
15298,7.3137
15299,7.1798
15300,7.3679
15301,8.7674
15302,9.1704
15303,7.7838
15304,7.57
15305,7.6138
15306,7.4838
15307,8.6742
15308,7.1233
15309,8.9525
15310,7.7068
15311,7.3993
15312,7.8043
15313,6.61
15314,8.3006
15315,6.674
15316,7.1166
15317,7.0367
15318,7.0288
15319,6.9379
15320,7.6163
15321,7.6799
15322,6.6797
15323,8.6402
15324,8.9452
15325,6.2372
15326,9.2815
15327,5.1688
15328,8.9525
15329,7.3602
15330,7.0565
15331,6.7732
15332,8.9525
15333,7.0467
15334,8.3185
15335,9.6642
15336,7.6457
15337,8.6888
15338,8.3288
15339,9.1047
15340,7.7233
15341,7.7838
15342,9.7433
15343,8.3897
15344,6.8166
15345,6.8541
15346,8.9525
15347,5.7072
15348,7.0363
15349,8.5251
15350,8.5913
15351,8.058
15352,6.3623
15353,7.2943
15354,7.2355
15355,7.7983
15356,6.7594
15357,7.8157
15358,6.8033
15359,8.1579
15360,9.4859
15361,7.5139
15362,9.3214
15363,7.797
15364,7.5748
15365,8.1893
15366,6.3961
15367,7.2045
15368,7.8937
15369,7.9065
15370,7.5707
15371,8.6924
15372,8.0947
15373,7.5216
15374,7.0753
15375,7.1472
15376,7.4562
15377,7.4374
15378,7.3308
15379,8.6564
15380,7.7033
15381,7.2005
15382,9.2803
15383,7.3297
15384,6.9389
15385,7.3896
15386,7.9602
15387,7.0756
15388,8.194
15389,7.7914
15390,8.4994
15391,6.4948
15392,8.1714
15393,7.1151
15394,9.0591
15395,8.9525
15396,7.5235
15397,8.9525
15398,6.405
15399,8.2312
15400,8.2511
15401,6.622
15402,5.2842
15403,6.3029
15404,7.5612
15405,7.9943
15406,7.5631
15407,7.9137
15408,7.5535
15409,9.083
15410,6.7222
15411,7.7838
15412,7.6553
15413,8.4743
15414,8.6598
15415,7.3237
15416,6.8193
15417,5.2842
15418,9.4781
15419,7.8703
15420,9.0897
15421,6.8605
15422,8.9676
15423,7.6571
15424,9.1302
15425,8.4181
15426,8.8626
15427,6.5665
15428,8.5086
15429,8.2112
15430,7.5967
15431,7.9322
15432,6.9829
15433,7.7577
15434,7.5545
15435,7.9016
15436,7.7731
15437,6.6565
15438,7.3602
15439,8.1996
15440,7.0657
15441,7.5623
15442,6.8819
15443,7.3457
15444,6.8276
15445,7.817
15446,8.428
15447,4.3737
15448,7.6661
15449,8.1291
15450,8.9067
15451,8.9525
15452,8.6695
15453,7.7838
15454,7.9201
15455,7.5125
15456,7.5969
15457,5.0256
15458,4.2608
15459,8.1628
15460,6.9444
15461,7.9388
15462,8.1023
15463,8.1316
15464,9.0084
15465,7.2307
15466,9.0253
15467,6.6605
15468,7.9991
15469,7.9991
15470,5.7285
15471,7.7911
15472,8.4403
15473,8.2406
15474,6.3468
15475,6.8443
15476,7.9097
15477,6.9203
15478,5.1384
15479,5.0804
15480,8.3862
15481,8.255
15482,7.04
15483,7.5607
15484,8.7021
15485,6.8752
15486,7.5233
15487,5.1172
15488,7.567
15489,7.8821
15490,8.5054
15491,7.2032
15492,7.6948
15493,8.728
15494,7.7838
15495,8.4304
15496,7.6973
15497,8.0369
15498,8.2004
15499,7.0792
15500,5.1384
15501,7.8515
15502,7.6293
15503,7.26
15504,7.6013
15505,4.2518
15506,7.9984
15507,5.4742
15508,7.0554
15509,8.337
15510,7.7936
15511,7.7838
15512,6.3638
15513,7.2405
15514,8.7224
15515,6.9749
15516,5.6765
15517,8.9536
15518,7.3704
15519,7.4905
15520,9.1958
15521,4.7753
15522,8.756
15523,8.9525
15524,7.3602
15525,7.8882
15526,7.9964
15527,7.9308
15528,7.9791
15529,6.9731
15530,7.5202
15531,7.4783
15532,6.0471
15533,7.26
15534,7.3602
15535,6.2872
15536,7.4501
15537,7.4548
15538,8.4645
15539,7.6652
15540,5.955
15541,6.0338
15542,6.6435
15543,7.7838
15544,6.3846
15545,6.7559
15546,5.9718
15547,9.1041
15548,7.8196
15549,7.2475
15550,6.488
15551,8.1679
15552,6.1881
15553,8.0878
15554,6.7874
15555,8.6607
15556,7.5235
15557,7.53
15558,7.3292
15559,6.9644
15560,8.0182
15561,6.9164
15562,7.4914
15563,7.8411
15564,6.2702
15565,6.8401
15566,7.6515
15567,8.3511
15568,7.0176
15569,7.7838
15570,7.3036
15571,7.7838
15572,6.8906
15573,7.2618
15574,6.7367
15575,8.4412
15576,8.0401
15577,7.9734
15578,7.3167
15579,8.5967
15580,7.3602
15581,8.9525
15582,8.6045
15583,8.937
15584,7.7462
15585,7.0547
15586,8.4387
15587,8.7639
15588,9.2244
15589,5.7878
15590,7.7641
15591,7.1007
15592,7.3611
15593,8.2481
15594,7.4956
15595,7.1855
15596,7.7417
15597,7.3989
15598,6.5052
15599,7.2824
15600,7.7799
15601,7.2195
15602,5.4369
15603,7.1567
15604,7.5818
15605,8.0894
15606,7.8537
15607,8.7091
15608,8.4534
15609,7.5235
15610,8.8142
15611,8.1525
15612,8.3914
15613,6.7853
15614,7.7782
15615,9.2436
15616,8.3006
15617,7.1764
15618,7.3491
15619,6.6365
15620,6.9325
15621,7.5193
15622,9.1957
15623,7.1541
15624,9.0163
15625,7.2719
15626,8.0695
15627,8.0663
15628,9.1313
15629,9.3214
15630,8.8372
15631,8.0257
15632,6.0117
15633,8.328
15634,6.0022
15635,8.5702
15636,6.4594
15637,8.6345
15638,8.1027
15639,6.7237
15640,10.0
15641,7.3198
15642,7.456
15643,7.404
15644,8.9806
15645,6.6078
15646,7.9404
15647,7.6792
15648,8.6966
15649,7.5184
15650,6.4709
15651,8.9048
15652,7.7838
15653,9.0338
15654,7.0684
15655,7.5961
15656,6.0722
15657,8.774
15658,8.814
15659,7.0072
15660,7.7535
15661,7.1769
15662,8.2731
15663,9.4675
15664,7.965
15665,7.226
15666,7.5314
15667,9.0254
15668,7.0213
15669,8.3848
15670,7.7112
15671,8.8868
15672,4.9382
15673,8.3317
15674,7.4153
15675,7.7321
15676,6.6604
15677,7.4981
15678,7.1822
15679,7.1528
15680,6.8961
15681,8.5238
15682,7.2461
15683,7.8376
15684,6.9841
15685,7.0121
15686,6.942
15687,7.7368
15688,6.7295
15689,5.4986
15690,7.9986
15691,7.5251
15692,8.6121
15693,8.3056
15694,7.7476
15695,8.7125
15696,6.8542
15697,8.3314
15698,7.6538
15699,6.6701
15700,7.4423
15701,8.0922
15702,8.0219
15703,7.3651
15704,9.2694
15705,7.6947
15706,7.9565
15707,5.7285
15708,7.225
15709,7.7838
15710,8.284
15711,7.9151
15712,5.5151
15713,7.2948
15714,8.3919
15715,8.5812
15716,8.3736
15717,7.3602
15718,7.5572
15719,7.172
15720,9.4859
15721,6.7596
15722,7.6657
15723,6.195
15724,5.796
15725,6.7557
15726,9.129
15727,6.8819
15728,8.8166
15729,9.2009
15730,7.6762
15731,9.4049
15732,7.9572
15733,7.2713
15734,7.8412
15735,7.2938
15736,6.8836
15737,7.7655
15738,8.6049
15739,8.9525
15740,6.9195
15741,8.8979
15742,7.6066
15743,8.7091
15744,9.0197
15745,6.4576
15746,7.3602
15747,6.1909
15748,7.1859
15749,7.7683
15750,8.5925
15751,6.7416
15752,9.5709
15753,7.8727
15754,7.6842
15755,8.7303
15756,8.0456
15757,5.2273
15758,7.765
15759,4.7901
15760,6.7734
15761,7.5501
15762,7.3602
15763,7.7619
15764,7.9473
15765,6.9357
15766,5.588
15767,7.7117
15768,6.0231
15769,8.7239
15770,5.7085
15771,7.3196
15772,7.8783
15773,7.3725
15774,6.4275
15775,7.9585
15776,7.4762
15777,7.8062
15778,8.9525
15779,7.477
15780,7.5023
15781,7.5827
15782,8.7311
15783,7.2706
15784,6.2625
15785,8.1457
15786,7.8382
15787,6.3029
15788,7.2195
15789,7.1078
15790,7.7717
15791,6.9077
15792,8.2546
15793,7.2316
15794,7.7609
15795,7.4876
15796,5.6435
15797,7.8761
15798,9.7155
15799,8.5067
15800,4.3737
15801,7.7063
15802,8.6636
15803,8.9525
15804,7.0896
15805,8.937
15806,7.3602
15807,7.8819
15808,9.2192
15809,8.9525
15810,7.2104
15811,7.965
15812,7.2432
15813,8.9926
15814,7.6879
15815,8.951
15816,7.26
15817,8.1082
15818,8.7719
15819,6.672
15820,6.4458
15821,6.8399
15822,8.5593
15823,8.5296
15824,8.934
15825,7.2892
15826,6.8593
15827,9.4016
15828,8.6715
15829,7.2482
15830,8.7605
15831,7.1256
15832,8.1057
15833,8.5473
15834,8.314
15835,7.7905
15836,6.7172
15837,9.4859
15838,7.3602
15839,7.6754
15840,7.898
15841,8.0958
15842,8.5101
15843,6.3884
15844,8.9969
15845,8.5662
15846,7.7576
15847,7.7616
15848,7.371
15849,7.481
15850,9.2663
15851,8.9525
15852,7.6966
15853,8.0323
15854,7.3069
15855,6.8104
15856,7.4971
15857,6.2766
15858,7.7648
15859,6.9534
15860,7.6299
15861,6.3849
15862,7.631
15863,7.5496
15864,8.1476
15865,7.7018
15866,7.7838
15867,7.3208
15868,8.3432
15869,7.7838
15870,8.6217
15871,7.8792
15872,10.0
15873,7.0215
15874,8.8127
15875,7.8935
15876,8.0175
15877,6.3623
15878,8.871
15879,8.1714
15880,7.7373
15881,6.5548
15882,8.151
15883,6.2218
15884,7.587
15885,7.4133
15886,8.3727
15887,6.9409
15888,7.6329
15889,7.3602
15890,8.8272
15891,6.9616
15892,8.1927
15893,7.77
15894,6.2764
15895,7.9804
15896,7.4933
15897,7.929
15898,5.9876
15899,8.9525
15900,7.6715
15901,7.2085
15902,6.0225
15903,8.3999
15904,8.1714
15905,7.1217
15906,8.7471
15907,8.9452
15908,7.5235
15909,6.5518
15910,9.1064
15911,8.0
15912,9.3955
15913,7.1604
15914,7.5341
15915,7.9787
15916,8.2977
15917,5.9263
15918,7.7856
15919,8.284
15920,6.9338
15921,9.5286
15922,7.0017
15923,7.7524
15924,9.2836
15925,8.56
15926,8.5988
15927,7.882
15928,7.8521
15929,6.0534
15930,8.1323
15931,7.4291
15932,8.6123
15933,6.2597
15934,6.8035
15935,8.0813
15936,7.7838
15937,8.5281
15938,6.9787
15939,9.5451
15940,9.3041
15941,7.3632
15942,5.9876
15943,7.6093
15944,7.7838
15945,8.7785
15946,7.8808
15947,5.4369
15948,7.7577
15949,9.0699
15950,9.2176
15951,8.76
15952,6.7209
15953,7.0698
15954,7.2185
15955,7.6664
15956,8.6217
15957,6.7105
15958,8.5429
15959,7.6376
15960,5.7285
15961,7.8119
15962,7.8794
15963,7.6453
15964,7.8775
15965,6.9122
15966,5.7285
15967,7.7268
15968,8.6216
15969,6.5978
15970,7.6862
15971,8.178
15972,6.5481
15973,5.1553
15974,9.5037
15975,8.1621
15976,8.6248
15977,8.3672
15978,8.6545
15979,8.1966
15980,7.9394
15981,6.9849
15982,8.1429
15983,8.2948
15984,7.3886
15985,8.2418
15986,7.7609
15987,7.3925
15988,7.687
15989,8.2264
15990,7.0307
15991,9.1144
15992,7.4272
15993,8.937
15994,7.7838
15995,8.3605
15996,6.8405
15997,7.4518
15998,7.3602
15999,7.3602
16000,6.3629
16001,7.7838
16002,7.3457
16003,6.8267
16004,8.3736
16005,8.2288
16006,7.0966
16007,7.5325
16008,8.6994
16009,8.5296
16010,7.4421
16011,7.1507
16012,4.9573
16013,9.0376
16014,8.2894
16015,8.284
16016,7.7248
16017,8.0397
16018,6.6078
16019,8.3897
16020,8.8951
16021,6.6289
16022,7.1613
16023,7.3958
16024,7.5105
16025,6.9733
16026,5.7285
16027,7.394
16028,7.1504
16029,7.1441
16030,8.9525
16031,8.5894
16032,7.1769
16033,8.0223
16034,7.2509
16035,6.9547
16036,6.8566
16037,7.0777
16038,8.3806
16039,6.2755
16040,7.9891
16041,8.9525
16042,7.5851
16043,6.4763
16044,7.8088
16045,8.9438
16046,8.4862
16047,6.2187
16048,5.6709
16049,6.0781
16050,7.3431
16051,6.6044
16052,8.1448
16053,7.9323
16054,8.1152
16055,7.6722
16056,7.669
16057,8.5516
16058,6.5675
16059,7.9888
16060,5.68
16061,8.6088
16062,6.2476
16063,7.8028
16064,7.1835
16065,8.3171
16066,8.4797
16067,7.3602
16068,7.0535
16069,5.2842
16070,7.371
16071,6.7734
16072,7.2928
16073,8.1831
16074,7.228
16075,7.873
16076,7.669
16077,7.2282
16078,6.809
16079,8.9525
16080,8.5161
16081,6.2583
16082,8.7795
16083,5.1384
16084,7.2871
16085,8.4398
16086,7.3694
16087,8.0295
16088,7.1461
16089,7.9207
16090,9.2885
16091,8.267
16092,7.4329
16093,7.7838
16094,7.8477
16095,8.3993
16096,7.9915
16097,7.7228
16098,8.6926
16099,8.5767
16100,7.8338
16101,6.8194
16102,7.9772
16103,8.9525
16104,5.5901
16105,7.4415
16106,6.6701
16107,6.627
16108,8.6581
16109,8.3436
16110,5.3852
16111,6.3468
16112,8.8352
16113,7.5235
16114,8.9525
16115,7.6321
16116,7.4415
16117,8.7478
16118,8.7801
16119,7.7993
16120,7.7018
16121,7.4083
16122,8.747
16123,7.7703
16124,7.5235
16125,8.4204
16126,7.0129
16127,8.476
16128,9.0772
16129,8.1188
16130,8.3792
16131,8.3832
16132,7.9983
16133,7.0282
16134,7.9209
16135,8.7962
16136,6.5102
16137,6.6805
16138,8.2164
16139,7.1485
16140,8.6528
16141,7.7838
16142,8.4708
16143,8.1236
16144,7.7942
16145,8.1875
16146,6.6327
16147,6.6317
16148,8.4432
16149,8.9525
16150,8.3937
16151,7.5182
16152,7.6141
16153,9.0968
16154,8.781
16155,7.7098
16156,8.7091
16157,7.5776
16158,8.0941
16159,7.2665
16160,7.4189
16161,7.7852
16162,5.5547
16163,8.2424
16164,7.0537
16165,7.5829
16166,7.3602
16167,8.9394
16168,8.9525
16169,7.8602
16170,9.3063
16171,7.5235
16172,7.8141
16173,8.578
16174,8.7039
16175,7.5475
16176,6.5629
16177,8.4697
16178,7.8576
16179,6.8341
16180,8.1196
16181,8.2619
16182,9.6971
16183,7.6864
16184,8.9525
16185,7.4833
16186,7.117
16187,6.9299
16188,7.3009
16189,7.0777
16190,8.4704
16191,7.5461
16192,8.2235
16193,7.7838
16194,7.8467
16195,6.8152
16196,7.4501
16197,7.7108
16198,7.2962
16199,7.8745
16200,5.7411
16201,6.2775
16202,7.75
16203,8.3006
16204,8.1846
16205,8.1473
16206,8.0283
16207,7.7484
16208,8.6149
16209,7.7838
16210,6.197
16211,6.4447
16212,4.9413
16213,7.3554
16214,7.1389
16215,6.9762
16216,8.9452
16217,8.1355
16218,8.625
16219,8.0933
16220,7.7553
16221,7.828
16222,8.7942
16223,8.4775
16224,6.6701
16225,7.7769
16226,7.6416
16227,7.728
16228,7.7138
16229,7.5469
16230,7.8924
16231,7.394
16232,8.0274
16233,6.7313
16234,6.326
16235,6.6552
16236,7.7838
16237,8.2722
16238,8.2301
16239,8.1208
16240,6.9769
16241,7.9922
16242,8.2101
16243,7.7834
16244,7.5845
16245,8.7279
16246,7.5296
16247,7.855
16248,7.9393
16249,7.9251
16250,5.7878
16251,6.385
16252,7.5569
16253,8.6
16254,8.5704
16255,6.9184
16256,8.2425
16257,8.3736
16258,7.785
16259,8.267
16260,7.372
16261,8.431
16262,7.3251
16263,8.1318
16264,8.6776
16265,7.1111
16266,7.6579
16267,7.3432
16268,8.9121
16269,7.3521
16270,8.2762
16271,7.7112
16272,8.23
16273,7.6914
16274,7.4501
16275,6.1802
16276,8.0117
16277,7.3258
16278,7.0955
16279,7.8162
16280,5.7285
16281,5.1384
16282,8.0324
16283,5.5161
16284,6.8136
16285,8.9525
16286,6.4042
16287,5.7648
16288,8.0607
16289,7.6272
16290,8.2788
16291,5.1384
16292,7.649
16293,8.8441
16294,7.1784
16295,6.7465
16296,7.3061
16297,8.3377
16298,7.8322
16299,6.485
16300,8.5712
16301,7.3728
16302,7.7838
16303,7.2028
16304,8.1814
16305,6.2331
16306,7.6363
16307,7.0176
16308,8.3774
16309,7.6021
16310,7.26
16311,8.1346
16312,7.7782
16313,5.5844
16314,7.26
16315,8.5577
16316,9.3391
16317,8.3736
16318,8.9211
16319,7.0004
16320,7.1212
16321,7.7033
16322,8.5793
16323,6.7385
16324,6.3629
16325,6.2583
16326,8.284
16327,8.0495
16328,7.7838
16329,8.1516
16330,6.3775
16331,7.6548
16332,9.6591
16333,8.5204
16334,7.5584
16335,6.411
16336,8.2329
16337,7.7439
16338,7.673
16339,7.7838
16340,6.6296
16341,8.3993
16342,7.1122
16343,7.8808
16344,8.7782
16345,7.8864
16346,6.9138
16347,6.0942
16348,9.0475
16349,7.1141
16350,7.3602
16351,7.7838
16352,7.2894
16353,7.2069
16354,8.7091
16355,7.7683
16356,7.7838
16357,6.8203
16358,9.3214
16359,6.7622
16360,6.3626
16361,8.3806
16362,7.4501
16363,6.615
16364,5.1384
16365,7.5171
16366,7.9192
16367,8.1378
16368,6.9211
16369,7.2913
16370,8.0979
16371,7.5162
16372,8.1875
16373,7.9056
16374,7.9261
16375,7.7838
16376,5.7956
16377,7.7956
16378,7.5235
16379,8.9525
16380,8.3798
16381,7.7838
16382,8.4493
16383,8.7091
16384,7.2874
16385,9.7189
16386,7.7838
16387,6.4172
16388,5.7285
16389,7.7735
16390,9.4728
16391,9.1571
16392,6.1381
16393,7.4399
16394,9.5681
16395,7.3602
16396,9.1728
16397,8.9048
16398,6.9563
16399,7.4609
16400,7.8408
16401,7.4631
16402,7.5508
16403,6.6318
16404,7.4509
16405,9.2395
16406,7.5264
16407,7.7838
16408,7.5488
16409,8.3276
16410,9.5822
16411,7.7838
16412,8.9525
16413,7.26
16414,5.1384
16415,6.7431
16416,8.9525
16417,8.6602
16418,8.7091
16419,7.2027
16420,8.1349
16421,7.2731
16422,6.2515
16423,7.2437
16424,5.3625
16425,4.3737
16426,4.9929
16427,7.7838
16428,8.49
16429,8.9452
16430,7.3013
16431,7.7838
16432,8.5871
16433,8.0659
16434,7.631
16435,7.0404
16436,6.7092
16437,7.9608
16438,8.8157
16439,5.4764
16440,5.5257
16441,7.1859
16442,9.2872
16443,7.0589
16444,8.4186
16445,7.9612
16446,9.0858
16447,8.9452
16448,7.4121
16449,9.1331
16450,9.132
16451,5.2455
16452,6.8931
16453,7.5023
16454,7.7974
16455,6.25
16456,8.8907
16457,7.4128
16458,7.4159
16459,8.8839
16460,8.9285
16461,6.3895
16462,6.5795
16463,8.1997
16464,7.1006
16465,7.7671
16466,5.2842
16467,7.5487
16468,8.7324
16469,8.1396
16470,7.5036
16471,6.4574
16472,8.5967
16473,6.5552
16474,8.0595
16475,7.7838
16476,8.9452
16477,6.8347
16478,7.2818
16479,5.6585
16480,8.8753
16481,8.5768
16482,7.2771
16483,7.3602
16484,8.9585
16485,9.0011
16486,7.4857
16487,7.5235
16488,8.9788
16489,7.0071
16490,9.4163
16491,7.9584
16492,7.5284
16493,7.8869
16494,7.9392
16495,7.9682
16496,7.2687
16497,8.0704
16498,8.9287
16499,7.2787
16500,8.3605
16501,7.8702
16502,7.26
16503,6.7617
16504,7.0302
16505,7.3152
16506,9.096
16507,9.6188
16508,7.3602
16509,7.8569
16510,8.1318
16511,9.1081
16512,9.2436
16513,8.5474
16514,9.4104
16515,7.7838
16516,8.3445
16517,7.5933
16518,7.9808
16519,6.189
16520,7.3602
16521,8.9641
16522,6.5774
16523,7.563
16524,7.8097
16525,8.4251
16526,7.6642
16527,7.9822
16528,7.7341
16529,7.7838
16530,7.6698
16531,7.9323
16532,8.6394
16533,7.3308
16534,8.5414
16535,7.0038
16536,8.6344
16537,7.5633
16538,5.5844
16539,7.4801
16540,8.2629
16541,8.3362
16542,6.528
16543,9.6256
16544,7.7838
16545,7.1224
16546,7.7577
16547,7.5359
16548,9.2218
16549,7.4665
16550,8.0299
16551,7.2007
16552,8.9525
16553,5.1384
16554,8.1812
16555,7.9566
16556,6.8928
16557,8.0027
16558,7.5628
16559,7.8123
16560,9.041
16561,6.2509
16562,7.9647
16563,7.7838
16564,8.0283
16565,7.4637
16566,7.5235
16567,9.1147
16568,5.1998
16569,7.1753
16570,7.0977
16571,6.9965
16572,5.6482
16573,5.6779
16574,7.0022
16575,6.5368
16576,7.4264
16577,9.3304
16578,7.7838
16579,8.0143
16580,7.1576
16581,8.6634
16582,8.9525
16583,7.9311
16584,8.7091
16585,7.2541
16586,7.2711
16587,7.9628
16588,8.2316
16589,7.8081
16590,7.0861
16591,8.2022
16592,7.4163
16593,8.505
16594,7.7838
16595,7.8702
16596,8.7004
16597,6.9047
16598,7.0664
16599,7.977
16600,8.7091
16601,8.9566
16602,6.7318
16603,6.9299
16604,8.7909
16605,7.3602
16606,8.5851
16607,8.3736
16608,6.9564
16609,7.1277
16610,8.4179
16611,7.3434
16612,7.2937
16613,9.2618
16614,5.8562
16615,6.4692
16616,6.9262
16617,7.7141
16618,7.8135
16619,7.8073
16620,7.4761
16621,7.7506
16622,9.0859
16623,7.5966
16624,7.3953
16625,9.0659
16626,8.0321
16627,8.2262
16628,9.3633
16629,8.2062
16630,7.491
16631,5.6086
16632,8.9538
16633,7.3624
16634,8.0202
16635,8.0051
16636,7.5553
16637,7.2386
16638,7.5734
16639,7.909
16640,5.8274
16641,8.3088
16642,6.4808
16643,7.5484
16644,9.1404
16645,8.1402
16646,6.8559
16647,8.6964
16648,6.7316
16649,7.1583
16650,7.3299
16651,7.5341
16652,7.5235
16653,7.0368
16654,6.4061
16655,6.5023
16656,6.7859
16657,9.2119
16658,7.6182
16659,8.4915
16660,8.264
16661,7.1451
16662,7.3483
16663,8.1714
16664,7.0339
16665,8.9525
16666,7.2618
16667,7.4061
16668,7.337
16669,5.6236
16670,8.0251
16671,7.1769
16672,8.2342
16673,7.3757
16674,8.1296
16675,7.965
16676,7.3602
16677,7.9171
16678,8.2713
16679,7.1798
16680,7.7485
16681,7.4087
16682,7.3602
16683,7.4129
16684,8.0241
16685,9.7282
16686,7.594
16687,6.6669
16688,7.1965
16689,9.369
16690,6.8696
16691,7.7919
16692,7.9811
16693,8.7039
16694,7.6563
16695,7.527
16696,7.668
16697,8.9899
16698,8.206
16699,7.9346
16700,9.3333
16701,7.7063
16702,8.4343
16703,7.748
16704,7.6762
16705,7.6744
16706,7.0496
16707,8.9525
16708,7.5889
16709,7.378
16710,6.726
16711,8.014
16712,5.0445
16713,7.6637
16714,8.7091
16715,7.7102
16716,7.7828
16717,6.3778
16718,7.349
16719,6.7299
16720,6.926
16721,9.0876
16722,8.564
16723,7.26
16724,6.1363
16725,7.1489
16726,7.0633
16727,7.3602
16728,7.677
16729,6.9201
16730,4.8197
16731,8.9525
16732,7.4494
16733,7.2441
16734,7.7759
16735,7.1972
16736,7.7838
16737,8.6967
16738,5.4444
16739,4.9174
16740,6.2242
16741,7.7213
16742,8.8552
16743,7.8584
16744,8.9525
16745,7.8059
16746,7.3658
16747,8.4864
16748,9.3214
16749,8.8384
16750,7.8762
16751,7.7844
16752,7.3602
16753,8.7929
16754,8.9525
16755,6.2482
16756,7.3745
16757,8.1041
16758,7.9986
16759,7.7838
16760,7.0797
16761,6.6541
16762,7.5219
16763,7.3447
16764,7.117
16765,7.2562
16766,8.5489
16767,6.222
16768,8.3365
16769,6.7804
16770,8.1966
16771,7.6935
16772,8.1186
16773,8.9525
16774,7.7467
16775,9.8504
16776,7.3892
16777,8.0195
16778,8.532
16779,8.5101
16780,7.5342
16781,6.1715
16782,7.7838
16783,5.819
16784,7.8445
16785,8.8055
16786,7.9545
16787,9.1136
16788,6.7653
16789,5.8587
16790,8.0392
16791,8.9525
16792,7.432
16793,9.3214
16794,9.4523
16795,8.9525
16796,7.1992
16797,9.3221
16798,8.8222
16799,7.018
16800,8.9452
16801,7.7218
16802,9.9928
16803,7.9848
16804,7.7838
16805,7.8447
16806,7.7838
16807,8.4725
16808,7.3737
16809,7.3956
16810,7.195
16811,7.0777
16812,7.8713
16813,8.3999
16814,6.795
16815,5.1865
16816,8.4004
16817,5.7285
16818,7.5166
16819,6.1472
16820,6.7078
16821,9.3214
16822,7.4783
16823,7.1007
16824,8.9285
16825,9.1053
16826,8.0502
16827,9.5635
16828,8.3806
16829,8.4019
16830,7.7838
16831,5.6585
16832,7.6668
16833,6.5658
16834,5.9099
16835,9.1991
16836,7.4516
16837,8.5027
16838,8.2314
16839,7.3548
16840,4.8375
16841,8.3696
16842,7.4321
16843,4.1696
16844,7.0077
16845,7.1531
16846,7.6019
16847,8.0268
16848,7.2195
16849,8.7247
16850,7.367
16851,6.8054
16852,7.2304
16853,6.9427
16854,5.6585
16855,7.3624
16856,8.3735
16857,9.2567
16858,8.9284
16859,7.7838
16860,8.3092
16861,7.7521
16862,8.0456
16863,8.1714
16864,7.0182
16865,8.0784
16866,7.5313
16867,9.2955
16868,7.9288
16869,8.1356
16870,7.0621
16871,7.6455
16872,9.3838
16873,6.0498
16874,7.2517
16875,7.8081
16876,7.8144
16877,7.226
16878,8.2004
16879,7.9914
16880,7.702
16881,8.1473
16882,8.328
16883,7.4438
16884,7.8731
16885,7.7249
16886,8.3488
16887,7.5105
16888,7.2778
16889,7.3602
16890,7.8844
16891,7.4225
16892,7.4186
16893,7.5964
16894,7.7838
16895,7.771
16896,7.3602
16897,5.758
16898,7.6393
16899,7.7838
16900,8.7091
16901,8.0438
16902,7.6027
16903,7.3602
16904,9.4076
16905,7.3658
16906,5.7602
16907,6.7371
16908,9.5081
16909,7.6852
16910,7.1657
16911,8.0777
16912,5.6713
16913,8.619
16914,8.5037
16915,7.3602
16916,7.4971
16917,7.602
16918,7.6153
16919,8.4227
16920,7.8518
16921,7.7063
16922,7.0597
16923,7.576
16924,7.372
16925,6.1268
16926,6.776
16927,7.3983
16928,6.9299
16929,6.3846
16930,9.7083
16931,7.8501
16932,5.7285
16933,5.4925
16934,6.9003
16935,8.2599
16936,7.5842
16937,7.2582
16938,7.7838
16939,7.6066
16940,7.2382
16941,6.7187
16942,9.5081
16943,7.1065
16944,7.8457
16945,6.2268
16946,7.7838
16947,8.0229
16948,8.8311
16949,8.7357
16950,7.64
16951,8.9768
16952,6.1427
16953,7.276
16954,7.3114
16955,8.067
16956,5.7285
16957,9.1803
16958,7.5972
16959,8.1306
16960,5.5844
16961,5.9698
16962,6.0864
16963,7.9583
16964,7.2312
16965,7.2322
16966,7.5298
16967,6.7687
16968,7.5871
16969,7.867
16970,8.7147
16971,7.7838
16972,7.2757
16973,8.024
16974,6.5823
16975,8.6562
16976,9.1949
16977,7.7609
16978,7.4274
16979,7.9566
16980,5.9947
16981,6.3055
16982,7.7838
16983,5.8106
16984,7.7107
16985,7.6922
16986,7.5056
16987,7.7857
16988,8.9525
16989,7.4415
16990,8.387
16991,8.1276
16992,7.4008
16993,7.2668
16994,8.1222
16995,6.9087
16996,7.9255
16997,7.0985
16998,6.2339
16999,8.6809
17000,5.1384
17001,8.1509
17002,7.677
17003,8.2953
17004,8.2235
17005,7.6428
17006,7.6133
17007,7.7665
17008,7.2564
17009,9.513
17010,8.2092
17011,5.2842
17012,7.7914
17013,7.1046
17014,7.2171
17015,9.4855
17016,7.314
17017,7.7276
17018,6.4699
17019,7.4778
17020,9.0684
17021,9.3214
17022,6.5988
17023,7.9645
17024,9.3746
17025,6.5999
17026,7.49
17027,6.9636
17028,7.6851
17029,6.5865
17030,9.2871
17031,7.0383
17032,6.5025
17033,8.2867
17034,7.8134
17035,7.7838
17036,9.3214
17037,7.6108
17038,7.9125
17039,8.9525
17040,7.5564
17041,7.6865
17042,7.5698
17043,6.4522
17044,5.7242
17045,7.7838
17046,7.4087
17047,5.4564
17048,6.3623
17049,7.7838
17050,6.6404
17051,8.6059
17052,7.9205
17053,8.746
17054,8.2535
17055,6.9272
17056,8.0243
17057,7.5264
17058,8.1043
17059,7.0986
17060,7.7084
17061,6.8352
17062,6.8895
17063,8.2888
17064,8.298
17065,8.0069
17066,7.1038
17067,7.4045
17068,8.3256
17069,8.4724
17070,7.2654
17071,8.2721
17072,7.1617
17073,7.2828
17074,9.0026
17075,6.5836
17076,7.9587
17077,8.3584
17078,8.2235
17079,8.0263
17080,7.7743
17081,7.7919
17082,8.3511
17083,6.4253
17084,7.415
17085,8.9452
17086,7.3602
17087,7.1139
17088,5.4039
17089,6.3788
17090,7.6388
17091,6.7905
17092,7.3597
17093,8.3767
17094,7.3984
17095,8.0944
17096,7.6279
17097,8.1714
17098,5.5567
17099,6.2657
17100,7.023
17101,5.1384
17102,7.3602
17103,7.0015
17104,7.765
17105,7.7986
17106,8.7222
17107,6.9811
17108,9.7238
17109,6.8896
17110,7.563
17111,7.7838
17112,7.9737
17113,7.7686
17114,8.1971
17115,9.3008
17116,8.9525
17117,7.6535
17118,7.5235
17119,7.059
17120,5.7299
17121,7.828
17122,7.0362
17123,7.9971
17124,9.9693
17125,8.5774
17126,8.9525
17127,7.3471
17128,8.1757
17129,6.9957
17130,9.614
17131,8.7528
17132,6.9043
17133,7.3602
17134,6.4846
17135,7.2018
17136,7.0984
17137,8.2921
17138,8.3266
17139,7.46
17140,6.8444
17141,7.3602
17142,8.267
17143,5.1384
17144,5.4496
17145,7.8656
17146,7.8174
17147,7.5349
17148,7.2758
17149,6.3141
17150,7.7532
17151,9.302
17152,7.166
17153,6.4375
17154,8.5296
17155,6.2155
17156,7.7181
17157,7.5195
17158,6.0746
17159,7.4532
17160,7.3602
17161,8.3919
17162,7.7505
17163,6.9289
17164,5.6393
17165,6.5096
17166,7.8486
17167,5.1384
17168,7.191
17169,8.9525
17170,7.5077
17171,8.9859
17172,8.5774
17173,8.9525
17174,6.4584
17175,8.6612
17176,9.0772
17177,7.9787
17178,8.0331
17179,8.7584
17180,9.3214
17181,5.1384
17182,7.2574
17183,6.601
17184,8.2759
17185,9.1712
17186,7.1213
17187,8.0911
17188,7.649
17189,8.5555
17190,8.2085
17191,7.7838
17192,7.5495
17193,8.2153
17194,7.9671
17195,8.3351
17196,7.8334
17197,8.2813
17198,8.3238
17199,8.0228
17200,8.1214
17201,7.1859
17202,7.8275
17203,6.6542
17204,8.1111
17205,7.2737
17206,7.9799
17207,8.1916
17208,7.6418
17209,8.2833
17210,8.1076
17211,7.7838
17212,8.4664
17213,9.3938
17214,7.6624
17215,7.319
17216,6.9299
17217,9.0859
17218,8.9416
17219,8.3157
17220,7.4013
17221,9.2613
17222,6.5187
17223,7.1993
17224,7.974
17225,7.9148
17226,6.4832
17227,6.4269
17228,8.5741
17229,7.3602
17230,8.3927
17231,7.7003
17232,7.6874
17233,7.6373
17234,9.0236
17235,6.5552
17236,7.7063
17237,6.9077
17238,7.1403
17239,8.5717
17240,7.5441
17241,8.6016
17242,9.2668
17243,8.7136
17244,8.9452
17245,6.3064
17246,7.112
17247,7.7766
17248,9.0462
17249,6.8362
17250,5.3962
17251,8.6439
17252,7.2515
17253,8.332
17254,8.116
17255,5.4928
17256,8.0646
17257,8.9475
17258,9.6188
17259,8.0567
17260,7.1081
17261,8.0528
17262,8.195
17263,6.6602
17264,7.8171
17265,8.8074
17266,6.522
17267,6.1953
17268,8.6533
17269,7.8275
17270,7.9846
17271,7.26
17272,8.7571
17273,7.728
17274,9.0664
17275,6.0476
17276,7.2585
17277,7.547
17278,8.7549
17279,6.7864
17280,8.4186
17281,7.7657
17282,8.3049
17283,7.6247
17284,9.3214
17285,7.1769
17286,6.903
17287,6.9299
17288,7.3602
17289,6.7453
17290,6.9469
17291,7.6864
17292,6.7848
17293,9.0108
17294,8.3605
17295,5.9132
17296,7.2864
17297,7.0536
17298,6.845
17299,8.4233
17300,7.7715
17301,7.752
17302,7.4494
17303,6.8102
17304,8.9199
17305,8.1668
17306,8.9011
17307,9.3063
17308,6.1981
17309,8.3792
17310,6.8928
17311,7.6183
17312,8.6098
17313,8.284
17314,7.096
17315,5.889
17316,7.6882
17317,7.1011
17318,9.0866
17319,7.4749
17320,9.1305
17321,8.2714
17322,6.6008
17323,7.4568
17324,8.4764
17325,7.3576
17326,8.4025
17327,7.4432
17328,8.6146
17329,7.7838
17330,8.5359
17331,9.245
17332,7.6787
17333,9.6591
17334,8.2939
17335,7.8081
17336,8.0321
17337,8.9525
17338,7.0213
17339,6.4807
17340,7.7536
17341,8.3961
17342,7.2413
17343,7.7455
17344,7.7014
17345,8.6736
17346,8.9525
17347,8.4118
17348,7.7025
17349,7.8266
17350,7.0392
17351,8.3696
17352,7.0602
17353,7.3082
17354,6.4164
17355,7.5217
17356,8.1972
17357,8.9475
17358,7.2281
17359,6.7734
17360,7.7695
17361,7.1284
17362,7.9589
17363,7.7705
17364,8.2592
17365,7.2382
17366,8.4743
17367,7.5238
17368,7.3882
17369,5.2842
17370,7.7838
17371,7.1232
17372,6.6104
17373,8.5345
17374,7.7959
17375,9.0014
17376,8.5808
17377,8.6698
17378,6.9367
17379,7.3969
17380,10.0
17381,7.7762
17382,8.9525
17383,9.139
17384,8.0959
17385,7.1163
17386,7.6071
17387,5.7258
17388,8.5278
17389,8.7273
17390,7.7118
17391,7.3602
17392,8.3303
17393,8.1997
17394,7.8725
17395,7.1773
17396,8.0791
17397,8.8345
17398,8.1964
17399,8.6047
17400,6.4021
17401,7.401
17402,7.4706
17403,7.846
17404,9.3214
17405,8.0565
17406,8.2317
17407,7.7838
17408,8.1371
17409,8.0758
17410,7.2633
17411,9.9443
17412,8.2976
17413,8.5601
17414,7.6059
17415,9.3214
17416,7.7838
17417,9.3291
17418,8.4049
17419,7.4967
17420,8.4063
17421,7.7869
17422,4.917
17423,7.1454
17424,7.8411
17425,4.75
17426,7.3485
17427,8.339
17428,7.5732
17429,6.8247
17430,8.2546
17431,7.8316
17432,8.3266
17433,8.8018
17434,7.6762
17435,8.7534
17436,8.1252
17437,9.2218
17438,7.8105
17439,8.517
17440,7.5235
17441,6.8514
17442,10.0
17443,7.5235
17444,7.1488
17445,8.5404
17446,7.3031
17447,8.267
17448,7.828
17449,8.2272
17450,8.0495
17451,7.9953
17452,9.179
17453,5.1669
17454,8.799
17455,8.2369
17456,7.1284
17457,7.5222
17458,7.9287
17459,6.3615
17460,7.5787
17461,6.5332
17462,7.1424
17463,9.3214
17464,6.2586
17465,8.3453
17466,8.1859
17467,7.8241
17468,8.209
17469,7.341
17470,7.2026
17471,8.7382
17472,8.505
17473,8.0813
17474,6.7632
17475,7.8416
17476,7.7838
17477,7.8554
17478,7.5188
17479,8.4044
17480,9.4076
17481,7.098
17482,7.4702
17483,7.1323
17484,7.819
17485,8.2038
17486,9.1136
17487,7.6634
17488,7.758
17489,7.8453
17490,8.9525
17491,7.8937
17492,7.6639
17493,8.1739
17494,7.7818
17495,6.92
17496,6.8195
17497,8.758
17498,8.5063
17499,7.3551
17500,8.9566
17501,9.3759
17502,8.8748
17503,9.6036
17504,6.3975
17505,9.5474
17506,7.2706
17507,8.1181
17508,7.7838
17509,7.5235
17510,7.5994
17511,8.526
17512,7.3686
17513,7.3273
17514,6.6038
17515,8.6614
17516,7.8534
17517,5.1384
17518,6.2619
17519,7.8703
17520,7.8472
17521,6.7088
17522,9.4318
17523,6.2583
17524,7.7193
17525,8.203
17526,8.6316
17527,8.1241
17528,9.9738
17529,5.7574
17530,7.3602
17531,5.8449
17532,8.6072
17533,8.9525
17534,9.5899
17535,6.9643
17536,9.0339
17537,7.9144
17538,6.7978
17539,8.5675
17540,7.5501
17541,7.4954
17542,8.2921
17543,7.5235
17544,6.7545
17545,9.5153
17546,8.267
17547,7.3602
17548,8.9525
17549,7.4105
17550,7.4753
17551,8.1318
17552,5.1384
17553,7.8914
17554,7.0823
17555,7.3456
17556,8.3516
17557,7.9594
17558,8.9525
17559,6.519
17560,8.6216
17561,7.7838
17562,6.0641
17563,7.2034
17564,6.9012
17565,5.1384
17566,6.4403
17567,9.3214
17568,7.887
17569,6.4146
17570,6.2977
17571,6.4194
17572,6.3052
17573,6.2035
17574,7.3882
17575,7.4199
17576,7.6662
17577,6.2025
17578,9.0318
17579,7.0736
17580,7.3252
17581,8.6993
17582,8.3004
17583,5.7285
17584,7.6137
17585,5.9213
17586,8.3633
17587,7.962
17588,7.0459
17589,9.5631
17590,7.7838
17591,7.3446
17592,9.2783
17593,7.7742
17594,6.2185
17595,8.6534
17596,8.0199
17597,8.5205
17598,7.6235
17599,7.9541
17600,7.8416
17601,7.1015
17602,7.9344
17603,8.6333
17604,6.7227
17605,7.0748
17606,8.0513
17607,7.0017
17608,8.9525
17609,7.5316
17610,8.4139
17611,8.0304
17612,7.2906
17613,6.5989
17614,8.1582
17615,8.4125
17616,7.4389
17617,7.6797
17618,8.6016
17619,6.5295
17620,7.3925
17621,7.4461
17622,7.7838
17623,8.0776
17624,7.4672
17625,6.776
17626,8.561
17627,6.0041
17628,8.2292
17629,6.8417
17630,8.2673
17631,7.8601
17632,7.5499
17633,6.452
17634,6.4193
17635,6.3344
17636,7.8349
17637,8.3311
17638,7.6312
17639,6.5586
17640,8.4375
17641,7.3081
17642,7.733
17643,7.3662
17644,8.0912
17645,6.8967
17646,8.3817
17647,7.3602
17648,7.6181
17649,4.3737
17650,8.166
17651,2.324
17652,6.0389
17653,7.8121
17654,8.6393
17655,7.9576
17656,8.9488
17657,7.5745
17658,7.7683
17659,7.3602
17660,7.8081
17661,9.1337
17662,6.8971
17663,8.9525
17664,7.2014
17665,8.1714
17666,6.8458
17667,7.5995
17668,8.1361
17669,7.2613
17670,8.5101
17671,6.2446
17672,8.9472
17673,8.1983
17674,8.1044
17675,8.4445
17676,6.2009
17677,7.2485
17678,7.1813
17679,8.4364
17680,7.0406
17681,7.5235
17682,6.9327
17683,8.756
17684,7.1891
17685,6.8791
17686,8.2316
17687,7.3602
17688,8.4909
17689,7.5597
17690,8.1057
17691,8.6121
17692,7.5407
17693,6.4251
17694,5.6585
17695,7.1378
17696,8.2926
17697,8.9525
17698,6.2922
17699,8.3546
17700,8.9525
17701,8.9525
17702,7.9974
17703,5.2842
17704,7.8291
17705,5.1384
17706,7.9889
17707,7.7118
17708,6.9704
17709,5.2101
17710,6.7738
17711,7.8115
17712,8.3819
17713,6.7919
17714,5.1384
17715,6.3969
17716,6.9934
17717,7.2937
17718,8.2358
17719,7.5235
17720,7.7393
17721,8.7192
17722,8.2499
17723,7.6802
17724,7.5189
17725,5.4369
17726,8.9525
17727,7.4318
17728,9.255
17729,7.5653
17730,8.6842
17731,7.7747
17732,8.0899
17733,7.5656
17734,7.1841
17735,6.4773
17736,6.1297
17737,8.6259
17738,5.2842
17739,6.6463
17740,8.9525
17741,8.9525
17742,7.32
17743,8.1902
17744,7.0525
17745,7.5219
17746,8.1355
17747,7.9145
17748,6.8491
17749,7.9171
17750,8.9834
17751,7.8134
17752,8.967
17753,8.6838
17754,7.7682
17755,8.189
17756,8.7091
17757,7.7838
17758,7.2352
17759,6.698
17760,7.9821
17761,7.7609
17762,8.5197
17763,7.4283
17764,6.7479
17765,7.6698
17766,8.0941
17767,7.5334
17768,7.8042
17769,7.7838
17770,8.7927
17771,8.9566
17772,7.8465
17773,5.9466
17774,7.4673
17775,8.6458
17776,8.3241
17777,7.0021
17778,6.8782
17779,7.293
17780,8.7273
17781,7.3602
17782,7.2605
17783,6.3765
17784,7.1467
17785,7.5698
17786,8.8359
17787,7.5583
17788,7.4256
17789,8.7161
17790,5.5405
17791,7.9813
17792,7.3141
17793,9.3214
17794,8.8625
17795,8.0612
17796,6.3987
17797,8.5296
17798,7.9959
17799,7.0841
17800,7.7838
17801,7.3168
17802,9.3214
17803,6.6634
17804,7.2937
17805,8.505
17806,6.7234
17807,9.1187
17808,8.0495
17809,8.6439
17810,6.7594
17811,6.7381
17812,8.9452
17813,6.5549
17814,8.2722
17815,6.7758
17816,7.4905
17817,5.8447
17818,9.5098
17819,8.9428
17820,8.9525
17821,6.7431
17822,8.2731
17823,8.2302
17824,8.3854
17825,7.1769
17826,7.4928
17827,8.9525
17828,5.1384
17829,7.3569
17830,8.0574
17831,9.442
17832,8.3434
17833,7.7838
17834,8.2482
17835,7.4141
17836,7.5963
17837,6.0829
17838,8.2673
17839,8.6168
17840,8.9525
17841,9.3063
17842,6.2168
17843,8.9525
17844,5.8163
17845,7.7198
17846,7.5944
17847,7.5235
17848,8.0491
17849,8.4771
17850,6.5923
17851,7.8411
17852,6.5824
17853,7.7838
17854,5.1284
17855,7.7838
17856,7.3049
17857,7.0896
17858,5.6347
17859,7.866
17860,8.6439
17861,5.6755
17862,7.7946
17863,4.8196
17864,6.1744
17865,7.4619
17866,7.5874
17867,8.4629
17868,8.0782
17869,7.3671
17870,8.2174
17871,7.5023
17872,7.7543
17873,7.5323
17874,7.4673
17875,8.3669
17876,6.6188
17877,6.6555
17878,7.2754
17879,5.9232
17880,7.8134
17881,7.2336
17882,8.2959
17883,8.3171
17884,7.7429
17885,6.7893
17886,7.2412
17887,9.4001
17888,5.1384
17889,7.2937
17890,7.9561
17891,9.0418
17892,7.5696
17893,8.5351
17894,7.891
17895,7.2874
17896,7.085
17897,7.5235
17898,6.3765
17899,7.4688
17900,7.7047
17901,6.8285
17902,8.0478
17903,7.9403
17904,7.7152
17905,8.9525
17906,6.4037
17907,6.6543
17908,3.8884
17909,8.3868
17910,8.6909
17911,7.8144
17912,7.5188
17913,9.2869
17914,7.4753
17915,8.2095
17916,8.502
17917,7.4399
17918,6.7734
17919,7.2602
17920,6.1246
17921,8.3186
17922,7.4073
17923,7.0212
17924,8.7418
17925,7.1796
17926,7.9757
17927,6.2729
17928,7.752
17929,7.3196
17930,5.9875
17931,7.3039
17932,7.3036
17933,7.5421
17934,9.2083
17935,7.0955
17936,8.7423
17937,7.5235
17938,6.2284
17939,6.8094
17940,7.3307
17941,6.8946
17942,6.742
17943,6.881
17944,6.2121
17945,6.2331
17946,7.6692
17947,8.1848
17948,8.267
17949,8.5322
17950,8.1579
17951,8.5017
17952,7.881
17953,7.0227
17954,7.746
17955,9.4859
17956,6.9642
17957,8.1714
17958,7.2237
17959,9.3041
17960,8.6509
17961,7.7108
17962,7.4897
17963,7.1055
17964,5.3765
17965,7.4952
17966,8.241
17967,7.7213
17968,9.5919
17969,7.5518
17970,5.8441
17971,7.39
17972,7.1075
17973,7.8761
17974,7.3602
17975,8.4108
17976,8.0661
17977,8.0236
17978,8.2449
17979,7.1784
17980,7.6411
17981,7.0867
17982,8.9926
17983,6.426
17984,6.7893
17985,8.9525
17986,9.119
17987,5.1384
17988,7.0595
17989,8.4925
17990,7.7838
17991,7.181
17992,5.7718
17993,9.5153
17994,9.3494
17995,6.4834
17996,9.1867
17997,8.123
17998,8.0274
17999,8.296
18000,8.6319
18001,9.3821
18002,8.6145
18003,6.8236
18004,7.7838
18005,8.5533
18006,7.7662
18007,6.6463
18008,7.7259
18009,8.9009
18010,5.952
18011,8.4671
18012,8.0901
18013,7.4268
18014,6.4646
18015,7.7838
18016,9.1803
18017,9.2478
18018,8.8159
18019,8.2995
18020,8.088
18021,8.9525
18022,7.3953
18023,9.3725
18024,9.0202
18025,5.2842
18026,8.6403
18027,6.2038
18028,5.1488
18029,6.8009
18030,7.6402
18031,6.3631
18032,8.5683
18033,8.0867
18034,7.7761
18035,6.6529
18036,7.1085
18037,7.4331
18038,7.6283
18039,4.3737
18040,5.0677
18041,8.963
18042,8.0771
18043,9.1743
18044,6.6661
18045,7.5105
18046,7.6606
18047,7.3602
18048,8.9048
18049,7.3366
18050,8.527
18051,9.5414
18052,7.0866
18053,9.3214
18054,7.2279
18055,6.3106
18056,7.6399
18057,7.6805
18058,7.9917
18059,7.5151
18060,7.1637
18061,8.9525
18062,4.1138
18063,6.2586
18064,8.3929
18065,7.5235
18066,8.9525
18067,7.765
18068,8.2687
18069,8.7607
18070,7.9111
18071,8.273
18072,6.2583
18073,8.9525
18074,6.7161
18075,6.8275
18076,7.7191
18077,8.4021
18078,8.2062
18079,6.9234
18080,7.3869
18081,7.3602
18082,5.8652
18083,7.9635
18084,6.8588
18085,6.2414
18086,9.0921
18087,7.26
18088,7.596
18089,8.3128
18090,5.5791
18091,6.9378
18092,6.0226
18093,7.88
18094,8.2196
18095,7.112
18096,7.7838
18097,4.4139
18098,7.1976
18099,7.5099
18100,6.9211
18101,8.0199
18102,5.417
18103,8.3106
18104,8.6263
18105,8.6073
18106,7.7838
18107,7.5361
18108,7.7838
18109,8.3861
18110,9.5696
18111,7.4302
18112,7.3602
18113,8.0258
18114,8.2085
18115,5.1384
18116,7.5235
18117,8.1812
18118,7.1634
18119,8.6302
18120,8.1133
18121,8.3128
18122,10.0
18123,8.4698
18124,8.0373
18125,8.8222
18126,6.5096
18127,7.5422
18128,9.6024
18129,6.8095
18130,8.1187
18131,8.0464
18132,7.6367
18133,8.9324
18134,7.4661
18135,7.7485
18136,8.113
18137,7.9954
18138,6.9116
18139,5.9198
18140,8.0986
18141,8.0907
18142,6.2373
18143,7.9642
18144,5.8577
18145,6.1406
18146,7.2891
18147,7.4218
18148,7.0453
18149,9.6468
18150,7.9764
18151,7.8066
18152,8.9525
18153,7.5007
18154,8.8973
18155,5.7131
18156,7.3603
18157,7.7759
18158,7.765
18159,7.3602
18160,7.5037
18161,9.3214
18162,8.3331
18163,7.6295
18164,8.1971
18165,7.607
18166,8.3672
18167,7.3115
18168,8.5033
18169,7.9151
18170,5.4207
18171,8.1714
18172,7.8071
18173,7.8494
18174,8.9525
18175,6.8989
18176,8.3141
18177,7.3673
18178,8.5241
18179,7.4648
18180,7.6955
18181,8.1392
18182,8.4811
18183,9.3214
18184,8.4965
18185,6.4289
18186,6.4138
18187,7.1491
18188,7.4315
18189,9.2086
18190,8.2134
18191,6.1976
18192,8.557
18193,7.5681
18194,7.8937
18195,6.4204
18196,6.8728
18197,7.3602
18198,9.0514
18199,9.3214
18200,8.4402
18201,6.8763
18202,6.6849
18203,7.2816
18204,7.2777
18205,6.8678
18206,7.3942
18207,8.7615
18208,9.0714
18209,5.7103
18210,7.6214
18211,5.1384
18212,5.8112
18213,8.6957
18214,6.2471
18215,8.8966
18216,7.8464
18217,7.7073
18218,7.5235
18219,5.8298
18220,7.9503
18221,8.5741
18222,8.371
18223,8.3464
18224,8.5075
18225,7.7687
18226,9.3214
18227,7.6957
18228,7.2659
18229,5.366
18230,8.3927
18231,6.6361
18232,7.9959
18233,7.0819
18234,6.3338
18235,5.1384
18236,8.2424
18237,7.0914
18238,7.1769
18239,7.8843
18240,8.7891
18241,6.6701
18242,8.4575
18243,7.7838
18244,7.1859
18245,7.6575
18246,9.332
18247,8.0904
18248,6.7633
18249,5.1384
18250,6.6947
18251,8.0311
18252,7.3251
18253,6.0718
18254,7.7838
18255,8.0859
18256,9.2108
18257,7.1814
18258,7.6019
18259,7.6865
18260,7.6643
18261,8.7188
18262,7.5672
18263,7.5232
18264,8.3443
18265,7.0113
18266,8.7751
18267,7.3658
18268,7.3602
18269,7.4415
18270,5.0606
18271,7.1251
18272,8.9525
18273,8.5822
18274,8.4895
18275,7.4672
18276,7.1323
18277,6.3432
18278,7.5989
18279,6.9128
18280,6.2575
18281,6.8121
18282,7.3773
18283,4.7291
18284,7.4335
18285,8.0087
18286,7.7838
18287,7.3602
18288,4.8525
18289,7.6911
18290,6.9299
18291,7.0839
18292,7.0996
18293,9.6647
18294,7.0319
18295,6.6918
18296,7.0811
18297,8.5868
18298,8.4066
18299,8.8856
18300,7.4687
18301,7.708
18302,8.1266
18303,7.1859
18304,8.5469
18305,5.2159
18306,6.6721
18307,6.7777
18308,7.9432
18309,6.7289
18310,7.3974
18311,8.0987
18312,6.2613
18313,8.3
18314,8.1875
18315,6.6701
18316,7.6841
18317,7.6247
18318,7.1108
18319,7.7838
18320,7.9763
18321,7.6307
18322,8.1213
18323,7.9413
18324,6.9299
18325,8.3129
18326,8.1204
18327,9.3214
18328,7.8284
18329,6.8802
18330,8.6514
18331,7.327
18332,8.838
18333,5.7285
18334,7.4155
18335,7.8113
18336,8.5594
18337,7.7838
18338,6.5629
18339,8.6439
18340,7.2383
18341,9.5153
18342,9.9098
18343,5.3816
18344,8.2578
18345,8.0547
18346,7.7974
18347,8.9525
18348,7.3602
18349,8.075
18350,7.945
18351,8.2321
18352,7.6258
18353,7.2194
18354,7.3385
18355,7.4206
18356,7.5734
18357,7.9421
18358,7.5063
18359,7.3143
18360,8.6016
18361,7.0676
18362,7.9254
18363,7.2349
18364,5.1384
18365,5.642
18366,8.0272
18367,8.2844
18368,6.2175
18369,7.372
18370,8.2313
18371,8.6018
18372,7.3087
18373,9.0845
18374,7.1894
18375,5.7285
18376,7.4687
18377,8.3557
18378,8.356
18379,7.7063
18380,9.0876
18381,7.3139
18382,7.2245
18383,7.995
18384,8.61
18385,7.2874
18386,7.7537
18387,7.2188
18388,8.603
18389,6.8559
18390,6.9468
18391,6.8061
18392,6.81
18393,7.8225
18394,8.7576
18395,9.4282
18396,6.615
18397,6.6939
18398,7.2531
18399,7.4546
18400,8.5322
18401,7.1443
18402,6.9088
18403,7.1343
18404,7.3822
18405,7.8832
18406,8.0957
18407,8.0495
18408,7.0263
18409,8.7871
18410,7.6092
18411,8.6645
18412,7.8028
18413,7.8925
18414,8.0698
18415,8.5472
18416,8.2523
18417,8.562
18418,9.0431
18419,6.2318
18420,8.9525
18421,8.1712
18422,7.961
18423,6.6308
18424,9.2618
18425,8.7524
18426,8.2892
18427,4.9174
18428,6.7912
18429,6.861
18430,7.3475
18431,7.3602
18432,8.1676
18433,7.7063
18434,8.3128
18435,5.9405
18436,6.1827
18437,7.5919
18438,7.7066
18439,4.3737
18440,5.2064
18441,7.3641
18442,8.7244
18443,8.9525
18444,7.5235
18445,7.4324
18446,7.7838
18447,6.9299
18448,9.1404
18449,7.7838
18450,7.8367
18451,8.2287
18452,7.7973
18453,7.9412
18454,8.5511
18455,6.9743
18456,7.7838
18457,8.5986
18458,7.7971
18459,7.3602
18460,7.8292
18461,7.8042
18462,7.3796
18463,7.6969
18464,6.5594
18465,7.8201
18466,6.8946
18467,6.4751
18468,7.327
18469,8.3369
18470,7.2459
18471,8.0203
18472,8.2153
18473,5.7285
18474,7.9442
18475,7.1445
18476,7.8988
18477,9.0019
18478,8.4367
18479,8.1147
18480,5.6585
18481,6.4992
18482,7.1087
18483,6.6763
18484,7.3637
18485,7.3602
18486,6.9998
18487,5.6672
18488,9.1675
18489,8.2936
18490,8.3035
18491,7.9663
18492,7.3205
18493,7.6899
18494,6.0157
18495,7.3602
18496,8.3901
18497,8.9047
18498,6.9299
18499,8.1232
18500,7.8989
18501,6.2783
18502,7.7669
18503,8.1856
18504,7.805
18505,8.5722
18506,7.2993
18507,8.3185
18508,7.8313
18509,6.3778
18510,8.2694
18511,7.8136
18512,5.1384
18513,7.5235
18514,7.3541
18515,6.6327
18516,7.1105
18517,7.7063
18518,7.8087
18519,8.7456
18520,8.4375
18521,9.8306
18522,7.2706
18523,8.3203
18524,7.9136
18525,6.475
18526,7.8121
18527,7.3922
18528,7.6301
18529,5.1384
18530,8.2551
18531,6.5651
18532,6.9501
18533,7.0041
18534,7.9353
18535,6.4701
18536,7.3602
18537,7.8931
18538,7.6838
18539,7.008
18540,9.3214
18541,7.8081
18542,5.3483
18543,8.9238
18544,6.2119
18545,8.9452
18546,5.7285
18547,9.5289
18548,7.3681
18549,7.191
18550,7.5513
18551,9.2602
18552,8.9525
18553,7.1814
18554,8.7193
18555,7.9429
18556,9.4859
18557,6.3898
18558,7.7659
18559,6.8428
18560,7.1769
18561,8.7048
18562,8.0039
18563,7.7838
18564,7.5656
18565,6.3696
18566,8.9934
18567,6.6193
18568,9.3579
18569,8.1714
18570,6.1249
18571,6.9691
18572,8.1595
18573,8.2835
18574,7.2587
18575,7.7838
18576,8.1418
18577,8.6439
18578,6.1392
18579,7.8428
18580,7.7605
18581,8.3658
18582,7.3905
18583,9.3214
18584,9.2846
18585,8.9525
18586,7.8095
18587,8.3014
18588,7.7838
18589,7.1762
18590,6.9899
18591,7.1484
18592,8.6318
18593,7.6556
18594,8.432
18595,7.8774
18596,7.1438
18597,7.3237
18598,6.3563
18599,5.724
18600,6.6822
18601,6.9644
18602,7.8573
18603,7.077
18604,7.5235
18605,5.9848
18606,7.7309
18607,7.8937
18608,8.0245
18609,8.9525
18610,8.9618
18611,7.7506
18612,7.5629
18613,8.7774
18614,6.6284
18615,7.8505
18616,8.9452
18617,8.9345
18618,8.0713
18619,7.4786
18620,7.9797
18621,8.2909
18622,9.725
18623,6.6966
18624,7.1889
18625,7.4753
18626,6.579
18627,7.7477
18628,8.1689
18629,9.5919
18630,7.1496
18631,7.725
18632,6.9765
18633,7.9667
18634,8.1429
18635,9.0517
18636,8.151
18637,7.4675
18638,6.8303
18639,8.79
18640,7.5017
18641,8.1303
18642,8.9525
18643,8.9525
18644,6.9842
18645,5.7087
18646,7.5235
18647,8.0056
18648,8.3232
18649,7.9245
18650,8.3074
18651,7.5219
18652,8.5327
18653,7.2103
18654,7.0794
18655,8.1714
18656,7.8433
18657,6.9888
18658,8.1524
18659,6.855
18660,7.7838
18661,8.1633
18662,8.659
18663,9.2363
18664,8.2175
18665,7.8761
18666,7.3602
18667,8.1332
18668,8.284
18669,5.1384
18670,8.5531
18671,8.114
18672,7.3308
18673,7.7838
18674,8.6052
18675,6.4384
18676,8.6517
18677,7.7733
18678,6.4647
18679,9.8776
18680,9.3214
18681,5.2711
18682,7.3602
18683,6.2155
18684,8.9525
18685,7.7838
18686,7.7838
18687,8.284
18688,8.3424
18689,7.7206
18690,6.405
18691,7.191
18692,7.9072
18693,7.1652
18694,7.7511
18695,8.1251
18696,9.2869
18697,8.156
18698,6.9934
18699,8.4499
18700,7.7838
18701,8.3251
18702,7.5508
18703,7.7353
18704,7.6043
18705,6.6421
18706,8.7774
18707,7.6928
18708,8.8548
18709,8.5104
18710,6.2586
18711,8.6678
18712,7.1769
18713,6.5323
18714,7.6205
18715,8.1301
18716,7.8577
18717,7.6466
18718,8.3063
18719,7.7838
18720,9.7083
18721,7.5355
18722,8.9452
18723,8.5017
18724,8.937
18725,7.8358
18726,7.0167
18727,7.7407
18728,6.9141
18729,7.6316
18730,8.6553
18731,7.1323
18732,8.432
18733,8.186
18734,7.2417
18735,7.553
18736,7.3598
18737,7.1769
18738,9.3214
18739,5.6487
18740,9.071
18741,8.7164
18742,7.8736
18743,7.7838
18744,7.8341
18745,8.1268
18746,7.3624
18747,7.2929
18748,8.3605
18749,8.9525
18750,7.7714
18751,8.267
18752,3.8369
18753,7.8521
18754,8.7835
18755,8.333
18756,7.2255
18757,9.4689
18758,6.3772
18759,8.2465
18760,8.9525
18761,8.9555
18762,7.2955
18763,7.4146
18764,7.9265
18765,7.0939
18766,6.0405
18767,7.4753
18768,6.5955
18769,7.7899
18770,8.8764
18771,7.3481
18772,6.5949
18773,7.2427
18774,7.2066
18775,7.4448
18776,8.3406
18777,7.3602
18778,6.939
18779,8.8814
18780,7.7838
18781,7.3007
18782,6.7134
18783,7.5235
18784,7.7838
18785,6.9513
18786,5.5515
18787,8.4859
18788,7.2217
18789,7.6678
18790,6.1056
18791,8.5251
18792,6.726
18793,7.5311
18794,7.7149
18795,7.4113
18796,6.8413
18797,8.3128
18798,8.6432
18799,8.0868
18800,7.2245
18801,8.7091
18802,8.3795
18803,8.3496
18804,4.5374
18805,6.7712
18806,6.776
18807,8.1429
18808,8.9525
18809,7.4108
18810,5.6899
18811,7.7658
18812,7.145
18813,7.7838
18814,8.0888
18815,8.5847
18816,8.1431
18817,7.9877
18818,7.7838
18819,7.0618
18820,8.934
18821,7.6392
18822,7.7838
18823,7.3602
18824,7.6792
18825,6.9296
18826,7.7914
18827,9.5427
18828,7.1291
18829,6.7234
18830,7.3602
18831,6.7269
18832,6.8862
18833,8.6109
18834,7.9836
18835,7.0356
18836,9.3041
18837,7.9845
18838,5.3557
18839,6.4554
18840,7.3196
18841,6.8733
18842,8.6715
18843,8.3156
18844,7.8411
18845,8.3071
18846,8.6017
18847,7.7538
18848,8.937
18849,7.1818
18850,7.6049
18851,7.9875
18852,7.7958
18853,8.8812
18854,9.5332
18855,8.3605
18856,7.382
18857,8.1707
18858,5.9024
18859,5.1384
18860,8.9525
18861,7.7838
18862,8.8657
18863,7.7838
18864,7.2382
18865,7.1758
18866,6.9645
18867,7.7838
18868,7.8056
18869,8.2409
18870,7.4685
18871,7.965
18872,7.7838
18873,8.5606
18874,7.112
18875,8.7549
18876,9.0772
18877,8.0666
18878,7.898
18879,7.3206
18880,8.2394
18881,7.3361
18882,6.9337
18883,7.451
18884,9.3826
18885,7.3264
18886,7.4045
18887,8.0055
18888,9.0732
18889,7.7793
18890,8.9525
18891,8.9525
18892,6.8478
18893,8.9525
18894,7.7838
18895,7.3796
18896,8.5965
18897,9.6188
18898,7.5232
18899,8.1714
18900,6.7725
18901,7.3602
18902,8.6523
18903,7.0726
18904,6.8027
18905,7.5592
18906,7.7838
18907,6.6651
18908,8.4122
18909,7.3602
18910,8.7163
18911,7.8332
18912,7.7693
18913,8.3033
18914,8.5131
18915,7.4629
18916,7.3739
18917,8.2054
18918,7.822
18919,9.3304
18920,7.5847
18921,7.088
18922,8.0214
18923,8.561
18924,7.7116
18925,7.3602
18926,6.0795
18927,5.1384
18928,7.9636
18929,9.8919
18930,7.8528
18931,8.7182
18932,7.054
18933,7.3285
18934,7.6233
18935,6.272
18936,8.5405
18937,8.0369
18938,7.9043
18939,6.6996
18940,7.7838
18941,8.9732
18942,8.5655
18943,9.7903
18944,6.0131
18945,6.6161
18946,7.1775
18947,5.8789
18948,5.2924
18949,9.2039
18950,7.6692
18951,7.7664
18952,9.2455
18953,8.0636
18954,7.3602
18955,7.5231
18956,7.1341
18957,7.5475
18958,7.5415
18959,5.1384
18960,8.0801
18961,5.4804
18962,8.9577
18963,8.3741
18964,7.7399
18965,6.364
18966,7.1804
18967,7.0823
18968,8.9196
18969,8.1125
18970,8.1219
18971,8.9525
18972,9.0987
18973,8.7884
18974,8.0933
18975,5.1384
18976,5.6613
18977,7.2768
18978,7.6664
18979,6.6599
18980,8.0933
18981,7.2405
18982,8.6382
18983,9.1021
18984,7.9482
18985,8.3349
18986,9.3938
18987,7.8741
18988,7.927
18989,7.6958
18990,6.9299
18991,7.5495
18992,4.3737
18993,8.1621
18994,7.6619
18995,7.5508
18996,8.3736
18997,7.9271
18998,8.3053
18999,8.4389
19000,7.7838
19001,8.9525
19002,6.8124
19003,8.9525
19004,7.3731
19005,8.9034
19006,8.1696
19007,7.7717
19008,8.2079
19009,7.5068
19010,7.9919
19011,7.0506
19012,7.2666
19013,8.9452
19014,6.3917
19015,6.5224
19016,8.0794
19017,8.35
19018,7.5778
19019,5.8125
19020,7.2185
19021,7.8867
19022,9.0013
19023,8.6487
19024,8.8317
19025,9.3218
19026,7.3025
19027,7.3411
19028,8.9849
19029,7.369
19030,7.2742
19031,8.8775
19032,8.5104
19033,7.8937
19034,6.2583
19035,7.6159
19036,8.5029
19037,7.6066
19038,6.9365
19039,6.5629
19040,7.552
19041,6.5316
19042,7.411
19043,7.3599
19044,5.1118
19045,5.0796
19046,8.8161
19047,8.6098
19048,7.2092
19049,8.0677
19050,7.7838
19051,6.0758
19052,8.5296
19053,7.5289
19054,8.4942
19055,8.9166
19056,7.521
19057,7.5816
19058,8.1141
19059,7.3602
19060,8.1893
19061,8.1431
19062,8.1621
19063,8.0906
19064,8.3099
19065,7.7512
19066,7.9537
19067,5.7285
19068,7.4486
19069,5.6465
19070,7.0525
19071,8.03
19072,6.6679
19073,7.8512
19074,9.369
19075,6.2519
19076,8.0952
19077,5.4919
19078,4.8814
19079,7.3602
19080,7.602
19081,6.9016
19082,7.2609
19083,8.5197
19084,7.1065
19085,4.7508
19086,8.9452
19087,8.8333
19088,8.4021
19089,8.7686
19090,7.5624
19091,5.6452
19092,7.1477
19093,7.7733
19094,7.7454
19095,7.3602
19096,7.5235
19097,6.9984
19098,8.8029
19099,7.092
19100,7.7024
19101,5.7367
19102,7.1377
19103,7.2564
19104,8.223
19105,5.1384
19106,8.5105
19107,9.4466
19108,7.1338
19109,6.6522
19110,8.1251
19111,7.4571
19112,6.1407
19113,7.3985
19114,6.7103
19115,6.9849
19116,6.8911
19117,7.7639
19118,9.4144
19119,7.3447
19120,7.6321
19121,7.9556
19122,6.5474
19123,7.1754
19124,7.7838
19125,9.5994
19126,8.0295
19127,7.5536
19128,7.23
19129,9.2975
19130,7.569
19131,7.3173
19132,8.7091
19133,6.7989
19134,7.2262
19135,7.3471
19136,7.4189
19137,7.2955
19138,8.1564
19139,6.3765
19140,7.8331
19141,8.1318
19142,6.8458
19143,5.7285
19144,7.7415
19145,6.1538
19146,6.0672
19147,7.7838
19148,8.8367
19149,8.5753
19150,7.4838
19151,7.7838
19152,8.4915
19153,7.221
19154,8.0954
19155,7.3602
19156,7.8755
19157,9.7313
19158,7.5185
19159,6.7826
19160,7.4835
19161,7.6259
19162,7.9781
19163,5.2455
19164,8.1787
19165,8.1838
19166,5.076
19167,6.6604
19168,7.7202
19169,6.6088
19170,6.5128
19171,9.0782
19172,7.8702
19173,7.6371
19174,7.9766
19175,8.293
19176,7.4753
19177,6.8675
19178,7.8486
19179,7.8755
19180,6.8045
19181,7.7683
19182,8.8052
19183,7.2093
19184,8.2036
19185,7.4026
19186,8.4115
19187,7.3836
19188,8.0923
19189,7.1754
19190,7.4809
19191,6.7768
19192,6.2583
19193,6.6078
19194,5.7411
19195,8.279
19196,7.3251
19197,5.3344
19198,8.3601
19199,9.0031
19200,8.9525
19201,8.9694
19202,6.2586
19203,8.7528
19204,8.7649
19205,6.5618
19206,9.0664
19207,8.0463
19208,6.6185
19209,6.8158
19210,6.3778
19211,7.6304
19212,7.8737
19213,7.7457
19214,7.7296
19215,7.1031
19216,7.9922
19217,7.7838
19218,6.9927
19219,8.1034
19220,5.1384
19221,6.8763
19222,7.9953
19223,8.1601
19224,8.9695
19225,7.8761
19226,8.8048
19227,8.0323
19228,7.7838
19229,8.4312
19230,7.856
19231,7.6218
19232,7.5375
19233,7.9059
19234,8.1565
19235,7.3658
19236,8.3357
19237,7.4416
19238,7.3602
19239,8.2353
19240,8.3242
19241,7.1859
19242,7.2955
19243,8.4388
19244,7.5166
19245,7.7975
19246,8.6439
19247,8.0501
19248,7.26
19249,8.8315
19250,8.8975
19251,7.3767
19252,7.3068
19253,8.2688
19254,8.6288
19255,6.9299
19256,6.5346
19257,8.3169
19258,7.7838
19259,8.5627
19260,6.5439
19261,7.0451
19262,6.6364
19263,7.4501
19264,7.0004
19265,7.6089
19266,8.1583
19267,7.1458
19268,7.6639
19269,6.3676
19270,7.49
19271,8.284
19272,7.0997
19273,7.8905
19274,7.6973
19275,5.2298
19276,6.5549
19277,8.8892
19278,7.8777
19279,7.4783
19280,8.053
19281,7.6524
19282,7.6124
19283,8.8975
19284,7.5161
19285,8.0629
19286,8.3849
19287,6.9568
19288,7.5581
19289,7.6701
19290,7.1078
19291,6.3017
19292,7.975
19293,7.4548
19294,7.6248
19295,8.552
19296,8.267
19297,9.1793
19298,8.7383
19299,7.6515
19300,7.9947
19301,8.4724
19302,7.5235
19303,5.2955
19304,7.5337
19305,7.3602
19306,7.6692
19307,7.7234
19308,9.0772
19309,6.3486
19310,7.3602
19311,7.5235
19312,7.1379
19313,7.2193
19314,7.3658
19315,7.4881
19316,6.423
19317,8.3868
19318,8.2357
19319,6.2348
19320,8.0927
19321,8.9525
19322,8.634
19323,8.5457
19324,7.4635
19325,5.2842
19326,7.0185
19327,7.3892
19328,8.0899
19329,8.1563
19330,8.9525
19331,8.4552
19332,7.4302
19333,8.4458
19334,5.1384
19335,6.932
19336,8.6604
19337,7.6149
19338,7.0322
19339,8.629
19340,6.6615
19341,8.1297
19342,7.6303
19343,7.4626
19344,5.1578
19345,7.7838
19346,8.1687
19347,8.1291
19348,8.1826
19349,7.6433
19350,9.1554
19351,8.0119
19352,7.8647
19353,7.1769
19354,8.2636
19355,9.3938
19356,8.2886
19357,7.2221
19358,7.395
19359,7.8343
19360,9.1803
19361,7.5011
19362,6.5519
19363,7.0224
19364,6.7927
19365,8.1714
19366,6.2909
19367,8.4062
19368,7.6931
19369,7.7838
19370,8.4724
19371,7.3343
19372,8.1301
19373,7.4156
19374,5.6773
19375,7.2682
19376,8.9525
19377,7.7838
19378,7.2644
19379,7.2091
19380,6.2041
19381,8.0192
19382,8.284
19383,8.1759
19384,7.0358
19385,8.0922
19386,7.7838
19387,7.681
19388,7.9145
19389,9.0087
19390,8.2823
19391,7.4601
19392,7.5046
19393,6.9785
19394,6.9299
19395,7.3352
19396,7.3602
19397,6.7102
19398,7.3519
19399,7.3602
19400,5.6636
19401,7.2126
19402,7.7838
19403,8.087
19404,6.6481
19405,8.2838
19406,8.5192
19407,6.452
19408,6.8296
19409,7.2238
19410,8.016
19411,7.1323
19412,6.6866
19413,8.4323
19414,7.884
19415,7.8844
19416,7.2433
19417,8.7044
19418,7.5951
19419,8.207
19420,7.1488
19421,8.6551
19422,7.8196
19423,8.6387
19424,8.6441
19425,7.5235
19426,8.8886
19427,7.6784
19428,8.4069
19429,7.9553
19430,6.8405
19431,8.5851
19432,8.5767
19433,9.1164
19434,7.4295
19435,8.3938
19436,7.1644
19437,8.2736
19438,7.3972
19439,8.1314
19440,7.6692
19441,7.1394
19442,7.9482
19443,7.3034
19444,8.5647
19445,7.1519
19446,7.7838
19447,7.4695
19448,7.3602
19449,6.3066
19450,8.4359
19451,7.1377
19452,7.4173
19453,7.5854
19454,7.3602
19455,8.234
19456,7.1678
19457,8.7549
19458,4.9443
19459,8.9525
19460,8.3653
19461,7.3602
19462,8.7206
19463,4.756
19464,9.4083
19465,9.3041
19466,7.8416
19467,7.906
19468,8.5131
19469,5.9718
19470,7.4667
19471,7.1387
19472,7.5467
19473,7.2859
19474,7.9928
19475,8.1567
19476,7.5645
19477,6.9029
19478,8.2722
19479,6.8813
19480,7.4652
19481,7.7153
19482,9.1621
19483,7.7838
19484,8.5251
19485,7.7838
19486,6.0571
19487,8.757
19488,8.0064
19489,8.0756
19490,7.1137
19491,6.1439
19492,8.2357
19493,8.708
19494,7.5837
19495,7.0352
19496,7.7478
19497,7.8942
19498,8.9525
19499,9.3304
19500,8.2424
19501,7.26
19502,7.5367
19503,7.6318
19504,6.3488
19505,7.1023
19506,7.9165
19507,7.0156
19508,7.7838
19509,9.4365
19510,6.1823
19511,7.1323
19512,7.7838
19513,7.2757
19514,8.4475
19515,6.7978
19516,5.1384
19517,7.3602
19518,8.1132
19519,7.9475
19520,7.5781
19521,6.4399
19522,6.2269
19523,7.1919
19524,6.2833
19525,7.26
19526,8.3198
19527,7.5581
19528,6.3478
19529,8.5638
19530,6.6436
19531,8.8092
19532,8.9525
19533,7.7838
19534,9.5122
19535,7.8413
19536,9.1586
19537,7.1078
19538,7.7838
19539,8.7801
19540,7.7838
19541,7.4327
19542,6.2446
19543,6.5979
19544,9.1337
19545,8.7091
19546,8.4879
19547,6.7734
19548,8.4332
19549,6.6421
19550,7.1915
19551,7.6449
19552,7.2247
19553,6.1685
19554,7.1561
19555,7.054
19556,7.9647
19557,6.5794
19558,6.0425
19559,7.6563
19560,7.7838
19561,7.0701
19562,7.146
19563,8.3632
19564,7.2648
19565,6.7149
19566,8.3391
19567,9.047
19568,5.1384
19569,8.1016
19570,7.1958
19571,7.9922
19572,7.1967
19573,6.7166
19574,7.3154
19575,7.5183
19576,9.3041
19577,7.3602
19578,8.9525
19579,6.5253
19580,6.505
19581,7.3602
19582,7.5634
19583,6.3846
19584,8.4138
19585,7.1087
19586,6.7373
19587,7.8351
19588,7.7838
19589,9.2523
19590,7.5655
19591,7.2973
19592,8.5911
19593,6.8031
19594,9.0254
19595,8.8336
19596,7.3379
19597,7.7662
19598,8.1113
19599,7.6714
19600,7.62
19601,7.3602
19602,6.8092
19603,8.1355
19604,8.7039
19605,7.3387
19606,6.0915
19607,7.7709
19608,8.5049
19609,9.1419
19610,8.1277
19611,7.6483
19612,8.831
19613,9.5427
19614,8.9215
19615,6.4435
19616,6.0221
19617,7.968
19618,7.8021
19619,6.6711
19620,7.6353
19621,8.9309
19622,9.5884
19623,7.5235
19624,7.4895
19625,8.3074
19626,8.3633
19627,8.9525
19628,7.8285
19629,7.2336
19630,7.61
19631,6.9211
19632,7.0166
19633,9.6888
19634,7.4311
19635,8.8975
19636,7.4733
19637,6.2586
19638,7.1769
19639,7.26
19640,8.528
19641,7.4454
19642,8.5454
19643,7.1041
19644,7.7971
19645,7.3602
19646,9.4076
19647,7.8702
19648,8.1153
19649,6.3073
19650,8.1086
19651,6.72
19652,4.3219
19653,8.4031
19654,7.9404
19655,10.0
19656,6.1614
19657,7.8121
19658,7.9099
19659,7.9547
19660,7.7924
19661,7.0926
19662,7.7111
19663,8.8578
19664,7.4281
19665,7.2444
19666,9.4469
19667,8.3185
19668,7.9889
19669,8.2039
19670,6.9776
19671,7.6418
19672,6.7176
19673,6.8777
19674,8.4305
19675,6.405
19676,8.7131
19677,9.5945
19678,7.7838
19679,6.9333
19680,4.7522
19681,7.4157
19682,8.6954
19683,8.0254
19684,7.7535
19685,7.3624
19686,7.5894
19687,7.7139
19688,8.9452
19689,9.7141
19690,7.6634
19691,7.0417
19692,6.9118
19693,6.405
19694,7.5235
19695,8.0263
19696,8.0192
19697,6.4358
19698,9.6436
19699,8.9525
19700,8.1915
19701,7.6727
19702,7.7157
19703,5.1384
19704,6.8369
19705,7.1773
19706,7.7683
19707,6.6436
19708,8.349
19709,7.6973
19710,7.7822
19711,9.1606
19712,6.4143
19713,7.8643
19714,8.3897
19715,8.6191
19716,6.059
19717,8.0162
19718,7.7838
19719,7.3645
19720,7.6698
19721,5.2843
19722,8.5246
19723,8.2397
19724,6.886
19725,8.6382
19726,8.1579
19727,7.7696
19728,8.9452
19729,7.5645
19730,7.7838
19731,7.6465
19732,6.7374
19733,7.6546
19734,7.5555
19735,8.333
19736,7.9508
19737,6.9155
19738,5.621
19739,8.8456
19740,6.3945
19741,7.3602
19742,9.5153
19743,6.5265
19744,7.3763
19745,8.1273
19746,6.5177
19747,8.048
19748,7.0732
19749,5.1384
19750,6.8832
19751,7.0604
19752,6.5493
19753,7.2712
19754,7.404
19755,7.5937
19756,8.6695
19757,7.6072
19758,6.8798
19759,9.3312
19760,6.9695
19761,8.6439
19762,8.8468
19763,9.3041
19764,7.4004
19765,7.7473
19766,7.5235
19767,6.8606
19768,8.5504
19769,7.8636
19770,7.0057
19771,9.1371
19772,7.9818
19773,7.4443
19774,5.8751
19775,6.1823
19776,8.4375
19777,8.2424
19778,8.9525
19779,9.101
19780,9.3084
19781,7.9101
19782,7.787
19783,8.5307
19784,9.1218
19785,9.5919
19786,7.2695
19787,7.6382
19788,8.1301
19789,8.5296
19790,8.088
19791,5.5271
19792,8.3099
19793,7.0675
19794,7.5662
19795,7.1906
19796,6.1802
19797,8.6695
19798,5.5187
19799,7.9626
19800,8.9525
19801,9.3124
19802,6.6212
19803,6.7313
19804,7.5187
19805,7.1007
19806,8.5082
19807,8.5296
19808,5.6585
19809,7.9725
19810,7.9432
19811,7.2027
19812,7.6692
19813,6.5061
19814,7.1769
19815,8.3965
19816,7.6336
19817,7.7466
19818,8.0456
19819,7.0028
19820,7.0556
19821,8.0321
19822,6.6228
19823,7.1884
19824,7.4783
19825,7.9812
19826,8.4856
19827,8.1822
19828,8.2115
19829,7.0203
19830,6.4725
19831,6.9292
19832,8.2708
19833,5.1384
19834,8.3511
19835,6.4469
19836,7.8688
19837,8.4614
19838,7.2572
19839,7.404
19840,7.7639
19841,6.448
19842,5.1384
19843,6.6547
19844,7.5443
19845,8.2168
19846,7.0127
19847,7.7838
19848,9.4204
19849,7.4232
19850,8.1657
19851,5.0258
19852,7.7838
19853,7.1233
19854,7.9278
19855,8.1062
19856,7.8981
19857,5.8067
19858,7.7838
19859,7.7838
19860,7.9321
19861,8.0095
19862,8.1191
19863,8.7736
19864,6.2248
19865,7.9709
19866,5.9019
19867,7.7341
19868,7.088
19869,6.8851
19870,7.9255
19871,8.0959
19872,7.9894
19873,7.8183
19874,8.9525
19875,7.8164
19876,6.6779
19877,7.3211
19878,9.8094
19879,7.6694
19880,6.1984
19881,9.7083
19882,7.0583
19883,9.2497
19884,8.3511
19885,8.4586
19886,6.2583
19887,7.4225
19888,6.1065
19889,7.5111
19890,9.2823
19891,7.7838
19892,8.781
19893,8.1582
19894,8.1527
19895,8.5705
19896,7.4903
19897,7.8292
19898,7.5341
19899,7.112
19900,9.2856
19901,7.3602
19902,7.9311
19903,9.3214
19904,8.7108
19905,6.8354
19906,6.9779
19907,4.3417
19908,6.4574
19909,6.9771
19910,6.6771
19911,8.5296
19912,8.3327
19913,8.4375
19914,8.8315
19915,9.6591
19916,8.7949
19917,6.8943
19918,8.9452
19919,6.9804
19920,5.1384
19921,9.3304
19922,6.1802
19923,6.8275
19924,6.9211
19925,7.7321
19926,8.0589
19927,8.0271
19928,7.1769
19929,8.9525
19930,6.9559
19931,7.5125
19932,7.1769
19933,7.6208
19934,5.8579
19935,6.1718
19936,5.1384
19937,7.9249
19938,9.319
19939,7.017
19940,7.7838
19941,8.698
19942,8.55
19943,7.26
19944,5.2669
19945,6.9155
19946,8.8788
19947,8.6442
19948,8.3686
19949,8.3242
19950,8.2149
19951,7.4989
19952,7.7838
19953,8.3792
19954,8.2538
19955,6.9085
19956,7.8609
19957,7.4687
19958,7.9673
19959,6.1674
19960,8.3476
19961,7.5042
19962,6.5368
19963,7.7838
19964,8.1944
19965,7.6305
19966,4.8721
19967,7.4519
19968,9.4859
19969,7.1317
19970,8.7703
19971,8.0215
19972,6.1823
19973,7.3602
19974,7.2066
19975,7.7538
19976,7.6283
19977,7.8505
19978,8.6621
19979,7.5202
19980,8.2164
19981,5.7285
19982,8.0619
19983,7.6694
19984,7.5274
19985,7.2242
19986,6.6732
19987,6.3138
19988,7.3602
19989,7.3252
19990,7.7683
19991,7.4073
19992,6.6406
19993,7.8214
19994,8.5808
19995,5.7285
19996,7.3602
19997,7.5865
19998,7.9999
19999,7.4211
20000,7.345
20001,9.0596
20002,8.0941
20003,8.7953
20004,5.1384
20005,9.7126
20006,7.3843
20007,7.9458
20008,8.3525
20009,7.7668
20010,7.7935
20011,8.0707
20012,7.8081
20013,7.7992
20014,6.9418
20015,6.6158
20016,6.8236
20017,7.1893
20018,7.8433
20019,7.7379
20020,7.6944
20021,8.7736
20022,7.5297
20023,9.5153
20024,8.3523
20025,9.2067
20026,9.0196
20027,8.4546
20028,8.0985
20029,4.3737
20030,7.3008
20031,8.3715
20032,6.4835
20033,7.28
20034,8.1714
20035,8.9525
20036,6.7555
20037,7.3468
20038,7.7838
20039,7.1063
20040,8.2973
20041,6.9211
20042,5.7285
20043,7.5936
20044,7.432
20045,8.5099
20046,7.3602
20047,5.96
20048,8.3681
20049,6.0421
20050,5.7285
20051,7.0319
20052,8.1282
20053,4.7477
20054,7.3602
20055,4.8295
20056,8.7382
20057,6.3543
20058,8.0248
20059,8.9525
20060,7.9644
20061,7.9228
20062,7.6742
20063,6.8316
20064,8.7091
20065,9.1207
20066,7.8983
20067,9.0946
20068,7.5788
20069,6.2262
20070,7.4501
20071,8.2439
20072,5.9815
20073,8.9443
20074,8.1534
20075,8.6887
20076,7.5661
20077,8.0224
20078,7.301
20079,7.7838
20080,7.1792
20081,7.7838
20082,7.5061
20083,4.6996
20084,7.4082
20085,6.6545
20086,6.6007
20087,9.9015
20088,7.1582
20089,5.1384
20090,8.9167
20091,7.9163
20092,7.7166
20093,6.5192
20094,7.0915
20095,7.9515
20096,7.9192
20097,8.9452
20098,7.112
20099,9.0046
20100,8.9163
20101,7.1885
20102,7.0772
20103,7.7826
20104,8.0305
20105,7.5666
20106,6.3979
20107,7.9726
20108,8.359
20109,7.7358
20110,8.1293
20111,9.4881
20112,7.2661
20113,8.3893
20114,8.9938
20115,8.9525
20116,9.0772
20117,7.26
20118,7.1583
20119,6.9392
20120,6.776
20121,8.7218
20122,7.5508
20123,7.5235
20124,7.47
20125,8.0368
20126,7.8569
20127,8.2346
20128,8.8285
20129,7.693
20130,7.6882
20131,7.1502
20132,4.6269
20133,7.23
20134,9.5397
20135,7.4471
20136,8.0958
20137,7.4172
20138,8.9525
20139,8.7682
20140,6.8791
20141,6.6704
20142,8.8474
20143,9.9603
20144,6.9401
20145,8.0292
20146,7.4389
20147,7.8702
20148,7.7838
20149,7.5091
20150,8.0922
20151,7.7838
20152,6.415
20153,9.1397
20154,7.8357
20155,8.586
20156,8.8181
20157,9.0687
20158,8.133
20159,8.2621
20160,8.9525
20161,7.1012
20162,5.0206
20163,8.2676
20164,7.3486
20165,7.0798
20166,7.9769
20167,9.5153
20168,8.3393
20169,7.3961
20170,7.4344
20171,8.9525
20172,7.8908
20173,7.5147
20174,6.6098
20175,7.3602
20176,8.2423
20177,6.6909
20178,7.8981
20179,8.5214
20180,8.0933
20181,7.8825
20182,8.8122
20183,7.9987
20184,8.0437
20185,7.4627
20186,7.0669
20187,8.298
20188,8.5186
20189,6.4681
20190,9.2704
20191,8.4093
20192,7.0972
20193,8.6819
20194,8.2831
20195,7.7683
20196,7.9923
20197,7.1511
20198,6.7944
20199,6.3156
20200,7.9615
20201,8.6327
20202,7.5278
20203,7.9718
20204,7.9695
20205,6.7923
20206,7.9855
20207,7.8709
20208,9.8348
20209,7.6619
20210,6.3561
20211,8.2403
20212,7.7662
20213,7.0654
20214,6.3025
20215,8.1057
20216,7.6067
20217,7.4323
20218,6.9343
20219,9.6759
20220,9.0997
20221,6.6539
20222,8.7574
20223,8.9892
20224,9.145
20225,7.3158
20226,7.4588
20227,8.3259
20228,7.3479
20229,7.655
20230,8.4172
20231,7.7838
20232,6.926
20233,6.6602
20234,8.8557
20235,8.0601
20236,6.9762
20237,6.8072
20238,6.1574
20239,7.7838
20240,8.749
20241,7.9225
20242,7.3602
20243,7.5656
20244,7.7927
20245,6.8562
20246,8.6409
20247,7.5235
20248,8.1614
20249,8.4399
20250,7.6306
20251,7.6883
20252,6.8487
20253,7.0898
20254,5.4228
20255,7.3602
20256,9.3042
20257,7.6727
20258,7.8081
20259,7.6556
20260,7.9528
20261,8.452
20262,7.9709
20263,7.5899
20264,6.592
20265,8.2163
20266,7.6987
20267,7.26
20268,7.0501
20269,9.0185
20270,7.0154
20271,7.2213
20272,6.6161
20273,8.131
20274,8.9525
20275,8.5501
20276,7.0342
20277,7.11
20278,7.1636
20279,8.1672
20280,7.6077
20281,8.0715
20282,7.1527
20283,6.5487
20284,6.8244
20285,7.26
20286,7.3602
20287,5.4395
20288,7.7736
20289,6.6404
20290,7.4337
20291,7.5222
20292,7.6268
20293,8.328
20294,7.7838
20295,7.8416
20296,9.2009
20297,7.8968
20298,8.1375
20299,6.5746
20300,8.2731
20301,7.838
20302,8.8557
20303,8.0389
20304,6.4178
20305,7.7838
20306,7.8043
20307,8.741
20308,7.3225
20309,7.7271
20310,7.4679
20311,9.4614
20312,7.3602
20313,7.3602
20314,7.8702
20315,7.8145
20316,6.9178
20317,7.6027
20318,7.624
20319,7.1146
20320,7.3171
20321,7.9888
20322,6.5671
20323,8.9525
20324,7.7073
20325,6.664
20326,8.7177
20327,8.5546
20328,8.1357
20329,8.1446
20330,8.8938
20331,8.7335
20332,7.327
20333,7.7268
20334,7.6201
20335,7.9243
20336,7.3796
20337,7.5989
20338,8.6454
20339,7.4907
20340,8.2424
20341,7.6137
20342,8.9525
20343,5.6533
20344,7.7029
20345,7.5173
20346,7.2165
20347,5.7285
20348,8.7542
20349,7.4956
20350,7.6633
20351,7.5267
20352,7.9555
20353,7.8548
20354,7.0926
20355,7.6699
20356,8.5825
20357,7.3602
20358,7.2028
20359,7.26
20360,7.2846
20361,7.4704
20362,8.8667
20363,7.1284
20364,7.8783
20365,8.7924
20366,7.254
20367,5.6585
20368,7.6339
20369,9.1292
20370,7.1078
20371,9.0359
20372,8.3099
20373,8.178
20374,9.1659
20375,7.278
20376,7.7209
20377,5.6088
20378,7.0742
20379,6.615
20380,6.8172
20381,8.3595
20382,8.9475
20383,7.2193
20384,7.5271
20385,6.6507
20386,8.1438
20387,9.3214
20388,7.7361
20389,8.0331
20390,8.3197
20391,7.2126
20392,9.0577
20393,8.6142
20394,8.9525
20395,8.055
20396,7.5136
20397,6.6108
20398,6.283
20399,7.6439
20400,8.6439
20401,7.5701
20402,7.3918
20403,9.6591
20404,6.6411
20405,7.579
20406,6.7176
20407,7.8411
20408,6.9838
20409,7.3223
20410,7.7609
20411,7.3602
20412,8.2109
20413,8.1714
20414,8.5672
20415,7.2465
20416,7.0695
20417,6.706
20418,8.8719
20419,6.5824
20420,7.7321
20421,6.7538
20422,7.8656
20423,7.3553
20424,8.3543
20425,8.4857
20426,7.1128
20427,7.7455
20428,8.9452
20429,8.1963
20430,7.0897
20431,7.7364
20432,7.7838
20433,7.9029
20434,8.9525
20435,8.3288
20436,6.595
20437,7.5184
20438,6.5943
20439,7.6705
20440,8.5797
20441,7.7725
20442,7.451
20443,6.206
20444,6.8606
20445,8.4793
20446,7.3158
20447,9.3725
20448,5.3885
20449,8.8927
20450,7.8108
20451,7.8816
20452,9.7689
20453,8.9525
20454,8.3266
20455,8.1956
20456,6.5381
20457,7.7665
20458,7.6565
20459,6.8675
20460,8.2272
20461,8.9043
20462,7.6619
20463,7.9166
20464,8.7155
20465,7.5235
20466,7.7155
20467,7.3763
20468,8.6904
20469,9.0921
20470,7.929
20471,7.0636
20472,5.7285
20473,9.0424
20474,8.2677
20475,7.7838
20476,7.7838
20477,7.3995
20478,7.7838
20479,6.2423
20480,8.2565
20481,7.3357
20482,8.0941
20483,8.9525
20484,8.1714
20485,7.4904
20486,8.0478
20487,6.7491
20488,6.4219
20489,8.8114
20490,9.1649
20491,7.0662
20492,7.2024
20493,7.6831
20494,6.9334
20495,6.9299
20496,7.6607
20497,8.0127
20498,7.5353
20499,7.86
20500,6.1802
20501,7.7708
20502,8.1621
20503,7.8943
20504,7.6572
20505,7.6028
20506,7.5682
20507,8.207
20508,8.0886
20509,8.1232
20510,8.0217
20511,7.501
20512,7.7265
20513,9.2099
20514,7.3045
20515,8.0053
20516,7.2765
20517,7.2439
20518,6.8486
20519,7.6692
20520,8.9696
20521,7.5583
20522,7.1769
20523,7.7838
20524,6.9244
20525,5.1384
20526,7.3026
20527,8.2238
20528,7.7838
20529,9.2845
20530,8.8233
20531,7.9707
20532,9.3041
20533,9.7433
20534,7.6692
20535,8.9525
20536,7.935
20537,6.1306
20538,7.7838
20539,9.0189
20540,8.0132
20541,8.2424
20542,6.9128
20543,8.2419
20544,7.7683
20545,7.6484
20546,6.8641
20547,6.8005
20548,6.2604
20549,6.7734
20550,8.9525
20551,6.6242
20552,7.2944
20553,8.5521
20554,9.6188
20555,6.3252
20556,7.034
20557,8.9724
20558,5.7285
20559,8.7804
20560,7.9311
20561,8.3232
20562,6.8957
20563,8.1934
20564,7.1386
20565,7.4284
20566,7.1769
20567,9.0163
20568,5.7034
20569,9.1183
20570,7.3602
20571,9.1602
20572,8.0912
20573,7.6697
20574,8.1714
20575,8.9525
20576,4.2452
20577,8.1425
20578,7.9761
20579,7.2422
20580,7.5242
20581,5.7285
20582,8.3105
20583,8.2758
20584,7.757
20585,8.1448
20586,8.3899
20587,5.8439
20588,8.3396
20589,8.1709
20590,7.7838
20591,5.6676
20592,8.5646
20593,8.3734
20594,8.39
20595,6.5129
20596,6.7679
20597,7.813
20598,7.7838
20599,7.9131
20600,8.5839
20601,7.7683
20602,5.6196
20603,7.7681
20604,7.8937
20605,7.7838
20606,6.737
20607,7.4892
20608,6.3468
20609,7.6104
20610,8.2538
20611,7.7838
20612,7.9432
20613,6.9359
20614,7.9707
20615,6.7891
20616,6.6951
20617,6.7694
20618,7.8374
20619,9.0573
20620,9.6287
20621,6.3872
20622,8.6041
20623,9.6838
20624,7.547
20625,7.5235
20626,8.7065
20627,8.3581
20628,6.7413
20629,8.1756
20630,5.9862
20631,7.7562
20632,8.831
20633,7.4753
20634,9.1452
20635,8.8651
20636,7.1705
20637,6.6092
20638,9.9885
20639,7.5272
20640,7.8071
20641,7.2162
20642,8.5103
20643,7.4956
20644,7.5488
20645,7.7577
20646,7.0522
20647,7.5598
20648,7.1065
20649,7.7838
20650,7.8884
20651,8.126
20652,7.4407
20653,7.4264
20654,7.5166
20655,7.7767
20656,5.7285
20657,8.7343
20658,7.7838
20659,8.9022
20660,7.5247
20661,7.7838
20662,6.8275
20663,7.4855
20664,5.1384
20665,7.7838
20666,6.8915
20667,8.1369
20668,8.0992
20669,7.3602
20670,8.2527
20671,6.8722
20672,8.5963
20673,9.15
20674,7.8134
20675,8.2786
20676,6.1655
20677,7.6665
20678,8.9525
20679,7.8953
20680,7.8396
20681,7.3925
20682,9.3271
20683,8.2955
20684,7.7838
20685,8.4563
20686,8.2355
20687,7.7313
20688,8.4527
20689,7.8059
20690,7.6598
20691,5.696
20692,7.4808
20693,7.3602
20694,8.7234
20695,8.937
20696,7.3713
20697,8.0332
20698,8.3794
20699,7.7723
20700,8.0577
20701,5.4207
20702,9.0254
20703,9.3937
20704,6.4567
20705,7.7838
20706,8.747
20707,7.7754
20708,7.2626
20709,6.9363
20710,6.9628
20711,5.7285
20712,6.9299
20713,6.6412
20714,7.967
20715,8.9525
20716,5.7636
20717,7.7738
20718,8.2006
20719,7.8435
20720,7.5989
20721,8.6428
20722,8.5766
20723,6.6158
20724,9.5407
20725,7.8631
20726,7.7838
20727,5.3214
20728,7.1769
20729,8.7091
20730,7.2722
20731,9.4392
20732,7.4753
20733,7.8266
20734,6.8015
20735,7.7826
20736,7.4888
20737,8.0941
20738,7.7838
20739,4.1516
20740,6.7627
20741,4.4299
20742,8.6016
20743,6.4321
20744,7.0206
20745,7.3602
20746,7.5336
20747,7.7838
20748,6.7282
20749,7.4371
20750,6.2583
20751,5.866
20752,7.112
20753,8.8712
20754,7.2316
20755,7.7838
20756,8.5882
20757,7.6403
20758,8.0661
20759,7.3602
20760,6.7609
20761,6.9391
20762,8.0613
20763,6.7711
20764,7.4739
20765,7.7838
20766,8.9525
20767,7.4274
20768,7.7838
20769,6.8809
20770,7.8416
20771,7.443
20772,9.4515
20773,7.3602
20774,7.1387
20775,7.3225
20776,8.0331
20777,7.5732
20778,7.4281
20779,5.2792
20780,7.7001
20781,7.3439
20782,7.4504
20783,8.0576
20784,7.9192
20785,7.0649
20786,7.7817
20787,7.0912
20788,7.6563
20789,8.3736
20790,6.9556
20791,9.0096
20792,9.5153
20793,7.9212
20794,9.8055
20795,9.3214
20796,8.1714
20797,5.1384
20798,7.7717
20799,7.7838
20800,7.7838
20801,6.8034
20802,8.3705
20803,7.8124
20804,7.4653
20805,7.7158
20806,8.9566
20807,6.8494
20808,7.9192
20809,8.0353
20810,7.3131
20811,7.9989
20812,8.2341
20813,7.9399
20814,7.1229
20815,6.7586
20816,9.8817
20817,6.3468
20818,7.1156
20819,7.8597
20820,8.6458
20821,7.7838
20822,7.7536
20823,8.6243
20824,9.9815
20825,8.2839
20826,8.9452
20827,7.4795
20828,9.0093
20829,5.7732
20830,7.3532
20831,6.9273
20832,7.1683
20833,6.1157
20834,7.084
20835,7.1233
20836,7.4965
20837,8.6047
20838,8.2007
20839,7.5461
20840,7.742
20841,8.9525
20842,7.7653
20843,7.9709
20844,7.3716
20845,7.0376
20846,7.7938
20847,8.6388
20848,8.5104
20849,6.0783
20850,7.9835
20851,7.5446
20852,8.1901
20853,6.5298
20854,5.6177
20855,8.0376
20856,7.9364
20857,8.7756
20858,7.1133
20859,6.1778
20860,7.6425
20861,7.8008
20862,7.1608
20863,6.9299
20864,7.5341
20865,8.7083
20866,7.7838
20867,7.702
20868,8.6225
20869,7.7866
20870,8.3849
20871,7.8761
20872,8.0704
20873,8.3748
20874,7.1769
20875,7.7838
20876,6.8017
20877,8.206
20878,5.8269
20879,7.6101
20880,7.4283
20881,7.5462
20882,8.9525
20883,7.6064
20884,7.1859
20885,7.7838
20886,7.3602
20887,7.7838
20888,7.7838
20889,6.5431
20890,7.8006
20891,7.7838
20892,8.0397
20893,7.3602
20894,7.4731
20895,6.5199
20896,7.3404
20897,6.1381
20898,7.4668
20899,7.4833
20900,5.1384
20901,8.5924
20902,7.2189
20903,8.1057
20904,6.571
20905,6.1288
20906,8.6525
20907,6.324
20908,8.3674
20909,7.9907
20910,7.8164
20911,6.8561
20912,7.7838
20913,8.3535
20914,8.0437
20915,8.578
20916,9.241
20917,8.1714
20918,6.8537
20919,7.8697
20920,6.9605
20921,7.3216
20922,5.7716
20923,5.1384
20924,9.0806
20925,7.822
20926,8.3228
20927,6.3778
20928,6.0145
20929,7.5576
20930,7.1624
20931,6.7878
20932,8.0865
20933,7.3602
20934,7.3602
20935,8.2124
20936,7.7838
20937,7.5418
20938,5.7878
20939,6.9338
20940,7.9947
20941,7.7368
20942,8.9475
20943,7.3079
20944,6.9299
20945,7.5235
20946,8.9461
20947,7.994
20948,9.7517
20949,7.4723
20950,7.763
20951,7.4333
20952,7.3658
20953,8.3897
20954,8.284
20955,8.5394
20956,6.4584
20957,8.193
20958,6.7413
20959,8.8931
20960,7.2205
20961,7.8571
20962,8.1157
20963,7.2415
20964,7.926
20965,7.0848
20966,6.6826
20967,6.5051
20968,8.1833
20969,7.1829
20970,8.6254
20971,7.7528
20972,7.3602
20973,7.7088
20974,7.7838
20975,7.7838
20976,8.1322
20977,7.8027
20978,8.8361
20979,7.8637
20980,6.6865
20981,8.9735
20982,7.7429
20983,6.4861
20984,7.3754
20985,7.7838
20986,5.4315
20987,8.8311
20988,6.0518
20989,7.3742
20990,7.1784
20991,6.3839
20992,7.7671
20993,7.3918
20994,6.7705
20995,6.2324
20996,6.2583
20997,6.9134
20998,6.731
20999,7.3383
21000,8.4913
21001,8.1287
21002,8.2112
21003,6.9611
21004,8.0068
21005,9.1495
21006,6.7734
21007,7.1162
21008,8.9525
21009,8.8104
21010,6.3549
21011,9.3214
21012,6.695
21013,7.7109
21014,8.5528
21015,7.1582
21016,9.7363
21017,7.8357
21018,7.3207
21019,7.8152
21020,7.2878
21021,6.5865
21022,7.7838
21023,7.9003
21024,5.7051
21025,9.2541
21026,7.8371
21027,7.5887
21028,7.7181
21029,9.0606
21030,10.0
21031,7.3602
21032,5.8406
21033,5.0173
21034,7.6162
21035,7.5674
21036,9.7336
21037,8.1341
21038,7.8078
21039,7.734
21040,7.7838
21041,8.7316
21042,6.3468
21043,7.6642
21044,4.5498
21045,6.491
21046,7.2239
21047,7.5093
21048,9.3041
21049,8.3736
21050,7.437
21051,8.5296
21052,5.7285
21053,8.5485
21054,7.9079
21055,7.6011
21056,9.5102
21057,6.8402
21058,7.1171
21059,8.0248
21060,5.1384
21061,6.9786
21062,8.9342
21063,6.931
21064,7.7817
21065,6.3778
21066,7.5235
21067,7.829
21068,9.4442
21069,8.9672
21070,5.9792
21071,7.5797
21072,9.0789
21073,8.8119
21074,8.9525
21075,8.9724
21076,8.4205
21077,6.8168
21078,7.693
21079,5.558
21080,7.5634
21081,7.3602
21082,8.1558
21083,8.9171
21084,8.3123
21085,7.751
21086,6.8425
21087,6.6859
21088,8.1516
21089,7.3361
21090,6.9833
21091,6.2077
21092,7.5235
21093,6.6602
21094,6.8828
21095,7.1126
21096,8.7265
21097,8.9525
21098,8.3248
21099,7.1769
21100,6.5902
21101,8.5541
21102,6.798
21103,8.0874
21104,6.9513
21105,7.5015
21106,7.6537
21107,8.9525
21108,5.1384
21109,7.7838
21110,7.4401
21111,7.3096
21112,6.3211
21113,7.5489
21114,7.5783
21115,9.1904
21116,7.8807
21117,8.3255
21118,7.9464
21119,7.0991
21120,7.6612
21121,7.7788
21122,8.159
21123,6.9675
21124,6.8371
21125,5.8686
21126,8.1714
21127,6.9149
21128,9.1183
21129,7.7838
21130,7.9708
21131,7.1642
21132,6.7893
21133,8.9452
21134,7.9811
21135,6.9208
21136,7.3457
21137,5.7285
21138,8.0705
21139,7.8374
21140,7.9232
21141,6.2335
21142,4.8698
21143,6.9992
21144,8.6439
21145,7.6692
21146,8.754
21147,9.3214
21148,7.2636
21149,8.9452
21150,7.7838
21151,7.2583
21152,8.784
21153,7.3602
21154,6.8418
21155,7.9432
21156,8.675
21157,6.2586
21158,7.9367
21159,7.8734
21160,8.3997
21161,7.201
21162,7.0463
21163,6.9717
21164,7.8447
21165,7.944
21166,7.6299
21167,6.2821
21168,8.1659
21169,8.3571
21170,7.7001
21171,8.5598
21172,6.8455
21173,5.4549
21174,7.9432
21175,7.3572
21176,8.0463
21177,7.7838
21178,4.3737
21179,2.9311
21180,7.471
21181,8.3819
21182,8.8272
21183,9.3799
21184,8.2128
21185,6.9456
21186,7.433
21187,7.4024
21188,8.062
21189,8.3472
21190,8.0972
21191,8.267
21192,6.9636
21193,7.0207
21194,7.5235
21195,8.6975
21196,6.9144
21197,7.652
21198,6.7501
21199,8.9882
21200,7.065
21201,7.301
21202,7.8873
21203,7.2278
21204,5.4767
21205,8.9525
21206,9.2219
21207,6.9363
21208,7.7476
21209,6.3626
21210,6.8214
21211,6.7985
21212,7.1613
21213,8.282
21214,8.3792
21215,6.7495
21216,7.7532
21217,7.2009
21218,8.0466
21219,7.498
21220,8.362
21221,6.7198
21222,7.6705
21223,7.0525
21224,8.9452
21225,6.2583
21226,8.0463
21227,7.9128
21228,7.7116
21229,7.5883
21230,7.7715
21231,6.535
21232,8.0431
21233,7.8061
21234,8.0147
21235,7.6028
21236,7.8597
21237,7.6506
21238,6.5653
21239,7.9527
21240,6.5248
21241,7.8012
21242,9.3133
21243,7.982
21244,8.0153
21245,7.7838
21246,6.9998
21247,8.7549
21248,8.4837
21249,6.8722
21250,8.448
21251,7.1212
21252,6.8199
21253,8.0989
21254,9.7243
21255,6.4634
21256,5.2842
21257,6.7424
21258,7.8816
21259,6.8176
21260,5.2842
21261,6.4213
21262,7.7838
21263,8.4424
21264,6.3865
21265,8.0325
21266,9.3214
21267,8.2117
21268,8.1598
21269,8.5205
21270,9.0254
21271,7.9781
21272,7.7838
21273,7.7838
21274,8.1545
21275,8.7897
21276,9.0178
21277,6.8768
21278,7.15
21279,9.1902
21280,6.9662
21281,8.6645
21282,8.1772
21283,8.0878
21284,7.4848
21285,7.5703
21286,6.8679
21287,8.0448
21288,9.6591
21289,7.3348
21290,8.6582
21291,9.4859
21292,7.1323
21293,8.4023
21294,8.2442
21295,6.9211
21296,7.897
21297,5.1994
21298,7.47
21299,5.1384
21300,7.8896
21301,6.8246
21302,7.4014
21303,7.5612
21304,6.9098
21305,8.4813
21306,5.1384
21307,7.1035
21308,8.9642
21309,8.5167
21310,8.1234
21311,6.9456
21312,4.5267
21313,7.2788
21314,9.0841
21315,7.7838
21316,7.9646
21317,7.7373
21318,8.296
21319,7.1263
21320,7.1133
21321,8.256
21322,7.336
21323,6.7993
21324,7.8215
21325,7.7602
21326,6.5865
21327,6.5248
21328,9.5072
21329,8.9093
21330,6.142
21331,8.4069
21332,5.705
21333,7.0496
21334,6.871
21335,8.2801
21336,7.7726
21337,7.0504
21338,6.872
21339,5.7285
21340,8.1664
21341,7.5038
21342,6.4629
21343,7.3243
21344,7.8904
21345,6.3075
21346,7.9293
21347,7.7838
21348,9.3214
21349,7.8937
21350,8.2902
21351,7.8649
21352,8.1037
21353,6.971
21354,8.5296
21355,7.9683
21356,7.1859
21357,6.5705
21358,7.2121
21359,6.8263
21360,6.9186
21361,7.3602
21362,7.466
21363,7.8876
21364,7.3602
21365,7.8823
21366,7.1007
21367,7.7396
21368,6.8219
21369,6.5311
21370,5.6994
21371,7.743
21372,7.5922
21373,7.3602
21374,8.9525
21375,6.8919
21376,8.7953
21377,8.7185
21378,7.6411
21379,8.8333
21380,7.9844
21381,7.1617
21382,7.3602
21383,7.8896
21384,7.9933
21385,7.0613
21386,6.418
21387,7.5787
21388,8.0566
21389,8.1318
21390,7.6381
21391,8.2023
21392,7.5029
21393,8.0883
21394,7.7979
21395,7.7577
21396,6.341
21397,8.1139
21398,7.702
21399,9.0117
21400,7.3144
21401,7.7267
21402,6.8109
21403,7.2528
21404,8.9475
21405,8.0287
21406,7.5853
21407,7.2062
21408,6.8036
21409,7.5253
21410,6.5129
21411,7.3602
21412,7.6698
21413,6.988
21414,7.5544
21415,7.5211
21416,7.7733
21417,8.4456
21418,9.1186
21419,5.2842
21420,7.3602
21421,6.9094
21422,5.7285
21423,7.7838
21424,7.7838
21425,5.7878
21426,6.2991
21427,8.106
21428,7.3582
21429,7.3602
21430,9.059
21431,5.1384
21432,7.7838
21433,5.1384
21434,8.418
21435,7.4371
21436,8.6567
21437,4.2143
21438,7.5608
21439,7.8761
21440,8.3615
21441,8.1705
21442,7.5812
21443,5.8493
21444,7.1769
21445,7.7686
21446,7.4978
21447,7.2307
21448,7.2315
21449,7.7838
21450,5.2463
21451,7.0906
21452,7.5804
21453,8.1917
21454,7.3255
21455,7.4718
21456,7.5112
21457,8.0863
21458,8.4654
21459,8.1033
21460,7.0697
21461,7.0021
21462,8.2844
21463,5.2842
21464,8.9525
21465,6.885
21466,7.2195
21467,8.2034
21468,8.1301
21469,9.0772
21470,8.0221
21471,5.9718
21472,8.5961
21473,7.1302
21474,7.5281
21475,7.3994
21476,7.3419
21477,7.0448
21478,5.1384
21479,7.567
21480,9.3938
21481,8.61
21482,8.2801
21483,6.75
21484,9.0903
21485,8.6199
21486,6.9548
21487,9.5459
21488,7.2153
21489,8.1503
21490,7.9311
21491,9.0658
21492,5.1799
21493,7.4536
21494,9.0601
21495,7.5219
21496,7.5192
21497,7.6234
21498,8.1661
21499,7.377
21500,7.8601
21501,7.3624
21502,7.8042
21503,6.9416
21504,8.6041
21505,7.7838
21506,7.8073
21507,7.9329
21508,7.0134
21509,9.0772
21510,7.9831
21511,7.1977
21512,6.5867
21513,7.7169
21514,7.8932
21515,8.632
21516,7.0285
21517,9.3392
21518,7.7973
21519,7.5633
21520,6.6221
21521,7.5791
21522,7.7838
21523,5.8972
21524,7.3685
21525,7.7444
21526,7.7838
21527,7.3602
21528,7.9748
21529,8.2644
21530,6.3527
21531,8.3578
21532,8.105
21533,8.8089
21534,7.7683
21535,7.5865
21536,6.7627
21537,8.175
21538,7.6484
21539,7.3813
21540,9.3214
21541,7.203
21542,7.1408
21543,6.6404
21544,4.6624
21545,7.8808
21546,8.9562
21547,8.0618
21548,7.26
21549,8.9467
21550,7.4076
21551,8.9861
21552,8.3919
21553,8.3847
21554,5.9445
21555,9.035
21556,8.8297
21557,8.2121
21558,7.26
21559,7.6843
21560,8.6439
21561,7.6887
21562,5.1384
21563,9.3481
21564,6.8847
21565,7.7838
21566,6.8232
21567,8.1558
21568,7.7891
21569,8.9525
21570,7.9364
21571,7.3471
21572,7.7838
21573,8.038
21574,8.9123
21575,7.9317
21576,6.5858
21577,7.5992
21578,5.1384
21579,7.5012
21580,9.0265
21581,8.0027
21582,7.4846
21583,8.1527
21584,8.724
21585,7.2955
21586,7.917
21587,6.9464
21588,8.5088
21589,9.0683
21590,6.4037
21591,8.1772
21592,5.82
21593,8.3186
21594,7.3602
21595,7.4016
21596,8.0683
21597,7.8374
21598,8.3188
21599,7.7838
21600,6.2446
21601,7.7433
21602,8.4631
21603,7.092
21604,7.9546
21605,8.9525
21606,7.1051
21607,8.9452
21608,8.6067
21609,8.7693
21610,5.1384
21611,8.6807
21612,7.8964
21613,8.3074
21614,6.9238
21615,8.4382
21616,9.0254
21617,6.281
21618,7.7764
21619,8.1714
21620,7.5477
21621,7.3603
21622,7.3037
21623,7.6025
21624,8.0398
21625,7.946
21626,7.7439
21627,8.0377
21628,8.3477
21629,8.6149
21630,7.4437
21631,8.2205
21632,6.5444
21633,8.8403
21634,7.2918
21635,6.8657
21636,9.5696
21637,6.7709
21638,7.2179
21639,5.9527
21640,7.9673
21641,8.2992
21642,7.3524
21643,8.0197
21644,7.8937
21645,6.7512
21646,7.154
21647,6.5424
21648,7.7108
21649,8.9525
21650,7.0916
21651,5.5571
21652,8.8166
21653,6.7978
21654,7.8446
21655,7.3602
21656,7.0127
21657,6.6523
21658,8.4648
21659,7.7838
21660,7.5235
21661,7.8042
21662,7.2449
21663,6.0237
21664,7.5393
21665,8.3605
21666,7.7838
21667,8.2663
21668,7.73
21669,7.5666
21670,9.5416
21671,8.9957
21672,7.5055
21673,5.0822
21674,6.2583
21675,8.3316
21676,8.127
21677,7.4859
21678,7.1751
21679,4.3737
21680,7.26
21681,7.9726
21682,7.7529
21683,7.3176
21684,7.6212
21685,8.5296
21686,8.5296
21687,7.4474
21688,9.2602
21689,7.0777
21690,6.9676
21691,7.7838
21692,6.2583
21693,8.3182
21694,7.4306
21695,8.6225
21696,7.8176
21697,7.2059
21698,5.9545
21699,7.5869
21700,8.0856
21701,8.1756
21702,8.0835
21703,9.4076
21704,6.1352
21705,8.5294
21706,7.3602
21707,7.4199
21708,8.9452
21709,7.5241
21710,6.3917
21711,8.9525
21712,7.2336
21713,6.426
21714,5.5054
21715,5.2623
21716,5.1154
21717,9.1404
21718,7.9844
21719,7.1783
21720,7.173
21721,6.6658
21722,7.6659
21723,7.3602
21724,7.1218
21725,7.7838
21726,5.0943
21727,7.7838
21728,6.7433
21729,9.3214
21730,7.4065
21731,8.9525
21732,6.5365
21733,8.5296
21734,7.4769
21735,7.3602
21736,7.7683
21737,8.2418
21738,5.174
21739,7.5518
21740,6.9695
21741,7.5748
21742,7.3602
21743,7.34
21744,8.2121
21745,8.9525
21746,5.4188
21747,6.6419
21748,7.2123
21749,5.2842
21750,6.0735
21751,5.5734
21752,7.6084
21753,7.369
21754,7.4165
21755,7.9614
21756,5.4227
21757,8.2814
21758,9.3944
21759,7.2742
21760,8.9169
21761,7.0466
21762,7.5235
21763,10.0
21764,7.7838
21765,7.2336
21766,5.2842
21767,8.9525
21768,7.613
21769,7.7838
21770,5.2842
21771,7.3539
21772,7.5355
21773,7.8456
21774,9.2678
21775,7.9581
21776,6.8285
21777,7.5169
21778,7.4679
21779,7.7838
21780,8.8517
21781,7.5586
21782,7.5218
21783,8.194
21784,6.3728
21785,7.952
21786,5.9718
21787,7.204
21788,6.8661
21789,8.9452
21790,6.7889
21791,6.1178
21792,7.8006
21793,7.26
21794,8.0453
21795,7.3602
21796,6.9918
21797,7.1326
21798,8.7091
21799,6.8201
21800,8.9525
21801,8.3445
21802,8.0847
21803,8.0442
21804,4.9174
21805,7.5328
21806,7.8309
21807,8.1028
21808,7.7906
21809,8.4548
21810,7.4746
21811,7.9884
21812,7.1023
21813,6.3259
21814,8.0589
21815,8.3185
21816,7.5235
21817,7.0652
21818,8.3303
21819,8.5605
21820,7.1347
21821,6.9577
21822,7.7637
21823,8.0529
21824,6.8492
21825,6.4608
21826,8.6986
21827,8.8682
21828,7.5235
21829,8.435
21830,7.7748
21831,6.0506
21832,7.9936
21833,7.9943
21834,7.3954
21835,5.7566
21836,6.8498
21837,8.1454
21838,7.8868
21839,5.6652
21840,8.0495
21841,8.1799
21842,6.2657
21843,8.7205
21844,7.7838
21845,6.5535
21846,7.2583
21847,7.5609
21848,5.1922
21849,6.6516
21850,8.4724
21851,6.9192
21852,6.0765
21853,7.0637
21854,8.7614
21855,8.1714
21856,7.8319
21857,6.6418
21858,7.3142
21859,7.3054
21860,7.8328
21861,6.8808
21862,7.6227
21863,6.5968
21864,7.5734
21865,7.8951
21866,7.035
21867,9.7019
21868,8.9452
21869,7.7838
21870,10.0
21871,6.3744
21872,7.7014
21873,6.8618
21874,7.1078
21875,9.5048
21876,8.6439
21877,7.3934
21878,5.6585
21879,8.1057
21880,7.26
21881,7.8353
21882,7.9889
21883,7.8941
21884,7.7838
21885,6.8747
21886,7.293
21887,6.5893
21888,7.7004
21889,7.2907
21890,7.796
21891,7.5596
21892,7.4564
21893,6.7416
21894,8.1997
21895,7.7148
21896,6.7282
21897,8.0171
21898,8.2308
21899,8.2921
21900,6.2271
21901,6.0731
21902,7.5879
21903,6.9147
21904,7.4024
21905,8.4243
21906,7.7838
21907,7.8409
21908,6.8009
21909,8.7766
21910,7.2629
21911,7.6316
21912,9.4457
21913,7.2566
21914,5.1551
21915,7.5643
21916,6.8763
21917,7.4479
21918,7.1453
21919,6.8261
21920,7.5235
21921,8.7915
21922,7.9328
21923,6.9294
21924,8.6098
21925,7.7838
21926,7.5719
21927,5.6585
21928,7.3071
21929,8.2575
21930,7.7838
21931,7.9604
21932,7.0924
21933,7.9608
21934,7.5244
21935,8.2424
21936,6.9117
21937,6.3175
21938,6.9376
21939,5.4369
21940,8.1675
21941,8.9677
21942,7.7621
21943,8.3699
21944,8.1852
21945,6.8083
21946,6.4349
21947,7.9119
21948,7.4974
21949,8.0457
21950,8.07
21951,8.7189
21952,8.9475
21953,7.2598
21954,7.7388
21955,6.7305
21956,8.4378
21957,6.9836
21958,7.26
21959,7.6309
21960,6.6152
21961,8.5998
21962,8.1459
21963,7.7063
21964,8.166
21965,7.7838
21966,7.9923
21967,8.7122
21968,9.0842
21969,7.8095
21970,8.1429
21971,6.8405
21972,8.0336
21973,7.5635
21974,7.7838
21975,7.1955
21976,7.4386
21977,7.64
21978,8.4434
21979,8.0042
21980,9.1183
21981,8.0648
21982,8.6016
21983,7.4843
21984,7.2684
21985,7.8228
21986,7.5443
21987,9.1567
21988,7.7154
21989,8.6691
21990,9.4004
21991,8.8756
21992,6.7027
21993,8.2196
21994,7.7677
21995,7.4643
21996,8.284
21997,7.8025
21998,7.186
21999,7.3602
22000,7.2341
22001,8.9902
22002,5.1384
22003,7.5977
22004,7.8199
22005,7.1636
22006,6.8378
22007,6.4131
22008,9.0119
22009,7.5748
22010,7.857
22011,8.1045
22012,6.4713
22013,7.8758
22014,8.3973
22015,7.2343
22016,8.607
22017,7.913
22018,8.2861
22019,5.9511
22020,7.9995
22021,7.1439
22022,7.7239
22023,9.2052
22024,6.4833
22025,7.3602
22026,7.2844
22027,7.3227
22028,8.5903
22029,7.4315
22030,7.6921
22031,10.0
22032,8.8571
22033,6.6502
22034,7.9203
22035,7.649
22036,7.9158
22037,7.7838
22038,7.5341
22039,6.8943
22040,8.9525
22041,7.7346
22042,7.3652
22043,7.4768
22044,6.7115
22045,8.2429
22046,7.8661
22047,8.3867
22048,5.7285
22049,7.4957
22050,8.3099
22051,6.9945
22052,7.6864
22053,7.7118
22054,8.1067
22055,6.6779
22056,7.5726
22057,5.5721
22058,7.0777
22059,6.2862
22060,8.1318
22061,8.49
22062,7.1365
22063,5.7878
22064,6.3765
22065,7.4454
22066,7.9369
22067,6.3977
22068,7.3602
22069,6.6701
22070,7.5181
22071,8.0026
22072,5.4461
22073,7.8531
22074,7.7765
22075,7.5371
22076,6.8904
22077,8.9399
22078,5.9854
22079,5.1384
22080,7.4804
22081,7.7399
22082,8.9926
22083,8.2465
22084,7.741
22085,8.9119
22086,8.1185
22087,6.4198
22088,7.9303
22089,7.3602
22090,7.5235
22091,8.9285
22092,6.7826
22093,7.7838
22094,5.1384
22095,7.2335
22096,6.516
22097,7.7838
22098,8.3519
22099,8.0321
22100,8.9525
22101,7.7054
22102,7.1887
22103,2.8897
22104,8.1917
22105,8.3965
22106,8.0324
22107,8.7942
22108,7.2156
22109,9.1037
22110,7.0782
22111,7.6246
22112,6.3768
22113,6.8904
22114,5.9073
22115,8.2611
22116,8.4456
22117,8.1714
22118,7.7838
22119,8.436
22120,7.8081
22121,8.4748
22122,9.7175
22123,5.4001
22124,7.972
22125,6.1674
22126,7.2109
22127,8.1429
22128,8.6715
22129,4.3737
22130,7.8879
22131,9.9464
22132,7.4571
22133,7.8986
22134,7.1919
22135,8.318
22136,7.4896
22137,8.049
22138,7.5922
22139,6.9184
22140,6.2571
22141,8.1068
22142,9.9457
22143,7.164
22144,8.1393
22145,7.8481
22146,7.6675
22147,6.3607
22148,7.295
22149,7.0276
22150,6.7509
22151,6.8091
22152,6.4411
22153,7.0724
22154,7.3602
22155,8.5245
22156,7.678
22157,7.5032
22158,8.0874
22159,7.3772
22160,6.9823
22161,5.1384
22162,6.2687
22163,7.7454
22164,6.2372
22165,7.9208
22166,10.0
22167,8.7549
22168,7.3958
22169,8.2049
22170,8.8319
22171,7.6047
22172,5.491
22173,7.2563
22174,7.99
22175,6.1415
22176,8.9452
22177,6.619
22178,8.0464
22179,7.3396
22180,7.4621
22181,6.7893
22182,7.9109
22183,7.7838
22184,7.4915
22185,7.8476
22186,7.5352
22187,7.2834
22188,8.1846
22189,9.369
22190,5.366
22191,7.633
22192,8.0657
22193,7.678
22194,8.4281
22195,7.3328
22196,7.7778
22197,6.7981
22198,7.0133
22199,7.4962
22200,9.0657
22201,10.0
22202,7.977
22203,5.1384
22204,8.6963
22205,7.4988
22206,6.1133
22207,7.9477
22208,9.0025
22209,8.7957
22210,8.7885
22211,7.488
22212,7.7838
22213,9.3506
22214,7.3442
22215,6.7566
22216,6.2583
22217,7.7838
22218,7.4844
22219,5.7215
22220,8.5204
22221,6.6289
22222,8.7297
22223,7.5201
22224,8.9525
22225,7.6638
22226,7.7615
22227,8.197
22228,8.1319
22229,7.1461
22230,7.0526
22231,10.0
22232,6.5853
22233,9.2217
22234,8.9525
22235,8.816
22236,6.7493
22237,8.7091
22238,7.0692
22239,7.3521
22240,5.1384
22241,9.2836
22242,7.3813
22243,8.072
22244,8.1023
22245,7.0182
22246,7.0459
22247,7.7838
22248,8.0589
22249,8.9867
22250,6.0714
22251,8.0695
22252,8.8442
22253,7.0209
22254,6.5866
22255,6.6969
22256,8.197
22257,7.4389
22258,6.8763
22259,7.7366
22260,8.0295
22261,7.7838
22262,7.4609
22263,8.6022
22264,8.5855
22265,9.2833
22266,8.5296
22267,7.4386
22268,7.5158
22269,7.2393
22270,6.4232
22271,7.3369
22272,9.3214
22273,9.5126
22274,7.756
22275,7.9859
22276,7.7141
22277,7.3602
22278,5.6585
22279,6.7337
22280,9.2757
22281,5.1384
22282,7.8168
22283,6.1802
22284,7.976
22285,7.5411
22286,8.4868
22287,7.7838
22288,8.6149
22289,8.3898
22290,7.7966
22291,7.6019
22292,7.9876
22293,6.9646
22294,6.1674
22295,7.7503
22296,7.3602
22297,9.1665
22298,7.2121
22299,6.2469
22300,7.9648
22301,6.2586
22302,8.796
22303,8.3645
22304,8.5067
22305,8.8003
22306,7.7838
22307,7.4877
22308,8.0698
22309,7.5235
22310,7.1069
22311,5.1384
22312,8.2443
22313,7.8737
22314,8.3867
22315,7.9435
22316,8.7501
22317,8.0718
22318,9.4092
22319,7.4113
22320,9.3289
22321,8.9334
22322,8.4327
22323,9.2538
22324,8.092
22325,6.9064
22326,7.3528
22327,7.8761
22328,7.9432
22329,8.9926
22330,6.94
22331,8.8367
22332,7.5382
22333,7.7987
22334,7.3265
22335,7.3603
22336,6.7446
22337,8.1301
22338,8.2786
22339,8.1952
22340,6.3651
22341,7.924
22342,7.4065
22343,5.0251
22344,6.5858
22345,6.6512
22346,6.7747
22347,7.2014
22348,6.1968
22349,7.9058
22350,7.2735
22351,7.7753
22352,7.8952
22353,9.6468
22354,7.0593
22355,8.0623
22356,8.1293
22357,8.679
22358,7.094
22359,7.3307
22360,8.1926
22361,6.3306
22362,7.7838
22363,7.0642
22364,7.1859
22365,4.9174
22366,7.1777
22367,7.0916
22368,6.5063
22369,7.889
22370,5.7285
22371,7.5802
22372,5.7984
22373,6.1778
22374,8.1641
22375,7.7838
22376,6.6327
22377,9.369
22378,6.9728
22379,8.3099
22380,8.9556
22381,7.1078
22382,7.1878
22383,7.7838
22384,7.094
22385,8.6796
22386,8.7797
22387,7.0248
22388,8.0499
22389,6.6494
22390,6.6369
22391,7.5206
22392,8.7684
22393,6.1816
22394,8.0625
22395,6.6599
22396,7.3602
22397,7.8025
22398,7.3602
22399,5.6585
22400,8.6774
22401,8.1444
22402,7.9392
22403,7.9464
22404,7.5844
22405,8.0923
22406,6.848
22407,7.4093
22408,7.3417
22409,7.2005
22410,6.9443
22411,7.5171
22412,5.6533
22413,7.474
22414,7.4216
22415,7.924
22416,7.2615
22417,6.8405
22418,7.8105
22419,4.5036
22420,4.8455
22421,6.8542
22422,8.5296
22423,7.76
22424,7.108
22425,8.0173
22426,7.2569
22427,8.6758
22428,7.3409
22429,8.0809
22430,8.4725
22431,8.9475
22432,8.2296
22433,7.4224
22434,7.5244
22435,8.1085
22436,7.3656
22437,7.291
22438,8.4896
22439,5.7949
22440,6.646
22441,7.546
22442,6.3362
22443,7.7838
22444,7.9762
22445,6.8606
22446,8.6986
22447,7.3837
22448,6.8472
22449,7.3533
22450,7.7309
22451,7.4615
22452,8.0656
22453,8.1239
22454,9.2632
22455,8.227
22456,7.7227
22457,6.5659
22458,9.0517
22459,8.9525
22460,8.3242
22461,7.3438
22462,7.6973
22463,8.2495
22464,6.0292
22465,4.824
22466,8.2523
22467,6.9111
22468,6.2365
22469,7.6839
22470,8.1
22471,8.3099
22472,6.6099
22473,8.2219
22474,7.2973
22475,5.8818
22476,8.6544
22477,9.1763
22478,8.5193
22479,5.7878
22480,8.7091
22481,6.8573
22482,8.494
22483,4.4937
22484,9.5765
22485,7.1769
22486,6.2583
22487,6.156
22488,7.8081
22489,7.1127
22490,7.0368
22491,7.4501
22492,7.5219
22493,7.7548
22494,8.1026
22495,8.3851
22496,7.7255
22497,8.8206
22498,6.3791
22499,8.0172
22500,8.04
22501,6.4359
22502,8.3624
22503,8.3123
22504,7.203
22505,7.4779
22506,3.7936
22507,6.5692
22508,8.1057
22509,7.2913
22510,7.26
22511,7.5969
22512,7.6374
22513,7.4782
22514,7.7679
22515,8.7069
22516,8.0059
22517,6.5824
22518,9.271
22519,7.1549
22520,7.3658
22521,5.1384
22522,8.1714
22523,7.3602
22524,7.0643
22525,8.5683
22526,8.7749
22527,6.8458
22528,8.9525
22529,5.8363
22530,7.4293
22531,8.1979
22532,5.0701
22533,7.6935
22534,7.9764
22535,6.4817
22536,7.1674
22537,7.6785
22538,6.7691
22539,7.4469
22540,7.3602
22541,8.7603
22542,7.5802
22543,7.6813
22544,9.1252
22545,8.0564
22546,7.9024
22547,8.5519
22548,8.3112
22549,7.1461
22550,8.5802
22551,8.6455
22552,7.7894
22553,8.1057
22554,6.8736
22555,6.9296
22556,6.4584
22557,7.8042
22558,8.9525
22559,8.6172
22560,7.2973
22561,8.6917
22562,7.7838
22563,8.547
22564,7.7838
22565,7.9111
22566,7.9432
22567,7.5872
22568,7.3602
22569,7.1407
22570,7.4483
22571,9.6397
22572,6.6421
22573,8.2419
22574,7.3004
22575,7.4712
22576,5.835
22577,7.9926
22578,7.2185
22579,7.3846
22580,8.9692
22581,8.0495
22582,6.9176
22583,7.5593
22584,7.7838
22585,7.5391
22586,7.0956
22587,7.2863
22588,6.1085
22589,8.0572
22590,7.4534
22591,7.5844
22592,9.2695
22593,8.1714
22594,6.8763
22595,9.082
22596,6.729
22597,4.628
22598,7.1067
22599,8.5296
22600,8.6852
22601,8.9525
22602,7.6137
22603,6.4257
22604,8.1271
22605,6.9448
22606,5.5147
22607,9.6591
22608,8.2266
22609,7.7202
22610,7.1772
22611,8.3861
22612,8.2369
22613,7.1667
22614,8.2299
22615,7.8734
22616,8.7091
22617,7.884
22618,7.6692
22619,7.221
22620,8.1058
22621,7.8919
22622,6.4853
22623,8.3291
22624,7.5235
22625,8.5777
22626,8.8003
22627,8.0784
22628,8.6582
22629,6.619
22630,7.9567
22631,6.9644
22632,7.5011
22633,8.162
22634,8.2223
22635,7.8308
22636,8.7437
22637,7.516
22638,7.7249
22639,7.5589
22640,7.3602
22641,7.7299
22642,5.3876
22643,7.8411
22644,6.6809
22645,8.2628
22646,7.6548
22647,7.7838
22648,8.9498
22649,8.2599
22650,8.3213
22651,8.3605
22652,7.7838
22653,7.5235
22654,7.4905
22655,7.3503
22656,9.9507
22657,8.1448
22658,8.1714
22659,8.3748
22660,8.4729
22661,5.9213
22662,8.8835
22663,7.1642
22664,7.9845
22665,7.8107
22666,8.1513
22667,6.82
22668,7.085
22669,6.0345
22670,7.139
22671,5.0566
22672,7.6823
22673,5.2842
22674,8.2365
22675,7.8115
22676,6.3372
22677,5.7678
22678,6.5999
22679,8.5
22680,6.9299
22681,7.4993
22682,8.3919
22683,6.1687
22684,7.3602
22685,8.4259
22686,9.2574
22687,8.5098
22688,7.6163
22689,7.2956
22690,7.2886
22691,8.5296
22692,9.8919
22693,8.3099
22694,8.3037
22695,9.7275
22696,7.491
22697,7.7838
22698,7.3602
22699,9.6957
22700,8.557
22701,9.6591
22702,7.334
22703,5.2842
22704,7.9549
22705,7.0525
22706,7.5741
22707,8.9525
22708,6.724
22709,8.7091
22710,7.6393
22711,7.0399
22712,7.3602
22713,7.2318
22714,7.5198
22715,8.6705
22716,7.0383
22717,8.2538
22718,7.602
22719,7.7393
22720,8.2675
22721,8.6721
22722,5.5267
22723,7.7683
22724,6.8916
22725,3.9716
22726,6.7851
22727,7.7894
22728,8.9452
22729,5.9313
22730,8.5313
22731,9.3214
22732,7.1813
22733,7.14
22734,4.3737
22735,8.1092
22736,7.4577
22737,8.1859
22738,8.9525
22739,7.9775
22740,7.3602
22741,8.2334
22742,8.023
22743,8.0689
22744,8.5147
22745,7.1978
22746,4.4449
22747,8.2983
22748,6.8018
22749,7.3602
22750,7.2189
22751,7.5989
22752,8.151
22753,8.6649
22754,8.6354
22755,5.9405
22756,8.3897
22757,6.8724
22758,8.9525
22759,7.6837
22760,7.6077
22761,6.7818
22762,7.5809
22763,7.315
22764,7.7838
22765,7.7838
22766,8.9475
22767,7.389
22768,7.1536
22769,8.0756
22770,6.1524
22771,7.7838
22772,7.4154
22773,9.6052
22774,7.8924
22775,9.0954
22776,8.1831
22777,9.1421
22778,7.0284
22779,9.1743
22780,8.364
22781,8.3244
22782,7.5844
22783,6.6445
22784,7.433
22785,7.7838
22786,7.9225
22787,7.2926
22788,9.1532
22789,7.3392
22790,5.5056
22791,6.9664
22792,8.1393
22793,7.98
22794,8.3976
22795,7.7096
22796,8.4095
22797,7.5022
22798,7.2553
22799,8.3186
22800,8.3982
22801,9.1996
22802,7.7227
22803,9.7019
22804,8.73
22805,5.1384
22806,8.2944
22807,5.7878
22808,8.1418
22809,7.1153
22810,8.2611
22811,4.9174
22812,8.0922
22813,7.5816
22814,6.4148
22815,8.0411
22816,8.009
22817,8.1509
22818,7.7838
22819,7.2383
22820,8.7645
22821,6.455
22822,7.164
22823,9.5427
22824,7.7838
22825,7.7838
22826,7.7838
22827,8.914
22828,6.9211
22829,6.6293
22830,7.6606
22831,8.206
22832,8.3128
22833,7.3602
22834,6.6102
22835,7.1882
22836,7.7084
22837,9.0282
22838,9.1841
22839,8.5429
22840,7.9779
22841,8.6016
22842,6.9277
22843,5.9074
22844,6.9745
22845,8.2809
22846,8.4827
22847,6.8471
22848,7.4669
22849,7.6851
22850,9.5782
22851,8.9525
22852,8.7575
22853,8.5724
22854,8.7601
22855,7.9644
22856,7.6356
22857,7.7106
22858,7.7838
22859,8.0971
22860,6.2863
22861,7.3602
22862,6.7171
22863,6.5293
22864,7.8439
22865,8.9933
22866,8.4183
22867,7.1297
22868,7.9691
22869,7.3602
22870,8.9525
22871,7.862
22872,8.3395
22873,6.8536
22874,7.5599
22875,7.3925
22876,7.4567
22877,6.6113
22878,7.6727
22879,7.166
22880,7.1526
22881,7.967
22882,7.4549
22883,7.097
22884,6.8056
22885,6.4155
22886,8.0727
22887,7.2076
22888,5.1384
22889,7.8888
22890,4.8447
22891,5.8249
22892,9.6268
22893,7.3006
22894,7.7706
22895,7.9436
22896,7.2721
22897,7.1103
22898,7.7683
22899,9.0804
22900,8.9511
22901,8.5296
22902,7.1206
22903,8.01
22904,7.7838
22905,6.6866
22906,7.0912
22907,8.8173
22908,7.0825
22909,7.2195
22910,6.9519
22911,8.1677
22912,7.7431
22913,8.7259
22914,7.7532
22915,7.4085
22916,8.0264
22917,7.1378
22918,3.507
22919,7.4346
22920,8.4636
22921,8.5042
22922,8.4741
22923,9.1743
22924,7.4762
22925,8.27
22926,7.6066
22927,7.7214
22928,5.9815
22929,8.5683
22930,6.5513
22931,6.4958
22932,7.7836
22933,8.8407
22934,6.3468
22935,5.052
22936,7.6709
22937,8.2357
22938,6.6421
22939,7.5166
22940,8.0532
22941,7.1065
22942,6.9299
22943,6.9299
22944,9.134
22945,9.3077
22946,7.8896
22947,6.9557
22948,9.3122
22949,8.3891
22950,8.7091
22951,8.4155
22952,8.1858
22953,8.9525
22954,7.8913
22955,5.4769
22956,7.6499
22957,6.8412
22958,6.6602
22959,8.1302
22960,6.9629
22961,8.2586
22962,8.0112
22963,6.213
22964,7.4206
22965,7.64
22966,6.8147
22967,7.0373
22968,8.5723
22969,7.5409
22970,8.9452
22971,9.369
22972,6.5078
22973,9.3275
22974,7.7631
22975,9.2743
22976,7.731
22977,9.1994
22978,8.284
22979,6.5645
22980,7.0129
22981,7.6325
22982,7.6629
22983,7.6
22984,8.0635
22985,8.6641
22986,7.4435
22987,8.4287
22988,7.2791
22989,8.3939
22990,8.8222
22991,7.8357
22992,7.5609
22993,7.3708
22994,7.9515
22995,8.8293
22996,5.1447
22997,7.054
22998,7.2943
22999,9.9892
23000,7.7649
23001,8.1714
23002,7.6787
23003,6.3351
23004,7.3602
23005,6.2635
23006,7.9945
23007,6.7081
23008,7.7108
23009,7.7838
23010,7.4092
23011,7.5644
23012,8.0962
23013,6.9489
23014,7.3203
23015,7.7821
23016,8.1985
23017,9.3214
23018,6.0776
23019,7.7911
23020,8.005
23021,7.2726
23022,6.2657
23023,8.3756
23024,7.1822
23025,6.775
23026,7.5835
23027,8.0721
23028,7.3602
23029,8.478
23030,5.1384
23031,7.5189
23032,5.932
23033,8.3445
23034,7.351
23035,7.8498
23036,6.6114
23037,8.069
23038,7.3975
23039,8.4378
23040,9.3214
23041,8.2902
23042,8.3761
23043,7.5844
23044,5.9832
23045,8.7071
23046,7.2909
23047,7.3668
23048,8.0316
23049,7.246
23050,8.245
23051,7.6802
23052,8.0518
23053,6.3846
23054,8.1148
23055,7.2814
23056,8.5735
23057,8.1068
23058,7.7782
23059,9.3214
23060,9.1803
23061,6.8468
23062,8.4177
23063,6.9092
23064,3.4835
23065,5.1384
23066,6.526
23067,9.1146
23068,8.7973
23069,6.656
23070,7.3658
23071,7.9221
23072,7.2468
23073,7.7683
23074,6.8146
23075,7.8911
23076,8.1509
23077,5.9986
23078,7.337
23079,7.3103
23080,6.0327
23081,8.194
23082,7.1319
23083,7.3956
23084,9.2869
23085,7.7838
23086,7.0841
23087,7.3754
23088,7.6479
23089,7.8186
23090,6.7739
23091,7.7743
23092,7.844
23093,6.9299
23094,8.1908
23095,8.2559
23096,8.5013
23097,7.678
23098,7.7108
23099,6.6718
23100,8.0745
23101,8.0385
23102,7.7214
23103,8.4366
23104,8.1742
23105,7.1796
23106,7.8021
23107,8.2424
23108,4.8154
23109,7.3616
23110,6.7034
23111,8.9458
23112,8.8295
23113,7.7838
23114,7.976
23115,7.7838
23116,8.1511
23117,6.7066
23118,8.5251
23119,8.3343
23120,8.9525
23121,7.8357
23122,7.8937
23123,8.0104
23124,7.6639
23125,8.1901
23126,7.8071
23127,8.1832
23128,8.1236
23129,8.1614
23130,7.9983
23131,9.3507
23132,6.7513
23133,8.3552
23134,7.4226
23135,7.26
23136,8.9525
23137,8.2196
23138,9.1911
23139,8.434
23140,7.2278
23141,6.6937
23142,7.2207
23143,7.6831
23144,8.3977
23145,4.4642
23146,7.5014
23147,5.9445
23148,6.8387
23149,6.6421
23150,8.5497
23151,7.7838
23152,8.0525
23153,9.1856
23154,6.6673
23155,8.5862
23156,7.2091
23157,6.4198
23158,8.7232
23159,8.6715
23160,7.1959
23161,7.0905
23162,8.4139
23163,7.364
23164,7.3602
23165,7.7838
23166,6.7078
23167,5.1879
23168,8.9525
23169,7.3609
23170,7.805
23171,6.984
23172,7.0328
23173,7.6556
23174,7.3659
23175,6.1076
23176,8.5296
23177,8.362
23178,7.3602
23179,7.7725
23180,8.2113
23181,7.819
23182,8.5145
23183,7.6489
23184,6.8458
23185,6.7041
23186,6.9367
23187,8.6217
23188,7.9933
23189,7.5733
23190,7.7152
23191,7.4501
23192,8.1855
23193,6.8348
23194,9.2897
23195,7.1457
23196,8.3789
23197,7.3602
23198,7.5658
23199,8.058
23200,7.3602
23201,7.2366
23202,9.6919
23203,8.1842
23204,8.3905
23205,5.5924
23206,6.1802
23207,7.6066
23208,6.5983
23209,7.5508
23210,6.5854
23211,8.244
23212,8.9191
23213,7.2951
23214,8.1617
23215,8.2197
23216,8.8174
23217,7.2704
23218,7.2581
23219,7.6053
23220,6.3915
23221,6.4486
23222,7.1819
23223,7.8121
23224,7.6894
23225,8.1424
23226,8.775
23227,7.9887
23228,6.2562
23229,8.7495
23230,8.8715
23231,7.8784
23232,9.3041
23233,7.7838
23234,7.7883
23235,7.4492
23236,7.67
23237,8.9525
23238,7.6353
23239,7.6158
23240,7.6807
23241,7.5425
23242,6.2702
23243,6.8443
23244,7.7838
23245,7.4381
23246,7.0919
23247,6.6933
23248,9.0904
23249,7.7213
23250,7.1891
23251,7.7572
23252,5.8267
23253,8.7091
23254,6.7331
23255,7.4462
23256,8.2624
23257,7.3876
23258,8.3886
23259,5.1994
23260,7.237
23261,8.9525
23262,7.4861
23263,8.1948
23264,6.7637
23265,5.6646
23266,8.084
23267,8.9501
23268,7.9487
23269,8.119
23270,7.8172
23271,7.6168
23272,9.149
23273,7.7084
23274,7.1902
23275,7.7838
23276,6.4835
23277,8.9525
23278,8.2047
23279,7.9737
23280,7.3602
23281,6.2354
23282,5.7893
23283,7.8081
23284,6.7923
23285,7.5235
23286,8.432
23287,8.1418
23288,7.8702
23289,7.4162
23290,7.1142
23291,7.7715
23292,5.6409
23293,7.3602
23294,8.2768
23295,5.1384
23296,8.2159
23297,6.5027
23298,8.2489
23299,7.1538
23300,8.0974
23301,7.8854
23302,6.0057
23303,6.5685
23304,7.3602
23305,8.2921
23306,7.414
23307,7.589
23308,8.1714
23309,7.2301
23310,6.9611
23311,7.7838
23312,8.1236
23313,7.7838
23314,8.328
23315,7.8596
23316,5.1384
23317,7.9908
23318,9.466
23319,8.5374
23320,7.5518
23321,9.3063
23322,6.7621
23323,6.9968
23324,6.8179
23325,8.1436
23326,7.7838
23327,8.175
23328,6.7826
23329,8.1937
23330,8.5601
23331,7.0902
23332,7.1662
23333,7.5235
23334,6.8449
23335,7.789
23336,8.0499
23337,8.0275
23338,7.5235
23339,7.4814
23340,7.3232
23341,8.961
23342,8.2091
23343,8.284
23344,7.8825
23345,7.3336
23346,6.9334
23347,8.5101
23348,7.6571
23349,7.5092
23350,7.3399
23351,8.5452
23352,5.91
23353,6.5594
23354,7.4369
23355,8.0254
23356,6.6767
23357,9.2717
23358,8.0984
23359,8.6969
23360,7.8148
23361,8.937
23362,6.5984
23363,7.2195
23364,7.2342
23365,7.7422
23366,6.9163
23367,8.5296
23368,5.8185
23369,7.0698
23370,8.453
23371,7.5192
23372,7.8131
23373,8.3546
23374,8.5521
23375,6.2583
23376,7.3701
23377,9.54
23378,8.5133
23379,8.6062
23380,6.5768
23381,9.2041
23382,9.9595
23383,5.2842
23384,8.9472
23385,7.0522
23386,8.7062
23387,6.7053
23388,7.6019
23389,7.8028
23390,9.1197
23391,6.9369
23392,8.1482
23393,6.8092
23394,7.9951
23395,5.4369
23396,8.1576
23397,8.7091
23398,7.3645
23399,6.2778
23400,6.8629
23401,7.9112
23402,6.7734
23403,9.0062
23404,8.2342
23405,7.49
23406,7.5548
23407,7.9169
23408,9.3214
23409,7.3165
23410,7.6003
23411,7.2414
23412,7.3602
23413,7.8812
23414,6.6847
23415,8.0175
23416,6.6679
23417,8.3242
23418,8.7815
23419,8.9983
23420,8.9525
23421,7.6613
23422,5.5853
23423,5.7285
23424,8.3423
23425,6.8629
23426,8.3897
23427,8.0647
23428,7.3908
23429,9.0113
23430,7.7005
23431,7.7227
23432,8.5833
23433,7.6577
23434,7.3658
23435,6.9369
23436,8.8501
23437,8.9525
23438,9.3214
23439,8.3736
23440,7.8225
23441,8.3741
23442,5.1384
23443,8.2146
23444,7.4226
23445,7.4766
23446,8.3021
23447,7.6307
23448,8.9303
23449,7.1903
23450,7.3689
23451,7.613
23452,6.6667
23453,7.6102
23454,6.4251
23455,6.7736
23456,7.9825
23457,6.9211
23458,8.0933
23459,7.4767
23460,7.5482
23461,8.0828
23462,6.3905
23463,6.6153
23464,7.6724
23465,9.0595
23466,6.3356
23467,5.2842
23468,6.5539
23469,8.1949
23470,7.4615
23471,7.0069
23472,7.3527
23473,7.7616
23474,8.3324
23475,8.3994
23476,8.3148
23477,7.2913
23478,7.6249
23479,6.6383
23480,7.8744
23481,8.8209
23482,5.1384
23483,7.5569
23484,6.2241
23485,8.7242
23486,6.6326
23487,7.8716
23488,7.3602
23489,7.5501
23490,6.5272
23491,8.7091
23492,6.7893
23493,8.7505
23494,7.1957
23495,9.1926
23496,5.1384
23497,7.7782
23498,8.0784
23499,7.294
23500,7.1859
23501,8.0378
23502,6.9887
23503,8.267
23504,8.6954
23505,8.0836
23506,8.0198
23507,7.7585
23508,6.0349
23509,6.0484
23510,8.4772
23511,9.0201
23512,7.8845
23513,9.5153
23514,7.6402
23515,6.3459
23516,7.0275
23517,6.6277
23518,7.2452
23519,7.493
23520,6.8257
23521,7.6206
23522,7.2306
23523,8.5197
23524,7.3602
23525,7.3602
23526,7.1665
23527,8.0789
23528,7.5617
23529,7.3172
23530,8.0581
23531,6.3623
23532,6.9828
23533,8.0929
23534,9.5153
23535,7.7454
23536,7.7377
23537,7.4501
23538,8.0281
23539,8.2125
23540,5.7874
23541,8.1237
23542,5.3461
23543,7.2245
23544,8.9525
23545,7.9581
23546,9.3003
23547,7.9192
23548,7.9911
23549,7.4619
23550,7.3914
23551,8.1241
23552,7.5837
23553,7.708
23554,8.8247
23555,8.0682
23556,6.3468
23557,9.4455
23558,8.3965
23559,8.1381
23560,5.3279
23561,6.1781
23562,6.803
23563,6.5796
23564,7.5748
23565,8.3248
23566,5.6374
23567,5.2924
23568,6.0794
23569,7.854
23570,8.5895
23571,8.063
23572,7.7838
23573,7.7227
23574,7.8547
23575,7.5388
23576,7.0717
23577,8.6439
23578,7.2703
23579,6.0305
23580,7.97
23581,8.7279
23582,6.8179
23583,7.5753
23584,7.26
23585,8.0954
23586,5.1384
23587,7.5501
23588,6.6841
23589,7.3602
23590,8.3533
23591,7.1072
23592,9.3214
23593,7.6414
23594,8.5881
23595,7.9597
23596,7.2913
23597,6.7153
23598,6.7282
23599,8.0147
23600,8.9437
23601,8.3268
23602,7.9068
23603,9.5734
23604,6.7971
23605,8.2124
23606,7.7838
23607,8.0169
23608,6.2092
23609,8.9525
23610,6.535
23611,8.7029
23612,8.5296
23613,7.6066
23614,8.9525
23615,7.7818
23616,7.8946
23617,5.7285
23618,6.7392
23619,9.1322
23620,8.0663
23621,6.5972
23622,7.5482
23623,8.1236
23624,8.6675
23625,7.7869
23626,8.7025
23627,4.3737
23628,8.8658
23629,7.3602
23630,9.2054
23631,9.6481
23632,7.634
23633,9.0979
23634,9.1055
23635,7.5235
23636,7.9381
23637,7.5235
23638,8.8407
23639,7.1324
23640,8.1753
23641,5.1384
23642,7.9782
23643,8.7942
23644,5.2842
23645,7.3602
23646,8.2594
23647,7.9031
23648,7.6999
23649,8.7576
23650,7.5978
23651,7.2952
23652,7.8806
23653,6.7998
23654,7.6692
23655,6.6237
23656,7.8352
23657,5.1384
23658,7.691
23659,8.267
23660,7.9346
23661,7.569
23662,8.6552
23663,7.8323
23664,9.3996
23665,8.3139
23666,7.2324
23667,7.371
23668,7.961
23669,7.9496
23670,7.286
23671,7.6987
23672,8.0058
23673,9.4918
23674,7.5341
23675,8.2376
23676,7.3602
23677,7.4972
23678,7.3602
23679,7.5814
23680,8.273
23681,8.9736
23682,7.7838
23683,5.8905
23684,8.0933
23685,7.1469
23686,8.1142
23687,5.3834
23688,7.1769
23689,9.9138
23690,7.0067
23691,9.3958
23692,8.5296
23693,4.6516
23694,5.8716
23695,7.8361
23696,6.1803
23697,6.4366
23698,5.7611
23699,7.7203
23700,7.9217
23701,6.9211
23702,7.4903
23703,8.0158
23704,9.4649
23705,7.4194
23706,7.5235
23707,6.7801
23708,4.7067
23709,6.1633
23710,7.6482
23711,7.7838
23712,7.6556
23713,8.2722
23714,8.6674
23715,8.0971
23716,6.9299
23717,7.4638
23718,7.9722
23719,7.0216
23720,7.5235
23721,8.0933
23722,8.4424
23723,8.9705
23724,7.7045
23725,8.119
23726,6.7734
23727,7.6884
23728,8.058
23729,5.5758
23730,8.9525
23731,8.1873
23732,8.1714
23733,8.1579
23734,5.9718
23735,8.9525
23736,6.8783
23737,7.3958
23738,8.831
23739,7.9311
23740,8.8542
23741,6.3041
23742,8.5296
23743,6.6865
23744,7.5353
23745,7.8738
23746,7.3409
23747,6.3038
23748,7.5942
23749,7.3451
23750,8.4105
23751,8.4991
23752,7.7859
23753,9.1345
23754,8.9877
23755,7.5916
23756,6.5266
23757,7.7838
23758,7.7838
23759,6.215
23760,7.9733
23761,6.2972
23762,7.0648
23763,7.6011
23764,7.3454
23765,8.6446
23766,7.9804
23767,8.7016
23768,8.3861
23769,6.4828
23770,7.7252
23771,7.3709
23772,6.1964
23773,6.5985
23774,8.8651
23775,7.328
23776,6.0062
23777,8.0203
23778,7.7838
23779,6.3765
23780,8.8817
23781,9.2958
23782,7.7838
23783,7.037
23784,7.6574
23785,9.1567
23786,8.4033
23787,7.7838
23788,6.8369
23789,7.0271
23790,7.3527
23791,7.7557
23792,8.3072
23793,9.5652
23794,6.7633
23795,7.6009
23796,6.6419
23797,7.8312
23798,9.2033
23799,9.4035
23800,7.4664
23801,8.6047
23802,6.3018
23803,7.0454
23804,8.5511
23805,7.5235
23806,8.0223
23807,8.1823
23808,6.4584
23809,8.303
23810,7.0264
23811,5.032
23812,5.8417
23813,5.1384
23814,7.4717
23815,7.4721
23816,8.1498
23817,7.1146
23818,7.7838
23819,8.142
23820,9.5305
23821,5.936
23822,8.1301
23823,5.0477
23824,7.7838
23825,5.2577
23826,8.284
23827,9.0373
23828,7.6389
23829,8.9128
23830,8.4394
23831,5.1384
23832,8.1398
23833,8.9525
23834,6.7778
23835,6.8721
23836,6.9762
23837,8.6664
23838,7.7838
23839,6.6815
23840,7.6558
23841,8.8739
23842,6.1952
23843,7.3602
23844,7.4188
23845,7.6645
23846,7.5628
23847,7.2155
23848,8.2437
23849,7.9703
23850,7.7956
23851,8.9525
23852,8.3593
23853,6.7081
23854,4.7465
23855,6.7096
23856,8.2871
23857,8.3054
23858,7.3347
23859,8.5581
23860,8.6986
23861,6.6215
23862,8.284
23863,5.5353
23864,8.3052
23865,8.0939
23866,5.9205
23867,8.453
23868,7.0306
23869,7.9094
23870,8.831
23871,7.5526
23872,5.4334
23873,7.3413
23874,8.09
23875,8.8199
23876,8.0259
23877,6.7367
23878,7.7707
23879,6.9203
23880,8.5204
23881,8.9525
23882,7.0144
23883,6.3313
23884,7.3794
23885,7.8526
23886,6.8091
23887,5.7471
23888,7.5617
23889,7.9877
23890,8.1271
23891,6.5568
23892,7.3602
23893,7.7827
23894,7.8081
23895,7.7838
23896,8.0997
23897,7.3389
23898,8.2769
23899,6.9613
23900,6.7902
23901,7.26
23902,5.7285
23903,8.779
23904,8.089
23905,7.9706
23906,8.9696
23907,8.7985
23908,7.5406
23909,6.8718
23910,10.0
23911,8.2233
23912,7.7687
23913,7.1067
23914,7.2056
23915,8.267
23916,7.2989
23917,8.9525
23918,7.8667
23919,7.7583
23920,8.6421
23921,8.8747
23922,7.3835
23923,8.7062
23924,8.7942
23925,7.6867
23926,7.5865
23927,6.3817
23928,7.8209
23929,7.4586
23930,7.7838
23931,8.1858
23932,8.9156
23933,5.1384
23934,7.4544
23935,7.7838
23936,7.5235
23937,5.6288
23938,7.8248
23939,7.8697
23940,6.735
23941,7.311
23942,8.4724
23943,8.0471
23944,6.8026
23945,7.6851
23946,7.5166
23947,8.6547
23948,6.8186
23949,6.5477
23950,8.199
23951,8.9525
23952,8.104
23953,9.2569
23954,7.8805
23955,6.9656
23956,7.7063
23957,8.5688
23958,7.4761
23959,7.9364
23960,9.1136
23961,7.7697
23962,7.5589
23963,5.9155
23964,7.7209
23965,4.9891
23966,7.1462
23967,6.9433
23968,7.8358
23969,8.3897
23970,8.3171
23971,8.3053
23972,7.7559
23973,7.2412
23974,7.6692
23975,8.9525
23976,7.9795
23977,7.6591
23978,7.4934
23979,8.0681
23980,8.6359
23981,8.3776
23982,6.7594
23983,7.7303
23984,6.6727
23985,7.2041
23986,7.3967
23987,7.5923
23988,6.159
23989,8.0772
23990,8.077
23991,4.3737
23992,7.2022
23993,7.7838
23994,8.4128
23995,8.1714
23996,7.323
23997,5.1384
23998,7.5943
23999,9.0868
24000,6.4389
24001,7.2507
24002,6.8346
24003,8.9452
24004,7.4568
24005,7.5775
24006,8.0514
24007,8.2749
24008,6.083
24009,8.8537
24010,7.5572
24011,8.2082
24012,7.5437
24013,6.0657
24014,9.4751
24015,7.2699
24016,5.4702
24017,8.6047
24018,7.3234
24019,7.0044
24020,7.1769
24021,7.5475
24022,7.6137
24023,7.7911
24024,7.2564
24025,7.5235
24026,7.751
24027,8.328
24028,7.8509
24029,5.1384
24030,8.5687
24031,7.3602
24032,8.6429
24033,5.2837
24034,8.9525
24035,7.7838
24036,7.767
24037,8.7837
24038,7.7608
24039,7.7681
24040,8.6888
24041,8.2684
24042,8.9525
24043,7.508
24044,8.438
24045,9.6845
24046,7.7358
24047,5.4541
24048,8.8186
24049,7.7838
24050,6.9558
24051,8.5901
24052,7.26
24053,7.4125
24054,7.4153
24055,8.9525
24056,6.2705
24057,8.663
24058,7.7683
24059,7.7617
24060,5.6585
24061,8.0557
24062,8.178
24063,7.9831
24064,7.8519
24065,7.3602
24066,5.4022
24067,7.4636
24068,9.0641
24069,7.1997
24070,5.2861
24071,8.3073
24072,8.8956
24073,7.5219
24074,8.0933
24075,8.9525
24076,9.5085
24077,9.3214
24078,7.0644
24079,7.678
24080,7.0445
24081,8.0209
24082,8.8755
24083,8.2431
24084,7.9308
24085,8.178
24086,7.7838
24087,7.9932
24088,6.8835
24089,5.932
24090,7.1171
24091,7.8761
24092,6.8733
24093,8.3867
24094,9.2962
24095,7.7838
24096,7.5235
24097,9.3041
24098,7.7567
24099,7.3602
24100,5.6513
24101,7.1091
24102,7.4798
24103,8.0275
24104,7.7838
24105,7.7838
24106,7.7838
24107,8.505
24108,7.9676
24109,7.0698
24110,8.4391
24111,7.371
24112,8.9926
24113,6.7627
24114,7.847
24115,8.29
24116,7.0254
24117,5.8494
24118,8.5278
24119,7.205
24120,9.1791
24121,9.1553
24122,5.9039
24123,7.9613
24124,7.5205
24125,7.5531
24126,6.4841
24127,7.3602
24128,8.328
24129,7.3624
24130,7.8463
24131,10.0
24132,7.8569
24133,6.3548
24134,7.8931
24135,6.2901
24136,7.5467
24137,7.6205
24138,8.1781
24139,8.4846
24140,5.7387
24141,8.6382
24142,9.3182
24143,7.6554
24144,8.3699
24145,8.1836
24146,7.0766
24147,7.4311
24148,8.3749
24149,6.8464
24150,8.8122
24151,7.0021
24152,7.2374
24153,6.8363
24154,7.2303
24155,7.6894
24156,7.1814
24157,7.0753
24158,7.6701
24159,7.5861
24160,8.7184
24161,8.0608
24162,7.4687
24163,7.3875
24164,7.8486
24165,7.4397
24166,7.0151
24167,7.4753
24168,7.5704
24169,7.8098
24170,7.0994
24171,9.0953
24172,8.9525
24173,8.9525
24174,6.9493
24175,9.0009
24176,8.9475
24177,8.8206
24178,7.7939
24179,8.0941
24180,9.543
24181,7.6693
24182,7.4302
24183,5.332
24184,8.9201
24185,7.9823
24186,7.0024
24187,6.4824
24188,6.7948
24189,7.7838
24190,8.0877
24191,7.9644
24192,7.7393
24193,7.6935
24194,7.0949
24195,7.3675
24196,7.7752
24197,8.3795
24198,6.851
24199,7.1859
24200,6.5109
24201,7.7104
24202,8.6123
24203,6.4424
24204,8.2257
24205,7.2142
24206,8.177
24207,7.4671
24208,8.3103
24209,6.2666
24210,7.7954
24211,8.4434
24212,8.8907
24213,6.4754
24214,6.1467
24215,9.1676
24216,8.034
24217,8.9026
24218,7.7838
24219,7.7838
24220,7.8829
24221,7.2283
24222,6.9345
24223,7.5278
24224,8.9525
24225,6.7659
24226,7.1613
24227,7.64
24228,8.3605
24229,8.1393
24230,5.8262
24231,8.8387
24232,9.4277
24233,6.5053
24234,8.5354
24235,8.6879
24236,7.9459
24237,7.7838
24238,6.6092
24239,8.9525
24240,6.9969
24241,8.6999
24242,6.5176
24243,9.4146
24244,6.914
24245,7.1966
24246,7.4056
24247,7.3602
24248,7.7838
24249,8.7582
24250,8.438
24251,8.5857
24252,7.9576
24253,7.7838
24254,8.6266
24255,6.9306
24256,8.4129
24257,8.0269
24258,7.1519
24259,8.7437
24260,6.2583
24261,9.0052
24262,7.2382
24263,8.3571
24264,6.7893
24265,7.8735
24266,7.294
24267,7.3603
24268,8.6322
24269,6.9589
24270,8.0304
24271,8.1516
24272,6.7298
24273,7.7572
24274,8.1231
24275,8.3889
24276,8.9312
24277,7.8937
24278,7.2998
24279,5.9405
24280,7.5811
24281,7.4832
24282,7.2823
24283,8.6591
24284,8.0198
24285,6.7793
24286,7.5896
24287,8.1584
24288,5.202
24289,7.8698
24290,8.2422
24291,7.3216
24292,7.8937
24293,9.2602
24294,6.523
24295,8.5606
24296,9.5377
24297,6.9456
24298,7.2869
24299,6.9224
24300,6.9476
24301,8.0581
24302,7.5927
24303,7.5426
24304,6.8768
24305,5.1384
24306,8.3096
24307,5.6427
24308,7.1773
24309,6.8548
24310,7.8681
24311,7.8285
24312,7.1244
24313,7.5105
24314,6.0234
24315,7.2405
24316,6.4877
24317,7.2183
24318,8.855
24319,7.5387
24320,7.3763
24321,7.849
24322,8.7402
24323,5.902
24324,7.6876
24325,7.5182
24326,8.3626
24327,7.1269
24328,8.937
24329,7.1301
24330,8.7091
24331,7.8842
24332,9.2823
24333,6.4842
24334,8.459
24335,6.632
24336,8.0955
24337,7.7386
24338,6.4616
24339,8.2929
24340,6.7193
24341,5.7092
24342,7.2498
24343,5.1384
24344,8.2198
24345,7.0551
24346,7.3731
24347,10.0
24348,7.7838
24349,7.2865
24350,8.125
24351,7.7838
24352,4.6879
24353,7.8479
24354,5.2861
24355,7.9922
24356,7.297
24357,8.284
24358,6.8408
24359,8.8266
24360,7.9702
24361,7.7297
24362,7.8349
24363,7.5784
24364,7.5409
24365,8.2801
24366,6.7335
24367,7.271
24368,9.175
24369,7.6489
24370,7.2083
24371,8.0994
24372,7.7838
24373,7.7034
24374,5.1384
24375,8.0731
24376,7.1651
24377,6.5332
24378,6.9299
24379,5.7285
24380,8.3527
24381,7.6828
24382,8.3091
24383,7.3595
24384,7.7088
24385,8.9435
24386,7.6381
24387,6.883
24388,7.8151
24389,7.8702
24390,8.9525
24391,7.8803
24392,8.4428
24393,7.952
24394,7.6844
24395,5.9306
24396,7.8324
24397,7.0156
24398,7.3765
24399,5.1384
24400,9.3284
24401,7.3255
24402,8.0719
24403,5.1384
24404,6.7385
24405,8.6108
24406,6.3324
24407,7.9522
24408,7.5235
24409,8.3911
24410,7.8095
24411,9.0023
24412,7.4519
24413,7.614
24414,7.7838
24415,7.5501
24416,5.1384
24417,6.6513
24418,9.3214
24419,6.6831
24420,8.1657
24421,7.1469
24422,7.8416
24423,8.3579
24424,8.0941
24425,8.4322
24426,8.0469
24427,8.2121
24428,8.6894
24429,8.9525
24430,8.1849
24431,5.809
24432,9.3214
24433,8.1308
24434,9.5172
24435,7.9513
24436,7.1218
24437,8.0391
24438,7.851
24439,6.659
24440,8.0767
24441,7.0017
24442,6.319
24443,7.6692
24444,8.9566
24445,7.607
24446,7.3624
24447,8.1526
24448,6.9735
24449,7.1552
24450,8.9525
24451,7.7063
24452,8.5575
24453,7.9167
24454,5.6211
24455,7.3895
24456,7.3167
24457,7.7838
24458,7.1462
24459,7.3102
24460,8.7716
24461,8.461
24462,7.2116
24463,7.7838
24464,8.8449
24465,7.2489
24466,4.3746
24467,7.6619
24468,7.4721
24469,5.1384
24470,8.158
24471,7.7002
24472,6.9258
24473,8.0215
24474,8.9525
24475,7.0565
24476,7.0324
24477,7.7999
24478,7.7853
24479,7.7838
24480,8.5051
24481,7.8571
24482,7.8937
24483,7.0294
24484,6.8299
24485,7.8775
24486,6.4383
24487,6.2939
24488,7.4761
24489,7.323
24490,7.7063
24491,8.1823
24492,6.1363
24493,7.9406
24494,7.2111
24495,9.2434
24496,8.0795
24497,9.7694
24498,9.4124
24499,8.0483
24500,8.9791
24501,6.1802
24502,5.8649
24503,6.7676
24504,8.5137
24505,8.9525
24506,7.3591
24507,7.1769
24508,8.1581
24509,7.8702
24510,8.1067
24511,8.8885
24512,7.5235
24513,7.7838
24514,7.3656
24515,7.247
24516,7.1248
24517,7.0087
24518,7.6412
24519,8.3128
24520,8.9285
24521,7.8316
24522,5.1384
24523,7.9386
24524,6.1646
24525,8.2007
24526,8.7549
24527,6.776
24528,7.6861
24529,8.2407
24530,9.1703
24531,7.0551
24532,6.7398
24533,8.9452
24534,9.1743
24535,7.7838
24536,7.117
24537,6.8478
24538,7.9256
24539,8.1546
24540,8.8656
24541,4.3737
24542,7.4942
24543,7.9769
24544,7.7371
24545,8.822
24546,7.3016
24547,5.8374
24548,7.2164
24549,7.7838
24550,8.2219
24551,8.4924
24552,7.7421
24553,7.9557
24554,7.8761
24555,8.7056
24556,6.6421
24557,7.3871
24558,10.0
24559,7.4783
24560,7.6552
24561,7.2262
24562,8.0959
24563,7.5512
24564,7.6699
24565,7.4556
24566,6.4189
24567,9.4219
24568,7.7043
24569,7.8529
24570,6.4826
24571,7.7753
24572,7.4201
24573,7.0961
24574,7.6183
24575,7.7624
24576,6.567
24577,7.2249
24578,7.4552
24579,8.5296
24580,8.831
24581,7.7838
24582,8.3736
24583,6.5318
24584,8.1172
24585,8.1579
24586,7.2142
24587,8.1626
24588,8.5506
24589,7.9444
24590,9.3214
24591,8.1005
24592,6.3911
24593,7.3489
24594,7.674
24595,7.7918
24596,9.7202
24597,5.0732
24598,8.0608
24599,7.9018
24600,8.0083
24601,7.905
24602,6.3468
24603,8.4905
24604,8.9525
24605,7.3786
24606,6.3623
24607,9.8841
24608,8.2416
24609,8.934
24610,6.7923
24611,8.9885
24612,8.0718
24613,6.9237
24614,7.1427
24615,8.1762
24616,5.2842
24617,6.132
24618,8.0667
24619,7.1408
24620,5.4098
24621,4.0683
24622,6.8744
24623,7.26
24624,9.8515
24625,7.3602
24626,7.752
24627,5.814
24628,6.9299
24629,7.3602
24630,6.3069
24631,7.5678
24632,8.3053
24633,8.1569
24634,5.2562
24635,7.7838
24636,8.2292
24637,8.5537
24638,8.3303
24639,7.6436
24640,7.9057
24641,8.0148
24642,8.3668
24643,7.6294
24644,7.26
24645,8.5737
24646,8.1539
24647,7.2912
24648,9.3214
24649,7.7838
24650,6.6476
24651,8.7091
24652,8.8174
24653,8.0225
24654,7.4571
24655,6.745
24656,8.9285
24657,8.1875
24658,7.9652
24659,7.225
24660,7.5266
24661,7.051
24662,6.0236
24663,8.2369
24664,8.9525
24665,8.7334
24666,8.4732
24667,9.4694
24668,7.7838
24669,8.8681
24670,7.4863
24671,7.8187
24672,8.2411
24673,7.7336
24674,8.5774
24675,7.3134
24676,7.6635
24677,5.9544
24678,9.1404
24679,7.5068
24680,9.2836
24681,7.7838
24682,7.7838
24683,6.5214
24684,7.3658
24685,9.2673
24686,9.0815
24687,7.3602
24688,7.6692
24689,7.5739
24690,8.4313
24691,7.4965
24692,7.6067
24693,6.6867
24694,8.2095
24695,7.2586
24696,7.6681
24697,8.9525
24698,7.3602
24699,7.7091
24700,7.4061
24701,8.338
24702,7.0793
24703,7.3602
24704,7.7235
24705,7.7838
24706,9.1506
24707,6.4835
24708,8.0941
24709,6.8005
24710,8.1437
24711,8.7259
24712,8.5144
24713,9.1307
24714,6.388
24715,7.987
24716,7.7838
24717,6.9211
24718,7.4886
24719,8.2738
24720,7.6312
24721,8.1621
24722,7.8937
24723,9.2602
24724,7.7729
24725,4.8127
24726,8.0693
24727,8.0671
24728,8.7761
24729,8.0559
24730,8.3761
24731,8.6106
24732,7.2161
24733,8.5307
24734,7.9307
24735,8.7526
24736,4.6114
24737,6.7626
24738,7.0964
24739,8.1324
24740,7.7193
24741,8.3605
24742,9.4046
24743,7.9023
24744,8.7151
24745,6.2846
24746,7.3031
24747,6.9674
24748,8.2602
24749,6.8222
24750,7.4753
24751,8.3443
24752,7.7838
24753,7.3602
24754,8.7986
24755,8.6098
24756,6.5388
24757,8.2011
24758,7.3602
24759,7.7213
24760,7.287
24761,9.0369
24762,7.3658
24763,7.9507
24764,6.146
24765,6.0526
24766,7.7641
24767,6.3422
24768,8.0735
24769,7.1602
24770,7.4482
24771,7.3602
24772,8.449
24773,8.7363
24774,5.5103
24775,6.3417
24776,7.7838
24777,9.3041
24778,7.973
24779,7.7838
24780,7.7686
24781,7.5124
24782,6.0484
24783,7.7838
24784,7.5446
24785,8.3692
24786,6.8949
24787,6.9338
24788,8.6014
24789,7.5298
24790,7.1389
24791,8.4554
24792,8.9068
24793,7.7935
24794,7.7838
24795,7.8396
24796,7.076
24797,7.5484
24798,7.2983
24799,7.2066
24800,8.2252
24801,8.2829
24802,6.9975
24803,7.1093
24804,7.4391
24805,8.6274
24806,7.3602
24807,7.1769
24808,7.3602
24809,7.0911
24810,8.085
24811,8.4258
24812,7.0065
24813,7.3508
24814,9.5696
24815,8.6217
24816,8.4655
24817,8.4139
24818,8.6636
24819,6.8878
24820,7.7706
24821,8.9525
24822,9.3307
24823,8.8821
24824,8.2108
24825,5.9718
24826,6.6498
24827,9.5153
24828,6.6357
24829,7.7838
24830,5.692
24831,5.9203
24832,8.5558
24833,8.4929
24834,7.7723
24835,5.8552
24836,7.929
24837,7.398
24838,7.6567
24839,8.9525
24840,7.4753
24841,5.0827
24842,7.1236
24843,7.7227
24844,8.4327
24845,6.3505
24846,7.7839
24847,8.5077
24848,7.4178
24849,8.2106
24850,6.2786
24851,9.1117
24852,7.7369
24853,7.285
24854,7.7089
24855,7.9184
24856,8.1775
24857,7.8965
24858,7.9767
24859,7.3602
24860,7.2308
24861,7.9853
24862,8.9897
24863,7.504
24864,7.5837
24865,7.1145
24866,7.9644
24867,4.3015
24868,7.7838
24869,7.6002
24870,7.3825
24871,5.5996
24872,7.5176
24873,5.4302
24874,7.3272
24875,8.0819
24876,8.2692
24877,6.9135
24878,8.914
24879,7.7838
24880,7.115
24881,5.9731
24882,9.1157
24883,6.6372
24884,8.7127
24885,8.2362
24886,8.6705
24887,7.3637
24888,7.8743
24889,7.5235
24890,8.4655
24891,8.4069
24892,6.8175
24893,7.4999
24894,7.6281
24895,8.0955
24896,7.765
24897,6.9443
24898,8.0971
24899,8.1079
24900,5.1384
24901,7.459
24902,7.7838
24903,8.5442
24904,7.0656
24905,6.6247
24906,5.3694
24907,9.6591
24908,9.0531
24909,7.1192
24910,7.1456
24911,7.5318
24912,7.2908
24913,9.3732
24914,7.5819
24915,7.8326
24916,7.9724
24917,8.5475
24918,9.6993
24919,6.776
24920,7.4429
24921,7.5816
24922,7.3602
24923,7.7146
24924,6.7402
24925,7.0804
24926,5.9512
24927,7.8074
24928,8.5366
24929,7.3602
24930,8.4139
24931,6.9206
24932,7.764
24933,8.2588
24934,8.4686
24935,7.8833
24936,5.4678
24937,7.3078
24938,8.0599
24939,7.3602
24940,5.6585
24941,9.1064
24942,6.8812
24943,7.8411
24944,7.5235
24945,8.3633
24946,7.3953
24947,7.7838
24948,6.9633
24949,8.7227
24950,8.9525
24951,7.9412
24952,7.0387
24953,9.5153
24954,8.4874
24955,7.7906
24956,7.0392
24957,9.0265
24958,7.0679
24959,8.0218
24960,7.9841
24961,7.2727
24962,8.8126
24963,6.9874
24964,9.1643
24965,8.6809
24966,8.0971
24967,8.398
24968,7.5729
24969,7.6601
24970,8.1868
24971,8.002
24972,7.8732
24973,8.4264
24974,7.3602
24975,6.7007
24976,5.5404
24977,7.74
24978,7.8851
24979,8.1999
24980,6.8744
24981,5.3294
24982,6.9367
24983,7.8121
24984,8.2799
24985,7.2195
24986,7.1769
24987,8.9525
24988,7.3103
24989,7.7838
24990,9.5502
24991,7.6092
24992,7.2332
24993,7.2706
24994,7.5235
24995,7.1323
24996,8.2904
24997,8.0164
24998,7.7063
24999,7.3602
25000,8.7091
25001,7.1594
25002,5.4369
25003,8.498
25004,9.1803
25005,6.6148
25006,9.3214
25007,7.7342
25008,8.6333
25009,9.7122
25010,6.5536
25011,7.9744
25012,7.714
25013,9.6857
25014,5.8731
25015,7.6411
25016,7.9077
25017,9.0727
25018,5.1384
25019,7.0565
25020,7.7838
25021,6.8347
25022,7.1859
25023,6.7541
25024,6.9966
25025,7.767
25026,8.1983
25027,8.9525
25028,7.4829
25029,7.2014
25030,8.0321
25031,6.5047
25032,7.1769
25033,6.7816
25034,7.6471
25035,7.494
25036,7.6984
25037,8.9525
25038,6.9043
25039,7.5873
25040,7.7367
25041,6.2163
25042,8.9452
25043,7.0884
25044,7.2014
25045,7.252
25046,7.3883
25047,8.046
25048,7.6601
25049,7.9318
25050,8.2595
25051,8.4684
25052,6.9663
25053,7.3978
25054,7.7838
25055,9.1743
25056,8.4213
25057,8.0376
25058,5.1184
25059,7.7095
25060,6.6626
25061,7.7489
25062,6.8829
25063,7.4327
25064,7.9703
25065,7.022
25066,7.7609
25067,9.0068
25068,6.9316
25069,7.9026
25070,7.7584
25071,5.6122
25072,8.3796
25073,8.5296
25074,7.5561
25075,6.9377
25076,8.4759
25077,7.9927
25078,8.0897
25079,7.0236
25080,7.3241
25081,8.5062
25082,6.5653
25083,6.9997
25084,8.9525
25085,3.2247
25086,8.9539
25087,8.4977
25088,5.4369
25089,5.916
25090,7.5457
25091,7.8093
25092,7.9103
25093,7.7803
25094,6.8106
25095,7.8168
25096,9.1404
25097,7.6749
25098,8.9429
25099,8.0562
25100,9.0249
25101,7.702
25102,7.5074
25103,7.3527
25104,7.4555
25105,6.6809
25106,7.581
25107,7.1769
25108,8.175
25109,7.3195
25110,8.9525
25111,4.7973
25112,6.8271
25113,7.3739
25114,7.3353
25115,6.9889
25116,6.7824
25117,7.6087
25118,8.0553
25119,7.4947
25120,5.9782
25121,8.0
25122,5.2842
25123,8.98
25124,7.7127
25125,7.7755
25126,8.9525
25127,5.1384
25128,7.6692
25129,8.9525
25130,8.3666
25131,7.2915
25132,5.1384
25133,6.3528
25134,8.57
25135,6.9567
25136,6.2156
25137,7.7838
25138,7.2444
25139,7.4536
25140,8.3652
25141,6.9406
25142,7.4516
25143,8.0789
25144,8.0138
25145,6.9491
25146,7.7838
25147,7.7063
25148,7.7838
25149,8.4674
25150,9.1757
25151,8.1111
25152,7.4857
25153,9.4262
25154,6.7785
25155,8.6149
25156,6.9848
25157,8.0456
25158,7.8319
25159,9.2089
25160,8.6916
25161,6.2116
25162,7.6758
25163,7.7637
25164,7.6758
25165,6.7766
25166,8.1829
25167,7.4329
25168,7.2541
25169,6.81
25170,7.5235
25171,7.4511
25172,7.4882
25173,7.2009
25174,7.1679
25175,6.9178
25176,7.8411
25177,8.4631
25178,6.5395
25179,7.9327
25180,8.4455
25181,8.7573
25182,5.1384
25183,9.1183
25184,7.5432
25185,8.0189
25186,7.7485
25187,7.1389
25188,6.2449
25189,8.2669
25190,8.1288
25191,7.3658
25192,7.4588
25193,9.1031
25194,7.8347
25195,6.8458
25196,7.7838
25197,7.9774
25198,7.337
25199,7.7957
25200,8.328
25201,8.6744
25202,8.3736
25203,8.3736
25204,7.2965
25205,7.024
25206,8.0211
25207,8.2193
25208,7.2607
25209,7.9831
25210,7.3732
25211,8.0295
25212,8.1899
25213,7.7651
25214,7.99
25215,7.6181
25216,7.8243
25217,6.6712
25218,7.8134
25219,8.2424
25220,6.4938
25221,7.2077
25222,6.9756
25223,5.6585
25224,6.1855
25225,7.9072
25226,9.332
25227,7.3602
25228,8.9232
25229,7.8134
25230,8.284
25231,7.5242
25232,7.5519
25233,7.3624
25234,8.305
25235,6.9642
25236,5.7285
25237,8.7503
25238,8.1358
25239,8.9525
25240,7.3322
25241,5.9862
25242,7.2336
25243,8.6776
25244,7.1013
25245,7.3272
25246,5.1384
25247,9.3214
25248,6.7777
25249,7.3045
25250,8.1301
25251,8.5983
25252,8.2424
25253,9.3668
25254,7.6599
25255,8.1875
25256,5.8868
25257,5.1384
25258,8.8424
25259,7.5289
25260,8.816
25261,6.7734
25262,7.4026
25263,8.0398
25264,9.2835
25265,7.3739
25266,7.6488
25267,7.0113
25268,7.4178
25269,6.4708
25270,9.3214
25271,5.105
25272,8.9525
25273,7.103
25274,8.1714
25275,6.5452
25276,8.1178
25277,8.6242
25278,8.7449
25279,7.3956
25280,7.4753
25281,8.4507
25282,6.5767
25283,5.7901
25284,8.4069
25285,7.1323
25286,7.4295
25287,8.1965
25288,7.1166
25289,9.3051
25290,7.3796
25291,7.2064
25292,8.0084
25293,8.0336
25294,8.6439
25295,7.1401
25296,8.0682
25297,8.8807
25298,7.6019
25299,7.3602
25300,7.7779
25301,8.9525
25302,7.7838
25303,7.9294
25304,7.371
25305,8.2731
25306,7.2493
25307,7.26
25308,7.164
25309,7.6706
25310,8.8161
25311,9.0138
25312,7.7838
25313,7.9814
25314,7.7033
25315,8.6464
25316,7.7616
25317,7.9743
25318,6.2831
25319,7.0742
25320,8.7091
25321,8.5356
25322,6.9187
25323,8.7572
25324,7.9569
25325,7.7763
25326,5.9245
25327,7.1854
25328,7.8168
25329,8.7938
25330,8.8029
25331,7.639
25332,8.2896
25333,7.8228
25334,8.1742
25335,7.9072
25336,6.8349
25337,7.9348
25338,7.5583
25339,7.3471
25340,7.8848
25341,8.622
25342,7.8232
25343,7.4082
25344,7.0573
25345,7.8081
25346,7.0777
25347,7.1072
25348,7.3123
25349,6.3707
25350,8.4732
25351,8.4393
25352,7.5142
25353,8.1714
25354,8.6119
25355,7.5263
25356,8.937
25357,7.274
25358,8.0339
25359,7.553
25360,8.6852
25361,9.4859
25362,7.5927
25363,7.9368
25364,7.8652
25365,7.3602
25366,8.244
25367,8.9525
25368,7.7838
25369,7.3987
25370,8.2573
25371,7.5085
25372,7.7122
25373,9.0772
25374,8.7085
25375,8.1709
25376,7.049
25377,8.6524
25378,6.7141
25379,7.0538
25380,7.7844
25381,8.7654
25382,7.3448
25383,7.569
25384,8.297
25385,8.104
25386,6.501
25387,9.1404
25388,8.1011
25389,7.3499
25390,8.1701
25391,7.1118
25392,8.8286
25393,8.3441
25394,7.3167
25395,5.6585
25396,9.3214
25397,6.5334
25398,6.8604
25399,8.9525
25400,7.5475
25401,7.1558
25402,8.4545
25403,6.4631
25404,7.5803
25405,7.4346
25406,7.7698
25407,7.5235
25408,7.145
25409,7.1308
25410,7.3387
25411,7.5132
25412,8.0379
25413,7.638
25414,7.025
25415,8.9525
25416,5.3975
25417,6.8963
25418,8.5104
25419,7.5105
25420,5.8098
25421,9.0921
25422,7.5642
25423,8.1653
25424,6.5972
25425,7.5235
25426,9.4231
25427,5.5087
25428,7.8468
25429,7.2624
25430,8.6442
25431,7.0565
25432,8.5431
25433,6.5714
25434,7.0205
25435,7.7577
25436,4.66
25437,7.6345
25438,7.1744
25439,7.3976
25440,7.2782
25441,7.9867
25442,6.5342
25443,5.6377
25444,8.4098
25445,7.1666
25446,6.5096
25447,8.4093
25448,9.0522
25449,7.2003
25450,8.5012
25451,8.0187
25452,7.3686
25453,7.9101
25454,7.2874
25455,5.7068
25456,6.1717
25457,8.4426
25458,7.2832
25459,7.527
25460,7.4475
25461,8.0534
25462,8.557
25463,8.0621
25464,4.3737
25465,6.9836
25466,5.9718
25467,6.5291
25468,7.4372
25469,7.8758
25470,8.9525
25471,7.4501
25472,7.4804
25473,7.9905
25474,7.5637
25475,7.9798
25476,7.5927
25477,8.2604
25478,6.3446
25479,6.931
25480,8.4865
25481,6.8735
25482,8.5746
25483,7.2728
25484,6.5833
25485,7.3602
25486,7.8897
25487,8.5238
25488,6.7805
25489,7.752
25490,6.7878
25491,9.2009
25492,8.3276
25493,5.4666
25494,10.0
25495,7.7535
25496,9.0127
25497,7.3602
25498,7.9575
25499,6.7605
25500,8.4764
25501,8.3127
25502,7.9291
25503,6.3008
25504,8.5435
25505,7.9808
25506,7.0342
25507,6.1568
25508,7.3393
25509,9.0792
25510,8.6715
25511,4.3737
25512,7.093
25513,9.0421
25514,6.8715
25515,7.3602
25516,7.4173
25517,8.1793
25518,7.3112
25519,7.8073
25520,7.409
25521,7.1643
25522,7.7769
25523,5.6511
25524,6.2827
25525,7.7914
25526,7.7393
25527,8.2236
25528,8.343
25529,7.0546
25530,6.0635
25531,7.3602
25532,6.6524
25533,8.4732
25534,7.6087
25535,7.7838
25536,7.7712
25537,7.7838
25538,9.971
25539,7.9185
25540,7.7721
25541,8.4298
25542,5.1384
25543,7.0734
25544,7.0769
25545,7.927
25546,7.7063
25547,7.3602
25548,5.7878
25549,6.5437
25550,8.2199
25551,7.371
25552,7.8644
25553,8.7044
25554,7.6259
25555,7.7921
25556,8.4375
25557,7.6538
25558,8.5032
25559,8.0272
25560,8.9323
25561,8.2801
25562,9.415
25563,7.294
25564,8.6534
25565,7.1424
25566,7.7838
25567,7.3251
25568,7.9256
25569,7.3772
25570,7.6824
25571,7.1995
25572,7.7977
25573,7.7577
25574,8.6068
25575,6.3177
25576,8.3128
25577,7.5235
25578,7.7838
25579,6.5961
25580,8.3762
25581,8.6333
25582,7.7838
25583,7.8777
25584,8.137
25585,6.6092
25586,8.3734
25587,9.1378
25588,7.863
25589,8.368
25590,7.9851
25591,6.9243
25592,7.8573
25593,6.4348
25594,8.0484
25595,8.2398
25596,7.8081
25597,9.6756
25598,8.3128
25599,7.7838
25600,7.9519
25601,5.2842
25602,8.9452
25603,8.2163
25604,7.3829
25605,9.4015
25606,7.5053
25607,8.728
25608,5.1384
25609,7.7838
25610,7.4863
25611,7.8586
25612,6.6158
25613,8.3099
25614,7.2224
25615,9.3214
25616,8.4069
25617,8.5401
25618,6.9111
25619,7.7838
25620,7.3602
25621,7.4994
25622,6.322
25623,8.9525
25624,8.3968
25625,10.0
25626,7.2336
25627,7.1475
25628,7.7548
25629,6.5684
25630,9.0254
25631,8.6273
25632,7.2376
25633,6.8763
25634,7.3602
25635,8.2515
25636,9.3214
25637,5.1384
25638,6.8872
25639,6.7459
25640,8.824
25641,8.438
25642,7.5413
25643,7.0122
25644,8.9525
25645,7.1323
25646,7.3602
25647,7.7838
25648,6.6602
25649,7.7838
25650,6.8708
25651,8.7998
25652,7.1441
25653,7.8893
25654,8.7143
25655,7.7213
25656,7.9617
25657,6.9154
25658,6.238
25659,7.092
25660,7.6002
25661,7.7772
25662,7.971
25663,7.7282
25664,7.9069
25665,8.0304
25666,7.8702
25667,8.0325
25668,6.5956
25669,7.5356
25670,6.9892
25671,6.6712
25672,8.3287
25673,7.7948
25674,7.7012
25675,8.1937
25676,5.1384
25677,7.6312
25678,8.1853
25679,6.7382
25680,7.9906
25681,9.135
25682,8.284
25683,7.8964
25684,9.5653
25685,6.8869
25686,7.9447
25687,7.9846
25688,6.4856
25689,7.7702
25690,8.6705
25691,7.9416
25692,9.369
25693,7.7694
25694,7.7838
25695,6.1923
25696,7.034
25697,7.7838
25698,6.7357
25699,9.679
25700,8.4732
25701,8.0275
25702,8.9525
25703,7.3521
25704,5.6585
25705,7.1784
25706,5.1077
25707,7.1769
25708,7.7838
25709,7.5989
25710,7.2227
25711,8.9525
25712,6.7734
25713,7.6887
25714,7.3304
25715,7.7838
25716,7.2245
25717,7.3656
25718,7.6803
25719,8.0302
25720,7.7838
25721,7.1769
25722,8.1714
25723,8.0536
25724,9.7083
25725,7.5645
25726,8.4315
25727,5.1184
25728,8.9542
25729,8.5615
25730,6.5697
25731,6.9669
25732,8.6202
25733,7.6126
25734,7.4789
25735,7.103
25736,7.3602
25737,7.0553
25738,8.1821
25739,7.3602
25740,8.5606
25741,8.9443
25742,7.9615
25743,8.0891
25744,7.3354
25745,8.3807
25746,8.3551
25747,7.7586
25748,8.203
25749,7.7838
25750,6.5109
25751,7.6739
25752,7.3724
25753,9.3057
25754,7.4073
25755,7.8702
25756,8.3303
25757,7.5014
25758,7.6221
25759,7.2122
25760,7.5235
25761,8.9525
25762,6.4775
25763,7.8081
25764,7.4816
25765,7.7213
25766,6.303
25767,7.5235
25768,8.3022
25769,8.5588
25770,7.7312
25771,6.8303
25772,8.4129
25773,7.26
25774,7.6011
25775,8.0158
25776,9.5012
25777,7.7838
25778,8.141
25779,8.6486
25780,7.4987
25781,8.8505
25782,5.7237
25783,7.0127
25784,9.2627
25785,6.8628
25786,7.1454
25787,7.2409
25788,7.6008
25789,7.7838
25790,7.7978
25791,8.0276
25792,8.1083
25793,8.9525
25794,5.1384
25795,8.28
25796,8.3359
25797,8.6705
25798,8.7371
25799,8.6352
25800,7.4833
25801,8.4148
25802,7.8398
25803,7.3504
25804,6.1802
25805,7.5298
25806,7.4089
25807,8.4539
25808,7.1531
25809,6.8766
25810,6.8411
25811,9.1344
25812,8.0023
25813,8.9525
25814,8.7432
25815,8.4891
25816,6.0715
25817,6.3056
25818,7.7974
25819,7.9737
25820,6.3762
25821,6.9639
25822,7.7042
25823,7.3124
25824,7.8287
25825,7.7063
25826,9.3041
25827,7.9097
25828,6.776
25829,5.9213
25830,6.6369
25831,7.6837
25832,6.6357
25833,7.9278
25834,6.9128
25835,7.1519
25836,7.312
25837,7.6846
25838,7.3602
25839,3.6893
25840,8.2891
25841,8.9452
25842,7.4824
25843,7.5428
25844,6.8168
25845,7.4251
25846,8.2657
25847,7.4638
25848,8.1737
25849,9.4859
25850,7.2511
25851,7.3658
25852,7.3884
25853,6.9111
25854,9.0092
25855,7.7673
25856,7.7838
25857,5.1387
25858,5.263
25859,9.0996
25860,7.7227
25861,8.7435
25862,8.2139
25863,7.5026
25864,8.9525
25865,7.4805
25866,8.7091
25867,7.9585
25868,8.4342
25869,6.8303
25870,9.2402
25871,3.874
25872,7.2401
25873,8.2316
25874,7.3602
25875,7.8576
25876,5.6585
25877,7.3887
25878,8.4651
25879,7.9671
25880,7.4788
25881,8.0306
25882,7.7838
25883,8.0359
25884,5.6497
25885,7.4971
25886,6.7631
25887,7.6186
25888,8.1053
25889,7.395
25890,7.1001
25891,8.6197
25892,8.284
25893,8.2497
25894,8.3897
25895,6.2318
25896,7.7838
25897,7.5202
25898,6.5381
25899,7.3364
25900,6.6414
25901,7.3602
25902,7.2397
25903,8.742
25904,6.9299
25905,7.4274
25906,8.2042
25907,7.7108
25908,5.7331
25909,7.8581
25910,8.6602
25911,8.17
25912,8.2658
25913,7.8193
25914,8.8025
25915,8.207
25916,8.6358
25917,7.7083
25918,8.0849
25919,7.3602
25920,6.7087
25921,7.7683
25922,7.364
25923,7.7754
25924,8.3095
25925,7.9871
25926,5.8901
25927,9.3214
25928,8.9525
25929,7.8764
25930,7.62
25931,8.9926
25932,6.5143
25933,8.1807
25934,8.1304
25935,7.0026
25936,7.4113
25937,7.2616
25938,7.7184
25939,7.7284
25940,8.0533
25941,7.3871
25942,7.4824
25943,8.3672
25944,6.5521
25945,7.9894
25946,7.3483
25947,8.6705
25948,7.7551
25949,9.3214
25950,8.0333
25951,7.1519
25952,8.742
25953,8.6063
25954,6.229
25955,8.6047
25956,7.7838
25957,7.8074
25958,6.7777
25959,7.9095
25960,7.9502
25961,8.4069
25962,8.6886
25963,7.866
25964,6.9663
25965,7.9242
25966,5.2842
25967,9.1091
25968,7.1527
25969,9.6717
25970,7.8022
25971,7.149
25972,7.8707
25973,8.7091
25974,5.8712
25975,9.1832
25976,6.9625
25977,8.6209
25978,7.7838
25979,7.3796
25980,7.7133
25981,7.4997
25982,5.9907
25983,9.5696
25984,5.1628
25985,9.3093
25986,7.6555
25987,7.9747
25988,7.7493
25989,8.9525
25990,7.6946
25991,8.2853
25992,7.2706
25993,7.5235
25994,7.3474
25995,7.7838
25996,7.1865
25997,7.6393
25998,6.3999
25999,8.2103
26000,6.8376
26001,8.6334
26002,7.1427
26003,6.1854
26004,7.2339
26005,5.2842
26006,7.7838
26007,7.3573
26008,8.021
26009,6.5019
26010,7.7538
26011,8.054
26012,7.6316
26013,7.7838
26014,8.9525
26015,8.9525
26016,6.4342
26017,8.3976
26018,8.3989
26019,7.7734
26020,9.7137
26021,8.0125
26022,7.6909
26023,8.9867
26024,7.26
26025,7.6434
26026,7.3075
26027,8.9905
26028,8.1695
26029,7.7838
26030,4.9292
26031,8.4326
26032,8.6679
26033,7.7838
26034,8.7732
26035,7.261
26036,5.926
26037,8.2595
26038,7.9755
26039,7.5538
26040,6.4666
26041,6.9471
26042,7.3236
26043,7.33
26044,7.1226
26045,6.8618
26046,7.7495
26047,9.5074
26048,9.1329
26049,7.7838
26050,7.3326
26051,7.9432
26052,6.9474
26053,8.073
26054,8.8174
26055,8.5472
26056,7.9147
26057,8.4577
26058,7.9538
26059,7.6601
26060,8.5954
26061,7.5592
26062,7.0526
26063,9.3214
26064,7.3017
26065,7.5365
26066,7.1198
26067,7.8609
26068,7.18
26069,7.9687
26070,9.3214
26071,7.5623
26072,7.2413
26073,7.9941
26074,7.1641
26075,7.6139
26076,9.0465
26077,7.1297
26078,8.1236
26079,8.5278
26080,6.8329
26081,6.655
26082,8.2269
26083,6.9186
26084,8.4392
26085,7.5333
26086,7.7687
26087,7.8089
26088,8.284
26089,7.7316
26090,8.0311
26091,7.6916
26092,8.9525
26093,9.0946
26094,8.5178
26095,7.6709
26096,6.49
26097,8.1801
26098,5.7285
26099,8.8838
26100,8.6349
26101,8.1714
26102,8.1714
26103,7.6011
26104,7.0825
26105,7.2231
26106,6.4411
26107,8.3112
26108,7.7838
26109,7.1055
26110,7.1777
26111,9.3372
26112,8.0941
26113,8.0585
26114,8.0985
26115,7.0606
26116,7.44
26117,7.5796
26118,8.3607
26119,7.8134
26120,7.6677
26121,6.9616
26122,7.8483
26123,6.9211
26124,7.3876
26125,8.9525
26126,7.4274
26127,8.0484
26128,7.1967
26129,7.1529
26130,6.1956
26131,7.3068
26132,8.2395
26133,7.2893
26134,6.9211
26135,7.4126
26136,7.3171
26137,6.4408
26138,6.4384
26139,6.765
26140,7.5734
26141,7.3351
26142,7.2582
26143,7.1478
26144,8.2502
26145,7.1561
26146,7.976
26147,7.5582
26148,7.6908
26149,8.7327
26150,8.2165
26151,8.1714
26152,7.3602
26153,7.1756
26154,7.7581
26155,8.2182
26156,8.7488
26157,7.3531
26158,7.4818
26159,7.8278
26160,7.0799
26161,5.8365
26162,7.3149
26163,8.6552
26164,7.9438
26165,7.5086
26166,8.7842
26167,7.6373
26168,8.9525
26169,7.7638
26170,8.5212
26171,8.6812
26172,7.7328
26173,7.7942
26174,7.2839
26175,7.5914
26176,8.1305
26177,7.7838
26178,8.284
26179,7.2939
26180,7.4294
26181,3.7065
26182,7.4753
26183,7.0088
26184,8.9452
26185,7.26
26186,7.7501
26187,8.9452
26188,8.1564
26189,8.8407
26190,6.7197
26191,8.7026
26192,8.0981
26193,7.1534
26194,7.7838
26195,6.9506
26196,4.0261
26197,8.9525
26198,8.1384
26199,9.2846
26200,6.1871
26201,8.2362
26202,6.8585
26203,8.5251
26204,6.8201
26205,7.881
26206,6.5852
26207,7.9186
26208,5.5362
26209,8.6382
26210,8.4415
26211,8.3688
26212,7.2373
26213,8.0922
26214,7.2837
26215,9.4076
26216,8.2313
26217,7.3927
26218,5.397
26219,9.6463
26220,8.4288
26221,7.4991
26222,7.4488
26223,7.3602
26224,8.6519
26225,8.8994
26226,8.9525
26227,8.6669
26228,7.6154
26229,7.361
26230,7.8075
26231,8.1621
26232,7.7081
26233,7.0388
26234,7.0881
26235,8.6528
26236,6.5744
26237,8.2329
26238,7.7538
26239,8.8285
26240,8.2686
26241,6.6822
26242,6.5544
26243,8.9525
26244,7.26
26245,6.7571
26246,7.7838
26247,8.0414
26248,8.937
26249,8.3567
26250,6.3421
26251,7.5713
26252,8.1386
26253,7.5431
26254,7.4463
26255,5.4369
26256,9.1995
26257,8.262
26258,8.7537
26259,7.4486
26260,9.1688
26261,7.4429
26262,7.351
26263,7.0589
26264,7.7838
26265,5.7285
26266,8.0292
26267,5.7285
26268,6.5851
26269,7.3745
26270,7.1035
26271,8.663
26272,8.4409
26273,8.2882
26274,8.4938
26275,9.0346
26276,5.5844
26277,7.5982
26278,8.1291
26279,5.1352
26280,7.8761
26281,9.5014
26282,7.3166
26283,8.4694
26284,5.1384
26285,9.1011
26286,8.5367
26287,9.0818
26288,5.2842
26289,5.7411
26290,7.7036
26291,7.7846
26292,6.7543
26293,8.6217
26294,7.6623
26295,7.7838
26296,8.9384
26297,7.3602
26298,7.4954
26299,8.1667
26300,6.3778
26301,5.7142
26302,7.6262
26303,9.174
26304,5.9856
26305,8.2903
26306,7.7861
26307,8.1914
26308,5.7653
26309,7.404
26310,6.138
26311,8.1589
26312,7.5045
26313,8.1043
26314,6.8516
26315,6.2586
26316,7.26
26317,7.7838
26318,8.5278
26319,7.6556
26320,9.0005
26321,7.699
26322,7.6167
26323,7.8209
26324,7.5246
26325,8.1894
26326,6.5008
26327,7.7938
26328,7.5922
26329,7.085
26330,7.6187
26331,9.1343
26332,7.7758
26333,7.9889
26334,7.9857
26335,7.5409
26336,8.1262
26337,7.1769
26338,7.1346
26339,7.3561
26340,6.6408
26341,5.8578
26342,8.5762
26343,8.0143
26344,9.7363
26345,7.432
26346,8.9452
26347,6.6917
26348,7.5581
26349,9.5022
26350,7.6042
26351,8.0927
26352,8.0828
26353,7.7723
26354,4.7915
26355,7.3974
26356,8.6424
26357,8.3252
26358,7.4501
26359,6.7637
26360,6.6294
26361,8.186
26362,9.3938
26363,7.5235
26364,7.7683
26365,7.6321
26366,7.3602
26367,5.0934
26368,7.3765
26369,7.5235
26370,8.9452
26371,7.7835
26372,6.8392
26373,8.6209
26374,8.9525
26375,7.7084
26376,8.5296
26377,7.5581
26378,7.8732
26379,8.9525
26380,8.3221
26381,7.1447
26382,9.1083
26383,7.7838
26384,8.2779
26385,7.7838
26386,9.7822
26387,8.167
26388,7.3563
26389,8.164
26390,7.7108
26391,6.1318
26392,7.5235
26393,8.1319
26394,4.7819
26395,7.1059
26396,8.4906
26397,6.6754
26398,7.4238
26399,8.2748
26400,8.4595
26401,8.9452
26402,9.1574
26403,7.4501
26404,7.1524
26405,7.5145
26406,7.1456
26407,7.7066
26408,9.3214
26409,8.3285
26410,6.5291
26411,7.5522
26412,7.5183
26413,7.4409
26414,6.6049
26415,6.2587
26416,8.0148
26417,8.9626
26418,8.5451
26419,7.3602
26420,8.1917
26421,7.9407
26422,7.6064
26423,7.7838
26424,5.0675
26425,9.1136
26426,7.2827
26427,7.7617
26428,5.1384
26429,7.9572
26430,7.2899
26431,7.515
26432,5.2842
26433,8.4196
26434,8.0663
26435,7.326
26436,8.3105
26437,7.345
26438,8.171
26439,8.9452
26440,9.3214
26441,8.9525
26442,9.5696
26443,7.7838
26444,7.9397
26445,8.8373
26446,8.7079
26447,8.4004
26448,8.3973
26449,7.7227
26450,8.2744
26451,7.7839
26452,5.1384
26453,7.8491
26454,8.3217
26455,6.7037
26456,7.4196
26457,8.0074
26458,8.4696
26459,8.6217
26460,8.5606
26461,10.0
26462,7.7958
26463,8.4704
26464,6.2328
26465,5.4124
26466,7.7838
26467,7.2472
26468,6.5659
26469,8.9921
26470,7.1421
26471,6.0345
26472,7.5008
26473,7.8596
26474,8.3303
26475,9.5994
26476,7.6504
26477,7.1585
26478,7.8503
26479,9.0165
26480,7.303
26481,7.7838
26482,7.0524
26483,8.5569
26484,8.4928
26485,7.151
26486,7.8995
26487,8.5368
26488,5.3463
26489,8.9926
26490,7.9891
26491,8.4023
26492,8.9452
26493,6.2653
26494,7.2331
26495,8.6183
26496,8.1301
26497,7.7838
26498,8.951
26499,8.4277
26500,3.9661
26501,6.9211
26502,7.508
26503,7.9
26504,7.3407
26505,6.9012
26506,7.5235
26507,7.2262
26508,8.4489
26509,8.9525
26510,8.0779
26511,8.8816
26512,7.4981
26513,9.3041
26514,6.5958
26515,6.8539
26516,6.4082
26517,8.4766
26518,7.1523
26519,7.7051
26520,7.7738
26521,7.7106
26522,8.5822
26523,8.2996
26524,6.4737
26525,8.4851
26526,5.4094
26527,7.1507
26528,7.3602
26529,7.3602
26530,7.7838
26531,7.6648
26532,7.0533
26533,7.2872
26534,5.5844
26535,5.9899
26536,7.7387
26537,7.388
26538,7.2309
26539,9.5558
26540,7.7838
26541,7.0092
26542,6.94
26543,6.4577
26544,6.2539
26545,6.9234
26546,8.0657
26547,5.1384
26548,8.5856
26549,8.694
26550,7.49
26551,7.3471
26552,7.6887
26553,7.4375
26554,5.6553
26555,7.3602
26556,5.1384
26557,5.1384
26558,6.5818
26559,8.4043
26560,7.3859
26561,7.1955
26562,6.1124
26563,7.1735
26564,8.2054
26565,8.7091
26566,6.6936
26567,8.3736
26568,10.0
26569,7.1323
26570,8.9902
26571,8.5496
26572,8.6836
26573,8.7302
26574,6.8458
26575,8.4542
26576,7.7065
26577,7.4269
26578,7.5415
26579,7.3602
26580,6.6165
26581,7.7617
26582,8.9452
26583,7.2261
26584,8.3099
26585,8.267
26586,7.6872
26587,7.9237
26588,7.825
26589,6.3023
26590,6.7907
26591,7.9689
26592,7.7605
26593,5.1384
26594,7.9831
26595,7.0447
26596,7.3602
26597,8.2433
26598,8.3634
26599,8.4469
26600,8.1919
26601,5.1384
26602,7.6692
26603,8.0393
26604,7.5407
26605,7.2007
26606,8.5296
26607,6.086
26608,6.8905
26609,8.7916
26610,7.7838
26611,7.7838
26612,7.479
26613,7.1068
26614,8.3149
26615,8.0933
26616,8.3605
26617,6.9656
26618,9.5153
26619,7.2245
26620,5.2544
26621,8.138
26622,6.4209
26623,7.9859
26624,7.7639
26625,8.3922
26626,5.8966
26627,7.3602
26628,8.3736
26629,7.0476
26630,8.3792
26631,7.8856
26632,7.2853
26633,6.193
26634,8.1799
26635,7.3602
26636,7.1122
26637,7.0102
26638,9.3214
26639,8.6377
26640,6.2323
26641,8.5655
26642,6.487
26643,7.031
26644,8.4732
26645,8.7509
26646,8.7413
26647,6.9686
26648,7.4073
26649,7.1769
26650,7.096
26651,7.1781
26652,8.6333
26653,8.6988
26654,5.1032
26655,8.831
26656,5.92
26657,6.691
26658,7.9517
26659,7.7838
26660,6.6937
26661,5.8138
26662,8.1675
26663,8.2573
26664,8.7788
26665,7.7671
26666,7.6375
26667,7.4863
26668,7.0981
26669,8.3784
26670,7.2308
26671,7.7838
26672,8.4269
26673,7.3113
26674,6.5739
26675,7.26
26676,8.2625
26677,6.6444
26678,7.2185
26679,7.0134
26680,5.8488
26681,8.3229
26682,8.4653
26683,7.4568
26684,8.3511
26685,6.9762
26686,6.7232
26687,6.9288
26688,7.8854
26689,7.4706
26690,9.4859
26691,6.0495
26692,7.9518
26693,7.6312
26694,7.6788
26695,4.7418
26696,7.8548
26697,8.1236
26698,7.3089
26699,7.927
26700,7.8374
26701,5.6517
26702,6.3265
26703,7.6321
26704,7.3602
26705,7.0605
26706,7.4293
26707,7.1323
26708,7.8081
26709,7.7179
26710,7.2015
26711,7.2255
26712,8.4399
26713,7.749
26714,6.0421
26715,8.4308
26716,6.8548
26717,7.7838
26718,6.2583
26719,7.3658
26720,8.3294
26721,7.4486
26722,7.7063
26723,7.7745
26724,7.2411
26725,7.8817
26726,7.688
26727,8.1017
26728,6.5961
26729,8.811
26730,7.3602
26731,9.0573
26732,7.9443
26733,8.5074
26734,7.3429
26735,6.8542
26736,8.6374
26737,8.0509
26738,6.0405
26739,7.6687
26740,7.8415
26741,8.9525
26742,8.1714
26743,7.5439
26744,9.5003
26745,7.8595
26746,7.5468
26747,8.1749
26748,7.3443
26749,5.5688
26750,6.9725
26751,7.4098
26752,6.9679
26753,6.6306
26754,8.4063
26755,7.1508
26756,7.8878
26757,7.9213
26758,9.0586
26759,7.7838
26760,7.7838
26761,8.1275
26762,8.6955
26763,7.7838
26764,8.6225
26765,7.6788
26766,8.3125
26767,7.8179
26768,8.3411
26769,8.3585
26770,8.5469
26771,8.6202
26772,5.7285
26773,7.6973
26774,6.6169
26775,8.1478
26776,7.9311
26777,8.6979
26778,6.4099
26779,8.0835
26780,6.0543
26781,7.3846
26782,5.1384
26783,7.7838
26784,8.2773
26785,7.7379
26786,6.74
26787,7.1726
26788,7.9274
26789,7.3602
26790,9.7083
26791,8.5832
26792,8.4021
26793,7.5672
26794,6.3957
26795,6.9849
26796,9.6052
26797,5.3431
26798,7.3602
26799,7.5086
26800,6.3359
26801,7.5598
26802,5.6463
26803,8.0567
26804,8.3036
26805,6.1643
26806,7.6249
26807,7.6356
26808,7.7063
26809,7.5573
26810,7.8467
26811,7.7577
26812,8.2431
26813,7.7866
26814,5.711
26815,7.5019
26816,6.8926
26817,7.0084
26818,9.9901
26819,8.39
26820,7.8071
26821,6.9645
26822,8.298
26823,7.0127
26824,7.8074
26825,7.8642
26826,7.9531
26827,9.286
26828,7.3563
26829,8.0536
26830,6.1593
26831,7.7838
26832,7.1991
26833,7.4714
26834,8.1852
26835,8.7273
26836,8.3293
26837,6.6241
26838,7.2388
26839,8.1802
26840,6.8917
26841,7.8737
26842,5.5071
26843,7.1811
26844,7.7005
26845,7.5675
26846,8.574
26847,8.0397
26848,8.7235
26849,7.3916
26850,6.6533
26851,6.6425
26852,9.1543
26853,8.1714
26854,7.5838
26855,7.1256
26856,7.6016
26857,7.4468
26858,7.7147
26859,7.5475
26860,8.3973
26861,9.5153
26862,8.9394
26863,8.1889
26864,7.1323
26865,8.048
26866,5.7521
26867,9.7433
26868,8.6273
26869,8.2728
26870,9.5596
26871,7.045
26872,7.1103
26873,8.8705
26874,8.7068
26875,8.2547
26876,9.3625
26877,8.427
26878,5.7103
26879,9.1427
26880,5.663
26881,7.4941
26882,7.3472
26883,8.3088
26884,7.7001
26885,8.2809
26886,7.5352
26887,7.6727
26888,7.3944
26889,7.26
26890,5.7285
26891,6.9211
26892,8.781
26893,7.7838
26894,7.8515
26895,7.2986
26896,8.4532
26897,8.8258
26898,7.7838
26899,7.8869
26900,9.2819
26901,8.1878
26902,7.5235
26903,8.7193
26904,5.6048
26905,5.9524
26906,6.426
26907,8.7296
26908,6.2313
26909,7.9549
26910,7.3172
26911,8.0759
26912,6.5624
26913,8.1983
26914,6.8539
26915,7.8928
26916,9.8919
26917,7.9152
26918,7.0002
26919,7.2018
26920,7.5292
26921,7.1078
26922,7.6693
26923,7.7838
26924,9.9208
26925,8.9525
26926,9.3022
26927,7.532
26928,7.7838
26929,7.1043
26930,7.7838
26931,8.2124
26932,8.0844
26933,6.853
26934,6.9258
26935,6.4314
26936,7.337
26937,7.1293
26938,7.7838
26939,7.7838
26940,6.6572
26941,7.3142
26942,7.9899
26943,8.9926
26944,4.3729
26945,6.2019
26946,7.7571
26947,7.6591
26948,5.7429
26949,7.704
26950,8.9285
26951,7.5661
26952,7.4927
26953,7.7838
26954,8.0462
26955,8.8566
26956,7.1094
26957,7.7934
26958,7.7062
26959,6.3196
26960,7.2583
26961,7.8871
26962,8.0321
26963,7.8949
26964,6.353
26965,6.833
26966,7.8178
26967,5.7878
26968,7.7838
26969,6.5707
26970,7.3012
26971,7.6769
26972,6.9119
26973,10.0
26974,8.199
26975,6.6053
26976,7.1624
26977,8.1496
26978,7.8737
26979,7.3602
26980,7.9204
26981,6.8782
26982,6.3765
26983,6.5429
26984,6.3285
26985,7.3602
26986,7.2144
26987,7.26
26988,9.0859
26989,7.192
26990,7.7841
26991,8.9525
26992,7.5935
26993,7.2225
26994,5.1384
26995,8.5307
26996,5.6993
26997,8.4378
26998,8.8447
26999,7.6558
27000,7.4832
27001,7.3602
27002,7.6272
27003,7.0793
27004,9.0108
27005,7.1615
27006,7.7559
27007,5.7852
27008,6.1823
27009,9.7083
27010,7.5794
27011,5.7285
27012,6.8361
27013,8.47
27014,7.3439
27015,7.3602
27016,6.7371
27017,9.2232
27018,8.9289
27019,9.4261
27020,7.6766
27021,8.2958
27022,5.2842
27023,6.0599
27024,7.437
27025,7.1965
27026,8.2533
27027,6.8205
27028,6.209
27029,8.3986
27030,8.2796
27031,9.504
27032,7.6971
27033,7.6556
27034,6.9961
27035,7.4524
27036,7.1146
27037,8.253
27038,6.8745
27039,5.1384
27040,5.1384
27041,6.9299
27042,6.2858
27043,9.7934
27044,8.3297
27045,5.8099
27046,7.413
27047,7.5957
27048,7.9764
27049,7.7366
27050,7.5443
27051,7.3743
27052,9.394
27053,7.1423
27054,8.1092
27055,8.1792
27056,7.5527
27057,8.0254
27058,7.7838
27059,5.1384
27060,7.4264
27061,6.8733
27062,8.3099
27063,8.4385
27064,7.8703
27065,8.8311
27066,5.4842
27067,7.9672
27068,6.4264
27069,7.5151
27070,9.1345
27071,7.7758
27072,6.8368
27073,6.9352
27074,9.216
27075,7.2195
27076,8.5191
27077,6.8647
27078,10.0
27079,8.1921
27080,6.6639
27081,8.7928
27082,7.622
27083,7.9523
27084,7.2385
27085,7.6832
27086,7.6067
27087,4.8264
27088,6.6211
27089,7.6789
27090,8.1084
27091,7.5235
27092,7.5332
27093,8.5178
27094,6.0495
27095,9.2487
27096,7.3836
27097,9.3214
27098,6.9181
27099,7.5466
27100,7.5509
27101,7.0416
27102,7.3958
27103,7.8073
27104,6.6602
27105,7.8252
27106,7.0002
27107,8.2872
27108,9.1842
27109,7.4144
27110,7.5235
27111,8.4997
27112,7.5
27113,5.1384
27114,5.0177
27115,6.0818
27116,7.2914
27117,8.9452
27118,8.9525
27119,8.7605
27120,7.5977
27121,8.9525
27122,7.7878
27123,8.4951
27124,8.5204
27125,6.8194
27126,8.2091
27127,7.2085
27128,8.7179
27129,8.3445
27130,7.7309
27131,8.328
27132,7.852
27133,7.3602
27134,7.669
27135,6.7358
27136,7.7448
27137,8.267
27138,8.1229
27139,8.9525
27140,7.79
27141,7.7838
27142,8.1057
27143,8.9525
27144,8.6098
27145,7.3602
27146,8.6488
27147,7.6508
27148,7.4608
27149,8.0174
27150,8.3134
27151,8.21
27152,7.5235
27153,7.2336
27154,6.9417
27155,7.7152
27156,6.6151
27157,6.2229
27158,7.7381
27159,5.9334
27160,8.9118
27161,8.2894
27162,5.1384
27163,6.5681
27164,7.5178
27165,8.0933
27166,6.9299
27167,6.8763
27168,7.4022
27169,7.0218
27170,7.5529
27171,6.9269
27172,8.8628
27173,8.2779
27174,7.9044
27175,8.6929
27176,7.1438
27177,7.5064
27178,7.9668
27179,7.7683
27180,9.5994
27181,8.6458
27182,7.9787
27183,8.286
27184,7.7643
27185,7.4629
27186,5.9432
27187,8.1178
27188,7.856
27189,6.6404
27190,7.7838
27191,6.9751
27192,8.6667
27193,8.8233
27194,7.0127
27195,7.9637
27196,9.4847
27197,7.7072
27198,9.2411
27199,8.3861
27200,7.7838
27201,7.1098
27202,7.4213
27203,6.3774
27204,9.5696
27205,7.7838
27206,7.6593
27207,6.8067
27208,7.3135
27209,7.1873
27210,8.9525
27211,7.2229
27212,7.5159
27213,7.7838
27214,7.7683
27215,7.8463
27216,7.4063
27217,8.005
27218,8.2386
27219,5.4368
27220,6.1313
27221,7.3602
27222,7.0635
27223,7.7615
27224,6.9003
27225,8.6843
27226,7.6009
27227,8.8099
27228,7.6173
27229,7.26
27230,9.788
27231,7.1576
27232,8.2804
27233,7.7838
27234,8.9452
27235,8.7163
27236,7.5235
27237,9.102
27238,7.8463
27239,7.8088
27240,5.9615
27241,7.8116
27242,8.1614
27243,8.4611
27244,7.1558
27245,6.1323
27246,9.2168
27247,8.0077
27248,7.3639
27249,8.7481
27250,7.3343
27251,8.7986
27252,7.0525
27253,8.6057
27254,6.9356
27255,7.3655
27256,8.1133
27257,6.9918
27258,8.6776
27259,7.5319
27260,8.5116
27261,4.6276
27262,5.9969
27263,6.9733
27264,6.2399
27265,8.1734
27266,7.3485
27267,7.8121
27268,8.1743
27269,8.1429
27270,7.6692
27271,7.3602
27272,7.7976
27273,9.0478
27274,8.2315
27275,8.9452
27276,5.9828
27277,8.0759
27278,7.5235
27279,7.0742
27280,8.9525
27281,7.5235
27282,5.7618
27283,7.9851
27284,8.2597
27285,6.3468
27286,7.2695
27287,7.7838
27288,7.7838
27289,4.3737
27290,6.5221
27291,6.3917
27292,8.759
27293,7.2552
27294,6.8449
27295,7.4675
27296,9.6123
27297,6.4991
27298,7.7838
27299,8.9525
27300,9.5153
27301,6.7167
27302,9.2931
27303,7.776
27304,8.3194
27305,8.7109
27306,7.4744
27307,9.0042
27308,7.1892
27309,8.9525
27310,8.286
27311,8.0867
27312,8.1249
27313,7.3602
27314,7.7427
27315,7.7782
27316,8.9525
27317,8.3792
27318,8.6333
27319,7.881
27320,7.5166
27321,9.0772
27322,6.9102
27323,7.4663
27324,8.6183
27325,7.1822
27326,7.7609
27327,7.7747
27328,9.2877
27329,7.1815
27330,8.0189
27331,5.9751
27332,7.7838
27333,9.0613
27334,6.7743
27335,8.2762
27336,9.0254
27337,8.5734
27338,8.6439
27339,8.9525
27340,7.0522
27341,7.2965
27342,8.1151
27343,7.6419
27344,7.9833
27345,8.474
27346,7.8338
27347,9.2602
27348,8.5148
27349,8.2829
27350,8.6993
27351,7.7838
27352,6.8405
27353,7.3471
27354,8.1872
27355,7.1769
27356,7.5852
27357,7.7838
27358,8.9525
27359,7.3584
27360,5.5676
27361,9.1404
27362,7.3432
27363,8.951
27364,8.0358
27365,7.2816
27366,7.602
27367,8.9671
27368,7.8084
27369,8.6293
27370,8.091
27371,5.9567
27372,7.7683
27373,7.26
27374,7.301
27375,7.5989
27376,7.53
27377,9.3214
27378,6.4518
27379,8.2425
27380,7.3602
27381,7.6707
27382,7.0837
27383,8.4069
27384,9.0587
27385,7.5166
27386,8.7023
27387,5.1384
27388,7.2101
27389,7.1699
27390,7.6474
27391,6.6102
27392,6.3693
27393,8.4849
27394,6.7896
27395,7.5961
27396,8.3132
27397,6.0448
27398,8.376
27399,8.3774
27400,6.1897
27401,6.9099
27402,7.8865
27403,5.9611
27404,7.8006
27405,8.3501
27406,6.8415
27407,8.0965
27408,7.3996
27409,8.3053
27410,7.0027
27411,7.7093
27412,8.632
27413,8.8985
27414,7.2201
27415,8.0101
27416,8.3179
27417,7.2246
27418,7.0008
27419,8.8179
27420,8.4275
27421,5.9564
27422,7.7838
27423,7.3602
27424,7.5487
27425,9.7162
27426,7.5067
27427,6.9816
27428,5.1384
27429,7.9182
27430,6.3823
27431,7.355
27432,6.0405
27433,6.6389
27434,7.5664
27435,7.1769
27436,8.2765
27437,8.1672
27438,8.4562
27439,7.2015
27440,8.6631
27441,6.9615
27442,7.5235
27443,8.0502
27444,8.6971
27445,8.4078
27446,7.3717
27447,7.5868
27448,6.7997
27449,9.3511
27450,8.0321
27451,7.5412
27452,7.322
27453,8.5296
27454,8.9831
27455,7.7838
27456,8.542
27457,7.2834
27458,8.0295
27459,6.959
27460,8.5671
27461,7.468
27462,7.7838
27463,7.5103
27464,7.7838
27465,6.8812
27466,7.4912
27467,7.6048
27468,7.5599
27469,7.8785
27470,7.3602
27471,4.8851
27472,7.9592
27473,8.3718
27474,6.6602
27475,7.26
27476,8.4665
27477,7.7732
27478,7.2718
27479,7.3034
27480,6.4626
27481,5.1384
27482,7.4411
27483,8.3993
27484,9.3086
27485,8.1567
27486,7.94
27487,7.7272
27488,7.7838
27489,9.5153
27490,7.5098
27491,7.1647
27492,6.6561
27493,7.5346
27494,9.0339
27495,6.8829
27496,7.0703
27497,6.4976
27498,4.8217
27499,7.7624
27500,8.4296
27501,8.0761
27502,5.4369
27503,7.3036
27504,6.8404
27505,8.2001
27506,8.9574
27507,8.9525
27508,7.7562
27509,8.7091
27510,7.3676
27511,7.3602
27512,7.5219
27513,7.749
27514,7.7838
27515,7.4445
27516,6.9103
27517,6.8009
27518,6.1167
27519,8.5408
27520,9.3214
27521,6.1895
27522,6.9845
27523,7.5501
27524,7.6577
27525,5.4768
27526,7.5934
27527,7.8893
27528,7.6073
27529,7.7176
27530,7.9983
27531,7.3995
27532,7.9646
27533,6.6092
27534,7.898
27535,6.7672
27536,8.5829
27537,7.0105
27538,8.0459
27539,7.5449
27540,8.9525
27541,8.3515
27542,7.339
27543,8.8768
27544,7.5613
27545,7.26
27546,7.4335
27547,7.8943
27548,6.9338
27549,8.1454
27550,8.9085
27551,7.26
27552,6.9496
27553,8.1865
27554,6.4056
27555,4.5934
27556,8.9525
27557,7.4414
27558,8.3685
27559,7.3657
27560,9.1567
27561,7.5235
27562,5.8895
27563,8.258
27564,7.3591
27565,7.7838
27566,7.7911
27567,8.5296
27568,9.0445
27569,7.3118
27570,8.0323
27571,7.757
27572,6.8641
27573,8.6558
27574,7.1616
27575,6.2861
27576,7.1323
27577,8.0698
27578,7.2765
27579,7.1186
27580,8.4435
27581,8.4976
27582,7.4585
27583,8.6529
27584,6.5492
27585,6.2478
27586,8.267
27587,6.5684
27588,7.5235
27589,9.0806
27590,7.3602
27591,8.9307
27592,7.4107
27593,9.251
27594,7.2106
27595,7.1233
27596,7.563
27597,8.9525
27598,8.5599
27599,8.5067
27600,8.8535
27601,7.7838
27602,5.5844
27603,6.6037
27604,9.5147
27605,7.5742
27606,7.7838
27607,7.5235
27608,7.7838
27609,7.4073
27610,7.7609
27611,7.6619
27612,7.5956
27613,7.5795
27614,7.8349
27615,7.7838
27616,7.7683
27617,7.4967
27618,8.1725
27619,6.9017
27620,7.064
27621,7.4751
27622,9.7049
27623,8.9525
27624,8.0
27625,6.9946
27626,9.3942
27627,5.7285
27628,8.3211
27629,8.4456
27630,6.9179
27631,8.3791
27632,9.202
27633,8.9525
27634,5.1332
27635,7.2056
27636,9.3818
27637,7.8777
27638,7.6851
27639,7.7838
27640,8.6565
27641,6.0732
27642,5.546
27643,7.9934
27644,7.4612
27645,8.0185
27646,7.7838
27647,6.279
27648,8.2252
27649,5.4541
27650,8.6869
27651,6.4583
27652,9.3214
27653,7.7838
27654,7.0331
27655,7.336
27656,7.5692
27657,8.3633
27658,8.1579
27659,7.7111
27660,9.2616
27661,6.2289
27662,7.3539
27663,7.0421
27664,7.2469
27665,8.9525
27666,7.6489
27667,6.6107
27668,8.6039
27669,7.0238
27670,7.8267
27671,5.6572
27672,8.6868
27673,6.7893
27674,7.7838
27675,7.8698
27676,7.3602
27677,8.8765
27678,8.7622
27679,8.0933
27680,7.226
27681,7.5379
27682,9.1703
27683,7.3235
27684,7.3882
27685,7.8611
27686,7.4857
27687,8.0697
27688,6.9762
27689,7.6511
27690,9.1404
27691,8.3771
27692,6.0867
27693,5.9069
27694,8.3851
27695,9.102
27696,7.8976
27697,5.9689
27698,9.2088
27699,7.1549
27700,9.3214
27701,7.5845
27702,6.8024
27703,6.9096
27704,6.2586
27705,7.1063
27706,7.189
27707,5.3809
27708,6.9961
27709,8.7987
27710,7.2746
27711,7.5717
27712,5.1384
27713,8.8372
27714,5.6356
27715,7.381
27716,9.0719
27717,7.9412
27718,7.7637
27719,8.0589
27720,8.1914
27721,7.5073
27722,8.094
27723,6.5684
27724,7.3602
27725,7.4073
27726,6.9751
27727,7.8721
27728,5.1384
27729,7.5267
27730,7.7838
27731,7.9574
27732,8.207
27733,8.9048
27734,6.6067
27735,7.4041
27736,8.0768
27737,7.9052
27738,8.7222
27739,7.3602
27740,6.9382
27741,7.728
27742,5.1384
27743,7.9961
27744,5.1384
27745,5.9614
27746,9.114
27747,7.7838
27748,7.405
27749,7.6076
27750,7.6556
27751,7.4254
27752,9.3214
27753,8.7613
27754,7.4445
27755,7.7617
27756,8.4069
27757,6.6454
27758,5.1384
27759,8.6754
27760,5.8726
27761,7.1814
27762,7.7948
27763,6.8953
27764,7.9263
27765,8.2153
27766,8.834
27767,7.3561
27768,8.39
27769,7.7254
27770,6.9571
27771,5.2842
27772,7.6045
27773,7.599
27774,9.2149
27775,8.8272
27776,7.6609
27777,8.0981
27778,6.7112
27779,8.2101
27780,5.1384
27781,6.5076
27782,8.8122
27783,8.485
27784,5.8507
27785,7.6711
27786,7.092
27787,8.0922
27788,6.3468
27789,7.9032
27790,8.9525
27791,8.23
27792,7.7873
27793,7.6331
27794,7.5741
27795,8.1838
27796,7.116
27797,7.7949
27798,7.6373
27799,8.5536
27800,7.3361
27801,7.0985
27802,8.1026
27803,8.8715
27804,6.9992
27805,6.6841
27806,5.9452
27807,6.38
27808,7.5552
27809,7.4192
27810,9.8715
27811,8.0543
27812,9.3174
27813,6.0041
27814,8.6728
27815,7.2878
27816,9.6591
27817,9.7903
27818,8.0863
27819,7.6253
27820,7.3602
27821,7.1718
27822,8.9525
27823,9.6747
27824,7.2538
27825,5.8697
27826,8.9435
27827,7.764
27828,5.8527
27829,6.3302
27830,7.8267
27831,7.1822
27832,7.9226
27833,8.0889
27834,7.7809
27835,7.3358
27836,7.3204
27837,7.8023
27838,7.1541
27839,7.8172
27840,7.9485
27841,8.228
27842,6.0495
27843,8.2388
27844,7.5461
27845,7.7365
27846,6.1997
27847,5.9678
27848,6.5235
27849,7.0605
27850,6.4584
27851,8.7434
27852,9.5427
27853,7.0335
27854,9.0789
27855,8.8612
27856,8.9525
27857,8.328
27858,6.96
27859,7.7838
27860,7.5021
27861,9.3214
27862,7.8427
27863,3.043
27864,7.9268
27865,7.9583
27866,7.2238
27867,9.0678
27868,8.966
27869,7.7146
27870,9.0016
27871,8.2679
27872,4.7137
27873,8.3956
27874,8.1998
27875,7.8005
27876,7.7881
27877,8.194
27878,7.4646
27879,7.7538
27880,6.8941
27881,7.8374
27882,8.3392
27883,6.5292
27884,8.267
27885,7.7838
27886,7.1389
27887,7.8278
27888,5.7533
27889,8.9525
27890,7.5235
27891,9.524
27892,7.8518
27893,7.0724
27894,8.1426
27895,7.9407
27896,7.5235
27897,7.9654
27898,9.0133
27899,7.3964
27900,8.7091
27901,6.8024
27902,7.7838
27903,7.9311
27904,7.7371
27905,7.3457
27906,9.5156
27907,7.4739
27908,6.2657
27909,9.1898
27910,7.032
27911,6.9857
27912,7.6514
27913,8.6808
27914,6.9114
27915,8.2196
27916,7.7683
27917,6.7804
27918,5.3245
27919,7.3602
27920,8.9252
27921,7.3931
27922,7.7132
27923,7.5639
27924,6.7266
27925,5.6898
27926,9.1677
27927,6.275
27928,7.551
27929,8.043
27930,7.5078
27931,7.622
27932,8.8048
27933,8.137
27934,8.0575
27935,7.691
27936,9.4547
27937,8.3845
27938,9.6591
27939,8.3993
27940,7.5514
27941,7.1927
27942,6.6918
27943,9.019
27944,8.1714
27945,8.8195
27946,8.5429
27947,8.0194
27948,5.5844
27949,7.8607
27950,8.8272
27951,8.0181
27952,5.7608
27953,8.9525
27954,6.028
27955,7.1511
27956,8.9525
27957,7.589
27958,10.0
27959,7.8202
27960,7.6019
27961,8.5204
27962,8.1826
27963,5.7758
27964,8.8183
27965,8.1337
27966,7.2319
27967,5.7998
27968,7.3145
27969,5.1384
27970,7.5478
27971,7.3934
27972,6.7577
27973,7.4436
27974,8.1616
27975,8.4732
27976,7.0966
27977,7.8925
27978,7.9619
27979,9.2231
27980,7.3547
27981,8.2322
27982,8.5412
27983,7.5166
27984,8.5296
27985,7.8483
27986,7.8366
27987,6.1251
27988,7.0238
27989,7.6615
27990,7.4704
27991,8.1354
27992,9.6511
27993,6.7706
27994,8.2951
27995,6.0268
27996,9.0667
27997,8.158
27998,7.5987
27999,6.9384
28000,8.9525
28001,6.7446
28002,7.7938
28003,8.4811
28004,7.2688
28005,8.1159
28006,6.593
28007,6.8809
28008,6.0766
28009,7.8243
28010,8.9525
28011,8.1301
28012,7.2336
28013,8.9926
28014,6.499
28015,8.2667
28016,7.3686
28017,8.2074
28018,6.9652
28019,5.9101
28020,8.9525
28021,7.7838
28022,7.4632
28023,8.3721
28024,7.5235
28025,7.3566
28026,7.9695
28027,6.8537
28028,8.937
28029,8.9525
28030,8.2794
28031,7.3208
28032,7.2116
28033,9.625
28034,7.5603
28035,5.5343
28036,7.5647
28037,8.3449
28038,7.892
28039,9.2744
28040,5.1384
28041,8.176
28042,9.3063
28043,8.655
28044,7.7838
28045,8.1394
28046,6.6455
28047,8.6488
28048,8.607
28049,6.3391
28050,8.2317
28051,8.3609
28052,8.1689
28053,8.9525
28054,7.6114
28055,8.7163
28056,7.3661
28057,6.8279
28058,7.8837
28059,8.7503
28060,8.7109
28061,8.9464
28062,7.3325
28063,8.1492
28064,7.2299
28065,7.7617
28066,5.6636
28067,8.9926
28068,8.0914
28069,5.5124
28070,7.2405
28071,8.0321
28072,8.4752
28073,8.194
28074,7.7838
28075,8.1934
28076,9.295
28077,8.1272
28078,6.0303
28079,5.6245
28080,9.5153
28081,6.9289
28082,8.8797
28083,6.5886
28084,8.7493
28085,6.4246
28086,8.7091
28087,8.0063
28088,7.3602
28089,6.5027
28090,8.2413
28091,7.7965
28092,9.0818
28093,10.0
28094,9.4439
28095,7.4279
28096,7.5816
28097,7.4226
28098,8.386
28099,6.2583
28100,9.5591
28101,7.3602
28102,7.7838
28103,7.9954
28104,6.2242
28105,7.6002
28106,5.1384
28107,7.7838
28108,8.2048
28109,9.9544
28110,8.2052
28111,8.0658
28112,7.3602
28113,7.4993
28114,7.9007
28115,7.7838
28116,7.2383
28117,5.1384
28118,7.2706
28119,7.7683
28120,7.3612
28121,8.8658
28122,8.1859
28123,6.782
28124,8.7012
28125,7.7838
28126,9.1346
28127,8.4867
28128,7.5676
28129,7.2579
28130,7.5461
28131,8.3783
28132,7.1065
28133,7.3658
28134,7.8934
28135,7.7838
28136,8.1712
28137,6.773
28138,8.151
28139,7.6813
28140,7.3602
28141,8.2722
28142,7.6498
28143,8.9525
28144,8.6098
28145,6.9866
28146,7.337
28147,6.9503
28148,6.6885
28149,7.0544
28150,9.468
28151,8.7953
28152,9.5696
28153,5.8971
28154,6.8932
28155,8.0589
28156,6.6927
28157,7.8947
28158,7.4501
28159,4.6653
28160,8.1133
28161,7.4728
28162,7.177
28163,7.5143
28164,7.4945
28165,7.2519
28166,7.8977
28167,6.402
28168,7.5008
28169,7.8305
28170,8.8194
28171,7.764
28172,7.8087
28173,7.938
28174,7.815
28175,7.92
28176,5.9213
28177,5.2842
28178,9.196
28179,8.1876
28180,6.6483
28181,8.4732
28182,8.7091
28183,7.1305
28184,5.6956
28185,8.7248
28186,8.8503
28187,7.3602
28188,6.3541
28189,7.7282
28190,7.3238
28191,8.394
28192,8.4048
28193,7.3602
28194,8.3355
28195,8.1258
28196,7.5773
28197,6.6853
28198,7.7838
28199,7.975
28200,6.4344
28201,7.6643
28202,7.6851
28203,7.8783
28204,7.318
28205,7.1916
28206,9.7726
28207,7.5298
28208,7.7571
28209,8.1301
28210,8.0063
28211,6.9656
28212,8.4967
28213,7.5743
28214,7.1769
28215,7.3493
28216,7.0433
28217,5.4314
28218,8.1997
28219,7.0053
28220,7.6726
28221,8.5149
28222,6.4306
28223,8.6555
28224,7.3071
28225,9.2171
28226,7.8071
28227,6.9582
28228,7.3853
28229,8.361
28230,6.6933
28231,5.7285
28232,6.3498
28233,8.8072
28234,6.8406
28235,6.5819
28236,8.9524
28237,7.3959
28238,7.47
28239,6.3338
28240,7.4828
28241,7.7838
28242,9.1017
28243,7.8134
28244,9.2857
28245,7.8472
28246,7.2685
28247,8.7334
28248,8.9525
28249,6.8823
28250,5.5459
28251,7.3664
28252,6.9864
28253,6.4022
28254,5.1384
28255,7.6721
28256,7.2791
28257,9.3265
28258,6.7793
28259,8.2448
28260,8.9525
28261,8.9452
28262,9.2741
28263,7.3771
28264,8.7299
28265,6.2224
28266,7.2969
28267,8.476
28268,9.5994
28269,6.6463
28270,8.2852
28271,8.4756
28272,7.1154
28273,8.6461
28274,7.3927
28275,8.168
28276,6.9299
28277,6.0925
28278,7.8074
28279,7.563
28280,8.8381
28281,5.1384
28282,7.1205
28283,9.0473
28284,8.4601
28285,7.9564
28286,8.2786
28287,6.8019
28288,8.1816
28289,7.8937
28290,6.875
28291,9.6771
28292,8.8858
28293,6.8521
28294,5.4369
28295,6.4987
28296,9.3214
28297,8.7091
28298,9.0886
28299,6.8902
28300,7.8215
28301,8.3492
28302,5.724
28303,7.7718
28304,7.6355
28305,8.6439
28306,8.1675
28307,5.1384
28308,7.3602
28309,7.5184
28310,8.2257
28311,7.4361
28312,8.1312
28313,7.593
28314,8.1183
28315,6.1597
28316,7.6418
28317,8.3898
28318,8.3299
28319,5.9958
28320,6.0637
28321,8.4735
28322,8.3611
28323,7.5805
28324,7.7674
28325,8.9525
28326,7.1136
28327,6.2586
28328,8.286
28329,6.6265
28330,7.9791
28331,6.8937
28332,7.8017
28333,9.1803
28334,7.5327
28335,8.707
28336,8.3165
28337,7.7811
28338,8.9191
28339,6.9992
28340,8.7737
28341,8.4491
28342,5.5388
28343,7.3393
28344,5.7285
28345,8.7091
28346,8.492
28347,7.5235
28348,7.1965
28349,9.2498
28350,6.7802
28351,7.8656
28352,8.369
28353,6.9632
28354,8.7093
28355,7.7838
28356,6.2372
28357,7.4751
28358,7.7838
28359,8.9956
28360,6.9693
28361,5.7878
28362,8.8127
28363,7.2322
28364,7.7838
28365,7.0153
28366,8.0032
28367,7.093
28368,7.5898
28369,7.7485
28370,7.7063
28371,6.8405
28372,9.8624
28373,9.2097
28374,8.2786
28375,8.3665
28376,7.2991
28377,8.9836
28378,7.6805
28379,7.7838
28380,9.9512
28381,7.6107
28382,9.0319
28383,7.7838
28384,5.7285
28385,8.3019
28386,7.2583
28387,5.1384
28388,7.5506
28389,6.6421
28390,6.7904
28391,7.5487
28392,7.3602
28393,6.4856
28394,9.3214
28395,7.5643
28396,7.7838
28397,6.31
28398,5.5339
28399,8.398
28400,7.5501
28401,7.1798
28402,7.9026
28403,8.3792
28404,7.0002
28405,7.8134
28406,5.2842
28407,9.3214
28408,8.1014
28409,8.7699
28410,4.5264
28411,6.5025
28412,8.0558
28413,7.3184
28414,8.0056
28415,7.5594
28416,8.0559
28417,7.602
28418,5.7285
28419,8.5488
28420,7.9934
28421,6.699
28422,4.7892
28423,7.6236
28424,8.0768
28425,8.9525
28426,8.5296
28427,5.2842
28428,7.3602
28429,6.8491
28430,7.7071
28431,5.4541
28432,7.5571
28433,8.2301
28434,5.4631
28435,6.4584
28436,6.4613
28437,7.9981
28438,8.476
28439,7.731
28440,7.5508
28441,8.7091
28442,8.072
28443,7.2689
28444,8.9707
28445,8.7163
28446,7.206
28447,7.3602
28448,5.1384
28449,7.5547
28450,8.6196
28451,7.527
28452,7.1324
28453,8.5307
28454,7.297
28455,8.5982
28456,8.9525
28457,9.3557
28458,8.0134
28459,7.36
28460,6.6932
28461,9.1519
28462,7.5757
28463,8.937
28464,7.1066
28465,7.3517
28466,8.8372
28467,5.9926
28468,8.8072
28469,7.427
28470,4.883
28471,9.5696
28472,8.831
28473,7.3675
28474,7.8869
28475,9.3214
28476,8.1375
28477,8.7653
28478,6.7395
28479,6.6221
28480,7.7838
28481,8.6551
28482,6.7051
28483,7.1859
28484,8.5104
28485,7.427
28486,6.579
28487,5.9718
28488,8.0543
28489,7.5929
28490,6.1313
28491,8.428
28492,7.9834
28493,7.4112
28494,7.5021
28495,7.26
28496,7.1769
28497,7.1858
28498,7.9326
28499,5.6585
28500,5.398
28501,7.2319
28502,8.2762
28503,4.7795
28504,8.1291
28505,5.3227
28506,7.9616
28507,8.1785
28508,7.4311
28509,7.5967
28510,8.9525
28511,8.2362
28512,8.1421
28513,9.0256
28514,6.9656
28515,8.8937
28516,7.7503
28517,7.8409
28518,5.5967
28519,7.3162
28520,5.7878
28521,8.0906
28522,7.8185
28523,6.1606
28524,6.9574
28525,7.3926
28526,7.5235
28527,8.9525
28528,6.9649
28529,7.5501
28530,8.6056
28531,7.2292
28532,9.1803
28533,7.7474
28534,8.7685
28535,7.6199
28536,7.2499
28537,7.2394
28538,6.0341
28539,8.4727
28540,8.6283
28541,7.4297
28542,7.7914
28543,6.4052
28544,7.0687
28545,8.505
28546,8.4854
28547,8.1828
28548,8.3195
28549,7.6325
28550,6.9841
28551,8.8451
28552,8.1729
28553,8.274
28554,8.1495
28555,7.5366
28556,8.6121
28557,7.6002
28558,6.7751
28559,8.292
28560,7.7213
28561,6.0448
28562,7.9094
28563,9.6875
28564,6.9343
28565,7.0185
28566,6.2064
28567,8.2837
28568,7.7838
28569,7.1955
28570,7.6001
28571,9.2823
28572,9.8544
28573,7.9331
28574,7.5488
28575,8.823
28576,8.5322
28577,8.678
28578,7.6067
28579,7.7545
28580,6.1361
28581,6.9299
28582,8.1158
28583,7.3983
28584,3.7964
28585,7.3602
28586,5.2033
28587,6.7839
28588,7.9322
28589,5.2922
28590,8.6736
28591,7.7838
28592,6.4289
28593,8.1856
28594,8.0269
28595,7.1477
28596,5.1384
28597,8.0508
28598,5.8292
28599,8.9525
28600,9.0794
28601,6.6154
28602,8.1649
28603,8.9525
28604,7.9669
28605,8.1302
28606,7.3538
28607,7.4753
28608,8.9217
28609,9.3609
28610,7.1564
28611,7.7063
28612,8.2406
28613,7.3602
28614,6.3676
28615,5.929
28616,5.1384
28617,7.6948
28618,7.0958
28619,7.3357
28620,6.8341
28621,8.4534
28622,8.1546
28623,8.177
28624,7.2474
28625,8.9525
28626,8.7069
28627,7.4296
28628,7.7734
28629,6.561
28630,8.9124
28631,7.3602
28632,8.1061
28633,8.5879
28634,9.1301
28635,8.8929
28636,8.9525
28637,7.2872
28638,7.0805
28639,7.2395
28640,8.1714
28641,8.2933
28642,6.9026
28643,5.3593
28644,7.6383
28645,9.3519
28646,8.9525
28647,7.5991
28648,8.6846
28649,8.6553
28650,8.6566
28651,7.2706
28652,7.1504
28653,7.6649
28654,8.339
28655,6.7699
28656,8.1796
28657,7.8981
28658,8.2558
28659,6.9225
28660,8.614
28661,7.4276
28662,8.8939
28663,8.0165
28664,6.8226
28665,7.6026
28666,8.4369
28667,6.4254
28668,6.6249
28669,7.978
28670,5.2842
28671,7.155
28672,7.5465
28673,7.4651
28674,8.575
28675,8.3249
28676,9.7903
28677,6.281
28678,8.5268
28679,7.6714
28680,7.4773
28681,7.4783
28682,7.3294
28683,7.6026
28684,5.8977
28685,7.5222
28686,8.4583
28687,6.779
28688,7.8872
28689,7.7375
28690,5.7166
28691,7.7838
28692,6.4756
28693,7.1846
28694,8.3437
28695,8.0929
28696,8.225
28697,8.8627
28698,7.7954
28699,7.3602
28700,6.9211
28701,7.7521
28702,8.1522
28703,7.4501
28704,6.1778
28705,7.1297
28706,9.2251
28707,6.9119
28708,8.5106
28709,8.2331
28710,6.8457
28711,7.8953
28712,8.7319
28713,8.9525
28714,7.3602
28715,8.0638
28716,7.2876
28717,5.2509
28718,8.2731
28719,7.7838
28720,7.9645
28721,7.6609
28722,7.5637
28723,8.1057
28724,8.9352
28725,8.6474
28726,9.1627
28727,8.3733
28728,8.5677
28729,9.3129
28730,9.1055
28731,8.9525
28732,10.0
28733,7.8402
28734,8.5176
28735,8.3834
28736,8.5363
28737,8.0263
28738,7.3258
28739,7.7675
28740,7.7838
28741,8.3553
28742,8.3064
28743,7.3937
28744,7.6907
28745,7.5479
28746,8.2039
28747,7.7838
28748,6.0452
28749,8.9787
28750,7.6255
28751,9.7903
28752,6.9617
28753,6.8969
28754,7.828
28755,8.5895
28756,5.7285
28757,7.3763
28758,5.6407
28759,8.8154
28760,8.9452
28761,7.7838
28762,8.9525
28763,7.7756
28764,7.7338
28765,7.5539
28766,7.6555
28767,7.7838
28768,7.1754
28769,5.7387
28770,7.4247
28771,7.3808
28772,7.6208
28773,8.0703
28774,6.0996
28775,8.151
28776,8.189
28777,7.1769
28778,7.7628
28779,5.4369
28780,7.1769
28781,9.0868
28782,7.3384
28783,7.7176
28784,7.0041
28785,7.8468
28786,9.129
28787,7.5235
28788,7.3678
28789,7.6727
28790,7.8073
28791,6.4099
28792,5.1384
28793,6.8639
28794,6.8188
28795,7.1852
28796,7.8885
28797,8.4378
28798,6.708
28799,7.3526
28800,7.164
28801,8.2762
28802,8.9525
28803,8.6693
28804,8.7035
28805,8.8621
28806,8.7158
28807,7.6369
28808,7.3824
28809,8.0485
28810,7.7559
28811,8.5026
28812,7.6552
28813,8.2138
28814,7.0021
28815,7.49
28816,7.9101
28817,9.0761
28818,9.1546
28819,7.8702
28820,8.2844
28821,7.8937
28822,6.8992
28823,8.1714
28824,8.284
28825,9.0482
28826,9.1937
28827,7.26
28828,7.1916
28829,7.9665
28830,7.3499
28831,6.0688
28832,8.9452
28833,8.284
28834,7.3602
28835,7.7838
28836,5.4877
28837,9.1404
28838,4.8831
28839,9.1495
28840,7.6127
28841,7.1298
28842,8.6556
28843,8.643
28844,6.9189
28845,5.539
28846,5.38
28847,7.2312
28848,7.3168
28849,6.955
28850,7.9353
28851,8.9525
28852,9.6591
28853,8.9054
28854,7.765
28855,7.2606
28856,7.3953
28857,7.4919
28858,7.7307
28859,7.7838
28860,6.94
28861,8.3736
28862,7.8242
28863,6.3846
28864,7.281
28865,7.8953
28866,7.1411
28867,8.2239
28868,8.5067
28869,8.1236
28870,6.846
28871,6.5648
28872,7.6497
28873,6.9286
28874,6.9953
28875,7.3325
28876,8.0911
28877,7.8848
28878,8.2992
28879,9.0254
28880,7.3602
28881,5.6739
28882,9.2869
28883,6.8857
28884,5.4263
28885,7.3554
28886,8.0955
28887,8.1555
28888,6.6476
28889,5.1384
28890,8.6751
28891,8.8374
28892,6.4856
28893,8.9525
28894,8.6574
28895,8.7942
28896,6.8117
28897,7.4101
28898,7.0227
28899,7.1576
28900,8.8054
28901,5.8762
28902,7.7838
28903,6.9287
28904,7.7648
28905,7.4804
28906,7.9547
28907,8.0817
28908,7.5095
28909,8.6958
28910,7.5501
28911,7.523
28912,7.3261
28913,8.7788
28914,8.2754
28915,8.8812
28916,8.3614
28917,8.2644
28918,8.4118
28919,6.847
28920,8.278
28921,7.7695
28922,8.1414
28923,7.3828
28924,7.5841
28925,7.6665
28926,8.7538
28927,7.2578
28928,8.4929
28929,5.7984
28930,7.3602
28931,5.9876
28932,7.3602
28933,7.0558
28934,9.3063
28935,7.2299
28936,6.8254
28937,7.2426
28938,6.1381
28939,7.5693
28940,7.5235
28941,7.9787
28942,9.1676
28943,4.7199
28944,7.6988
28945,7.7838
28946,6.4634
28947,7.5715
28948,9.3214
28949,7.7241
28950,9.2235
28951,10.0
28952,6.9527
28953,7.3602
28954,7.6457
28955,7.3602
28956,7.2196
28957,6.5933
28958,7.26
28959,6.8823
28960,7.5109
28961,6.5232
28962,7.9325
28963,9.356
28964,6.8125
28965,6.3012
28966,7.3581
28967,7.7126
28968,8.0296
28969,8.9525
28970,7.0155
28971,7.9516
28972,6.0722
28973,7.0757
28974,8.6833
28975,8.3919
28976,7.8132
28977,7.563
28978,6.8235
28979,6.0645
28980,6.8562
28981,7.2194
28982,8.2855
28983,8.1354
28984,6.736
28985,7.2094
28986,8.7084
28987,9.6528
28988,8.5945
28989,6.9561
28990,8.2861
28991,7.1635
28992,9.0835
28993,7.3602
28994,7.9742
28995,7.2706
28996,10.0
28997,5.6636
28998,7.3206
28999,6.7993
29000,7.4024
29001,8.7556
29002,7.9128
29003,7.5319
29004,7.6955
29005,9.4785
29006,7.8759
29007,8.1714
29008,4.9244
29009,6.9841
29010,8.0982
29011,7.5021
29012,5.1384
29013,9.4947
29014,8.3901
29015,5.8513
29016,6.6215
29017,8.3492
29018,7.3602
29019,7.5235
29020,7.0012
29021,7.3602
29022,7.4966
29023,9.0569
29024,6.5902
29025,6.5549
29026,7.7683
29027,8.1111
29028,7.781
29029,7.9663
29030,8.9525
29031,8.1534
29032,8.1742
29033,7.2982
29034,8.5161
29035,9.1922
29036,5.6172
29037,9.3146
29038,8.1512
29039,9.4637
29040,9.526
29041,8.1714
29042,5.1384
29043,6.0495
29044,5.3419
29045,5.7912
29046,7.7838
29047,7.8789
29048,7.878
29049,7.0016
29050,5.2842
29051,7.1278
29052,7.724
29053,9.7433
29054,7.7056
29055,8.6342
29056,7.6205
29057,7.9792
29058,7.8684
29059,7.6488
29060,7.082
29061,6.2357
29062,7.3905
29063,8.0275
29064,8.2694
29065,9.5001
29066,8.191
29067,8.994
29068,6.1291
29069,8.7788
29070,7.1114
29071,10.0
29072,8.9525
29073,7.3423
29074,8.4924
29075,7.0737
29076,6.4835
29077,5.9204
29078,4.9174
29079,7.364
29080,6.2372
29081,8.3162
29082,7.7838
29083,8.5667
29084,7.5235
29085,8.0295
29086,7.871
29087,8.4717
29088,7.1893
29089,8.573
29090,8.3051
29091,6.8864
29092,6.5638
29093,8.3897
29094,8.6039
29095,7.5235
29096,8.7919
29097,6.3904
29098,9.5679
29099,6.8843
29100,7.7838
29101,9.5081
29102,8.2997
29103,7.7838
29104,7.736
29105,8.4527
29106,7.1908
29107,7.3602
29108,7.9922
29109,7.8565
29110,8.7817
29111,7.8761
29112,8.4999
29113,7.3602
29114,6.8542
29115,8.1178
29116,8.3704
29117,7.6598
29118,8.4185
29119,3.775
29120,8.1023
29121,7.3921
29122,8.267
29123,7.9704
29124,7.5011
29125,7.0268
29126,8.3339
29127,7.094
29128,8.3925
29129,7.0873
29130,7.5474
29131,7.1769
29132,9.3255
29133,8.6248
29134,6.4366
29135,7.5158
29136,9.0572
29137,7.6433
29138,8.483
29139,8.3861
29140,8.8072
29141,9.5153
29142,9.7192
29143,8.302
29144,8.9525
29145,7.3013
29146,8.5425
29147,9.9437
29148,8.9525
29149,7.8953
29150,7.2621
29151,7.6873
29152,5.8718
29153,8.5137
29154,4.8688
29155,7.9467
29156,7.5619
29157,8.0314
29158,8.1967
29159,8.4891
29160,8.6795
29161,7.0172
29162,6.733
29163,9.2371
29164,8.6234
29165,6.3869
29166,7.5024
29167,8.9525
29168,7.5752
29169,8.0321
29170,7.3864
29171,9.6188
29172,7.9296
29173,5.0841
29174,6.8018
29175,6.8874
29176,8.0328
29177,9.7049
29178,8.9048
29179,4.9748
29180,7.5649
29181,7.477
29182,7.8073
29183,8.0533
29184,7.4329
29185,5.1384
29186,8.4268
29187,8.2313
29188,8.9199
29189,8.4778
29190,8.9525
29191,5.4239
29192,5.7757
29193,7.5025
29194,5.7984
29195,4.9104
29196,6.6198
29197,6.9685
29198,7.7838
29199,8.9048
29200,9.3063
29201,8.9151
29202,8.2762
29203,8.016
29204,7.6029
29205,7.399
29206,8.3736
29207,7.148
29208,7.1666
29209,8.9525
29210,6.1895
29211,7.6614
29212,7.8217
29213,8.3387
29214,8.3419
29215,7.5413
29216,7.1209
29217,7.5263
29218,7.1696
29219,7.6089
29220,8.8316
29221,8.0047
29222,8.9525
29223,7.3248
29224,7.7327
29225,8.9525
29226,7.8089
29227,8.54
29228,7.5902
29229,8.2962
29230,6.7325
29231,7.2742
29232,7.7838
29233,8.466
29234,7.4006
29235,7.3925
29236,7.9301
29237,7.8545
29238,4.3737
29239,6.2586
29240,7.405
29241,8.9525
29242,8.3668
29243,7.7951
29244,7.4809
29245,7.5575
29246,8.8816
29247,8.9525
29248,5.9109
29249,5.1384
29250,7.3208
29251,7.5572
29252,8.1849
29253,7.7756
29254,5.1384
29255,7.092
29256,8.0541
29257,7.2682
29258,5.7285
29259,8.3141
29260,7.4693
29261,8.4595
29262,7.212
29263,5.6669
29264,7.2235
29265,7.4783
29266,5.7285
29267,6.5125
29268,9.221
29269,7.0837
29270,5.7666
29271,7.479
29272,7.7838
29273,8.8315
29274,5.1958
29275,8.8052
29276,7.934
29277,8.6217
29278,7.9643
29279,8.3563
29280,8.6389
29281,7.204
29282,8.5975
29283,7.5738
29284,6.5989
29285,7.2247
29286,9.2421
29287,7.327
29288,7.5584
29289,7.4666
29290,6.8833
29291,7.3849
29292,7.7838
29293,8.9525
29294,7.3624
29295,7.8062
29296,6.9431
29297,8.0163
29298,7.1875
29299,7.7683
29300,8.9525
29301,7.2405
29302,7.7253
29303,7.9553
29304,8.6939
29305,7.8593
29306,6.215
29307,7.7838
29308,7.3602
29309,7.9319
29310,7.1514
29311,7.6626
29312,7.1482
29313,6.1439
29314,7.0565
29315,7.7506
29316,6.7858
29317,8.4784
29318,5.6585
29319,8.1361
29320,6.7972
29321,3.876
29322,8.4384
29323,8.0338
29324,8.9452
29325,8.9525
29326,8.3119
29327,7.7838
29328,7.8553
29329,8.3445
29330,7.7838
29331,8.4574
29332,6.4745
29333,9.3214
29334,8.0839
29335,7.7838
29336,8.2048
29337,8.9525
29338,8.9046
29339,5.6652
29340,7.7322
29341,7.7838
29342,7.3602
29343,8.9525
29344,9.0064
29345,7.7659
29346,7.4322
29347,7.2663
29348,6.7224
29349,5.6108
29350,8.0064
29351,8.2469
29352,8.7474
29353,4.6915
29354,7.4615
29355,6.6463
29356,7.6597
29357,5.1384
29358,8.7509
29359,5.7285
29360,8.4316
29361,7.7212
29362,7.7459
29363,7.7838
29364,7.2918
29365,7.7838
29366,7.5645
29367,7.921
29368,6.803
29369,6.6874
29370,4.0261
29371,7.7214
29372,6.9211
29373,8.934
29374,9.1529
29375,9.7296
29376,8.3016
29377,7.6837
29378,8.6971
29379,7.5805
29380,7.9709
29381,7.7552
29382,6.2311
29383,7.4442
29384,7.3648
29385,6.9299
29386,7.8242
29387,8.0084
29388,7.7838
29389,10.0
29390,8.5054
29391,8.2006
29392,7.0077
29393,7.0675
29394,6.3696
29395,8.2621
29396,8.267
29397,8.0559
29398,5.2842
29399,9.1299
29400,7.7842
29401,7.8162
29402,6.7633
29403,7.3602
29404,7.2604
29405,6.8259
29406,9.4304
29407,7.981
29408,7.0895
29409,7.3389
29410,7.7206
29411,9.3214
29412,7.5604
29413,7.2902
29414,9.6252
29415,7.8247
29416,8.0481
29417,8.6954
29418,7.9458
29419,8.4358
29420,8.3736
29421,7.4154
29422,7.2878
29423,9.1781
29424,6.2915
29425,8.9663
29426,6.6552
29427,8.0798
29428,7.8134
29429,6.9561
29430,7.7735
29431,7.137
29432,6.4536
29433,8.6269
29434,8.1875
29435,8.3832
29436,7.9306
29437,9.2288
29438,7.5235
29439,5.2842
29440,6.8603
29441,6.7355
29442,8.284
29443,9.14
29444,7.1769
29445,7.2792
29446,6.8992
29447,9.1077
29448,7.26
29449,8.3468
29450,7.6947
29451,6.6667
29452,7.4172
29453,7.5927
29454,7.4218
29455,6.8777
29456,9.7049
29457,5.5064
29458,8.7163
29459,8.9525
29460,7.5035
29461,9.5153
29462,7.3602
29463,7.7819
29464,4.7583
29465,7.1745
29466,8.3015
29467,8.7549
29468,7.3605
29469,9.0132
29470,7.7485
29471,7.26
29472,7.3955
29473,6.993
29474,6.8768
29475,7.3459
29476,8.0235
29477,9.3974
29478,6.8772
29479,7.7721
29480,7.8913
29481,6.8328
29482,7.1831
29483,7.7902
29484,7.2276
29485,8.1049
29486,7.5837
29487,8.0685
29488,6.7184
29489,8.5768
29490,6.8405
29491,6.2155
29492,7.3602
29493,7.5972
29494,7.7838
29495,7.1983
29496,7.4226
29497,7.6101
29498,7.679
29499,8.0511
29500,7.9605
29501,5.9616
29502,8.1742
29503,8.9541
29504,8.2448
29505,7.7838
29506,9.451
29507,8.9767
29508,7.2217
29509,7.3658
29510,7.6509
29511,7.2664
29512,7.4975
29513,7.7418
29514,7.3406
29515,6.3975
29516,8.4565
29517,6.9521
29518,10.0
29519,7.1964
29520,7.8352
29521,7.7428
29522,7.6799
29523,8.9525
29524,7.7214
29525,7.5235
29526,8.0182
29527,7.3602
29528,7.9432
29529,8.6439
29530,8.916
29531,6.7804
29532,8.1621
29533,7.9991
29534,7.5988
29535,8.0056
29536,8.5243
29537,5.1384
29538,8.3099
29539,8.0769
29540,7.7785
29541,7.3602
29542,9.0392
29543,5.4212
29544,7.9311
29545,9.0973
29546,7.065
29547,7.8556
29548,7.7683
29549,7.7457
29550,7.4828
29551,7.8684
29552,7.6914
29553,7.7838
29554,8.0978
29555,4.8086
29556,7.4523
29557,8.9525
29558,7.4163
29559,7.7838
29560,7.7838
29561,8.9525
29562,8.3099
29563,7.1129
29564,8.0538
29565,8.7531
29566,7.0061
29567,6.9211
29568,6.6448
29569,6.4324
29570,8.1578
29571,7.26
29572,5.1384
29573,6.6549
29574,8.3284
29575,7.5542
29576,6.0313
29577,7.7838
29578,6.776
29579,6.9492
29580,9.8032
29581,8.4724
29582,8.0334
29583,6.9354
29584,8.4909
29585,9.6188
29586,8.9452
29587,7.9181
29588,7.3602
29589,8.7091
29590,7.803
29591,8.54
29592,8.533
29593,7.8228
29594,7.6509
29595,7.3602
29596,5.2842
29597,8.6304
29598,9.1112
29599,7.5117
29600,7.3827
29601,7.5602
29602,7.206
29603,8.5731
29604,8.1308
29605,5.2804
29606,7.3332
29607,7.3602
29608,7.5457
29609,7.4396
29610,7.904
29611,7.5235
29612,8.0224
29613,7.8652
29614,7.639
29615,7.2259
29616,7.8922
29617,8.0982
29618,7.3745
29619,7.7234
29620,8.363
29621,6.3778
29622,6.1343
29623,8.6762
29624,8.5713
29625,8.378
29626,8.5712
29627,7.6973
29628,7.5799
29629,8.2714
29630,8.1846
29631,8.9525
29632,7.4415
29633,9.3214
29634,7.2242
29635,8.207
29636,6.9656
29637,8.9452
29638,8.9468
29639,4.9444
29640,7.6727
29641,8.0748
29642,7.4
29643,6.2219
29644,9.4731
29645,7.7244
29646,8.4724
29647,7.6784
29648,7.7838
29649,8.7051
29650,7.034
29651,7.7838
29652,9.1966
29653,7.3602
29654,9.2328
29655,7.7838
29656,8.4317
29657,7.5562
29658,5.7285
29659,9.0046
29660,4.8607
29661,7.9363
29662,8.9525
29663,7.6778
29664,7.2415
29665,8.309
29666,6.9955
29667,8.2235
29668,8.0941
29669,7.8249
29670,7.059
29671,7.3845
29672,9.315
29673,8.3069
29674,5.9232
29675,8.0363
29676,6.1724
29677,7.6304
29678,8.0331
29679,8.9475
29680,9.4913
29681,5.1384
29682,7.5711
29683,8.3099
29684,8.1221
29685,6.944
29686,10.0
29687,9.3214
29688,7.5068
29689,7.7838
29690,8.0463
29691,8.3621
29692,9.5153
29693,8.3242
29694,6.5029
29695,7.7838
29696,6.6145
29697,8.764
29698,7.6857
29699,7.4585
29700,7.3382
29701,8.244
29702,6.5829
29703,7.3383
29704,9.4868
29705,9.4388
29706,7.6448
29707,7.7684
29708,8.9525
29709,6.9525
29710,5.1263
29711,7.1666
29712,8.9525
29713,7.7683
29714,6.8136
29715,8.2362
29716,7.4397
29717,6.8768
29718,8.0773
29719,7.2913
29720,6.2961
29721,6.9992
29722,7.7838
29723,6.9884
29724,7.9308
29725,8.0352
29726,7.6612
29727,7.8473
29728,8.9452
29729,9.5994
29730,7.9764
29731,8.6047
29732,9.3315
29733,7.7838
29734,5.7257
29735,7.518
29736,7.26
29737,7.1748
29738,7.2786
29739,6.7145
29740,8.3256
29741,7.8349
29742,8.284
29743,8.9525
29744,7.4766
29745,7.8476
29746,6.1437
29747,6.0077
29748,7.3171
29749,7.8425
29750,7.5051
29751,9.1148
29752,7.7838
29753,9.103
29754,7.5235
29755,6.8676
29756,8.7377
29757,7.3925
29758,7.1323
29759,8.1426
29760,8.1644
29761,7.2305
29762,7.075
29763,7.3533
29764,6.985
29765,6.6897
29766,8.9032
29767,8.2167
29768,6.2705
29769,7.7725
29770,4.5012
29771,7.772
29772,7.9822
29773,7.9842
29774,6.8408
29775,6.9604
29776,7.7935
29777,6.9846
29778,8.9525
29779,5.1279
29780,5.1384
29781,7.6898
29782,7.7838
29783,8.4394
29784,6.3136
29785,7.3155
29786,8.1581
29787,7.1814
29788,4.3737
29789,7.7683
29790,8.3784
29791,8.1995
29792,8.7915
29793,6.8833
29794,7.7838
29795,5.5718
29796,7.6634
29797,8.3142
29798,7.134
29799,9.3008
29800,6.9238
29801,6.8408
29802,7.3284
29803,8.0483
29804,8.7109
29805,8.659
29806,8.9525
29807,8.1669
29808,8.4856
29809,8.9452
29810,8.3646
29811,7.8553
29812,8.0397
29813,7.4783
29814,7.3399
29815,6.8448
29816,7.9109
29817,7.728
29818,6.2571
29819,6.8536
29820,7.5816
29821,7.8693
29822,9.3214
29823,7.6116
29824,6.8717
29825,8.2047
29826,6.4584
29827,7.9983
29828,6.8402
29829,7.6897
29830,8.1843
29831,8.267
29832,7.6097
29833,7.7838
29834,7.5461
29835,8.1248
29836,8.0851
29837,8.1181
29838,8.1697
29839,7.4634
29840,6.5109
29841,8.0567
29842,7.1579
29843,6.3021
29844,8.1336
29845,6.6078
29846,6.7778
29847,4.2975
29848,7.8062
29849,9.6476
29850,8.0468
29851,6.4667
29852,7.533
29853,8.3383
29854,8.9316
29855,9.5374
29856,6.7024
29857,7.4782
29858,5.1384
29859,7.1637
29860,8.0685
29861,8.9525
29862,7.6026
29863,7.093
29864,7.389
29865,8.4674
29866,7.1903
29867,7.8254
29868,7.2935
29869,6.7912
29870,7.6407
29871,7.9207
29872,9.8196
29873,9.0951
29874,7.332
29875,6.2266
29876,8.9687
29877,6.7893
29878,7.3809
29879,5.1384
29880,8.7348
29881,7.7838
29882,6.2078
29883,7.4926
29884,7.3859
29885,8.5931
29886,8.5182
29887,7.7838
29888,7.3926
29889,6.3263
29890,8.2648
29891,7.7053
29892,8.0329
29893,7.3602
29894,7.0515
29895,7.1741
29896,7.1332
29897,6.7506
29898,8.2674
29899,7.2121
29900,7.9014
29901,7.3602
29902,8.2811
29903,7.5175
29904,7.1575
29905,6.8709
29906,8.284
29907,8.994
29908,7.7127
29909,6.9567
29910,7.362
29911,8.9525
29912,7.4138
29913,8.8758
29914,8.0063
29915,8.4442
29916,6.591
29917,8.0239
29918,8.7091
29919,7.141
29920,7.1635
29921,8.6954
29922,7.8702
29923,7.39
29924,9.0406
29925,9.3752
29926,7.3602
29927,7.9644
29928,7.117
29929,7.7838
29930,8.2155
29931,7.6506
29932,7.0781
29933,7.7063
29934,7.7724
29935,7.3602
29936,8.3934
29937,7.2158
29938,9.2009
29939,7.8937
29940,7.427
29941,9.4703
29942,9.3874
29943,7.3831
29944,7.1067
29945,7.2741
29946,6.8631
29947,8.3538
29948,8.1579
29949,7.6692
29950,9.9712
29951,8.5339
29952,7.1885
29953,8.6321
29954,8.4698
29955,8.7941
29956,6.4448
29957,5.7285
29958,5.5686
29959,4.6462
29960,7.1443
29961,7.8556
29962,8.306
29963,7.6052
29964,8.5816
29965,7.4237
29966,7.5235
29967,7.7838
29968,7.26
29969,5.8438
29970,9.1183
29971,7.3602
29972,8.9525
29973,7.0812
29974,9.3214
29975,7.7838
29976,6.2657
29977,8.2794
29978,6.0465
29979,8.3295
29980,7.3031
29981,8.9525
29982,7.8761
29983,6.9846
29984,5.8737
29985,7.8068
29986,7.84
29987,7.7838
29988,6.7425
29989,7.3122
29990,7.9024
29991,7.4402
29992,8.1639
29993,5.2455
29994,7.6269
29995,7.8537
29996,7.5132
29997,5.6538
29998,7.1337
29999,6.3353
30000,7.3602
30001,8.0931
30002,5.069
30003,8.5364
30004,5.7285
30005,6.6196
30006,7.5219
30007,6.2435
30008,7.7492
30009,9.1403
30010,6.8734
30011,7.4411
30012,8.136
30013,8.4037
30014,7.4214
30015,8.6705
30016,6.3086
30017,7.7648
30018,6.9697
30019,7.3602
30020,7.5579
30021,8.3865
30022,9.1397
30023,7.5753
30024,7.6692
30025,9.3244
30026,7.9268
30027,6.4641
30028,6.3315
30029,7.4304
30030,6.4834
30031,8.4196
30032,8.6663
30033,8.5296
30034,7.4817
30035,6.5394
30036,6.5771
30037,7.0901
30038,6.3458
30039,7.728
30040,7.8146
30041,8.3121
30042,7.7838
30043,8.331
30044,8.1988
30045,7.5219
30046,7.6704
30047,8.239
30048,7.2423
30049,7.5442
30050,7.7838
30051,8.1921
30052,7.5919
30053,7.1291
30054,6.7609
30055,7.7656
30056,8.6675
30057,8.7703
30058,8.2317
30059,7.7546
30060,8.781
30061,6.2314
30062,7.3602
30063,6.9299
30064,5.9468
30065,7.7639
30066,7.1227
30067,7.3031
30068,7.7838
30069,7.1765
30070,7.7083
30071,8.4152
30072,7.0573
30073,4.7891
30074,4.7825
30075,7.5235
30076,6.6605
30077,9.2627
30078,7.3602
30079,9.4677
30080,7.9038
30081,7.405
30082,7.2993
30083,7.9259
30084,7.4952
30085,9.7433
30086,7.6692
30087,5.8102
30088,8.9525
30089,9.0455
30090,8.4766
30091,7.9889
30092,7.3122
30093,7.4165
30094,7.963
30095,7.3344
30096,7.3028
30097,7.5114
30098,7.4092
30099,7.8352
30100,8.9525
30101,6.8408
30102,7.5209
30103,8.9525
30104,9.2436
30105,7.8477
30106,6.6629
30107,8.3897
30108,7.7838
30109,7.1522
30110,8.1742
30111,8.101
30112,5.7211
30113,7.3571
30114,8.383
30115,8.4281
30116,8.9022
30117,6.4833
30118,8.9525
30119,8.2959
30120,8.4985
30121,7.3543
30122,6.8638
30123,8.9525
30124,7.9203
30125,8.7624
30126,7.7838
30127,8.181
30128,8.0789
30129,8.0404
30130,5.2842
30131,9.3214
30132,7.7734
30133,7.6159
30134,9.0772
30135,7.8513
30136,7.3303
30137,7.7683
30138,7.7975
30139,8.191
30140,7.6066
30141,6.6114
30142,8.3897
30143,9.4859
30144,7.094
30145,7.2789
30146,7.783
30147,6.6283
30148,7.6747
30149,6.6295
30150,7.7838
30151,9.3214
30152,7.6606
30153,7.3602
30154,7.7838
30155,7.6692
30156,7.6973
30157,4.8857
30158,8.4004
30159,7.6692
30160,8.5735
30161,8.4158
30162,8.7648
30163,7.3602
30164,7.3469
30165,7.3013
30166,9.3426
30167,6.1762
30168,6.9299
30169,7.7327
30170,8.1866
30171,7.7557
30172,7.1067
30173,6.6463
30174,5.8773
30175,6.3265
30176,7.9755
30177,8.1591
30178,8.7473
30179,8.3984
30180,8.8528
30181,7.6393
30182,9.4654
30183,8.1729
30184,8.0528
30185,7.4818
30186,7.6973
30187,9.5153
30188,7.4443
30189,7.8549
30190,8.1796
30191,7.1323
30192,8.0208
30193,5.1994
30194,7.8798
30195,7.0563
30196,7.7631
30197,7.7838
30198,6.4131
30199,6.0776
30200,7.3602
30201,5.2888
30202,6.6018
30203,9.2264
30204,8.9452
30205,7.5984
30206,8.5296
30207,7.5443
30208,8.1836
30209,7.6643
30210,7.0003
30211,8.9525
30212,6.7239
30213,8.5286
30214,8.4149
30215,7.0712
30216,6.965
30217,8.3071
30218,7.7054
30219,7.4563
30220,8.2105
30221,8.6256
30222,7.4589
30223,8.2431
30224,8.7091
30225,6.7784
30226,6.8431
30227,6.9301
30228,8.1122
30229,8.5183
30230,8.2923
30231,7.2291
30232,6.3988
30233,6.5565
30234,5.8526
30235,7.5475
30236,7.4606
30237,8.2402
30238,8.038
30239,7.2504
30240,7.9311
30241,6.8418
30242,9.1971
30243,6.7274
30244,7.7683
30245,9.2149
30246,8.4997
30247,7.4571
30248,7.7838
30249,7.0626
30250,8.1631
30251,8.521
30252,8.9525
30253,6.864
30254,7.4382
30255,8.1366
30256,9.6489
30257,7.7676
30258,8.1368
30259,7.5131
30260,7.2061
30261,7.7915
30262,7.7838
30263,7.5818
30264,6.9194
30265,8.7942
30266,5.1384
30267,8.5153
30268,7.7838
30269,5.1384
30270,7.6228
30271,8.5081
30272,7.8524
30273,7.2706
30274,7.6117
30275,7.9302
30276,8.0008
30277,5.1899
30278,6.8599
30279,6.1808
30280,9.8038
30281,7.3602
30282,8.1865
30283,9.3749
30284,8.0253
30285,7.9473
30286,7.6321
30287,9.0324
30288,8.4644
30289,7.9923
30290,8.4069
30291,7.9051
30292,8.8272
30293,8.175
30294,7.9378
30295,5.6546
30296,7.9396
30297,9.1971
30298,4.9864
30299,7.9519
30300,7.8411
30301,8.0776
30302,8.5333
30303,7.4728
30304,5.9468
30305,7.0968
30306,8.5834
30307,8.9987
30308,6.7208
30309,7.4313
30310,6.3796
30311,8.1491
30312,9.0679
30313,7.477
30314,8.4838
30315,8.7105
30316,7.8073
30317,8.6912
30318,8.2674
30319,9.1727
30320,7.4988
30321,7.4068
30322,7.7838
30323,7.1461
30324,9.3214
30325,8.4269
30326,7.2907
30327,7.8227
30328,7.7838
30329,7.7227
30330,9.7083
30331,7.4665
30332,7.1784
30333,7.6412
30334,7.4113
30335,5.6585
30336,5.0228
30337,8.396
30338,8.6458
30339,7.3387
30340,8.8434
30341,8.6821
30342,7.8073
30343,6.8465
30344,8.0351
30345,7.8574
30346,7.8894
30347,8.3604
30348,4.9174
30349,8.277
30350,8.0234
30351,5.7286
30352,5.1227
30353,5.361
30354,7.6775
30355,5.3821
30356,9.0291
30357,7.7032
30358,7.2607
30359,8.2609
30360,8.1811
30361,7.7144
30362,8.9525
30363,7.5721
30364,8.2497
30365,6.2583
30366,7.7809
30367,8.7129
30368,9.2078
30369,8.5251
30370,8.0026
30371,7.3782
30372,6.708
30373,7.7838
30374,8.4196
30375,7.3579
30376,6.3717
30377,7.7686
30378,8.0736
30379,6.9117
30380,8.3792
30381,8.9525
30382,7.3602
30383,7.0358
30384,8.9525
30385,7.5013
30386,8.9696
30387,8.0311
30388,8.3171
30389,8.9525
30390,8.0474
30391,7.3609
30392,7.5272
30393,8.0122
30394,8.8222
30395,8.5208
30396,8.126
30397,9.0624
30398,7.7838
30399,7.2991
30400,7.9634
30401,7.1822
30402,6.7333
30403,7.7838
30404,7.3487
30405,7.1435
30406,8.7028
30407,7.3602
30408,7.8592
30409,7.6604
30410,7.1287
30411,7.31
30412,8.3605
30413,7.3602
30414,7.8854
30415,8.9525
30416,5.6585
30417,8.2546
30418,6.9299
30419,8.8828
30420,7.8084
30421,7.7572
30422,7.7838
30423,8.2786
30424,6.3803
30425,6.7242
30426,8.5468
30427,7.8831
30428,7.7164
30429,8.9525
30430,6.4947
30431,7.4189
30432,6.576
30433,7.3352
30434,8.7976
30435,6.5999
30436,7.3075
30437,4.3737
30438,8.1124
30439,6.8121
30440,7.5235
30441,7.9103
30442,6.2586
30443,7.3504
30444,7.1604
30445,7.5235
30446,8.1579
30447,8.267
30448,7.6177
30449,8.541
30450,8.5192
30451,7.3184
30452,6.6441
30453,8.3792
30454,7.7838
30455,7.5452
30456,8.4021
30457,7.7838
30458,6.8019
30459,5.5844
30460,7.3301
30461,7.8395
30462,6.8801
30463,7.6006
30464,7.7118
30465,8.1509
30466,7.899
30467,7.961
30468,8.2212
30469,8.3854
30470,6.9272
30471,7.4087
30472,7.5947
30473,7.8095
30474,7.8665
30475,8.9525
30476,4.6738
30477,5.8086
30478,8.5044
30479,8.3605
30480,5.1384
30481,7.5298
30482,7.3602
30483,8.854
30484,7.8614
30485,7.8666
30486,7.8156
30487,7.1267
30488,7.5501
30489,7.967
30490,8.0822
30491,7.2207
30492,9.1101
30493,8.0899
30494,6.0409
30495,7.4257
30496,7.0708
30497,9.4979
30498,7.3485
30499,6.8183
30500,5.1384
30501,7.8225
30502,7.3602
30503,7.7683
30504,8.8816
30505,7.1754
30506,6.3118
30507,7.7213
30508,7.9385
30509,8.4528
30510,7.9047
30511,7.8801
30512,8.9525
30513,6.9299
30514,7.7838
30515,8.2274
30516,7.3742
30517,6.9125
30518,7.2673
30519,7.3602
30520,7.8449
30521,5.1384
30522,8.1583
30523,7.0601
30524,7.3274
30525,7.6753
30526,8.1176
30527,9.5696
30528,7.3036
30529,7.3602
30530,7.3193
30531,8.9525
30532,7.3606
30533,8.0321
30534,8.3099
30535,8.1868
30536,7.9661
30537,7.4572
30538,9.3333
30539,8.9285
30540,7.7838
30541,6.5959
30542,7.8203
30543,7.7602
30544,7.8702
30545,7.0803
30546,6.1363
30547,8.1584
30548,7.354
30549,7.3897
30550,7.1859
30551,8.073
30552,8.9525
30553,7.9372
30554,7.3603
30555,7.7982
30556,7.2201
30557,5.2842
30558,8.6551
30559,8.4615
30560,5.2842
30561,6.7923
30562,8.4654
30563,6.4373
30564,7.0452
30565,6.3623
30566,7.9458
30567,8.847
30568,9.506
30569,7.6904
30570,6.3505
30571,8.1236
30572,8.2612
30573,8.6769
30574,6.9541
30575,7.605
30576,8.949
30577,7.9326
30578,7.5837
30579,7.5235
30580,9.1774
30581,6.2157
30582,6.0145
30583,9.3214
30584,8.1238
30585,7.0294
30586,7.7838
30587,8.5315
30588,5.9954
30589,7.573
30590,9.2048
30591,8.4144
30592,7.7262
30593,6.4027
30594,8.9285
30595,8.5296
30596,8.6834
30597,6.9546
30598,9.792
30599,7.8073
30600,7.9432
30601,6.143
30602,7.6831
30603,7.1625
30604,7.9857
30605,8.7808
30606,8.3672
30607,8.0523
30608,7.4036
30609,8.244
30610,5.4263
30611,7.1256
30612,7.034
30613,7.8313
30614,7.8961
30615,7.8102
30616,6.6806
30617,7.4944
30618,7.5201
30619,7.4701
30620,4.9174
30621,4.3737
30622,8.9974
30623,7.5424
30624,6.1398
30625,8.122
30626,8.3897
30627,7.3602
30628,7.8783
30629,7.747
30630,7.2322
30631,5.7285
30632,7.7385
30633,8.8883
30634,7.7776
30635,5.4505
30636,7.576
30637,8.3652
30638,5.1384
30639,7.7838
30640,9.2993
30641,6.6166
30642,9.3214
30643,7.1511
30644,5.1384
30645,5.8429
30646,8.9525
30647,5.1384
30648,7.7838
30649,6.6035
30650,7.6339
30651,7.2606
30652,7.8372
30653,6.3981
30654,7.7838
30655,6.8996
30656,6.8052
30657,8.0263
30658,7.8056
30659,7.7838
30660,5.4444
30661,8.9525
30662,7.3602
30663,7.5531
30664,7.3387
30665,7.7673
30666,7.0934
30667,7.094
30668,8.1572
30669,6.7062
30670,5.1384
30671,8.4273
30672,7.5219
30673,7.0623
30674,8.5789
30675,7.6926
30676,7.8105
30677,8.5522
30678,8.9525
30679,6.8776
30680,7.5235
30681,6.5236
30682,8.8134
30683,9.0933
30684,8.1921
30685,7.553
30686,9.6449
30687,9.0339
30688,9.3063
30689,8.9013
30690,7.5853
30691,7.5235
30692,7.7429
30693,6.3474
30694,9.1538
30695,7.8051
30696,8.0019
30697,7.7602
30698,7.749
30699,7.7264
30700,6.8158
30701,5.4955
30702,7.4265
30703,7.8761
30704,7.879
30705,7.1549
30706,8.4118
30707,7.0608
30708,7.7838
30709,5.2326
30710,6.4079
30711,7.5235
30712,7.3602
30713,8.8184
30714,8.0212
30715,7.2839
30716,8.9525
30717,7.3909
30718,7.7496
30719,8.937
30720,8.4768
30721,6.828
30722,7.4483
30723,8.9525
30724,8.174
30725,8.3491
30726,7.7102
30727,6.6641
30728,8.9086
30729,7.0028
30730,8.7691
30731,7.5932
30732,7.4588
30733,6.7832
30734,6.6192
30735,8.7454
30736,7.6979
30737,7.5123
30738,8.099
30739,8.1836
30740,7.7108
30741,7.5681
30742,7.7838
30743,6.7197
30744,8.2391
30745,7.7838
30746,8.8888
30747,8.5147
30748,7.2276
30749,8.638
30750,5.9876
30751,5.186
30752,7.799
30753,7.2915
30754,7.9203
30755,9.2037
30756,9.6524
30757,7.1007
30758,8.5683
30759,6.8544
30760,8.2349
30761,7.2777
30762,8.1714
30763,7.2812
30764,8.1241
30765,7.2658
30766,7.2405
30767,6.3917
30768,5.789
30769,6.6701
30770,8.7091
30771,8.8372
30772,7.3602
30773,6.9201
30774,7.5716
30775,7.7948
30776,8.0495
30777,7.7602
30778,8.4431
30779,7.5818
30780,5.1384
30781,7.3602
30782,8.9525
30783,7.7148
30784,10.0
30785,8.0629
30786,8.461
30787,8.2564
30788,8.6319
30789,6.639
30790,8.0248
30791,7.3602
30792,7.9447
30793,6.7103
30794,8.0986
30795,7.6617
30796,6.3624
30797,6.9257
30798,8.151
30799,7.404
30800,6.6787
30801,8.1714
30802,6.0484
30803,9.803
30804,8.5642
30805,7.8754
30806,8.0201
30807,7.5876
30808,7.5132
30809,8.7319
30810,8.9525
30811,8.3556
30812,7.1745
30813,7.3602
30814,7.1432
30815,9.0937
30816,7.1283
30817,8.1234
30818,6.2487
30819,7.8749
30820,7.9597
30821,8.0907
30822,7.6343
30823,7.8937
30824,6.6204
30825,6.9601
30826,6.2636
30827,8.9525
30828,7.6998
30829,8.781
30830,8.8661
30831,8.1686
30832,9.4859
30833,6.966
30834,7.9559
30835,6.4355
30836,7.6009
30837,7.2243
30838,7.7838
30839,8.4048
30840,8.0842
30841,8.5001
30842,9.4076
30843,7.9928
30844,7.3602
30845,7.9148
30846,7.1561
30847,7.6171
30848,8.2639
30849,7.2596
30850,4.3737
30851,8.3517
30852,6.0706
30853,6.2955
30854,6.6578
30855,7.8937
30856,7.5685
30857,6.4747
30858,7.2441
30859,7.7838
30860,5.2952
30861,7.4783
30862,6.7109
30863,7.2847
30864,7.4185
30865,8.2762
30866,9.8098
30867,8.0725
30868,6.297
30869,6.7953
30870,7.8848
30871,7.5235
30872,8.6047
30873,7.5674
30874,8.5527
30875,7.2292
30876,6.8558
30877,8.5433
30878,8.9525
30879,7.7838
30880,8.7656
30881,8.7683
30882,8.2916
30883,7.2878
30884,8.9285
30885,8.6551
30886,7.7091
30887,7.294
30888,6.2583
30889,7.7721
30890,7.8959
30891,8.9452
30892,7.5367
30893,7.0591
30894,7.272
30895,9.5539
30896,6.812
30897,6.425
30898,8.0979
30899,6.2372
30900,8.472
30901,7.352
30902,7.3466
30903,6.7637
30904,7.7186
30905,7.3602
30906,7.5235
30907,9.1377
30908,5.1384
30909,7.3087
30910,7.7838
30911,7.8436
30912,7.9929
30913,8.1757
30914,7.3204
30915,6.1219
30916,7.6893
30917,7.7878
30918,6.8203
30919,8.6209
30920,6.835
30921,7.2528
30922,7.7838
30923,6.0028
30924,7.3602
30925,7.2839
30926,9.3063
30927,7.7838
30928,8.7479
30929,6.2586
30930,5.1994
30931,7.5686
30932,5.1384
30933,8.4852
30934,7.7132
30935,6.6538
30936,6.335
30937,5.4274
30938,8.4845
30939,8.4509
30940,7.2525
30941,7.493
30942,7.4397
30943,6.6577
30944,6.83
30945,5.4657
30946,7.5542
30947,9.0172
30948,6.2383
30949,6.6254
30950,8.0638
30951,6.8606
30952,7.1103
30953,7.3602
30954,5.7984
30955,5.8411
30956,8.3626
30957,7.728
30958,6.9881
30959,7.7686
30960,8.7926
30961,7.4508
30962,6.8762
30963,7.1774
30964,7.1323
30965,7.1215
30966,6.1513
30967,7.8659
30968,6.8778
30969,7.402
30970,8.6705
30971,9.2288
30972,8.4119
30973,9.4859
30974,6.809
30975,9.088
30976,7.2849
30977,6.4803
30978,7.2301
30979,6.6624
30980,7.0777
30981,8.6734
30982,8.9525
30983,8.0387
30984,7.9621
30985,7.2339
30986,7.5934
30987,7.163
30988,9.3214
30989,7.5761
30990,6.9836
30991,8.0116
30992,7.1826
30993,5.1314
30994,7.2859
30995,8.9205
30996,9.2662
30997,7.866
30998,6.8354
30999,8.3386
31000,7.3602
31001,7.3602
31002,8.6815
31003,8.4453
31004,7.5235
31005,8.3425
31006,7.5704
31007,6.9299
31008,6.0145
31009,7.6431
31010,8.5767
31011,7.3303
31012,7.1209
31013,7.7838
31014,8.8805
31015,7.247
31016,7.4005
31017,6.4882
31018,7.1567
31019,6.6289
31020,7.7838
31021,6.9546
31022,7.2028
31023,6.4565
31024,9.2869
31025,5.2842
31026,8.9452
31027,8.8995
31028,7.5883
31029,7.9923
31030,9.5026
31031,5.1384
31032,5.8387
31033,5.1384
31034,7.382
31035,7.8322
31036,9.4661
31037,7.7838
31038,9.4421
31039,7.4655
31040,8.73
31041,7.896
31042,7.2937
31043,7.5328
31044,7.9644
31045,7.6336
31046,7.3602
31047,8.5886
31048,8.7091
31049,6.871
31050,8.284
31051,8.254
31052,7.1142
31053,6.8944
31054,7.3602
31055,8.2533
31056,9.5153
31057,8.9475
31058,9.3214
31059,7.8816
31060,7.5686
31061,9.2574
31062,7.8337
31063,9.7083
31064,6.8043
31065,7.602
31066,7.9194
31067,9.1404
31068,6.9762
31069,7.7935
31070,6.7092
31071,7.6577
31072,8.4072
31073,8.5458
31074,8.628
31075,7.5047
31076,6.8804
31077,6.542
31078,8.3761
31079,9.5104
31080,8.3967
31081,7.5842
31082,6.8712
31083,7.765
31084,5.1384
31085,7.5346
31086,7.7838
31087,9.3913
31088,7.6463
31089,8.2158
31090,8.6385
31091,9.3938
31092,8.9272
31093,8.4771
31094,7.8141
31095,8.9663
31096,8.2483
31097,5.8527
31098,7.8908
31099,7.0854
31100,8.0556
31101,9.3576
31102,7.8457
31103,8.2039
31104,6.5182
31105,8.2386
31106,5.1384
31107,8.3178
31108,9.1976
31109,7.49
31110,8.2042
31111,7.9888
31112,8.5033
31113,8.9525
31114,7.5443
31115,7.4667
31116,8.3382
31117,7.5235
31118,6.589
31119,5.6585
31120,8.1732
31121,8.1507
31122,8.9525
31123,8.2101
31124,8.1057
31125,9.8904
31126,9.1618
31127,9.4859
31128,6.0568
31129,7.9716
31130,7.5498
31131,5.4329
31132,7.86
31133,9.2531
31134,8.1323
31135,7.3602
31136,8.3281
31137,5.5844
31138,8.4113
31139,6.5798
31140,9.0386
31141,7.6729
31142,8.9525
31143,6.7042
31144,8.6217
31145,7.7838
31146,5.2842
31147,7.5325
31148,7.3874
31149,7.2624
31150,6.0846
31151,9.4031
31152,8.9525
31153,7.2418
31154,8.5446
31155,6.8377
31156,8.8228
31157,8.9926
31158,9.1586
31159,8.4771
31160,7.3812
31161,7.7641
31162,8.5737
31163,7.5989
31164,7.7415
31165,7.8472
31166,6.9024
31167,7.1546
31168,6.2583
31169,7.6406
31170,7.7116
31171,6.9166
31172,7.1408
31173,5.9586
31174,8.4966
31175,8.2115
31176,7.1769
31177,7.5956
31178,6.4694
31179,9.0944
31180,8.7571
31181,7.3544
31182,8.638
31183,7.26
31184,7.262
31185,7.5969
31186,6.3427
31187,8.8816
31188,6.9895
31189,7.7402
31190,8.2832
31191,7.4655
31192,8.2971
31193,5.151
31194,5.2842
31195,7.4344
31196,9.0923
31197,7.7125
31198,7.087
31199,8.5861
31200,7.866
31201,7.1107
31202,7.1966
31203,6.5268
31204,6.2592
31205,8.1232
31206,8.3792
31207,7.4824
31208,7.3851
31209,8.3242
31210,7.7838
31211,8.8998
31212,7.5402
31213,7.7838
31214,8.9525
31215,7.7227
31216,8.059
31217,8.7549
31218,7.869
31219,7.5985
31220,6.3209
31221,8.175
31222,7.5342
31223,5.6585
31224,8.3391
31225,6.9793
31226,6.5526
31227,7.9945
31228,7.7838
31229,6.4823
31230,7.5006
31231,9.7159
31232,7.3602
31233,7.328
31234,6.8146
31235,8.4567
31236,7.7838
31237,7.7838
31238,7.9644
31239,6.4984
31240,7.5384
31241,6.222
31242,7.7838
31243,6.9059
31244,7.6973
31245,9.8266
31246,8.3865
31247,8.451
31248,8.2034
31249,7.7284
31250,7.8166
31251,7.7733
31252,7.5321
31253,7.448
31254,5.192
31255,9.066
31256,6.9341
31257,7.0678
31258,7.3451
31259,8.0192
31260,8.3256
31261,7.1472
31262,8.0212
31263,7.7838
31264,7.631
31265,8.8904
31266,7.7838
31267,6.0352
31268,8.0181
31269,8.223
31270,7.7838
31271,7.4919
31272,7.0135
31273,8.5204
31274,6.9618
31275,7.0448
31276,7.1427
31277,7.518
31278,7.438
31279,5.8322
31280,8.1279
31281,6.2308
31282,7.7998
31283,9.4859
31284,7.7838
31285,7.3001
31286,6.776
31287,6.7876
31288,7.4003
31289,7.4954
31290,8.7091
31291,8.6192
31292,5.7285
31293,9.7083
31294,6.7734
31295,7.8723
31296,6.429
31297,8.3318
31298,8.6072
31299,5.1384
31300,8.6114
31301,8.4966
31302,6.9762
31303,7.209
31304,8.0138
31305,8.5721
31306,9.5669
31307,7.1756
31308,5.0566
31309,7.0529
31310,7.6289
31311,8.9525
31312,8.3792
31313,6.8699
31314,9.2501
31315,7.8109
31316,8.2877
31317,8.8714
31318,7.2086
31319,7.8154
31320,7.4833
31321,6.1363
31322,7.7838
31323,7.4795
31324,9.1571
31325,9.8811
31326,5.9991
31327,7.3658
31328,7.8908
31329,8.9392
31330,8.2512
31331,8.7348
31332,9.0793
31333,7.6606
31334,7.1773
31335,6.5368
31336,6.9804
31337,8.8972
31338,7.765
31339,9.1574
31340,7.1342
31341,8.9525
31342,7.5348
31343,7.9366
31344,8.7044
31345,7.8151
31346,7.3319
31347,4.6533
31348,7.8237
31349,7.2937
31350,7.5539
31351,8.1967
31352,5.1384
31353,9.3214
31354,7.5698
31355,7.2752
31356,8.7091
31357,8.9508
31358,7.7838
31359,7.6803
31360,6.1285
31361,6.9779
31362,7.3089
31363,7.283
31364,7.4614
31365,5.318
31366,8.194
31367,7.7031
31368,8.831
31369,9.0729
31370,7.6227
31371,7.5628
31372,7.9904
31373,7.0696
31374,8.5539
31375,7.3786
31376,6.1269
31377,7.1089
31378,7.5678
31379,8.2235
31380,8.1714
31381,7.1419
31382,8.3553
31383,6.4868
31384,9.3954
31385,8.8234
31386,5.6585
31387,7.6084
31388,7.8121
31389,7.6034
31390,7.3602
31391,6.8545
31392,9.5173
31393,8.2451
31394,8.4139
31395,7.4616
31396,6.2326
31397,8.0947
31398,7.6591
31399,7.0002
31400,7.2387
31401,6.3541
31402,7.2571
31403,6.3824
31404,5.863
31405,7.7838
31406,8.5635
31407,7.7407
31408,7.9296
31409,9.4287
31410,8.0116
31411,8.9525
31412,6.6934
31413,7.7838
31414,7.2753
31415,8.5244
31416,7.7447
31417,8.5294
31418,9.0996
31419,7.9413
31420,7.6616
31421,9.5524
31422,8.9698
31423,8.7137
31424,9.3214
31425,9.1948
31426,8.72
31427,7.6147
31428,9.3814
31429,7.5035
31430,7.8403
31431,6.833
31432,8.9525
31433,9.2813
31434,7.0373
31435,8.2549
31436,7.4264
31437,6.398
31438,7.8937
31439,6.9732
31440,8.9525
31441,7.7063
31442,9.1183
31443,7.7838
31444,7.7838
31445,6.1269
31446,8.5205
31447,8.2257
31448,6.3778
31449,7.7838
31450,8.2063
31451,7.9821
31452,5.8633
31453,4.3737
31454,8.8505
31455,6.3765
31456,8.1312
31457,6.7777
31458,6.0484
31459,7.1447
31460,8.3543
31461,7.7516
31462,8.8975
31463,8.352
31464,9.5153
31465,7.4118
31466,7.3602
31467,8.782
31468,6.6558
31469,7.7849
31470,7.5235
31471,7.4568
31472,8.9525
31473,7.7683
31474,9.161
31475,8.2185
31476,8.2741
31477,7.1549
31478,5.9221
31479,7.5688
31480,8.2624
31481,5.8774
31482,8.8477
31483,5.1384
31484,7.7782
31485,7.9304
31486,8.9525
31487,5.1384
31488,6.8606
31489,8.9001
31490,7.9991
31491,8.3394
31492,8.0177
31493,8.4407
31494,7.0951
31495,6.3703
31496,6.2236
31497,8.9525
31498,7.757
31499,7.0658
31500,7.3493
31501,5.6585
31502,8.5683
31503,7.1158
31504,7.094
31505,7.6294
31506,8.9525
31507,7.0929
31508,7.2372
31509,7.3698
31510,7.5235
31511,6.6657
31512,7.8081
31513,7.552
31514,7.3602
31515,6.5381
31516,7.26
31517,7.5835
31518,7.7838
31519,7.1219
31520,8.2235
31521,7.7838
31522,5.7285
31523,7.6223
31524,7.1512
31525,7.5235
31526,8.9525
31527,6.3861
31528,6.2583
31529,6.4846
31530,7.5645
31531,8.0321
31532,8.0743
31533,7.2947
31534,7.9353
31535,8.17
31536,7.3695
31537,6.0247
31538,7.4733
31539,7.8984
31540,8.5809
31541,8.4375
31542,8.0933
31543,6.5318
31544,8.3526
31545,8.5346
31546,5.9531
31547,7.7838
31548,7.8294
31549,6.7524
31550,7.8266
31551,7.2968
31552,8.0173
31553,8.3587
31554,7.7838
31555,8.0824
31556,7.2281
31557,8.9703
31558,7.4778
31559,9.3214
31560,7.8164
31561,7.7471
31562,6.3765
31563,7.5895
31564,6.6327
31565,7.6208
31566,7.9755
31567,7.8406
31568,8.227
31569,9.3799
31570,8.3551
31571,8.7319
31572,6.7421
31573,8.8482
31574,7.3318
31575,7.2467
31576,8.9525
31577,8.167
31578,7.2126
31579,8.1437
31580,6.8356
31581,7.6305
31582,7.9091
31583,7.5315
31584,7.3608
31585,6.3274
31586,8.9525
31587,6.5414
31588,8.8807
31589,9.0707
31590,9.2905
31591,7.4441
31592,8.2035
31593,7.8053
31594,7.7731
31595,8.6707
31596,7.7838
31597,4.6977
31598,7.3933
31599,8.9525
31600,8.5155
31601,7.5519
31602,7.5501
31603,8.279
31604,6.884
31605,8.328
31606,7.3808
31607,8.1334
31608,5.268
31609,7.8723
31610,7.294
31611,9.4139
31612,6.8463
31613,8.2493
31614,7.4956
31615,7.62
31616,8.4406
31617,5.3736
31618,7.7919
31619,9.3063
31620,6.5528
31621,7.205
31622,7.4495
31623,9.2431
31624,7.5235
31625,8.834
31626,6.3765
31627,7.9858
31628,7.3475
31629,7.7609
31630,5.2842
31631,7.6148
31632,7.6512
31633,9.0673
31634,9.0158
31635,7.7019
31636,8.168
31637,8.4923
31638,7.0851
31639,7.7838
31640,6.5127
31641,7.8325
31642,9.1136
31643,6.1347
31644,9.3214
31645,8.2708
31646,8.9525
31647,7.1798
31648,9.2602
31649,7.5276
31650,7.6068
31651,5.5092
31652,6.3364
31653,6.2625
31654,7.9578
31655,9.0078
31656,8.151
31657,7.7838
31658,5.2842
31659,8.9452
31660,7.3602
31661,6.615
31662,6.5659
31663,7.1426
31664,7.3314
31665,8.7776
31666,7.8134
31667,6.318
31668,9.182
31669,8.4933
31670,8.3879
31671,9.366
31672,7.9808
31673,7.0383
31674,7.6501
31675,7.6436
31676,7.8341
31677,6.6712
31678,7.26
31679,7.529
31680,7.2452
31681,7.9204
31682,7.3602
31683,6.6901
31684,6.37
31685,8.2617
31686,7.6595
31687,7.2124
31688,7.3144
31689,7.2581
31690,7.49
31691,7.695
31692,8.6582
31693,7.4293
31694,7.3508
31695,7.8539
31696,8.7032
31697,8.7129
31698,8.8982
31699,7.2389
31700,7.8584
31701,6.6862
31702,7.9485
31703,7.5235
31704,7.0865
31705,7.9883
31706,8.3706
31707,6.754
31708,8.1063
31709,8.3445
31710,8.0321
31711,8.9525
31712,8.9525
31713,7.7838
31714,8.0981
31715,7.5234
31716,8.3129
31717,7.273
31718,5.8772
31719,7.7866
31720,8.9433
31721,6.9728
31722,8.3476
31723,7.0012
31724,8.5145
31725,7.0709
31726,8.4378
31727,5.7649
31728,7.2151
31729,8.6034
31730,9.2149
31731,6.8253
31732,7.1824
31733,6.8674
31734,7.2825
31735,7.4697
31736,7.7393
31737,8.8152
31738,6.5416
31739,8.4144
31740,8.3949
31741,7.1839
31742,7.7577
31743,7.922
31744,8.4532
31745,7.9963
31746,8.9525
31747,8.8315
31748,7.4879
31749,8.3268
31750,6.3749
31751,7.2276
31752,6.6658
31753,7.4739
31754,7.4981
31755,7.1769
31756,7.9941
31757,6.6063
31758,8.2801
31759,7.7838
31760,7.5467
31761,8.5045
31762,7.6246
31763,8.3706
31764,7.1735
31765,8.2538
31766,7.1806
31767,5.1384
31768,9.5153
31769,7.438
31770,8.1318
31771,7.3196
31772,9.1689
31773,8.5258
31774,8.4522
31775,8.3736
31776,8.4295
31777,7.402
31778,8.709
31779,7.3602
31780,7.7914
31781,8.1638
31782,7.3999
31783,7.933
31784,8.5871
31785,8.7215
31786,8.5519
31787,7.8583
31788,8.4625
31789,7.2585
31790,8.2922
31791,8.2096
31792,7.1769
31793,5.6585
31794,7.9644
31795,7.3602
31796,7.7838
31797,7.2996
31798,8.1371
31799,7.2484
31800,6.5952
31801,5.936
31802,7.6289
31803,8.3383
31804,7.7838
31805,7.4202
31806,7.7253
31807,6.9601
31808,6.8456
31809,6.3615
31810,7.8765
31811,8.191
31812,5.7666
31813,8.0877
31814,6.4458
31815,8.1767
31816,6.4823
31817,8.8735
31818,7.4361
31819,6.4146
31820,8.4645
31821,8.9525
31822,7.5534
31823,7.6619
31824,8.1901
31825,7.8663
31826,7.7348
31827,7.3602
31828,7.522
31829,4.5526
31830,7.1829
31831,5.7285
31832,8.2796
31833,7.4612
31834,7.7847
31835,6.277
31836,8.1998
31837,7.3602
31838,7.9092
31839,7.2171
31840,8.9452
31841,9.7934
31842,8.5806
31843,8.7091
31844,8.1956
31845,9.3214
31846,7.5503
31847,7.5493
31848,8.9525
31849,8.9221
31850,7.8715
31851,5.2842
31852,7.9852
31853,8.1714
31854,7.8702
31855,6.9762
31856,8.2416
31857,6.9377
31858,8.2098
31859,7.9432
31860,6.7818
31861,6.0049
31862,7.3602
31863,6.8474
31864,7.7838
31865,9.3337
31866,7.0921
31867,7.5716
31868,7.0823
31869,7.8991
31870,5.9718
31871,7.1566
31872,8.7522
31873,8.6607
31874,9.3214
31875,9.0787
31876,7.2816
31877,5.9876
31878,8.2219
31879,8.1579
31880,7.5785
31881,7.7838
31882,6.8405
31883,9.3214
31884,6.7869
31885,7.0426
31886,8.7362
31887,8.7152
31888,9.4157
31889,6.0648
31890,7.1637
31891,9.1593
31892,7.7838
31893,6.1329
31894,8.4046
31895,8.2256
31896,8.4932
31897,8.6899
31898,8.9452
31899,9.6469
31900,8.1041
31901,8.2205
31902,6.8983
31903,7.4788
31904,8.11
31905,9.3214
31906,7.7838
31907,8.4142
31908,8.1799
31909,8.1833
31910,7.4455
31911,9.3654
31912,7.3656
31913,6.9148
31914,8.0573
31915,6.8476
31916,8.1554
31917,8.1133
31918,7.9716
31919,6.8702
31920,8.7995
31921,6.167
31922,7.247
31923,6.6606
31924,7.7258
31925,8.1714
31926,5.5696
31927,8.0564
31928,7.5298
31929,7.3602
31930,9.3304
31931,10.0
31932,9.0328
31933,7.6019
31934,7.4019
31935,8.4032
31936,6.9553
31937,6.7154
31938,7.4327
31939,8.3469
31940,7.2599
31941,8.9452
31942,7.8073
31943,8.3099
31944,7.4947
31945,7.1688
31946,7.0833
31947,5.5661
31948,6.5846
31949,7.2247
31950,8.2695
31951,7.5358
31952,7.2781
31953,7.235
31954,7.5235
31955,7.6009
31956,7.8603
31957,7.7938
31958,7.6718
31959,7.5962
31960,7.1859
31961,6.783
31962,7.3602
31963,8.9525
31964,6.2614
31965,10.0
31966,6.4245
31967,8.0933
31968,6.8865
31969,7.3587
31970,6.7481
31971,9.0282
31972,8.6745
31973,8.0818
31974,7.1987
31975,8.7512
31976,7.429
31977,8.1171
31978,7.3903
31979,7.7213
31980,7.0069
31981,7.6141
31982,7.2905
31983,9.5955
31984,7.0386
31985,7.4717
31986,8.2596
31987,7.8551
31988,7.364
31989,7.3461
31990,7.8812
31991,8.9777
31992,7.1476
31993,7.5078
31994,9.3558
31995,7.0717
31996,5.961
31997,7.3416
31998,5.7092
31999,6.7964
32000,8.0929
32001,4.3737
32002,7.7334
32003,7.4434
32004,8.1714
32005,8.3968
32006,8.1704
32007,6.7085
32008,7.6084
32009,8.748
32010,7.0957
32011,8.7982
32012,7.4266
32013,8.1714
32014,7.0895
32015,9.0313
32016,6.2193
32017,6.7552
32018,5.4213
32019,7.5501
32020,8.9793
32021,7.7542
32022,7.6883
32023,7.3146
32024,7.7838
32025,7.7395
32026,8.7091
32027,7.7207
32028,8.3351
32029,8.2502
32030,8.0148
32031,8.9748
32032,5.7888
32033,7.7838
32034,7.7838
32035,7.2933
32036,7.4572
32037,7.3473
32038,7.0855
32039,8.6439
32040,5.4875
32041,8.9525
32042,7.7368
32043,9.3231
32044,8.151
32045,7.7771
32046,7.7838
32047,7.1632
32048,7.8121
32049,7.9112
32050,7.3602
32051,7.7004
32052,7.769
32053,7.7838
32054,8.3171
32055,7.967
32056,7.9945
32057,7.3602
32058,9.3214
32059,7.3446
32060,8.0321
32061,7.2204
32062,7.4146
32063,8.7857
32064,8.0061
32065,9.8291
32066,8.781
32067,8.3228
32068,7.7838
32069,7.8505
32070,7.3602
32071,8.1244
32072,8.2178
32073,7.7838
32074,9.2024
32075,5.3279
32076,7.3658
32077,6.7779
32078,5.1505
32079,7.9351
32080,8.0
32081,7.2583
32082,7.4628
32083,8.7907
32084,6.6819
32085,7.5235
32086,8.1621
32087,7.9535
32088,7.3602
32089,6.2596
32090,7.7671
32091,5.064
32092,8.889
32093,8.1715
32094,8.9452
32095,7.4425
32096,7.0644
32097,7.1348
32098,7.6321
32099,6.7146
32100,8.0588
32101,8.1091
32102,8.7602
32103,7.8443
32104,8.3474
32105,8.4879
32106,7.359
32107,8.2297
32108,7.439
32109,9.5443
32110,7.3602
32111,7.8165
32112,7.0854
32113,6.6606
32114,8.9452
32115,7.4432
32116,6.9137
32117,7.6543
32118,7.0448
32119,8.9926
32120,7.6008
32121,8.0463
32122,8.2121
32123,8.8662
32124,7.117
32125,8.1798
32126,7.9225
32127,7.6454
32128,8.2361
32129,8.3452
32130,8.4732
32131,6.776
32132,4.5328
32133,5.3224
32134,6.7583
32135,7.7812
32136,8.5463
32137,7.235
32138,8.2407
32139,9.1482
32140,9.2149
32141,7.6125
32142,6.9367
32143,7.1784
32144,7.26
32145,7.3984
32146,7.9495
32147,7.7651
32148,7.3996
32149,7.7135
32150,7.5082
32151,7.3515
32152,8.0849
32153,8.8022
32154,8.9659
32155,6.566
32156,6.3761
32157,9.104
32158,8.0475
32159,6.7903
32160,8.0656
32161,8.5429
32162,6.6415
32163,9.6398
32164,7.6722
32165,8.3335
32166,6.3468
32167,7.1892
32168,7.3063
32169,7.738
32170,7.9796
32171,8.832
32172,7.3777
32173,8.7534
32174,7.7838
32175,8.2921
32176,7.8878
32177,7.2556
32178,7.6006
32179,8.4033
32180,6.6421
32181,5.8299
32182,7.6184
32183,7.143
32184,8.194
32185,8.1983
32186,8.9525
32187,5.4498
32188,7.0574
32189,5.8676
32190,6.0914
32191,6.1778
32192,8.1817
32193,6.9561
32194,7.6198
32195,6.0217
32196,6.2756
32197,8.2147
32198,7.6876
32199,7.1163
32200,7.1769
32201,8.158
32202,8.2198
32203,7.6092
32204,7.8699
32205,7.3602
32206,7.9432
32207,7.6295
32208,9.3169
32209,7.826
32210,6.4626
32211,7.4591
32212,7.3377
32213,8.0391
32214,7.6168
32215,8.2682
32216,6.8768
32217,7.3264
32218,9.0418
32219,6.9136
32220,7.9689
32221,6.9457
32222,7.3468
32223,8.0321
32224,7.1798
32225,7.7563
32226,9.2686
32227,7.899
32228,6.6447
32229,7.693
32230,7.5341
32231,7.5929
32232,7.7521
32233,7.7838
32234,8.9525
32235,7.3649
32236,7.4372
32237,9.5696
32238,7.7181
32239,6.9499
32240,5.543
32241,7.9079
32242,6.3573
32243,6.7878
32244,5.5453
32245,8.8506
32246,6.8172
32247,4.6762
32248,8.2138
32249,8.8975
32250,5.1384
32251,7.4783
32252,6.2931
32253,7.3602
32254,8.0729
32255,8.9452
32256,7.7838
32257,7.8909
32258,7.5672
32259,7.8909
32260,7.9008
32261,8.5122
32262,7.6692
32263,7.267
32264,6.4666
32265,7.0815
32266,5.1384
32267,7.5019
32268,4.341
32269,8.0495
32270,8.6553
32271,9.5657
32272,8.4814
32273,6.3468
32274,7.3065
32275,6.9653
32276,7.5184
32277,7.1287
32278,7.1769
32279,8.5813
32280,9.1323
32281,7.5542
32282,6.7252
32283,6.8542
32284,9.3318
32285,8.0453
32286,10.0
32287,8.0199
32288,7.2053
32289,7.7838
32290,8.9643
32291,6.7824
32292,7.4024
32293,8.3347
32294,6.4665
32295,8.7091
32296,9.2264
32297,7.7838
32298,7.6412
32299,7.7838
32300,8.2045
32301,6.733
32302,7.0452
32303,8.1322
32304,7.5997
32305,7.6923
32306,7.4008
32307,9.5047
32308,6.7778
32309,7.0991
32310,7.7938
32311,7.508
32312,5.8556
32313,7.5716
32314,8.7247
32315,7.8565
32316,8.0338
32317,5.8396
32318,9.06
32319,7.7795
32320,7.7458
32321,7.3752
32322,8.2653
32323,8.3841
32324,7.4394
32325,6.1729
32326,6.9279
32327,7.7471
32328,9.4082
32329,8.6286
32330,6.7842
32331,6.5524
32332,8.0635
32333,7.8243
32334,7.4973
32335,8.2216
32336,7.927
32337,7.73
32338,8.9048
32339,7.978
32340,8.3553
32341,7.1012
32342,7.7838
32343,7.8462
32344,7.7838
32345,6.7756
32346,8.2256
32347,5.9636
32348,6.9624
32349,7.0936
32350,7.6542
32351,7.083
32352,9.3214
32353,8.5225
32354,8.158
32355,7.6671
32356,7.734
32357,7.6208
32358,7.8081
32359,7.096
32360,7.164
32361,7.7615
32362,6.1384
32363,7.34
32364,7.7838
32365,5.2842
32366,8.3483
32367,5.4562
32368,7.3693
32369,7.4267
32370,8.1135
32371,7.7838
32372,8.082
32373,8.192
32374,7.9412
32375,8.3736
32376,8.2801
32377,7.9131
32378,7.7108
32379,7.547
32380,8.1985
32381,7.7632
32382,9.3089
32383,7.0504
32384,8.6444
32385,8.0041
32386,7.0127
32387,8.4886
32388,7.6819
32389,7.1099
32390,9.1396
32391,8.3993
32392,7.3602
32393,7.7063
32394,5.9259
32395,8.0283
32396,8.6551
32397,7.9007
32398,5.6478
32399,7.8565
32400,8.4552
32401,7.7224
32402,7.388
32403,7.8074
32404,9.36
32405,8.2741
32406,5.7285
32407,6.7406
32408,7.1589
32409,5.7129
32410,7.1665
32411,7.2965
32412,7.4987
32413,8.8694
32414,7.7063
32415,8.6852
32416,7.0352
32417,7.9625
32418,8.7595
32419,8.591
32420,7.7683
32421,7.336
32422,8.2716
32423,8.7871
32424,7.2849
32425,5.4458
32426,8.2762
32427,9.8485
32428,6.2766
32429,4.3387
32430,7.6353
32431,9.5153
32432,7.3876
32433,6.871
32434,7.26
32435,8.4814
32436,8.6758
32437,7.968
32438,6.9109
32439,7.2958
32440,7.7838
32441,8.3226
32442,8.4043
32443,6.8964
32444,7.4274
32445,7.3714
32446,7.9562
32447,8.6726
32448,8.0888
32449,7.3318
32450,8.9452
32451,6.7208
32452,7.6958
32453,6.2586
32454,8.1672
32455,7.1666
32456,7.6183
32457,8.4328
32458,6.1802
32459,7.4948
32460,7.6692
32461,8.9525
32462,6.8788
32463,9.2877
32464,9.0508
32465,5.7007
32466,8.006
32467,8.2034
32468,7.9543
32469,8.663
32470,8.7751
32471,7.5765
32472,6.7305
32473,7.1598
32474,9.5841
32475,8.8407
32476,8.0377
32477,8.5622
32478,7.9115
32479,5.6585
32480,8.781
32481,8.4196
32482,5.1384
32483,8.4069
32484,6.7195
32485,8.9552
32486,7.7838
32487,6.6302
32488,8.4284
32489,5.1384
32490,7.3602
32491,7.2405
32492,5.1724
32493,7.7838
32494,8.8238
32495,7.4305
32496,6.9211
32497,6.0762
32498,5.1384
32499,7.0621
32500,5.9987
32501,7.7838
32502,7.6116
32503,6.9568
32504,7.6398
32505,7.4773
32506,8.1621
32507,5.2842
32508,7.682
32509,8.2399
32510,8.0345
32511,7.5969
32512,8.0929
32513,6.9796
32514,7.9273
32515,5.9536
32516,6.35
32517,8.5683
32518,8.7125
32519,6.6421
32520,5.234
32521,8.2017
32522,7.2654
32523,6.7674
32524,7.9324
32525,6.0321
32526,7.5497
32527,7.5878
32528,6.7688
32529,8.3802
32530,7.7572
32531,8.2499
32532,7.8913
32533,7.6725
32534,7.7838
32535,7.4773
32536,9.6188
32537,7.9912
32538,6.4522
32539,8.2156
32540,7.5023
32541,8.284
32542,8.1584
32543,7.3602
32544,7.7838
32545,7.7063
32546,6.9268
32547,8.0275
32548,7.2461
32549,9.5091
32550,7.1449
32551,8.7838
32552,9.3214
32553,9.0302
32554,7.8128
32555,7.8731
32556,7.1362
32557,7.2382
32558,8.4538
32559,7.4809
32560,7.6943
32561,8.6606
32562,6.4584
32563,9.2309
32564,8.2266
32565,7.4501
32566,7.0833
32567,9.0633
32568,6.2586
32569,7.6651
32570,6.8063
32571,6.4259
32572,6.6031
32573,7.3246
32574,7.2207
32575,5.3488
32576,7.4133
32577,7.1144
32578,7.1824
32579,7.507
32580,8.5628
32581,8.6502
32582,8.4926
32583,8.5955
32584,8.4707
32585,6.8261
32586,8.8298
32587,7.73
32588,7.3602
32589,9.1547
32590,7.4305
32591,5.8138
32592,8.2895
32593,7.7935
32594,9.0046
32595,7.8382
32596,8.482
32597,7.914
32598,7.4311
32599,8.8232
32600,7.6484
32601,8.7953
32602,6.5048
32603,6.5331
32604,8.0968
32605,7.9023
32606,8.9095
32607,9.1469
32608,7.6222
32609,6.9325
32610,6.863
32611,8.1212
32612,8.4875
32613,7.5487
32614,3.6671
32615,7.9715
32616,7.5987
32617,7.9904
32618,7.5655
32619,7.9444
32620,6.0049
32621,7.2345
32622,7.596
32623,7.7838
32624,7.5441
32625,7.8827
32626,7.7838
32627,7.8631
32628,7.1038
32629,8.8938
32630,7.7838
32631,6.1301
32632,8.1023
32633,9.144
32634,8.2468
32635,7.4536
32636,8.9525
32637,7.1755
32638,7.7753
32639,8.1822
32640,8.596
32641,7.7537
32642,7.5965
32643,6.1098
32644,8.9525
32645,7.8507
32646,7.826
32647,7.8576
32648,5.9718
32649,8.0814
32650,8.7091
32651,8.8153
32652,8.4368
32653,8.7256
32654,8.3383
32655,6.3355
32656,9.2051
32657,7.7214
32658,7.3602
32659,7.3168
32660,8.267
32661,7.8486
32662,8.9452
32663,6.4491
32664,7.2551
32665,7.477
32666,5.5777
32667,7.3885
32668,7.6442
32669,8.3479
32670,6.353
32671,8.9525
32672,8.9475
32673,7.7455
32674,7.573
32675,7.7055
32676,8.8408
32677,7.5001
32678,7.5978
32679,9.3214
32680,9.8658
32681,7.3447
32682,7.5816
32683,8.0333
32684,8.378
32685,8.4937
32686,7.3332
32687,7.5235
32688,5.2842
32689,6.6092
32690,7.2977
32691,8.2362
32692,7.0477
32693,8.2102
32694,8.9525
32695,8.8026
32696,7.191
32697,7.6692
32698,8.5225
32699,7.7592
32700,7.8433
32701,7.3014
32702,7.5554
32703,8.7069
32704,7.7838
32705,7.3796
32706,8.3344
32707,7.3602
32708,6.6012
32709,7.9666
32710,6.6463
32711,7.8761
32712,7.6469
32713,8.6752
32714,7.1703
32715,8.8628
32716,7.4155
32717,4.4538
32718,8.6705
32719,7.6814
32720,7.6919
32721,7.566
32722,7.3767
32723,7.6463
32724,7.5032
32725,7.8441
32726,5.6581
32727,7.4941
32728,7.5855
32729,8.3846
32730,7.9723
32731,4.2892
32732,8.3673
32733,8.1913
32734,8.8401
32735,6.0999
32736,7.477
32737,8.2897
32738,7.9238
32739,9.9958
32740,8.1267
32741,8.5204
32742,7.3748
32743,7.534
32744,10.0
32745,8.11
32746,7.1496
32747,7.7838
32748,6.4355
32749,7.4576
32750,6.672
32751,8.8928
32752,7.7838
32753,7.859
32754,7.3796
32755,7.8841
32756,8.3993
32757,7.3602
32758,7.3602
32759,8.4704
32760,7.6969
32761,6.7187
32762,7.7838
32763,9.0005
32764,7.7838
32765,8.2585
32766,5.1384
32767,7.5587
32768,7.271
32769,7.7723
32770,5.5844
32771,7.4355
32772,8.1118
32773,7.6306
32774,6.1576
32775,7.5166
32776,6.7201
32777,7.934
32778,7.881
32779,6.693
32780,7.4993
32781,8.4166
32782,7.7602
32783,8.9525
32784,6.6502
32785,7.322
32786,7.9289
32787,5.6367
32788,8.7687
32789,7.592
32790,7.0394
32791,7.8062
32792,8.3818
32793,3.4812
32794,7.4495
32795,7.7318
32796,9.1429
32797,5.2842
32798,7.5463
32799,6.2583
32800,5.4282
32801,9.0511
32802,8.2127
32803,7.9724
32804,8.431
32805,9.1188
32806,8.4616
32807,7.5709
32808,7.0304
32809,9.2459
32810,8.1028
32811,7.7683
32812,10.0
32813,6.5295
32814,6.511
32815,7.4296
32816,7.9904
32817,7.2237
32818,8.5885
32819,7.8491
32820,7.8761
32821,7.8723
32822,6.9211
32823,8.252
32824,7.3602
32825,7.2195
32826,8.1218
32827,8.019
32828,8.6225
32829,8.8257
32830,8.8868
32831,8.2817
32832,9.6038
32833,9.7185
32834,8.9525
32835,7.7116
32836,7.2676
32837,8.5319
32838,7.8316
32839,8.3186
32840,8.0933
32841,8.1251
32842,9.0254
32843,7.7838
32844,8.9525
32845,8.6715
32846,9.2279
32847,8.4768
32848,8.1435
32849,5.1384
32850,9.2918
32851,7.041
32852,5.2198
32853,7.4939
32854,6.9775
32855,9.152
32856,7.5048
32857,7.7838
32858,7.3853
32859,8.7195
32860,8.3137
32861,8.127
32862,7.3602
32863,7.3142
32864,6.4561
32865,7.7464
32866,7.3303
32867,8.3428
32868,7.6377
32869,7.8277
32870,8.4487
32871,6.7087
32872,9.7083
32873,7.2207
32874,7.7276
32875,8.5598
32876,8.8672
32877,7.6692
32878,7.1974
32879,5.3004
32880,7.3602
32881,9.2734
32882,8.3454
32883,8.5175
32884,9.6591
32885,7.7387
32886,6.1959
32887,8.7772
32888,7.6821
32889,8.8886
32890,4.5376
32891,8.0456
32892,5.6854
32893,7.3602
32894,9.3376
32895,7.7445
32896,8.2018
32897,7.094
32898,8.0181
32899,9.058
32900,8.2962
32901,8.4217
32902,7.7929
32903,6.3512
32904,7.9292
32905,8.1714
32906,7.5622
32907,8.6839
32908,6.5767
32909,7.0806
32910,8.6734
32911,8.6097
32912,8.6748
32913,8.2722
32914,6.9299
32915,8.1959
32916,6.3766
32917,7.1273
32918,9.425
32919,4.4478
32920,7.7683
32921,7.26
32922,5.9672
32923,9.161
32924,6.4049
32925,7.7621
32926,5.4743
32927,6.5013
32928,7.3602
32929,6.6327
32930,5.9718
32931,8.528
32932,9.1763
32933,7.7931
32934,6.9622
32935,8.2083
32936,5.7285
32937,6.2391
32938,7.7838
32939,9.3041
32940,7.7213
32941,6.0704
32942,6.2324
32943,7.8854
32944,7.7615
32945,8.2427
32946,6.9465
32947,7.6335
32948,8.005
32949,8.0148
32950,9.1469
32951,7.7389
32952,6.8275
32953,7.0739
32954,6.7216
32955,7.6637
32956,6.3038
32957,7.2015
32958,7.7743
32959,8.0836
32960,8.1131
32961,8.9416
32962,7.4225
32963,7.0906
32964,7.8076
32965,8.3788
32966,7.739
32967,7.1078
32968,8.0
32969,9.1487
32970,7.1574
32971,8.0852
32972,6.1895
32973,7.9401
32974,6.6992
32975,5.2842
32976,7.7838
32977,8.6702
32978,9.1745
32979,7.7838
32980,8.4274
32981,7.5231
32982,7.7063
32983,8.5833
32984,6.4642
32985,7.7108
32986,7.9256
32987,7.7838
32988,8.1537
32989,5.1384
32990,7.7838
32991,9.2122
32992,5.5276
32993,7.4688
32994,5.794
32995,6.0495
32996,8.2732
32997,6.1853
32998,8.6287
32999,6.9299
33000,7.3602
33001,8.0872
33002,7.7838
33003,7.3602
33004,4.9819
33005,7.2849
33006,7.8313
33007,6.9467
33008,9.3732
33009,7.2101
33010,5.3938
33011,9.0112
33012,7.7847
33013,7.027
33014,7.3741
33015,7.3765
33016,7.2937
33017,7.7838
33018,9.2497
33019,5.8863
33020,5.168
33021,8.9347
33022,7.2747
33023,7.9159
33024,8.345
33025,7.5668
33026,8.1616
33027,5.8776
33028,7.5956
33029,8.3965
33030,7.5404
33031,7.26
33032,6.9299
33033,6.878
33034,8.1086
33035,6.2467
33036,8.1342
33037,4.3737
33038,6.503
33039,8.7978
33040,8.2098
33041,9.7892
33042,8.3199
33043,5.376
33044,5.1384
33045,7.4563
33046,7.3602
33047,9.5665
33048,7.3605
33049,7.0298
33050,8.8131
33051,7.0573
33052,7.0501
33053,9.628
33054,7.8702
33055,7.7838
33056,7.4538
33057,7.138
33058,8.1915
33059,7.1101
33060,6.4613
33061,8.9022
33062,8.0289
33063,6.2264
33064,7.3602
33065,7.7838
33066,8.4891
33067,8.1415
33068,7.484
33069,4.833
33070,7.3181
33071,7.0783
33072,8.9525
33073,4.4207
33074,8.1714
33075,8.9525
33076,8.014
33077,7.9828
33078,7.5159
33079,6.9944
33080,6.7929
33081,8.0155
33082,8.9981
33083,7.7838
33084,6.783
33085,8.5378
33086,6.674
33087,6.9299
33088,7.7838
33089,6.7567
33090,5.5777
33091,6.132
33092,7.8746
33093,7.7838
33094,7.5154
33095,8.4334
33096,5.8636
33097,6.7765
33098,6.9768
33099,7.7144
33100,6.2805
33101,5.3173
33102,8.9525
33103,7.7656
33104,6.94
33105,7.519
33106,6.2756
33107,8.0289
33108,7.8812
33109,6.2759
33110,6.9425
33111,7.3457
33112,7.7838
33113,8.0321
33114,7.0496
33115,7.7065
33116,7.7145
33117,8.3695
33118,8.8168
33119,7.0656
33120,7.26
33121,5.8887
33122,7.7101
33123,7.7116
33124,8.0036
33125,7.0796
33126,7.8627
33127,7.3987
33128,8.2113
33129,7.8805
33130,6.1025
33131,7.977
33132,8.1241
33133,8.2498
33134,7.4217
33135,7.9922
33136,6.9299
33137,7.7838
33138,8.8124
33139,7.775
33140,9.2798
33141,5.2399
33142,7.8064
33143,7.6025
33144,6.0484
33145,7.3602
33146,8.0446
33147,8.9945
33148,8.1692
33149,9.3069
33150,7.776
33151,8.5865
33152,6.6867
33153,7.5837
33154,9.2958
33155,6.911
33156,6.6147
33157,7.9587
33158,7.2192
33159,9.0607
33160,8.1396
33161,7.2169
33162,6.0423
33163,6.5096
33164,7.3535
33165,6.2958
33166,7.7554
33167,7.2115
33168,7.4297
33169,8.2243
33170,8.2176
33171,7.8672
33172,8.5454
33173,7.7227
33174,8.6899
33175,7.9286
33176,7.4402
33177,8.0269
33178,7.1617
33179,8.8315
33180,7.3643
33181,8.9926
33182,7.7625
33183,7.283
33184,7.1747
33185,8.695
33186,7.2409
33187,8.8356
33188,8.4241
33189,7.6916
33190,8.2374
33191,7.5645
33192,7.6302
33193,8.2786
33194,7.3658
33195,7.4755
33196,7.1133
33197,9.0806
33198,6.1603
33199,7.7838
33200,8.3861
33201,8.0337
33202,8.8331
33203,9.3246
33204,8.2108
33205,7.2324
33206,7.8446
33207,7.7241
33208,7.8452
33209,7.3184
33210,7.3658
33211,6.9138
33212,6.9804
33213,7.9875
33214,9.5516
33215,7.7973
33216,6.5178
33217,7.0157
33218,5.5009
33219,8.2867
33220,5.1384
33221,9.2475
33222,6.5566
33223,7.9972
33224,5.1384
33225,7.2422
33226,8.3644
33227,8.0709
33228,9.1803
33229,7.7723
33230,7.881
33231,7.3846
33232,8.5266
33233,8.1601
33234,8.1347
33235,7.4783
33236,8.7319
33237,7.9432
33238,3.7239
33239,7.5836
33240,7.7838
33241,7.2176
33242,8.7091
33243,8.7173
33244,8.9575
33245,7.7523
33246,8.2961
33247,7.7838
33248,8.0495
33249,8.2511
33250,7.4607
33251,7.0996
33252,8.9525
33253,9.2884
33254,7.1054
33255,8.0208
33256,8.1714
33257,8.8553
33258,7.3071
33259,10.0
33260,8.2724
33261,8.2101
33262,9.2633
33263,5.1384
33264,7.1769
33265,7.7838
33266,6.8594
33267,8.2118
33268,6.2524
33269,7.1434
33270,8.4932
33271,7.6482
33272,8.7772
33273,9.8448
33274,7.7718
33275,7.7808
33276,7.6619
33277,7.3201
33278,7.3602
33279,8.9525
33280,6.7715
33281,7.5132
33282,5.1384
33283,6.1913
33284,8.8999
33285,6.7458
33286,7.6763
33287,7.6243
33288,9.0985
33289,6.6457
33290,6.2583
33291,8.3463
33292,8.9525
33293,7.4686
33294,7.6619
33295,7.9955
33296,7.6787
33297,9.0378
33298,6.2527
33299,4.674
33300,5.3279
33301,7.7613
33302,7.394
33303,8.3311
33304,8.9525
33305,7.4461
33306,9.5696
33307,8.4104
33308,8.9525
33309,8.4365
33310,6.439
33311,7.8921
33312,7.1655
33313,8.685
33314,7.6687
33315,8.9452
33316,7.535
33317,8.9346
33318,6.8975
33319,8.6791
33320,7.7838
33321,7.3928
33322,7.4936
33323,8.5724
33324,9.1732
33325,7.7838
33326,8.7444
33327,5.9322
33328,9.6513
33329,5.9778
33330,9.5406
33331,8.284
33332,7.7683
33333,6.6537
33334,9.1971
33335,8.8689
33336,6.5608
33337,3.3521
33338,7.4501
33339,8.284
33340,9.1644
33341,5.1384
33342,7.3298
33343,7.3696
33344,7.9478
33345,9.1835
33346,8.3723
33347,7.8183
33348,8.175
33349,9.3938
33350,7.3593
33351,7.7838
33352,7.0359
33353,7.6417
33354,7.3602
33355,7.4322
33356,7.9578
33357,5.7613
33358,9.3813
33359,7.4173
33360,7.9137
33361,8.3771
33362,9.3085
33363,8.6505
33364,7.7584
33365,9.2211
33366,7.0482
33367,7.5989
33368,6.9883
33369,8.7091
33370,7.9125
33371,6.636
33372,9.3255
33373,7.0064
33374,9.4242
33375,6.2942
33376,7.7315
33377,6.6876
33378,7.2597
33379,7.5905
33380,7.8486
33381,5.7285
33382,6.907
33383,8.4282
33384,7.4323
33385,6.9149
33386,7.3602
33387,6.2851
33388,7.8256
33389,8.3795
33390,8.9507
33391,6.9156
33392,5.1737
33393,7.008
33394,6.1415
33395,6.8168
33396,8.4865
33397,7.7295
33398,8.1714
33399,8.001
33400,7.7033
33401,9.1495
33402,9.0229
33403,7.7841
33404,8.9525
33405,7.1628
33406,7.7063
33407,6.2657
33408,9.7955
33409,8.0321
33410,7.1769
33411,7.5353
33412,6.7804
33413,7.9009
33414,9.0135
33415,8.6263
33416,5.1384
33417,7.1323
33418,7.8086
33419,7.8869
33420,9.5207
33421,7.7973
33422,8.7399
33423,9.3214
33424,7.868
33425,6.9745
33426,7.3602
33427,8.2549
33428,8.2706
33429,7.7838
33430,6.9211
33431,6.577
33432,8.571
33433,8.6852
33434,8.2653
33435,5.6585
33436,8.4209
33437,7.7838
33438,6.9539
33439,5.7878
33440,7.4643
33441,6.7476
33442,7.248
33443,7.7838
33444,7.1769
33445,5.3449
33446,7.8072
33447,7.7435
33448,7.1769
33449,7.8131
33450,8.0875
33451,8.4375
33452,7.3712
33453,8.2424
33454,7.5958
33455,7.8134
33456,6.567
33457,6.8361
33458,7.8134
33459,7.6457
33460,7.7608
33461,9.1574
33462,7.6133
33463,8.0417
33464,5.9688
33465,8.9926
33466,6.7921
33467,6.3746
33468,8.0729
33469,8.9525
33470,6.65
33471,7.4252
33472,8.9956
33473,8.7562
33474,7.1923
33475,8.7138
33476,8.3442
33477,8.0
33478,6.1172
33479,6.9118
33480,8.2288
33481,8.9285
33482,8.0148
33483,8.6314
33484,7.8382
33485,8.0699
33486,8.0719
33487,7.9652
33488,7.8413
33489,6.1808
33490,6.7893
33491,5.0787
33492,7.9207
33493,8.2392
33494,8.3455
33495,7.1769
33496,7.9648
33497,8.2055
33498,7.6747
33499,7.0699
33500,7.6111
33501,7.1494
33502,7.5219
33503,7.8115
33504,7.9616
33505,8.7942
33506,7.2728
33507,6.6374
33508,7.2093
33509,5.5926
33510,5.1384
33511,7.9894
33512,7.5741
33513,8.6018
33514,8.7274
33515,5.7386
33516,7.6246
33517,7.7838
33518,7.5235
33519,6.6421
33520,7.7704
33521,6.6421
33522,8.7703
33523,6.0894
33524,8.2533
33525,7.3602
33526,8.1236
33527,8.9285
33528,7.1203
33529,5.8484
33530,8.3736
33531,7.978
33532,7.031
33533,7.7838
33534,8.4383
33535,7.7161
33536,7.7838
33537,6.4699
33538,5.1384
33539,7.3602
33540,7.294
33541,7.5127
33542,9.2527
33543,7.0505
33544,8.8222
33545,8.6442
33546,7.6115
33547,7.5342
33548,7.7838
33549,8.7102
33550,7.669
33551,7.3602
33552,7.9585
33553,8.1749
33554,7.8059
33555,7.2915
33556,8.6675
33557,8.055
33558,6.9664
33559,7.7051
33560,7.6164
33561,7.3733
33562,8.6333
33563,8.8478
33564,8.2656
33565,8.2531
33566,7.2053
33567,7.4096
33568,8.0495
33569,7.7477
33570,7.6132
33571,7.4319
33572,7.4315
33573,8.1714
33574,7.7838
33575,7.5816
33576,6.8763
33577,7.6602
33578,8.1653
33579,7.1905
33580,7.9222
33581,9.0591
33582,7.6756
33583,7.1127
33584,7.2138
33585,7.7379
33586,9.1404
33587,6.6875
33588,7.5411
33589,7.3602
33590,7.3942
33591,7.4239
33592,7.8565
33593,7.6089
33594,7.7838
33595,7.2331
33596,7.1507
33597,8.484
33598,8.6016
33599,5.4673
33600,5.5339
33601,7.6437
33602,5.9718
33603,8.151
33604,7.3247
33605,7.5699
33606,5.6223
33607,7.3526
33608,8.2006
33609,8.609
33610,8.9992
33611,5.6639
33612,9.3214
33613,7.2431
33614,7.5826
33615,7.602
33616,9.2631
33617,8.9595
33618,8.3986
33619,9.3876
33620,8.3099
33621,6.7578
33622,8.6501
33623,7.959
33624,8.1997
33625,6.7435
33626,7.0785
33627,5.2842
33628,7.757
33629,8.9525
33630,8.937
33631,8.5208
33632,7.6379
33633,8.5145
33634,8.7595
33635,7.9464
33636,7.765
33637,7.8047
33638,7.2851
33639,7.4833
33640,7.8119
33641,8.6623
33642,7.9875
33643,7.1008
33644,7.9238
33645,7.958
33646,7.3602
33647,8.0794
33648,7.5325
33649,8.1622
33650,7.0777
33651,8.9525
33652,7.6759
33653,7.1892
33654,7.9149
33655,7.0157
33656,8.2672
33657,7.7838
33658,6.8275
33659,9.2375
33660,8.0918
33661,7.7838
33662,8.8141
33663,7.8134
33664,9.3962
33665,7.7448
33666,8.8506
33667,5.1384
33668,7.8301
33669,7.6589
33670,7.3152
33671,7.2521
33672,8.9311
33673,7.5244
33674,8.3173
33675,7.6218
33676,9.6506
33677,9.2131
33678,7.5962
33679,8.5575
33680,7.8246
33681,7.5565
33682,6.6906
33683,9.1109
33684,7.7838
33685,6.7514
33686,8.2138
33687,7.6256
33688,7.9615
33689,7.8936
33690,8.9525
33691,7.7838
33692,7.3658
33693,7.2961
33694,8.2552
33695,7.3102
33696,8.6388
33697,6.4459
33698,8.299
33699,8.3242
33700,7.7838
33701,7.6967
33702,7.6554
33703,7.813
33704,7.6697
33705,8.2319
33706,6.2586
33707,8.505
33708,7.5442
33709,8.0711
33710,8.6155
33711,7.3796
33712,7.8696
33713,6.776
33714,7.8763
33715,8.7319
33716,6.8251
33717,8.8405
33718,7.9934
33719,7.3157
33720,8.328
33721,7.2195
33722,9.256
33723,6.8317
33724,8.0941
33725,7.2949
33726,7.2118
33727,7.2503
33728,8.8055
33729,8.4219
33730,7.7838
33731,8.2808
33732,7.3274
33733,7.0751
33734,7.5511
33735,8.9452
33736,7.3658
33737,6.2462
33738,8.0313
33739,7.7838
33740,8.2691
33741,5.0359
33742,6.0484
33743,7.8081
33744,7.4239
33745,7.8694
33746,6.9479
33747,7.3602
33748,8.2722
33749,8.6512
33750,6.3468
33751,5.8822
33752,8.9525
33753,7.9111
33754,5.1384
33755,5.1384
33756,5.2842
33757,7.3602
33758,5.1384
33759,8.5115
33760,8.292
33761,7.2185
33762,6.9299
33763,7.8121
33764,7.1769
33765,7.6383
33766,7.9311
33767,7.8761
33768,5.1027
33769,7.184
33770,7.3399
33771,8.3814
33772,6.6292
33773,8.9399
33774,7.2828
33775,8.5406
33776,8.6659
33777,8.0971
33778,5.54
33779,6.301
33780,8.6598
33781,7.6747
33782,8.9525
33783,7.3228
33784,9.2497
33785,8.1714
33786,7.2066
33787,8.2298
33788,7.7637
33789,7.3226
33790,8.7163
33791,7.8413
33792,7.8375
33793,8.2538
33794,7.7838
33795,7.2237
33796,5.1384
33797,8.9525
33798,7.1565
33799,7.8081
33800,8.5491
33801,7.7585
33802,7.7351
33803,7.5501
33804,6.2735
33805,7.4061
33806,7.2201
33807,9.3214
33808,9.4728
33809,7.9458
33810,8.1228
33811,7.7838
33812,7.1769
33813,8.6167
33814,9.6188
33815,8.6464
33816,8.6551
33817,7.5235
33818,9.3214
33819,7.5837
33820,6.7809
33821,7.7838
33822,8.054
33823,6.9126
33824,7.8939
33825,7.7838
33826,8.73
33827,6.6293
33828,6.2586
33829,7.6644
33830,8.9525
33831,6.4253
33832,7.3958
33833,7.0881
33834,7.179
33835,7.4203
33836,7.5246
33837,6.4384
33838,6.8254
33839,9.327
33840,7.7895
33841,7.3665
33842,8.2472
33843,7.3454
33844,7.0352
33845,9.3349
33846,8.9525
33847,7.6961
33848,7.734
33849,6.2219
33850,8.4939
33851,6.9211
33852,6.0002
33853,6.8378
33854,7.248
33855,7.3602
33856,7.2854
33857,7.6199
33858,7.3602
33859,7.685
33860,6.9462
33861,7.857
33862,9.4948
33863,7.0166
33864,7.7848
33865,7.4783
33866,7.3602
33867,8.7091
33868,5.5472
33869,8.1212
33870,6.5449
33871,7.4526
33872,8.9525
33873,5.7285
33874,8.2749
33875,5.8249
33876,7.9186
33877,8.9525
33878,5.9469
33879,7.695
33880,6.7489
33881,9.2662
33882,8.284
33883,8.9525
33884,7.7726
33885,7.4438
33886,7.5011
33887,8.0398
33888,6.9187
33889,8.4139
33890,7.5977
33891,5.1384
33892,8.0424
33893,6.9296
33894,7.9831
33895,8.1393
33896,7.5235
33897,8.3897
33898,8.7549
33899,7.5606
33900,8.5055
33901,7.38
33902,7.5596
33903,7.0481
33904,6.9573
33905,8.4375
33906,8.2078
33907,9.248
33908,7.9975
33909,7.3628
33910,6.928
33911,8.1714
33912,9.3214
33913,8.4363
33914,7.387
33915,7.6002
33916,6.3704
33917,7.994
33918,8.0819
33919,7.1413
33920,7.4304
33921,6.9201
33922,7.7743
33923,5.7473
33924,9.8502
33925,7.5092
33926,8.6624
33927,7.7571
33928,7.652
33929,7.7838
33930,6.9276
33931,7.5704
33932,7.5501
33933,7.7838
33934,7.8081
33935,9.1567
33936,7.0143
33937,7.0572
33938,7.5276
33939,5.7285
33940,6.187
33941,6.828
33942,8.3897
33943,8.9452
33944,8.0823
33945,8.1301
33946,7.7279
33947,5.1384
33948,7.7984
33949,7.0682
33950,7.5856
33951,6.9696
33952,7.9619
33953,8.4628
33954,8.4472
33955,8.326
33956,6.5156
33957,8.0424
33958,7.2968
33959,8.9615
33960,8.1179
33961,7.748
33962,7.6885
33963,7.6278
33964,8.4551
33965,4.3802
33966,7.4174
33967,6.0892
33968,8.3258
33969,7.866
33970,7.0515
33971,8.2496
33972,7.5348
33973,8.398
33974,7.7838
33975,7.4718
33976,7.5436
33977,7.014
33978,5.4847
33979,7.8861
33980,7.3298
33981,7.7838
33982,7.8104
33983,8.2711
33984,7.7176
33985,8.4786
33986,7.8934
33987,6.4709
33988,7.4328
33989,8.9431
33990,8.2212
33991,8.399
33992,9.5202
33993,8.1236
33994,6.6471
33995,6.8193
33996,6.541
33997,6.3468
33998,5.692
33999,8.7091
34000,7.3479
34001,7.8851
34002,7.9887
34003,7.8889
34004,7.1287
34005,8.1456
34006,7.3602
34007,9.1866
34008,5.1384
34009,7.5469
34010,8.9452
34011,7.3602
34012,7.9358
34013,8.3196
34014,7.5853
34015,7.7473
34016,6.7487
34017,7.9912
34018,7.2864
34019,8.175
34020,9.0844
34021,7.7838
34022,6.9471
34023,6.3233
34024,8.8894
34025,6.4057
34026,8.2825
34027,5.9949
34028,7.2292
34029,8.3128
34030,7.9644
34031,7.5117
34032,7.8287
34033,6.6271
34034,7.97
34035,5.6937
34036,6.4187
34037,6.6206
34038,8.3647
34039,7.5912
34040,7.6727
34041,7.6868
34042,7.6479
34043,9.3674
34044,9.7217
34045,7.4501
34046,7.112
34047,8.9111
34048,7.5235
34049,6.5828
34050,6.9184
34051,5.2842
34052,9.0301
34053,7.3658
34054,8.7247
34055,7.8635
34056,7.5442
34057,8.1558
34058,8.6923
34059,6.6208
34060,8.031
34061,7.6698
34062,7.5919
34063,7.8973
34064,7.1483
34065,6.9445
34066,7.5012
34067,8.1714
34068,8.0868
34069,5.4204
34070,5.2252
34071,7.7838
34072,9.54
34073,6.7719
34074,7.8156
34075,8.0063
34076,8.6655
34077,7.3602
34078,6.3706
34079,8.5429
34080,3.3264
34081,9.3938
34082,9.7346
34083,7.5486
34084,7.9855
34085,8.6715
34086,8.9525
34087,7.5635
34088,5.9139
34089,7.7608
34090,8.6859
34091,7.5989
34092,7.2749
34093,8.3568
34094,7.0021
34095,7.7475
34096,8.3392
34097,7.8241
34098,7.7838
34099,7.3067
34100,6.8727
34101,7.129
34102,8.9525
34103,6.607
34104,8.1171
34105,7.3358
34106,7.8346
34107,8.9819
34108,7.5989
34109,7.2238
34110,7.0911
34111,6.2324
34112,7.6619
34113,6.7416
34114,7.8123
34115,5.1215
34116,7.3487
34117,7.8081
34118,8.4771
34119,8.2161
34120,8.1232
34121,5.7285
34122,7.1274
34123,5.2547
34124,7.5685
34125,7.563
34126,8.5447
34127,6.6039
34128,7.9676
34129,6.3104
34130,8.665
34131,8.2299
34132,8.2059
34133,6.4247
34134,5.6585
34135,7.0952
34136,6.4314
34137,8.0874
34138,8.0004
34139,8.6121
34140,9.7433
34141,7.1333
34142,3.8738
34143,9.5153
34144,7.0902
34145,8.3993
34146,8.8523
34147,7.381
34148,9.3551
34149,8.0856
34150,6.6803
34151,8.1135
34152,7.709
34153,6.6605
34154,6.0061
34155,7.1784
34156,8.1809
34157,7.7838
34158,9.3651
34159,7.9092
34160,7.9192
34161,8.9525
34162,7.2546
34163,8.9285
34164,8.3736
34165,8.7873
34166,8.0952
34167,7.866
34168,8.5611
34169,7.3086
34170,8.3292
34171,8.8222
34172,9.1404
34173,8.7261
34174,7.4582
34175,8.0794
34176,8.136
34177,7.4835
34178,8.6905
34179,7.3943
34180,6.5978
34181,8.4676
34182,6.5058
34183,7.7957
34184,7.158
34185,8.9525
34186,6.9032
34187,7.8081
34188,8.124
34189,9.3214
34190,7.0261
34191,8.3711
34192,8.9525
34193,7.4638
34194,7.072
34195,5.1384
34196,7.3602
34197,6.8816
34198,7.7838
34199,8.9525
34200,8.3156
34201,8.9525
34202,6.1778
34203,5.1384
34204,8.3993
34205,6.9011
34206,8.9143
34207,8.53
34208,7.247
34209,7.4079
34210,8.9525
34211,7.7838
34212,7.8134
34213,7.1283
34214,8.3806
34215,7.7535
34216,6.1277
34217,8.3527
34218,6.3175
34219,7.669
34220,5.7264
34221,8.4419
34222,8.9525
34223,8.7322
34224,8.7231
34225,6.77
34226,7.1287
34227,8.5296
34228,7.7685
34229,8.4732
34230,7.3602
34231,9.944
34232,8.3878
34233,7.5713
34234,7.9029
34235,7.9495
34236,8.3402
34237,7.0996
34238,6.5384
34239,8.6255
34240,6.9068
34241,7.6068
34242,6.9061
34243,8.2443
34244,7.3069
34245,7.3142
34246,8.3105
34247,8.1429
34248,8.3435
34249,5.0132
34250,7.26
34251,8.3171
34252,8.9007
34253,7.3595
34254,6.7609
34255,7.9798
34256,6.145
34257,8.6811
34258,7.26
34259,7.7838
34260,8.3932
34261,8.7686
34262,8.284
34263,8.3052
34264,9.0859
34265,7.162
34266,7.2466
34267,8.1727
34268,8.9525
34269,8.0971
34270,7.7838
34271,7.2029
34272,6.3488
34273,7.6194
34274,8.0366
34275,9.0466
34276,7.9115
34277,8.5029
34278,7.2207
34279,8.5025
34280,8.8707
34281,6.6885
34282,8.159
34283,8.6704
34284,7.5195
34285,7.2864
34286,7.9181
34287,6.6035
34288,8.122
34289,8.1625
34290,6.7234
34291,8.0004
34292,9.097
34293,8.1128
34294,7.7328
34295,7.4288
34296,7.477
34297,7.2564
34298,7.1754
34299,7.3397
34300,7.7838
34301,8.3099
34302,7.3885
34303,7.4954
34304,5.5087
34305,7.7274
34306,6.1674
34307,8.2739
34308,8.1398
34309,7.3458
34310,7.7111
34311,7.7586
34312,6.6604
34313,7.5718
34314,6.093
34315,8.4647
34316,7.4012
34317,7.561
34318,8.6076
34319,8.3621
34320,7.322
34321,5.1138
34322,8.3874
34323,7.6572
34324,7.7838
34325,7.7838
34326,6.9299
34327,7.3941
34328,7.1287
34329,5.7285
34330,8.5296
34331,7.0923
34332,8.0051
34333,8.0298
34334,7.5537
34335,8.9452
34336,7.0509
34337,7.5235
34338,7.2076
34339,7.702
34340,7.4485
34341,7.7838
34342,8.1975
34343,8.1298
34344,6.182
34345,7.1383
34346,7.5695
34347,8.4651
34348,7.1063
34349,7.124
34350,6.511
34351,6.5974
34352,6.6654
34353,8.6611
34354,6.102
34355,7.2059
34356,8.6799
34357,7.9996
34358,7.5219
34359,8.3635
34360,7.2522
34361,8.1141
34362,8.0637
34363,8.7104
34364,6.992
34365,8.6992
34366,7.3602
34367,7.7786
34368,7.3602
34369,6.6389
34370,9.1307
34371,9.3238
34372,6.5611
34373,7.2407
34374,7.6775
34375,7.7838
34376,6.9299
34377,7.6991
34378,5.6585
34379,7.0857
34380,7.0257
34381,7.2049
34382,7.7935
34383,6.2825
34384,5.9213
34385,7.2751
34386,6.3148
34387,8.9525
34388,7.9432
34389,6.5021
34390,8.2789
34391,8.3266
34392,8.0275
34393,7.5356
34394,7.2026
34395,7.4222
34396,7.4049
34397,7.4824
34398,9.2193
34399,5.7285
34400,8.2782
34401,8.994
34402,8.0018
34403,5.1384
34404,7.164
34405,5.6299
34406,8.3736
34407,7.6077
34408,6.3782
34409,5.1384
34410,7.1467
34411,8.6186
34412,7.0658
34413,7.894
34414,8.582
34415,9.2254
34416,6.7964
34417,7.8514
34418,7.5357
34419,7.8896
34420,7.7602
34421,6.958
34422,7.6722
34423,8.5883
34424,8.8105
34425,8.0019
34426,8.1951
34427,7.4066
34428,6.8611
34429,6.9676
34430,8.9224
34431,6.7726
34432,8.6671
34433,7.2645
34434,7.6876
34435,7.5717
34436,5.1905
34437,8.2443
34438,8.5702
34439,7.2191
34440,7.4398
34441,7.091
34442,7.1769
34443,6.6421
34444,8.108
34445,7.7838
34446,8.9233
34447,9.4859
34448,8.6946
34449,5.9213
34450,8.7091
34451,4.3902
34452,7.6873
34453,7.4652
34454,7.1892
34455,8.3434
34456,6.4856
34457,5.5666
34458,8.9525
34459,6.3499
34460,7.7022
34461,8.2362
34462,7.314
34463,7.7838
34464,6.7018
34465,5.6228
34466,7.2549
34467,7.2584
34468,7.023
34469,7.2069
34470,8.9525
34471,6.2812
34472,8.0077
34473,8.547
34474,8.5851
34475,6.0019
34476,7.7151
34477,6.7176
34478,8.1836
34479,6.1159
34480,8.0321
34481,8.4767
34482,7.3796
34483,8.1714
34484,8.9191
34485,6.7636
34486,8.2219
34487,8.4216
34488,6.7542
34489,7.5235
34490,8.284
34491,7.2084
34492,7.8113
34493,5.9876
34494,6.6971
34495,9.2459
34496,7.2207
34497,8.7745
34498,7.7838
34499,8.1714
34500,8.7982
34501,6.8299
34502,6.776
34503,7.1817
34504,6.7701
34505,7.5537
34506,4.3737
34507,5.2842
34508,6.2673
34509,7.401
34510,5.1384
34511,8.247
34512,8.7897
34513,8.1613
34514,5.7433
34515,7.7345
34516,7.3688
34517,8.781
34518,6.8883
34519,8.9525
34520,8.5458
34521,8.4571
34522,8.8793
34523,8.1956
34524,9.5427
34525,8.9669
34526,8.3485
34527,8.1164
34528,8.2153
34529,7.0017
34530,7.2017
34531,7.3602
34532,6.405
34533,5.5329
34534,7.8405
34535,6.2583
34536,7.3533
34537,7.26
34538,8.1987
34539,6.9705
34540,7.6915
34541,7.5078
34542,8.716
34543,7.5317
34544,7.3558
34545,8.0321
34546,8.4743
34547,8.0295
34548,9.157
34549,7.2528
34550,7.8274
34551,8.159
34552,8.4338
34553,5.3754
34554,4.3737
34555,6.9727
34556,8.284
34557,7.7476
34558,8.0495
34559,6.2583
34560,7.2225
34561,8.5921
34562,7.3602
34563,8.284
34564,7.1213
34565,7.774
34566,8.3912
34567,6.056
34568,8.1839
34569,7.3726
34570,9.3214
34571,8.0284
34572,7.5392
34573,6.6377
34574,8.2164
34575,7.6247
34576,5.9718
34577,7.3602
34578,8.3603
34579,7.5235
34580,8.9525
34581,8.1807
34582,8.2857
34583,7.3602
34584,6.5122
34585,8.2874
34586,7.6596
34587,7.9819
34588,6.1039
34589,5.6125
34590,7.4035
34591,5.1384
34592,7.3602
34593,7.7937
34594,7.2559
34595,9.3997
34596,7.3602
34597,8.4964
34598,7.3602
34599,7.5983
34600,8.2949
34601,7.8673
34602,8.7116
34603,8.3795
34604,7.3011
34605,7.0125
34606,7.063
34607,7.3602
34608,7.3786
34609,8.3515
34610,7.2857
34611,8.284
34612,7.5812
34613,7.5599
34614,6.8307
34615,6.6602
34616,6.9211
34617,7.3602
34618,9.7802
34619,6.5133
34620,7.4876
34621,8.9525
34622,6.7367
34623,8.5382
34624,7.5235
34625,6.3772
34626,8.1234
34627,7.6439
34628,7.7838
34629,7.0334
34630,8.2787
34631,7.4287
34632,7.7231
34633,7.4571
34634,8.3736
34635,6.5353
34636,8.4221
34637,7.4753
34638,7.7123
34639,8.9467
34640,7.3287
34641,8.4114
34642,7.1547
34643,6.6035
34644,9.1798
34645,7.6717
34646,7.5073
34647,8.799
34648,8.4989
34649,8.0024
34650,7.6294
34651,6.8711
34652,7.8925
34653,7.4545
34654,7.6959
34655,7.9945
34656,7.7817
34657,7.082
34658,5.6209
34659,7.2768
34660,8.1828
34661,6.6392
34662,7.8062
34663,7.7399
34664,6.6718
34665,8.5683
34666,7.3658
34667,6.4128
34668,8.9954
34669,8.9452
34670,8.2362
34671,8.1965
34672,8.2257
34673,7.5877
34674,4.5812
34675,7.7543
34676,8.2311
34677,7.7838
34678,8.2976
34679,6.5203
34680,6.8271
34681,8.9831
34682,7.0069
34683,8.8473
34684,8.4732
34685,7.1769
34686,4.368
34687,7.9248
34688,7.6601
34689,8.1983
34690,6.0579
34691,7.2812
34692,6.7929
34693,8.3472
34694,6.8458
34695,6.9918
34696,6.8395
34697,8.9926
34698,7.7118
34699,8.421
34700,7.7838
34701,7.5551
34702,6.5885
34703,8.921
34704,8.6354
34705,8.9452
34706,8.9692
34707,8.8419
34708,7.7055
34709,7.8634
34710,9.7083
34711,8.4792
34712,9.0389
34713,7.8016
34714,6.5557
34715,8.5296
34716,6.8782
34717,7.0471
34718,7.9601
34719,5.4293
34720,7.3167
34721,7.8694
34722,7.1841
34723,7.6306
34724,7.5545
34725,8.396
34726,7.0192
34727,7.3875
34728,7.3273
34729,7.7596
34730,7.7358
34731,8.4768
34732,8.3736
34733,8.0387
34734,8.9158
34735,7.1866
34736,7.6865
34737,5.7964
34738,8.0955
34739,7.5825
34740,7.3277
34741,6.9818
34742,8.3702
34743,8.1575
34744,7.3915
34745,8.2583
34746,6.0209
34747,6.2227
34748,7.255
34749,8.9525
34750,9.3719
34751,4.6312
34752,7.3602
34753,8.0202
34754,7.3377
34755,6.9772
34756,8.5246
34757,7.4783
34758,7.7838
34759,7.544
34760,9.3304
34761,8.267
34762,7.394
34763,8.2827
34764,8.3039
34765,7.8823
34766,7.3485
34767,7.4501
34768,7.7162
34769,8.535
34770,8.089
34771,8.3094
34772,6.6744
34773,7.5327
34774,8.5448
34775,8.6333
34776,6.4482
34777,7.3501
34778,5.2643
34779,5.1349
34780,6.2494
34781,7.7838
34782,7.477
34783,7.5934
34784,7.9229
34785,9.232
34786,7.8134
34787,7.4055
34788,8.9525
34789,7.9175
34790,6.6183
34791,7.1477
34792,8.3701
34793,7.3258
34794,8.9754
34795,7.0392
34796,7.5854
34797,8.567
34798,7.405
34799,7.3312
34800,7.2259
34801,9.9358
34802,6.3551
34803,10.0
34804,6.9325
34805,5.4084
34806,7.7838
34807,6.4187
34808,5.3757
34809,7.6658
34810,6.8251
34811,7.9377
34812,8.1814
34813,7.6175
34814,7.597
34815,7.1372
34816,6.3765
34817,7.8824
34818,8.4193
34819,7.4644
34820,7.8338
34821,6.8259
34822,8.5839
34823,6.8981
34824,5.9994
34825,8.4828
34826,7.8062
34827,7.5184
34828,7.1071
34829,7.3602
34830,5.9961
34831,9.0343
34832,9.416
34833,7.3953
34834,7.3404
34835,7.1331
34836,8.1909
34837,7.4764
34838,7.0601
34839,7.5935
34840,7.3602
34841,7.3098
34842,8.4395
34843,8.1423
34844,8.123
34845,7.3602
34846,5.8669
34847,7.5235
34848,8.3445
34849,6.8056
34850,6.6947
34851,7.4679
34852,8.1506
34853,8.446
34854,7.26
34855,7.6504
34856,9.3214
34857,6.95
34858,8.6027
34859,8.0899
34860,5.1384
34861,8.1714
34862,8.175
34863,8.041
34864,9.5903
34865,7.8408
34866,7.3602
34867,7.8967
34868,7.8374
34869,5.2469
34870,8.3595
34871,6.9735
34872,7.5048
34873,6.0637
34874,7.1623
34875,9.3214
34876,8.9926
34877,6.3854
34878,7.38
34879,7.323
34880,7.6104
34881,7.8649
34882,7.7457
34883,7.2507
34884,7.451
34885,8.1139
34886,6.2155
34887,7.5575
34888,8.6951
34889,6.906
34890,6.447
34891,7.829
34892,9.5919
34893,8.3429
34894,7.0795
34895,7.5235
34896,7.848
34897,6.639
34898,8.145
34899,7.7526
34900,7.5342
34901,8.4718
34902,7.7838
34903,8.3128
34904,8.1221
34905,6.6602
34906,7.8005
34907,6.9824
34908,6.1002
34909,5.7571
34910,7.1769
34911,8.2264
34912,7.7985
34913,5.7293
34914,6.0025
34915,7.4677
34916,9.408
34917,7.6446
34918,7.7838
34919,6.9367
34920,7.1519
34921,8.0777
34922,7.8896
34923,6.8453
34924,8.3538
34925,7.5235
34926,7.7838
34927,7.8443
34928,6.5629
34929,7.7838
34930,8.0493
34931,5.6607
34932,7.257
34933,7.7179
34934,7.9495
34935,7.3343
34936,9.1558
34937,8.2605
34938,9.7083
34939,7.9567
34940,7.4547
34941,5.442
34942,7.4619
34943,8.1714
34944,6.8763
34945,8.1714
34946,8.6488
34947,8.6044
34948,9.3761
34949,7.1859
34950,7.5166
34951,7.6618
34952,7.8556
34953,7.7683
34954,8.0267
34955,7.6907
34956,5.8686
34957,8.7091
34958,7.7838
34959,9.3214
34960,7.0943
34961,8.1746
34962,7.5253
34963,8.8052
34964,8.3777
34965,7.5448
34966,7.0717
34967,7.5166
34968,6.0509
34969,4.0205
34970,9.0232
34971,8.6155
34972,7.5611
34973,7.7838
34974,8.9452
34975,8.9525
34976,7.9931
34977,6.5885
34978,7.7838
34979,8.694
34980,8.0159
34981,9.369
34982,7.6293
34983,7.2339
34984,8.4732
34985,7.7838
34986,7.7053
34987,7.3612
34988,6.7771
34989,8.9525
34990,6.8192
34991,6.2438
34992,8.1714
34993,5.824
34994,8.9535
34995,8.2452
34996,6.65
34997,8.1965
34998,7.7782
34999,8.5221
35000,7.7358
35001,5.1384
35002,6.1095
35003,8.1085
35004,6.6664
35005,6.3125
35006,6.9211
35007,7.8196
35008,7.6879
35009,6.2331
35010,8.2514
35011,7.7838
35012,5.2743
35013,7.5486
35014,5.1384
35015,6.8787
35016,7.7392
35017,5.586
35018,6.1618
35019,8.4833
35020,8.4368
35021,7.7211
35022,9.3214
35023,7.5715
35024,7.1078
35025,8.4402
35026,7.9926
35027,8.2827
35028,6.2354
35029,6.5037
35030,8.1221
35031,9.3029
35032,7.2113
35033,7.7975
35034,8.085
35035,7.7683
35036,6.6287
35037,8.3466
35038,6.6862
35039,5.7285
35040,8.0295
35041,9.1203
35042,7.2616
35043,4.7249
35044,7.1822
35045,8.6719
35046,6.964
35047,8.0355
35048,8.5378
35049,7.7838
35050,6.5565
35051,7.9214
35052,7.3015
35053,8.9525
35054,7.7609
35055,6.5381
35056,7.3878
35057,8.4324
35058,8.6636
35059,7.671
35060,8.9299
35061,7.0565
35062,6.9691
35063,9.0338
35064,10.0
35065,6.7609
35066,6.2692
35067,6.8806
35068,7.3546
35069,8.5245
35070,8.8473
35071,7.7838
35072,8.9475
35073,8.7163
35074,8.2092
35075,7.4447
35076,8.5897
35077,8.6488
35078,7.9089
35079,7.9921
35080,7.7616
35081,8.4611
35082,8.0689
35083,7.3602
35084,9.369
35085,8.175
35086,7.9827
35087,8.4069
35088,8.3652
35089,6.8641
35090,7.5179
35091,7.7063
35092,8.1443
35093,8.5296
35094,7.7838
35095,7.7473
35096,8.7683
35097,6.4522
35098,9.4327
35099,9.0546
35100,6.9111
35101,8.7264
35102,5.2547
35103,7.8081
35104,7.5302
35105,8.0404
35106,5.1761
35107,7.7145
35108,6.9082
35109,7.4233
35110,8.3385
35111,7.9004
35112,8.9525
35113,7.1561
35114,7.0754
35115,7.6546
35116,7.006
35117,6.5066
35118,8.6745
35119,8.7023
35120,8.9525
35121,8.0732
35122,7.4257
35123,4.7289
35124,8.054
35125,5.8138
35126,7.7838
35127,6.2487
35128,7.669
35129,7.678
35130,7.4106
35131,8.3736
35132,7.8505
35133,7.3614
35134,5.949
35135,8.9525
35136,8.5251
35137,7.9329
35138,8.3621
35139,8.9461
35140,6.2851
35141,5.7655
35142,6.262
35143,9.4859
35144,8.9863
35145,8.1656
35146,7.0732
35147,7.6848
35148,8.1893
35149,6.6755
35150,8.9525
35151,8.8635
35152,5.2861
35153,7.536
35154,7.8171
35155,8.945
35156,7.4146
35157,7.7227
35158,8.9525
35159,7.4009
35160,6.5731
35161,6.9341
35162,8.2786
35163,7.6307
35164,9.0392
35165,7.0777
35166,7.6698
35167,8.0462
35168,7.5956
35169,6.8769
35170,7.7838
35171,8.7098
35172,8.3919
35173,7.5678
35174,6.5882
35175,7.3515
35176,9.0089
35177,8.5192
35178,8.9525
35179,9.5081
35180,8.9525
35181,7.429
35182,5.9089
35183,6.8405
35184,7.1613
35185,7.2518
35186,7.4711
35187,7.3167
35188,8.1853
35189,5.2842
35190,8.9776
35191,7.3602
35192,8.3193
35193,7.0178
35194,7.45
35195,8.6861
35196,8.138
35197,8.1367
35198,6.5789
35199,7.7683
35200,8.8052
35201,7.6173
35202,8.1416
35203,9.7406
35204,8.6434
35205,6.6076
35206,8.7542
35207,6.624
35208,7.7108
35209,7.8829
35210,8.7413
35211,7.5235
35212,7.2586
35213,8.6801
35214,7.1859
35215,7.6365
35216,7.7838
35217,7.5969
35218,7.9237
35219,7.3958
35220,7.992
35221,8.6525
35222,7.3658
35223,7.5816
35224,8.7091
35225,7.7733
35226,7.5887
35227,8.1037
35228,7.5212
35229,8.9218
35230,10.0
35231,7.7723
35232,6.7391
35233,6.1617
35234,8.9525
35235,8.5642
35236,7.7838
35237,8.6986
35238,6.6748
35239,8.4327
35240,8.383
35241,8.0973
35242,7.0041
35243,7.7411
35244,8.0692
35245,7.6497
35246,5.9876
35247,9.0967
35248,7.083
35249,8.7107
35250,8.3409
35251,7.7665
35252,7.0488
35253,7.9128
35254,8.2341
35255,6.4365
35256,5.5999
35257,6.6532
35258,7.5539
35259,8.2416
35260,7.881
35261,7.7552
35262,7.8357
35263,7.1769
35264,7.7838
35265,6.8367
35266,5.9213
35267,7.0615
35268,7.0976
35269,8.0466
35270,7.1801
35271,7.2778
35272,8.3484
35273,8.7394
35274,7.3602
35275,7.4951
35276,7.0004
35277,5.7285
35278,9.0795
35279,8.2164
35280,7.845
35281,8.8706
35282,7.5795
35283,8.7134
35284,7.2895
35285,7.8093
35286,6.3302
35287,7.0688
35288,7.2835
35289,8.4619
35290,6.3701
35291,8.4365
35292,8.0221
35293,5.05
35294,8.6401
35295,7.7838
35296,7.7876
35297,6.9379
35298,8.3445
35299,6.1388
35300,7.3173
35301,7.9922
35302,7.559
35303,8.9525
35304,5.3661
35305,7.1191
35306,8.0608
35307,7.2912
35308,9.5276
35309,7.1784
35310,8.1728
35311,6.9804
35312,7.7615
35313,7.5908
35314,6.2509
35315,7.3394
35316,6.9392
35317,6.9473
35318,7.5124
35319,7.6939
35320,7.9711
35321,7.5235
35322,8.1719
35323,7.7602
35324,7.9584
35325,8.0295
35326,7.4768
35327,7.6619
35328,8.9525
35329,7.8565
35330,5.1384
35331,7.1472
35332,7.3262
35333,6.8029
35334,7.8133
35335,6.4203
35336,7.8417
35337,7.717
35338,8.8222
35339,6.8392
35340,7.7719
35341,6.1781
35342,8.2196
35343,8.3821
35344,7.1076
35345,8.5307
35346,7.8384
35347,5.469
35348,7.6518
35349,8.3383
35350,7.6865
35351,6.7861
35352,9.1456
35353,9.1048
35354,7.0943
35355,7.7622
35356,8.1705
35357,7.4248
35358,5.4388
35359,9.3214
35360,8.8395
35361,8.0083
35362,8.3633
35363,6.3551
35364,6.8603
35365,8.9926
35366,8.483
35367,8.1712
35368,6.3464
35369,7.3568
35370,6.7772
35371,8.1598
35372,8.246
35373,6.6278
35374,7.754
35375,6.8179
35376,7.9327
35377,7.9026
35378,7.7059
35379,7.7838
35380,7.6635
35381,7.2754
35382,7.4979
35383,8.2715
35384,7.7084
35385,7.5816
35386,7.26
35387,8.2957
35388,7.8134
35389,7.5607
35390,7.356
35391,8.9452
35392,6.7893
35393,8.4467
35394,8.979
35395,6.6341
35396,7.8792
35397,7.774
35398,9.342
35399,7.3554
35400,7.2208
35401,7.5196
35402,8.9452
35403,7.2721
35404,7.7608
35405,9.6694
35406,8.11
35407,9.115
35408,9.2156
35409,7.6944
35410,7.2548
35411,8.2708
35412,6.311
35413,6.9725
35414,7.0559
35415,8.2546
35416,7.0879
35417,6.3917
35418,5.1899
35419,8.1714
35420,8.9233
35421,7.4771
35422,8.8816
35423,8.0691
35424,7.0121
35425,7.705
35426,7.9829
35427,7.4585
35428,8.8147
35429,5.3773
35430,8.0023
35431,7.0436
35432,8.3823
35433,8.3866
35434,7.8021
35435,7.3602
35436,7.1676
35437,8.5937
35438,8.0877
35439,7.8165
35440,7.0888
35441,7.2195
35442,7.4851
35443,7.6031
35444,7.0648
35445,7.7483
35446,8.4727
35447,8.005
35448,7.652
35449,7.8957
35450,7.7838
35451,6.9299
35452,8.6567
35453,8.8803
35454,7.7838
35455,8.3809
35456,6.2297
35457,8.6952
35458,7.8631
35459,7.3782
35460,8.8697
35461,8.0116
35462,7.5585
35463,5.1384
35464,7.5893
35465,7.3314
35466,6.8253
35467,6.4229
35468,6.6817
35469,7.7838
35470,8.3152
35471,7.2586
35472,7.1726
35473,6.6502
35474,8.7318
35475,7.9142
35476,8.905
35477,7.8942
35478,8.2424
35479,8.9525
35480,7.9226
35481,9.5178
35482,6.36
35483,7.5623
35484,7.7227
35485,5.5641
35486,7.9205
35487,7.4628
35488,4.4097
35489,6.0828
35490,8.5434
35491,5.6572
35492,8.9525
35493,7.7782
35494,8.5643
35495,7.6619
35496,8.6108
35497,6.5524
35498,7.8436
35499,7.9955
35500,6.9981
35501,9.0192
35502,7.9184
35503,8.284
35504,8.9525
35505,5.9718
35506,8.1437
35507,6.972
35508,7.5195
35509,5.7285
35510,6.8886
35511,7.3317
35512,7.3347
35513,6.9483
35514,9.2214
35515,6.2522
35516,7.0523
35517,7.1779
35518,7.021
35519,7.7025
35520,6.9378
35521,7.5235
35522,8.9525
35523,8.7091
35524,9.5527
35525,8.4139
35526,7.3602
35527,7.8241
35528,8.9237
35529,7.7838
35530,8.3409
35531,7.8509
35532,8.3157
35533,7.7935
35534,7.5816
35535,8.3099
35536,8.284
35537,6.9299
35538,6.9211
35539,6.5213
35540,7.8418
35541,7.7137
35542,8.4802
35543,7.3378
35544,8.3748
35545,7.5235
35546,7.0843
35547,7.7838
35548,7.631
35549,8.1801
35550,7.0749
35551,6.9955
35552,7.2915
35553,6.4571
35554,7.408
35555,4.8152
35556,7.7838
35557,7.7408
35558,7.5689
35559,8.0213
35560,6.349
35561,9.3959
35562,7.8342
35563,8.0175
35564,7.9447
35565,8.5213
35566,6.9836
35567,8.4447
35568,8.4666
35569,7.56
35570,7.9991
35571,7.0496
35572,7.8805
35573,8.5323
35574,6.3765
35575,7.7838
35576,7.9472
35577,7.7948
35578,6.6112
35579,8.39
35580,8.5296
35581,3.8056
35582,8.1059
35583,7.7609
35584,7.2779
35585,9.9473
35586,8.9864
35587,6.8773
35588,7.9324
35589,7.7557
35590,8.0589
35591,6.0495
35592,8.0148
35593,8.1558
35594,8.5303
35595,7.2413
35596,7.8835
35597,8.4396
35598,9.2403
35599,6.9222
35600,6.9446
35601,8.0075
35602,7.689
35603,7.1637
35604,7.2003
35605,7.491
35606,6.686
35607,7.7032
35608,8.5368
35609,8.0629
35610,7.3823
35611,7.5235
35612,7.5508
35613,7.0727
35614,6.8411
35615,6.3313
35616,7.0175
35617,8.3126
35618,7.3602
35619,7.164
35620,8.7137
35621,4.3737
35622,7.7373
35623,7.4362
35624,7.6046
35625,9.1592
35626,6.2709
35627,7.8939
35628,7.5293
35629,8.0143
35630,8.5767
35631,5.6585
35632,8.3001
35633,6.769
35634,7.9415
35635,7.4815
35636,7.3776
35637,8.3919
35638,7.816
35639,6.8415
35640,7.3602
35641,8.4157
35642,7.7838
35643,8.0912
35644,6.724
35645,7.6634
35646,9.2063
35647,7.8168
35648,8.053
35649,8.3892
35650,8.0334
35651,7.1466
35652,8.1997
35653,9.3041
35654,7.6649
35655,8.4654
35656,7.6904
35657,7.5816
35658,8.0177
35659,8.1393
35660,5.3204
35661,6.459
35662,8.1714
35663,7.3219
35664,7.2233
35665,8.1573
35666,7.6052
35667,8.1549
35668,8.88
35669,8.0363
35670,8.0224
35671,7.3602
35672,7.9844
35673,5.7285
35674,8.2394
35675,8.1162
35676,8.5296
35677,8.6107
35678,6.7568
35679,8.3176
35680,7.4473
35681,7.0035
35682,8.9525
35683,5.8183
35684,6.9905
35685,7.7838
35686,5.6636
35687,8.9525
35688,8.6188
35689,8.3884
35690,8.005
35691,6.9299
35692,6.939
35693,6.3426
35694,6.9299
35695,7.8642
35696,9.369
35697,7.7838
35698,7.2365
35699,7.1385
35700,8.0091
35701,7.6345
35702,7.3236
35703,8.1968
35704,8.9525
35705,7.5838
35706,8.6145
35707,7.2893
35708,6.9845
35709,9.1099
35710,9.2039
35711,7.7838
35712,8.6628
35713,8.9954
35714,9.2823
35715,8.3216
35716,6.7676
35717,9.5696
35718,6.8687
35719,7.3602
35720,5.6454
35721,6.3832
35722,5.316
35723,7.098
35724,8.5857
35725,9.1803
35726,8.1388
35727,7.2738
35728,7.7315
35729,8.4656
35730,5.58
35731,8.1653
35732,8.7091
35733,8.3453
35734,6.6202
35735,6.5265
35736,7.5475
35737,9.0393
35738,8.0776
35739,7.8073
35740,6.6107
35741,8.1053
35742,9.191
35743,8.1579
35744,9.0254
35745,8.267
35746,4.7014
35747,7.3222
35748,7.7021
35749,8.7549
35750,6.5629
35751,5.5735
35752,4.3737
35753,7.4738
35754,5.6636
35755,7.5413
35756,7.6208
35757,8.1528
35758,5.7822
35759,8.5741
35760,7.3852
35761,6.6522
35762,7.3756
35763,7.1314
35764,5.1384
35765,7.5599
35766,8.6217
35767,7.9507
35768,6.7664
35769,9.7433
35770,7.2338
35771,8.8295
35772,6.7191
35773,8.0453
35774,8.3595
35775,7.785
35776,7.8725
35777,7.7935
35778,8.2817
35779,5.1384
35780,7.4269
35781,6.3618
35782,6.9437
35783,9.1081
35784,7.4311
35785,6.4472
35786,6.0039
35787,8.94
35788,6.8661
35789,9.7691
35790,8.3887
35791,9.4859
35792,7.6019
35793,7.4674
35794,6.695
35795,8.2004
35796,9.4859
35797,6.6602
35798,7.8866
35799,7.9178
35800,8.8506
35801,7.8834
35802,8.3359
35803,6.9367
35804,7.5408
35805,7.3461
35806,7.4242
35807,5.9901
35808,7.1209
35809,9.7182
35810,8.9525
35811,8.1714
35812,7.3451
35813,7.7838
35814,8.8085
35815,9.1574
35816,7.3411
35817,8.287
35818,7.9123
35819,5.2924
35820,8.4223
35821,5.8102
35822,7.4083
35823,8.3418
35824,4.3737
35825,8.9099
35826,5.6585
35827,7.3658
35828,7.0609
35829,7.4113
35830,7.1779
35831,7.0678
35832,9.6188
35833,7.7452
35834,8.068
35835,7.9912
35836,8.0744
35837,7.4776
35838,7.3602
35839,7.8663
35840,8.9131
35841,5.4244
35842,10.0
35843,8.1207
35844,7.1144
35845,8.409
35846,8.8722
35847,5.4123
35848,7.838
35849,6.8092
35850,6.0495
35851,6.6789
35852,5.4741
35853,6.7824
35854,7.1472
35855,8.925
35856,7.5235
35857,6.8768
35858,8.7549
35859,8.0663
35860,7.1593
35861,8.6967
35862,7.0068
35863,9.1405
35864,7.5219
35865,8.0783
35866,7.2913
35867,7.4532
35868,7.6609
35869,7.7191
35870,8.0615
35871,8.2212
35872,6.9212
35873,6.2289
35874,8.3603
35875,6.1397
35876,8.9525
35877,8.7091
35878,7.1769
35879,7.3737
35880,7.7147
35881,5.0677
35882,6.1914
35883,7.7838
35884,8.8161
35885,7.1423
35886,8.7137
35887,5.7194
35888,8.8439
35889,7.2949
35890,8.1629
35891,7.7747
35892,9.3214
35893,9.105
35894,8.9525
35895,8.9525
35896,7.0262
35897,8.4782
35898,8.9525
35899,7.1769
35900,7.7823
35901,7.9861
35902,4.3095
35903,5.1384
35904,7.1323
35905,7.2236
35906,7.8347
35907,7.2603
35908,8.0941
35909,7.5624
35910,7.5845
35911,7.1798
35912,7.247
35913,7.9637
35914,8.0433
35915,7.8761
35916,8.044
35917,5.9322
35918,7.6393
35919,7.9056
35920,7.399
35921,7.4386
35922,8.0321
35923,7.7782
35924,7.9261
35925,7.7838
35926,6.4257
35927,6.6404
35928,8.057
35929,7.1896
35930,7.7584
35931,8.2546
35932,7.4011
35933,8.1734
35934,6.9656
35935,8.9525
35936,6.3984
35937,7.7838
35938,8.5003
35939,8.0373
35940,7.1825
35941,7.7838
35942,7.3602
35943,8.233
35944,7.6244
35945,7.3602
35946,7.4574
35947,6.6092
35948,8.4743
35949,6.9289
35950,7.3415
35951,6.0947
35952,7.8763
35953,8.066
35954,7.8613
35955,7.9311
35956,8.2277
35957,8.6077
35958,7.0235
35959,7.3199
35960,7.762
35961,8.8585
35962,5.0272
35963,9.7092
35964,8.9525
35965,7.7838
35966,8.5585
35967,8.5557
35968,7.2208
35969,7.9432
35970,7.4167
35971,8.3573
35972,8.159
35973,6.2031
35974,8.3198
35975,8.4939
35976,8.0267
35977,9.3214
35978,7.7278
35979,6.1855
35980,6.9686
35981,8.1107
35982,8.6899
35983,8.1714
35984,9.0749
35985,5.9158
35986,7.9335
35987,7.26
35988,9.2775
35989,7.1844
35990,8.0397
35991,8.1629
35992,7.9889
35993,7.7838
35994,7.5612
35995,8.0386
35996,7.2344
35997,6.2213
35998,7.7535
35999,5.1384
36000,6.7927
36001,7.2185
36002,8.3234
36003,8.1245
36004,6.7354
36005,4.754
36006,8.3404
36007,7.3602
36008,7.0568
36009,7.4497
36010,7.9432
36011,7.3424
36012,8.9366
36013,7.3516
36014,7.4218
36015,7.8367
36016,9.3214
36017,6.6708
36018,7.7052
36019,8.2443
36020,7.3167
36021,8.6719
36022,7.9007
36023,8.6266
36024,7.9644
36025,8.3289
36026,7.8937
36027,8.5296
36028,7.3238
36029,6.3955
36030,7.557
36031,7.9792
36032,8.0043
36033,7.6692
36034,7.0844
36035,8.1526
36036,7.7838
36037,8.9452
36038,8.6715
36039,8.7043
36040,6.3744
36041,8.7733
36042,7.7929
36043,7.7001
36044,8.1142
36045,7.4635
36046,5.871
36047,7.5487
36048,6.9223
36049,7.0966
36050,7.7115
36051,7.8462
36052,8.7299
36053,7.3602
36054,8.2032
36055,8.3174
36056,8.0695
36057,7.0278
36058,8.1021
36059,6.2583
36060,6.4513
36061,6.6602
36062,8.4108
36063,8.4732
36064,8.9139
36065,6.3553
36066,7.6249
36067,8.4405
36068,8.7113
36069,7.0565
36070,7.1948
36071,7.2527
36072,7.5848
36073,8.2157
36074,7.7838
36075,7.071
36076,6.8332
36077,8.4313
36078,7.6424
36079,7.5984
36080,7.0368
36081,8.0893
36082,7.2473
36083,7.4776
36084,7.3703
36085,8.6754
36086,7.7921
36087,8.6439
36088,8.4724
36089,5.1384
36090,8.9525
36091,7.6656
36092,8.404
36093,7.7637
36094,5.8468
36095,6.9942
36096,7.9432
36097,7.0017
36098,9.7898
36099,8.3752
36100,7.635
36101,8.0589
36102,7.1478
36103,6.7996
36104,7.6195
36105,8.4904
36106,8.7647
36107,8.2128
36108,8.1952
36109,7.3653
36110,5.4593
36111,8.2308
36112,8.2132
36113,8.2769
36114,7.3602
36115,8.852
36116,7.7838
36117,7.9551
36118,6.933
36119,8.4375
36120,5.1384
36121,6.8989
36122,7.4819
36123,7.558
36124,7.7179
36125,8.0321
36126,7.4813
36127,7.8289
36128,6.9796
36129,8.5795
36130,8.3261
36131,7.4638
36132,7.62
36133,7.7645
36134,7.2126
36135,7.1903
36136,6.4835
36137,8.3861
36138,6.2997
36139,7.8403
36140,7.5972
36141,8.5703
36142,8.5287
36143,7.7776
36144,9.6591
36145,8.3211
36146,7.7532
36147,8.7931
36148,8.5023
36149,8.9525
36150,7.0476
36151,5.7285
36152,8.9452
36153,6.3573
36154,7.3602
36155,7.4523
36156,6.5648
36157,7.3606
36158,8.0455
36159,7.2993
36160,8.1843
36161,8.2569
36162,8.3852
36163,8.8975
36164,8.1616
36165,7.364
36166,8.8194
36167,7.1878
36168,8.5583
36169,9.1231
36170,6.9934
36171,7.7838
36172,8.9342
36173,8.0461
36174,9.1396
36175,6.6327
36176,8.8414
36177,8.0309
36178,7.0
36179,8.1545
36180,7.8185
36181,8.9525
36182,7.2904
36183,7.6304
36184,7.3144
36185,5.3773
36186,8.0533
36187,7.112
36188,7.3573
36189,7.7573
36190,9.0447
36191,7.4753
36192,6.751
36193,7.238
36194,7.8572
36195,7.3251
36196,8.3242
36197,7.3737
36198,7.6941
36199,7.5742
36200,4.1238
36201,8.948
36202,7.7212
36203,8.9926
36204,7.0345
36205,8.9452
36206,7.1295
36207,6.4202
36208,8.7857
36209,7.7838
36210,8.9676
36211,5.4242
36212,8.0412
36213,8.9525
36214,7.1472
36215,8.159
36216,6.8903
36217,9.0162
36218,8.3461
36219,8.2295
36220,7.4863
36221,8.7091
36222,9.3777
36223,6.6421
36224,7.8409
36225,7.426
36226,8.9112
36227,7.0194
36228,9.3191
36229,6.767
36230,7.1623
36231,7.7838
36232,7.9584
36233,7.3602
36234,7.8229
36235,6.2178
36236,8.1057
36237,8.9525
36238,9.3214
36239,6.5184
36240,6.3615
36241,6.8393
36242,7.2195
36243,8.8759
36244,8.2735
36245,6.7535
36246,7.3686
36247,8.5848
36248,6.8146
36249,7.6231
36250,6.4478
36251,7.8457
36252,8.9525
36253,6.5821
36254,8.1171
36255,8.9848
36256,7.2657
36257,8.6059
36258,8.7738
36259,8.9475
36260,8.0295
36261,8.5926
36262,7.2805
36263,7.6593
36264,8.371
36265,7.7683
36266,7.2537
36267,8.7849
36268,8.6809
36269,7.0923
36270,7.5989
36271,8.3099
36272,6.6958
36273,8.2004
36274,8.0279
36275,7.9088
36276,6.4974
36277,7.0547
36278,7.2273
36279,7.6246
36280,7.8807
36281,6.7355
36282,7.7838
36283,8.4403
36284,8.2224
36285,7.5605
36286,7.3602
36287,8.1997
36288,8.0592
36289,8.408
36290,7.1305
36291,7.3438
36292,9.7083
36293,6.5062
36294,7.9787
36295,7.3602
36296,7.1323
36297,8.6379
36298,7.4604
36299,6.5544
36300,6.9062
36301,5.7183
36302,7.9294
36303,8.0241
36304,7.192
36305,8.2538
36306,6.1365
36307,8.0348
36308,7.1867
36309,7.7838
36310,7.3911
36311,6.6816
36312,7.7914
36313,8.6565
36314,6.5214
36315,8.4601
36316,8.8975
36317,8.1654
36318,8.2046
36319,7.2071
36320,7.9926
36321,7.714
36322,8.1525
36323,8.1516
36324,8.1157
36325,6.1447
36326,9.3794
36327,7.881
36328,6.8766
36329,8.1688
36330,5.6368
36331,8.6248
36332,5.1302
36333,7.3729
36334,6.7893
36335,6.4519
36336,8.7143
36337,8.8137
36338,8.9525
36339,7.4753
36340,9.6792
36341,7.8243
36342,7.3658
36343,8.337
36344,5.7878
36345,7.7838
36346,8.861
36347,6.9807
36348,7.6246
36349,7.9677
36350,6.8489
36351,8.1236
36352,7.4821
36353,7.9465
36354,8.0713
36355,7.2908
36356,7.7838
36357,8.9525
36358,5.1384
36359,8.1178
36360,7.9691
36361,8.4322
36362,7.3602
36363,7.1471
36364,6.2583
36365,8.2147
36366,7.5598
36367,7.7838
36368,8.1211
36369,7.7275
36370,7.3602
36371,7.7683
36372,6.9394
36373,8.9327
36374,6.9164
36375,6.3216
36376,7.3602
36377,7.3546
36378,7.2239
36379,6.7614
36380,8.0063
36381,7.4783
36382,7.8689
36383,7.7838
36384,9.1026
36385,8.9525
36386,7.4783
36387,7.4645
36388,8.3263
36389,8.1516
36390,6.9857
36391,7.4152
36392,8.4981
36393,7.7103
36394,7.8262
36395,7.8757
36396,8.0152
36397,6.4021
36398,5.1384
36399,7.5683
36400,7.3712
36401,7.1941
36402,8.9525
36403,7.7904
36404,7.4216
36405,6.0948
36406,8.7091
36407,7.9235
36408,8.9873
36409,8.1393
36410,8.9525
36411,7.1635
36412,7.4584
36413,7.5198
36414,7.5443
36415,5.7285
36416,7.8937
36417,8.8733
36418,5.1384
36419,7.7131
36420,7.785
36421,8.284
36422,8.6095
36423,6.6102
36424,8.9525
36425,9.0109
36426,8.4018
36427,7.339
36428,9.2616
36429,10.0
36430,7.5124
36431,7.2903
36432,9.3797
36433,5.2897
36434,7.1505
36435,7.5867
36436,7.1769
36437,5.8265
36438,7.7838
36439,5.8579
36440,9.75
36441,8.4369
36442,7.4925
36443,8.1873
36444,6.7512
36445,8.1316
36446,8.4063
36447,8.7091
36448,8.3529
36449,8.3792
36450,9.1855
36451,7.9517
36452,9.5238
36453,7.3602
36454,7.9026
36455,8.014
36456,4.9814
36457,7.4632
36458,7.3887
36459,8.9452
36460,7.5768
36461,5.7387
36462,8.1876
36463,6.2622
36464,9.1914
36465,8.4258
36466,7.7255
36467,6.5071
36468,9.5852
36469,7.323
36470,6.4075
36471,8.9525
36472,8.9525
36473,9.1743
36474,7.7838
36475,6.8408
36476,5.1384
36477,7.5794
36478,7.1769
36479,8.6761
36480,7.5568
36481,7.8482
36482,7.2166
36483,7.6569
36484,8.2303
36485,7.7641
36486,7.9975
36487,7.3023
36488,7.5705
36489,8.3497
36490,8.5421
36491,8.7091
36492,7.6581
36493,7.6703
36494,7.8923
36495,7.2708
36496,8.9452
36497,7.5599
36498,7.3662
36499,8.6058
36500,4.3893
36501,8.5605
36502,8.8414
36503,7.6953
36504,7.1743
36505,7.5492
36506,8.2203
36507,9.1168
36508,7.7838
36509,6.7715
36510,7.7318
36511,6.3345
36512,8.33
36513,8.9525
36514,6.6768
36515,8.2306
36516,7.6141
36517,7.112
36518,7.5134
36519,8.2231
36520,6.1443
36521,7.7649
36522,7.7838
36523,7.3602
36524,7.9432
36525,7.8134
36526,6.29
36527,8.1178
36528,7.1231
36529,7.3602
36530,8.1142
36531,8.1742
36532,8.2977
36533,7.7631
36534,8.0732
36535,7.26
36536,7.0176
36537,4.7546
36538,6.466
36539,7.5282
36540,7.4422
36541,7.9184
36542,8.0325
36543,8.2815
36544,9.0859
36545,7.5168
36546,8.3281
36547,7.7838
36548,7.5877
36549,8.9525
36550,7.26
36551,5.4179
36552,6.6153
36553,9.4016
36554,7.5207
36555,9.34
36556,7.0577
36557,9.3214
36558,7.7838
36559,7.5235
36560,6.9963
36561,8.0756
36562,7.4064
36563,8.3019
36564,8.0538
36565,7.5313
36566,8.9525
36567,5.9554
36568,7.4336
36569,7.3527
36570,7.7377
36571,7.4506
36572,8.9525
36573,7.0217
36574,7.6019
36575,7.1827
36576,7.2556
36577,8.5446
36578,7.7063
36579,9.2602
36580,6.926
36581,7.7207
36582,8.1558
36583,8.3716
36584,8.3046
36585,8.607
36586,6.22
36587,7.4635
36588,6.9456
36589,7.5219
36590,8.3824
36591,8.306
36592,5.6219
36593,8.2851
36594,8.4268
36595,7.9718
36596,6.956
36597,7.2965
36598,5.2842
36599,7.9946
36600,7.4647
36601,8.8933
36602,9.561
36603,7.4905
36604,8.8701
36605,8.5296
36606,6.7246
36607,7.7784
36608,8.3736
36609,7.7838
36610,7.5519
36611,9.0919
36612,8.7842
36613,7.9014
36614,8.4661
36615,7.0225
36616,8.3152
36617,7.2611
36618,7.4501
36619,7.7838
36620,8.0767
36621,5.1384
36622,9.4218
36623,7.5235
36624,8.3861
36625,8.1621
36626,7.6127
36627,7.3773
36628,6.5781
36629,8.1889
36630,8.0369
36631,8.1506
36632,7.8566
36633,7.2647
36634,7.7838
36635,7.4947
36636,8.5031
36637,7.2583
36638,8.3544
36639,8.7185
36640,7.4783
36641,9.2936
36642,7.7973
36643,6.7617
36644,8.9452
36645,8.3832
36646,7.7838
36647,7.4142
36648,9.4942
36649,8.9525
36650,8.0468
36651,7.7645
36652,6.7263
36653,8.1622
36654,7.7672
36655,8.219
36656,7.9054
36657,7.3513
36658,7.7106
36659,7.9889
36660,7.26
36661,7.2002
36662,6.8458
36663,8.8728
36664,7.2711
36665,9.3063
36666,7.7734
36667,8.2488
36668,7.016
36669,7.0483
36670,8.2846
36671,5.7285
36672,7.9495
36673,7.8073
36674,7.7838
36675,7.653
36676,7.8087
36677,7.7632
36678,7.0878
36679,6.2242
36680,9.249
36681,7.7838
36682,8.5831
36683,7.3318
36684,8.0989
36685,8.9525
36686,8.7912
36687,8.7876
36688,8.4638
36689,5.1384
36690,7.4665
36691,7.8642
36692,8.6525
36693,8.9183
36694,7.9705
36695,6.9486
36696,6.524
36697,8.0776
36698,8.9452
36699,6.8916
36700,8.1575
36701,7.2562
36702,8.1665
36703,7.2032
36704,7.3986
36705,7.3602
36706,8.7334
36707,6.99
36708,8.0521
36709,8.2006
36710,7.7615
36711,7.4833
36712,7.8978
36713,6.0684
36714,6.8156
36715,8.7075
36716,8.0188
36717,7.6335
36718,8.2416
36719,6.7162
36720,5.3308
36721,9.3041
36722,8.4272
36723,8.5542
36724,7.5793
36725,8.77
36726,7.5155
36727,6.8877
36728,6.4099
36729,7.4022
36730,8.0589
36731,7.3461
36732,7.5581
36733,6.9612
36734,5.3097
36735,6.6439
36736,4.8851
36737,7.6948
36738,7.9721
36739,6.7609
36740,7.094
36741,7.5954
36742,7.4915
36743,8.2209
36744,7.5829
36745,8.3557
36746,7.6019
36747,7.6833
36748,8.1579
36749,7.2049
36750,8.2543
36751,7.1911
36752,6.0771
36753,7.3419
36754,8.9742
36755,8.0784
36756,6.7443
36757,7.928
36758,6.5156
36759,8.8019
36760,8.9452
36761,7.4035
36762,8.9525
36763,7.7685
36764,6.1769
36765,8.2524
36766,6.7805
36767,6.9685
36768,7.1572
36769,6.4691
36770,8.1354
36771,6.7157
36772,7.8671
36773,7.9636
36774,7.7838
36775,9.5153
36776,6.0923
36777,9.6865
36778,7.2207
36779,7.441
36780,9.3938
36781,8.9525
36782,6.7195
36783,7.3507
36784,8.054
36785,9.4238
36786,7.7935
36787,6.8035
36788,8.7327
36789,8.2844
36790,7.4661
36791,7.2605
36792,7.49
36793,7.7211
36794,4.4435
36795,6.9841
36796,5.1384
36797,10.0
36798,5.2842
36799,7.3835
36800,8.0693
36801,9.3214
36802,7.7838
36803,8.2874
36804,7.5205
36805,7.3117
36806,7.9923
36807,7.26
36808,7.884
36809,7.7491
36810,8.9525
36811,8.585
36812,8.5014
36813,8.7538
36814,7.4924
36815,8.937
36816,8.7553
36817,7.2489
36818,7.5184
36819,7.6704
36820,8.8326
36821,6.3134
36822,8.387
36823,6.103
36824,8.1714
36825,7.9146
36826,5.1384
36827,7.4278
36828,7.8896
36829,8.4118
36830,7.5103
36831,8.7094
36832,8.7017
36833,7.611
36834,8.7886
36835,7.2785
36836,5.2842
36837,7.7914
36838,7.7838
36839,8.0851
36840,6.8979
36841,6.6937
36842,7.3602
36843,8.3266
36844,7.5802
36845,8.4251
36846,7.4211
36847,6.7361
36848,9.0551
36849,8.9365
36850,8.5875
36851,7.7659
36852,8.1579
36853,5.9309
36854,7.7683
36855,7.1137
36856,7.4611
36857,7.7832
36858,9.3214
36859,9.5335
36860,5.1384
36861,5.4369
36862,9.1351
36863,8.0495
36864,6.8349
36865,8.2639
36866,7.8081
36867,7.573
36868,7.8468
36869,6.9998
36870,7.3843
36871,8.1455
36872,7.7838
36873,7.2463
36874,5.1384
36875,7.881
36876,8.1318
36877,6.8749
36878,8.7091
36879,6.9816
36880,7.5212
36881,9.353
36882,5.5508
36883,8.8915
36884,7.5759
36885,7.0021
36886,8.6923
36887,8.2443
36888,7.5698
36889,7.4218
36890,8.4967
36891,7.7706
36892,6.8089
36893,7.9434
36894,8.778
36895,8.7788
36896,8.033
36897,7.2931
36898,8.3603
36899,7.7513
36900,7.7342
36901,8.2224
36902,8.8913
36903,9.1178
36904,7.9062
36905,8.9525
36906,6.0422
36907,6.5093
36908,8.5962
36909,7.6335
36910,7.2664
36911,6.5837
36912,7.5235
36913,8.2801
36914,7.8811
36915,8.5502
36916,7.5235
36917,8.9452
36918,7.7838
36919,7.1406
36920,8.5786
36921,7.1728
36922,7.5109
36923,7.4568
36924,6.6295
36925,7.5353
36926,8.0513
36927,7.1335
36928,9.1583
36929,9.4977
36930,8.465
36931,7.5704
36932,7.5014
36933,8.9749
36934,8.0274
36935,6.887
36936,7.7838
36937,8.8805
36938,7.121
36939,7.1218
36940,8.8146
36941,8.2535
36942,8.0397
36943,6.8092
36944,7.2336
36945,8.4112
36946,9.003
36947,8.8427
36948,7.5235
36949,8.3853
36950,7.6556
36951,7.1822
36952,7.3506
36953,7.5027
36954,7.4357
36955,7.0158
36956,7.3602
36957,7.7838
36958,5.3152
36959,6.7009
36960,7.5359
36961,9.133
36962,7.9021
36963,9.4076
36964,7.0572
36965,8.7467
36966,8.345
36967,6.8369
36968,7.1525
36969,6.5755
36970,6.4142
36971,8.792
36972,9.3447
36973,7.0858
36974,6.934
36975,6.7058
36976,7.2059
36977,8.107
36978,7.6705
36979,8.0264
36980,8.6098
36981,8.2808
36982,7.5235
36983,8.1236
36984,7.8247
36985,7.6368
36986,7.7063
36987,7.3602
36988,7.2955
36989,8.0753
36990,7.7327
36991,6.3961
36992,7.9488
36993,9.0704
36994,8.543
36995,8.9525
36996,9.3656
36997,6.9441
36998,8.7091
36999,6.7326
37000,8.396
37001,7.7838
37002,7.2103
37003,8.8664
37004,6.2516
37005,7.9838
37006,7.7838
37007,6.7893
37008,8.1057
37009,8.0667
37010,7.7683
37011,6.2877
37012,8.8463
37013,8.0166
37014,10.0
37015,9.3427
37016,9.6348
37017,7.4486
37018,6.2448
37019,8.1824
37020,7.4087
37021,5.5418
37022,8.9525
37023,6.8873
37024,7.8443
37025,6.9066
37026,7.6545
37027,8.0116
37028,6.9779
37029,8.3884
37030,7.9221
37031,5.7285
37032,6.8766
37033,7.9944
37034,9.3041
37035,9.9156
37036,7.1814
37037,7.8134
37038,8.2918
37039,7.3153
37040,7.4604
37041,8.9452
37042,9.035
37043,8.8298
37044,8.5406
37045,8.4707
37046,7.1425
37047,7.5609
37048,8.0718
37049,8.6992
37050,9.1118
37051,6.1997
37052,8.963
37053,7.8805
37054,7.8306
37055,8.256
37056,7.561
37057,9.5539
37058,8.4021
37059,7.4118
37060,6.4313
37061,8.0409
37062,7.9922
37063,5.7411
37064,7.7838
37065,7.7063
37066,8.9525
37067,7.864
37068,7.065
37069,6.5757
37070,7.4164
37071,6.5819
37072,8.5823
37073,6.9105
37074,7.7619
37075,5.9655
37076,8.8479
37077,7.6789
37078,7.9184
37079,8.0791
37080,7.8649
37081,8.0214
37082,7.258
37083,8.5722
37084,7.7453
37085,5.1384
37086,8.9525
37087,9.0772
37088,9.1055
37089,8.5104
37090,7.7838
37091,9.1404
37092,7.6606
37093,7.1681
37094,6.9836
37095,7.8134
37096,7.0255
37097,7.1077
37098,9.2275
37099,6.7209
37100,8.3455
37101,7.3602
37102,9.3214
37103,9.5696
37104,8.284
37105,8.35
37106,7.8966
37107,7.7964
37108,5.1384
37109,9.2518
37110,8.5227
37111,7.7717
37112,8.318
37113,7.7437
37114,6.8319
37115,7.8711
37116,7.7916
37117,8.0116
37118,9.1971
37119,8.7655
37120,6.4474
37121,7.7181
37122,8.1645
37123,7.1606
37124,6.309
37125,8.0953
37126,9.3063
37127,6.9857
37128,7.5457
37129,8.5272
37130,8.1117
37131,6.9101
37132,9.0155
37133,7.7767
37134,8.4155
37135,8.3557
37136,7.8672
37137,6.962
37138,5.7285
37139,8.0352
37140,6.955
37141,6.3468
37142,8.9525
37143,7.1199
37144,7.0264
37145,5.9213
37146,7.1637
37147,4.9086
37148,7.5118
37149,6.0565
37150,7.4184
37151,7.3925
37152,7.3527
37153,8.9525
37154,6.9299
37155,8.3696
37156,7.4829
37157,8.1875
37158,7.8518
37159,7.7838
37160,8.4392
37161,8.9525
37162,7.9311
37163,7.8662
37164,8.9525
37165,7.5304
37166,6.279
37167,8.1235
37168,7.8571
37169,7.9429
37170,7.4205
37171,7.3602
37172,6.7689
37173,7.6631
37174,8.2019
37175,5.9718
37176,6.344
37177,7.6019
37178,8.9525
37179,8.1961
37180,7.7538
37181,8.3033
37182,7.7838
37183,7.0832
37184,5.7459
37185,7.3463
37186,7.4477
37187,8.5976
37188,8.5596
37189,7.26
37190,7.1136
37191,7.8427
37192,4.8966
37193,7.6628
37194,7.4772
37195,9.2649
37196,6.668
37197,8.7769
37198,9.066
37199,6.005
37200,9.3214
37201,7.3262
37202,6.8312
37203,6.5495
37204,8.9453
37205,7.4635
37206,7.3602
37207,6.5918
37208,7.5235
37209,9.0055
37210,7.1409
37211,7.7838
37212,8.1429
37213,7.1665
37214,8.7549
37215,8.8937
37216,6.7633
37217,7.7651
37218,7.3721
37219,8.7586
37220,8.644
37221,8.0921
37222,5.1384
37223,8.9525
37224,7.6118
37225,7.3296
37226,6.9656
37227,6.8217
37228,7.985
37229,6.2317
37230,8.284
37231,7.9955
37232,7.3796
37233,8.9389
37234,9.1554
37235,6.9841
37236,7.6467
37237,7.7838
37238,6.5919
37239,8.994
37240,7.3602
37241,9.0586
37242,8.1135
37243,7.9365
37244,8.403
37245,7.356
37246,8.5955
37247,9.3104
37248,7.3959
37249,7.5235
37250,7.1993
37251,5.6585
37252,7.8212
37253,7.7683
37254,8.0781
37255,8.721
37256,5.1035
37257,7.9256
37258,7.686
37259,8.2411
37260,8.9525
37261,7.7358
37262,8.9525
37263,6.6662
37264,8.5443
37265,7.7711
37266,7.4783
37267,8.2585
37268,7.1885
37269,8.2105
37270,9.3214
37271,8.9525
37272,7.7213
37273,7.7838
37274,8.2068
37275,8.5068
37276,7.1539
37277,7.9862
37278,8.6333
37279,8.1688
37280,8.355
37281,8.0138
37282,7.7838
37283,7.7461
37284,8.9941
37285,7.3602
37286,6.3331
37287,8.9525
37288,7.563
37289,7.9644
37290,8.8161
37291,7.5868
37292,7.6411
37293,6.9325
37294,8.6824
37295,7.2296
37296,7.6842
37297,6.7474
37298,8.9525
37299,9.7537
37300,8.2164
37301,6.8544
37302,8.1881
37303,8.9452
37304,7.8623
37305,9.0208
37306,5.1384
37307,6.9204
37308,7.1613
37309,9.3982
37310,7.5942
37311,5.7285
37312,8.9902
37313,5.0972
37314,5.7285
37315,7.8399
37316,7.3602
37317,6.7674
37318,7.6692
37319,6.7993
37320,8.8177
37321,7.9167
37322,5.0525
37323,7.1763
37324,7.1233
37325,8.6232
37326,10.0
37327,7.2606
37328,6.2798
37329,7.9919
37330,7.3602
37331,6.3906
37332,7.8778
37333,7.8761
37334,5.8669
37335,7.0729
37336,8.5495
37337,5.1384
37338,6.2555
37339,8.5453
37340,7.6312
37341,8.1057
37342,7.5545
37343,5.7285
37344,7.5372
37345,8.0908
37346,6.621
37347,6.3787
37348,8.1827
37349,7.2708
37350,7.6068
37351,7.6333
37352,8.41
37353,8.5744
37354,7.094
37355,7.5859
37356,7.7838
37357,8.6211
37358,8.2382
37359,6.9091
37360,8.9187
37361,7.8522
37362,7.9404
37363,7.3602
37364,7.2979
37365,7.7838
37366,8.813
37367,7.3602
37368,8.1959
37369,7.9932
37370,5.1384
37371,5.6152
37372,7.4656
37373,9.0163
37374,7.094
37375,7.3898
37376,7.3602
37377,7.164
37378,7.8473
37379,8.1662
37380,8.9059
37381,8.2666
37382,6.8656
37383,8.9875
37384,7.4564
37385,6.7391
37386,7.002
37387,6.5679
37388,7.4225
37389,7.3602
37390,8.0587
37391,8.9525
37392,7.7838
37393,7.3438
37394,7.8169
37395,7.7743
37396,7.3658
37397,7.7628
37398,7.1651
37399,6.7614
37400,4.8612
37401,9.0667
37402,7.3549
37403,7.8506
37404,6.6964
37405,8.8186
37406,9.3315
37407,9.1309
37408,8.7316
37409,7.2405
37410,7.2893
37411,6.8525
37412,6.7355
37413,6.8762
37414,6.5617
37415,7.9421
37416,8.8315
37417,6.9352
37418,4.899
37419,8.7091
37420,6.9198
37421,8.7444
37422,8.1628
37423,7.5066
37424,7.1336
37425,8.0659
37426,9.725
37427,6.129
37428,7.9142
37429,6.2814
37430,6.3135
37431,7.9916
37432,8.0663
37433,6.735
37434,8.0178
37435,8.1235
37436,7.7973
37437,6.3997
37438,7.7838
37439,7.9132
37440,8.9525
37441,6.889
37442,8.0901
37443,8.8072
37444,8.1055
37445,8.7578
37446,7.7063
37447,5.5519
37448,8.1505
37449,7.3602
37450,7.5065
37451,7.8937
37452,8.9525
37453,8.3019
37454,7.9951
37455,7.7615
37456,7.023
37457,8.5028
37458,8.1482
37459,8.6778
37460,6.5297
37461,8.3798
37462,6.6242
37463,8.287
37464,7.7063
37465,7.2845
37466,7.7412
37467,6.3505
37468,7.7683
37469,8.9525
37470,6.9465
37471,6.6481
37472,8.5453
37473,6.8287
37474,8.0121
37475,7.7838
37476,7.5313
37477,5.7285
37478,6.4141
37479,6.3136
37480,9.7903
37481,9.1749
37482,6.8579
37483,7.7683
37484,7.9032
37485,7.9871
37486,7.3776
37487,6.6054
37488,9.2729
37489,7.7639
37490,6.3778
37491,6.2663
37492,7.3146
37493,7.4111
37494,8.9525
37495,7.2284
37496,6.9838
37497,8.2951
37498,7.9026
37499,7.7635
37500,8.9525
37501,7.2918
37502,7.1931
37503,7.0948
37504,7.9256
37505,7.4354
37506,5.8316
37507,7.3208
37508,7.8944
37509,8.284
37510,7.1784
37511,7.7683
37512,7.1205
37513,7.4461
37514,8.086
37515,5.5803
37516,7.9622
37517,8.4776
37518,5.1384
37519,7.1076
37520,8.2844
37521,4.6817
37522,9.3008
37523,7.8982
37524,9.2627
37525,6.6558
37526,8.1875
37527,7.6865
37528,7.7838
37529,8.7091
37530,7.8581
37531,7.9813
37532,7.1885
37533,6.9729
37534,8.8994
37535,9.0946
37536,7.6707
37537,8.1532
37538,8.7191
37539,7.3636
37540,7.1965
37541,7.8958
37542,7.8937
37543,7.5317
37544,7.6515
37545,7.2415
37546,5.9209
37547,8.7091
37548,8.6685
37549,8.623
37550,7.8488
37551,7.6619
37552,6.7252
37553,7.7838
37554,7.5088
37555,7.0429
37556,8.2313
37557,6.8458
37558,7.4965
37559,7.3602
37560,8.0355
37561,7.7542
37562,8.6383
37563,6.9248
37564,8.2058
37565,8.5354
37566,7.2064
37567,5.4496
37568,7.0705
37569,7.7838
37570,7.84
37571,8.5708
37572,9.0609
37573,7.3076
37574,8.9452
37575,8.2861
37576,8.6439
37577,7.3602
37578,7.7076
37579,5.9653
37580,8.9566
37581,6.067
37582,6.8636
37583,8.4618
37584,7.1121
37585,8.9525
37586,6.6092
37587,6.917
37588,7.6565
37589,5.7285
37590,8.4168
37591,5.1384
37592,8.1709
37593,5.2512
37594,7.6531
37595,7.3602
37596,7.3602
37597,8.7091
37598,7.6288
37599,7.3784
37600,7.874
37601,7.7139
37602,7.418
37603,5.1384
37604,7.5729
37605,7.5347
37606,8.9452
37607,9.0254
37608,6.1232
37609,6.8641
37610,8.6192
37611,7.5528
37612,8.8507
37613,5.1384
37614,6.6262
37615,8.198
37616,6.2077
37617,7.1139
37618,8.0984
37619,5.1384
37620,7.1229
37621,7.2696
37622,7.3602
37623,7.7838
37624,7.6876
37625,7.4866
37626,8.5885
37627,8.5762
37628,8.1275
37629,7.0363
37630,8.1714
37631,7.8695
37632,8.2292
37633,9.233
37634,3.1217
37635,8.6439
37636,6.9683
37637,7.5732
37638,6.9211
37639,8.3701
37640,8.0005
37641,8.0936
37642,6.0833
37643,7.989
37644,9.3968
37645,7.9371
37646,7.742
37647,7.8409
37648,7.4967
37649,7.884
37650,8.6845
37651,7.4225
37652,8.5355
37653,8.016
37654,7.9201
37655,7.8341
37656,7.8514
37657,7.488
37658,7.8776
37659,7.7704
37660,7.9629
37661,6.8672
37662,9.7083
37663,9.3041
37664,7.9432
37665,8.7481
37666,8.4069
37667,7.8959
37668,8.192
37669,7.2881
37670,8.2123
37671,9.0363
37672,7.3134
37673,8.1057
37674,8.2844
37675,8.9525
37676,7.3602
37677,8.1719
37678,7.7838
37679,7.7057
37680,7.2661
37681,6.5936
37682,7.8438
37683,7.245
37684,8.7775
37685,8.8798
37686,8.3242
37687,7.9241
37688,7.5147
37689,8.597
37690,5.7285
37691,8.8072
37692,7.4113
37693,7.0777
37694,8.1875
37695,7.4336
37696,9.8337
37697,8.7702
37698,7.2305
37699,7.6509
37700,6.5477
37701,5.3209
37702,7.6084
37703,8.5797
37704,7.4501
37705,7.5805
37706,7.7838
37707,8.8714
37708,8.8975
37709,7.595
37710,7.26
37711,6.0637
37712,7.3602
37713,8.8162
37714,7.2857
37715,8.5296
37716,8.0127
37717,7.5898
37718,7.9922
37719,7.7976
37720,6.9356
37721,8.1455
37722,7.3216
37723,7.5319
37724,7.8658
37725,7.7838
37726,7.1508
37727,8.9525
37728,7.7403
37729,7.7838
37730,8.9525
37731,7.7838
37732,5.2842
37733,5.7285
37734,7.4164
37735,7.7838
37736,8.8007
37737,7.6462
37738,7.578
37739,8.73
37740,7.3453
37741,8.983
37742,7.9859
37743,7.7458
37744,6.905
37745,9.4917
37746,7.5257
37747,7.0974
37748,9.1404
37749,10.0
37750,8.5661
37751,6.4454
37752,6.9998
37753,8.2115
37754,7.6814
37755,6.154
37756,7.9215
37757,7.858
37758,7.7733
37759,7.2819
37760,8.2334
37761,8.4983
37762,7.1708
37763,7.9782
37764,6.4996
37765,5.0951
37766,5.3684
37767,7.4092
37768,8.665
37769,6.9836
37770,7.4748
37771,7.6238
37772,6.7343
37773,8.3993
37774,7.796
37775,8.9525
37776,8.4401
37777,7.191
37778,8.4426
37779,7.7838
37780,8.0278
37781,8.2722
37782,8.9259
37783,7.6606
37784,7.623
37785,8.5296
37786,8.9452
37787,7.9861
37788,7.0607
37789,7.2515
37790,8.107
37791,8.4257
37792,7.2391
37793,8.4148
37794,7.9819
37795,8.7239
37796,9.4818
37797,8.9468
37798,7.0327
37799,8.0453
37800,6.8477
37801,7.1419
37802,6.9285
37803,7.2804
37804,7.7838
37805,7.6985
37806,7.297
37807,4.3737
37808,7.1355
37809,7.7838
37810,7.8808
37811,5.1899
37812,7.5051
37813,7.1382
37814,6.3002
37815,7.8678
37816,7.4596
37817,8.2246
37818,5.6567
37819,8.9525
37820,7.5235
37821,7.7735
37822,7.6226
37823,8.0553
37824,7.3602
37825,9.0386
37826,7.0462
37827,7.1041
37828,7.7838
37829,7.5222
37830,6.6007
37831,6.3221
37832,7.86
37833,7.9007
37834,7.9203
37835,7.1557
37836,8.1714
37837,5.5946
37838,7.6019
37839,5.1384
37840,8.4063
37841,7.7683
37842,7.5211
37843,8.1708
37844,7.26
37845,8.3736
37846,7.7601
37847,8.7691
37848,8.0779
37849,6.8362
37850,8.5524
37851,8.0941
37852,7.5235
37853,8.7225
37854,7.7086
37855,7.4876
37856,8.0453
37857,7.3181
37858,7.4783
37859,8.5244
37860,9.1539
37861,9.1847
37862,7.5235
37863,7.7838
37864,8.5607
37865,5.6149
37866,8.7663
37867,5.8086
37868,8.9525
37869,7.6863
37870,4.8721
37871,7.0586
37872,8.0941
37873,8.9525
37874,9.6591
37875,8.45
37876,7.7704
37877,7.8175
37878,7.1951
37879,8.3897
37880,7.587
37881,7.0406
37882,9.5146
37883,9.2297
37884,6.8748
37885,7.943
37886,7.3602
37887,7.0945
37888,8.9525
37889,8.973
37890,7.819
37891,8.2964
37892,7.1434
37893,8.9525
37894,10.0
37895,6.0647
37896,7.9771
37897,6.9055
37898,7.3184
37899,7.7733
37900,7.9926
37901,8.9525
37902,7.1419
37903,5.8527
37904,8.4271
37905,7.9613
37906,7.0884
37907,7.5816
37908,8.6217
37909,5.7878
37910,5.3176
37911,8.0759
37912,8.0875
37913,7.7838
37914,7.5797
37915,6.8133
37916,8.0663
37917,7.532
37918,6.9441
37919,6.776
37920,7.7683
37921,7.6692
37922,5.2842
37923,8.328
37924,7.2677
37925,7.3602
37926,7.3311
37927,5.7878
37928,7.5613
37929,8.5858
37930,7.8095
37931,9.7507
37932,8.6972
37933,9.1011
37934,7.308
37935,6.0341
37936,6.9489
37937,7.4429
37938,8.5283
37939,8.0476
37940,7.6194
37941,7.7838
37942,7.3344
37943,7.112
37944,9.1136
37945,7.0655
37946,7.7302
37947,8.8658
37948,6.2591
37949,8.4403
37950,7.7633
37951,7.3602
37952,8.0128
37953,7.8896
37954,8.311
37955,8.267
37956,7.5501
37957,7.146
37958,9.0607
37959,8.0735
37960,6.9112
37961,5.1384
37962,7.0122
37963,7.1161
37964,7.7791
37965,7.4541
37966,7.7238
37967,5.2842
37968,6.1617
37969,5.7055
37970,8.196
37971,7.4274
37972,8.4912
37973,7.7245
37974,7.6805
37975,6.5451
37976,7.5408
37977,7.237
37978,8.6755
37979,7.8128
37980,8.1278
37981,7.26
37982,6.8778
37983,7.3122
37984,7.6519
37985,7.9193
37986,7.4675
37987,5.902
37988,7.5443
37989,8.0278
37990,8.151
37991,7.3658
37992,7.5606
37993,6.1802
37994,6.8234
37995,6.2473
37996,7.8393
37997,7.3471
37998,8.3704
37999,8.9525
38000,7.267
38001,9.6883
38002,6.3733
38003,5.8534
38004,7.9991
38005,8.2044
38006,8.7278
38007,7.7031
38008,7.6531
38009,6.1823
38010,7.045
38011,7.5784
38012,6.1997
38013,6.9271
38014,5.1994
38015,8.0181
38016,7.7742
38017,9.3214
38018,8.1437
38019,7.4717
38020,7.7616
38021,10.0
38022,7.1622
38023,9.374
38024,8.5352
38025,7.7838
38026,7.6339
38027,7.5356
38028,9.8373
38029,6.5634
38030,9.2579
38031,8.9525
38032,8.4884
38033,5.7532
38034,8.3074
38035,6.9656
38036,6.2748
38037,7.7838
38038,7.9433
38039,8.3821
38040,6.8957
38041,8.9452
38042,8.4918
38043,7.621
38044,7.4367
38045,8.9525
38046,7.4778
38047,8.3694
38048,7.4694
38049,8.9563
38050,7.8315
38051,7.5047
38052,4.7476
38053,7.5262
38054,6.6592
38055,6.6547
38056,7.0827
38057,8.2659
38058,5.2842
38059,8.1429
38060,7.7683
38061,7.6776
38062,9.0802
38063,8.6217
38064,7.5857
38065,7.7838
38066,6.8536
38067,5.1384
38068,7.7426
38069,8.4885
38070,8.5263
38071,6.7713
38072,7.9513
38073,5.7285
38074,7.2793
38075,8.8965
38076,8.505
38077,7.1041
38078,7.5235
38079,8.5766
38080,8.4434
38081,7.3355
38082,7.7437
38083,7.3796
38084,7.7838
38085,6.2388
38086,8.0488
38087,7.7838
38088,7.3766
38089,8.9525
38090,7.292
38091,7.1442
38092,9.5994
38093,7.7172
38094,7.7683
38095,7.1839
38096,7.5062
38097,7.6365
38098,7.2895
38099,7.5475
38100,6.7689
38101,7.5199
38102,7.4807
38103,8.9525
38104,7.3602
38105,7.3602
38106,7.0565
38107,7.9791
38108,8.175
38109,7.3922
38110,6.9211
38111,8.1754
38112,7.26
38113,7.498
38114,7.9755
38115,7.2754
38116,7.1769
38117,7.716
38118,8.0329
38119,8.9525
38120,7.948
38121,7.8109
38122,7.3648
38123,7.0804
38124,7.1784
38125,7.3066
38126,7.7683
38127,8.005
38128,7.063
38129,6.5409
38130,6.9215
38131,6.9058
38132,7.9225
38133,8.2257
38134,7.5698
38135,7.7838
38136,8.3305
38137,6.2419
38138,8.0933
38139,9.0718
38140,5.5314
38141,6.6413
38142,7.9982
38143,7.884
38144,9.0804
38145,8.0764
38146,7.3602
38147,7.2984
38148,8.2707
38149,8.0261
38150,7.5811
38151,7.598
38152,7.5987
38153,8.0559
38154,7.7891
38155,9.6591
38156,7.1396
38157,8.4944
38158,6.2219
38159,8.9501
38160,8.8816
38161,7.26
38162,7.3383
38163,9.5994
38164,7.6271
38165,7.3602
38166,6.9128
38167,7.4188
38168,8.9525
38169,7.2435
38170,8.6119
38171,6.9771
38172,8.9452
38173,7.4689
38174,8.7391
38175,9.0666
38176,7.9818
38177,7.5235
38178,8.0941
38179,8.5296
38180,7.4028
38181,7.3602
38182,8.1714
38183,7.4466
38184,7.7838
38185,7.2849
38186,5.7666
38187,8.9475
38188,6.5432
38189,7.8479
38190,7.5129
38191,7.9114
38192,8.334
38193,7.6123
38194,7.8527
38195,7.1673
38196,8.3098
38197,8.8111
38198,6.6794
38199,7.3429
38200,6.8809
38201,7.6312
38202,7.4914
38203,6.2961
38204,8.9149
38205,7.181
38206,7.4666
38207,9.3041
38208,7.7838
38209,7.7844
38210,7.5388
38211,7.7838
38212,4.3737
38213,8.9525
38214,7.9523
38215,7.7375
38216,9.3041
38217,7.7838
38218,7.8429
38219,6.7571
38220,7.5992
38221,8.5302
38222,7.16
38223,6.7824
38224,8.7808
38225,7.1938
38226,6.6269
38227,8.8797
38228,8.0929
38229,8.5504
38230,9.3041
38231,8.0989
38232,8.9525
38233,7.7683
38234,7.6692
38235,7.8928
38236,6.0058
38237,6.1649
38238,7.4522
38239,6.7966
38240,7.7988
38241,7.8869
38242,7.944
38243,8.3993
38244,7.3521
38245,7.7838
38246,7.7525
38247,8.5358
38248,7.7577
38249,8.2196
38250,8.3174
38251,8.9525
38252,5.3532
38253,7.6738
38254,7.8919
38255,7.9708
38256,7.8477
38257,7.6715
38258,7.8226
38259,7.8465
38260,8.0096
38261,7.7838
38262,8.9525
38263,6.5559
38264,8.6266
38265,7.8081
38266,8.4069
38267,7.3602
38268,7.1225
38269,6.1189
38270,7.6836
38271,8.6494
38272,7.3882
38273,7.926
38274,7.971
38275,7.7772
38276,7.9513
38277,6.2269
38278,7.5213
38279,7.66
38280,5.7514
38281,7.4818
38282,7.3602
38283,8.6937
38284,7.5329
38285,9.1111
38286,8.6488
38287,8.9483
38288,7.26
38289,7.9486
38290,5.4541
38291,8.446
38292,9.6392
38293,7.3602
38294,8.1001
38295,7.2895
38296,7.3802
38297,7.2094
38298,7.7895
38299,7.4186
38300,7.0132
38301,7.1309
38302,8.0552
38303,6.6421
38304,5.2913
38305,6.7746
38306,9.6836
38307,7.5235
38308,7.7108
38309,7.7813
38310,9.2254
38311,6.4461
38312,7.2918
38313,5.0891
38314,7.3602
38315,8.3999
38316,7.7247
38317,7.4593
38318,6.8821
38319,9.7847
38320,8.2211
38321,6.3778
38322,7.3034
38323,7.1102
38324,8.447
38325,9.5081
38326,8.6297
38327,6.5479
38328,6.444
38329,6.6092
38330,9.5688
38331,7.9616
38332,7.2293
38333,7.3407
38334,7.7838
38335,7.7053
38336,8.528
38337,7.5649
38338,6.9644
38339,8.2377
38340,6.4454
38341,8.4842
38342,9.5323
38343,8.2759
38344,7.677
38345,7.5235
38346,9.7049
38347,8.9279
38348,7.5095
38349,8.1936
38350,8.6269
38351,7.678
38352,7.7609
38353,7.4534
38354,8.3503
38355,8.0976
38356,8.0508
38357,8.8505
38358,7.6838
38359,7.7838
38360,7.0579
38361,6.3722
38362,7.9598
38363,7.5956
38364,7.3885
38365,7.3624
38366,8.346
38367,8.5429
38368,8.9067
38369,7.3279
38370,7.5937
38371,7.2015
38372,7.7227
38373,6.9343
38374,7.3264
38375,8.1651
38376,7.4046
38377,8.5793
38378,8.205
38379,7.26
38380,6.7991
38381,7.1303
38382,5.8944
38383,7.1671
38384,4.3737
38385,7.8185
38386,6.5795
38387,8.0825
38388,8.7319
38389,6.132
38390,7.8237
38391,7.7838
38392,7.6713
38393,7.8977
38394,7.4551
38395,6.7246
38396,6.4534
38397,9.7742
38398,7.8761
38399,5.7129
38400,7.5844
38401,8.4196
38402,6.6807
38403,7.5018
38404,7.3757
38405,6.9313
38406,9.3214
38407,8.0682
38408,9.1245
38409,8.1893
38410,7.2968
38411,7.9072
38412,7.4794
38413,7.7838
38414,7.4133
38415,7.884
38416,8.0647
38417,9.3529
38418,7.7838
38419,4.099
38420,7.3044
38421,9.1233
38422,8.2558
38423,7.5235
38424,7.8504
38425,6.9299
38426,6.5014
38427,9.102
38428,7.1152
38429,8.5029
38430,5.1384
38431,9.1512
38432,7.2256
38433,7.7637
38434,7.0624
38435,8.9202
38436,7.9921
38437,8.2479
38438,7.6894
38439,6.7103
38440,8.2411
38441,7.4493
38442,8.9993
38443,7.3344
38444,7.0117
38445,8.8695
38446,8.8653
38447,7.7838
38448,8.9525
38449,7.1233
38450,7.4371
38451,7.371
38452,7.7838
38453,9.3582
38454,5.4671
38455,8.0704
38456,8.9475
38457,7.3602
38458,8.5048
38459,8.0236
38460,8.1714
38461,8.2109
38462,9.473
38463,7.7838
38464,8.336
38465,7.7652
38466,7.4219
38467,7.1166
38468,5.7163
38469,7.7838
38470,7.9891
38471,7.7687
38472,7.5415
38473,7.4431
38474,7.8896
38475,7.2706
38476,8.0113
38477,8.9525
38478,8.8407
38479,5.3926
38480,7.9721
38481,6.8675
38482,10.0
38483,7.3361
38484,8.1655
38485,8.4312
38486,8.9525
38487,8.297
38488,5.067
38489,7.919
38490,9.1483
38491,7.5867
38492,7.35
38493,7.6399
38494,8.284
38495,7.6339
38496,7.4886
38497,7.3602
38498,8.4069
38499,6.3682
38500,7.7838
38501,5.1919
38502,7.1459
38503,7.8105
38504,7.4923
38505,5.1384
38506,6.9561
38507,9.3063
38508,6.6475
38509,8.3986
38510,9.0623
38511,8.4254
38512,9.8411
38513,7.7478
38514,8.1435
38515,8.0991
38516,7.5235
38517,7.8255
38518,8.106
38519,8.3183
38520,5.1384
38521,8.5562
38522,7.798
38523,8.7539
38524,8.8241
38525,8.838
38526,7.1894
38527,5.1384
38528,7.7077
38529,7.4423
38530,7.6846
38531,6.5792
38532,4.8828
38533,5.9892
38534,8.1047
38535,6.7933
38536,7.3135
38537,7.3113
38538,7.4909
38539,5.7285
38540,8.6176
38541,7.6348
38542,6.6078
38543,7.1617
38544,8.8299
38545,9.3214
38546,9.2798
38547,6.3488
38548,8.0693
38549,7.8896
38550,6.9494
38551,9.0176
38552,5.7878
38553,7.5178
38554,7.5505
38555,8.0074
38556,8.4604
38557,8.8557
38558,7.7838
38559,7.7838
38560,8.8915
38561,7.884
38562,5.5175
38563,6.8539
38564,5.6903
38565,7.1945
38566,7.7838
38567,5.1384
38568,7.9698
38569,6.6909
38570,8.2219
38571,8.0114
38572,10.0
38573,7.8411
38574,8.0371
38575,7.5336
38576,7.8374
38577,7.5235
38578,7.7063
38579,8.4894
38580,8.4079
38581,9.7697
38582,7.5704
38583,8.3374
38584,7.8143
38585,8.4375
38586,7.9498
38587,7.8393
38588,8.9428
38589,5.7285
38590,9.6555
38591,8.7091
38592,5.7837
38593,7.8779
38594,6.8573
38595,8.172
38596,7.7838
38597,7.5148
38598,8.1169
38599,8.955
38600,5.1803
38601,9.7571
38602,9.2174
38603,8.2229
38604,6.3765
38605,7.433
38606,7.5235
38607,7.5696
38608,6.3917
38609,8.2229
38610,7.3651
38611,7.7838
38612,9.0254
38613,8.2449
38614,6.0266
38615,5.745
38616,7.3912
38617,9.6174
38618,6.9211
38619,8.4661
38620,6.2277
38621,6.8717
38622,8.7098
38623,8.2828
38624,7.9889
38625,8.6209
38626,7.8691
38627,7.2831
38628,7.5105
38629,7.1814
38630,9.0644
38631,7.5626
38632,8.5564
38633,7.7838
38634,7.9927
38635,7.3544
38636,9.5253
38637,8.5296
38638,8.7992
38639,8.4069
38640,6.6582
38641,7.7845
38642,7.5749
38643,7.3394
38644,6.7293
38645,7.7408
38646,5.684
38647,8.3099
38648,7.7615
38649,9.3063
38650,7.1845
38651,8.9553
38652,8.367
38653,7.2954
38654,8.207
38655,5.1384
38656,8.0175
38657,6.947
38658,8.3128
38659,7.9676
38660,8.6596
38661,7.2478
38662,5.3649
38663,7.3602
38664,7.5235
38665,7.2116
38666,8.3731
38667,7.7838
38668,7.7227
38669,8.1828
38670,7.3065
38671,8.9452
38672,8.2514
38673,6.4447
38674,7.3535
38675,8.162
38676,6.5295
38677,7.117
38678,8.8892
38679,6.997
38680,8.9525
38681,7.7838
38682,6.8644
38683,8.2799
38684,7.7838
38685,8.0695
38686,7.3602
38687,6.363
38688,8.2054
38689,7.7591
38690,8.3091
38691,9.2497
38692,7.5838
38693,8.1031
38694,6.7893
38695,7.3779
38696,7.6404
38697,7.9319
38698,8.3061
38699,4.3737
38700,9.3349
38701,5.8813
38702,9.2019
38703,8.4901
38704,7.7838
38705,6.3468
38706,7.4201
38707,7.9177
38708,5.1384
38709,6.9117
38710,7.1378
38711,8.85
38712,7.218
38713,7.6957
38714,8.937
38715,7.5235
38716,6.1308
38717,8.0862
38718,7.8473
38719,8.284
38720,7.7838
38721,5.9137
38722,7.5219
38723,7.6003
38724,7.901
38725,8.2066
38726,8.602
38727,6.4212
38728,8.1678
38729,7.7475
38730,7.26
38731,7.3602
38732,9.1535
38733,7.1822
38734,6.9211
38735,8.5149
38736,8.4451
38737,9.2393
38738,7.3457
38739,9.3344
38740,6.6794
38741,7.0653
38742,8.6417
38743,7.1374
38744,8.223
38745,8.9867
38746,7.7838
38747,7.3452
38748,7.7838
38749,8.8946
38750,5.3663
38751,8.4706
38752,7.7838
38753,6.9632
38754,7.8586
38755,8.2289
38756,7.804
38757,7.8702
38758,7.9777
38759,7.326
38760,7.1844
38761,8.159
38762,6.5479
38763,7.26
38764,8.6018
38765,8.9525
38766,5.9718
38767,6.3669
38768,6.763
38769,7.9809
38770,7.9665
38771,8.5443
38772,7.8763
38773,7.401
38774,9.2099
38775,6.9832
38776,8.8572
38777,7.3126
38778,7.6395
38779,8.1558
38780,8.2321
38781,8.2443
38782,8.3892
38783,6.8349
38784,7.1145
38785,7.8899
38786,6.8992
38787,8.107
38788,8.6852
38789,8.0041
38790,7.6501
38791,7.5467
38792,8.0551
38793,7.7264
38794,6.7981
38795,5.4541
38796,4.9427
38797,7.8761
38798,8.194
38799,9.3889
38800,7.5589
38801,7.6727
38802,8.6386
38803,7.294
38804,7.3602
38805,9.0873
38806,9.7108
38807,8.1979
38808,8.756
38809,7.4208
38810,5.1595
38811,6.776
38812,4.9759
38813,7.6475
38814,8.8557
38815,8.9525
38816,4.9439
38817,6.3192
38818,7.1593
38819,6.7382
38820,8.6281
38821,7.9663
38822,7.6377
38823,8.3445
38824,7.5978
38825,8.6319
38826,7.4455
38827,5.7285
38828,7.1196
38829,8.2436
38830,8.76
38831,5.7285
38832,9.6793
38833,7.7227
38834,8.0132
38835,8.1787
38836,7.7838
38837,7.7928
38838,7.8074
38839,7.3132
38840,6.9652
38841,6.2586
38842,7.712
38843,5.0427
38844,5.8081
38845,8.6988
38846,8.9525
38847,7.5079
38848,7.0225
38849,7.6665
38850,7.4739
38851,7.5481
38852,6.6078
38853,7.7144
38854,8.2762
38855,7.9237
38856,7.5629
38857,9.005
38858,7.8436
38859,7.4079
38860,5.9213
38861,8.3993
38862,7.3732
38863,7.7816
38864,7.26
38865,9.8264
38866,7.1769
38867,6.911
38868,7.3113
38869,8.1714
38870,7.6745
38871,8.3213
38872,7.9809
38873,8.7155
38874,9.6255
38875,7.2209
38876,7.1374
38877,7.5711
38878,8.0325
38879,7.2962
38880,7.9922
38881,9.4786
38882,7.3602
38883,7.3857
38884,8.3736
38885,7.5817
38886,8.0533
38887,8.267
38888,8.2582
38889,8.1833
38890,6.766
38891,8.6096
38892,7.8937
38893,7.1722
38894,8.3346
38895,10.0
38896,9.7031
38897,7.3602
38898,7.0507
38899,9.1838
38900,7.7945
38901,7.112
38902,7.2254
38903,5.4354
38904,8.0275
38905,7.7838
38906,6.5755
38907,7.8081
38908,8.9525
38909,7.7838
38910,8.016
38911,7.0565
38912,6.9544
38913,8.9506
38914,7.0635
38915,6.9603
38916,7.0525
38917,8.4668
38918,8.9452
38919,7.5137
38920,8.6442
38921,8.7977
38922,7.7838
38923,7.4666
38924,5.1384
38925,8.7882
38926,7.8225
38927,6.4203
38928,6.6681
38929,7.4795
38930,7.4633
38931,7.5184
38932,7.4634
38933,8.7091
38934,5.6708
38935,7.5367
38936,9.5703
38937,5.1384
38938,6.0448
38939,7.1915
38940,8.5429
38941,7.6466
38942,7.9959
38943,7.7215
38944,6.2721
38945,7.7838
38946,7.7838
38947,7.5548
38948,7.3146
38949,8.9525
38950,7.9241
38951,7.4224
38952,7.7838
38953,8.2917
38954,8.8685
38955,6.8009
38956,6.4873
38957,8.5708
38958,7.8093
38959,7.7634
38960,8.7196
38961,6.8092
38962,7.669
38963,7.5768
38964,9.9851
38965,7.0082
38966,8.167
38967,6.8234
38968,7.5276
38969,7.3602
38970,8.1552
38971,7.3828
38972,7.3925
38973,7.9852
38974,6.6511
38975,7.3658
38976,9.5696
38977,7.9859
38978,7.26
38979,8.0286
38980,7.112
38981,6.9644
38982,7.03
38983,8.4549
38984,7.7838
38985,7.7838
38986,7.7838
38987,6.7196
38988,7.1302
38989,7.5512
38990,6.9878
38991,7.285
38992,6.848
38993,8.4792
38994,8.1714
38995,7.6483
38996,7.2207
38997,5.3684
38998,8.6733
38999,7.5235
39000,8.2844
39001,8.1395
39002,7.3893
39003,6.5465
39004,7.4845
39005,8.7766
39006,4.1648
39007,6.9299
39008,8.8276
39009,6.9395
39010,7.0277
39011,9.2616
39012,5.1384
39013,7.7838
39014,6.9394
39015,7.4459
39016,5.9043
39017,8.8375
39018,6.4521
39019,7.7212
39020,7.3734
39021,7.3551
39022,8.8129
39023,8.4643
39024,8.6715
39025,8.7091
39026,6.9391
39027,7.845
39028,7.2372
39029,6.4488
39030,8.2632
39031,7.7935
39032,7.2096
39033,6.506
39034,7.8134
39035,8.5495
39036,7.7358
39037,8.4724
39038,7.1718
39039,8.284
39040,7.1197
39041,9.0394
39042,6.1049
39043,7.0202
39044,9.2869
39045,8.937
39046,7.6178
39047,8.3904
39048,6.5025
39049,8.9525
39050,7.7838
39051,7.5235
39052,7.1638
39053,6.3872
39054,6.405
39055,6.3151
39056,8.5103
39057,7.4447
39058,5.1384
39059,7.3602
39060,7.7838
39061,9.2173
39062,7.001
39063,7.3602
39064,7.5922
39065,8.2153
39066,6.1983
39067,7.6486
39068,8.9525
39069,7.0964
39070,8.9525
39071,8.7148
39072,8.3089
39073,7.6937
39074,7.2179
39075,7.5989
39076,7.3602
39077,8.0985
39078,7.4286
39079,7.8228
39080,9.0363
39081,8.2121
39082,6.652
39083,9.0046
39084,7.7675
39085,7.5235
39086,6.7574
39087,6.1495
39088,7.2422
39089,7.3836
39090,8.9525
39091,8.1318
39092,8.0941
39093,7.7609
39094,9.6548
39095,8.937
39096,5.1384
39097,7.2922
39098,7.4049
39099,5.4022
39100,6.9111
39101,7.5962
39102,8.708
39103,8.5487
39104,4.896
39105,8.0171
39106,9.2765
39107,10.0
39108,9.4362
39109,7.3602
39110,7.6066
39111,7.225
39112,8.9986
39113,8.3735
39114,7.8193
39115,7.6438
39116,7.5184
39117,5.1384
39118,7.7838
39119,8.0625
39120,8.3911
39121,6.9517
39122,6.0603
39123,6.9191
39124,6.7682
39125,6.9449
39126,8.6194
39127,8.7091
39128,6.0143
39129,6.2583
39130,7.466
39131,6.7528
39132,8.9329
39133,8.9475
39134,6.2583
39135,7.7063
39136,7.3602
39137,8.7456
39138,7.4233
39139,6.2539
39140,8.4732
39141,6.6653
39142,8.9525
39143,7.8737
39144,7.5433
39145,5.6799
39146,7.9334
39147,9.47
39148,7.4177
39149,6.8472
39150,9.4847
39151,7.5804
39152,8.1837
39153,8.284
39154,7.3222
39155,6.8458
39156,7.0303
39157,7.4832
39158,8.9836
39159,5.2842
39160,5.9184
39161,6.4746
39162,7.4472
39163,8.3039
39164,7.2237
39165,6.3486
39166,7.7757
39167,8.9525
39168,6.4835
39169,8.9452
39170,8.7048
39171,7.7819
39172,7.2647
39173,6.7806
39174,6.9012
39175,6.6078
39176,7.9324
39177,7.4965
39178,6.8606
39179,7.8702
39180,8.5546
39181,7.7838
39182,9.679
39183,7.3602
39184,8.2622
39185,7.7499
39186,8.3099
39187,7.5186
39188,8.8689
39189,6.9695
39190,7.3712
39191,8.3338
39192,8.1023
39193,8.6981
39194,7.8667
39195,8.0933
39196,6.7392
39197,9.1466
39198,7.8258
39199,8.9525
39200,7.6697
39201,6.8066
39202,7.3602
39203,8.0941
39204,7.7838
39205,6.3188
39206,8.6968
39207,7.4364
39208,7.6437
39209,5.2672
39210,8.7408
39211,7.477
39212,9.2891
39213,5.1384
39214,6.317
39215,8.1809
39216,5.1384
39217,8.0681
39218,9.0254
39219,5.5119
39220,6.8555
39221,5.4615
39222,7.2493
39223,6.2331
39224,7.1278
39225,7.2415
39226,7.0565
39227,6.587
39228,7.9446
39229,5.1384
39230,4.1879
39231,6.6794
39232,6.9318
39233,8.0789
39234,7.9657
39235,7.5451
39236,8.6481
39237,8.4221
39238,7.5785
39239,7.1175
39240,8.9291
39241,6.9736
39242,7.9328
39243,7.6714
39244,8.3897
39245,7.5404
39246,6.8505
39247,5.751
39248,7.4494
39249,5.7285
39250,7.5786
39251,7.2185
39252,7.7063
39253,7.7838
39254,7.035
39255,5.2438
39256,6.3662
39257,6.9373
39258,8.6367
39259,7.7644
39260,7.5016
39261,7.7935
39262,8.7338
39263,8.1209
39264,7.2584
39265,7.363
39266,8.0625
39267,8.4425
39268,6.9211
39269,9.0772
39270,8.8915
39271,8.3053
39272,7.3882
39273,7.561
39274,8.326
39275,5.4001
39276,7.0464
39277,8.6763
39278,7.9337
39279,7.8523
39280,7.4402
39281,7.0328
39282,8.6458
39283,7.7748
39284,8.9468
39285,7.359
39286,9.0651
39287,9.0984
39288,5.9809
39289,9.3847
39290,7.0613
39291,7.7782
39292,7.6871
39293,7.3602
39294,7.2939
39295,8.0128
39296,7.0258
39297,7.1238
39298,8.382
39299,6.9068
39300,7.6701
39301,7.4524
39302,7.3529
39303,6.9412
39304,6.8601
39305,9.2728
39306,8.2115
39307,6.7274
39308,7.1822
39309,8.34
39310,8.9452
39311,5.1384
39312,8.1169
39313,8.9285
39314,6.7417
39315,7.752
39316,5.1384
39317,6.6522
39318,7.6193
39319,8.6423
39320,8.9525
39321,7.5235
39322,8.5683
39323,7.6002
39324,7.4026
39325,7.7066
39326,7.8981
39327,7.6363
39328,7.5731
39329,8.1824
39330,7.9979
39331,6.8127
39332,7.7683
39333,9.2821
39334,6.9836
39335,6.1081
39336,7.4635
39337,7.7838
39338,7.6855
39339,7.3736
39340,7.3602
39341,7.6659
39342,7.6098
39343,7.5704
39344,7.7683
39345,8.3009
39346,7.416
39347,7.5511
39348,8.0367
39349,5.0555
39350,4.3737
39351,6.9445
39352,8.0327
39353,7.5944
39354,8.866
39355,7.4635
39356,7.8081
39357,7.1778
39358,7.4986
39359,5.7285
39360,8.5296
39361,8.0631
39362,7.6451
39363,6.6037
39364,8.0061
39365,7.7838
39366,7.7838
39367,6.1319
39368,9.1404
39369,8.2996
39370,7.5439
39371,8.0536
39372,8.16
39373,8.6037
39374,8.7091
39375,6.2586
39376,7.5152
39377,7.429
39378,6.4016
39379,7.9885
39380,7.3658
39381,5.2842
39382,8.1522
39383,8.5296
39384,9.6188
39385,7.906
39386,6.6758
39387,7.8896
39388,6.8347
39389,8.267
39390,7.5112
39391,9.0649
39392,8.5683
39393,7.5922
39394,6.688
39395,8.2263
39396,7.248
39397,5.2842
39398,9.3214
39399,7.2762
39400,7.023
39401,7.7782
39402,8.3267
39403,6.8018
39404,6.5415
39405,7.1769
39406,9.1187
39407,7.3402
39408,7.4501
39409,8.4356
39410,8.3784
39411,6.3488
39412,7.3174
39413,5.7779
39414,6.1718
39415,7.0359
39416,5.1384
39417,7.4386
39418,7.1999
39419,8.6759
39420,7.6177
39421,8.5322
39422,7.1268
39423,9.6591
39424,8.3736
39425,8.5444
39426,8.7289
39427,8.6656
39428,9.354
39429,8.9512
39430,5.4274
39431,7.3602
39432,7.3918
39433,9.7409
39434,5.1384
39435,5.2843
39436,9.3063
39437,7.3401
39438,5.5352
39439,8.0728
39440,8.0316
39441,7.1596
39442,7.9955
39443,7.6457
39444,7.5764
39445,7.7575
39446,7.3847
39447,4.9875
39448,7.3602
39449,5.8784
39450,7.6002
39451,7.3602
39452,4.5682
39453,7.3602
39454,7.5708
39455,7.14
39456,9.0064
39457,7.7838
39458,6.7133
39459,8.3606
39460,7.7948
39461,9.8272
39462,7.094
39463,8.4086
39464,6.9979
39465,7.0261
39466,7.4202
39467,8.6942
39468,6.0217
39469,7.5617
39470,7.7838
39471,8.047
39472,8.0351
39473,7.5235
39474,7.8469
39475,7.1801
39476,7.4106
39477,6.3159
39478,7.8946
39479,7.8433
39480,7.4742
39481,4.3737
39482,7.7838
39483,8.0779
39484,6.9211
39485,7.7838
39486,7.1955
39487,6.0992
39488,7.9009
39489,7.6558
39490,7.8081
39491,8.73
39492,8.6293
39493,7.7595
39494,6.8703
39495,8.1714
39496,7.347
39497,6.6991
39498,8.1301
39499,8.4935
39500,7.3624
39501,7.344
39502,9.1404
39503,7.8761
39504,7.7951
39505,7.26
39506,9.3557
39507,8.2533
39508,7.0447
39509,6.1816
39510,7.8334
39511,7.3463
39512,6.9988
39513,5.6841
39514,9.3214
39515,7.5235
39516,7.7838
39517,8.8816
39518,8.3748
39519,4.3737
39520,9.2254
39521,6.5708
39522,7.7838
39523,8.7319
39524,7.4545
39525,7.3658
39526,7.6179
39527,8.8866
39528,9.0772
39529,6.1101
39530,7.8671
39531,7.6393
39532,7.4942
39533,8.151
39534,8.6422
39535,8.1471
39536,8.7568
39537,8.1621
39538,6.1802
39539,9.5153
39540,4.8297
39541,8.2121
39542,6.3041
39543,8.8778
39544,8.2143
39545,9.3041
39546,9.1571
39547,6.443
39548,7.8761
39549,8.1714
39550,7.4355
39551,8.0321
39552,9.3214
39553,6.987
39554,4.3737
39555,7.3602
39556,6.7237
39557,7.5638
39558,9.8804
39559,7.2436
39560,8.7391
39561,8.084
39562,6.5342
39563,8.8476
39564,8.8612
39565,7.26
39566,7.3301
39567,7.3602
39568,6.0905
39569,5.0566
39570,6.6605
39571,7.3602
39572,7.483
39573,8.6657
39574,8.6642
39575,7.8062
39576,8.0534
39577,7.6374
39578,7.8121
39579,7.6002
39580,6.37
39581,8.7767
39582,6.9299
39583,6.8606
39584,8.8126
39585,7.8496
39586,6.9715
39587,7.1769
39588,8.4975
39589,5.1384
39590,7.6066
39591,5.9435
39592,9.3254
39593,7.4501
39594,8.0573
39595,7.7838
39596,7.3188
39597,5.8073
39598,8.0995
39599,9.2844
39600,7.4125
39601,7.3737
39602,7.1065
39603,7.736
39604,6.5588
39605,8.3032
39606,8.5296
39607,7.5501
39608,8.8484
39609,7.881
39610,6.9211
39611,6.8322
39612,7.9623
39613,7.9097
39614,7.8634
39615,8.9525
39616,7.2415
39617,7.8681
39618,8.1385
39619,8.1137
39620,7.6727
39621,8.0966
39622,8.0774
39623,7.1288
39624,8.4835
39625,7.3176
39626,5.9256
39627,7.7838
39628,8.9525
39629,7.7353
39630,7.0355
39631,7.3533
39632,8.6929
39633,6.6937
39634,7.4687
39635,8.2694
39636,8.7666
39637,8.2123
39638,6.2183
39639,7.7094
39640,7.7838
39641,6.6443
39642,7.3244
39643,6.6466
39644,6.776
39645,7.5411
39646,6.8212
39647,7.7361
39648,7.5235
39649,9.0547
39650,8.284
39651,7.7084
39652,8.1378
39653,5.8528
39654,7.7717
39655,7.7912
39656,6.2184
39657,8.6447
39658,8.1
39659,8.0385
39660,8.6217
39661,7.6447
39662,8.2235
39663,7.7838
39664,7.4311
39665,7.7431
39666,8.8339
39667,7.9034
39668,7.7838
39669,6.2586
39670,8.9525
39671,7.6345
39672,8.6499
39673,7.7838
39674,7.9712
39675,9.6726
39676,7.2168
39677,7.6644
39678,8.5427
39679,8.9525
39680,7.3177
39681,7.6755
39682,8.7067
39683,7.1657
39684,6.9356
39685,7.9778
39686,7.3602
39687,9.0818
39688,7.164
39689,7.1516
39690,6.4835
39691,8.2658
39692,7.6262
39693,7.5235
39694,6.5668
39695,7.133
39696,8.434
39697,6.2583
39698,7.6744
39699,8.4736
39700,7.7177
39701,6.8252
39702,8.462
39703,7.7838
39704,6.7419
39705,7.5235
39706,8.5063
39707,8.0319
39708,7.0588
39709,7.4225
39710,8.9525
39711,6.9456
39712,8.0573
39713,9.5153
39714,8.0682
39715,7.8873
39716,8.5204
39717,8.8838
39718,8.168
39719,5.2842
39720,7.7838
39721,7.4913
39722,7.3658
39723,8.7787
39724,7.2083
39725,7.8656
39726,7.3224
39727,7.7538
39728,7.3173
39729,7.5684
39730,7.3243
39731,8.2219
39732,6.8953
39733,7.9527
39734,5.7285
39735,7.8029
39736,6.2815
39737,4.9174
39738,6.8618
39739,5.9258
39740,7.3602
39741,8.1381
39742,8.9452
39743,8.0556
39744,7.6448
39745,9.0173
39746,8.4897
39747,8.1437
39748,6.2184
39749,7.8073
39750,8.898
39751,7.3484
39752,5.1384
39753,7.7838
39754,6.9117
39755,8.1782
39756,7.5333
39757,9.1362
39758,7.796
39759,6.1523
39760,9.7433
39761,8.2481
39762,8.3274
39763,7.1023
39764,9.3214
39765,6.5788
39766,7.0811
39767,8.6163
39768,8.7646
39769,9.4328
39770,5.9522
39771,7.5618
39772,7.5052
39773,8.1648
39774,8.0897
39775,10.0
39776,7.1384
39777,7.3624
39778,8.6852
39779,7.491
39780,6.0484
39781,6.3696
39782,8.6248
39783,7.4389
39784,8.1497
39785,10.0
39786,8.9334
39787,8.3133
39788,9.2048
39789,7.728
39790,7.3602
39791,7.3509
39792,9.651
39793,7.8321
39794,8.284
39795,7.26
39796,9.7485
39797,9.5036
39798,6.8637
39799,7.6437
39800,7.8878
39801,7.417
39802,8.3871
39803,8.6167
39804,6.6421
39805,8.733
39806,7.8761
39807,7.7432
39808,7.5205
39809,8.9452
39810,7.9301
39811,6.6092
39812,7.3668
39813,7.6236
39814,8.8453
39815,7.726
39816,6.776
39817,8.5296
39818,8.3736
39819,7.1388
39820,8.7274
39821,8.7549
39822,7.0087
39823,7.9872
39824,6.2489
39825,7.9361
39826,7.7625
39827,7.6434
39828,8.1714
39829,8.6223
39830,7.139
39831,7.8702
39832,7.3679
39833,7.9368
39834,8.9525
39835,7.1133
39836,8.0414
39837,7.6002
39838,8.8983
39839,8.3869
39840,8.0404
39841,7.7838
39842,7.7838
39843,7.0605
39844,6.7722
39845,8.2011
39846,7.9475
39847,9.3719
39848,7.9578
39849,8.9525
39850,7.26
39851,7.906
39852,7.7838
39853,8.1246
39854,7.99
39855,8.6058
39856,8.9452
39857,5.2644
39858,7.7838
39859,7.4073
39860,7.5665
39861,7.7838
39862,6.9225
39863,4.1426
39864,7.8146
39865,7.9025
39866,5.1384
39867,9.1404
39868,8.7259
39869,7.8156
39870,6.2074
39871,6.8267
39872,7.8699
39873,6.9621
39874,7.5804
39875,7.4806
39876,7.5912
39877,9.4767
39878,8.1616
39879,6.723
39880,8.9016
39881,8.1784
39882,8.0511
39883,7.9192
39884,7.3602
39885,7.1769
39886,8.5344
39887,9.1366
39888,7.8898
39889,6.7519
39890,7.4918
39891,7.6158
39892,5.6585
39893,8.0321
39894,6.4753
39895,5.1384
39896,6.335
39897,8.5447
39898,7.1023
39899,7.3622
39900,7.7648
39901,7.7971
39902,7.5984
39903,6.748
39904,9.6251
39905,6.6793
39906,7.7223
39907,6.8864
39908,8.0931
39909,8.1743
39910,8.2208
39911,7.7851
39912,8.1817
39913,8.1383
39914,8.1714
39915,7.7532
39916,8.7818
39917,7.6869
39918,8.6168
39919,7.525
39920,8.6205
39921,7.6318
39922,7.3602
39923,8.4268
39924,7.5166
39925,7.0148
39926,8.0825
39927,7.285
39928,7.8204
39929,8.3084
39930,7.8942
39931,7.4706
39932,7.431
39933,6.8606
39934,8.8571
39935,5.4022
39936,7.8833
39937,8.9525
39938,7.0626
39939,7.7683
39940,7.7838
39941,8.2939
39942,8.5865
39943,7.542
39944,9.39
39945,8.3546
39946,7.9912
39947,7.8285
39948,6.6067
39949,8.0836
39950,7.2341
39951,8.1864
39952,8.1178
39953,7.0906
39954,7.6567
39955,8.3736
39956,7.523
39957,9.0772
39958,4.836
39959,7.0227
39960,7.5475
39961,5.8455
39962,7.8655
39963,7.5235
39964,7.3558
39965,7.7232
39966,8.1873
39967,7.5508
39968,7.6613
39969,7.818
39970,7.6619
39971,7.4768
39972,7.9777
39973,8.2411
39974,8.2256
39975,7.7063
39976,7.0068
39977,7.7453
39978,7.6848
39979,6.7071
39980,8.1527
39981,6.1071
39982,9.1057
39983,5.67
39984,6.9229
39985,8.1956
39986,7.7838
39987,6.8259
39988,7.8306
39989,7.1769
39990,8.1677
39991,5.1384
39992,5.1384
39993,7.2678
39994,7.7838
39995,9.0102
39996,8.5608
39997,6.9171
39998,8.9285
39999,8.5353
40000,7.8316
40001,7.1144
40002,7.1004
40003,7.2806
40004,7.9644
40005,7.7838
40006,8.4426
40007,7.7176
40008,7.3001
40009,8.5542
40010,8.4288
40011,8.2971
40012,8.7847
40013,4.7203
40014,8.031
40015,7.7683
40016,8.7091
40017,6.7853
40018,9.2402
40019,9.3214
40020,6.8097
40021,7.8482
40022,5.2842
40023,8.8233
40024,7.3979
40025,5.7043
40026,6.7442
40027,8.9525
40028,7.7838
40029,7.9905
40030,7.7031
40031,8.7818
40032,8.4071
40033,8.5296
40034,5.9797
40035,8.5475
40036,7.6345
40037,8.1474
40038,9.3214
40039,4.3737
40040,7.3183
40041,7.4783
40042,7.26
40043,5.3771
40044,7.5652
40045,8.0143
40046,8.2121
40047,6.873
40048,7.3583
40049,8.1275
40050,8.9037
40051,7.4113
40052,7.2661
40053,5.4541
40054,6.8056
40055,8.1965
40056,5.9405
40057,7.8169
40058,7.9331
40059,7.7446
40060,9.6917
40061,7.4936
40062,8.5713
40063,8.9285
40064,6.8168
40065,7.6448
40066,7.515
40067,7.4756
40068,5.7897
40069,7.6884
40070,5.1384
40071,9.4831
40072,5.6585
40073,7.5228
40074,7.1599
40075,7.7912
40076,8.4457
40077,6.9338
40078,8.2558
40079,7.0376
40080,7.9225
40081,8.3029
40082,7.2387
40083,6.4663
40084,8.0395
40085,8.3892
40086,9.0413
40087,7.9311
40088,7.7063
40089,8.1774
40090,7.3036
40091,7.1358
40092,7.3597
40093,8.352
40094,8.1631
40095,7.6664
40096,7.6098
40097,7.4189
40098,9.3706
40099,6.0043
40100,6.2242
40101,8.9475
40102,7.7766
40103,9.3214
40104,5.2294
40105,8.0912
40106,7.5123
40107,8.1968
40108,6.6718
40109,7.3602
40110,7.6634
40111,7.3978
40112,6.5515
40113,6.1992
40114,8.1376
40115,7.6532
40116,7.1088
40117,6.1993
40118,8.2054
40119,7.9028
40120,8.7091
40121,8.6175
40122,7.9248
40123,7.9582
40124,6.8689
40125,6.3919
40126,2.9562
40127,7.5932
40128,8.3864
40129,8.1432
40130,8.4861
40131,7.84
40132,7.934
40133,6.9644
40134,6.7369
40135,7.3602
40136,9.1733
40137,7.6307
40138,6.0864
40139,9.3214
40140,8.3993
40141,7.2154
40142,7.5443
40143,7.8505
40144,5.4022
40145,7.8081
40146,7.7466
40147,8.6325
40148,8.5153
40149,8.7587
40150,7.3527
40151,9.0951
40152,7.8443
40153,7.5103
40154,8.643
40155,7.7838
40156,8.498
40157,7.4886
40158,7.1898
40159,8.9345
40160,8.0385
40161,6.3461
40162,8.7981
40163,5.0923
40164,9.2628
40165,8.7083
40166,7.7838
40167,7.15
40168,7.5105
40169,7.2665
40170,7.1844
40171,7.1609
40172,7.7395
40173,8.9783
40174,6.8413
40175,8.706
40176,6.9
40177,9.0163
40178,7.224
40179,6.4658
40180,8.0678
40181,7.8185
40182,7.7838
40183,8.3633
40184,8.7915
40185,8.7076
40186,7.602
40187,8.6636
40188,8.2704
40189,7.7838
40190,8.1672
40191,7.6295
40192,7.4783
40193,5.7285
40194,8.6399
40195,7.7838
40196,7.6439
40197,8.1586
40198,7.3483
40199,8.5612
40200,8.2212
40201,7.4783
40202,6.7349
40203,7.0182
40204,8.105
40205,7.4151
40206,7.5508
40207,7.699
40208,8.0648
40209,8.197
40210,7.543
40211,8.0439
40212,8.2264
40213,7.7838
40214,8.492
40215,7.2217
40216,6.7738
40217,8.0042
40218,6.5266
40219,8.5307
40220,8.6266
40221,7.7838
40222,7.3658
40223,8.2491
40224,9.0724
40225,8.2546
40226,7.8793
40227,6.9912
40228,7.3986
40229,7.304
40230,9.217
40231,8.0786
40232,7.1943
40233,6.9211
40234,7.6159
40235,8.0766
40236,7.87
40237,5.1608
40238,8.7598
40239,8.1754
40240,7.26
40241,7.5599
40242,9.3214
40243,7.3513
40244,8.0321
40245,7.1547
40246,7.7973
40247,7.7717
40248,8.3873
40249,6.6722
40250,6.6092
40251,8.6439
40252,7.0662
40253,9.0529
40254,9.4122
40255,8.9525
40256,7.1786
40257,9.3214
40258,7.7838
40259,8.1714
40260,8.306
40261,8.994
40262,7.3698
40263,8.5269
40264,9.2958
40265,6.4344
40266,7.1359
40267,8.9525
40268,8.9663
40269,8.8869
40270,8.6715
40271,7.6842
40272,7.7838
40273,6.5437
40274,7.3001
40275,6.8698
40276,7.0678
40277,8.7361
40278,5.1992
40279,7.7838
40280,6.0333
40281,8.5129
40282,8.2356
40283,6.8849
40284,7.8206
40285,6.9762
40286,8.9525
40287,9.3214
40288,5.7285
40289,7.1302
40290,7.2646
40291,8.9525
40292,8.8832
40293,9.1406
40294,9.3041
40295,7.3184
40296,7.8758
40297,6.8373
40298,8.9525
40299,9.0503
40300,7.415
40301,8.1714
40302,8.3655
40303,6.1475
40304,8.9525
40305,7.6327
40306,7.1634
40307,8.6382
40308,5.9826
40309,7.8167
40310,6.9864
40311,8.871
40312,7.5487
40313,8.0534
40314,8.7936
40315,8.0869
40316,7.8505
40317,8.9452
40318,5.8527
40319,9.1998
40320,6.004
40321,8.2096
40322,7.1854
40323,7.9774
40324,8.561
40325,7.172
40326,7.9128
40327,7.124
40328,7.7152
40329,8.647
40330,7.7745
40331,7.0664
40332,7.1387
40333,7.4954
40334,7.732
40335,8.6842
40336,7.1226
40337,8.6715
40338,7.7838
40339,6.9938
40340,7.1859
40341,7.3759
40342,7.922
40343,7.882
40344,8.3071
40345,6.1749
40346,7.7921
40347,7.5851
40348,6.8479
40349,7.2913
40350,8.1178
40351,7.6234
40352,8.6819
40353,7.3868
40354,6.4339
40355,6.7713
40356,6.0674
40357,7.191
40358,8.0667
40359,7.0632
40360,7.3748
40361,8.2353
40362,8.7091
40363,8.7429
40364,7.0927
40365,7.9088
40366,8.4183
40367,8.1266
40368,7.7571
40369,7.1609
40370,7.5633
40371,5.0566
40372,7.7838
40373,6.0825
40374,7.3796
40375,8.1402
40376,7.7838
40377,8.9519
40378,7.1034
40379,8.1455
40380,9.0772
40381,9.248
40382,8.3885
40383,7.5443
40384,7.8491
40385,7.7275
40386,7.7063
40387,7.7838
40388,7.4047
40389,7.3859
40390,7.9354
40391,7.3911
40392,6.0522
40393,8.4456
40394,7.3676
40395,9.3063
40396,8.1967
40397,5.1384
40398,8.6937
40399,9.3042
40400,7.881
40401,7.8649
40402,7.1899
40403,7.5776
40404,8.8943
40405,7.9138
40406,7.9118
40407,8.5527
40408,8.9525
40409,6.0436
40410,8.9525
40411,7.0054
40412,8.9452
40413,8.1968
40414,6.3749
40415,9.3033
40416,7.7838
40417,7.9362
40418,7.3602
40419,9.191
40420,8.1749
40421,8.1626
40422,7.3763
40423,7.8326
40424,9.3111
40425,7.3184
40426,5.0816
40427,7.84
40428,9.1495
40429,8.328
40430,7.1701
40431,8.2193
40432,7.985
40433,7.7838
40434,7.6692
40435,7.7838
40436,8.5706
40437,7.1189
40438,8.8493
40439,7.2195
40440,7.8081
40441,7.8081
40442,6.5226
40443,7.8234
40444,6.5956
40445,8.267
40446,7.3602
40447,7.1468
40448,7.5235
40449,7.1961
40450,7.563
40451,9.4985
40452,7.3213
40453,8.7247
40454,8.0466
40455,6.883
40456,8.8472
40457,7.2695
40458,7.2193
40459,6.776
40460,7.3409
40461,7.5235
40462,8.5255
40463,7.7838
40464,6.2613
40465,7.0667
40466,7.079
40467,7.7736
40468,6.9818
40469,7.7069
40470,9.0406
40471,8.4103
40472,7.5142
40473,6.9611
40474,6.7726
40475,7.8896
40476,6.6116
40477,9.7083
40478,7.8025
40479,7.5235
40480,7.5374
40481,8.3123
40482,7.3602
40483,7.093
40484,7.3173
40485,9.0918
40486,7.4501
40487,8.2558
40488,8.194
40489,7.7729
40490,7.932
40491,8.0254
40492,7.5983
40493,7.1328
40494,9.0128
40495,7.4689
40496,8.3555
40497,5.8099
40498,8.0968
40499,8.5319
40500,8.327
40501,8.3511
40502,6.9764
40503,7.9781
40504,6.8937
40505,6.1182
40506,7.7838
40507,8.2061
40508,8.5034
40509,7.3602
40510,7.1927
40511,6.8124
40512,6.871
40513,7.7715
40514,7.8023
40515,6.4293
40516,7.3624
40517,6.5653
40518,8.9525
40519,8.245
40520,8.3383
40521,9.2497
40522,6.8334
40523,7.3602
40524,8.1104
40525,6.8827
40526,6.9861
40527,7.4437
40528,8.2755
40529,8.284
40530,7.2049
40531,7.0246
40532,6.9958
40533,8.0928
40534,7.8128
40535,5.4978
40536,7.4967
40537,8.4885
40538,6.2114
40539,7.2673
40540,7.7841
40541,8.818
40542,7.024
40543,9.0859
40544,7.995
40545,7.5609
40546,7.5242
40547,6.6691
40548,7.3658
40549,8.0194
40550,5.2687
40551,7.3931
40552,7.8242
40553,8.199
40554,8.1309
40555,8.5399
40556,8.9525
40557,6.3169
40558,7.6301
40559,5.7151
40560,7.1323
40561,8.9805
40562,7.973
40563,7.4293
40564,7.2575
40565,6.7096
40566,8.1533
40567,9.2635
40568,7.8739
40569,8.1564
40570,7.5374
40571,7.4376
40572,8.5689
40573,8.8535
40574,7.6604
40575,7.3602
40576,7.164
40577,7.0852
40578,6.5723
40579,8.3693
40580,7.4575
40581,8.657
40582,9.3946
40583,7.7838
40584,8.0875
40585,7.357
40586,5.6585
40587,8.4314
40588,8.6407
40589,6.5217
40590,8.0976
40591,6.2583
40592,7.5535
40593,7.2209
40594,8.0452
40595,6.5461
40596,7.7838
40597,7.1015
40598,7.5235
40599,9.1183
40600,7.6133
40601,8.5296
40602,8.7881
40603,7.9531
40604,7.6307
40605,6.7289
40606,7.9088
40607,6.1652
40608,6.9669
40609,7.8138
40610,7.71
40611,6.5715
40612,8.9475
40613,8.5204
40614,8.4336
40615,7.3658
40616,7.1891
40617,7.8266
40618,8.3281
40619,7.3918
40620,8.9525
40621,7.3602
40622,9.6833
40623,7.8085
40624,6.955
40625,7.7838
40626,7.0257
40627,9.2863
40628,7.3127
40629,8.8948
40630,7.2079
40631,7.8413
40632,7.9378
40633,5.1384
40634,6.708
40635,7.3959
40636,8.9525
40637,6.3851
40638,8.9405
40639,9.6591
40640,5.6136
40641,8.02
40642,5.3786
40643,9.3214
40644,7.4243
40645,8.2792
40646,7.9556
40647,6.093
40648,7.8505
40649,8.6209
40650,7.8866
40651,6.6603
40652,8.6705
40653,7.7838
40654,8.0656
40655,8.9452
40656,6.8488
40657,7.1007
40658,6.9299
40659,8.1714
40660,7.6352
40661,9.3393
40662,5.927
40663,5.912
40664,7.7545
40665,6.9306
40666,8.194
40667,8.6951
40668,6.4677
40669,9.6431
40670,7.9272
40671,8.9525
40672,6.692
40673,6.1277
40674,7.1323
40675,7.622
40676,7.1351
40677,7.2797
40678,6.3859
40679,7.4666
40680,6.4872
40681,9.3214
40682,7.3602
40683,8.9525
40684,7.8462
40685,7.8538
40686,7.7427
40687,7.9113
40688,8.819
40689,8.8261
40690,8.9525
40691,7.2562
40692,7.3897
40693,7.8581
40694,7.7838
40695,7.7838
40696,7.0763
40697,7.7443
40698,6.7033
40699,6.0302
40700,8.4497
40701,3.5424
40702,8.5367
40703,8.9383
40704,7.4275
40705,8.547
40706,7.4973
40707,7.7838
40708,8.1714
40709,7.8266
40710,5.744
40711,9.4226
40712,7.5713
40713,8.9525
40714,7.7683
40715,6.7408
40716,9.0987
40717,8.7972
40718,9.3214
40719,7.9864
40720,7.1752
40721,7.2559
40722,9.0543
40723,8.8278
40724,5.6962
40725,7.3602
40726,8.1714
40727,9.6188
40728,5.2842
40729,4.277
40730,8.795
40731,7.9064
40732,7.1907
40733,7.3383
40734,8.8184
40735,7.292
40736,6.7443
40737,5.7005
40738,8.3795
40739,8.26
40740,8.9452
40741,7.1639
40742,8.2084
40743,7.6509
40744,7.6045
40745,8.5027
40746,7.7838
40747,6.2242
40748,8.284
40749,7.9181
40750,5.9777
40751,7.7671
40752,5.7552
40753,7.0265
40754,6.9611
40755,5.1384
40756,7.3162
40757,7.1769
40758,8.999
40759,7.9341
40760,5.1685
40761,9.6515
40762,6.4977
40763,8.4619
40764,7.7127
40765,7.4231
40766,7.1537
40767,8.9525
40768,6.7491
40769,7.5083
40770,8.1236
40771,6.9244
40772,9.3214
40773,6.7456
40774,8.0144
40775,7.9187
40776,7.6383
40777,3.0185
40778,6.2909
40779,7.7838
40780,8.2748
40781,8.1368
40782,5.2405
40783,5.6979
40784,7.1829
40785,8.9566
40786,8.9739
40787,7.8643
40788,6.8141
40789,7.2937
40790,7.343
40791,7.2976
40792,8.0232
40793,7.2913
40794,7.3602
40795,6.6208
40796,7.5062
40797,7.3602
40798,7.5793
40799,7.1528
40800,8.937
40801,7.8846
40802,7.3602
40803,8.9525
40804,7.3746
40805,8.7859
40806,8.328
40807,7.9663
40808,7.4501
40809,7.2126
40810,6.1612
40811,8.0042
40812,6.7594
40813,8.7801
40814,8.0381
40815,7.7378
40816,8.1317
40817,7.2872
40818,8.9525
40819,7.8681
40820,7.2883
40821,7.5612
40822,8.6149
40823,7.3666
40824,7.5235
40825,7.941
40826,9.1387
40827,8.4999
40828,8.3607
40829,7.2872
40830,7.2647
40831,7.3835
40832,8.1396
40833,8.6186
40834,6.9429
40835,9.4955
40836,8.4605
40837,8.9345
40838,6.4077
40839,5.1384
40840,8.2916
40841,7.3208
40842,7.3868
40843,8.4732
40844,7.7474
40845,8.3975
40846,8.781
40847,7.7838
40848,7.6563
40849,6.7252
40850,8.9525
40851,6.5134
40852,7.7838
40853,5.1221
40854,4.6128
40855,7.6775
40856,5.8788
40857,8.821
40858,6.4706
40859,7.6517
40860,7.7632
40861,6.4044
40862,7.5123
40863,7.6034
40864,9.1404
40865,7.5589
40866,7.6198
40867,7.7103
40868,7.694
40869,7.1502
40870,6.3594
40871,7.5968
40872,7.9257
40873,8.6498
40874,8.2652
40875,7.3679
40876,6.0134
40877,7.8316
40878,5.3333
40879,8.9497
40880,9.8198
40881,6.8953
40882,7.6596
40883,7.5745
40884,6.7325
40885,5.8509
40886,8.1715
40887,8.9926
40888,7.515
40889,6.5295
40890,7.6757
40891,6.6147
40892,9.6188
40893,8.2318
40894,7.7838
40895,7.7838
40896,9.2497
40897,7.7838
40898,7.5123
40899,8.6248
40900,5.1405
40901,7.2083
40902,6.6183
40903,7.6883
40904,8.2121
40905,7.7276
40906,7.7683
40907,7.914
40908,7.047
40909,7.2823
40910,6.8456
40911,7.6733
40912,7.4171
40913,5.1384
40914,5.1384
40915,9.3214
40916,8.6581
40917,7.6439
40918,6.5579
40919,6.1256
40920,8.6771
40921,7.0603
40922,8.3383
40923,8.6193
40924,7.8134
40925,8.175
40926,4.7284
40927,8.7688
40928,7.5041
40929,8.2722
40930,7.8073
40931,8.9525
40932,7.237
40933,7.7429
40934,7.7066
40935,7.5136
40936,5.8336
40937,7.6289
40938,8.8077
40939,5.3751
40940,7.1108
40941,8.2546
40942,8.5968
40943,7.8157
40944,6.3113
40945,7.5447
40946,8.1972
40947,8.2164
40948,7.1931
40949,7.7665
40950,7.6288
40951,6.8884
40952,7.49
40953,6.6232
40954,7.3602
40955,7.0587
40956,7.3156
40957,8.8871
40958,6.4577
40959,6.9656
40960,6.8674
40961,7.3737
40962,7.4192
40963,8.6442
40964,8.1369
40965,6.3198
40966,7.2015
40967,8.6544
40968,8.9452
40969,6.8953
40970,7.3602
40971,7.1632
40972,6.6421
40973,8.1376
40974,3.4981
40975,7.3284
40976,8.3311
40977,8.0508
40978,8.0559
40979,8.0704
40980,8.8733
40981,7.1278
40982,8.5323
40983,6.8601
40984,7.7809
40985,7.2688
40986,8.0176
40987,8.2429
40988,7.4947
40989,6.6267
40990,8.3265
40991,7.7838
40992,9.0733
40993,7.7838
40994,7.2989
40995,8.9525
40996,7.7253
40997,7.5798
40998,7.1013
40999,7.7838
41000,8.9984
41001,8.0326
41002,8.9525
41003,7.6729
41004,8.9525
41005,7.6412
41006,7.4335
41007,9.1404
41008,8.3594
41009,7.2825
41010,8.1363
41011,7.7527
41012,6.6602
41013,5.2661
41014,8.284
41015,7.6392
41016,6.6651
41017,7.6106
41018,6.0484
41019,6.8766
41020,7.1924
41021,5.4541
41022,7.9923
41023,7.7108
41024,7.8909
41025,7.1059
41026,8.0695
41027,9.1567
41028,7.765
41029,7.7838
41030,8.8229
41031,6.8886
41032,5.2842
41033,7.3763
41034,5.6572
41035,8.176
41036,7.3602
41037,7.2631
41038,7.2962
41039,7.3314
41040,7.9911
41041,7.5235
41042,9.4367
41043,7.5029
41044,8.9048
41045,7.884
41046,7.3344
41047,8.4283
41048,6.1556
41049,7.2198
41050,7.8831
41051,8.5808
41052,7.8017
41053,7.26
41054,6.9162
41055,7.7495
41056,8.1335
41057,7.772
41058,6.0679
41059,7.4501
41060,7.6762
41061,8.106
41062,7.668
41063,9.0046
41064,6.674
41065,9.058
41066,7.8669
41067,8.0282
41068,8.9242
41069,7.7733
41070,8.8186
41071,8.1378
41072,8.3766
41073,5.1384
41074,8.9452
41075,8.6847
41076,6.6542
41077,7.6116
41078,7.8352
41079,8.7303
41080,7.4325
41081,7.8419
41082,7.5763
41083,8.2366
41084,7.0194
41085,7.7358
41086,7.7838
41087,6.7024
41088,6.1823
41089,9.3214
41090,7.8718
41091,8.2493
41092,7.4964
41093,8.9452
41094,9.0277
41095,7.7547
41096,7.5235
41097,3.3601
41098,9.0772
41099,8.7073
41100,7.3602
41101,6.6288
41102,8.5631
41103,6.8866
41104,7.329
41105,8.0276
41106,7.9296
41107,7.9594
41108,7.7118
41109,8.1115
41110,7.0459
41111,7.4983
41112,7.1041
41113,7.2546
41114,9.2623
41115,7.3332
41116,5.746
41117,8.8653
41118,8.2782
41119,7.7838
41120,7.2583
41121,7.5491
41122,9.6591
41123,7.5508
41124,7.1234
41125,7.0756
41126,8.7821
41127,7.3298
41128,8.9525
41129,8.5683
41130,8.1806
41131,7.5956
41132,7.5748
41133,7.2237
41134,6.9299
41135,5.2229
41136,7.4715
41137,7.1885
41138,6.9201
41139,6.3447
41140,9.1404
41141,8.0005
41142,7.6796
41143,8.7678
41144,7.9917
41145,8.1004
41146,7.3602
41147,8.8672
41148,7.6312
41149,8.3255
41150,8.0969
41151,7.9645
41152,7.7838
41153,6.989
41154,7.5989
41155,6.6343
41156,8.6354
41157,8.8242
41158,8.0819
41159,7.4477
41160,6.5285
41161,8.4955
41162,6.4782
41163,6.139
41164,8.2321
41165,6.5886
41166,8.905
41167,7.7118
41168,6.8065
41169,7.3602
41170,7.5792
41171,8.3641
41172,7.4864
41173,8.7091
41174,4.9122
41175,7.7294
41176,8.661
41177,7.5645
41178,9.6803
41179,3.8879
41180,7.2724
41181,6.1846
41182,5.7917
41183,8.8237
41184,5.1384
41185,8.5542
41186,7.1076
41187,7.6305
41188,8.9525
41189,6.8768
41190,7.3689
41191,7.3602
41192,8.3599
41193,6.6138
41194,7.9367
41195,7.9865
41196,7.7838
41197,8.5166
41198,6.2258
41199,7.26
41200,7.8134
41201,6.5839
41202,6.5096
41203,7.0077
41204,9.1921
41205,9.6632
41206,5.3306
41207,7.7838
41208,7.2549
41209,9.4186
41210,7.9816
41211,8.9302
41212,7.5128
41213,8.7091
41214,5.5804
41215,7.8862
41216,7.2595
41217,8.3101
41218,7.2473
41219,5.7795
41220,7.3766
41221,7.0656
41222,9.427
41223,7.3835
41224,7.9953
41225,7.6854
41226,7.3182
41227,6.9403
41228,7.6643
41229,8.46
41230,7.9922
41231,7.3395
41232,7.0017
41233,9.2142
41234,8.781
41235,9.528
41236,5.7878
41237,5.1384
41238,9.0712
41239,7.7838
41240,8.6495
41241,8.4977
41242,7.7838
41243,7.9127
41244,6.3813
41245,8.9525
41246,8.9525
41247,7.3037
41248,6.783
41249,7.4754
41250,7.3602
41251,5.2842
41252,8.1194
41253,7.7838
41254,8.3039
41255,8.5344
41256,7.0699
41257,7.3682
41258,7.7508
41259,9.4819
41260,6.9902
41261,6.9211
41262,9.3682
41263,8.5404
41264,8.8025
41265,7.9726
41266,7.5823
41267,7.0801
41268,8.5885
41269,4.6339
41270,8.189
41271,5.273
41272,8.3792
41273,7.3602
41274,4.3737
41275,8.0386
41276,9.1847
41277,9.0414
41278,8.4116
41279,5.9623
41280,8.3739
41281,8.8362
41282,8.0721
41283,9.1235
41284,8.9533
41285,7.2185
41286,7.2574
41287,6.7594
41288,5.6464
41289,8.284
41290,7.4291
41291,8.1577
41292,7.2603
41293,5.6585
41294,8.0471
41295,7.9131
41296,8.9525
41297,7.765
41298,7.7838
41299,8.1057
41300,6.9136
41301,7.4872
41302,7.2698
41303,6.7289
41304,7.8569
41305,9.5064
41306,6.9836
41307,5.9395
41308,4.3737
41309,7.3602
41310,7.5946
41311,6.8092
41312,8.5642
41313,8.3314
41314,7.6067
41315,7.5714
41316,6.9187
41317,7.1339
41318,8.0565
41319,6.7594
41320,7.7806
41321,7.6681
41322,7.7838
41323,8.0456
41324,6.7786
41325,7.6127
41326,7.345
41327,8.1873
41328,7.7213
41329,7.936
41330,6.901
41331,7.6744
41332,5.2455
41333,7.6518
41334,7.5943
41335,7.5141
41336,7.6373
41337,7.7132
41338,6.2431
41339,6.1596
41340,8.6045
41341,9.7352
41342,5.927
41343,8.0929
41344,8.253
41345,9.4351
41346,6.435
41347,7.0857
41348,6.342
41349,6.9741
41350,8.957
41351,6.7227
41352,8.3276
41353,6.7011
41354,7.1469
41355,7.3738
41356,8.1512
41357,6.131
41358,8.6401
41359,7.1291
41360,7.3785
41361,7.4019
41362,7.4965
41363,7.3602
41364,6.8358
41365,7.7838
41366,7.7407
41367,5.4369
41368,7.9239
41369,7.994
41370,7.6839
41371,7.4096
41372,7.5091
41373,7.7711
41374,7.9264
41375,8.4375
41376,7.7485
41377,8.4698
41378,8.4777
41379,8.1026
41380,7.2472
41381,8.2164
41382,8.6774
41383,6.1665
41384,9.3198
41385,5.3299
41386,8.6163
41387,7.4833
41388,7.7838
41389,8.0112
41390,6.1934
41391,7.2249
41392,7.3908
41393,7.7838
41394,7.2635
41395,8.5526
41396,6.1509
41397,8.4139
41398,7.2902
41399,7.7671
41400,6.6067
41401,6.9212
41402,7.9748
41403,8.3792
41404,7.4155
41405,5.1252
41406,8.031
41407,7.1769
41408,6.838
41409,7.0825
41410,7.7593
41411,7.3908
41412,5.7954
41413,5.9038
41414,7.7313
41415,6.5892
41416,7.6859
41417,8.9525
41418,7.3742
41419,6.0932
41420,6.7878
41421,7.0854
41422,7.3845
41423,7.9911
41424,9.7091
41425,7.72
41426,5.7285
41427,8.8635
41428,6.3396
41429,7.3602
41430,7.7838
41431,7.7838
41432,9.3304
41433,8.328
41434,7.0292
41435,8.6319
41436,7.6055
41437,5.9827
41438,8.9525
41439,8.5703
41440,8.7896
41441,7.3602
41442,7.4013
41443,8.4117
41444,7.7838
41445,7.1173
41446,8.3277
41447,6.9031
41448,8.4543
41449,8.794
41450,8.9566
41451,7.3724
41452,6.8189
41453,7.0093
41454,8.6161
41455,9.3114
41456,8.8603
41457,7.7371
41458,7.3687
41459,5.927
41460,7.7704
41461,8.5806
41462,4.9543
41463,8.7091
41464,7.4659
41465,5.9202
41466,8.9525
41467,9.0062
41468,8.5238
41469,7.0528
41470,7.2207
41471,7.2477
41472,8.6128
41473,7.4274
41474,7.278
41475,8.8832
41476,6.1381
41477,8.5197
41478,6.9221
41479,6.8626
41480,6.9488
41481,6.9038
41482,8.9525
41483,6.5576
41484,7.7322
41485,7.4224
41486,9.1447
41487,6.6289
41488,7.5661
41489,7.5117
41490,8.3776
41491,7.1069
41492,7.6562
41493,7.3533
41494,6.9014
41495,7.2186
41496,8.9525
41497,7.3255
41498,8.8194
41499,7.7904
41500,6.9299
41501,8.9525
41502,8.781
41503,6.9685
41504,8.4133
41505,7.1739
41506,7.7867
41507,6.405
41508,6.7117
41509,7.4983
41510,6.6381
41511,8.2931
41512,7.5229
41513,7.6747
41514,8.7091
41515,7.9239
41516,8.0954
41517,8.2525
41518,9.3788
41519,8.5746
41520,7.1769
41521,7.0777
41522,8.0827
41523,6.8954
41524,7.0496
41525,9.3744
41526,7.1896
41527,8.0922
41528,7.6979
41529,6.8483
41530,6.8354
41531,7.6331
41532,7.7838
41533,7.4501
41534,8.1028
41535,8.0186
41536,7.0472
41537,8.7866
41538,8.7366
41539,9.0437
41540,7.1158
41541,7.8642
41542,7.6992
41543,8.1946
41544,8.3985
41545,4.3737
41546,7.1067
41547,10.0
41548,7.1514
41549,7.1551
41550,7.6264
41551,6.7892
41552,7.7683
41553,6.7213
41554,8.2866
41555,7.9521
41556,6.9107
41557,6.8535
41558,8.9452
41559,7.5235
41560,7.7683
41561,8.9371
41562,6.2567
41563,6.7874
41564,7.8797
41565,7.6163
41566,8.3894
41567,5.0819
41568,7.4804
41569,7.7838
41570,7.5421
41571,7.3992
41572,9.3214
41573,6.8458
41574,9.2149
41575,7.7838
41576,7.7846
41577,7.6934
41578,7.7838
41579,8.0148
41580,8.1088
41581,7.1011
41582,4.6657
41583,6.6693
41584,8.6518
41585,6.8554
41586,6.6559
41587,7.2876
41588,9.6701
41589,6.8627
41590,7.4005
41591,6.6624
41592,8.0208
41593,6.7397
41594,7.5549
41595,9.1404
41596,7.7838
41597,9.0524
41598,7.8533
41599,7.8105
41600,7.8658
41601,7.5235
41602,8.9452
41603,7.1892
41604,8.2362
41605,8.1017
41606,7.5726
41607,7.8719
41608,9.1892
41609,8.6494
41610,8.2363
41611,9.6732
41612,5.8186
41613,8.1245
41614,7.7838
41615,8.4811
41616,7.9523
41617,7.1828
41618,7.6167
41619,8.6503
41620,6.8386
41621,7.9776
41622,7.6547
41623,8.5327
41624,5.9876
41625,6.8814
41626,7.3602
41627,8.2385
41628,7.4824
41629,5.2842
41630,9.1328
41631,4.5548
41632,7.555
41633,6.9397
41634,7.2103
41635,9.4584
41636,9.4563
41637,7.6033
41638,7.3602
41639,6.7751
41640,7.7838
41641,7.918
41642,8.0631
41643,5.7273
41644,8.0703
41645,8.3795
41646,7.9548
41647,6.907
41648,7.6556
41649,6.8391
41650,9.1747
41651,8.6729
41652,7.2759
41653,5.1384
41654,7.1002
41655,7.2245
41656,6.9561
41657,7.7175
41658,7.3611
41659,9.469
41660,7.9999
41661,9.2149
41662,5.8535
41663,7.8934
41664,7.7644
41665,5.2842
41666,6.9138
41667,9.7083
41668,7.5977
41669,7.6383
41670,7.7304
41671,7.5149
41672,8.3641
41673,7.9259
41674,7.7683
41675,7.5213
41676,6.9471
41677,7.1195
41678,5.1384
41679,7.4947
41680,6.9198
41681,7.4993
41682,8.5903
41683,6.6242
41684,8.7566
41685,8.1253
41686,8.207
41687,7.7838
41688,8.1846
41689,7.9808
41690,5.9731
41691,6.8232
41692,6.3759
41693,5.7859
41694,7.2195
41695,7.5636
41696,6.2178
41697,7.1822
41698,8.1993
41699,7.0641
41700,7.2872
41701,7.7838
41702,8.382
41703,5.761
41704,7.5139
41705,7.1903
41706,7.7669
41707,7.5235
41708,7.3017
41709,8.1591
41710,8.5542
41711,7.1323
41712,8.6986
41713,9.1743
41714,9.0763
41715,7.3618
41716,8.0304
41717,8.0366
41718,7.6644
41719,6.8899
41720,7.0377
41721,5.7717
41722,8.1652
41723,8.0736
41724,6.6222
41725,7.7838
41726,7.8001
41727,6.8019
41728,4.5914
41729,7.7119
41730,7.0525
41731,8.1704
41732,7.5827
41733,8.3633
41734,8.1439
41735,7.4873
41736,7.9038
41737,8.1502
41738,7.8805
41739,8.9178
41740,7.726
41741,6.9645
41742,7.26
41743,8.3898
41744,6.9554
41745,6.6423
41746,8.2164
41747,8.3083
41748,8.5383
41749,6.7407
41750,7.3322
41751,7.3777
41752,7.9097
41753,7.3396
41754,6.9934
41755,7.7005
41756,7.9755
41757,7.5013
41758,7.228
41759,7.956
41760,6.1176
41761,6.7734
41762,8.0275
41763,7.0164
41764,7.7821
41765,9.0772
41766,6.3892
41767,7.7938
41768,6.9878
41769,7.3383
41770,8.8541
41771,7.2839
41772,7.2026
41773,7.2169
41774,8.9525
41775,8.7261
41776,8.1031
41777,10.0
41778,6.6985
41779,8.2437
41780,7.322
41781,8.9246
41782,8.4366
41783,6.5096
41784,7.0861
41785,6.3392
41786,7.3167
41787,8.4581
41788,7.3201
41789,9.6651
41790,7.0442
41791,7.4641
41792,7.4532
41793,7.6545
41794,8.7072
41795,7.7838
41796,7.6153
41797,5.9213
41798,7.6032
41799,7.5793
41800,8.7707
41801,7.0021
41802,7.2889
41803,8.0734
41804,8.1999
41805,8.9525
41806,8.4433
41807,7.7895
41808,8.0321
41809,8.8035
41810,7.4451
41811,7.4085
41812,8.3248
41813,7.1117
41814,7.7838
41815,6.9019
41816,7.3174
41817,7.6865
41818,8.1308
41819,6.7994
41820,8.2541
41821,8.9525
41822,7.375
41823,7.8227
41824,8.6546
41825,7.7675
41826,7.7838
41827,8.6069
41828,6.6092
41829,8.6433
41830,5.9032
41831,7.26
41832,7.1093
41833,7.6236
41834,7.5235
41835,7.7063
41836,7.313
41837,8.7549
41838,7.9271
41839,6.8711
41840,7.4501
41841,7.4292
41842,6.9464
41843,7.718
41844,7.5734
41845,10.0
41846,7.988
41847,9.1072
41848,8.3537
41849,7.4256
41850,8.6439
41851,7.534
41852,7.4505
41853,7.7838
41854,6.9656
41855,8.4823
41856,7.0606
41857,6.5745
41858,7.0966
41859,7.9922
41860,5.9174
41861,7.6246
41862,8.8866
41863,7.844
41864,6.6602
41865,6.7453
41866,7.9055
41867,7.2781
41868,7.6294
41869,7.9713
41870,7.3379
41871,6.3295
41872,6.3969
41873,8.8294
41874,7.1642
41875,4.5334
41876,7.8819
41877,7.4965
41878,7.5014
41879,6.3744
41880,9.9217
41881,6.9644
41882,6.635
41883,7.7063
41884,7.4827
41885,8.0878
41886,8.9525
41887,7.0838
41888,8.4732
41889,7.2937
41890,7.9623
41891,8.0577
41892,7.6162
41893,9.6769
41894,7.8024
41895,8.7665
41896,8.5223
41897,6.5684
41898,6.7983
41899,7.0187
41900,6.6976
41901,7.3559
41902,7.4874
41903,5.4189
41904,7.5191
41905,7.5733
41906,7.8339
41907,8.0884
41908,8.4746
41909,7.3585
41910,7.0956
41911,7.7838
41912,7.3266
41913,6.2591
41914,8.5296
41915,8.8181
41916,7.6884
41917,7.0528
41918,7.007
41919,8.4322
41920,7.5235
41921,8.176
41922,7.3519
41923,7.2237
41924,7.5235
41925,6.9299
41926,7.4488
41927,7.3602
41928,7.7826
41929,7.8089
41930,6.9484
41931,7.483
41932,6.9691
41933,6.7718
41934,7.7205
41935,7.4397
41936,8.1571
41937,8.5022
41938,7.5783
41939,7.6228
41940,7.6045
41941,7.398
41942,8.3874
41943,8.9745
41944,9.2917
41945,6.6898
41946,8.9525
41947,6.405
41948,7.1391
41949,8.4139
41950,8.9525
41951,8.1756
41952,7.3095
41953,7.7838
41954,8.0019
41955,7.7838
41956,8.9525
41957,6.1661
41958,8.2653
41959,8.1472
41960,7.7699
41961,7.7838
41962,8.575
41963,6.9108
41964,7.1887
41965,8.6439
41966,6.9887
41967,8.0485
41968,8.1527
41969,8.1537
41970,7.328
41971,9.3041
41972,5.2449
41973,7.2828
41974,6.6814
41975,7.6673
41976,6.6221
41977,8.4624
41978,8.3936
41979,9.4691
41980,8.6495
41981,6.776
41982,7.6692
41983,7.1514
41984,7.2884
41985,6.7944
41986,7.2572
41987,7.2444
41988,8.8711
41989,7.7683
41990,6.6072
41991,8.099
41992,7.9019
41993,7.268
41994,7.7843
41995,10.0
41996,7.3918
41997,6.5081
41998,8.9452
41999,7.26
42000,6.9716
42001,7.7838
42002,7.7838
42003,9.0163
42004,8.9525
42005,6.8634
42006,7.0226
42007,7.7971
42008,8.0933
42009,7.6688
42010,7.704
42011,7.7838
42012,8.6764
42013,8.3771
42014,4.6815
42015,8.1006
42016,7.3085
42017,7.8702
42018,8.3792
42019,7.7838
42020,7.2566
42021,8.5589
42022,6.9604
42023,6.9525
42024,7.8329
42025,7.5235
42026,7.0648
42027,7.7838
42028,7.3602
42029,7.6755
42030,8.7091
42031,8.2245
42032,8.2944
42033,7.3658
42034,6.4129
42035,7.3153
42036,7.7274
42037,5.927
42038,7.6084
42039,8.2153
42040,8.1918
42041,5.639
42042,7.3602
42043,8.2317
42044,8.212
42045,7.4345
42046,7.26
42047,6.3708
42048,7.023
42049,7.7535
42050,7.362
42051,8.5249
42052,7.3483
42053,5.7676
42054,8.0143
42055,8.6852
42056,9.5153
42057,6.6928
42058,7.9807
42059,7.836
42060,8.3511
42061,7.5657
42062,5.1384
42063,6.9759
42064,7.5235
42065,7.5898
42066,8.267
42067,7.7325
42068,7.7819
42069,8.348
42070,9.0253
42071,8.7203
42072,7.2997
42073,7.4748
42074,7.6825
42075,7.7838
42076,7.5361
42077,8.0136
42078,8.0918
42079,8.6154
42080,8.2118
42081,7.7941
42082,8.1586
42083,6.9722
42084,7.7838
42085,6.632
42086,7.4033
42087,5.8743
42088,7.7838
42089,5.9775
42090,7.215
42091,7.6128
42092,7.7838
42093,7.8446
42094,7.7838
42095,8.9814
42096,8.981
42097,8.0581
42098,7.5497
42099,5.1384
42100,8.3736
42101,8.4744
42102,8.518
42103,6.9732
42104,8.6481
42105,8.5547
42106,7.4783
42107,8.3221
42108,7.1434
42109,7.9811
42110,7.3602
42111,6.5597
42112,7.6689
42113,5.9053
42114,7.0843
42115,8.6232
42116,7.4347
42117,7.7838
42118,8.491
42119,7.4877
42120,7.7683
42121,7.2014
42122,6.5668
42123,6.8175
42124,7.2773
42125,7.9388
42126,7.927
42127,5.789
42128,8.6709
42129,7.5588
42130,7.7838
42131,7.8866
42132,7.7601
42133,9.8963
42134,8.522
42135,7.085
42136,8.4055
42137,7.7838
42138,7.7838
42139,7.4282
42140,8.0813
42141,7.7838
42142,8.8502
42143,7.9151
42144,7.7905
42145,7.3454
42146,8.9525
42147,8.9285
42148,8.7242
42149,8.3383
42150,8.4092
42151,7.9192
42152,7.5936
42153,7.8841
42154,8.2217
42155,6.8819
42156,7.6316
42157,8.5548
42158,7.0947
42159,8.1057
42160,8.7091
42161,7.7782
42162,8.6098
42163,8.0495
42164,8.8577
42165,9.1495
42166,8.6938
42167,6.7637
42168,8.2292
42169,8.1714
42170,7.835
42171,8.007
42172,7.1289
42173,6.9412
42174,7.7954
42175,7.15
42176,8.1393
42177,7.7838
42178,8.0971
42179,7.5735
42180,7.2792
42181,6.7676
42182,9.0772
42183,6.8739
42184,5.6585
42185,8.3018
42186,8.6537
42187,7.2267
42188,7.3732
42189,8.6448
42190,7.1759
42191,7.4108
42192,7.6351
42193,8.9525
42194,8.0192
42195,7.9535
42196,8.7091
42197,6.9325
42198,6.8697
42199,7.5115
42200,8.7703
42201,8.6485
42202,8.6403
42203,9.6188
42204,7.5128
42205,5.4369
42206,7.8927
42207,7.7838
42208,5.4541
42209,7.3892
42210,7.8833
42211,8.9525
42212,6.3028
42213,8.0325
42214,5.1384
42215,7.6285
42216,8.3511
42217,5.1384
42218,7.4631
42219,7.9454
42220,7.9009
42221,6.9383
42222,6.7826
42223,8.412
42224,7.3939
42225,6.6324
42226,7.9427
42227,7.3928
42228,7.4729
42229,7.094
42230,7.6027
42231,8.6044
42232,7.564
42233,7.3614
42234,7.5602
42235,7.1135
42236,7.2336
42237,6.8035
42238,7.664
42239,5.1384
42240,8.9525
42241,7.7615
42242,7.9493
42243,7.9755
42244,7.805
42245,7.9735
42246,7.4753
42247,7.7683
42248,8.9525
42249,5.7666
42250,7.4594
42251,7.9059
42252,7.8769
42253,7.9833
42254,5.3514
42255,8.1275
42256,6.7401
42257,8.6762
42258,8.9525
42259,7.2092
42260,7.5542
42261,5.1384
42262,7.7838
42263,8.8854
42264,8.5683
42265,6.6195
42266,8.8325
42267,8.5639
42268,7.364
42269,6.4191
42270,7.5842
42271,8.161
42272,6.71
42273,7.1847
42274,7.1344
42275,7.5978
42276,5.8999
42277,5.932
42278,6.7923
42279,7.2737
42280,7.5062
42281,7.3389
42282,7.7063
42283,8.9525
42284,8.5081
42285,7.5313
42286,8.9525
42287,8.6814
42288,7.3704
42289,8.4404
42290,7.0724
42291,7.6955
42292,8.4429
42293,8.3306
42294,7.1822
42295,5.6585
42296,7.7838
42297,7.7683
42298,7.7838
42299,6.0236
42300,6.9919
42301,5.9322
42302,7.7838
42303,7.5476
42304,7.899
42305,6.198
42306,9.4996
42307,8.9525
42308,8.6347
42309,8.1714
42310,7.3602
42311,6.6585
42312,7.9194
42313,8.683
42314,8.0731
42315,9.2098
42316,9.6591
42317,7.8595
42318,8.4063
42319,6.6327
42320,9.5526
42321,8.1727
42322,8.3181
42323,7.8551
42324,7.5095
42325,7.5235
42326,8.3276
42327,7.5696
42328,8.9525
42329,6.4522
42330,6.5616
42331,7.5907
42332,7.8843
42333,7.6475
42334,9.3214
42335,8.9475
42336,8.1138
42337,7.8128
42338,7.6644
42339,8.4879
42340,7.7294
42341,8.298
42342,7.6349
42343,7.5685
42344,8.477
42345,5.1384
42346,7.8356
42347,9.0772
42348,8.2621
42349,7.3658
42350,8.4549
42351,8.6921
42352,8.1826
42353,7.5235
42354,5.2861
42355,7.714
42356,7.7781
42357,7.7838
42358,8.184
42359,6.4584
42360,8.3847
42361,5.8516
42362,7.0689
42363,7.2501
42364,8.4081
42365,7.2978
42366,7.3458
42367,7.7838
42368,6.2164
42369,7.8563
42370,7.1415
42371,7.5501
42372,6.1493
42373,6.9656
42374,7.0526
42375,8.9525
42376,6.5852
42377,6.4871
42378,8.9525
42379,8.2302
42380,5.1384
42381,7.5258
42382,6.2064
42383,7.9063
42384,6.8499
42385,7.814
42386,6.4047
42387,6.6571
42388,5.6555
42389,7.9233
42390,6.9279
42391,6.9953
42392,7.26
42393,7.3627
42394,7.3609
42395,7.4317
42396,8.6418
42397,8.7942
42398,7.1197
42399,7.6667
42400,7.9889
42401,7.1471
42402,8.2793
42403,7.6677
42404,7.3602
42405,7.3602
42406,8.5517
42407,8.9525
42408,8.1673
42409,8.9525
42410,8.167
42411,8.0467
42412,6.7813
42413,7.7838
42414,7.3602
42415,9.3938
42416,9.3286
42417,7.0166
42418,7.065
42419,6.8281
42420,9.658
42421,6.8211
42422,7.7063
42423,7.1655
42424,6.7009
42425,6.2117
42426,7.6157
42427,6.8242
42428,6.1954
42429,7.2457
42430,8.136
42431,8.2443
42432,8.6839
42433,7.4861
42434,7.249
42435,7.3698
42436,8.9926
42437,9.3041
42438,3.3514
42439,8.3186
42440,7.6341
42441,8.3794
42442,8.0955
42443,7.7838
42444,8.3596
42445,8.6439
42446,6.2449
42447,8.284
42448,7.609
42449,7.6103
42450,7.6373
42451,7.8945
42452,8.9525
42453,8.1178
42454,5.6477
42455,6.5828
42456,7.8081
42457,7.0777
42458,6.5314
42459,8.4026
42460,7.7838
42461,8.0677
42462,6.7697
42463,7.7838
42464,7.1423
42465,8.5284
42466,8.6518
42467,7.4857
42468,8.9525
42469,7.3469
42470,9.0569
42471,7.7838
42472,9.3214
42473,7.2121
42474,6.4941
42475,8.9452
42476,7.5073
42477,8.2898
42478,6.6174
42479,9.5153
42480,5.681
42481,7.1576
42482,7.9729
42483,8.2046
42484,7.8428
42485,7.164
42486,8.3954
42487,8.1855
42488,7.3602
42489,7.5304
42490,8.9525
42491,6.8764
42492,8.1865
42493,6.4816
42494,7.209
42495,5.1384
42496,7.2774
42497,7.2305
42498,7.1647
42499,8.937
42500,6.9792
42501,6.3973
42502,8.6904
42503,7.1096
42504,8.1301
42505,5.044
42506,7.448
42507,7.1347
42508,7.7838
42509,6.1321
42510,7.6796
42511,8.7032
42512,7.3433
42513,8.7549
42514,7.5211
42515,7.3737
42516,6.1457
42517,7.7429
42518,7.5441
42519,7.9813
42520,8.633
42521,7.2195
42522,7.3201
42523,7.4004
42524,8.8189
42525,6.4612
42526,7.4625
42527,6.7786
42528,8.145
42529,8.3112
42530,4.3161
42531,8.0439
42532,7.6066
42533,6.6832
42534,6.2666
42535,6.1997
42536,7.7103
42537,7.7017
42538,8.1161
42539,7.1381
42540,9.4859
42541,7.8846
42542,6.8555
42543,5.1384
42544,8.7091
42545,9.0411
42546,8.0933
42547,7.7838
42548,5.7034
42549,8.2605
42550,7.3308
42551,6.9082
42552,8.2694
42553,8.5296
42554,7.2789
42555,7.1975
42556,8.3845
42557,7.7645
42558,7.4783
42559,6.9137
42560,7.4375
42561,7.4261
42562,7.2498
42563,9.6516
42564,7.4638
42565,7.7838
42566,8.9452
42567,7.3453
42568,7.3295
42569,10.0
42570,7.5501
42571,7.6796
42572,8.509
42573,9.179
42574,8.3527
42575,7.1086
42576,7.4906
42577,5.2948
42578,8.328
42579,6.7489
42580,8.4935
42581,8.5641
42582,7.7213
42583,7.5235
42584,7.4688
42585,8.1647
42586,7.2515
42587,7.6417
42588,6.7666
42589,7.5452
42590,7.1141
42591,5.5632
42592,8.9452
42593,7.862
42594,7.3943
42595,7.9455
42596,5.6852
42597,7.6729
42598,8.7243
42599,7.6435
42600,7.6346
42601,7.7838
42602,7.5705
42603,7.6634
42604,7.7838
42605,6.9299
42606,5.1384
42607,8.4701
42608,7.6851
42609,8.02
42610,5.8309
42611,7.3602
42612,7.7838
42613,6.9964
42614,6.6327
42615,8.1584
42616,8.7157
42617,7.4953
42618,6.7503
42619,9.6139
42620,5.8627
42621,7.8162
42622,8.1135
42623,7.988
42624,8.4413
42625,6.3955
42626,6.9057
42627,7.1297
42628,6.8439
42629,6.5279
42630,7.5965
42631,7.6707
42632,7.1159
42633,8.6194
42634,7.7838
42635,8.5319
42636,8.1714
42637,6.4403
42638,6.612
42639,7.898
42640,6.5549
42641,7.3602
42642,8.0495
42643,7.8738
42644,6.3797
42645,7.2502
42646,7.7255
42647,7.924
42648,8.8987
42649,8.3603
42650,7.3602
42651,6.9001
42652,6.9403
42653,8.953
42654,7.1968
42655,7.7838
42656,4.3737
42657,5.2542
42658,7.9055
42659,7.9446
42660,8.7091
42661,6.898
42662,7.8196
42663,7.7838
42664,7.8316
42665,7.7328
42666,7.6775
42667,7.3524
42668,7.3602
42669,8.1778
42670,8.7586
42671,8.0013
42672,9.2909
42673,7.7838
42674,8.8263
42675,7.7696
42676,9.3063
42677,6.6365
42678,7.9335
42679,6.3997
42680,8.374
42681,7.7841
42682,6.4947
42683,7.6672
42684,8.578
42685,8.1103
42686,9.8974
42687,7.4356
42688,8.4295
42689,7.6692
42690,9.0751
42691,7.3853
42692,8.1992
42693,8.3736
42694,6.3944
42695,8.5559
42696,8.49
42697,7.4889
42698,7.1824
42699,7.0232
42700,3.8719
42701,7.704
42702,8.5612
42703,6.8603
42704,7.7838
42705,7.4569
42706,5.8328
42707,6.5632
42708,7.0544
42709,7.7889
42710,7.3471
42711,7.9502
42712,8.1178
42713,6.7664
42714,7.1547
42715,7.2681
42716,8.0772
42717,6.3331
42718,7.4117
42719,9.1511
42720,8.9525
42721,8.5683
42722,7.2659
42723,6.8869
42724,7.6594
42725,8.2883
42726,7.1604
42727,5.1384
42728,6.3145
42729,7.3754
42730,7.2464
42731,7.9709
42732,6.0016
42733,8.4534
42734,7.3134
42735,7.3602
42736,7.3069
42737,6.9749
42738,7.2141
42739,7.2945
42740,7.7838
42741,5.1384
42742,8.3423
42743,6.7893
42744,7.8433
42745,7.844
42746,7.0935
42747,9.2631
42748,7.7473
42749,8.6061
42750,6.1226
42751,8.4063
42752,7.0965
42753,7.8374
42754,8.2101
42755,7.2201
42756,5.2842
42757,7.1294
42758,8.0743
42759,6.3902
42760,5.9218
42761,7.7937
42762,7.7091
42763,7.7838
42764,8.8453
42765,7.1538
42766,8.1166
42767,6.9955
42768,7.26
42769,8.0629
42770,8.5938
42771,7.0985
42772,6.6602
42773,8.2082
42774,7.5253
42775,7.6692
42776,8.6319
42777,7.712
42778,5.3577
42779,7.0021
42780,6.8036
42781,6.4035
42782,5.9949
42783,7.7714
42784,8.9525
42785,8.0053
42786,8.1662
42787,8.1143
42788,8.5296
42789,7.2845
42790,7.2185
42791,8.6439
42792,8.3171
42793,8.3118
42794,7.3602
42795,7.7047
42796,8.8012
42797,7.3668
42798,7.6921
42799,7.2682
42800,8.653
42801,7.3498
42802,6.2409
42803,5.2842
42804,6.0625
42805,7.9778
42806,7.5762
42807,7.2195
42808,8.7947
42809,7.5166
42810,9.7618
42811,7.2818
42812,7.4588
42813,8.9525
42814,7.5235
42815,8.9525
42816,6.3765
42817,8.4594
42818,7.3415
42819,8.4365
42820,7.765
42821,7.3601
42822,8.7691
42823,7.8649
42824,7.1666
42825,7.3586
42826,9.1053
42827,7.7255
42828,9.2691
42829,6.7878
42830,8.3866
42831,8.8549
42832,9.4091
42833,9.7525
42834,7.0
42835,7.7853
42836,7.4095
42837,6.3624
42838,8.0356
42839,7.9289
42840,9.7221
42841,8.044
42842,7.7838
42843,6.9211
42844,7.7838
42845,5.1384
42846,6.4821
42847,7.6734
42848,6.4856
42849,8.1842
42850,8.0881
42851,6.7388
42852,7.5526
42853,7.7577
42854,7.7838
42855,7.9026
42856,9.2666
42857,7.8081
42858,7.337
42859,7.7838
42860,8.6953
42861,7.9224
42862,7.6244
42863,8.0081
42864,8.9525
42865,6.867
42866,8.5296
42867,7.094
42868,8.02
42869,7.9198
42870,6.9336
42871,6.5822
42872,8.3759
42873,9.3214
42874,7.715
42875,6.8932
42876,8.9926
42877,7.6442
42878,6.576
42879,8.3099
42880,7.0398
42881,8.0221
42882,7.509
42883,7.0002
42884,8.284
42885,5.3987
42886,8.4378
42887,7.1041
42888,8.8816
42889,5.1384
42890,9.1559
42891,8.6933
42892,6.6034
42893,9.8726
42894,6.6625
42895,7.4816
42896,8.5099
42897,8.1677
42898,9.0772
42899,8.155
42900,8.2844
42901,7.3602
42902,8.9525
42903,5.1384
42904,8.267
42905,7.4186
42906,8.9566
42907,6.7554
42908,9.2134
42909,7.9926
42910,8.1714
42911,7.4225
42912,6.9825
42913,8.5296
42914,7.2014
42915,7.6066
42916,8.9525
42917,8.1698
42918,7.4438
42919,9.5384
42920,7.3178
42921,8.326
42922,6.7252
42923,9.0339
42924,7.8757
42925,7.4189
42926,6.2458
42927,7.1699
42928,6.8763
42929,7.8467
42930,8.9525
42931,8.3865
42932,7.0833
42933,8.3605
42934,7.0036
42935,8.646
42936,8.6728
42937,8.2997
42938,7.4303
42939,8.4139
42940,7.5646
42941,8.7273
42942,6.9594
42943,6.8022
42944,6.3468
42945,6.2331
42946,6.8935
42947,5.1384
42948,8.8556
42949,8.4276
42950,7.7838
42951,7.6284
42952,7.1232
42953,7.7469
42954,7.959
42955,8.9525
42956,9.5153
42957,7.9396
42958,7.0035
42959,7.9609
42960,8.1609
42961,7.5918
42962,7.8048
42963,7.7838
42964,7.5367
42965,8.2689
42966,8.5477
42967,7.5208
42968,8.8817
42969,6.7921
42970,5.1384
42971,5.3927
42972,8.1306
42973,6.2049
42974,7.7838
42975,7.0525
42976,7.7838
42977,7.3602
42978,7.4527
42979,8.9525
42980,7.8568
42981,8.111
42982,5.6663
42983,7.3695
42984,7.7461
42985,7.0624
42986,7.0182
42987,6.886
42988,8.4673
42989,7.1656
42990,7.8748
42991,5.1384
42992,7.5509
42993,7.2948
42994,6.768
42995,8.5759
42996,7.5796
42997,7.5624
42998,7.7838
42999,7.3413
43000,6.9211
43001,7.7868
43002,8.6285
43003,6.7968
43004,7.7838
43005,8.6927
43006,8.5679
43007,7.282
43008,5.6718
43009,7.3602
43010,8.0831
43011,8.4432
43012,8.9525
43013,7.8081
43014,7.4783
43015,5.5268
43016,5.1384
43017,8.9452
43018,7.4339
43019,8.1513
43020,8.6962
43021,7.4243
43022,7.2207
43023,7.5499
43024,7.1146
43025,7.7615
43026,8.9525
43027,7.7838
43028,7.7028
43029,5.1384
43030,7.0544
43031,8.3285
43032,8.1558
43033,7.7944
43034,6.9471
43035,8.9215
43036,8.2624
43037,6.9034
43038,8.9525
43039,6.8742
43040,7.5456
43041,7.1426
43042,8.1873
43043,7.349
43044,5.7285
43045,8.7978
43046,8.151
43047,7.9116
43048,7.26
43049,9.5483
43050,5.1384
43051,8.5589
43052,8.3128
43053,7.4839
43054,7.3162
43055,7.2793
43056,8.0209
43057,7.8006
43058,8.5949
43059,7.2918
43060,7.6318
43061,7.1673
43062,7.8326
43063,4.5833
43064,7.2859
43065,8.9541
43066,7.5485
43067,6.9459
43068,8.1764
43069,7.3963
43070,7.7601
43071,7.2664
43072,8.6488
43073,10.0
43074,7.4106
43075,6.0341
43076,7.4592
43077,6.9299
43078,6.9299
43079,7.3602
43080,8.3237
43081,6.3917
43082,8.2026
43083,6.8996
43084,8.9525
43085,8.9525
43086,8.9525
43087,7.1979
43088,7.3602
43089,7.7888
43090,8.0455
43091,6.7161
43092,8.267
43093,7.7683
43094,7.3791
43095,6.7918
43096,9.1454
43097,7.1038
43098,7.8959
43099,9.2523
43100,8.7975
43101,5.9213
43102,7.0951
43103,6.5127
43104,7.3602
43105,9.2537
43106,7.8073
43107,7.26
43108,8.1832
43109,8.3518
43110,7.5817
43111,6.6863
43112,7.5174
43113,8.0959
43114,9.0339
43115,9.1571
43116,6.4911
43117,5.1384
43118,8.0978
43119,8.7944
43120,7.5026
43121,7.7838
43122,8.3987
43123,7.3505
43124,8.9525
43125,5.1384
43126,7.8542
43127,7.5235
43128,7.5724
43129,7.9861
43130,7.3569
43131,7.4783
43132,8.9901
43133,6.8812
43134,6.8003
43135,7.294
43136,6.405
43137,8.2142
43138,8.9452
43139,7.7838
43140,9.0603
43141,7.222
43142,6.3701
43143,6.7485
43144,6.3868
43145,9.8298
43146,6.7844
43147,7.2706
43148,7.6499
43149,7.4571
43150,7.5235
43151,9.0254
43152,8.3979
43153,7.5887
43154,8.0572
43155,8.7344
43156,7.3546
43157,7.416
43158,7.3602
43159,8.3091
43160,8.3919
43161,8.4133
43162,9.2653
43163,7.5128
43164,8.9525
43165,9.0348
43166,5.6585
43167,7.5969
43168,7.855
43169,7.437
43170,8.3722
43171,7.9256
43172,10.0
43173,7.6278
43174,4.3737
43175,9.1571
43176,6.8869
43177,7.3665
43178,6.6651
43179,7.7264
43180,7.0016
43181,9.6451
43182,8.9525
43183,7.5661
43184,6.2823
43185,8.8292
43186,8.6097
43187,6.7737
43188,9.0364
43189,7.7838
43190,7.7139
43191,8.9273
43192,7.006
43193,9.3214
43194,8.1914
43195,7.2722
43196,8.4146
43197,8.808
43198,7.7723
43199,6.133
43200,7.373
43201,7.5166
43202,9.0848
43203,7.9578
43204,8.0016
43205,6.7605
43206,8.1013
43207,6.4621
43208,9.041
43209,5.1317
43210,7.7875
43211,7.7683
43212,7.7838
43213,7.5426
43214,7.7591
43215,7.1965
43216,7.5734
43217,9.7019
43218,9.1665
43219,5.6585
43220,4.9174
43221,8.9329
43222,6.8924
43223,7.272
43224,9.3447
43225,8.2311
43226,8.1179
43227,7.5023
43228,8.8172
43229,7.5951
43230,8.7661
43231,7.8238
43232,6.9517
43233,9.2533
43234,6.9742
43235,7.7838
43236,7.7531
43237,8.0553
43238,8.4007
43239,8.2145
43240,7.7838
43241,8.0878
43242,8.1315
43243,7.7838
43244,7.5641
43245,7.8959
43246,8.7953
43247,7.7838
43248,7.5475
43249,7.6148
43250,6.2697
43251,9.3041
43252,6.6547
43253,8.7131
43254,6.776
43255,8.2538
43256,7.1809
43257,7.9602
43258,7.7838
43259,7.1405
43260,8.0171
43261,10.0
43262,7.527
43263,5.7285
43264,8.284
43265,7.3602
43266,7.3837
43267,5.1384
43268,8.7091
43269,7.1685
43270,5.9405
43271,7.4501
43272,7.8441
43273,9.006
43274,8.9525
43275,6.3491
43276,7.8919
43277,5.8494
43278,7.1314
43279,7.7838
43280,8.4161
43281,6.8886
43282,7.7683
43283,7.7838
43284,7.1568
43285,6.689
43286,7.5339
43287,4.4742
43288,7.3359
43289,7.3314
43290,8.5296
43291,7.26
43292,8.0569
43293,7.1769
43294,7.7514
43295,8.2895
43296,9.0917
43297,7.1129
43298,7.7674
43299,8.0932
43300,7.9318
43301,8.0145
43302,7.3602
43303,9.3367
43304,7.7473
43305,8.0495
43306,6.8562
43307,7.4043
43308,7.7838
43309,8.9196
43310,8.7091
43311,5.7823
43312,8.1891
43313,7.6875
43314,8.5444
43315,7.3602
43316,8.9376
43317,7.7227
43318,6.3127
43319,8.9954
