ID,rating
0,7.5135
1,7.6018
2,7.6018
3,7.5
4,7.6018
5,8.6667
6,7.6018
7,7.9437
8,7.6018
9,8.0
10,7.6018
11,8.25
12,7.6667
13,8.0
14,7.6018
15,7.3
16,8.0345
17,7.6018
18,8.1519
19,6.25
20,7.0
21,7.75
22,5.0
23,8.7143
24,7.4821
25,8.4
26,7.3333
27,9.5
28,7.6018
29,7.6018
30,7.3333
31,8.0
32,6.5714
33,9.0
34,7.6018
35,7.6018
36,8.0
37,7.6018
38,7.7273
39,7.6018
40,7.6018
41,7.6018
42,7.6018
43,7.6018
44,7.25
45,7.6018
46,8.6667
47,8.0
48,7.6018
49,6.97
50,6.6
51,7.0
52,7.6018
53,7.6018
54,8.0
55,8.1538
56,8.25
57,7.0
58,7.8
59,7.0
60,7.6018
61,9.6667
62,7.5
63,8.04
64,7.5238
65,8.0
66,7.6018
67,6.6667
68,10.0
69,7.0
70,7.3333
71,7.6018
72,7.6018
73,7.6018
74,7.6018
75,7.6018
76,6.0
77,9.0
78,9.0
79,7.0
80,7.6018
81,8.25
82,8.0
83,7.0
84,5.0
85,7.6018
86,7.6018
87,7.6018
88,7.7348
89,8.0
90,4.1893
91,6.5
92,8.5
93,7.4
94,8.0
95,7.6018
96,7.5
97,8.3
98,7.2727
99,6.6667
100,7.6018
101,7.6018
102,7.6018
103,7.5238
104,7.0
105,7.6667
106,7.65
107,7.908
108,7.6018
109,8.1818
110,6.4286
111,7.0909
112,8.3793
113,7.75
114,7.0
115,8.4694
116,7.6018
117,7.6018
118,7.5
119,6.97
120,7.6018
121,7.6018
122,7.0571
123,9.0
124,7.6018
125,10.0
126,7.6018
127,8.0
128,7.6018
129,8.8
130,7.6018
131,7.9375
132,7.6018
133,5.0
134,4.0
135,8.0
136,10.0
137,9.0
138,9.0
139,7.6018
140,6.0
141,5.5
142,7.6018
143,7.6018
144,7.6018
145,10.0
146,7.6018
147,6.6
148,8.0
149,7.6018
150,6.4545
151,7.6018
152,7.6018
153,7.6018
154,7.0
155,10.0
156,8.0
157,7.6018
158,10.0
159,7.5
160,7.0
161,7.6018
162,7.3571
163,7.6018
164,7.6018
165,6.5
166,7.7273
167,7.7273
168,7.6018
169,8.3333
170,6.8235
171,7.6667
172,7.6018
173,7.6018
174,7.6018
175,7.6018
176,7.6018
177,7.6018
178,8.0
179,8.5
180,9.0
181,7.7222
182,7.6018
183,7.8
184,7.1364
185,7.4958
186,10.0
187,7.3462
188,7.6018
189,8.0
190,7.0435
191,7.6018
192,8.8
193,7.6018
194,7.6018
195,10.0
196,9.0
197,8.4694
198,9.0
199,7.6018
200,7.6018
201,8.3333
202,8.1667
203,7.6018
204,5.0
205,7.0
206,7.6018
207,8.5
208,6.0
209,7.75
210,7.6018
211,7.6018
212,8.0
213,8.3333
214,7.8
215,7.6018
216,6.5
217,7.6018
218,8.5
219,7.6018
220,6.0
221,8.3333
222,7.6018
223,7.6018
224,8.0
225,8.5
226,7.6018
227,8.5
228,7.6018
229,7.6018
230,7.8519
231,4.0
232,8.625
233,7.5
234,7.6018
235,9.0
236,7.6018
237,7.6018
238,7.6018
239,7.2453
240,7.6018
241,7.6018
242,6.0
243,8.3273
244,7.3125
245,7.6018
246,8.1333
247,8.0
248,6.5
249,7.4
250,8.0
251,8.5
252,7.6018
253,7.1429
254,7.0714
255,7.6018
256,7.6018
257,7.6018
258,7.4958
259,7.6364
260,8.8
261,7.6018
262,7.2308
263,9.4667
264,7.7
265,7.6018
266,7.6018
267,8.0
268,7.8095
269,7.6018
270,8.1429
271,8.1637
272,7.6018
273,7.6018
274,7.6018
275,7.1013
276,10.0
277,7.6018
278,9.0
279,9.0
280,7.4375
281,7.6018
282,7.6018
283,7.3077
284,8.5556
285,9.5714
286,7.6018
287,7.25
288,10.0
289,7.6018
290,6.0
291,7.9518
292,9.1667
293,7.6018
294,5.0
295,7.6
296,7.6018
297,7.6018
298,7.0
299,7.5
300,7.6018
301,7.2444
302,7.6018
303,9.0
304,6.3333
305,7.6018
306,4.0
307,7.6018
308,6.0
309,8.5
310,8.3333
311,7.6018
312,5.0
313,7.2857
314,8.6667
315,7.5
316,9.5
317,7.7143
318,7.6018
319,7.6018
320,7.6018
321,7.6018
322,9.0
323,9.0
324,7.6018
325,7.6018
326,7.6018
327,9.0
328,7.6018
329,7.6018
330,9.0
331,7.6129
332,7.6018
333,6.8333
334,8.0
335,7.5
336,6.75
337,7.6018
338,7.0
339,10.0
340,8.0
341,5.0
342,7.5
343,5.0
344,7.6018
345,7.6018
346,7.6018
347,8.2727
348,10.0
349,8.0
350,7.6018
351,6.6923
352,8.5
353,7.6018
354,7.4
355,7.6018
356,10.0
357,8.0
358,7.6018
359,7.1818
360,7.6018
361,7.6018
362,7.6018
363,9.5
364,7.5
365,6.0
366,9.0
367,7.6018
368,8.0
369,7.6018
370,7.6018
371,7.9561
372,7.6018
373,7.6018
374,7.6018
375,7.6018
376,7.5
377,9.4
378,7.641
379,7.6018
380,8.5
381,7.6018
382,6.4444
383,6.5714
384,7.6018
385,7.6667
386,6.75
387,7.0
388,9.0
389,8.3333
390,7.0
391,7.6018
392,5.875
393,7.6018
394,7.6018
395,7.6018
396,7.6018
397,7.6018
398,7.5
399,7.6018
400,7.6018
401,7.6018
402,8.0
403,9.5
404,7.6018
405,7.6018
406,8.1538
407,7.6018
408,6.75
409,8.0
410,7.6018
411,7.0
412,7.6018
413,7.0
414,7.6018
415,7.6018
416,7.6018
417,7.67
418,8.0976
419,7.6018
420,7.6018
421,7.6018
422,8.0
423,9.0
424,7.5
425,7.25
426,7.4167
427,8.8065
428,9.0
429,8.0976
430,7.1013
431,7.6018
432,8.6667
433,7.95
434,8.5
435,7.6018
436,8.2353
437,7.6018
438,7.67
439,7.1111
440,7.6018
441,7.6018
442,6.6
443,7.6018
444,7.6018
445,10.0
446,7.7143
447,7.6018
448,7.9561
449,7.6018
450,7.6018
451,7.3333
452,6.6667
453,7.6018
454,7.5
455,8.5882
456,7.6018
457,7.1071
458,7.6018
459,7.6018
460,8.1667
461,7.871
462,7.6018
463,8.4
464,7.6018
465,8.0
466,7.6018
467,7.6018
468,6.0
469,7.6018
470,7.5
471,7.6018
472,7.6018
473,10.0
474,7.5
475,7.3235
476,7.6018
477,7.6018
478,6.25
479,7.6018
480,8.3333
481,8.6667
482,7.6018
483,9.0
484,8.625
485,7.6018
486,7.2
487,7.6018
488,7.0
489,10.0
490,7.6018
491,9.5
492,6.2
493,9.5333
494,8.0
495,7.6018
496,8.0652
497,10.0
498,8.0
499,10.0
500,7.6018
501,5.0
502,10.0
503,8.4
504,8.0
505,7.6018
506,8.0
507,9.5
508,8.6667
509,7.6018
510,7.6018
511,7.6018
512,8.6667
513,6.75
514,7.4615
515,7.8125
516,7.6018
517,7.4545
518,7.6018
519,6.7143
520,4.1893
521,7.0
522,7.6018
523,6.9167
524,5.0
525,7.6018
526,5.3333
527,7.6018
528,6.2
529,7.4706
530,7.0
531,7.6018
532,7.6018
533,7.6018
534,10.0
535,7.6018
536,5.0
537,7.6018
538,7.6018
539,7.6018
540,5.0
541,7.6018
542,7.6018
543,7.6
544,7.6018
545,7.8182
546,7.6018
547,7.6018
548,7.6018
549,9.0
550,4.6667
551,6.5
552,7.0
553,7.6018
554,7.6018
555,7.6018
556,7.6018
557,7.0
558,7.5385
559,7.5
560,7.6018
561,7.6018
562,7.8333
563,7.9487
564,7.641
565,7.641
566,8.75
567,7.0
568,10.0
569,7.6018
570,7.6018
571,8.6667
572,7.6018
573,7.5424
574,7.6018
575,7.6018
576,7.0
577,7.6018
578,8.0
579,7.6018
580,4.1893
581,10.0
582,7.6018
583,7.36
584,7.3077
585,7.9615
586,7.6018
587,7.6018
588,7.6018
589,7.75
590,7.6018
591,8.2222
592,7.5556
593,7.6018
594,8.0968
595,8.0
596,7.6176
597,5.0
598,7.6018
599,7.5
600,8.4615
601,7.25
602,8.0
603,8.3333
604,6.7692
605,7.6018
606,4.1893
607,7.6018
608,7.1013
609,7.6018
610,7.6018
611,7.6018
612,7.0
613,5.0
614,7.6018
615,7.6018
616,7.0571
617,7.9615
618,7.6018
619,8.0
620,9.0
621,7.7045
622,7.6018
623,7.6667
624,10.0
625,8.2857
626,7.6018
627,7.6018
628,10.0
629,8.0
630,7.6018
631,8.0
632,7.8
633,7.6018
634,7.0
635,7.4412
636,7.6018
637,7.6018
638,7.6364
639,9.25
640,7.1667
641,7.0
642,8.2857
643,7.6018
644,7.6018
645,7.0
646,7.3333
647,7.6018
648,7.6018
649,6.5
650,7.6018
651,7.6018
652,7.6018
653,8.3333
654,8.6
655,7.0
656,9.0
657,8.3333
658,7.6018
659,7.6018
660,7.6018
661,7.6018
662,7.6018
663,7.6018
664,8.2353
665,7.6018
666,7.6018
667,6.3571
668,5.6667
669,7.0
670,6.4
671,7.6018
672,6.6923
673,7.6018
674,8.45
675,7.6018
676,8.0
677,7.6018
678,7.6018
679,8.0
680,7.6018
681,8.0
682,8.1667
683,7.6018
684,8.0
685,9.0
686,7.7119
687,8.56
688,10.0
689,7.1071
690,7.4545
691,8.0345
692,7.6018
693,8.5556
694,7.6018
695,8.6667
696,9.0
697,8.2727
698,7.6018
699,7.6018
700,8.0652
701,10.0
702,7.25
703,7.6018
704,7.6018
705,7.6667
706,7.6018
707,8.0
708,8.5455
709,7.75
710,8.7
711,7.6018
712,8.0
713,10.0
714,8.0
715,7.6018
716,7.6018
717,7.6018
718,7.1818
719,7.0
720,8.0
721,7.6018
722,6.3333
723,9.0
724,7.5
725,7.6018
726,7.6018
727,7.6018
728,7.8913
729,9.0
730,7.4328
731,7.65
732,6.0
733,7.6018
734,10.0
735,10.0
736,7.6018
737,7.2
738,8.3333
739,7.6018
740,6.0
741,7.6018
742,7.6667
743,9.0
744,7.6018
745,7.6018
746,8.1667
747,9.1111
748,9.0
749,7.6018
750,7.6018
751,5.0
752,8.3333
753,8.0
754,7.6018
755,10.0
756,7.95
757,7.5
758,9.4
759,7.9561
760,7.5455
761,7.6018
762,6.4
763,7.6018
764,6.25
765,8.0417
766,7.6018
767,7.2
768,7.0
769,8.3333
770,7.0
771,5.3333
772,7.6018
773,7.5333
774,6.0
775,8.0
776,10.0
777,8.75
778,8.0
779,7.0
780,7.6018
781,7.6018
782,8.2857
783,8.4762
784,7.5556
785,7.6018
786,7.6018
787,7.0
788,7.6018
789,8.0513
790,7.6018
791,7.9561
792,7.6018
793,7.0
794,7.8889
795,6.5
796,7.6018
797,10.0
798,7.2
799,7.6018
800,7.6018
801,7.5
802,7.6018
803,8.0
804,7.0
805,7.6018
806,7.3333
807,7.5
808,4.1893
809,7.6018
810,7.5424
811,7.6018
812,7.6018
813,7.6018
814,7.6018
815,7.6018
816,7.6018
817,7.6018
818,8.0
819,4.1893
820,5.3333
821,7.6018
822,7.6018
823,7.6018
824,7.5
825,5.5
826,7.9286
827,7.9412
828,7.6018
829,9.0
830,8.6667
831,7.6018
832,7.6018
833,7.6018
834,8.0
835,6.5
836,6.0
837,7.6018
838,7.6018
839,7.6018
840,7.0
841,7.6018
842,7.6018
843,7.6018
844,7.6018
845,9.0
846,8.0526
847,7.5
848,7.0
849,7.6018
850,7.6018
851,7.2609
852,7.6018
853,10.0
854,7.6018
855,8.5
856,7.6018
857,7.6018
858,8.0
859,7.6018
860,5.0
861,7.6018
862,8.0
863,7.7667
864,8.0
865,7.6018
866,7.6018
867,7.0
868,7.6018
869,9.5
870,7.5714
871,7.6667
872,8.0
873,6.5
874,7.6018
875,6.0
876,6.5
877,7.5333
878,9.5
879,7.5
880,7.6018
881,7.6429
882,7.6018
883,3.0
884,9.0
885,7.6018
886,8.0976
887,8.3077
888,6.0
889,8.5333
890,7.6522
891,7.2857
892,7.4545
893,7.0
894,4.1893
895,7.8627
896,9.0
897,7.6018
898,9.0
899,7.6667
900,7.6018
901,7.6018
902,6.25
903,7.8
904,7.6018
905,6.4
906,7.7778
907,6.75
908,7.6667
909,7.6018
910,7.2453
911,7.75
912,9.0
913,7.25
914,6.8
915,7.6018
916,7.6018
917,7.6018
918,7.1364
919,9.0
920,7.6018
921,7.0
922,6.75
923,8.0
924,7.6018
925,7.0
926,9.0
927,9.0
928,7.6018
929,8.2217
930,7.6018
931,8.0769
932,6.0
933,7.6018
934,7.6018
935,7.6018
936,7.75
937,9.0
938,7.6018
939,8.0
940,7.5
941,7.6018
942,10.0
943,8.0
944,10.0
945,7.6018
946,8.0
947,7.5312
948,7.6018
949,7.6018
950,8.25
951,9.0
952,7.6018
953,5.0
954,8.0
955,7.6018
956,7.6018
957,8.125
958,8.0
959,7.6018
960,7.6018
961,7.1463
962,7.6018
963,7.6018
964,7.3333
965,7.6018
966,5.0
967,7.3333
968,7.6018
969,7.0
970,7.6018
971,7.2
972,8.0
973,8.0
974,8.0513
975,7.6018
976,7.6018
977,7.6018
978,7.75
979,9.5333
980,7.6018
981,7.6018
982,7.6018
983,7.6018
984,8.7
985,7.0
986,7.6018
987,8.5
988,8.0
989,9.0
990,8.3333
991,8.0
992,7.6018
993,6.5
994,9.0
995,7.6018
996,7.8667
997,7.6018
998,5.0
999,7.6018
1000,7.8889
1001,8.0
1002,8.36
1003,7.6018
1004,7.3333
1005,7.2222
1006,7.8125
1007,7.6018
1008,7.6018
1009,7.6757
1010,7.6018
1011,5.6667
1012,7.0
1013,7.0
1014,7.6018
1015,8.0
1016,6.6
1017,7.6018
1018,7.2857
1019,7.5
1020,8.0
1021,7.6018
1022,7.6018
1023,8.0
1024,7.0
1025,7.75
1026,7.6018
1027,4.1893
1028,7.6018
1029,7.6018
1030,7.6018
1031,5.0
1032,9.4667
1033,7.8
1034,8.35
1035,7.6018
1036,7.6018
1037,6.5
1038,7.4706
1039,8.5556
1040,7.3
1041,6.5
1042,7.6018
1043,10.0
1044,8.0513
1045,8.5
1046,8.2857
1047,7.6018
1048,7.6018
1049,7.5
1050,8.5882
1051,7.6018
1052,7.8
1053,7.5
1054,7.4659
1055,7.0909
1056,8.08
1057,10.0
1058,7.7348
1059,7.6667
1060,6.5
1061,8.6667
1062,7.6018
1063,7.6018
1064,7.6018
1065,10.0
1066,7.6018
1067,8.0
1068,7.6018
1069,9.5
1070,8.2069
1071,7.0
1072,7.5
1073,7.6018
1074,7.6018
1075,6.0
1076,6.625
1077,7.6018
1078,7.6018
1079,5.5
1080,7.0784
1081,7.6018
1082,7.6018
1083,7.6018
1084,5.0
1085,7.6018
1086,7.4706
1087,7.6018
1088,6.0
1089,9.0
1090,7.6018
1091,7.25
1092,7.6018
1093,7.3462
1094,7.6018
1095,8.0
1096,7.6018
1097,7.6018
1098,7.375
1099,7.6018
1100,6.5
1101,9.0
1102,7.6018
1103,6.5
1104,6.0
1105,7.6018
1106,8.0
1107,7.6018
1108,7.6018
1109,7.6018
1110,7.6018
1111,7.6018
1112,7.6018
1113,9.5
1114,7.8667
1115,8.0
1116,5.0
1117,7.6018
1118,7.6018
1119,8.12
1120,7.6018
1121,9.0
1122,7.6018
1123,8.5
1124,7.6018
1125,9.2
1126,7.0
1127,7.4167
1128,5.0
1129,7.6018
1130,8.0
1131,7.7667
1132,7.6018
1133,7.6018
1134,7.6018
1135,7.4483
1136,7.6018
1137,8.25
1138,7.6018
1139,6.5
1140,7.6018
1141,8.0
1142,6.4545
1143,7.6018
1144,7.1667
1145,10.0
1146,8.0
1147,7.6018
1148,7.5
1149,7.6667
1150,7.0
1151,7.6018
1152,7.6018
1153,8.0
1154,8.2353
1155,7.25
1156,8.0526
1157,7.6018
1158,7.0
1159,7.6667
1160,5.3333
1161,7.6018
1162,7.0
1163,7.6018
1164,7.6018
1165,6.9444
1166,8.3333
1167,6.4167
1168,7.6018
1169,7.6018
1170,7.6018
1171,9.25
1172,7.6018
1173,10.0
1174,10.0
1175,7.6018
1176,7.6018
1177,7.3191
1178,7.6018
1179,7.6018
1180,7.6018
1181,8.0
1182,7.2308
1183,7.6018
1184,9.0
1185,7.525
1186,8.5
1187,7.6018
1188,7.36
1189,9.0
1190,7.8889
1191,7.2188
1192,9.0
1193,7.0588
1194,7.3333
1195,7.6018
1196,7.6018
1197,7.6
1198,8.0
1199,7.6018
1200,7.6018
1201,7.6018
1202,6.0
1203,7.6018
1204,5.0
1205,7.76
1206,7.6667
1207,7.6018
1208,7.6018
1209,7.2
1210,7.6018
1211,4.0
1212,7.5135
1213,7.6018
1214,7.6018
1215,7.6018
1216,7.6018
1217,7.6018
1218,9.0
1219,8.5455
1220,8.5
1221,7.5
1222,7.6018
1223,7.0
1224,7.6018
1225,7.6018
1226,7.6018
1227,7.6018
1228,5.0
1229,7.6018
1230,7.9375
1231,8.0
1232,7.6018
1233,7.6018
1234,3.6667
1235,7.6018
1236,7.6018
1237,7.6018
1238,7.625
1239,7.3333
1240,7.6018
1241,8.0
1242,8.2857
1243,7.36
1244,8.0513
1245,7.6018
1246,7.6018
1247,5.5
1248,7.6018
1249,7.717
1250,7.1212
1251,7.1013
1252,7.6018
1253,7.6018
1254,6.8333
1255,6.5
1256,7.6018
1257,7.6018
1258,7.0
1259,7.6018
1260,10.0
1261,7.6018
1262,8.1818
1263,8.0976
1264,7.6018
1265,7.6018
1266,7.5758
1267,7.75
1268,4.1893
1269,7.6018
1270,6.0
1271,8.0
1272,8.3333
1273,9.0
1274,8.4
1275,7.6018
1276,7.6018
1277,7.6018
1278,7.0
1279,7.6018
1280,7.8
1281,7.6018
1282,7.6018
1283,8.6111
1284,2.0
1285,6.6667
1286,6.5
1287,7.6018
1288,7.67
1289,7.6018
1290,8.1667
1291,5.0
1292,8.0
1293,6.6667
1294,7.0
1295,7.6018
1296,8.2069
1297,7.6018
1298,7.4
1299,7.6
1300,6.2
1301,8.0
1302,5.8
1303,7.6842
1304,7.2222
1305,7.6018
1306,7.6018
1307,7.6018
1308,7.6018
1309,8.5
1310,7.6018
1311,7.6018
1312,7.6018
1313,7.6018
1314,10.0
1315,8.0
1316,7.6018
1317,7.5833
1318,8.0
1319,8.092
1320,7.6018
1321,7.6018
1322,8.0
1323,7.6018
1324,6.375
1325,7.6452
1326,6.6667
1327,4.0
1328,8.4694
1329,7.6018
1330,7.7273
1331,7.0
1332,8.0
1333,7.6018
1334,5.0
1335,7.0769
1336,7.6018
1337,9.0
1338,8.5
1339,10.0
1340,9.0
1341,8.0833
1342,6.5
1343,7.6018
1344,7.6018
1345,7.6018
1346,8.0
1347,7.3333
1348,7.6018
1349,7.6018
1350,7.6018
1351,6.5
1352,7.8125
1353,7.6018
1354,7.6018
1355,7.6018
1356,7.3191
1357,7.6018
1358,7.6018
1359,7.0
1360,7.3235
1361,7.6018
1362,8.0
1363,8.0
1364,7.9615
1365,7.0
1366,7.6018
1367,7.0
1368,7.6018
1369,7.6018
1370,7.6018
1371,7.2162
1372,8.1637
1373,6.3333
1374,7.0
1375,8.0
1376,7.0
1377,8.25
1378,7.3333
1379,7.9615
1380,7.2069
1381,10.0
1382,7.1333
1383,8.0
1384,10.0
1385,7.6018
1386,6.3333
1387,8.8065
1388,7.6018
1389,7.2
1390,9.4
1391,7.6018
1392,7.6018
1393,8.0
1394,7.6018
1395,7.6018
1396,7.75
1397,7.6018
1398,6.9231
1399,7.6018
1400,9.0
1401,7.6018
1402,10.0
1403,7.6667
1404,7.6018
1405,7.6296
1406,8.5
1407,8.9375
1408,8.0
1409,6.0
1410,7.6018
1411,8.0
1412,7.6018
1413,7.6018
1414,8.3273
1415,7.7273
1416,4.0
1417,8.0652
1418,7.7143
1419,8.2857
1420,7.3438
1421,10.0
1422,7.2941
1423,7.6018
1424,7.6018
1425,7.6018
1426,7.6018
1427,7.6018
1428,9.0
1429,7.6018
1430,7.6018
1431,7.6018
1432,8.0652
1433,7.0
1434,7.6018
1435,9.2
1436,8.3333
1437,9.0
1438,7.6018
1439,7.6018
1440,7.6018
1441,6.5714
1442,7.0
1443,7.6018
1444,7.6
1445,7.6018
1446,7.6018
1447,7.3333
1448,8.2217
1449,7.6018
1450,7.6018
1451,8.1923
1452,7.5385
1453,5.0
1454,7.25
1455,6.6
1456,5.6667
1457,7.5278
1458,6.2857
1459,7.6018
1460,7.6018
1461,7.6018
1462,8.0
1463,9.5
1464,7.67
1465,8.4
1466,7.6018
1467,7.8182
1468,7.6018
1469,7.0
1470,7.6018
1471,5.0
1472,7.4
1473,7.6018
1474,8.4
1475,6.9565
1476,7.0588
1477,7.8889
1478,7.6018
1479,8.2857
1480,6.7692
1481,7.6018
1482,7.2453
1483,7.2222
1484,7.6018
1485,8.2
1486,8.5556
1487,7.6018
1488,7.0784
1489,6.5
1490,4.1893
1491,8.6111
1492,7.6018
1493,7.6018
1494,7.6018
1495,7.6018
1496,5.75
1497,7.6018
1498,7.6018
1499,8.0
1500,7.6018
1501,6.4
1502,7.0571
1503,7.3333
1504,8.6667
1505,9.0
1506,7.1013
1507,7.6018
1508,8.1111
1509,7.6018
1510,7.6018
1511,7.6018
1512,7.6018
1513,9.0
1514,7.6018
1515,7.6018
1516,7.0
1517,7.6018
1518,8.0
1519,7.6018
1520,4.1893
1521,6.4
1522,8.5
1523,7.0
1524,8.0
1525,7.6018
1526,7.6018
1527,7.6018
1528,8.3333
1529,7.6018
1530,8.5333
1531,4.1893
1532,7.6018
1533,7.6018
1534,7.6018
1535,7.6018
1536,7.6018
1537,7.6018
1538,8.8095
1539,7.6018
1540,7.6018
1541,4.0
1542,7.6018
1543,8.5
1544,9.0
1545,8.4333
1546,7.6018
1547,9.0
1548,6.6111
1549,6.4
1550,7.6018
1551,7.6018
1552,8.2174
1553,8.2857
1554,7.6018
1555,8.3
1556,7.6018
1557,7.6018
1558,8.5
1559,8.0652
1560,8.0968
1561,7.6018
1562,8.1724
1563,7.0
1564,10.0
1565,7.0
1566,7.6018
1567,8.0
1568,6.0
1569,8.0
1570,8.4286
1571,8.1429
1572,7.6018
1573,7.6018
1574,8.0
1575,8.0
1576,7.6667
1577,7.6018
1578,7.6018
1579,7.6018
1580,7.6018
1581,7.8
1582,8.1818
1583,8.3333
1584,7.6018
1585,7.6018
1586,8.0
1587,8.625
1588,7.6018
1589,8.2857
1590,7.6018
1591,7.1429
1592,7.6018
1593,8.1765
1594,8.0
1595,5.0
1596,8.5
1597,7.6018
1598,7.6018
1599,6.5
1600,7.6018
1601,8.0435
1602,7.6018
1603,7.6018
1604,7.6176
1605,8.0
1606,7.5556
1607,7.6018
1608,7.6018
1609,7.2593
1610,10.0
1611,7.6018
1612,7.717
1613,7.6667
1614,7.6018
1615,9.0
1616,7.6018
1617,8.0
1618,6.5
1619,7.6018
1620,8.5
1621,6.875
1622,7.0
1623,9.0
1624,8.25
1625,7.6018
1626,7.6018
1627,7.6018
1628,7.6018
1629,8.0
1630,8.3333
1631,7.6018
1632,7.7778
1633,8.0652
1634,10.0
1635,7.6018
1636,7.6018
1637,7.6018
1638,7.6018
1639,7.6018
1640,8.0
1641,7.6018
1642,6.0
1643,7.6018
1644,5.0
1645,8.8065
1646,7.6018
1647,7.6018
1648,7.6018
1649,7.9437
1650,6.9595
1651,7.6018
1652,7.6667
1653,10.0
1654,9.0
1655,8.25
1656,7.6018
1657,7.36
1658,7.6018
1659,7.3191
1660,7.6018
1661,8.3793
1662,7.6018
1663,7.6667
1664,10.0
1665,6.5
1666,7.6018
1667,7.6018
1668,7.8889
1669,7.6018
1670,7.3077
1671,9.0
1672,7.3235
1673,10.0
1674,8.5
1675,6.0
1676,7.6018
1677,7.6018
1678,7.6018
1679,7.3333
1680,8.3333
1681,7.6018
1682,7.9
1683,10.0
1684,7.6018
1685,7.6018
1686,6.0
1687,7.6018
1688,8.25
1689,7.6018
1690,7.0
1691,7.6018
1692,7.9518
1693,7.4328
1694,7.6018
1695,5.0
1696,6.0
1697,8.3
1698,4.1893
1699,6.97
1700,8.2414
1701,10.0
1702,5.6667
1703,7.6018
1704,8.1923
1705,7.75
1706,7.0
1707,7.6018
1708,7.7447
1709,7.4444
1710,7.8333
1711,10.0
1712,8.5
1713,8.5
1714,7.6842
1715,7.6018
1716,7.875
1717,7.6018
1718,8.0652
1719,9.0
1720,8.0476
1721,7.6018
1722,7.0
1723,7.4
1724,7.0
1725,6.0
1726,8.1818
1727,10.0
1728,7.6018
1729,7.6018
1730,7.6018
1731,7.0
1732,7.6018
1733,7.6018
1734,7.6018
1735,7.0
1736,7.6018
1737,7.6018
1738,10.0
1739,7.6018
1740,8.2
1741,7.6018
1742,7.6018
1743,7.6667
1744,8.0
1745,8.75
1746,7.6018
1747,8.8182
1748,7.2
1749,7.0
1750,7.5
1751,7.6018
1752,7.6018
1753,7.6667
1754,7.9231
1755,7.6018
1756,8.0
1757,7.6018
1758,5.5
1759,5.0
1760,7.6018
1761,7.6667
1762,6.0
1763,8.1637
1764,7.6667
1765,7.6018
1766,7.8333
1767,7.6018
1768,10.0
1769,8.4
1770,7.6018
1771,7.6018
1772,8.2857
1773,7.6018
1774,7.6018
1775,8.1923
1776,9.5
1777,6.0
1778,8.5
1779,9.5
1780,9.125
1781,7.6018
1782,7.5
1783,7.6018
1784,8.0
1785,7.6018
1786,7.5
1787,7.6018
1788,8.2
1789,8.2217
1790,7.0
1791,8.3333
1792,7.25
1793,8.0
1794,7.6018
1795,5.0
1796,5.0
1797,5.0
1798,5.6
1799,7.3235
1800,9.5
1801,7.2857
1802,7.6018
1803,8.5
1804,7.5
1805,7.6018
1806,10.0
1807,7.9459
1808,7.6018
1809,6.6
1810,8.0
1811,8.2143
1812,7.2188
1813,6.9792
1814,7.6667
1815,7.6018
1816,6.7778
1817,8.5
1818,8.0
1819,7.6018
1820,7.6018
1821,7.8667
1822,8.1429
1823,7.6018
1824,7.7059
1825,7.6018
1826,7.8627
1827,6.0
1828,7.7667
1829,7.6018
1830,3.3333
1831,7.6018
1832,7.6018
1833,10.0
1834,7.6018
1835,7.8333
1836,7.0
1837,7.6364
1838,6.5385
1839,4.1893
1840,7.0714
1841,7.0
1842,9.0
1843,7.5
1844,7.6018
1845,7.0
1846,8.0
1847,7.9189
1848,7.6018
1849,7.4
1850,7.6018
1851,7.4444
1852,7.5217
1853,7.2162
1854,7.7857
1855,6.0
1856,8.5
1857,7.6018
1858,7.6018
1859,9.2
1860,7.6018
1861,9.0
1862,7.6018
1863,9.5
1864,6.7143
1865,6.875
1866,7.375
1867,7.6018
1868,7.6538
1869,6.8
1870,7.6018
1871,7.6018
1872,7.6018
1873,7.3333
1874,7.6018
1875,7.6018
1876,7.9
1877,7.6829
1878,7.4615
1879,7.75
1880,7.6018
1881,7.6018
1882,7.5
1883,6.6667
1884,3.0
1885,8.6842
1886,7.6018
1887,7.6018
1888,7.7045
1889,8.5714
1890,7.9615
1891,8.1429
1892,7.0
1893,8.08
1894,7.0
1895,7.5
1896,7.6018
1897,7.6018
1898,7.6018
1899,7.5625
1900,7.2069
1901,7.6018
1902,8.2069
1903,7.0
1904,8.8182
1905,7.8125
1906,7.6018
1907,6.0
1908,7.7273
1909,9.0
1910,7.0
1911,7.6018
1912,7.6018
1913,7.6018
1914,8.0
1915,7.0
1916,7.6667
1917,7.6018
1918,10.0
1919,7.6018
1920,7.6018
1921,8.0
1922,7.6018
1923,10.0
1924,8.0
1925,6.4
1926,7.6018
1927,8.5
1928,7.5
1929,7.6018
1930,5.1667
1931,5.0
1932,7.4
1933,9.0
1934,7.6757
1935,8.1818
1936,10.0
1937,7.0
1938,7.2
1939,7.6018
1940,7.6018
1941,8.8095
1942,5.8
1943,7.6018
1944,7.6018
1945,7.6018
1946,7.6018
1947,8.56
1948,7.6018
1949,7.4667
1950,7.5
1951,7.1013
1952,8.1667
1953,8.6111
1954,7.6018
1955,7.6018
1956,7.6018
1957,7.0
1958,6.0
1959,7.6018
1960,8.0
1961,7.6018
1962,7.7826
1963,7.6018
1964,7.6018
1965,7.6018
1966,8.4167
1967,8.1818
1968,7.6018
1969,7.6018
1970,7.6018
1971,6.0
1972,5.0625
1973,8.1667
1974,8.1667
1975,7.6018
1976,6.75
1977,7.6018
1978,8.6
1979,8.7
1980,7.6018
1981,7.0
1982,7.6018
1983,8.6364
1984,8.2217
1985,7.6018
1986,7.6018
1987,7.75
1988,7.6018
1989,7.871
1990,7.6018
1991,7.6129
1992,7.6018
1993,7.6757
1994,7.6018
1995,7.6018
1996,8.0652
1997,8.8
1998,7.6018
1999,7.6018
2000,7.6018
2001,10.0
2002,7.0
2003,8.4
2004,7.6018
2005,8.0
2006,7.6018
2007,7.5238
2008,7.9091
2009,8.4545
2010,8.0
2011,8.3333
2012,10.0
2013,7.6018
2014,7.6018
2015,7.3333
2016,8.0
2017,7.6018
2018,7.6018
2019,7.8125
2020,8.0
2021,7.9444
2022,7.0
2023,7.5
2024,7.6018
2025,7.6018
2026,7.6018
2027,8.1637
2028,7.6018
2029,7.0
2030,7.6018
2031,7.6018
2032,7.6018
2033,7.2857
2034,7.6018
2035,6.0
2036,8.0
2037,7.6018
2038,7.8333
2039,9.5
2040,9.0
2041,7.6
2042,8.75
2043,10.0
2044,7.7348
2045,6.2
2046,7.6018
2047,8.625
2048,8.0
2049,7.9487
2050,7.6018
2051,8.0526
2052,7.6018
2053,5.0
2054,7.8333
2055,8.2857
2056,6.5
2057,7.6018
2058,7.6018
2059,7.4328
2060,7.6018
2061,6.5
2062,9.0
2063,10.0
2064,7.3191
2065,8.0968
2066,7.6018
2067,10.0
2068,7.7273
2069,7.6018
2070,8.1818
2071,6.5429
2072,7.9333
2073,7.6018
2074,9.0
2075,6.4286
2076,8.1429
2077,7.6018
2078,9.5
2079,7.717
2080,7.6018
2081,7.6018
2082,7.6018
2083,8.0
2084,9.0862
2085,7.0
2086,7.0
2087,7.6018
2088,7.5
2089,7.6018
2090,7.6018
2091,7.6018
2092,7.6018
2093,7.1111
2094,7.6018
2095,7.6018
2096,8.0
2097,7.6018
2098,7.6018
2099,7.5
2100,7.5652
2101,7.6018
2102,8.6667
2103,7.6018
2104,7.6018
2105,6.5
2106,7.9231
2107,7.6018
2108,7.6018
2109,7.0
2110,8.5
2111,7.0
2112,7.6018
2113,7.4286
2114,7.4688
2115,7.7667
2116,8.0
2117,7.6018
2118,7.0
2119,7.717
2120,7.6018
2121,7.25
2122,7.6018
2123,7.6018
2124,7.3191
2125,7.6018
2126,7.6018
2127,6.0
2128,9.0
2129,7.45
2130,7.4706
2131,8.0
2132,7.6018
2133,8.0
2134,7.0
2135,7.5
2136,7.6018
2137,7.0
2138,7.6018
2139,7.6018
2140,7.6018
2141,7.6018
2142,7.6018
2143,5.0
2144,10.0
2145,7.6018
2146,7.6018
2147,7.6018
2148,7.6018
2149,7.6018
2150,8.0
2151,7.6018
2152,7.6018
2153,7.5
2154,8.6
2155,5.8333
2156,7.6018
2157,7.25
2158,8.3273
2159,7.6018
2160,7.6018
2161,8.2308
2162,7.6018
2163,8.0
2164,7.6018
2165,8.9375
2166,10.0
2167,8.4762
2168,7.6018
2169,7.0
2170,7.4
2171,9.5
2172,7.0
2173,7.6018
2174,5.6667
2175,8.0
2176,7.6018
2177,7.0
2178,7.0
2179,6.5
2180,7.8182
2181,7.6018
2182,7.6018
2183,10.0
2184,7.6018
2185,7.6018
2186,9.0
2187,7.6018
2188,9.0
2189,8.2069
2190,7.6018
2191,7.6018
2192,7.6018
2193,6.5
2194,7.6018
2195,9.0
2196,7.6018
2197,9.5333
2198,7.6018
2199,6.0
2200,7.6522
2201,7.6018
2202,7.6018
2203,7.6018
2204,10.0
2205,9.0
2206,7.6018
2207,7.6018
2208,7.6018
2209,7.6018
2210,7.6018
2211,6.4545
2212,8.6667
2213,7.6018
2214,7.6018
2215,8.1429
2216,6.4
2217,7.6018
2218,8.0652
2219,7.7826
2220,10.0
2221,7.6018
2222,8.75
2223,7.0
2224,4.5
2225,7.6018
2226,7.6018
2227,7.6018
2228,6.2857
2229,6.0
2230,7.67
2231,5.0
2232,7.6018
2233,7.6667
2234,6.75
2235,7.6018
2236,7.6018
2237,7.6667
2238,9.0
2239,6.6154
2240,7.6018
2241,10.0
2242,7.6018
2243,8.5
2244,6.9595
2245,7.6018
2246,6.0
2247,7.6018
2248,7.6018
2249,8.2727
2250,7.6018
2251,7.2
2252,7.1667
2253,7.6018
2254,7.6018
2255,7.6018
2256,8.0
2257,7.6018
2258,7.6018
2259,8.0
2260,8.0
2261,7.6018
2262,8.0976
2263,7.6018
2264,7.6018
2265,7.6018
2266,6.0
2267,7.6018
2268,5.5
2269,7.6018
2270,7.6018
2271,7.1013
2272,7.0
2273,6.5385
2274,7.6018
2275,7.0
2276,10.0
2277,7.5
2278,6.375
2279,7.6018
2280,8.0
2281,9.0
2282,7.6018
2283,7.6018
2284,6.625
2285,7.6018
2286,7.6018
2287,7.6018
2288,8.1667
2289,9.0
2290,6.5
2291,7.6018
2292,7.7273
2293,7.6018
2294,7.6018
2295,7.6018
2296,7.6018
2297,8.0
2298,8.4
2299,8.3333
2300,10.0
2301,6.5
2302,7.6018
2303,7.6018
2304,7.67
2305,8.56
2306,7.6829
2307,6.0
2308,8.0
2309,7.6018
2310,7.6018
2311,7.5
2312,6.0
2313,10.0
2314,7.6018
2315,8.25
2316,7.6018
2317,7.6018
2318,7.2857
2319,7.9444
2320,7.9518
2321,7.5
2322,7.6018
2323,7.6018
2324,8.6
2325,8.1637
2326,7.6018
2327,8.0976
2328,6.6667
2329,8.3939
2330,6.9444
2331,8.2222
2332,7.6018
2333,6.5
2334,7.6018
2335,7.6018
2336,8.0
2337,9.0
2338,7.6018
2339,7.6018
2340,7.6018
2341,7.6154
2342,8.0
2343,8.6667
2344,7.6018
2345,7.4828
2346,7.6018
2347,8.0
2348,7.2941
2349,7.6018
2350,7.5
2351,6.0
2352,7.6018
2353,7.2
2354,8.1333
2355,9.0
2356,6.9565
2357,7.6018
2358,7.6018
2359,9.0
2360,7.6018
2361,7.5
2362,7.0
2363,7.6018
2364,8.7667
2365,7.5
2366,6.6
2367,8.4
2368,6.5
2369,8.3273
2370,7.4706
2371,7.6018
2372,5.0
2373,7.6018
2374,6.9792
2375,7.6018
2376,7.6018
2377,7.5294
2378,7.625
2379,7.6018
2380,8.2
2381,7.6018
2382,7.6018
2383,8.0
2384,7.6018
2385,7.6018
2386,8.0
2387,4.0
2388,7.6018
2389,7.6018
2390,7.6018
2391,7.6018
2392,7.6018
2393,7.6875
2394,8.5
2395,7.7273
2396,7.6018
2397,6.5
2398,7.6
2399,7.6018
2400,6.97
2401,7.6667
2402,7.0
2403,7.2
2404,7.6018
2405,7.6018
2406,8.1429
2407,7.6018
2408,7.6018
2409,8.0
2410,8.25
2411,6.0
2412,8.0435
2413,7.8333
2414,6.0
2415,7.6018
2416,7.6018
2417,7.0588
2418,7.6018
2419,8.6667
2420,7.5278
2421,7.6018
2422,7.6018
2423,7.8333
2424,7.0
2425,7.6018
2426,7.6018
2427,6.0
2428,9.0
2429,7.6667
2430,8.0
2431,6.9375
2432,7.6018
2433,7.6018
2434,8.0
2435,7.6018
2436,7.6018
2437,7.75
2438,8.0
2439,8.1905
2440,7.6018
2441,8.0
2442,7.6018
2443,8.0
2444,7.6667
2445,7.6667
2446,8.25
2447,8.0
2448,7.1538
2449,5.0
2450,8.25
2451,7.6018
2452,10.0
2453,7.871
2454,8.4
2455,8.75
2456,8.6667
2457,7.6018
2458,6.6667
2459,8.0
2460,8.5
2461,9.0
2462,8.0
2463,7.6018
2464,6.5
2465,7.6018
2466,7.6757
2467,7.6667
2468,7.6018
2469,9.7
2470,7.6018
2471,7.6757
2472,7.6
2473,7.6018
2474,7.6018
2475,7.6018
2476,7.8421
2477,7.6018
2478,7.6018
2479,7.6018
2480,7.6018
2481,7.25
2482,7.6018
2483,6.0
2484,7.6018
2485,7.6018
2486,7.6018
2487,7.4286
2488,7.6018
2489,7.6018
2490,10.0
2491,5.6667
2492,6.5
2493,7.6018
2494,8.0
2495,7.6018
2496,9.0
2497,7.6018
2498,7.6018
2499,7.6667
2500,7.6018
2501,7.6522
2502,7.6018
2503,8.0
2504,7.6829
2505,7.6018
2506,6.5
2507,8.5
2508,7.6018
2509,7.0
2510,7.6018
2511,7.6018
2512,7.6018
2513,7.0
2514,9.0
2515,7.6018
2516,7.9231
2517,5.0
2518,7.6018
2519,7.908
2520,9.0
2521,7.6018
2522,7.6018
2523,8.092
2524,10.0
2525,7.6018
2526,8.0
2527,8.5
2528,7.9667
2529,6.5
2530,8.0
2531,7.6018
2532,7.6018
2533,7.6018
2534,8.0
2535,7.5
2536,9.0
2537,7.6018
2538,10.0
2539,7.6018
2540,8.0
2541,7.6018
2542,8.0
2543,7.6018
2544,9.0
2545,7.6018
2546,8.9
2547,7.6018
2548,7.6018
2549,7.6018
2550,8.0
2551,7.6018
2552,8.0
2553,7.6018
2554,8.6667
2555,7.0
2556,7.0
2557,7.6018
2558,7.9286
2559,8.0513
2560,7.6018
2561,5.0
2562,7.5294
2563,7.6018
2564,7.6018
2565,6.8182
2566,7.6018
2567,7.6018
2568,7.5
2569,7.6018
2570,7.6018
2571,7.6018
2572,7.7143
2573,7.6018
2574,7.9231
2575,8.0
2576,7.6018
2577,7.6018
2578,7.6018
2579,7.5
2580,9.0
2581,7.6018
2582,8.0
2583,7.7222
2584,8.1778
2585,7.6018
2586,6.375
2587,9.1
2588,7.6018
2589,7.6018
2590,7.2069
2591,7.6018
2592,8.0
2593,8.0
2594,6.3333
2595,7.6018
2596,7.6018
2597,7.45
2598,7.6018
2599,6.0
2600,6.0
2601,7.6018
2602,8.7
2603,8.6667
2604,7.6018
2605,10.0
2606,8.3333
2607,8.375
2608,7.9615
2609,7.6018
2610,7.6018
2611,7.7667
2612,7.6018
2613,7.6018
2614,7.6018
2615,7.6018
2616,4.0
2617,10.0
2618,7.6018
2619,9.0
2620,7.6018
2621,9.0
2622,7.6018
2623,7.6018
2624,9.0
2625,7.6018
2626,5.0
2627,7.2609
2628,7.6018
2629,8.0
2630,10.0
2631,6.8571
2632,7.6018
2633,7.6018
2634,7.6018
2635,8.8182
2636,8.2647
2637,9.0
2638,7.6018
2639,7.6018
2640,8.8095
2641,7.6018
2642,7.6018
2643,7.4688
2644,7.6018
2645,6.0
2646,9.0
2647,8.8
2648,7.6018
2649,7.0
2650,7.6018
2651,7.6018
2652,7.6018
2653,9.0
2654,7.67
2655,5.6667
2656,7.6018
2657,6.9595
2658,7.0
2659,7.6018
2660,7.6018
2661,7.6018
2662,9.2
2663,7.8333
2664,7.8889
2665,7.6018
2666,7.25
2667,10.0
2668,7.5
2669,6.8571
2670,7.6018
2671,7.6018
2672,7.6018
2673,7.3333
2674,7.65
2675,6.0
2676,7.6667
2677,7.6018
2678,7.75
2679,7.6018
2680,7.6018
2681,7.6018
2682,7.25
2683,7.6018
2684,8.0
2685,10.0
2686,8.3939
2687,7.6018
2688,7.6018
2689,8.75
2690,7.6018
2691,8.6364
2692,7.6018
2693,7.6018
2694,5.0
2695,8.35
2696,8.6182
2697,7.6018
2698,7.6667
2699,7.6018
2700,8.092
2701,7.4
2702,7.6018
2703,10.0
2704,7.6018
2705,8.3
2706,7.6018
2707,7.6018
2708,8.3333
2709,7.6018
2710,5.0
2711,7.6018
2712,8.0
2713,7.6018
2714,7.6018
2715,10.0
2716,7.6018
2717,7.0
2718,10.0
2719,8.0513
2720,9.0
2721,9.0
2722,7.6018
2723,8.2
2724,7.8
2725,7.8333
2726,7.5
2727,7.6018
2728,8.3333
2729,7.6018
2730,7.241
2731,7.8182
2732,7.4444
2733,7.9518
2734,7.6018
2735,7.7045
2736,8.0652
2737,9.4
2738,9.0
2739,6.2
2740,7.6018
2741,8.9286
2742,7.2308
2743,7.6018
2744,7.6018
2745,5.8
2746,7.2453
2747,6.2
2748,7.6018
2749,7.6018
2750,8.0
2751,7.9333
2752,7.6018
2753,8.125
2754,8.5556
2755,7.6018
2756,7.6018
2757,8.1637
2758,8.1905
2759,7.7692
2760,7.6018
2761,7.6018
2762,7.8936
2763,7.6018
2764,9.0
2765,6.0
2766,3.0
2767,8.0
2768,7.67
2769,7.6018
2770,7.6018
2771,10.0
2772,7.6018
2773,7.6018
2774,2.0
2775,8.0
2776,7.6018
2777,7.3333
2778,8.1778
2779,7.6018
2780,7.6018
2781,7.8
2782,7.6018
2783,7.2
2784,5.0
2785,6.75
2786,4.1893
2787,7.6018
2788,7.0
2789,7.625
2790,7.875
2791,9.0
2792,7.0833
2793,7.7348
2794,7.8
2795,7.6018
2796,8.0
2797,7.6018
2798,7.6018
2799,7.3125
2800,7.7812
2801,7.25
2802,7.6018
2803,10.0
2804,7.6018
2805,7.6667
2806,8.0
2807,8.0435
2808,9.0
2809,7.6018
2810,9.0
2811,7.6018
2812,7.6018
2813,4.1893
2814,7.3333
2815,7.6018
2816,7.6018
2817,7.6018
2818,7.6018
2819,7.6018
2820,7.0
2821,7.4286
2822,5.5
2823,7.6018
2824,7.6018
2825,8.1519
2826,7.6018
2827,7.4958
2828,10.0
2829,7.6018
2830,8.6667
2831,7.6018
2832,5.0
2833,8.1923
2834,7.5
2835,7.9487
2836,7.25
2837,7.6018
2838,7.6018
2839,7.6018
2840,7.6018
2841,7.6018
2842,7.6018
2843,8.2217
2844,7.0
2845,8.0
2846,8.125
2847,7.6018
2848,10.0
2849,7.5
2850,8.5
2851,7.6018
2852,7.5833
2853,8.9091
2854,8.3636
2855,7.3846
2856,8.3846
2857,7.6018
2858,7.6018
2859,8.0
2860,7.6018
2861,6.5
2862,7.6018
2863,9.0
2864,9.0
2865,8.0
2866,7.6018
2867,7.6018
2868,7.5135
2869,7.6018
2870,7.6018
2871,7.6018
2872,10.0
2873,8.4
2874,7.2857
2875,8.0
2876,7.6018
2877,7.8462
2878,7.6018
2879,7.6018
2880,7.6018
2881,9.5
2882,7.7895
2883,7.6452
2884,7.4821
2885,4.1893
2886,8.4
2887,7.6018
2888,8.0
2889,7.8333
2890,7.6018
2891,9.0
2892,5.0
2893,7.6018
2894,7.5
2895,7.5
2896,8.5833
2897,6.9565
2898,6.5
2899,7.3333
2900,7.6018
2901,7.6018
2902,7.6018
2903,7.6018
2904,4.0
2905,7.6018
2906,7.8
2907,8.0435
2908,8.6667
2909,7.7119
2910,7.6018
2911,8.0
2912,7.625
2913,7.6018
2914,5.6667
2915,7.6018
2916,7.6018
2917,8.0
2918,7.6018
2919,8.0732
2920,7.6018
2921,7.6018
2922,7.6018
2923,7.6018
2924,8.2222
2925,7.6018
2926,7.6018
2927,8.1667
2928,7.6018
2929,7.6018
2930,7.6018
2931,7.6018
2932,6.5
2933,7.4444
2934,7.6018
2935,7.6018
2936,7.6018
2937,7.6018
2938,7.6
2939,7.6018
2940,7.6018
2941,7.6018
2942,6.6667
2943,8.0
2944,7.6018
2945,9.0
2946,6.0
2947,10.0
2948,7.8333
2949,10.0
2950,7.1163
2951,7.6018
2952,7.2069
2953,1.0
2954,6.5
2955,7.6018
2956,7.6018
2957,7.6018
2958,7.0
2959,8.125
2960,2.0
2961,7.6018
2962,7.5
2963,7.5
2964,8.0
2965,7.2857
2966,7.6018
2967,7.0
2968,7.525
2969,7.0
2970,7.6018
2971,7.6018
2972,9.0
2973,9.0
2974,8.0
2975,7.6018
2976,7.6018
2977,5.0
2978,7.6018
2979,7.6018
2980,7.6018
2981,6.6
2982,8.3333
2983,7.3
2984,7.6018
2985,7.6018
2986,8.0
2987,7.6018
2988,7.3333
2989,7.6018
2990,5.0
2991,7.9048
2992,7.6018
2993,7.6018
2994,7.6018
2995,7.6018
2996,7.0
2997,8.8
2998,7.6018
2999,8.25
3000,7.8571
3001,7.2453
3002,9.0
3003,9.0
3004,7.6018
3005,5.0
3006,9.3333
3007,3.0
3008,8.1667
3009,9.1111
3010,7.6018
3011,8.0732
3012,7.6018
3013,7.6018
3014,7.6018
3015,7.6018
3016,7.6018
3017,8.1778
3018,7.6018
3019,7.6018
3020,7.1538
3021,7.6018
3022,7.6018
3023,7.6018
3024,8.0
3025,7.6018
3026,7.5758
3027,7.6
3028,7.8936
3029,5.8333
3030,7.6018
3031,7.6018
3032,7.6018
3033,7.5556
3034,7.6018
3035,7.6018
3036,7.6018
3037,7.0
3038,7.6018
3039,7.6018
3040,7.6018
3041,9.0
3042,7.6018
3043,7.4706
3044,7.8936
3045,7.6018
3046,7.6018
3047,7.6018
3048,7.125
3049,7.6018
3050,7.6018
3051,7.8
3052,8.25
3053,7.6018
3054,7.4
3055,8.25
3056,7.6018
3057,5.0
3058,8.0
3059,9.0862
3060,7.6018
3061,9.0
3062,7.0
3063,7.6829
3064,6.6
3065,7.6018
3066,7.6018
3067,7.5
3068,7.6018
3069,7.6018
3070,7.6018
3071,8.0
3072,10.0
3073,8.0
3074,9.0
3075,5.0
3076,7.5556
3077,7.6018
3078,9.3333
3079,7.6018
3080,8.0
3081,9.0
3082,10.0
3083,7.6018
3084,7.3333
3085,7.0
3086,7.6018
3087,7.6018
3088,8.8
3089,8.5
3090,7.6018
3091,7.6018
3092,9.0
3093,7.6018
3094,7.6018
3095,7.6667
3096,8.0
3097,7.6018
3098,9.0
3099,7.6018
3100,6.5
3101,7.6018
3102,7.6018
3103,7.6667
3104,7.5
3105,7.6018
3106,4.6667
3107,7.0588
3108,7.0
3109,7.0
3110,6.0
3111,7.75
3112,7.4545
3113,7.8462
3114,7.2222
3115,7.6018
3116,7.6018
3117,7.6018
3118,7.6018
3119,6.9375
3120,8.5
3121,7.6018
3122,7.375
3123,8.0
3124,7.6018
3125,8.2778
3126,7.6018
3127,5.5714
3128,7.4
3129,7.6018
3130,5.0
3131,7.6018
3132,7.6018
3133,7.7
3134,9.0
3135,7.6018
3136,7.6018
3137,5.0
3138,9.0
3139,7.6842
3140,6.0
3141,7.6018
3142,8.4444
3143,7.6018
3144,7.6018
3145,6.0
3146,7.6018
3147,8.6667
3148,7.6018
3149,7.0
3150,7.6018
3151,7.6018
3152,8.8333
3153,7.6018
3154,8.0
3155,7.6018
3156,7.8125
3157,10.0
3158,9.0
3159,8.5
3160,7.6018
3161,6.0
3162,3.0
3163,7.6018
3164,7.2857
3165,7.25
3166,8.1519
3167,7.6018
3168,7.875
3169,6.0
3170,8.2217
3171,7.6018
3172,7.6018
3173,7.0
3174,7.6018
3175,7.6018
3176,7.6018
3177,7.6018
3178,7.6018
3179,7.0
3180,7.5294
3181,7.6018
3182,7.4328
3183,7.6018
3184,7.6018
3185,7.6018
3186,8.6667
3187,8.0
3188,7.6018
3189,7.6018
3190,7.0
3191,7.9474
3192,7.6018
3193,7.8125
3194,7.5
3195,7.8
3196,8.5
3197,7.8889
3198,7.6018
3199,7.6296
3200,7.6018
3201,7.6018
3202,7.6018
3203,7.6018
3204,7.6018
3205,7.6018
3206,7.6018
3207,7.4328
3208,7.9
3209,7.6129
3210,7.0
3211,6.0
3212,8.2857
3213,8.2
3214,5.0
3215,7.6018
3216,9.0
3217,7.6018
3218,8.5
3219,8.3333
3220,7.6018
3221,7.6018
3222,10.0
3223,7.6018
3224,8.0513
3225,7.75
3226,7.4412
3227,6.0
3228,7.6018
3229,8.0
3230,7.6018
3231,8.1176
3232,7.6018
3233,8.4
3234,10.0
3235,1.0
3236,8.5
3237,7.6018
3238,7.6667
3239,7.6018
3240,7.6018
3241,10.0
3242,7.6018
3243,7.0
3244,7.6018
3245,8.0
3246,7.2162
3247,4.5
3248,9.0
3249,7.6018
3250,7.6018
3251,7.6018
3252,7.25
3253,7.9459
3254,7.6018
3255,7.6018
3256,7.7447
3257,8.1905
3258,7.6018
3259,7.6018
3260,7.6018
3261,6.9565
3262,7.6018
3263,7.6018
3264,7.6018
3265,7.0
3266,7.6018
3267,7.6018
3268,9.0
3269,7.6018
3270,7.6018
3271,7.3333
3272,7.6018
3273,7.0
3274,8.75
3275,7.6018
3276,6.5
3277,7.6018
3278,7.6018
3279,7.6018
3280,9.3333
3281,7.6018
3282,8.8571
3283,8.625
3284,7.6018
3285,7.5312
3286,8.5556
3287,7.0
3288,7.6018
3289,7.2727
3290,8.0
3291,6.0
3292,7.6018
3293,7.5
3294,7.0
3295,7.641
3296,7.0
3297,4.0
3298,10.0
3299,7.6018
3300,8.0
3301,6.25
3302,7.6018
3303,7.9848
3304,7.6018
3305,7.6018
3306,8.1
3307,8.0625
3308,7.0
3309,8.375
3310,7.6018
3311,7.6018
3312,8.1667
3313,8.092
3314,8.0
3315,7.6018
3316,9.0
3317,7.875
3318,7.6018
3319,7.2188
3320,7.6018
3321,9.0
3322,8.3333
3323,7.6018
3324,7.6018
3325,7.0
3326,7.6018
3327,7.6018
3328,10.0
3329,7.6018
3330,7.6018
3331,8.0
3332,8.5
3333,8.5
3334,7.6018
3335,9.0
3336,6.0
3337,10.0
3338,7.6018
3339,6.1429
3340,9.0
3341,9.0
3342,7.5362
3343,7.6018
3344,7.6018
3345,7.6018
3346,7.6018
3347,8.12
3348,7.6018
3349,7.6018
3350,7.6018
3351,7.6018
3352,7.6018
3353,7.6018
3354,8.1724
3355,7.6018
3356,7.8
3357,9.0
3358,7.6018
3359,6.75
3360,7.6018
3361,7.5
3362,7.6018
3363,7.6018
3364,7.6018
3365,10.0
3366,7.25
3367,6.4286
3368,6.4286
3369,7.6018
3370,7.6018
3371,6.9444
3372,7.6018
3373,6.1429
3374,9.7
3375,7.9444
3376,7.75
3377,7.6018
3378,7.375
3379,7.6018
3380,8.6667
3381,9.5
3382,7.6018
3383,7.6018
3384,6.375
3385,7.0
3386,7.25
3387,7.9518
3388,7.6018
3389,7.6018
3390,6.0
3391,5.5
3392,9.0
3393,7.6667
3394,10.0
3395,7.6018
3396,9.0862
3397,9.2222
3398,7.88
3399,7.6018
3400,7.6897
3401,9.1667
3402,8.5
3403,10.0
3404,9.0
3405,10.0
3406,7.6018
3407,7.6018
3408,8.1538
3409,7.0
3410,7.6018
3411,7.6018
3412,8.0
3413,7.6018
3414,8.0
3415,7.6018
3416,8.0
3417,6.0
3418,7.6018
3419,7.6018
3420,6.6667
3421,5.0
3422,8.0
3423,7.6018
3424,7.6018
3425,9.0
3426,8.0
3427,7.6018
3428,7.6018
3429,9.0
3430,6.0
3431,7.6018
3432,7.6018
3433,8.4286
3434,9.0
3435,9.3333
3436,7.6667
3437,7.65
3438,7.6018
3439,7.6018
3440,5.0
3441,7.0
3442,7.6018
3443,8.3846
3444,7.375
3445,7.6018
3446,7.4958
3447,8.75
3448,7.6018
3449,8.2
3450,8.3333
3451,8.1613
3452,7.6018
3453,7.0
3454,8.2857
3455,7.0
3456,8.4286
3457,8.0
3458,7.6018
3459,7.6018
3460,7.6018
3461,7.6018
3462,7.6018
3463,8.0
3464,7.5
3465,8.0435
3466,7.25
3467,7.6018
3468,5.0
3469,7.6018
3470,2.0
3471,7.6018
3472,7.6018
3473,7.6018
3474,7.6018
3475,8.3333
3476,10.0
3477,10.0
3478,7.6018
3479,9.0
3480,8.0
3481,9.2
3482,7.6018
3483,7.6018
3484,6.0
3485,9.0
3486,8.0
3487,7.0
3488,9.0
3489,6.0
3490,8.0
3491,9.0
3492,7.6018
3493,8.45
3494,7.6018
3495,8.1176
3496,5.5
3497,7.6018
3498,8.5
3499,7.6018
3500,6.0
3501,7.6018
3502,8.0
3503,7.6018
3504,7.6018
3505,8.1778
3506,7.6018
3507,7.6018
3508,8.5
3509,7.6018
3510,7.6018
3511,8.2069
3512,8.5
3513,7.6018
3514,7.6018
3515,7.6018
3516,7.15
3517,7.241
3518,7.2609
3519,7.6018
3520,7.6018
3521,8.8182
3522,7.6018
3523,7.6018
3524,7.6018
3525,9.5
3526,7.6018
3527,7.5362
3528,7.6018
3529,1.0
3530,7.6018
3531,8.8065
3532,6.0
3533,6.97
3534,6.0
3535,8.2174
3536,6.4
3537,7.2162
3538,8.8
3539,9.0
3540,9.0
3541,7.6018
3542,9.0
3543,7.75
3544,8.1724
3545,7.0
3546,6.5
3547,7.6018
3548,7.6018
3549,7.6018
3550,8.0
3551,7.6018
3552,6.6
3553,7.6018
3554,7.6018
3555,7.4706
3556,6.0
3557,7.8627
3558,9.0
3559,9.6667
3560,7.6018
3561,7.0
3562,7.6018
3563,7.2857
3564,10.0
3565,7.6018
3566,7.4615
3567,8.0
3568,7.0784
3569,8.0652
3570,8.1
3571,8.0
3572,7.6018
3573,7.8182
3574,7.8
3575,4.1893
3576,7.4328
3577,7.6018
3578,7.3333
3579,8.0
3580,7.4667
3581,7.0
3582,7.8667
3583,7.0
3584,7.6018
3585,7.6018
3586,7.6018
3587,7.4821
3588,6.75
3589,6.6667
3590,8.0
3591,7.6018
3592,8.1176
3593,7.6018
3594,7.6018
3595,7.7778
3596,7.6018
3597,7.6018
3598,7.6018
3599,8.0
3600,7.6018
3601,7.6018
3602,7.6018
3603,5.3333
3604,7.6018
3605,8.5
3606,7.6018
3607,7.6
3608,7.5135
3609,7.6018
3610,8.1519
3611,7.6018
3612,7.5
3613,7.6018
3614,7.6018
3615,7.6018
3616,7.6018
3617,7.8065
3618,8.0968
3619,3.0
3620,8.0
3621,7.8125
3622,5.6
3623,5.0
3624,7.0
3625,7.6018
3626,7.8333
3627,7.6018
3628,8.0
3629,7.6018
3630,7.6018
3631,9.0
3632,7.6018
3633,7.6018
3634,7.76
3635,7.0
3636,7.0
3637,8.25
3638,7.8667
3639,7.6018
3640,7.8065
3641,7.6018
3642,7.0
3643,7.241
3644,7.6018
3645,7.6018
3646,7.5
3647,5.0
3648,9.0
3649,5.6667
3650,7.5
3651,7.6018
3652,7.6018
3653,8.0
3654,7.0
3655,6.5
3656,7.6018
3657,7.6018
3658,7.6018
3659,7.6018
3660,9.2
3661,8.0
3662,8.1778
3663,7.9118
3664,8.0
3665,7.6018
3666,7.6018
3667,7.0
3668,7.9615
3669,9.0862
3670,6.9565
3671,7.6018
3672,7.6018
3673,7.2
3674,5.0
3675,9.0
3676,8.75
3677,5.2857
3678,8.5455
3679,10.0
3680,6.0
3681,8.3273
3682,7.5
3683,8.0
3684,7.2727
3685,8.2857
3686,7.0435
3687,7.6018
3688,10.0
3689,7.6176
3690,7.6018
3691,10.0
3692,7.1923
3693,8.5333
3694,7.6018
3695,8.8
3696,7.6018
3697,7.6018
3698,7.625
3699,7.6018
3700,7.6018
3701,7.25
3702,7.6018
3703,7.6018
3704,5.6
3705,9.5
3706,5.0
3707,9.5
3708,7.6018
3709,8.0
3710,7.6018
3711,7.8148
3712,7.6018
3713,7.6018
3714,7.6018
3715,7.0
3716,6.25
3717,7.7667
3718,8.1333
3719,7.6018
3720,7.7857
3721,7.9487
3722,8.0
3723,7.8571
3724,7.6018
3725,7.2222
3726,7.6018
3727,7.4545
3728,5.0
3729,6.0
3730,6.5
3731,7.6018
3732,8.0769
3733,7.6018
3734,8.0
3735,7.4412
3736,7.0
3737,7.6018
3738,7.1818
3739,7.5
3740,7.6018
3741,8.0
3742,6.0
3743,7.0
3744,7.6018
3745,10.0
3746,7.6018
3747,8.2174
3748,7.6018
3749,8.25
3750,7.6018
3751,8.3
3752,8.3333
3753,7.6018
3754,7.0
3755,7.6018
3756,7.0
3757,7.6018
3758,9.0
3759,7.6018
3760,3.0
3761,8.75
3762,8.3333
3763,8.0
3764,9.5
3765,7.0
3766,7.6018
3767,7.6018
3768,7.6018
3769,6.0
3770,7.6018
3771,6.3333
3772,7.6667
3773,7.6018
3774,7.6018
3775,7.6018
3776,7.0
3777,7.2453
3778,7.0
3779,8.0
3780,7.6018
3781,8.0
3782,7.5362
3783,6.0
3784,7.6018
3785,7.0
3786,8.75
3787,8.0
3788,7.6018
3789,7.6018
3790,7.5
3791,7.6018
3792,7.6018
3793,7.6018
3794,7.6018
3795,8.5
3796,7.1163
3797,7.5
3798,7.2609
3799,7.9333
3800,8.3333
3801,7.4615
3802,7.6018
3803,7.6842
3804,7.0588
3805,7.5
3806,7.0
3807,8.3333
3808,8.0
3809,7.6018
3810,8.0
3811,9.0
3812,8.1429
3813,9.0
3814,7.6018
3815,6.8889
3816,7.6018
3817,7.6018
3818,7.6018
3819,7.6018
3820,8.5
3821,7.6018
3822,7.6018
3823,6.0
3824,7.6018
3825,8.4545
3826,7.6018
3827,10.0
3828,7.6018
3829,7.6018
3830,7.6018
3831,6.5
3832,7.5
3833,7.6018
3834,6.0
3835,7.6018
3836,7.0
3837,8.0
3838,7.5362
3839,4.1893
3840,7.6018
3841,7.3438
3842,8.56
3843,7.6018
3844,8.45
3845,7.9615
3846,7.6018
3847,9.2
3848,7.8936
3849,7.6018
3850,7.6018
3851,7.6018
3852,8.3333
3853,5.0
3854,7.6018
3855,7.6018
3856,7.6018
3857,5.0
3858,7.6018
3859,7.0
3860,7.6018
3861,6.5
3862,8.0968
3863,7.6018
3864,10.0
3865,7.2162
3866,7.1463
3867,7.6018
3868,8.0
3869,7.0
3870,7.6018
3871,7.6018
3872,9.0
3873,7.6018
3874,7.6018
3875,7.6018
3876,7.6018
3877,7.4286
3878,7.6018
3879,7.4615
3880,5.0
3881,7.2609
3882,7.6018
3883,6.5
3884,7.6018
3885,7.4375
3886,8.0513
3887,7.6018
3888,8.3793
3889,7.9561
3890,7.6018
3891,7.6018
3892,7.6018
3893,7.6018
3894,7.6667
3895,7.9091
3896,7.6018
3897,7.6018
3898,7.6018
3899,7.0
3900,7.0
3901,7.6018
3902,8.5
3903,7.6018
3904,7.6018
3905,7.6018
3906,7.6018
3907,8.0
3908,8.0
3909,10.0
3910,7.6018
3911,7.6018
3912,7.2453
3913,8.2217
3914,7.4286
3915,8.5
3916,7.7143
3917,8.0
3918,7.6018
3919,7.4328
3920,7.6018
3921,8.2
3922,7.6018
3923,7.8182
3924,7.6018
3925,7.6018
3926,7.6154
3927,8.0513
3928,7.6018
3929,6.0
3930,7.8889
3931,7.6018
3932,7.6018
3933,7.6018
3934,7.6018
3935,7.6018
3936,7.6018
3937,9.0
3938,7.6018
3939,10.0
3940,8.2727
3941,7.6018
3942,7.6018
3943,7.8
3944,5.0
3945,7.6667
3946,3.0
3947,7.1163
3948,7.6018
3949,7.6018
3950,8.6
3951,7.6018
3952,8.75
3953,7.2
3954,7.6018
3955,7.6018
3956,9.3333
3957,6.4444
3958,7.6018
3959,7.5385
3960,8.0
3961,7.6018
3962,7.6018
3963,7.7059
3964,7.6018
3965,7.6018
3966,7.0
3967,8.9333
3968,7.0
3969,7.6018
3970,7.6018
3971,5.0
3972,6.6
3973,7.9
3974,7.6018
3975,7.0
3976,7.6018
3977,7.6018
3978,7.6018
3979,8.0
3980,7.6018
3981,7.6018
3982,7.5714
3983,7.6018
3984,7.6018
3985,7.6018
3986,7.6018
3987,7.6018
3988,7.6018
3989,7.6018
3990,7.6018
3991,7.6018
3992,7.6018
3993,8.1333
3994,6.2
3995,9.0
3996,8.6667
3997,7.3438
3998,7.6757
3999,7.6018
4000,4.0
4001,8.0
4002,7.6018
4003,7.6018
4004,7.6364
4005,7.6018
4006,6.4444
4007,8.0
4008,6.25
4009,7.1538
4010,9.4
4011,6.9792
4012,8.3333
4013,7.6018
4014,7.2941
4015,7.6018
4016,7.6018
4017,7.6018
4018,7.6018
4019,7.6018
4020,8.6667
4021,8.5
4022,6.5
4023,5.25
4024,8.0
4025,8.9375
4026,7.88
4027,7.6018
4028,4.1893
4029,8.5625
4030,7.0
4031,7.6018
4032,6.0
4033,7.5
4034,7.6018
4035,7.6018
4036,8.0
4037,7.6
4038,8.3939
4039,7.6018
4040,7.6018
4041,8.5
4042,7.6018
4043,7.75
4044,7.6018
4045,9.0
4046,9.0
4047,10.0
4048,7.9231
4049,8.125
4050,7.6018
4051,7.6018
4052,7.6018
4053,8.1429
4054,7.5
4055,9.0
4056,6.4286
4057,6.0
4058,7.5652
4059,7.0
4060,2.0
4061,7.6018
4062,5.5
4063,8.625
4064,7.6018
4065,9.0
4066,7.6018
4067,7.5417
4068,7.9375
4069,7.6018
4070,7.6018
4071,7.6018
4072,8.2222
4073,7.7273
4074,7.6018
4075,7.8936
4076,7.6018
4077,5.0
4078,8.0
4079,9.0
4080,7.6018
4081,7.6018
4082,7.5652
4083,8.0
4084,6.0
4085,7.0
4086,7.6018
4087,8.0
4088,6.0909
4089,7.6018
4090,9.0
4091,7.6018
4092,5.6667
4093,7.6018
4094,7.6018
4095,9.0
4096,7.6018
4097,7.6018
4098,8.5
4099,7.6018
4100,7.6018
4101,7.6018
4102,7.6018
4103,7.6018
4104,8.625
4105,9.0
4106,7.7348
4107,7.5455
4108,7.3333
4109,7.6018
4110,6.6154
4111,7.0
4112,7.6018
4113,8.0
4114,8.5385
4115,8.5
4116,7.6018
4117,7.6018
4118,10.0
4119,6.0
4120,7.6018
4121,7.7812
4122,7.6018
4123,7.6018
4124,7.9437
4125,7.6018
4126,7.6018
4127,7.0
4128,8.0
4129,7.6018
4130,7.6018
4131,7.0
4132,7.6018
4133,7.3333
4134,7.9091
4135,7.6018
4136,7.6018
4137,6.5
4138,4.1893
4139,7.6018
4140,7.6018
4141,8.5625
4142,7.6018
4143,8.0
4144,8.0
4145,8.2727
4146,7.0
4147,7.6018
4148,7.6018
4149,7.6018
4150,7.6018
4151,7.6018
4152,8.0
4153,6.75
4154,9.0
4155,9.0
4156,7.6018
4157,7.6018
4158,7.6018
4159,5.0
4160,8.2632
4161,7.6018
4162,8.75
4163,7.6018
4164,7.5
4165,8.0
4166,5.0
4167,7.6018
4168,9.0
4169,7.6018
4170,7.6018
4171,7.6018
4172,7.6018
4173,8.0
4174,4.0
4175,7.6018
4176,7.6452
4177,7.6018
4178,7.4
4179,7.6018
4180,7.5625
4181,8.0417
4182,7.6018
4183,7.5
4184,7.8095
4185,7.6018
4186,7.6018
4187,8.75
4188,8.0
4189,7.6018
4190,7.6018
4191,9.0
4192,7.4444
4193,7.8627
4194,7.4958
4195,7.6018
4196,7.5
4197,8.0
4198,8.0968
4199,7.6018
4200,7.6018
4201,7.8148
4202,6.5429
4203,9.0
4204,9.2857
4205,8.0652
4206,7.6018
4207,7.6018
4208,7.0
4209,9.25
4210,7.0
4211,7.6018
4212,6.0
4213,10.0
4214,7.6018
4215,7.6018
4216,7.6018
4217,5.0
4218,9.1111
4219,7.4
4220,7.6018
4221,8.2857
4222,8.0
4223,8.0
4224,9.0
4225,8.0
4226,7.6018
4227,7.6018
4228,7.4375
4229,7.6018
4230,8.2217
4231,7.6018
4232,7.6018
4233,10.0
4234,7.6018
4235,9.0
4236,10.0
4237,7.3235
4238,7.6018
4239,9.0
4240,7.6018
4241,7.5217
4242,7.6667
4243,8.6667
4244,7.5424
4245,9.2
4246,8.0
4247,8.0
4248,7.6018
4249,6.75
4250,7.5
4251,7.6018
4252,8.0
4253,7.3077
4254,7.6018
4255,7.2162
4256,9.7692
4257,9.5
4258,7.0
4259,7.9459
4260,7.6018
4261,7.6018
4262,8.5
4263,6.3333
4264,7.6018
4265,7.0
4266,7.2444
4267,7.5909
4268,6.0
4269,8.5
4270,9.0
4271,7.6018
4272,8.0
4273,8.2222
4274,7.5714
4275,9.6667
4276,7.6667
4277,10.0
4278,6.4545
4279,7.6018
4280,7.0741
4281,6.0
4282,7.6018
4283,8.5
4284,7.5
4285,7.0435
4286,10.0
4287,7.4667
4288,7.6018
4289,7.6018
4290,8.1538
4291,8.0652
4292,7.6018
4293,8.3333
4294,6.0
4295,7.3462
4296,8.5
4297,7.5
4298,7.6018
4299,8.3
4300,5.5
4301,7.6018
4302,7.0
4303,7.0
4304,8.04
4305,8.25
4306,10.0
4307,7.6018
4308,7.6018
4309,5.5
4310,7.6018
4311,7.2609
4312,9.5
4313,8.0
4314,7.67
4315,7.0
4316,7.0
4317,7.6018
4318,7.6018
4319,7.6018
4320,7.6018
4321,7.6018
4322,7.6018
4323,9.0
4324,7.2941
4325,9.3333
4326,8.2647
4327,7.2727
4328,7.0
4329,7.6018
4330,7.6018
4331,5.0
4332,7.6018
4333,8.5
4334,7.6018
4335,8.0
4336,8.0
4337,7.6018
4338,7.0
4339,7.6522
4340,7.6018
4341,7.6018
4342,7.6
4343,7.125
4344,7.6018
4345,9.5
4346,8.0968
4347,7.6018
4348,8.4694
4349,8.0
4350,9.5
4351,7.6018
4352,8.1667
4353,6.0
4354,7.6018
4355,8.125
4356,7.6018
4357,7.6018
4358,6.0
4359,6.75
4360,6.7143
4361,5.0
4362,7.8667
4363,7.4328
4364,7.0
4365,8.4
4366,7.9091
4367,7.6018
4368,7.908
4369,7.0
4370,7.6018
4371,7.6018
4372,8.0
4373,7.6018
4374,7.6018
4375,7.6018
4376,7.8913
4377,7.6018
4378,7.75
4379,6.0
4380,8.0
4381,7.625
4382,7.6018
4383,8.5
4384,7.6018
4385,7.6018
4386,7.6018
4387,9.0
4388,7.6018
4389,7.3333
4390,9.0
4391,8.0
4392,7.4
4393,7.3
4394,7.6018
4395,8.0
4396,7.6018
4397,8.0
4398,6.4
4399,8.2647
4400,8.0
4401,7.1013
4402,8.0
4403,7.6018
4404,6.0
4405,7.6018
4406,6.0
4407,7.6018
4408,5.75
4409,7.0
4410,7.8889
4411,7.8182
4412,7.6018
4413,8.6
4414,4.1893
4415,6.0
4416,6.6
4417,7.1538
4418,7.6018
4419,7.6018
4420,7.0
4421,7.6018
4422,7.6018
4423,7.5362
4424,8.0
4425,7.2222
4426,7.6018
4427,7.6018
4428,7.6018
4429,7.5
4430,7.6018
4431,7.0
4432,7.6018
4433,8.0
4434,7.6018
4435,7.6018
4436,8.2174
4437,9.0
4438,7.6018
4439,7.6018
4440,7.7895
4441,9.0
4442,6.1667
4443,7.6018
4444,7.6018
4445,7.6018
4446,7.5
4447,7.6018
4448,7.8627
4449,8.4
4450,8.0
4451,7.8913
4452,8.6667
4453,9.1667
4454,7.6018
4455,6.0
4456,7.6018
4457,9.0
4458,7.8125
4459,6.6667
4460,7.75
4461,7.6018
4462,7.1013
4463,7.6018
4464,7.6018
4465,7.6018
4466,7.7045
4467,8.0
4468,7.6018
4469,8.3077
4470,7.6018
4471,7.9508
4472,6.9565
4473,7.6018
4474,7.6018
4475,7.6018
4476,7.6018
4477,7.6018
4478,7.6667
4479,7.5714
4480,4.1893
4481,7.6018
4482,7.6018
4483,7.6018
4484,10.0
4485,8.2217
4486,7.6018
4487,6.9595
4488,9.0
4489,9.2727
4490,8.5294
4491,7.4167
4492,5.6
4493,7.6018
4494,7.6018
4495,8.1667
4496,9.5
4497,7.6018
4498,8.0
4499,7.6018
4500,7.0
4501,7.0571
4502,8.1842
4503,7.6018
4504,7.6018
4505,7.0
4506,7.7348
4507,7.6018
4508,7.3333
4509,7.6018
4510,7.6757
4511,7.6018
4512,7.6018
4513,7.9
4514,7.3333
4515,8.56
4516,8.2222
4517,7.6018
4518,7.6018
4519,7.6018
4520,8.0
4521,9.5
4522,7.6018
4523,7.6018
4524,7.6018
4525,7.6018
4526,8.0
4527,7.6018
4528,7.6018
4529,7.8
4530,7.0
4531,7.6018
4532,7.6018
4533,10.0
4534,7.6018
4535,9.0
4536,7.6018
4537,7.6667
4538,7.0
4539,8.7
4540,7.6018
4541,7.6018
4542,7.6018
4543,7.2069
4544,7.6018
4545,7.6
4546,10.0
4547,8.5
4548,7.625
4549,7.7143
4550,4.1893
4551,6.0
4552,7.6667
4553,7.3333
4554,7.6
4555,7.5714
4556,7.6018
4557,7.6018
4558,7.6018
4559,6.9231
4560,7.6018
4561,8.0
4562,8.5
4563,7.6018
4564,7.6018
4565,7.6018
4566,7.7119
4567,10.0
4568,7.6018
4569,8.0
4570,7.9459
4571,10.0
4572,7.6018
4573,7.8
4574,8.2308
4575,7.75
4576,7.6018
4577,8.0
4578,7.6018
4579,8.0
4580,8.3636
4581,9.0862
4582,7.0
4583,6.6667
4584,7.2162
4585,7.7447
4586,7.6018
4587,7.6018
4588,8.1519
4589,8.0
4590,7.6018
4591,7.6296
4592,8.2222
4593,7.6018
4594,6.5385
4595,7.6018
4596,7.1212
4597,8.0
4598,5.0
4599,7.6018
4600,7.5333
4601,8.0
4602,7.6018
4603,9.0
4604,8.2647
4605,7.6018
4606,9.5
4607,8.2222
4608,7.8
4609,7.4828
4610,7.2727
4611,7.6018
4612,6.3333
4613,5.0
4614,7.6018
4615,7.6018
4616,7.6018
4617,5.0
4618,7.6667
4619,5.6667
4620,9.1
4621,8.6667
4622,7.5714
4623,7.6018
4624,8.0
4625,8.5556
4626,7.6018
4627,7.6018
4628,7.6018
4629,7.8333
4630,7.6018
4631,7.6018
4632,7.6018
4633,7.6018
4634,7.6018
4635,10.0
4636,8.0
4637,7.6018
4638,7.8333
4639,7.5
4640,7.0
4641,7.6018
4642,6.6667
4643,9.0
4644,8.2857
4645,7.2609
4646,7.5
4647,6.5
4648,9.0
4649,7.3548
4650,10.0
4651,5.2857
4652,9.6667
4653,9.0
4654,6.0
4655,8.2778
4656,7.6018
4657,7.6018
4658,7.0
4659,7.6018
4660,7.6018
4661,9.0
4662,7.6018
4663,8.0
4664,7.0
4665,6.6667
4666,7.6018
4667,7.0
4668,6.5
4669,7.6018
4670,7.9437
4671,9.0
4672,8.8
4673,7.0
4674,7.6018
4675,7.6018
4676,7.5
4677,7.9091
4678,7.6018
4679,7.6018
4680,7.6018
4681,7.6018
4682,7.6018
4683,7.6018
4684,7.4958
4685,7.0
4686,8.2217
4687,7.25
4688,7.6018
4689,7.0
4690,7.6018
4691,7.6018
4692,7.6018
4693,6.6667
4694,7.6018
4695,7.6018
4696,7.4958
4697,8.1923
4698,7.6757
4699,6.8333
4700,7.8913
4701,8.4
4702,7.4286
4703,7.6018
4704,7.6018
4705,7.1
4706,7.6018
4707,6.9444
4708,7.0
4709,8.0
4710,7.6018
4711,7.6018
4712,7.9189
4713,10.0
4714,7.0
4715,7.6018
4716,7.6018
4717,7.75
4718,8.3333
4719,7.6018
4720,9.0
4721,7.8571
4722,7.6018
4723,7.6018
4724,7.6018
4725,8.8571
4726,7.6018
4727,9.0
4728,8.6667
4729,8.1905
4730,4.0
4731,7.5135
4732,7.6018
4733,7.76
4734,7.6018
4735,7.6018
4736,7.6018
4737,7.6018
4738,7.9333
4739,7.6018
4740,7.875
4741,7.6018
4742,7.3077
4743,8.1818
4744,9.0
4745,7.6018
4746,8.2
4747,7.6018
4748,7.6018
4749,6.5
4750,7.5217
4751,7.6018
4752,7.6018
4753,7.6018
4754,7.0
4755,8.3333
4756,7.5385
4757,7.6018
4758,5.0
4759,7.9437
4760,7.6
4761,7.6018
4762,7.5
4763,7.5
4764,9.5
4765,7.6018
4766,8.0
4767,7.9231
4768,8.0
4769,7.9375
4770,7.6018
4771,7.8125
4772,5.0
4773,7.6018
4774,6.6923
4775,8.0
4776,7.6018
4777,7.6018
4778,7.6018
4779,6.2
4780,7.5
4781,8.0
4782,7.6018
4783,8.0
4784,7.6018
4785,7.6018
4786,8.4694
4787,7.6018
4788,7.6018
4789,7.5
4790,7.5714
4791,7.7222
4792,7.1364
4793,7.6018
4794,7.6018
4795,7.6018
4796,8.0
4797,7.6018
4798,7.6018
4799,7.6018
4800,7.7348
4801,7.6018
4802,6.5
4803,2.5
4804,10.0
4805,7.6018
4806,8.0
4807,8.0
4808,7.1739
4809,8.12
4810,7.75
4811,8.2217
4812,7.6018
4813,8.35
4814,7.6018
4815,7.6018
4816,8.75
4817,6.9565
4818,7.7273
4819,7.6018
4820,8.3333
4821,10.0
4822,10.0
4823,8.2222
4824,7.6018
4825,8.25
4826,8.0
4827,7.6018
4828,8.0
4829,7.6018
4830,7.4444
4831,7.6018
4832,7.6018
4833,7.875
4834,7.6018
4835,7.6364
4836,7.6018
4837,7.6018
4838,7.75
4839,10.0
4840,7.6018
4841,7.6018
4842,8.1637
4843,7.6018
4844,8.75
4845,6.25
4846,7.6018
4847,8.5
4848,8.0
4849,10.0
4850,7.6018
4851,7.5
4852,7.6018
4853,6.875
4854,8.0
4855,7.7045
4856,7.6018
4857,7.6296
4858,8.0
4859,7.6018
4860,7.6018
4861,8.2069
4862,8.7
4863,10.0
4864,4.1893
4865,7.6018
4866,7.1013
4867,7.6018
4868,6.0
4869,8.125
4870,7.1071
4871,7.6018
4872,7.6018
4873,6.4
4874,7.6018
4875,8.3
4876,8.5
4877,7.6018
4878,8.0
4879,8.1
4880,7.6018
4881,8.0
4882,9.2222
4883,10.0
4884,7.8889
4885,7.6018
4886,8.1637
4887,7.6018
4888,7.0
4889,7.6018
4890,7.6018
4891,7.8667
4892,7.5
4893,7.6018
4894,7.6018
4895,4.0
4896,8.0
4897,7.6018
4898,7.6018
4899,7.0
4900,6.6
4901,7.6018
4902,7.6018
4903,6.75
4904,8.8095
4905,7.6018
4906,8.3333
4907,7.0
4908,7.6018
4909,5.0
4910,10.0
4911,7.4659
4912,7.8182
4913,5.0
4914,6.0
4915,7.6018
4916,8.5333
4917,7.6018
4918,7.6842
4919,7.4328
4920,7.6018
4921,7.75
4922,7.6018
4923,8.3
4924,7.6018
4925,6.9595
4926,4.1893
4927,9.0
4928,7.0
4929,7.1071
4930,8.1
4931,6.0
4932,7.6018
4933,8.75
4934,7.6018
4935,7.6018
4936,8.6667
4937,7.6018
4938,7.0
4939,7.6018
4940,7.5135
4941,8.0
4942,10.0
4943,8.2857
4944,10.0
4945,1.0
4946,7.6018
4947,7.6018
4948,8.2
4949,4.0
4950,7.6018
4951,8.1637
4952,7.6018
4953,7.6018
4954,5.6
4955,7.6018
4956,7.5
4957,8.1111
4958,5.8
4959,7.6018
4960,7.4667
4961,10.0
4962,4.1893
4963,7.6018
4964,7.6018
4965,7.6018
4966,7.6018
4967,7.6018
4968,8.5
4969,7.6018
4970,7.25
4971,6.9375
4972,8.0
4973,8.0
4974,8.1519
4975,7.0
4976,7.6018
4977,7.8182
4978,6.6667
4979,9.0
4980,7.0
4981,8.4
4982,7.6018
4983,7.6018
4984,7.6018
4985,7.6018
4986,8.2857
4987,7.9091
4988,7.6018
4989,7.5
4990,7.0
4991,7.8125
4992,8.2857
4993,7.7447
4994,8.9
4995,7.3333
4996,7.0
4997,6.8571
4998,7.6018
4999,7.6018
5000,7.6018
5001,7.4615
5002,7.9459
5003,7.6018
5004,7.6018
5005,7.6018
5006,9.0
5007,6.0
5008,9.0862
5009,7.6018
5010,7.7857
5011,7.6875
5012,8.0652
5013,7.6018
5014,6.9444
5015,7.6018
5016,7.4328
5017,7.6667
5018,8.5882
5019,7.4167
5020,7.9091
5021,7.6018
5022,7.6018
5023,7.6018
5024,6.0
5025,8.0
5026,7.6018
5027,6.7143
5028,7.6018
5029,8.0625
5030,9.5
5031,7.6018
5032,7.6018
5033,9.0
5034,7.5
5035,7.6018
5036,7.6018
5037,8.75
5038,7.6018
5039,7.6018
5040,7.6018
5041,7.4375
5042,7.6018
5043,7.7222
5044,7.6018
5045,7.6018
5046,7.4821
5047,8.0909
5048,7.6018
5049,7.6018
5050,5.0
5051,9.5
5052,7.6018
5053,7.6018
5054,7.8
5055,8.3333
5056,8.0
5057,7.6018
5058,10.0
5059,8.75
5060,7.6018
5061,8.0
5062,7.871
5063,7.5789
5064,7.0
5065,8.5
5066,8.5455
5067,7.6018
5068,9.0
5069,7.6018
5070,8.0909
5071,8.25
5072,7.6018
5073,7.6018
5074,7.6018
5075,7.6018
5076,7.6018
5077,7.75
5078,7.6018
5079,7.3333
5080,7.7059
5081,7.0667
5082,8.0345
5083,7.6018
5084,7.25
5085,7.6018
5086,7.6018
5087,8.0
5088,7.5
5089,8.7
5090,7.15
5091,6.8966
5092,8.6667
5093,8.0
5094,7.6018
5095,7.6018
5096,7.6018
5097,3.5
5098,8.1667
5099,7.6018
5100,8.0
5101,6.75
5102,7.6018
5103,5.0
5104,7.8571
5105,7.6176
5106,7.5
5107,7.6018
5108,10.0
5109,8.125
5110,7.6018
5111,7.0
5112,7.6018
5113,7.6018
5114,7.6018
5115,7.6018
5116,7.9848
5117,7.6018
5118,7.8571
5119,7.6667
5120,7.6018
5121,7.8571
5122,8.0
5123,7.6018
5124,7.6
5125,6.0
5126,8.0
5127,7.3438
5128,7.0667
5129,10.0
5130,7.6018
5131,7.4688
5132,8.4694
5133,7.6018
5134,8.0
5135,8.3793
5136,7.6018
5137,7.6018
5138,7.6018
5139,7.6018
5140,8.4444
5141,6.0
5142,7.6018
5143,7.6018
5144,6.2727
5145,6.6
5146,5.5
5147,10.0
5148,8.0
5149,8.0
5150,7.0
5151,8.2
5152,7.2162
5153,7.6018
5154,6.97
5155,8.5
5156,9.0
5157,7.0
5158,8.0
5159,7.6018
5160,7.9
5161,7.3548
5162,6.8889
5163,7.6018
5164,8.6667
5165,7.6018
5166,6.5
5167,7.0
5168,7.6018
5169,7.6018
5170,9.0
5171,7.8627
5172,7.6018
5173,7.6018
5174,7.6667
5175,7.6018
5176,7.6018
5177,8.0652
5178,8.2
5179,7.6018
5180,7.6018
5181,7.5135
5182,6.5
5183,7.6018
5184,8.25
5185,7.6018
5186,7.6018
5187,6.0
5188,7.6667
5189,7.6018
5190,7.6018
5191,7.6018
5192,7.6296
5193,7.6667
5194,7.6018
5195,6.2857
5196,7.6018
5197,8.6154
5198,5.5
5199,7.6018
5200,7.6018
5201,8.875
5202,7.5
5203,7.6018
5204,5.0
5205,9.0
5206,8.4762
5207,7.6018
5208,8.0
5209,7.6018
5210,7.6018
5211,7.6018
5212,7.3438
5213,7.6018
5214,8.0
5215,7.6018
5216,9.1667
5217,7.6018
5218,8.092
5219,5.0
5220,7.6018
5221,9.0
5222,7.5
5223,7.0
5224,8.0
5225,8.0
5226,8.4667
5227,7.6018
5228,7.7667
5229,6.45
5230,7.75
5231,7.5
5232,7.6018
5233,7.75
5234,10.0
5235,7.6018
5236,7.6018
5237,9.2
5238,8.0
5239,7.6018
5240,9.0
5241,7.0741
5242,7.6018
5243,7.2941
5244,7.7692
5245,7.6018
5246,6.5
5247,7.1071
5248,7.4328
5249,8.0
5250,7.9091
5251,7.2609
5252,7.0
5253,7.6018
5254,7.6018
5255,6.1579
5256,8.0
5257,8.5
5258,7.4667
5259,8.5
5260,8.0
5261,8.0
5262,6.1667
5263,7.6018
5264,7.6018
5265,9.5
5266,7.375
5267,8.7143
5268,7.4
5269,7.5
5270,9.0
5271,7.6018
5272,7.625
5273,7.6018
5274,10.0
5275,8.0
5276,8.75
5277,8.1923
5278,5.0
5279,7.6018
5280,7.8333
5281,6.0
5282,7.6018
5283,5.0
5284,7.6018
5285,7.6018
5286,7.6018
5287,7.0
5288,6.6667
5289,7.5
5290,8.0
5291,8.6667
5292,7.6667
5293,4.1893
5294,7.4444
5295,7.9286
5296,7.0
5297,7.5263
5298,8.2
5299,7.6018
5300,7.6018
5301,7.5
5302,6.0
5303,8.8
5304,8.2308
5305,7.6018
5306,7.6018
5307,6.8571
5308,7.6018
5309,7.6018
5310,7.6018
5311,7.6018
5312,9.0
5313,7.6018
5314,10.0
5315,10.0
5316,7.6018
5317,4.5
5318,7.6018
5319,7.6667
5320,7.7
5321,7.6018
5322,7.6018
5323,7.6018
5324,8.0
5325,7.6018
5326,7.6018
5327,5.0
5328,7.5362
5329,3.0
5330,7.6018
5331,7.6018
5332,7.1333
5333,7.6018
5334,7.6018
5335,8.2
5336,7.6018
5337,8.625
5338,7.6018
5339,7.0
5340,7.6018
5341,7.88
5342,6.9231
5343,7.6018
5344,7.6018
5345,7.0
5346,6.5
5347,7.6018
5348,8.0
5349,7.6018
5350,7.6018
5351,7.6018
5352,7.6018
5353,10.0
5354,7.6667
5355,7.6018
5356,7.6018
5357,10.0
5358,7.6018
5359,7.7222
5360,7.6296
5361,7.6018
5362,7.6018
5363,7.3333
5364,7.6018
5365,7.6018
5366,7.6018
5367,7.6018
5368,7.6018
5369,7.6018
5370,7.6018
5371,7.6018
5372,7.6018
5373,6.0
5374,7.6018
5375,7.6018
5376,7.625
5377,7.6018
5378,5.8
5379,7.6018
5380,7.4483
5381,7.6018
5382,6.0
5383,7.6018
5384,7.6667
5385,7.6018
5386,3.0
5387,7.6018
5388,7.6018
5389,7.6018
5390,7.6018
5391,5.0
5392,8.1637
5393,7.6757
5394,9.2
5395,7.6018
5396,8.1429
5397,7.0
5398,8.5556
5399,7.6018
5400,7.5
5401,7.6018
5402,8.1778
5403,9.0
5404,7.6018
5405,7.67
5406,7.6018
5407,9.0
5408,7.6018
5409,7.6018
5410,7.6018
5411,7.6176
5412,3.0
5413,7.6018
5414,7.6018
5415,8.0
5416,8.5
5417,9.0
5418,7.6018
5419,7.5
5420,7.6018
5421,8.5
5422,7.6018
5423,7.6018
5424,7.6018
5425,7.6018
5426,7.8
5427,7.6018
5428,7.6018
5429,7.4412
5430,7.6018
5431,6.9595
5432,8.0
5433,7.5556
5434,7.8182
5435,7.6018
5436,7.1667
5437,7.6018
5438,8.4444
5439,10.0
5440,6.0
5441,7.6018
5442,7.6018
5443,9.0
5444,8.4167
5445,8.375
5446,9.0
5447,7.6018
5448,7.6018
5449,7.2444
5450,7.6018
5451,8.5
5452,8.0
5453,7.75
5454,7.8936
5455,8.1637
5456,7.6018
5457,7.6018
5458,7.6018
5459,7.6018
5460,7.7692
5461,7.0
5462,7.6018
5463,7.2069
5464,7.6018
5465,9.0
5466,8.2217
5467,9.0
5468,7.6018
5469,8.5
5470,7.1667
5471,7.6018
5472,8.5
5473,8.0
5474,7.0
5475,8.6
5476,8.0
5477,7.6018
5478,7.6018
5479,7.6018
5480,4.3333
5481,7.8125
5482,6.5938
5483,10.0
5484,10.0
5485,9.5
5486,7.75
5487,6.5
5488,5.5
5489,7.6018
5490,7.1
5491,10.0
5492,7.8571
5493,7.3333
5494,8.5
5495,3.0
5496,8.4545
5497,7.6018
5498,7.6018
5499,7.6018
5500,8.0303
5501,7.6364
5502,9.0
5503,7.2308
5504,7.6018
5505,7.0
5506,7.6018
5507,7.6018
5508,7.6018
5509,7.6018
5510,7.0
5511,8.0
5512,7.6018
5513,8.6667
5514,7.6018
5515,7.6018
5516,8.5
5517,7.6018
5518,7.6018
5519,8.5
5520,7.6018
5521,7.6018
5522,7.6018
5523,8.0
5524,7.6018
5525,9.0
5526,5.5
5527,7.3333
5528,7.6018
5529,7.6018
5530,7.0
5531,7.6018
5532,7.6667
5533,8.0
5534,7.5385
5535,7.6018
5536,7.6018
5537,7.6018
5538,6.9595
5539,8.6182
5540,7.6018
5541,7.0
5542,8.4333
5543,7.6018
5544,8.0
5545,7.6018
5546,7.6018
5547,9.5
5548,7.6364
5549,7.0
5550,8.0
5551,7.6018
5552,8.9375
5553,7.8571
5554,7.5424
5555,8.0
5556,8.0
5557,7.6018
5558,9.0862
5559,7.6018
5560,7.6018
5561,7.5
5562,6.9595
5563,8.0
5564,7.6018
5565,5.0
5566,7.9
5567,7.6018
5568,7.6018
5569,9.0
5570,7.6018
5571,8.0
5572,8.0
5573,6.0
5574,5.0
5575,9.0
5576,7.8936
5577,8.2174
5578,7.4328
5579,7.6018
5580,7.6018
5581,7.6018
5582,7.6018
5583,7.6018
5584,6.25
5585,7.6018
5586,7.6018
5587,10.0
5588,9.0
5589,7.6018
5590,8.5
5591,7.0
5592,7.4821
5593,8.092
5594,8.5
5595,7.241
5596,7.6018
5597,7.6018
5598,8.0
5599,7.6018
5600,7.6018
5601,7.25
5602,9.0
5603,8.1778
5604,7.5217
5605,8.75
5606,5.5
5607,7.6018
5608,9.0862
5609,8.3333
5610,7.6018
5611,7.6018
5612,8.0
5613,10.0
5614,9.0
5615,7.9545
5616,6.625
5617,7.0
5618,8.9091
5619,9.0
5620,7.6018
5621,5.0
5622,9.0
5623,9.5
5624,8.0652
5625,7.6018
5626,7.6018
5627,8.0
5628,8.0
5629,7.0
5630,7.6018
5631,7.1667
5632,8.2217
5633,8.6182
5634,7.6018
5635,7.6018
5636,7.6018
5637,8.2
5638,8.1429
5639,7.6018
5640,8.5
5641,7.6018
5642,7.5
5643,5.5
5644,7.6018
5645,6.7
5646,7.6018
5647,7.6018
5648,6.6
5649,7.6018
5650,8.0
5651,7.6018
5652,8.0
5653,6.6667
5654,7.5
5655,7.6018
5656,9.0
5657,7.6018
5658,8.0
5659,7.6018
5660,5.0
5661,8.5
5662,7.4483
5663,7.6018
5664,7.0
5665,7.6018
5666,7.6018
5667,7.6018
5668,7.6018
5669,8.5
5670,8.0
5671,7.5
5672,7.6018
5673,8.0
5674,8.0
5675,7.6018
5676,8.2222
5677,7.6018
5678,7.6018
5679,7.2222
5680,6.2
5681,8.6667
5682,7.6018
5683,7.6018
5684,6.9091
5685,7.6018
5686,7.6018
5687,7.6018
5688,7.25
5689,7.6018
5690,7.0
5691,7.6018
5692,7.5
5693,7.6018
5694,7.6018
5695,7.6018
5696,7.6018
5697,7.5
5698,7.6018
5699,7.641
5700,7.6018
5701,7.6018
5702,7.6018
5703,7.5
5704,1.0
5705,10.0
5706,7.75
5707,6.2
5708,8.125
5709,10.0
5710,7.6018
5711,7.0784
5712,7.6018
5713,7.6018
5714,8.0526
5715,7.4762
5716,9.0
5717,7.6018
5718,7.6018
5719,7.6018
5720,6.0
5721,8.1637
5722,7.6018
5723,7.6018
5724,7.4
5725,7.6018
5726,6.0909
5727,8.75
5728,3.0
5729,7.6018
5730,7.6018
5731,7.6018
5732,7.6018
5733,7.2857
5734,7.9508
5735,7.6018
5736,7.6018
5737,7.6018
5738,7.6018
5739,7.6018
5740,7.6018
5741,7.6018
5742,7.6018
5743,6.45
5744,7.6018
5745,7.5
5746,8.0
5747,8.6667
5748,7.6018
5749,10.0
5750,10.0
5751,7.8065
5752,8.0
5753,7.5
5754,7.6018
5755,7.6018
5756,9.0
5757,7.6452
5758,7.6154
5759,7.6018
5760,7.65
5761,7.6018
5762,8.6667
5763,7.6018
5764,7.6018
5765,7.2381
5766,8.6667
5767,7.75
5768,5.0
5769,7.5
5770,7.6923
5771,6.5
5772,1.0
5773,7.6018
5774,6.0
5775,8.0
5776,9.0
5777,7.6018
5778,7.3333
5779,7.6018
5780,7.6018
5781,10.0
5782,7.5
5783,7.6018
5784,7.4958
5785,8.0
5786,7.6018
5787,6.0
5788,8.0
5789,7.6018
5790,7.6018
5791,7.6018
5792,7.2857
5793,7.6018
5794,10.0
5795,7.5278
5796,7.6018
5797,8.3333
5798,7.5424
5799,10.0
5800,7.7045
5801,8.0
5802,7.0909
5803,6.9595
5804,7.6018
5805,7.6018
5806,7.6018
5807,8.0976
5808,7.6018
5809,8.8
5810,7.5
5811,7.0
5812,7.6018
5813,7.5
5814,7.6018
5815,7.6018
5816,9.1
5817,7.9459
5818,7.6018
5819,7.6018
5820,7.7
5821,9.0
5822,4.1893
5823,7.6018
5824,8.0
5825,7.6018
5826,7.6018
5827,7.6018
5828,7.4615
5829,7.6018
5830,7.6018
5831,8.0
5832,7.6018
5833,7.6018
5834,4.75
5835,7.67
5836,7.6018
5837,7.6018
5838,8.4615
5839,9.5
5840,7.3548
5841,8.0
5842,3.0
5843,7.0
5844,7.9508
5845,7.5
5846,7.6018
5847,7.6018
5848,7.6018
5849,8.4333
5850,7.6018
5851,7.6018
5852,7.6018
5853,6.8889
5854,7.6018
5855,8.8065
5856,8.25
5857,8.0
5858,7.6018
5859,10.0
5860,7.6018
5861,4.1893
5862,8.5
5863,7.6018
5864,4.1893
5865,6.7692
5866,6.3333
5867,4.1893
5868,8.3333
5869,7.6018
5870,7.5556
5871,7.6018
5872,8.1778
5873,9.0
5874,7.6018
5875,4.0
5876,6.0
5877,7.6018
5878,7.4615
5879,8.5
5880,10.0
5881,7.1463
5882,10.0
5883,7.3125
5884,8.8
5885,7.6018
5886,7.6018
5887,7.0
5888,7.6667
5889,7.6018
5890,7.375
5891,8.0
5892,7.4688
5893,10.0
5894,7.7273
5895,7.7895
5896,7.0
5897,5.0
5898,7.6018
5899,9.0
5900,7.6018
5901,7.4821
5902,8.2414
5903,9.0
5904,7.6018
5905,7.4688
5906,9.0
5907,7.6018
5908,5.6667
5909,6.0
5910,5.0
5911,8.0
5912,7.6018
5913,7.6018
5914,8.1333
5915,7.4821
5916,7.6018
5917,7.6018
5918,7.6018
5919,7.2222
5920,7.6018
5921,7.9333
5922,7.0
5923,9.0
5924,7.6018
5925,7.6018
5926,6.9091
5927,8.3333
5928,7.6018
5929,7.6018
5930,7.6018
5931,6.0
5932,5.6667
5933,7.6018
5934,7.6018
5935,7.75
5936,7.3125
5937,4.0
5938,9.1429
5939,8.0
5940,7.8571
5941,8.36
5942,8.2
5943,7.0
5944,8.2727
5945,8.3273
5946,8.1667
5947,7.6018
5948,7.6018
5949,10.0
5950,7.6018
5951,6.6
5952,7.6923
5953,7.6018
5954,8.0
5955,7.6018
5956,8.5
5957,7.8936
5958,7.4821
5959,6.8
5960,8.5333
5961,7.0
5962,8.4
5963,7.6018
5964,7.6667
5965,7.6018
5966,7.6018
5967,8.3333
5968,7.6018
5969,7.6018
5970,7.0
5971,6.0
5972,8.3913
5973,6.5
5974,7.6018
5975,8.2069
5976,6.0
5977,7.0
5978,9.0
5979,8.5
5980,7.8065
5981,7.6018
5982,7.6018
5983,7.6018
5984,7.6018
5985,7.6018
5986,7.3333
5987,8.2069
5988,7.76
5989,8.1667
5990,8.4
5991,9.0
5992,7.6018
5993,7.6018
5994,7.6018
5995,8.0652
5996,6.9167
5997,7.6018
5998,8.2632
5999,7.0
6000,6.5
6001,7.1538
6002,8.1637
6003,7.6018
6004,7.6018
6005,6.6
6006,7.8333
6007,7.6018
6008,7.6018
6009,9.0
6010,9.0
6011,8.75
6012,8.092
6013,7.2
6014,8.3333
6015,8.8571
6016,10.0
6017,5.0
6018,7.5
6019,8.0
6020,7.6018
6021,6.3333
6022,7.5385
6023,6.6667
6024,7.6018
6025,7.6018
6026,7.6018
6027,7.6018
6028,8.0
6029,7.6018
6030,4.1893
6031,7.6018
6032,8.3333
6033,7.75
6034,8.4717
6035,7.6
6036,8.0
6037,7.6018
6038,7.6018
6039,7.5
6040,7.6018
6041,6.6667
6042,7.0
6043,7.6018
6044,7.6018
6045,6.0
6046,6.875
6047,8.0
6048,7.6018
6049,7.6018
6050,7.6667
6051,9.0
6052,8.0
6053,7.6018
6054,8.5
6055,7.6018
6056,7.6018
6057,8.2857
6058,8.1667
6059,7.5217
6060,7.6018
6061,7.6018
6062,7.3333
6063,7.6018
6064,8.0
6065,5.0
6066,7.6018
6067,7.8065
6068,7.6018
6069,7.6018
6070,10.0
6071,7.75
6072,7.3
6073,7.6018
6074,7.2308
6075,7.6018
6076,7.0
6077,9.5
6078,7.6667
6079,7.6018
6080,7.8571
6081,9.7143
6082,8.0
6083,8.1667
6084,7.0
6085,7.0
6086,6.75
6087,8.6
6088,7.6018
6089,7.6018
6090,8.1519
6091,7.6018
6092,7.6018
6093,9.0
6094,8.0
6095,7.6018
6096,7.8936
6097,7.6018
6098,7.5135
6099,5.8
6100,7.6018
6101,7.25
6102,7.1923
6103,8.0
6104,8.0732
6105,4.5
6106,8.2
6107,7.6018
6108,7.4615
6109,8.2727
6110,7.6018
6111,9.5
6112,7.0588
6113,6.75
6114,8.5
6115,7.6018
6116,9.0
6117,6.45
6118,7.6018
6119,7.0
6120,7.6018
6121,6.0
6122,7.6018
6123,8.6667
6124,5.5
6125,7.6018
6126,5.0
6127,5.0
6128,10.0
6129,7.6018
6130,7.6018
6131,7.6018
6132,9.2857
6133,8.1111
6134,8.3333
6135,7.6018
6136,6.9167
6137,8.0
6138,6.0
6139,7.6018
6140,8.3333
6141,10.0
6142,8.5
6143,7.4286
6144,7.6018
6145,6.5
6146,9.3333
6147,7.0
6148,6.0
6149,7.6018
6150,7.5333
6151,7.0
6152,7.5
6153,7.6018
6154,8.7857
6155,10.0
6156,10.0
6157,6.0
6158,9.0
6159,8.2
6160,7.6018
6161,7.5278
6162,7.6018
6163,9.25
6164,7.4328
6165,7.6018
6166,7.6018
6167,7.0
6168,7.6018
6169,7.6
6170,7.8333
6171,9.0
6172,7.6018
6173,9.0
6174,7.6018
6175,7.6018
6176,7.6018
6177,7.0
6178,8.4545
6179,4.0
6180,7.6018
6181,8.0
6182,8.0
6183,7.3778
6184,7.0
6185,7.9333
6186,7.6018
6187,9.0
6188,8.5556
6189,4.0
6190,7.6018
6191,8.6
6192,8.1538
6193,7.6667
6194,9.25
6195,7.6129
6196,8.25
6197,7.6829
6198,7.6018
6199,9.0
6200,6.0
6201,7.4667
6202,7.6018
6203,7.5
6204,7.6018
6205,7.6018
6206,6.75
6207,7.6018
6208,7.0
6209,7.9545
6210,7.9437
6211,7.0
6212,8.0
6213,7.6018
6214,7.3333
6215,8.0
6216,8.0
6217,6.9565
6218,6.6
6219,7.0
6220,7.6018
6221,7.9375
6222,7.6018
6223,7.5
6224,7.0
6225,8.0
6226,7.6018
6227,7.6018
6228,7.6018
6229,6.0
6230,5.0
6231,7.4958
6232,7.2222
6233,7.6018
6234,10.0
6235,8.0
6236,8.0
6237,7.6018
6238,8.6667
6239,7.6018
6240,7.6018
6241,5.0
6242,8.5385
6243,8.1637
6244,7.6018
6245,8.6
6246,6.5
6247,7.1071
6248,7.6018
6249,7.4958
6250,7.6018
6251,8.3846
6252,7.9518
6253,7.6018
6254,7.125
6255,7.6018
6256,7.6018
6257,7.6018
6258,7.5
6259,7.1333
6260,7.5556
6261,7.6018
6262,7.0
6263,8.2121
6264,8.0
6265,7.4328
6266,8.2632
6267,6.0
6268,7.5
6269,7.5758
6270,7.6018
6271,7.7059
6272,7.6018
6273,7.6018
6274,7.6842
6275,7.0588
6276,7.6018
6277,7.6
6278,7.3333
6279,7.6667
6280,7.8667
6281,7.8936
6282,7.6018
6283,7.6018
6284,7.5
6285,7.8
6286,8.0
6287,7.6018
6288,7.6018
6289,8.5
6290,8.0
6291,7.6018
6292,4.0
6293,7.6018
6294,7.0
6295,7.6018
6296,8.2647
6297,10.0
6298,8.0
6299,7.5
6300,8.0
6301,8.5
6302,7.5
6303,6.0
6304,7.1
6305,7.6018
6306,8.0
6307,1.0
6308,7.6018
6309,7.6018
6310,9.0
6311,7.6018
6312,7.5
6313,6.6667
6314,7.6018
6315,7.6018
6316,7.6018
6317,7.6018
6318,9.0
6319,6.0
6320,7.908
6321,8.5
6322,7.6018
6323,7.6667
6324,7.6018
6325,8.6
6326,7.75
6327,7.6018
6328,7.5625
6329,8.0
6330,7.5714
6331,7.6018
6332,7.6018
6333,7.6018
6334,7.9848
6335,8.0
6336,7.6018
6337,7.6018
6338,6.5
6339,7.6018
6340,9.0
6341,7.0
6342,7.0
6343,8.1333
6344,7.6018
6345,9.0
6346,7.7857
6347,7.6018
6348,7.3333
6349,7.6018
6350,8.0
6351,7.2188
6352,8.0
6353,8.6667
6354,7.6
6355,7.6018
6356,7.6018
6357,7.6018
6358,7.6154
6359,7.6018
6360,7.6018
6361,7.6018
6362,7.6018
6363,7.6018
6364,7.6018
6365,7.6667
6366,7.6018
6367,5.0
6368,7.6018
6369,7.8333
6370,7.6018
6371,8.0
6372,7.641
6373,5.6667
6374,7.6018
6375,5.0
6376,7.6018
6377,7.6018
6378,7.6018
6379,7.6018
6380,7.6018
6381,6.0
6382,7.6018
6383,8.0
6384,7.6018
6385,8.0
6386,7.6667
6387,9.0
6388,7.6018
6389,7.6018
6390,10.0
6391,8.0
6392,6.0
6393,7.6
6394,7.6018
6395,8.1923
6396,8.4694
6397,7.8
6398,7.6018
6399,7.6018
6400,7.7143
6401,8.56
6402,2.5
6403,8.8095
6404,10.0
6405,7.6018
6406,7.8125
6407,7.6018
6408,6.2
6409,7.6018
6410,7.6018
6411,4.3333
6412,7.6018
6413,7.4762
6414,7.6018
6415,8.375
6416,7.6018
6417,6.75
6418,7.6018
6419,9.2
6420,8.8571
6421,10.0
6422,7.3333
6423,7.6018
6424,7.6018
6425,7.6018
6426,7.2857
6427,7.3333
6428,5.0
6429,7.0
6430,8.3333
6431,7.6018
6432,9.5
6433,8.0
6434,7.75
6435,6.25
6436,7.6018
6437,7.6018
6438,7.6018
6439,7.6018
6440,7.6018
6441,7.6018
6442,5.0
6443,7.6018
6444,7.3333
6445,7.6018
6446,7.0
6447,6.0
6448,5.0
6449,7.6018
6450,7.6018
6451,8.0652
6452,8.0
6453,7.6018
6454,7.6018
6455,8.8333
6456,8.5455
6457,8.0
6458,10.0
6459,7.6018
6460,7.6018
6461,7.6018
6462,8.1923
6463,7.8333
6464,8.2857
6465,7.6018
6466,7.6018
6467,7.6018
6468,10.0
6469,7.6018
6470,8.1842
6471,7.6018
6472,7.6018
6473,8.0
6474,7.0
6475,8.0
6476,7.6018
6477,7.6018
6478,7.6018
6479,6.8333
6480,7.6018
6481,8.1923
6482,6.375
6483,9.0
6484,8.0
6485,8.0
6486,8.75
6487,7.6018
6488,5.0
6489,7.6018
6490,7.75
6491,7.6018
6492,7.2
6493,7.6018
6494,7.6018
6495,6.6
6496,7.5
6497,7.0714
6498,7.6018
6499,7.6364
6500,4.0
6501,5.5
6502,7.0
6503,7.6018
6504,8.0
6505,7.6018
6506,8.0652
6507,7.5
6508,7.75
6509,9.4286
6510,7.6018
6511,8.6667
6512,8.0
6513,7.6018
6514,7.0
6515,7.6018
6516,7.6018
6517,7.6018
6518,5.0
6519,8.0526
6520,7.6018
6521,7.6018
6522,8.0
6523,7.6018
6524,7.0
6525,7.2162
6526,7.6018
6527,7.8667
6528,7.6018
6529,7.6018
6530,7.6018
6531,7.6018
6532,7.0
6533,8.56
6534,7.6018
6535,8.3333
6536,5.0
6537,8.0
6538,6.5
6539,6.5556
6540,8.0
6541,7.5
6542,9.0
6543,7.6018
6544,7.6018
6545,7.6018
6546,7.9487
6547,8.0
6548,8.6667
6549,8.5
6550,7.9545
6551,6.0
6552,7.0
6553,7.7619
6554,6.2
6555,7.6018
6556,8.1
6557,7.6018
6558,7.1923
6559,7.6018
6560,7.6018
6561,7.5
6562,7.6018
6563,6.9595
6564,7.0
6565,8.6
6566,5.0
6567,7.6018
6568,8.3333
6569,7.0
6570,8.5455
6571,7.0
6572,5.0
6573,7.6018
6574,7.6018
6575,9.0
6576,7.6018
6577,7.6018
6578,7.6018
6579,7.5714
6580,7.5
6581,7.6018
6582,8.0
6583,7.5714
6584,8.12
6585,7.6018
6586,8.1842
6587,7.6018
6588,7.5
6589,9.0
6590,7.6018
6591,7.6018
6592,6.0
6593,7.6018
6594,7.6018
6595,6.8889
6596,7.6018
6597,7.6018
6598,7.6018
6599,7.6018
6600,8.0
6601,7.6018
6602,6.2
6603,7.0
6604,7.6018
6605,7.6018
6606,7.6018
6607,7.6018
6608,7.6018
6609,7.6018
6610,7.6018
6611,8.1111
6612,7.6018
6613,7.6018
6614,7.3235
6615,10.0
6616,7.6018
6617,7.6018
6618,7.5
6619,7.6018
6620,7.6018
6621,7.1463
6622,6.4545
6623,10.0
6624,7.3235
6625,9.0
6626,7.6018
6627,8.0
6628,10.0
6629,7.6018
6630,5.0
6631,7.0
6632,7.6018
6633,7.6018
6634,7.6018
6635,7.75
6636,6.0667
6637,7.6018
6638,8.0
6639,5.9167
6640,7.0588
6641,7.0
6642,8.4286
6643,8.5
6644,7.6018
6645,8.1667
6646,7.6018
6647,8.32
6648,8.0
6649,8.3333
6650,6.5
6651,7.6018
6652,7.6018
6653,8.0
6654,7.0
6655,7.6018
6656,8.56
6657,8.0
6658,7.2609
6659,7.6018
6660,7.3333
6661,7.6018
6662,8.8
6663,9.0
6664,7.6018
6665,8.5833
6666,8.5
6667,7.6018
6668,7.6018
6669,7.6018
6670,7.6018
6671,7.9561
6672,7.6018
6673,7.6018
6674,7.5
6675,8.0
6676,7.5294
6677,8.0
6678,6.0
6679,10.0
6680,7.6018
6681,8.6
6682,10.0
6683,7.1364
6684,8.0
6685,7.6018
6686,8.3333
6687,7.9333
6688,7.0
6689,7.1667
6690,4.1893
6691,8.0
6692,4.0
6693,7.5
6694,7.8333
6695,7.6018
6696,7.6018
6697,8.0
6698,6.6667
6699,7.6018
6700,7.2222
6701,7.6018
6702,7.2308
6703,7.6018
6704,7.6018
6705,7.8
6706,9.0
6707,6.0
6708,8.0
6709,7.2162
6710,7.6018
6711,7.3333
6712,7.6018
6713,7.6018
6714,4.1893
6715,7.5
6716,7.6018
6717,7.6018
6718,7.6018
6719,7.6018
6720,6.6667
6721,8.6667
6722,7.6018
6723,8.0
6724,4.1893
6725,7.0
6726,7.6018
6727,8.8
6728,7.8571
6729,7.6018
6730,8.5
6731,7.6018
6732,6.8571
6733,7.6018
6734,7.4688
6735,8.75
6736,9.4
6737,8.0
6738,4.1893
6739,7.6018
6740,7.125
6741,6.6667
6742,7.0
6743,7.75
6744,8.3333
6745,7.65
6746,8.0833
6747,5.25
6748,7.5
6749,7.6018
6750,7.6018
6751,7.6018
6752,10.0
6753,7.6018
6754,7.0
6755,7.3333
6756,7.1667
6757,7.6
6758,7.6018
6759,7.6018
6760,8.2632
6761,7.4
6762,7.9118
6763,7.6018
6764,8.0
6765,8.2647
6766,8.4167
6767,7.6018
6768,7.1212
6769,7.6018
6770,7.9518
6771,7.875
6772,7.6018
6773,8.5385
6774,5.0
6775,7.6018
6776,7.6018
6777,7.5
6778,7.6018
6779,9.0
6780,7.0
6781,7.6018
6782,6.7143
6783,7.0
6784,7.6018
6785,8.0
6786,6.8333
6787,7.5714
6788,7.6018
6789,7.6018
6790,7.6018
6791,8.5
6792,9.0
6793,7.6018
6794,6.5
6795,9.2
6796,7.6018
6797,7.75
6798,7.6018
6799,9.5
6800,7.6018
6801,8.25
6802,7.0
6803,7.5909
6804,9.5
6805,7.6018
6806,7.6018
6807,7.6018
6808,8.04
6809,7.0
6810,7.5
6811,7.6018
6812,7.6018
6813,7.36
6814,6.375
6815,7.6018
6816,8.5
6817,7.9048
6818,8.2
6819,10.0
6820,7.0
6821,7.6018
6822,8.0
6823,7.4659
6824,7.6018
6825,7.6018
6826,8.1637
6827,8.0526
6828,8.0
6829,7.6018
6830,7.8
6831,7.6018
6832,7.3191
6833,7.0
6834,7.6018
6835,8.2217
6836,7.6667
6837,7.6018
6838,7.6018
6839,7.6018
6840,8.0
6841,7.6
6842,7.25
6843,7.6018
6844,7.6018
6845,7.6018
6846,6.0
6847,7.9091
6848,7.5
6849,7.6018
6850,7.8
6851,9.125
6852,7.0
6853,8.0652
6854,7.4
6855,7.5
6856,8.5
6857,8.25
6858,7.5424
6859,7.6018
6860,10.0
6861,7.6018
6862,7.6018
6863,7.6018
6864,9.0
6865,7.4167
6866,7.6018
6867,7.9118
6868,4.0
6869,10.0
6870,9.0
6871,10.0
6872,7.6018
6873,1.0
6874,7.6018
6875,7.6018
6876,9.0
6877,9.0
6878,8.0
6879,7.6018
6880,7.6018
6881,7.3548
6882,7.6667
6883,5.0
6884,7.8
6885,7.6018
6886,7.75
6887,7.6018
6888,7.1
6889,8.0
6890,6.5
6891,7.6018
6892,7.6018
6893,8.0625
6894,8.75
6895,7.6018
6896,5.6667
6897,7.5652
6898,7.6018
6899,7.1667
6900,7.6018
6901,8.0
6902,7.6018
6903,7.6018
6904,9.0
6905,7.6018
6906,8.0
6907,9.5333
6908,7.6018
6909,7.0
6910,7.7826
6911,7.6018
6912,7.908
6913,10.0
6914,6.0
6915,7.6018
6916,8.0
6917,7.3333
6918,6.0
6919,4.1893
6920,8.2632
6921,6.0625
6922,8.4167
6923,7.6018
6924,7.6018
6925,6.9091
6926,6.5
6927,7.6018
6928,7.6018
6929,7.6018
6930,7.6018
6931,4.1893
6932,7.0
6933,5.0
6934,9.0
6935,7.5
6936,7.0571
6937,7.1429
6938,5.0
6939,9.0
6940,7.6018
6941,7.6018
6942,7.9333
6943,7.6018
6944,7.6018
6945,9.2727
6946,7.6018
6947,8.7609
6948,7.5556
6949,7.6018
6950,6.0
6951,7.6018
6952,7.6018
6953,6.875
6954,7.0
6955,9.5333
6956,7.0
6957,7.6018
6958,7.5
6959,6.5
6960,8.0
6961,7.0
6962,7.6018
6963,7.1923
6964,5.0
6965,6.6667
6966,9.0
6967,8.2353
6968,8.1111
6969,7.6018
6970,6.375
6971,7.6018
6972,7.6018
6973,6.5
6974,7.2
6975,7.6018
6976,7.25
6977,7.3333
6978,7.1667
6979,6.75
6980,6.0
6981,8.6667
6982,8.0
6983,7.6018
6984,9.0
6985,8.0
6986,8.5
6987,7.6018
6988,9.0
6989,7.6018
6990,7.6018
6991,7.8
6992,7.0
6993,5.0
6994,7.6018
6995,6.4
6996,8.1333
6997,6.8
6998,7.6018
6999,10.0
7000,7.6018
7001,7.6018
7002,8.25
7003,7.6018
7004,6.8571
7005,7.6018
7006,9.1667
7007,7.3462
7008,7.6018
7009,9.0
7010,7.67
7011,8.3333
7012,7.0
7013,7.6018
7014,6.75
7015,7.6018
7016,7.6018
7017,7.6018
7018,7.6018
7019,8.36
7020,7.4706
7021,7.9518
7022,7.6018
7023,7.6018
7024,7.6018
7025,7.1538
7026,5.0
7027,8.0435
7028,7.6018
7029,7.6018
7030,10.0
7031,8.5
7032,8.0
7033,7.9508
7034,7.6018
7035,7.6018
7036,7.0
7037,9.1667
7038,8.25
7039,7.6018
7040,7.8913
7041,7.1013
7042,7.6018
7043,8.5
7044,7.6018
7045,7.0
7046,7.6018
7047,10.0
7048,8.0
7049,5.0
7050,9.3333
7051,10.0
7052,7.6018
7053,8.0
7054,8.0
7055,7.6018
7056,7.0
7057,7.0
7058,7.6018
7059,7.6018
7060,7.871
7061,7.9375
7062,7.6018
7063,7.6018
7064,7.7348
7065,7.6018
7066,7.3548
7067,8.3333
7068,5.0
7069,8.1
7070,8.3333
7071,5.5
7072,7.7667
7073,8.5
7074,6.1667
7075,7.6018
7076,7.6018
7077,7.8
7078,7.6018
7079,8.0435
7080,6.0
7081,7.75
7082,7.5
7083,10.0
7084,8.2414
7085,7.8936
7086,7.3333
7087,8.1613
7088,8.2217
7089,7.0
7090,7.6829
7091,8.0
7092,7.6667
7093,7.6018
7094,8.0
7095,7.6018
7096,7.0
7097,7.6018
7098,7.2069
7099,7.6018
7100,7.6018
7101,7.0
7102,9.25
7103,7.6018
7104,7.5
7105,8.4286
7106,7.6018
7107,8.4717
7108,7.25
7109,7.6018
7110,7.0
7111,7.6018
7112,7.5
7113,8.5
7114,7.8333
7115,8.0
7116,8.6
7117,7.6018
7118,7.6018
7119,5.0
7120,8.092
7121,7.6018
7122,7.9333
7123,7.6018
7124,7.6018
7125,7.6018
7126,7.6018
7127,10.0
7128,7.6018
7129,7.6018
7130,8.0
7131,7.9231
7132,7.6018
7133,7.6667
7134,8.6667
7135,6.8571
7136,7.6018
7137,10.0
7138,7.0
7139,7.6018
7140,8.4
7141,8.8333
7142,7.6018
7143,7.5
7144,7.6018
7145,8.5
7146,7.0435
7147,8.0
7148,8.0
7149,10.0
7150,8.0
7151,8.1176
7152,7.6018
7153,7.0
7154,7.6018
7155,10.0
7156,7.6018
7157,7.0
7158,6.3333
7159,7.6018
7160,8.0
7161,7.6018
7162,6.0
7163,7.6018
7164,6.8333
7165,8.0
7166,7.0
7167,6.0
7168,7.6018
7169,10.0
7170,9.0
7171,7.6018
7172,7.6018
7173,7.6018
7174,7.25
7175,8.0
7176,7.641
7177,9.2
7178,7.6018
7179,7.5417
7180,7.6018
7181,8.2
7182,7.0
7183,7.6018
7184,7.25
7185,7.6018
7186,6.6667
7187,7.6018
7188,9.1667
7189,7.3333
7190,8.0
7191,7.0
7192,7.8
7193,8.2121
7194,7.241
7195,7.6018
7196,7.6018
7197,9.0
7198,8.0
7199,7.6018
7200,5.0
7201,8.0
7202,7.6018
7203,7.375
7204,7.6018
7205,7.6018
7206,7.6018
7207,7.3333
7208,10.0
7209,8.0
7210,7.8333
7211,10.0
7212,7.5
7213,7.0
7214,8.5
7215,7.6018
7216,7.6018
7217,9.0
7218,7.0
7219,8.0
7220,7.6018
7221,7.4615
7222,6.5
7223,7.0
7224,8.2143
7225,9.0
7226,7.6018
7227,8.4444
7228,7.6018
7229,7.6018
7230,6.0
7231,7.6018
7232,8.25
7233,7.6018
7234,7.6018
7235,7.6018
7236,7.6018
7237,8.1667
7238,8.0
7239,7.6018
7240,7.6018
7241,7.6018
7242,7.6018
7243,7.6018
7244,7.6018
7245,8.9286
7246,7.6018
7247,7.6018
7248,7.6018
7249,9.6667
7250,7.6018
7251,3.0
7252,8.0
7253,7.6018
7254,7.6018
7255,7.6018
7256,7.75
7257,8.2217
7258,7.6018
7259,9.0
7260,7.6018
7261,7.75
7262,8.9
7263,9.0
7264,7.5
7265,10.0
7266,8.125
7267,6.7692
7268,7.6018
7269,7.6018
7270,7.6018
7271,6.6667
7272,8.0
7273,10.0
7274,7.6018
7275,8.0
7276,8.1538
7277,5.0
7278,7.7727
7279,7.6018
7280,8.7143
7281,7.6018
7282,7.6018
7283,7.6018
7284,7.4821
7285,8.5
7286,7.6018
7287,7.6018
7288,7.6018
7289,8.4
7290,9.0
7291,8.1637
7292,7.6018
7293,8.3333
7294,6.0
7295,7.8936
7296,7.6018
7297,8.4
7298,9.0
7299,8.0
7300,10.0
7301,7.6018
7302,7.0
7303,7.8571
7304,7.6018
7305,7.6018
7306,8.6
7307,7.5455
7308,6.0
7309,7.75
7310,6.0
7311,7.717
7312,7.4615
7313,7.5362
7314,7.6018
7315,7.9615
7316,9.0
7317,8.6667
7318,7.6667
7319,7.5
7320,9.0
7321,8.5
7322,7.3333
7323,7.6018
7324,7.3333
7325,10.0
7326,5.0
7327,7.6018
7328,8.4
7329,9.1
7330,7.6018
7331,7.6667
7332,7.6018
7333,7.3333
7334,10.0
7335,8.0
7336,7.8
7337,5.0
7338,7.0435
7339,7.6018
7340,5.0
7341,7.6018
7342,7.6018
7343,5.5
7344,7.0
7345,7.6018
7346,7.6018
7347,5.0
7348,8.4762
7349,7.6018
7350,7.0
7351,10.0
7352,7.6018
7353,7.3333
7354,7.6018
7355,9.0
7356,7.6018
7357,9.0
7358,6.2
7359,10.0
7360,8.0
7361,7.6018
7362,7.0
7363,7.5385
7364,7.871
7365,6.3684
7366,7.6018
7367,7.6018
7368,10.0
7369,7.0
7370,7.6018
7371,6.5
7372,7.6018
7373,7.9561
7374,7.6018
7375,7.6018
7376,8.2143
7377,8.0
7378,7.0784
7379,9.0
7380,7.6018
7381,7.6018
7382,7.6018
7383,5.5
7384,7.0714
7385,6.7143
7386,7.6018
7387,6.9091
7388,7.6018
7389,7.6018
7390,7.6018
7391,7.6018
7392,7.6018
7393,7.6018
7394,7.6018
7395,7.3235
7396,7.6018
7397,6.25
7398,10.0
7399,7.6018
7400,5.0
7401,7.6018
7402,5.0
7403,7.0
7404,7.6018
7405,7.6018
7406,7.6018
7407,8.0
7408,7.6018
7409,6.0
7410,4.1893
7411,6.6111
7412,7.6018
7413,9.1667
7414,7.1538
7415,7.6018
7416,6.5
7417,8.2727
7418,8.0
7419,6.0
7420,7.6018
7421,6.9231
7422,7.5424
7423,7.4615
7424,7.6018
7425,7.6018
7426,6.0
7427,7.0
7428,6.5
7429,7.6018
7430,6.0
7431,7.6018
7432,9.25
7433,8.4333
7434,7.0
7435,7.36
7436,7.6018
7437,7.6018
7438,7.0
7439,7.6018
7440,7.8889
7441,7.6018
7442,7.0784
7443,7.6018
7444,7.6018
7445,9.0
7446,8.5
7447,7.6018
7448,7.6018
7449,8.0
7450,9.0
7451,6.7143
7452,8.5556
7453,7.6018
7454,7.6018
7455,7.6018
7456,7.75
7457,7.6018
7458,7.5
7459,8.1667
7460,7.6018
7461,7.6018
7462,7.6018
7463,5.0
7464,7.6018
7465,7.6018
7466,7.0
7467,9.0
7468,6.0
7469,7.6018
7470,7.6018
7471,8.4444
7472,7.6018
7473,7.6018
7474,7.6018
7475,7.5333
7476,7.0
7477,7.5
7478,7.6018
7479,8.1637
7480,7.4286
7481,7.5362
7482,7.6018
7483,10.0
7484,7.6018
7485,7.6018
7486,7.0
7487,6.75
7488,7.6018
7489,7.0
7490,6.5
7491,7.9048
7492,7.6018
7493,7.6018
7494,9.0
7495,8.5556
7496,4.0
7497,7.5714
7498,8.0
7499,6.6923
7500,9.2
7501,7.3333
7502,7.6667
7503,7.6018
7504,9.0
7505,8.4
7506,7.6018
7507,7.6018
7508,5.0
7509,7.6018
7510,8.3333
7511,7.6018
7512,7.6018
7513,7.6018
7514,7.6018
7515,8.0
7516,7.6018
7517,8.1667
7518,7.6018
7519,4.75
7520,8.1724
7521,8.25
7522,7.6018
7523,7.0
7524,7.6018
7525,7.3333
7526,7.6018
7527,4.0
7528,7.6018
7529,7.6018
7530,10.0
7531,7.6018
7532,7.6018
7533,9.0
7534,7.6018
7535,7.6018
7536,7.6018
7537,9.5
7538,8.0
7539,8.5
7540,8.5
7541,7.6018
7542,8.0
7543,7.3333
7544,6.3333
7545,5.0
7546,7.6018
7547,6.0
7548,8.0
7549,8.0
7550,6.5
7551,8.75
7552,7.6018
7553,7.3235
7554,6.8571
7555,7.0
7556,7.6018
7557,8.0
7558,7.6018
7559,7.6018
7560,7.2453
7561,10.0
7562,7.6018
7563,8.8
7564,9.0
7565,8.1
7566,6.0
7567,7.6018
7568,6.0
7569,8.1538
7570,7.6018
7571,4.6667
7572,8.8182
7573,8.0
7574,7.6018
7575,7.7667
7576,7.9561
7577,7.6018
7578,7.6018
7579,7.6018
7580,7.6018
7581,7.5455
7582,7.7273
7583,7.6018
7584,7.6018
7585,7.6018
7586,5.0
7587,10.0
7588,7.9048
7589,7.6018
7590,7.6018
7591,7.6018
7592,7.3333
7593,7.4667
7594,6.5
7595,8.3333
7596,7.6018
7597,10.0
7598,8.0
7599,7.5
7600,8.6
7601,7.6018
7602,7.6018
7603,7.8
7604,7.6018
7605,7.3
7606,6.7143
7607,6.5
7608,7.6018
7609,7.6018
7610,7.6018
7611,7.3333
7612,7.6018
7613,8.4286
7614,6.8
7615,7.6018
7616,7.5
7617,7.2857
7618,7.6667
7619,7.6018
7620,7.25
7621,9.0
7622,7.6018
7623,7.3333
7624,7.4958
7625,7.6018
7626,7.6018
7627,7.5625
7628,7.6018
7629,7.5312
7630,7.7222
7631,7.6018
7632,7.6452
7633,7.6018
7634,9.0
7635,7.8333
7636,9.0862
7637,10.0
7638,10.0
7639,7.3333
7640,9.7692
7641,7.6667
7642,8.0
7643,7.8125
7644,7.0667
7645,5.0
7646,5.5625
7647,7.6018
7648,9.2222
7649,8.0
7650,7.6018
7651,7.6018
7652,9.0
7653,7.875
7654,7.6018
7655,7.6018
7656,8.7
7657,8.0
7658,10.0
7659,7.6018
7660,7.6018
7661,7.0
7662,10.0
7663,7.6018
7664,7.6667
7665,8.0
7666,7.6018
7667,7.6018
7668,9.3333
7669,8.1667
7670,9.0
7671,7.6018
7672,7.5
7673,7.875
7674,4.0
7675,7.4
7676,8.0
7677,7.6018
7678,7.6018
7679,7.0
7680,7.6018
7681,7.6018
7682,7.6018
7683,6.7273
7684,7.0784
7685,7.8333
7686,7.25
7687,8.5
7688,7.0
7689,7.3333
7690,7.6018
7691,7.6018
7692,6.3333
7693,7.6018
7694,7.6018
7695,7.6018
7696,6.5938
7697,8.0
7698,7.6018
7699,8.0
7700,8.0
7701,2.0
7702,7.6018
7703,7.6667
7704,8.9
7705,7.0
7706,7.6018
7707,7.6018
7708,6.0
7709,7.3333
7710,7.9231
7711,7.7348
7712,7.6018
7713,7.6018
7714,7.6018
7715,7.8065
7716,6.0
7717,6.6667
7718,9.4286
7719,7.6018
7720,7.6018
7721,7.6018
7722,7.6018
7723,7.6018
7724,7.6018
7725,7.6018
7726,7.6018
7727,6.0
7728,7.6018
7729,8.0
7730,5.0
7731,8.375
7732,9.0
7733,9.0
7734,7.6018
7735,7.8936
7736,7.6018
7737,8.5556
7738,7.6018
7739,9.0
7740,10.0
7741,4.1893
7742,7.6018
7743,8.2
7744,7.6018
7745,8.2222
7746,7.6018
7747,7.6018
7748,7.4821
7749,7.2
7750,7.6018
7751,7.6018
7752,7.6018
7753,9.0
7754,9.0
7755,7.8
7756,6.7692
7757,7.6018
7758,7.6018
7759,7.6018
7760,7.3333
7761,7.6018
7762,8.0526
7763,7.4958
7764,7.0
7765,6.5
7766,6.0
7767,9.0
7768,7.75
7769,7.6667
7770,7.625
7771,7.8065
7772,7.6018
7773,8.0
7774,9.5
7775,6.75
7776,8.0
7777,7.6018
7778,7.6018
7779,7.6018
7780,7.6018
7781,7.6018
7782,7.6018
7783,7.6018
7784,7.6018
7785,5.0
7786,7.6018
7787,7.6018
7788,8.1818
7789,8.0513
7790,7.6018
7791,8.6
7792,7.6018
7793,7.5424
7794,8.0
7795,8.2
7796,7.6018
7797,8.2
7798,7.6018
7799,7.6018
7800,7.6018
7801,5.0
7802,9.0862
7803,7.4958
7804,7.6667
7805,6.6
7806,7.6018
7807,7.5
7808,8.5455
7809,7.6018
7810,7.6018
7811,7.6018
7812,7.75
7813,9.0
7814,7.375
7815,7.6018
7816,6.4
7817,7.6018
7818,8.4694
7819,6.2
7820,8.75
7821,8.0
7822,7.3333
7823,7.25
7824,6.4545
7825,7.1463
7826,9.2
7827,8.3333
7828,7.6018
7829,7.6018
7830,7.8
7831,7.1071
7832,7.8125
7833,8.3
7834,6.375
7835,9.0
7836,7.6018
7837,7.9091
7838,7.6018
7839,7.6757
7840,7.6018
7841,5.5
7842,7.6018
7843,7.6018
7844,7.0
7845,7.6018
7846,8.1667
7847,7.6018
7848,7.6018
7849,8.0
7850,7.6018
7851,8.6
7852,7.6018
7853,7.2
7854,7.0
7855,7.1818
7856,9.0
7857,7.6018
7858,7.8571
7859,8.4
7860,5.0
7861,7.6018
7862,8.0652
7863,7.6018
7864,7.6018
7865,7.6018
7866,10.0
7867,7.8
7868,8.3
7869,7.2222
7870,8.4
7871,7.6018
7872,7.0
7873,6.0
7874,6.0
7875,4.75
7876,6.75
7877,8.6667
7878,7.6018
7879,5.5
7880,6.0
7881,7.75
7882,7.6018
7883,8.2
7884,9.2857
7885,7.6018
7886,7.6018
7887,7.6018
7888,7.6018
7889,8.0
7890,7.1013
7891,7.6018
7892,7.0
7893,7.75
7894,7.0
7895,9.0
7896,7.45
7897,7.75
7898,7.6018
7899,7.6018
7900,7.6667
7901,7.0714
7902,7.6018
7903,6.0
7904,7.6018
7905,9.0
7906,7.5
7907,7.45
7908,7.6018
7909,8.0
7910,7.6018
7911,7.6018
7912,10.0
7913,6.0
7914,8.5455
7915,4.1893
7916,8.5
7917,7.6018
7918,6.0
7919,8.5
7920,7.25
7921,8.5
7922,7.6018
7923,7.6018
7924,7.6018
7925,7.6667
7926,7.6018
7927,7.908
7928,7.0
7929,8.0652
7930,7.6018
7931,7.908
7932,8.25
7933,7.4706
7934,7.6018
7935,8.8333
7936,7.4444
7937,7.0
7938,7.6018
7939,7.6018
7940,5.6667
7941,8.0
7942,7.0
7943,7.6018
7944,6.9792
7945,6.0
7946,7.3
7947,7.6018
7948,8.2308
7949,7.2222
7950,7.6018
7951,8.1637
7952,8.0976
7953,6.4
7954,7.0
7955,7.6018
7956,8.0
7957,7.6018
7958,7.6018
7959,7.6018
7960,8.0
7961,10.0
7962,7.6018
7963,10.0
7964,6.8571
7965,7.0
7966,7.6018
7967,7.0
7968,4.0
7969,7.6018
7970,7.6018
7971,7.0
7972,7.0
7973,7.6018
7974,7.7045
7975,7.6018
7976,7.6018
7977,7.6018
7978,7.6018
7979,7.0
7980,5.0
7981,5.0
7982,7.5385
7983,7.6018
7984,7.6018
7985,6.6667
7986,7.6018
7987,5.0
7988,7.6018
7989,8.0
7990,7.5
7991,4.0
7992,7.6018
7993,7.6018
7994,7.6018
7995,7.6018
7996,7.6018
7997,7.6018
7998,8.6667
7999,8.5
8000,8.2857
8001,6.0
8002,6.9167
8003,7.6018
8004,7.6018
8005,9.2
8006,7.6667
8007,6.5
8008,7.5758
8009,7.6018
8010,7.6018
8011,7.6018
8012,7.5
8013,7.6018
8014,7.0
8015,8.4
8016,7.2
8017,7.6018
8018,7.6018
8019,7.6018
8020,7.6018
8021,7.6018
8022,7.6018
8023,7.6018
8024,8.0
8025,7.6018
8026,8.4694
8027,7.7273
8028,7.75
8029,7.6018
8030,7.0833
8031,7.8571
8032,7.9561
8033,8.4444
8034,8.0
8035,8.0
8036,3.0
8037,7.6018
8038,6.8
8039,6.2
8040,7.0
8041,7.6018
8042,4.1893
8043,5.75
8044,8.381
8045,7.1013
8046,7.6018
8047,7.0
8048,7.9545
8049,7.6018
8050,7.6018
8051,8.6667
8052,7.0
8053,7.6018
8054,6.5
8055,5.875
8056,8.1519
8057,8.3793
8058,8.6667
8059,7.0
8060,8.6667
8061,7.6018
8062,8.2217
8063,10.0
8064,7.6018
8065,7.67
8066,10.0
8067,7.6018
8068,7.6018
8069,8.1637
8070,7.6018
8071,6.0
8072,8.125
8073,7.6018
8074,9.2
8075,7.6018
8076,10.0
8077,8.9286
8078,7.6018
8079,6.0
8080,7.6018
8081,7.625
8082,7.6018
8083,8.7667
8084,8.1429
8085,7.6018
8086,7.0
8087,7.6018
8088,9.6667
8089,8.3793
8090,7.6018
8091,6.8
8092,8.4615
8093,8.3333
8094,8.1667
8095,7.6018
8096,9.0
8097,8.6667
8098,7.4828
8099,7.9561
8100,7.6018
8101,10.0
8102,7.75
8103,7.6018
8104,8.2222
8105,8.0
8106,7.6018
8107,7.0
8108,7.6018
8109,9.0
8110,8.4717
8111,8.75
8112,7.6018
8113,7.6018
8114,9.0
8115,7.6018
8116,7.6018
8117,7.6018
8118,7.4958
8119,7.6018
8120,7.6018
8121,9.0
8122,7.6018
8123,7.6018
8124,6.8
8125,7.6018
8126,7.6842
8127,7.6018
8128,7.6018
8129,8.0
8130,7.5
8131,8.6154
8132,8.0
8133,6.6667
8134,7.6018
8135,7.6018
8136,7.6018
8137,4.1893
8138,9.0
8139,7.6018
8140,7.6018
8141,7.9561
8142,7.6018
8143,7.9437
8144,7.0
8145,8.3333
8146,7.6018
8147,7.6018
8148,7.8889
8149,7.6018
8150,6.0
8151,7.6018
8152,7.6018
8153,7.6018
8154,7.6018
8155,7.6018
8156,7.6018
8157,7.6018
8158,7.6018
8159,7.6667
8160,7.8
8161,7.6018
8162,7.0
8163,7.6018
8164,9.3333
8165,8.0
8166,7.6018
8167,7.6018
8168,7.6018
8169,7.6452
8170,7.7348
8171,3.0
8172,5.6667
8173,7.75
8174,7.6018
8175,7.5333
8176,7.6018
8177,7.6018
8178,7.6018
8179,7.6018
8180,7.0
8181,9.0
8182,7.0
8183,7.6018
8184,8.0
8185,7.8
8186,9.0
8187,7.0
8188,7.6018
8189,7.2444
8190,7.6018
8191,8.1637
8192,9.5
8193,7.6018
8194,7.6018
8195,9.0
8196,7.9231
8197,7.6018
8198,7.6018
8199,7.1923
8200,7.6667
8201,10.0
8202,7.0
8203,7.6667
8204,7.6018
8205,7.6018
8206,7.6018
8207,7.6018
8208,7.0
8209,7.6018
8210,6.0
8211,7.9474
8212,10.0
8213,7.6018
8214,7.6018
8215,8.0
8216,10.0
8217,7.67
8218,7.6018
8219,7.6018
8220,8.4717
8221,7.0
8222,7.6018
8223,7.6018
8224,5.3333
8225,7.6018
8226,7.375
8227,8.0976
8228,7.6018
8229,7.67
8230,8.0652
8231,7.6018
8232,7.6018
8233,7.2453
8234,6.6
8235,7.8333
8236,7.0
8237,8.3333
8238,7.6018
8239,7.6018
8240,8.0
8241,7.0
8242,7.6018
8243,7.6018
8244,8.0
8245,7.6
8246,7.0
8247,4.1893
8248,7.0
8249,8.5
8250,7.6018
8251,7.8667
8252,7.6018
8253,7.6018
8254,7.3548
8255,7.6018
8256,7.6018
8257,8.0
8258,7.6018
8259,8.0
8260,9.0
8261,7.6018
8262,7.6018
8263,6.0
8264,7.6018
8265,6.0
8266,7.6018
8267,8.0
8268,7.6018
8269,7.9231
8270,6.9565
8271,7.6018
8272,7.6018
8273,7.6018
8274,8.5
8275,4.1893
8276,7.5
8277,7.6018
8278,7.6018
8279,7.6018
8280,7.6
8281,7.6018
8282,7.4667
8283,9.0
8284,7.8667
8285,7.0
8286,7.8125
8287,10.0
8288,6.5
8289,7.6018
8290,7.67
8291,6.0
8292,10.0
8293,7.7692
8294,7.6
8295,8.0
8296,7.6018
8297,8.3333
8298,7.6018
8299,7.0
8300,7.6018
8301,9.0
8302,8.0
8303,7.0
8304,3.0
8305,7.6018
8306,7.6018
8307,7.6018
8308,8.7
8309,7.6018
8310,6.8333
8311,2.0
8312,7.5
8313,7.6018
8314,7.6018
8315,7.6018
8316,8.8333
8317,8.0732
8318,7.6018
8319,7.6018
8320,7.0
8321,7.7143
8322,7.6018
8323,7.6018
8324,8.0909
8325,8.2217
8326,8.0513
8327,7.6018
8328,8.5714
8329,7.7778
8330,9.0
8331,9.0
8332,7.6018
8333,7.3
8334,7.6018
8335,7.6875
8336,7.6018
8337,7.6018
8338,7.0
8339,7.6018
8340,7.3846
8341,7.6018
8342,7.2444
8343,7.8
8344,7.0
8345,7.6018
8346,7.3571
8347,6.5
8348,8.0
8349,7.6018
8350,8.2
8351,7.2
8352,7.6018
8353,6.625
8354,7.6667
8355,8.0652
8356,7.6018
8357,7.3333
8358,10.0
8359,7.6018
8360,7.6018
8361,7.0
8362,7.6018
8363,6.6667
8364,7.6018
8365,8.5
8366,7.6018
8367,9.0
8368,7.1111
8369,7.6018
8370,8.0
8371,7.75
8372,7.6018
8373,2.0
8374,7.6018
8375,7.6018
8376,7.5362
8377,8.2217
8378,7.6018
8379,7.6018
8380,7.6018
8381,7.6018
8382,7.6018
8383,6.25
8384,7.7045
8385,6.0
8386,7.6018
8387,7.6018
8388,7.6018
8389,5.0
8390,6.9444
8391,7.6018
8392,7.6018
8393,7.6018
8394,8.0
8395,5.0
8396,7.6018
8397,9.0
8398,7.6018
8399,8.3939
8400,8.3846
8401,8.0
8402,7.4286
8403,7.6018
8404,8.75
8405,8.3333
8406,6.0
8407,7.7333
8408,7.6018
8409,10.0
8410,7.6018
8411,7.75
8412,6.9231
8413,7.3462
8414,6.875
8415,7.6018
8416,7.6018
8417,4.1893
8418,9.5
8419,7.6018
8420,8.092
8421,7.0
8422,7.875
8423,7.3333
8424,5.0
8425,7.5
8426,8.0435
8427,7.6018
8428,8.5714
8429,8.0
8430,7.3333
8431,6.0
8432,10.0
8433,7.6018
8434,7.6018
8435,7.1333
8436,7.6018
8437,7.6018
8438,7.717
8439,7.7778
8440,7.6018
8441,7.6018
8442,9.0
8443,7.6018
8444,9.2
8445,7.4
8446,8.3333
8447,5.5
8448,7.6018
8449,6.7778
8450,7.2444
8451,7.5
8452,6.5
8453,8.1
8454,6.6
8455,9.0
8456,7.6018
8457,6.0556
8458,7.1
8459,7.871
8460,8.5
8461,7.6018
8462,8.0476
8463,9.0
8464,4.1893
8465,8.75
8466,7.6018
8467,7.6018
8468,7.6018
8469,7.8125
8470,7.6018
8471,7.6018
8472,7.6018
8473,8.0652
8474,7.6018
8475,7.6018
8476,7.0
8477,7.6018
8478,9.0
8479,8.5
8480,7.2
8481,7.6667
8482,7.6018
8483,6.6667
8484,7.3438
8485,7.6018
8486,7.6018
8487,7.95
8488,7.0
8489,7.8333
8490,7.6018
8491,8.4545
8492,8.0
8493,8.75
8494,10.0
8495,7.6018
8496,10.0
8497,7.5385
8498,6.75
8499,7.6018
8500,8.0
8501,8.75
8502,7.6018
8503,8.2217
8504,7.6018
8505,4.3333
8506,8.5
8507,10.0
8508,7.6018
8509,7.6018
8510,8.0
8511,7.6018
8512,7.6018
8513,8.5
8514,7.1667
8515,7.6018
8516,8.0
8517,7.1429
8518,7.6018
8519,8.6842
8520,7.0
8521,7.6018
8522,7.6667
8523,9.4
8524,7.6018
8525,7.5455
8526,7.6018
8527,7.6018
8528,7.6018
8529,7.6018
8530,8.4694
8531,7.6018
8532,7.6018
8533,7.6018
8534,7.5
8535,7.5
8536,7.6018
8537,7.75
8538,7.6018
8539,6.97
8540,7.6018
8541,6.25
8542,7.6018
8543,7.5833
8544,6.5
8545,8.1923
8546,7.5
8547,7.6018
8548,7.6018
8549,7.6018
8550,6.7143
8551,8.1538
8552,6.8966
8553,7.6018
8554,7.6018
8555,7.0
8556,7.6018
8557,7.0
8558,7.6018
8559,7.6018
8560,7.5556
8561,9.0
8562,8.0
8563,7.6018
8564,7.6757
8565,6.0
8566,7.75
8567,7.6018
8568,9.0
8569,5.0
8570,7.0
8571,7.6018
8572,7.8913
8573,7.6018
8574,7.6018
8575,8.4444
8576,8.0
8577,9.5
8578,6.5
8579,7.75
8580,7.4
8581,7.6018
8582,7.36
8583,8.0
8584,7.0
8585,7.7143
8586,7.3438
8587,7.6018
8588,7.0
8589,6.75
8590,7.6018
8591,7.6018
8592,7.6018
8593,7.5238
8594,7.6018
8595,7.6018
8596,7.6018
8597,7.6018
8598,7.6018
8599,7.6018
8600,7.6018
8601,8.5
8602,7.3125
8603,8.6
8604,8.6
8605,8.75
8606,7.6018
8607,8.0
8608,7.6018
8609,6.3333
8610,9.0
8611,7.6018
8612,7.6018
8613,6.4545
8614,7.4958
8615,8.6
8616,7.5
8617,9.0
8618,7.0
8619,7.6018
8620,9.0
8621,7.2
8622,7.7778
8623,6.0
8624,6.4
8625,7.8889
8626,7.6018
8627,8.3333
8628,7.6018
8629,7.6018
8630,7.6018
8631,6.6667
8632,8.5
8633,8.5
8634,7.6018
8635,7.6018
8636,9.0
8637,8.5
8638,6.5
8639,9.0
8640,6.5
8641,8.5
8642,7.0
8643,7.6018
8644,7.6018
8645,7.8889
8646,6.75
8647,7.6018
8648,7.6018
8649,7.6018
8650,7.6018
8651,7.6018
8652,7.4706
8653,7.6018
8654,7.5
8655,7.0
8656,7.1667
8657,8.0976
8658,8.125
8659,8.0
8660,7.6018
8661,8.0
8662,8.6667
8663,7.0
8664,7.6018
8665,8.125
8666,8.0
8667,8.4762
8668,8.0
8669,7.5
8670,7.6018
8671,7.6018
8672,5.0
8673,7.6018
8674,7.6018
8675,5.5
8676,7.9231
8677,7.6018
8678,7.6018
8679,8.2353
8680,7.6018
8681,7.6018
8682,7.6018
8683,8.4
8684,7.6018
8685,7.6018
8686,7.6018
8687,10.0
8688,7.8667
8689,7.1667
8690,8.08
8691,10.0
8692,7.8913
8693,7.6018
8694,7.36
8695,7.6018
8696,7.6018
8697,10.0
8698,7.6018
8699,7.6018
8700,7.5
8701,7.6018
8702,7.6018
8703,7.6018
8704,7.6018
8705,7.5
8706,3.0
8707,7.6018
8708,6.0
8709,7.75
8710,7.6018
8711,7.6018
8712,9.0
8713,7.6018
8714,7.0
8715,8.0
8716,7.2941
8717,7.6018
8718,7.908
8719,10.0
8720,8.0513
8721,9.5
8722,7.6018
8723,7.6018
8724,7.6018
8725,7.6018
8726,10.0
8727,7.6018
8728,5.0
8729,5.6
8730,7.2593
8731,10.0
8732,8.5294
8733,7.6018
8734,7.6018
8735,7.2857
8736,7.6018
8737,7.6018
8738,8.2
8739,8.5
8740,7.3333
8741,7.6018
8742,8.25
8743,7.6018
8744,7.0
8745,7.6018
8746,8.4667
8747,7.6018
8748,8.0
8749,8.8889
8750,7.5
8751,7.4737
8752,7.6018
8753,8.25
8754,7.6018
8755,7.9615
8756,8.0
8757,8.3077
8758,8.0435
8759,7.6018
8760,9.0
8761,7.6018
8762,7.6018
8763,7.6018
8764,7.6018
8765,6.0
8766,6.7143
8767,3.0
8768,7.6667
8769,7.5
8770,5.0
8771,7.6018
8772,8.4286
8773,7.0
8774,7.6018
8775,6.5714
8776,7.8
8777,7.6018
8778,7.6018
8779,7.6018
8780,7.6018
8781,8.625
8782,7.6018
8783,7.6018
8784,8.32
8785,5.5
8786,7.6018
8787,7.6018
8788,9.4286
8789,7.9487
8790,9.7
8791,7.6018
8792,7.525
8793,8.1429
8794,7.6154
8795,7.6018
8796,7.6018
8797,7.5758
8798,9.0
8799,7.6018
8800,8.0
8801,9.75
8802,6.7692
8803,7.6018
8804,6.9375
8805,7.4783
8806,8.0
8807,7.0
8808,6.0
8809,7.0
8810,7.6018
8811,8.3333
8812,7.5
8813,7.6018
8814,7.6018
8815,6.875
8816,7.6018
8817,8.6667
8818,7.0
8819,8.6667
8820,7.6018
8821,8.4615
8822,7.6018
8823,7.6018
8824,7.8936
8825,7.6018
8826,7.6018
8827,7.6018
8828,8.0
8829,8.0
8830,8.5
8831,7.6018
8832,7.6018
8833,10.0
8834,10.0
8835,6.97
8836,7.6018
8837,9.5
8838,7.6018
8839,7.6018
8840,10.0
8841,7.6018
8842,10.0
8843,7.6018
8844,7.6018
8845,7.6018
8846,7.625
8847,7.6018
8848,7.6018
8849,7.5417
8850,7.6018
8851,8.0
8852,7.6018
8853,6.8
8854,7.6018
8855,9.2
8856,7.6018
8857,7.6018
8858,6.5
8859,7.25
8860,7.0
8861,5.25
8862,7.6018
8863,6.75
8864,7.6018
8865,8.0
8866,5.0
8867,7.0
8868,8.1667
8869,7.75
8870,7.6018
8871,6.0909
8872,7.5424
8873,9.2727
8874,7.0
8875,9.1667
8876,7.6018
8877,6.0
8878,7.6018
8879,7.5362
8880,6.5
8881,7.6018
8882,8.0
8883,7.6018
8884,8.625
8885,10.0
8886,8.4545
8887,6.3333
8888,7.8936
8889,7.6018
8890,7.0
8891,7.0
8892,7.0
8893,8.0
8894,8.2174
8895,6.0
8896,7.6018
8897,8.0
8898,7.6018
8899,9.0
8900,8.5
8901,7.1071
8902,7.6018
8903,7.6018
8904,10.0
8905,7.6667
8906,8.0
8907,7.1667
8908,7.6018
8909,6.0667
8910,7.6018
8911,7.0
8912,10.0
8913,7.6018
8914,10.0
8915,7.0
8916,7.6018
8917,7.6018
8918,6.0
8919,7.9518
8920,7.6018
8921,7.6018
8922,8.0
8923,7.6018
8924,8.8
8925,7.5
8926,7.6018
8927,7.65
8928,9.0
8929,7.6018
8930,7.6018
8931,7.6018
8932,7.6018
8933,7.6018
8934,7.6018
8935,7.6018
8936,7.6018
8937,7.6018
8938,7.9
8939,7.6018
8940,6.5
8941,10.0
8942,7.6018
8943,8.6667
8944,7.6018
8945,7.6018
8946,8.1429
8947,7.908
8948,5.5
8949,7.6
8950,8.0
8951,7.6018
8952,6.3333
8953,7.6018
8954,6.0
8955,7.3333
8956,7.1429
8957,7.0
8958,7.125
8959,8.0
8960,7.6018
8961,6.1429
8962,7.0
8963,6.5
8964,8.2083
8965,6.5
8966,7.6018
8967,7.6018
8968,7.6018
8969,7.75
8970,10.0
8971,7.6018
8972,6.0
8973,6.5
8974,7.4
8975,7.6018
8976,7.6018
8977,8.4667
8978,7.6018
8979,7.6018
8980,7.6018
8981,8.6667
8982,7.6018
8983,7.871
8984,8.8
8985,8.6667
8986,7.6018
8987,7.0
8988,7.6018
8989,10.0
8990,7.8
8991,6.0
8992,7.6018
8993,7.2727
8994,7.6018
8995,7.0
8996,8.4
8997,7.6018
8998,8.25
8999,7.0784
9000,7.6018
9001,7.5
9002,8.2727
9003,7.6018
9004,7.4328
9005,5.0
9006,7.6018
9007,7.6018
9008,7.6018
9009,7.6018
9010,7.6018
9011,7.6018
9012,8.5
9013,7.6018
9014,7.3333
9015,7.6018
9016,8.0
9017,5.0
9018,8.5
9019,7.6018
9020,7.0
9021,8.2
9022,7.6018
9023,8.5
9024,7.6018
9025,7.7667
9026,7.6018
9027,7.6364
9028,6.375
9029,5.0
9030,7.6018
9031,5.0
9032,7.6018
9033,7.4659
9034,7.6018
9035,7.0
9036,7.6667
9037,6.5
9038,8.75
9039,7.0
9040,8.0
9041,9.0
9042,8.0
9043,7.6018
9044,3.0
9045,6.0
9046,8.2
9047,7.6018
9048,7.6018
9049,8.5
9050,7.6018
9051,7.7348
9052,7.0769
9053,8.0
9054,8.2
9055,7.6018
9056,7.7143
9057,7.0
9058,7.6018
9059,7.6018
9060,6.5556
9061,7.6018
9062,9.0
9063,7.6018
9064,7.1538
9065,5.0
9066,7.6018
9067,7.6018
9068,3.5
9069,8.5
9070,7.6018
9071,7.0
9072,7.6018
9073,7.5
9074,7.6018
9075,8.0
9076,7.6018
9077,8.3
9078,6.2
9079,7.6018
9080,8.2857
9081,9.0
9082,6.0
9083,6.875
9084,7.8
9085,7.6018
9086,8.092
9087,8.0
9088,3.0
9089,7.6018
9090,8.5
9091,3.0
9092,3.0
9093,7.6018
9094,5.0
9095,7.8125
9096,7.25
9097,6.6
9098,10.0
9099,7.6018
9100,7.6018
9101,7.5385
9102,8.2
9103,8.6
9104,7.6923
9105,7.6018
9106,7.4762
9107,8.1667
9108,7.6018
9109,7.6018
9110,8.2
9111,8.75
9112,8.9286
9113,9.0
9114,8.1613
9115,7.6018
9116,7.6018
9117,7.6018
9118,9.0
9119,6.5
9120,7.6018
9121,7.0
9122,7.6018
9123,7.8571
9124,7.6667
9125,7.6018
9126,7.6018
9127,10.0
9128,7.6018
9129,7.6018
9130,7.6018
9131,7.4328
9132,7.0435
9133,7.2069
9134,7.6018
9135,9.0
9136,7.6018
9137,9.4
9138,7.0
9139,8.0
9140,7.6018
9141,7.6667
9142,7.6018
9143,7.6018
9144,10.0
9145,8.0303
9146,6.2
9147,7.125
9148,7.6018
9149,7.25
9150,7.6018
9151,7.6018
9152,7.6018
9153,7.6018
9154,7.7667
9155,5.0
9156,7.6018
9157,9.0
9158,4.5
9159,7.4
9160,9.0
9161,7.6018
9162,7.6018
9163,7.6018
9164,6.8966
9165,7.9615
9166,7.6018
9167,6.5
9168,8.0
9169,7.8
9170,7.3333
9171,7.6018
9172,7.8421
9173,8.0
9174,6.0
9175,4.0
9176,8.2222
9177,7.6018
9178,7.8
9179,7.6018
9180,8.0
9181,7.6018
9182,7.6296
9183,6.5
9184,7.6018
9185,7.6018
9186,6.0
9187,7.6018
9188,7.0
9189,8.0435
9190,7.6018
9191,7.6018
9192,7.6018
9193,8.5
9194,6.8333
9195,7.6018
9196,7.6018
9197,8.25
9198,7.4412
9199,7.6018
9200,7.6018
9201,8.2217
9202,8.5
9203,7.0
9204,7.6111
9205,7.6018
9206,7.6018
9207,7.6018
9208,7.6018
9209,7.75
9210,7.6667
9211,7.7727
9212,8.0526
9213,7.0
9214,5.0
9215,7.0
9216,7.6018
9217,8.2217
9218,9.6667
9219,7.6018
9220,8.0976
9221,6.0
9222,8.1667
9223,7.0
9224,10.0
9225,4.0
9226,8.1637
9227,7.75
9228,7.6018
9229,8.3529
9230,8.0
9231,7.6018
9232,7.6018
9233,7.6018
9234,7.6018
9235,9.6
9236,9.5
9237,8.0
9238,7.6018
9239,7.6018
9240,7.6018
9241,7.3333
9242,7.6018
9243,7.6018
9244,7.7273
9245,7.3333
9246,7.0
9247,7.5
9248,7.6018
9249,7.6018
9250,7.6018
9251,10.0
9252,10.0
9253,5.5
9254,7.6018
9255,7.6018
9256,8.381
9257,8.5556
9258,9.0
9259,7.15
9260,7.6018
9261,7.6018
9262,7.6018
9263,9.25
9264,7.6018
9265,7.6018
9266,7.6018
9267,7.8
9268,7.6018
9269,8.0
9270,7.6018
9271,8.1667
9272,8.0
9273,7.6
9274,7.75
9275,7.6018
9276,7.6018
9277,7.6018
9278,7.6018
9279,5.0
9280,7.25
9281,7.6018
9282,7.9091
9283,7.6018
9284,7.6018
9285,8.3077
9286,7.3462
9287,7.6018
9288,7.6018
9289,8.0
9290,7.6018
9291,7.5135
9292,7.6018
9293,10.0
9294,7.6018
9295,7.6018
9296,6.9167
9297,8.1778
9298,6.5
9299,8.2632
9300,7.6018
9301,8.1842
9302,5.0
9303,7.4231
9304,7.6018
9305,7.6018
9306,5.5
9307,7.5294
9308,5.5
9309,7.6018
9310,7.6018
9311,7.6018
9312,8.75
9313,3.0
9314,7.6923
9315,7.6018
9316,9.0
9317,6.6111
9318,8.5
9319,7.3333
9320,2.0
9321,7.6018
9322,7.1818
9323,8.2857
9324,5.0
9325,7.6018
9326,6.0
9327,7.8
9328,6.5
9329,6.7143
9330,7.6018
9331,7.0
9332,9.5
9333,7.6018
9334,10.0
9335,6.5714
9336,7.6018
9337,8.0909
9338,7.6018
9339,7.6018
9340,7.8148
9341,7.6018
9342,7.6018
9343,7.75
9344,6.5
9345,8.5
9346,10.0
9347,7.6018
9348,5.0
9349,7.0
9350,8.5714
9351,10.0
9352,6.0
9353,7.6018
9354,9.0
9355,7.6018
9356,7.625
9357,9.0
9358,7.5
9359,7.6018
9360,7.5417
9361,8.5714
9362,7.908
9363,7.65
9364,7.6018
9365,7.6018
9366,7.6018
9367,7.6018
9368,7.6018
9369,7.65
9370,7.6018
9371,6.0
9372,8.1637
9373,8.0
9374,7.6018
9375,8.08
9376,7.6018
9377,7.5
9378,7.5
9379,7.6018
9380,7.0
9381,8.4667
9382,7.6018
9383,7.6018
9384,7.6667
9385,7.6667
9386,9.5
9387,6.5
9388,7.6018
9389,7.2381
9390,6.9167
9391,7.5833
9392,8.2222
9393,8.0
9394,7.5
9395,7.6018
9396,7.6018
9397,7.6018
9398,7.6018
9399,6.0
9400,7.6018
9401,7.6018
9402,7.1923
9403,7.6018
9404,7.9091
9405,8.5
9406,8.0
9407,7.6018
9408,7.6018
9409,5.0
9410,7.6018
9411,7.0
9412,8.3939
9413,6.3333
9414,10.0
9415,7.6018
9416,7.7727
9417,7.6018
9418,7.95
9419,8.2217
9420,7.6018
9421,8.0652
9422,7.6018
9423,7.6018
9424,7.6018
9425,7.6018
9426,10.0
9427,7.6018
9428,6.5
9429,6.5
9430,7.6018
9431,7.5263
9432,7.6018
9433,8.0
9434,7.6018
9435,5.0
9436,7.6018
9437,7.6018
9438,7.6018
9439,6.9595
9440,8.0
9441,10.0
9442,6.0
9443,9.0
9444,6.0
9445,7.6018
9446,6.8889
9447,8.0
9448,7.6018
9449,7.0
9450,7.6018
9451,6.7143
9452,7.6018
9453,7.6018
9454,7.6018
9455,7.6018
9456,7.6018
9457,6.4286
9458,7.6018
9459,8.0
9460,7.6018
9461,6.0
9462,7.9518
9463,7.0
9464,7.6018
9465,8.12
9466,3.0
9467,6.5
9468,7.6018
9469,7.0
9470,7.7857
9471,7.6018
9472,6.7143
9473,10.0
9474,8.2069
9475,7.6018
9476,7.6018
9477,8.2069
9478,7.6018
9479,7.0
9480,9.6
9481,10.0
9482,7.6018
9483,5.0
9484,7.6018
9485,7.0
9486,7.3191
9487,9.6667
9488,10.0
9489,7.5
9490,6.5
9491,7.0
9492,7.0784
9493,5.0
9494,7.6018
9495,7.6
9496,8.2222
9497,8.5
9498,7.8125
9499,9.0
9500,8.4
9501,7.0
9502,7.6018
9503,7.7667
9504,6.3333
9505,8.0
9506,7.6018
9507,7.6018
9508,7.4328
9509,7.6018
9510,8.8333
9511,7.6018
9512,7.6018
9513,7.6018
9514,7.6018
9515,7.6018
9516,7.6018
9517,9.3333
9518,7.0
9519,7.6018
9520,7.67
9521,7.8627
9522,7.6018
9523,7.908
9524,8.25
9525,7.6018
9526,5.0
9527,7.7826
9528,8.32
9529,8.25
9530,7.4821
9531,7.8
9532,7.8667
9533,8.1429
9534,8.1637
9535,8.2217
9536,7.0
9537,7.6018
9538,6.7143
9539,7.4286
9540,7.15
9541,7.6018
9542,7.375
9543,6.8571
9544,7.6018
9545,7.6018
9546,7.6018
9547,7.6018
9548,7.3333
9549,7.0
9550,7.6018
9551,7.6018
9552,7.6018
9553,7.6018
9554,9.0
9555,6.2
9556,6.9792
9557,7.0
9558,7.5
9559,8.5385
9560,7.2
9561,10.0
9562,9.125
9563,7.6018
9564,7.6018
9565,7.6018
9566,7.5
9567,7.6018
9568,6.5
9569,7.3333
9570,9.0
9571,7.0
9572,7.6018
9573,7.8182
9574,8.0
9575,7.6018
9576,7.6018
9577,8.0
9578,7.6018
9579,10.0
9580,6.25
9581,7.8571
9582,8.0
9583,7.75
9584,7.6018
9585,7.6018
9586,7.0667
9587,7.6018
9588,8.6667
9589,10.0
9590,8.0
9591,7.6018
9592,7.6018
9593,7.2273
9594,7.6018
9595,7.6018
9596,9.2
9597,7.6018
9598,8.25
9599,7.4958
9600,8.2727
9601,5.0
9602,6.5
9603,8.0
9604,7.75
9605,8.0
9606,7.0
9607,7.8913
9608,7.5
9609,7.6018
9610,8.4
9611,8.35
9612,7.0
9613,8.0652
9614,9.0
9615,7.6757
9616,5.5
9617,7.6018
9618,8.3
9619,7.9524
9620,7.241
9621,7.6018
9622,7.6018
9623,7.875
9624,8.6667
9625,8.25
9626,7.0
9627,9.0
9628,7.7059
9629,7.0
9630,7.0
9631,6.97
9632,7.8
9633,8.0
9634,8.0
9635,7.6018
9636,6.75
9637,6.2
9638,8.4444
9639,9.3333
9640,7.6018
9641,7.6018
9642,8.0652
9643,9.0
9644,7.3333
9645,6.0
9646,6.0
9647,8.0
9648,7.6018
9649,7.2162
9650,7.6667
9651,7.5714
9652,7.6018
9653,7.5
9654,6.0
9655,7.6018
9656,10.0
9657,7.8667
9658,8.35
9659,7.9459
9660,8.0976
9661,9.25
9662,8.2222
9663,7.6018
9664,7.6018
9665,8.2
9666,7.6018
9667,7.6018
9668,7.6018
9669,8.0
9670,6.97
9671,7.6018
9672,7.6018
9673,8.092
9674,4.5
9675,8.5
9676,7.6018
9677,7.6018
9678,7.6018
9679,7.5
9680,10.0
9681,7.6018
9682,7.6018
9683,7.6018
9684,8.5455
9685,8.4717
9686,7.67
9687,6.5
9688,8.8065
9689,8.5
9690,8.5714
9691,7.6018
9692,7.6018
9693,7.6018
9694,7.6018
9695,8.0652
9696,8.8333
9697,7.6667
9698,6.0
9699,7.0
9700,7.6018
9701,7.6018
9702,7.6018
9703,7.6018
9704,7.6018
9705,7.6452
9706,7.6018
9707,9.0
9708,7.0
9709,7.6018
9710,6.6667
9711,7.8182
9712,7.6018
9713,7.6018
9714,7.6018
9715,8.5
9716,7.6018
9717,9.0
9718,6.0
9719,7.6018
9720,7.6018
9721,7.75
9722,7.6018
9723,7.6018
9724,7.6018
9725,7.6018
9726,8.2857
9727,7.6018
9728,7.5
9729,7.6018
9730,9.0
9731,7.25
9732,8.3333
9733,7.5
9734,7.6018
9735,7.6018
9736,9.0
9737,7.6018
9738,8.0652
9739,7.6018
9740,7.6018
9741,6.3333
9742,7.0
9743,8.0
9744,7.0
9745,7.6018
9746,7.6018
9747,8.4167
9748,7.3
9749,7.5
9750,7.6018
9751,8.08
9752,7.0
9753,6.4545
9754,9.0
9755,6.5
9756,6.0
9757,8.2
9758,5.0
9759,7.6018
9760,7.6018
9761,7.7143
9762,7.2609
9763,6.6923
9764,7.6018
9765,6.0
9766,7.5714
9767,7.5294
9768,7.6018
9769,7.6018
9770,7.7045
9771,7.7059
9772,7.6018
9773,6.0
9774,8.0345
9775,8.2857
9776,7.75
9777,7.7273
9778,7.2
9779,7.4
9780,7.6018
9781,7.6018
9782,7.6018
9783,5.0
9784,7.6018
9785,5.0
9786,9.2727
9787,7.3333
9788,7.6018
9789,7.6018
9790,7.6018
9791,7.6018
9792,7.5
9793,7.6018
9794,9.0
9795,7.4958
9796,7.6018
9797,9.0
9798,7.6018
9799,7.6018
9800,7.6018
9801,7.5
9802,8.5
9803,9.0
9804,7.6018
9805,7.6018
9806,7.7273
9807,8.7609
9808,5.25
9809,8.6
9810,6.7692
9811,7.5
9812,7.6018
9813,7.6018
9814,5.0
9815,7.6018
9816,8.3333
9817,7.6018
9818,5.0
9819,7.0
9820,10.0
9821,7.6018
9822,7.6018
9823,8.0
9824,7.75
9825,7.6018
9826,7.6018
9827,7.9459
9828,3.0
9829,9.5
9830,8.0
9831,7.2444
9832,7.6018
9833,7.4545
9834,8.0
9835,9.0
9836,7.6018
9837,7.7143
9838,7.1333
9839,7.0
9840,7.4667
9841,8.3333
9842,7.6018
9843,7.9561
9844,7.75
9845,5.0
9846,8.5294
9847,8.75
9848,7.6018
9849,7.6018
9850,7.6018
9851,6.0
9852,5.6667
9853,9.7
9854,8.0
9855,10.0
9856,8.6667
9857,7.0
9858,7.6018
9859,8.2222
9860,7.6018
9861,7.6018
9862,7.6018
9863,7.6018
9864,7.0
9865,8.2
9866,7.6667
9867,7.6018
9868,7.6018
9869,7.6018
9870,7.6018
9871,7.4545
9872,7.6018
9873,7.0
9874,8.0
9875,7.6018
9876,7.25
9877,7.6018
9878,7.5
9879,6.8
9880,9.2
9881,9.0
9882,8.0
9883,7.4958
9884,7.6018
9885,7.6018
9886,7.6018
9887,7.8333
9888,7.0
9889,7.0
9890,7.6018
9891,3.5
9892,7.908
9893,7.6018
9894,6.8333
9895,7.4286
9896,7.6018
9897,5.0
9898,7.5
9899,5.0
9900,7.5
9901,7.6018
9902,10.0
9903,7.6018
9904,7.0
9905,7.6018
9906,8.0
9907,6.7692
9908,7.1739
9909,7.6018
9910,7.6018
9911,7.6018
9912,9.3333
9913,7.8571
9914,8.6364
9915,8.6
9916,8.0
9917,7.6018
9918,7.0769
9919,7.6018
9920,8.0
9921,7.2453
9922,8.75
9923,6.4545
9924,7.6018
9925,7.5
9926,7.5385
9927,8.0
9928,7.6018
9929,7.6018
9930,9.0
9931,8.2121
9932,7.6018
9933,7.6018
9934,7.9459
9935,7.6018
9936,9.0862
9937,10.0
9938,7.6018
9939,7.6018
9940,7.6018
9941,7.4958
9942,7.6018
9943,8.1429
9944,7.2941
9945,7.6018
9946,7.6018
9947,7.6018
9948,7.6018
9949,7.6018
9950,10.0
9951,7.6018
9952,7.0741
9953,9.0
9954,7.6018
9955,7.241
9956,7.6018
9957,8.1818
9958,7.5
9959,7.6018
9960,7.0
9961,7.0
9962,9.1111
9963,8.75
9964,7.9459
9965,9.0
9966,8.6667
9967,7.6018
9968,7.6018
9969,7.6018
9970,7.5
9971,7.8
9972,7.5
9973,8.1667
9974,7.6018
9975,5.8333
9976,8.0303
9977,8.5
9978,6.0
9979,7.6018
9980,7.1
9981,6.6667
9982,7.6018
9983,7.5
9984,7.6018
9985,7.6018
9986,7.8125
9987,7.6018
9988,7.5714
9989,7.6018
9990,6.5
9991,7.6018
9992,7.6018
9993,9.0
9994,8.2
9995,7.0
9996,7.6018
9997,8.1429
9998,6.5
9999,7.6018
10000,7.6018
10001,7.6018
10002,7.4659
10003,7.0
10004,7.6018
10005,7.6018
10006,7.2273
10007,7.6018
10008,7.6018
10009,8.0
10010,7.6018
10011,9.5
10012,4.5
10013,7.6018
10014,5.5
10015,7.6018
10016,9.0
10017,7.5312
10018,7.0
10019,7.5556
10020,7.7692
10021,7.6018
10022,9.0
10023,7.6018
10024,7.6018
10025,7.6018
10026,7.5
10027,7.6018
10028,7.1163
10029,7.6018
10030,7.0
10031,7.6018
10032,5.0
10033,7.6018
10034,8.0
10035,7.6018
10036,8.5
10037,7.1111
10038,7.4659
10039,8.0
10040,7.4
10041,7.7447
10042,5.6667
10043,7.6018
10044,7.9561
10045,9.0
10046,7.7778
10047,8.1333
10048,7.6018
10049,7.6018
10050,8.7143
10051,7.6018
10052,7.6018
10053,7.6018
10054,8.1429
10055,7.6018
10056,7.0
10057,9.3333
10058,7.6018
10059,7.6018
10060,7.6897
10061,7.6018
10062,7.6018
10063,9.0
10064,7.2
10065,7.2308
10066,7.6018
10067,7.6018
10068,7.6018
10069,7.6018
10070,7.6018
10071,7.6018
10072,7.6018
10073,8.1111
10074,7.6018
10075,7.6018
10076,7.6018
10077,7.0
10078,7.6018
10079,7.6018
10080,8.0
10081,7.0
10082,7.6018
10083,7.6018
10084,7.7826
10085,7.6018
10086,7.6018
10087,8.0968
10088,7.6018
10089,6.97
10090,7.36
10091,8.3
10092,6.9595
10093,8.2222
10094,7.0
10095,7.6018
10096,7.0
10097,9.0
10098,7.6018
10099,7.9333
10100,7.6018
10101,7.6018
10102,8.0345
10103,7.4706
10104,7.6018
10105,7.4
10106,8.2217
10107,7.0
10108,7.6018
10109,7.6018
10110,9.0
10111,8.4
10112,7.6018
10113,7.6018
10114,7.5
10115,7.6018
10116,7.6018
10117,6.97
10118,7.6018
10119,5.0
10120,8.0833
10121,8.0
10122,7.6018
10123,7.0
10124,7.6018
10125,7.3333
10126,7.241
10127,9.0862
10128,7.6018
10129,7.6018
10130,7.6018
10131,6.25
10132,7.6018
10133,7.6018
10134,6.8571
10135,7.75
10136,8.1667
10137,7.6018
10138,7.6018
10139,7.6018
10140,7.75
10141,7.6018
10142,10.0
10143,7.6018
10144,8.3077
10145,5.0
10146,8.5556
10147,8.5
10148,6.8571
10149,7.6018
10150,6.3333
10151,6.8966
10152,7.25
10153,3.0
10154,7.6018
10155,7.0
10156,7.6018
10157,7.6018
10158,7.3462
10159,10.0
10160,7.6018
10161,8.1667
10162,7.7692
10163,8.0
10164,7.5714
10165,7.6018
10166,6.0
10167,9.0
10168,8.5
10169,7.6018
10170,7.6018
10171,7.6018
10172,7.6018
10173,7.6018
10174,7.8333
10175,7.6018
10176,6.8
10177,3.0
10178,7.6018
10179,8.0
10180,7.6018
10181,7.0
10182,6.0
10183,7.6018
10184,7.6018
10185,7.8
10186,4.0
10187,5.5714
10188,7.0
10189,7.6018
10190,7.6018
10191,8.0
10192,7.6018
10193,5.0
10194,7.6018
10195,7.6018
10196,7.6018
10197,7.6018
10198,10.0
10199,6.0
10200,5.4
10201,7.6018
10202,7.6018
10203,9.0
10204,7.8333
10205,7.75
10206,5.0
10207,8.2632
10208,8.0
10209,8.0
10210,7.5
10211,7.4545
10212,7.6018
10213,7.0
10214,5.0
10215,6.0
10216,6.3333
10217,7.6018
10218,7.9474
10219,7.6018
10220,6.0
10221,8.5
10222,9.0
10223,6.5
10224,7.4
10225,7.6018
10226,7.6364
10227,7.6018
10228,7.6018
10229,8.0
10230,7.8627
10231,7.6018
10232,7.6018
10233,6.6667
10234,7.0
10235,7.6842
10236,7.6018
10237,7.6018
10238,7.6018
10239,7.3333
10240,7.6018
10241,7.6018
10242,7.1667
10243,7.8
10244,7.6018
10245,5.0
10246,7.6018
10247,7.6018
10248,7.6018
10249,7.8667
10250,7.6018
10251,7.3191
10252,7.7348
10253,7.2453
10254,7.6018
10255,7.6018
10256,8.1923
10257,7.6018
10258,9.1667
10259,7.6018
10260,7.908
10261,7.6018
10262,9.0
10263,10.0
10264,7.6018
10265,7.6018
10266,7.3333
10267,6.9091
10268,7.6018
10269,6.75
10270,8.8065
10271,6.5
10272,10.0
10273,7.6018
10274,7.6018
10275,7.6018
10276,9.0
10277,8.3913
10278,7.6018
10279,7.6018
10280,6.2
10281,7.6018
10282,7.6018
10283,7.6018
10284,7.6018
10285,8.6667
10286,10.0
10287,7.6018
10288,7.6018
10289,8.4286
10290,7.6018
10291,7.6018
10292,8.0435
10293,6.45
10294,7.6018
10295,7.6018
10296,7.717
10297,9.0
10298,7.6018
10299,6.3333
10300,7.6018
10301,7.7143
10302,7.6018
10303,7.6018
10304,7.6018
10305,7.4706
10306,7.6018
10307,8.4615
10308,7.6018
10309,7.2453
10310,7.6018
10311,7.3333
10312,7.9189
10313,6.75
10314,6.8
10315,7.9518
10316,8.0
10317,7.6018
10318,6.6667
10319,7.3191
10320,6.0
10321,7.6018
10322,7.6018
10323,7.6018
10324,7.6018
10325,7.6018
10326,7.6018
10327,7.5
10328,7.6018
10329,7.6018
10330,7.6018
10331,8.0
10332,7.6018
10333,7.6018
10334,7.6018
10335,7.3333
10336,7.6018
10337,7.6018
10338,7.8
10339,8.0
10340,7.6018
10341,5.0
10342,7.6018
10343,5.6
10344,7.6018
10345,7.95
10346,8.3333
10347,7.6018
10348,8.0
10349,9.0
10350,7.4
10351,6.6667
10352,7.6018
10353,7.6667
10354,8.0
10355,7.9167
10356,7.6018
10357,8.0
10358,7.9487
10359,7.6018
10360,6.5
10361,7.6018
10362,7.6018
10363,7.6018
10364,8.32
10365,8.8
10366,7.0
10367,8.0
10368,7.6018
10369,7.6018
10370,7.5
10371,8.0
10372,7.6018
10373,9.0
10374,7.0784
10375,7.6018
10376,8.5556
10377,7.6018
10378,7.6018
10379,5.75
10380,7.6897
10381,8.2
10382,7.6018
10383,6.8
10384,7.6018
10385,7.6018
10386,7.6018
10387,8.0513
10388,9.0
10389,7.6018
10390,8.0
10391,5.0
10392,7.0
10393,6.6
10394,7.5455
10395,9.0
10396,7.6018
10397,8.0
10398,8.0
10399,7.6018
10400,7.9189
10401,7.6018
10402,7.5
10403,7.7857
10404,2.0
10405,9.0
10406,7.6018
10407,7.9375
10408,7.6018
10409,7.6018
10410,7.6018
10411,6.0909
10412,8.5714
10413,7.6018
10414,7.6018
10415,7.6018
10416,7.6018
10417,7.6018
10418,7.4286
10419,8.5
10420,7.0
10421,7.6018
10422,7.6018
10423,7.6018
10424,7.6
10425,6.0
10426,8.0909
10427,7.6018
10428,6.9167
10429,8.75
10430,7.3333
10431,7.0
10432,8.0
10433,8.0
10434,10.0
10435,8.0
10436,6.0
10437,7.6018
10438,7.6018
10439,7.6018
10440,6.0
10441,8.3273
10442,8.2414
10443,9.2
10444,4.1893
10445,7.6018
10446,7.6018
10447,6.1667
10448,9.0
10449,7.7273
10450,5.0
10451,7.6018
10452,7.6018
10453,6.3333
10454,7.6018
10455,3.0
10456,7.6018
10457,7.6018
10458,7.6667
10459,6.4545
10460,8.4762
10461,7.9091
10462,7.6018
10463,8.5
10464,7.6018
10465,7.3125
10466,7.6018
10467,6.0
10468,7.6018
10469,7.6018
10470,7.6018
10471,3.0
10472,7.6018
10473,7.6018
10474,8.2727
10475,7.6018
10476,7.6018
10477,7.6018
10478,7.1667
10479,8.6667
10480,7.6018
10481,7.75
10482,7.0
10483,7.6018
10484,7.6018
10485,7.6018
10486,7.0
10487,7.5
10488,5.0
10489,7.6018
10490,10.0
10491,9.0
10492,7.6018
10493,7.6018
10494,7.7273
10495,7.6018
10496,7.6018
10497,7.6018
10498,7.6018
10499,7.5362
10500,7.6018
10501,7.4615
10502,8.0
10503,7.6018
10504,8.0652
10505,8.6667
10506,7.6018
10507,8.5455
10508,7.6018
10509,6.0
10510,7.9189
10511,7.6018
10512,9.0
10513,7.6018
10514,8.2647
10515,7.6018
10516,7.2
10517,7.6018
10518,7.0
10519,7.6018
10520,7.8571
10521,3.0
10522,8.1637
10523,5.5
10524,7.6018
10525,8.0
10526,7.6018
10527,8.0652
10528,7.6018
10529,7.5909
10530,5.5
10531,8.5
10532,5.5
10533,8.7778
10534,7.6018
10535,7.5
10536,8.2
10537,8.1905
10538,7.1667
10539,7.6018
10540,8.0
10541,6.5
10542,8.2
10543,7.6018
10544,7.6018
10545,7.0
10546,9.0
10547,7.6018
10548,7.1667
10549,7.6018
10550,7.6018
10551,7.0
10552,9.0
10553,7.6018
10554,7.6018
10555,8.0
10556,9.6
10557,7.6018
10558,7.5
10559,7.6018
10560,7.6018
10561,10.0
10562,7.6018
10563,6.0
10564,7.6018
10565,8.1637
10566,7.5
10567,7.6018
10568,7.6018
10569,7.6018
10570,7.0
10571,6.6667
10572,7.0
10573,7.6018
10574,10.0
10575,5.3333
10576,7.6018
10577,8.0
10578,7.6018
10579,8.1905
10580,8.3
10581,7.2222
10582,7.6018
10583,6.0
10584,7.6018
10585,7.0667
10586,7.6018
10587,7.8571
10588,7.6018
10589,7.6018
10590,7.6018
10591,7.2609
10592,7.6018
10593,7.0
10594,8.0
10595,7.6018
10596,7.6018
10597,7.0
10598,8.0
10599,7.1667
10600,7.8182
10601,8.0
10602,7.5312
10603,9.0
10604,8.0
10605,7.6018
10606,7.6018
10607,7.6018
10608,7.0
10609,6.9792
10610,6.0
10611,8.0303
10612,7.6018
10613,8.0
10614,7.6018
10615,7.6
10616,7.0
10617,7.0
10618,7.5
10619,7.625
10620,8.0
10621,7.6018
10622,7.6018
10623,7.3333
10624,9.0
10625,7.6018
10626,8.6667
10627,7.6
10628,8.0
10629,7.6364
10630,7.6018
10631,9.5
10632,7.6018
10633,9.0
10634,10.0
10635,7.1538
10636,8.1429
10637,7.6018
10638,7.6018
10639,8.3333
10640,7.6018
10641,8.3636
10642,7.6018
10643,7.6018
10644,8.0
10645,7.6018
10646,7.6018
10647,7.6018
10648,8.1875
10649,7.6018
10650,6.9595
10651,7.6018
10652,10.0
10653,6.5
10654,7.6018
10655,8.1429
10656,7.125
10657,7.0
10658,9.2
10659,8.0
10660,7.6018
10661,6.0
10662,7.1429
10663,8.0
10664,7.4659
10665,10.0
10666,7.88
10667,7.0
10668,7.6018
10669,7.6018
10670,7.0909
10671,7.0
10672,7.6018
10673,7.6018
10674,7.6018
10675,8.5
10676,7.6364
10677,7.6018
10678,7.5758
10679,6.9565
10680,7.6018
10681,8.0
10682,6.5
10683,6.0
10684,8.4
10685,9.0
10686,7.6018
10687,7.6018
10688,7.6018
10689,7.0
10690,7.6018
10691,7.6018
10692,7.875
10693,8.0
10694,7.2941
10695,7.6018
10696,7.6
10697,8.0
10698,10.0
10699,7.6018
10700,5.3333
10701,7.6018
10702,8.0
10703,7.6018
10704,7.6018
10705,7.0
10706,7.6018
10707,7.6018
10708,7.6018
10709,7.5312
10710,7.6667
10711,8.2778
10712,8.0
10713,7.6018
10714,8.2727
10715,7.6018
10716,7.6018
10717,8.5
10718,7.6018
10719,7.6757
10720,7.6018
10721,8.0
10722,7.6018
10723,7.6018
10724,7.8
10725,7.6018
10726,7.6018
10727,9.5
10728,10.0
10729,6.6667
10730,6.0
10731,9.0
10732,6.0
10733,4.0
10734,9.25
10735,7.6018
10736,7.6018
10737,7.6018
10738,7.6018
10739,7.6018
10740,7.6018
10741,7.6018
10742,7.6018
10743,7.6018
10744,8.2857
10745,6.375
10746,6.0
10747,6.0
10748,7.8571
10749,7.6018
10750,7.6018
10751,7.6018
10752,6.0
10753,5.6667
10754,7.0
10755,5.0
10756,7.6018
10757,7.1739
10758,7.5
10759,7.6522
10760,7.6018
10761,7.6018
10762,8.0769
10763,7.6018
10764,7.6018
10765,10.0
10766,7.6018
10767,8.75
10768,7.6018
10769,7.6129
10770,7.6018
10771,7.6018
10772,7.2609
10773,7.6018
10774,7.6018
10775,8.6667
10776,7.6018
10777,7.6667
10778,7.0
10779,4.5
10780,7.6018
10781,7.6018
10782,9.1429
10783,8.2143
10784,7.6018
10785,7.5
10786,7.5714
10787,7.0
10788,7.6018
10789,7.4821
10790,8.0
10791,8.0
10792,8.0976
10793,9.0
10794,8.6
10795,8.0
10796,7.6018
10797,7.0
10798,7.6018
10799,7.6018
10800,7.6018
10801,7.6018
10802,7.6018
10803,7.6018
10804,7.6018
10805,9.0
10806,6.0
10807,7.5
10808,7.6018
10809,4.0
10810,7.6018
10811,9.1667
10812,4.1893
10813,7.6018
10814,7.5
10815,7.6018
10816,7.0
10817,6.6111
10818,7.75
10819,7.6018
10820,6.0
10821,7.6018
10822,10.0
10823,9.25
10824,9.0
10825,7.6018
10826,7.6018
10827,7.6018
10828,7.4615
10829,7.6018
10830,7.6018
10831,7.6018
10832,7.6018
10833,8.5385
10834,7.6018
10835,8.0
10836,7.6667
10837,7.6018
10838,7.6018
10839,7.6018
10840,7.6018
10841,7.6018
10842,8.5
10843,7.6018
10844,7.5
10845,9.0
10846,7.6018
10847,6.3333
10848,8.5
10849,7.9561
10850,6.0
10851,7.6018
10852,7.0
10853,8.0
10854,7.6018
10855,7.6018
10856,5.6
10857,7.6018
10858,7.1
10859,8.0
10860,8.0
10861,7.0
10862,8.25
10863,8.8
10864,7.6018
10865,7.6018
10866,7.6667
10867,7.6018
10868,9.0
10869,6.8889
10870,7.5
10871,7.6018
10872,7.908
10873,7.6018
10874,9.5
10875,8.5
10876,7.625
10877,5.0
10878,5.0
10879,7.6018
10880,7.6018
10881,7.0
10882,8.0968
10883,7.6018
10884,8.1765
10885,9.0
10886,7.6018
10887,7.7119
10888,7.6018
10889,8.5
10890,7.6538
10891,7.6018
10892,7.6018
10893,7.6018
10894,5.0
10895,7.6018
10896,8.0
10897,8.6
10898,7.6018
10899,8.0
10900,7.6018
10901,7.6018
10902,7.6018
10903,7.6018
10904,7.6018
10905,6.0
10906,8.4444
10907,7.6018
10908,7.8333
10909,7.9615
10910,7.6018
10911,7.6018
10912,7.6018
10913,8.0
10914,7.6018
10915,8.0
10916,7.5
10917,7.6018
10918,7.6018
10919,7.6018
10920,7.6018
10921,8.1875
10922,7.6018
10923,9.0
10924,6.2
10925,8.0
10926,7.2727
10927,7.6018
10928,7.6018
10929,7.6018
10930,8.5
10931,8.0
10932,7.6018
10933,7.6018
10934,7.6018
10935,7.4328
10936,9.0
10937,7.8182
10938,7.3333
10939,8.4545
10940,7.4958
10941,7.6018
10942,8.1667
10943,7.6018
10944,7.0
10945,7.6018
10946,8.0
10947,5.0
10948,7.5
10949,7.6018
10950,8.5
10951,7.6018
10952,9.25
10953,7.0435
10954,6.7692
10955,7.6018
10956,7.6018
10957,8.5
10958,8.0
10959,7.0
10960,8.0652
10961,7.0
10962,8.6667
10963,7.0
10964,7.6018
10965,10.0
10966,7.6018
10967,7.6018
10968,7.6018
10969,7.7812
10970,7.6018
10971,7.6018
10972,7.6018
10973,7.6018
10974,7.9048
10975,7.6018
10976,7.6018
10977,9.0
10978,9.0
10979,7.6018
10980,7.0
10981,6.3333
10982,6.625
10983,7.871
10984,7.6018
10985,7.6018
10986,7.6018
10987,7.6018
10988,6.7143
10989,7.6018
10990,7.5
10991,7.6018
10992,7.6018
10993,7.4328
10994,5.0
10995,7.6018
10996,6.0
10997,8.2308
10998,7.67
10999,7.6018
11000,8.2414
11001,7.4659
11002,7.6018
11003,7.0784
11004,7.7222
11005,7.0
11006,7.6018
11007,7.6018
11008,5.0
11009,7.8182
11010,8.5385
11011,9.1667
11012,7.6018
11013,6.9444
11014,7.6018
11015,7.6018
11016,7.6018
11017,7.6018
11018,7.0
11019,7.6018
11020,8.45
11021,7.241
11022,7.6018
11023,7.1818
11024,8.0
11025,7.6018
11026,10.0
11027,9.25
11028,8.0
11029,7.6018
11030,7.6018
11031,7.5
11032,7.6018
11033,8.2647
11034,7.6018
11035,8.25
11036,6.5
11037,7.6018
11038,7.4688
11039,7.6452
11040,8.0
11041,7.6018
11042,7.0
11043,7.9615
11044,7.6018
11045,7.6667
11046,7.67
11047,6.6667
11048,8.5455
11049,7.6018
11050,7.25
11051,9.3333
11052,6.5
11053,8.4
11054,5.0
11055,7.6018
11056,7.6018
11057,7.6018
11058,8.0
11059,7.9444
11060,7.6018
11061,9.0
11062,7.6018
11063,9.5
11064,7.1538
11065,7.6018
11066,7.6018
11067,8.0345
11068,7.8571
11069,6.9595
11070,7.6018
11071,7.8
11072,7.6018
11073,7.5294
11074,7.5
11075,7.6018
11076,9.7143
11077,8.5
11078,7.8571
11079,5.0
11080,7.6018
11081,7.8
11082,8.0
11083,7.908
11084,7.6018
11085,10.0
11086,7.6018
11087,6.0
11088,7.6018
11089,8.4333
11090,7.6018
11091,7.1429
11092,7.6018
11093,7.6018
11094,7.6018
11095,7.6364
11096,8.0
11097,7.6018
11098,7.3333
11099,7.6018
11100,7.6018
11101,10.0
11102,9.0
11103,7.7273
11104,7.6018
11105,6.5
11106,7.6018
11107,8.1923
11108,7.6018
11109,7.6018
11110,9.0
11111,6.6667
11112,7.6018
11113,7.15
11114,7.6018
11115,7.6018
11116,8.5
11117,7.6018
11118,7.6923
11119,8.0
11120,7.6018
11121,7.6
11122,9.0
11123,6.0
11124,7.6018
11125,7.6018
11126,7.6018
11127,7.6018
11128,7.6018
11129,7.6018
11130,7.6018
11131,7.6018
11132,7.0
11133,8.1429
11134,8.2222
11135,7.6018
11136,7.5
11137,6.75
11138,9.0862
11139,4.1893
11140,7.5
11141,7.6018
11142,9.0
11143,8.5
11144,7.6018
11145,7.0
11146,6.8
11147,8.0
11148,7.6018
11149,8.7143
11150,7.0
11151,7.6018
11152,5.0
11153,7.6018
11154,8.0
11155,7.9518
11156,7.5
11157,7.6018
11158,8.4444
11159,7.0
11160,7.6018
11161,7.6018
11162,7.5
11163,7.8333
11164,8.0652
11165,7.6018
11166,9.0
11167,7.6018
11168,7.6018
11169,8.0
11170,8.6667
11171,6.5
11172,7.2857
11173,7.0
11174,5.8
11175,7.75
11176,7.5714
11177,7.6018
11178,7.6018
11179,7.7045
11180,8.0
11181,7.6018
11182,7.6018
11183,9.5
11184,7.6018
11185,7.7692
11186,8.0
11187,7.6018
11188,7.0
11189,6.0
11190,7.6018
11191,7.6018
11192,7.6018
11193,8.0625
11194,7.6018
11195,7.6018
11196,8.0
11197,7.6018
11198,6.5
11199,7.4958
11200,7.5
11201,7.8913
11202,7.0
11203,7.6018
11204,7.6018
11205,10.0
11206,9.0
11207,8.25
11208,7.6018
11209,10.0
11210,8.0
11211,7.6018
11212,7.6018
11213,8.3846
11214,10.0
11215,7.6018
11216,7.2222
11217,7.4659
11218,7.6018
11219,7.6018
11220,8.0976
11221,7.9561
11222,7.6018
11223,7.6018
11224,7.6018
11225,7.5
11226,9.0
11227,8.2083
11228,6.0
11229,9.0
11230,6.0
11231,7.6018
11232,7.6018
11233,7.6018
11234,8.0
11235,7.6018
11236,7.6018
11237,7.6018
11238,7.6018
11239,7.6018
11240,9.0
11241,9.3333
11242,6.0
11243,7.6018
11244,7.6018
11245,7.6018
11246,7.3235
11247,7.2
11248,7.1667
11249,8.25
11250,8.7667
11251,7.6018
11252,7.6018
11253,5.0
11254,9.0
11255,7.875
11256,7.6018
11257,7.7143
11258,7.6018
11259,7.6018
11260,8.0
11261,7.6667
11262,7.6018
11263,7.3778
11264,5.6667
11265,7.0
11266,7.6018
11267,7.375
11268,7.0
11269,8.25
11270,7.6018
11271,8.6364
11272,7.6018
11273,7.6018
11274,8.2121
11275,7.5333
11276,7.6018
11277,7.6018
11278,7.6018
11279,7.6018
11280,7.6018
11281,9.0
11282,7.5294
11283,7.7895
11284,8.0
11285,8.0909
11286,7.8
11287,7.6018
11288,7.6018
11289,7.5
11290,7.8333
11291,6.5
11292,7.6018
11293,7.9091
11294,7.9848
11295,7.6018
11296,7.6018
11297,7.7119
11298,8.0
11299,7.6018
11300,7.6018
11301,7.6018
11302,7.6018
11303,7.6018
11304,6.0
11305,7.9231
11306,7.8148
11307,7.6018
11308,6.0
11309,10.0
11310,8.35
11311,7.6018
11312,7.0
11313,7.0
11314,6.3333
11315,6.0
11316,7.6018
11317,8.5455
11318,7.6018
11319,7.6018
11320,7.6018
11321,7.625
11322,7.6667
11323,8.75
11324,7.6018
11325,8.0976
11326,7.0
11327,8.5
11328,8.1
11329,9.0
11330,9.1667
11331,9.0
11332,7.9615
11333,7.6018
11334,8.5
11335,8.5
11336,5.5
11337,9.0
11338,7.6018
11339,8.0
11340,7.6018
11341,9.5
11342,7.6018
11343,5.0
11344,7.6018
11345,7.6018
11346,9.0
11347,7.6667
11348,8.4667
11349,7.6018
11350,8.1778
11351,7.25
11352,8.0976
11353,7.4667
11354,7.5385
11355,10.0
11356,6.6667
11357,8.8
11358,6.0
11359,7.5294
11360,7.8913
11361,8.0
11362,7.6018
11363,10.0
11364,7.6018
11365,7.6018
11366,7.6018
11367,7.6829
11368,7.6018
11369,7.6018
11370,7.8
11371,7.6018
11372,7.6018
11373,7.8065
11374,7.0
11375,9.0
11376,7.6018
11377,7.6018
11378,6.6667
11379,6.75
11380,9.0
11381,7.6018
11382,7.5
11383,7.6018
11384,8.0
11385,8.5
11386,8.2414
11387,6.0
11388,3.0
11389,7.8
11390,7.6018
11391,7.67
11392,7.7692
11393,7.6018
11394,7.6018
11395,6.5
11396,10.0
11397,7.8571
11398,7.6018
11399,7.6018
11400,7.6018
11401,7.6018
11402,7.6018
11403,6.97
11404,7.6018
11405,8.125
11406,8.5
11407,7.6018
11408,7.0
11409,8.3939
11410,7.6018
11411,7.6018
11412,8.1637
11413,9.0
11414,7.6018
11415,7.8462
11416,3.0
11417,7.1429
11418,7.2
11419,7.6018
11420,7.6667
11421,5.75
11422,7.5
11423,7.8182
11424,7.6018
11425,7.6018
11426,7.6018
11427,7.9518
11428,7.6018
11429,7.5556
11430,7.0
11431,5.0
11432,7.6018
11433,8.6667
11434,7.8936
11435,7.9333
11436,7.6018
11437,8.0513
11438,8.0
11439,7.6154
11440,7.6018
11441,7.8913
11442,7.6018
11443,7.5
11444,7.6018
11445,7.6018
11446,7.6018
11447,7.6018
11448,9.0
11449,7.6018
11450,6.0
11451,7.6018
11452,7.5
11453,9.0
11454,8.6667
11455,7.6018
11456,7.6018
11457,7.6018
11458,7.6018
11459,7.1667
11460,7.6018
11461,8.32
11462,7.6667
11463,7.6018
11464,9.0
11465,7.6018
11466,7.6018
11467,8.0
11468,7.9561
11469,7.6018
11470,8.3939
11471,7.6018
11472,7.6667
11473,6.8889
11474,7.6018
11475,7.6018
11476,10.0
11477,7.1667
11478,7.6018
11479,8.0
11480,7.0
11481,7.8571
11482,7.6018
11483,8.2857
11484,7.6018
11485,8.4286
11486,7.6018
11487,7.6018
11488,7.6018
11489,8.0
11490,7.6018
11491,7.6018
11492,7.6018
11493,9.0
11494,7.0
11495,8.0
11496,7.2609
11497,7.6018
11498,7.6018
11499,7.6667
11500,9.0
11501,9.0
11502,8.0
11503,7.0
11504,4.1893
11505,7.6875
11506,7.8627
11507,8.0976
11508,8.0
11509,7.6018
11510,7.6018
11511,7.6018
11512,10.0
11513,7.5909
11514,7.6018
11515,7.6667
11516,7.6018
11517,7.7348
11518,7.6018
11519,8.0
11520,7.6018
11521,7.6018
11522,8.7609
11523,7.4328
11524,7.1667
11525,9.0
11526,9.0
11527,8.0
11528,8.0
11529,7.25
11530,8.6182
11531,6.6667
11532,10.0
11533,7.6018
11534,7.6018
11535,6.0
11536,7.67
11537,7.5424
11538,7.6018
11539,8.0968
11540,8.0435
11541,7.6018
11542,6.9792
11543,7.6018
11544,9.0
11545,9.0
11546,7.6018
11547,8.0435
11548,7.0
11549,7.6018
11550,7.6018
11551,7.6018
11552,5.0
11553,8.2217
11554,7.6018
11555,7.6018
11556,8.2222
11557,8.75
11558,7.6018
11559,8.8571
11560,9.0
11561,8.0
11562,7.6018
11563,7.6018
11564,6.8
11565,5.0
11566,7.6018
11567,6.5
11568,7.4958
11569,7.6018
11570,8.1429
11571,8.36
11572,7.6018
11573,9.0
11574,8.2727
11575,5.0
11576,8.125
11577,7.2069
11578,10.0
11579,8.0
11580,8.5
11581,8.2222
11582,6.1579
11583,7.6018
11584,7.4667
11585,10.0
11586,1.0
11587,6.9595
11588,7.7778
11589,7.6018
11590,9.5
11591,7.9375
11592,8.5625
11593,8.2857
11594,7.6018
11595,8.5
11596,7.6018
11597,7.0
11598,7.6018
11599,7.6538
11600,10.0
11601,7.6018
11602,7.6018
11603,7.6018
11604,7.6018
11605,7.0
11606,7.6018
11607,7.5135
11608,7.6018
11609,8.1778
11610,8.0
11611,7.6018
11612,7.6018
11613,7.6018
11614,7.6
11615,9.0
11616,9.0
11617,5.0
11618,7.1538
11619,8.2727
11620,8.0
11621,6.6
11622,7.5
11623,7.6018
11624,8.6
11625,7.45
11626,7.2381
11627,7.6018
11628,10.0
11629,9.0
11630,7.6018
11631,6.3333
11632,7.6018
11633,9.7
11634,7.125
11635,7.6018
11636,7.6018
11637,5.75
11638,7.6018
11639,7.0
11640,7.6018
11641,7.6018
11642,7.6018
11643,9.0
11644,7.0
11645,7.8333
11646,8.6
11647,9.2
11648,5.0
11649,7.6018
11650,8.1667
11651,7.6018
11652,7.6018
11653,7.6018
11654,7.4328
11655,10.0
11656,8.2414
11657,7.5
11658,5.9167
11659,7.6018
11660,7.6018
11661,8.0
11662,7.6018
11663,7.6018
11664,7.6018
11665,9.2727
11666,8.5
11667,7.67
11668,7.0
11669,7.7778
11670,7.6018
11671,7.241
11672,7.6018
11673,6.6667
11674,9.5
11675,7.6018
11676,10.0
11677,8.8
11678,8.6842
11679,8.1
11680,7.6018
11681,7.6018
11682,7.6018
11683,7.6018
11684,7.6667
11685,8.0435
11686,9.0
11687,8.35
11688,10.0
11689,7.0
11690,7.6018
11691,6.25
11692,6.6667
11693,7.5
11694,6.8333
11695,8.0
11696,7.5
11697,9.0
11698,7.0
11699,6.6667
11700,8.0417
11701,7.6018
11702,7.6018
11703,7.6018
11704,9.0
11705,8.6667
11706,9.0
11707,9.0
11708,7.6018
11709,8.0
11710,8.0
11711,8.4
11712,7.6018
11713,7.0
11714,7.6018
11715,5.6667
11716,7.5
11717,6.625
11718,8.3793
11719,7.6018
11720,8.0
11721,4.1893
11722,7.2162
11723,7.6018
11724,7.2857
11725,7.6018
11726,7.6018
11727,9.0
11728,7.6018
11729,7.6018
11730,7.6018
11731,8.2217
11732,7.0
11733,7.6018
11734,7.6018
11735,7.5417
11736,7.0741
11737,7.6018
11738,7.6018
11739,7.5385
11740,10.0
11741,9.3333
11742,7.6018
11743,7.4
11744,8.0
11745,7.6018
11746,7.6018
11747,7.1923
11748,7.6018
11749,7.3235
11750,7.6018
11751,1.0
11752,8.0
11753,7.6018
11754,8.0769
11755,7.45
11756,7.6018
11757,7.6018
11758,8.25
11759,10.0
11760,10.0
11761,6.0
11762,7.6018
11763,7.6018
11764,8.0
11765,7.4
11766,10.0
11767,7.908
11768,8.2217
11769,7.4667
11770,7.6018
11771,7.6018
11772,9.0
11773,7.6018
11774,7.7273
11775,7.6018
11776,8.1842
11777,7.6018
11778,8.0
11779,8.25
11780,7.6018
11781,7.6018
11782,6.2857
11783,7.5
11784,7.6018
11785,7.6018
11786,7.6018
11787,7.8125
11788,4.0
11789,7.6018
11790,7.8913
11791,7.6018
11792,7.6018
11793,7.6018
11794,8.2632
11795,7.6018
11796,7.6154
11797,10.0
11798,6.4444
11799,10.0
11800,10.0
11801,10.0
11802,7.6018
11803,7.1
11804,7.0
11805,8.9375
11806,10.0
11807,7.6018
11808,8.08
11809,9.0
11810,7.6018
11811,10.0
11812,7.6018
11813,8.2
11814,7.6018
11815,7.6018
11816,7.6018
11817,7.3333
11818,8.0
11819,7.8125
11820,8.6667
11821,7.7812
11822,7.8889
11823,6.0
11824,7.75
11825,9.0
11826,9.0
11827,7.6018
11828,8.0
11829,7.6018
11830,6.6667
11831,8.5
11832,7.6018
11833,7.6018
11834,6.0
11835,5.0
11836,7.6018
11837,8.0
11838,7.7045
11839,7.6018
11840,7.1364
11841,6.0
11842,7.6018
11843,7.6018
11844,2.0
11845,7.0
11846,7.0
11847,7.0
11848,7.6018
11849,7.6667
11850,7.6018
11851,8.0
11852,7.6018
11853,7.0
11854,7.0
11855,7.0
11856,7.6018
11857,7.6018
11858,7.6018
11859,9.0
11860,7.0
11861,7.6018
11862,7.6018
11863,7.6018
11864,7.6018
11865,8.3333
11866,7.6018
11867,7.6018
11868,7.3191
11869,8.5714
11870,8.0
11871,6.9333
11872,7.6018
11873,7.6018
11874,7.6018
11875,7.6018
11876,7.0
11877,7.6018
11878,7.6018
11879,9.0
11880,7.6018
11881,7.6018
11882,7.2308
11883,7.67
11884,4.0
11885,7.2
11886,10.0
11887,8.6667
11888,7.6667
11889,7.6018
11890,7.6018
11891,7.6018
11892,7.6018
11893,7.0
11894,7.6018
11895,5.0
11896,5.0
11897,8.25
11898,3.0
11899,7.6018
11900,7.0
11901,8.25
11902,7.6018
11903,7.6018
11904,7.6018
11905,7.6018
11906,7.6018
11907,7.6018
11908,7.6018
11909,9.125
11910,9.0
11911,9.0
11912,7.6018
11913,7.6
11914,7.6018
11915,10.0
11916,7.6018
11917,8.0
11918,7.6018
11919,7.6018
11920,6.9595
11921,7.6018
11922,8.25
11923,7.6018
11924,7.6018
11925,7.5
11926,7.6018
11927,8.2
11928,6.6
11929,7.6018
11930,7.6018
11931,7.6018
11932,7.5
11933,7.6923
11934,7.6018
11935,7.6018
11936,7.875
11937,7.6018
11938,7.6018
11939,9.0
11940,8.7609
11941,7.6018
11942,7.8913
11943,10.0
11944,8.2217
11945,7.5
11946,7.6018
11947,7.6018
11948,7.6018
11949,7.6018
11950,7.6018
11951,7.6018
11952,8.9375
11953,8.0
11954,7.6018
11955,7.6018
11956,7.6018
11957,7.6018
11958,7.6018
11959,8.0
11960,7.0
11961,6.8571
11962,7.0
11963,7.6018
11964,10.0
11965,7.6018
11966,8.4
11967,7.6018
11968,7.6667
11969,7.3333
11970,7.6018
11971,7.7348
11972,7.5
11973,7.525
11974,8.0
11975,7.6018
11976,7.6018
11977,7.6018
11978,7.6018
11979,7.6018
11980,8.1637
11981,6.6923
11982,7.6018
11983,10.0
11984,7.6018
11985,8.75
11986,7.6018
11987,8.0
11988,7.6018
11989,7.6018
11990,7.6018
11991,7.6018
11992,7.6018
11993,7.6018
11994,7.8
11995,7.75
11996,7.6018
11997,9.0
11998,7.6018
11999,6.625
12000,6.0
12001,7.0
12002,7.6018
12003,7.6018
12004,7.6018
12005,6.7143
12006,7.6018
12007,10.0
12008,7.6018
12009,7.6018
12010,5.6667
12011,7.6018
12012,6.8571
12013,7.6018
12014,7.6018
12015,8.6
12016,7.0784
12017,7.5
12018,4.1893
12019,7.6018
12020,7.6018
12021,7.0
12022,8.0
12023,7.6018
12024,7.6018
12025,7.6018
12026,8.0435
12027,8.5
12028,7.6018
12029,7.6018
12030,7.9545
12031,7.6018
12032,7.6018
12033,9.1111
12034,7.6018
12035,8.0652
12036,7.6018
12037,7.6842
12038,8.25
12039,7.2857
12040,8.5
12041,7.6018
12042,7.6018
12043,7.5
12044,7.6018
12045,7.6018
12046,7.6842
12047,8.0
12048,8.2857
12049,7.5
12050,7.3333
12051,7.6018
12052,8.6364
12053,7.6757
12054,8.25
12055,7.6018
12056,7.8125
12057,7.6018
12058,7.6176
12059,8.4
12060,1.0
12061,7.6018
12062,7.6018
12063,7.0
12064,7.8889
12065,6.3
12066,8.6
12067,7.6018
12068,7.6018
12069,6.9565
12070,7.6018
12071,7.6018
12072,7.6667
12073,8.1637
12074,8.0
12075,8.5
12076,7.5362
12077,7.6018
12078,8.0
12079,7.4615
12080,7.3462
12081,7.6018
12082,7.6018
12083,7.6018
12084,7.32
12085,8.2857
12086,10.0
12087,7.6018
12088,7.5294
12089,7.7
12090,7.1163
12091,7.5
12092,7.6018
12093,7.6018
12094,7.0
12095,9.1667
12096,7.2
12097,8.2217
12098,7.6018
12099,7.9231
12100,7.6018
12101,6.8333
12102,7.6018
12103,7.6018
12104,7.6667
12105,9.0
12106,8.0
12107,7.375
12108,7.3333
12109,7.6018
12110,7.125
12111,10.0
12112,7.6018
12113,8.0
12114,7.6018
12115,7.6018
12116,7.0
12117,8.2217
12118,8.6
12119,7.0
12120,7.4
12121,7.0
12122,7.6018
12123,6.0
12124,7.7143
12125,8.0
12126,7.6018
12127,7.5
12128,8.6111
12129,7.908
12130,7.6018
12131,8.0417
12132,7.6018
12133,7.6018
12134,7.6018
12135,7.7895
12136,7.6018
12137,7.6018
12138,6.0
12139,7.6018
12140,8.2857
12141,7.6018
12142,8.0
12143,8.12
12144,7.7045
12145,7.6018
12146,7.6018
12147,9.0
12148,7.6018
12149,7.6018
12150,9.0
12151,7.6018
12152,7.6018
12153,7.6018
12154,7.5278
12155,9.0
12156,8.5
12157,8.0769
12158,7.6018
12159,7.6018
12160,7.75
12161,7.6018
12162,8.0652
12163,8.5625
12164,8.0
12165,5.0
12166,8.7143
12167,7.6018
12168,7.6018
12169,7.6018
12170,8.5
12171,7.6018
12172,8.625
12173,10.0
12174,7.6018
12175,7.8333
12176,7.3333
12177,7.6018
12178,7.241
12179,4.1893
12180,7.6018
12181,7.8095
12182,7.6018
12183,8.4
12184,7.6018
12185,7.6018
12186,9.0
12187,7.8
12188,7.6018
12189,7.5
12190,7.6018
12191,9.0
12192,6.0556
12193,8.0
12194,7.6018
12195,8.0
12196,6.5
12197,7.6018
12198,9.0
12199,7.9375
12200,6.4545
12201,8.0
12202,7.6018
12203,7.5
12204,7.6018
12205,7.5
12206,7.6018
12207,8.5
12208,6.5
12209,7.6018
12210,8.2941
12211,7.5556
12212,6.6667
12213,7.9524
12214,7.3
12215,7.6018
12216,8.5625
12217,6.9333
12218,7.6538
12219,7.6018
12220,3.0
12221,7.2222
12222,7.6018
12223,8.2222
12224,6.625
12225,7.6018
12226,3.0
12227,9.0
12228,7.6018
12229,8.0976
12230,6.625
12231,8.3333
12232,10.0
12233,8.0
12234,7.6018
12235,8.1667
12236,8.3333
12237,5.25
12238,7.6018
12239,7.4821
12240,7.6018
12241,7.3333
12242,7.6018
12243,5.0
12244,7.0
12245,7.1333
12246,5.0
12247,7.2
12248,7.6018
12249,7.5
12250,7.0
12251,7.6018
12252,7.6018
12253,7.6018
12254,7.7667
12255,9.0
12256,7.1111
12257,6.2857
12258,8.0652
12259,7.6018
12260,8.4667
12261,7.5556
12262,7.0
12263,8.2
12264,7.6018
12265,7.6018
12266,7.6018
12267,7.6018
12268,7.6018
12269,8.375
12270,7.6018
12271,5.0
12272,7.6018
12273,7.6018
12274,7.6018
12275,7.9561
12276,7.6018
12277,8.0
12278,7.6018
12279,5.0
12280,7.6018
12281,7.6018
12282,7.6018
12283,7.4328
12284,8.0
12285,5.0
12286,6.4167
12287,7.6018
12288,7.6018
12289,7.6018
12290,7.6018
12291,7.6018
12292,7.6018
12293,7.6018
12294,5.0
12295,7.6018
12296,5.0
12297,7.6018
12298,8.0
12299,7.6018
12300,7.5
12301,7.9437
12302,7.6018
12303,7.5
12304,7.6018
12305,7.9474
12306,7.5
12307,7.6018
12308,3.5
12309,8.0
12310,5.0
12311,7.6018
12312,6.8889
12313,9.25
12314,7.6018
12315,8.7609
12316,7.6018
12317,7.6018
12318,7.3077
12319,7.6018
12320,7.7348
12321,6.7778
12322,8.0
12323,7.6018
12324,7.6018
12325,7.1013
12326,7.6018
12327,8.0
12328,5.0
12329,7.6018
12330,4.1893
12331,7.9091
12332,9.0
12333,8.3333
12334,7.6018
12335,8.0
12336,7.7119
12337,4.1893
12338,7.6018
12339,1.0
12340,7.6018
12341,10.0
12342,9.5
12343,8.3333
12344,10.0
12345,8.0
12346,7.6018
12347,9.0
12348,7.8571
12349,7.2
12350,6.5
12351,7.6018
12352,8.2857
12353,9.0
12354,9.5
12355,7.6018
12356,7.6018
12357,8.6182
12358,7.6018
12359,7.6018
12360,8.2414
12361,7.6018
12362,8.4667
12363,7.6018
12364,7.6018
12365,7.1667
12366,7.3333
12367,8.0
12368,7.6018
12369,8.8
12370,7.6018
12371,7.6018
12372,8.4
12373,8.6667
12374,7.5
12375,8.9333
12376,8.3939
12377,7.6667
12378,7.7857
12379,8.4
12380,7.6018
12381,6.9167
12382,7.6018
12383,7.6018
12384,7.6018
12385,7.6018
12386,7.6018
12387,8.0
12388,8.25
12389,7.6018
12390,5.6667
12391,5.0
12392,8.3636
12393,8.2857
12394,8.3333
12395,7.6018
12396,8.0
12397,7.5
12398,8.2083
12399,7.0
12400,7.6018
12401,7.8148
12402,7.6018
12403,8.5
12404,5.0
12405,7.6018
12406,7.6018
12407,6.5
12408,7.6018
12409,7.6018
12410,7.4328
12411,6.0
12412,7.6018
12413,7.6018
12414,7.6018
12415,7.125
12416,7.6018
12417,9.3333
12418,7.6018
12419,7.0
12420,7.0
12421,7.0
12422,7.6018
12423,7.6018
12424,7.5
12425,9.6667
12426,7.6018
12427,7.7333
12428,7.6018
12429,10.0
12430,8.25
12431,8.5
12432,7.6018
12433,8.25
12434,7.6018
12435,8.7
12436,10.0
12437,4.5
12438,7.6018
12439,7.4659
12440,7.6018
12441,7.2308
12442,7.7619
12443,10.0
12444,7.4667
12445,7.6018
12446,7.6018
12447,7.6018
12448,8.2
12449,7.5
12450,7.5
12451,10.0
12452,8.0
12453,6.5
12454,7.0
12455,7.5
12456,8.0
12457,7.6018
12458,7.6018
12459,7.6018
12460,10.0
12461,8.3333
12462,7.3333
12463,7.6667
12464,6.0
12465,7.6018
12466,8.0
12467,7.0
12468,8.0
12469,7.6018
12470,7.6018
12471,8.2647
12472,7.1
12473,5.0
12474,8.0
12475,7.6018
12476,9.0
12477,7.6018
12478,7.6018
12479,9.5
12480,7.6018
12481,7.6018
12482,7.6018
12483,6.9565
12484,8.6667
12485,7.6018
12486,7.6018
12487,7.6018
12488,7.75
12489,7.6018
12490,9.0
12491,7.0
12492,6.8571
12493,8.0
12494,8.0
12495,7.2
12496,7.8125
12497,7.36
12498,7.5
12499,8.12
12500,6.5
12501,7.6018
12502,7.6018
12503,7.3333
12504,8.6
12505,9.2
12506,8.0
12507,7.6018
12508,7.6018
12509,7.6018
12510,10.0
12511,9.3333
12512,5.0
12513,9.0
12514,7.6018
12515,7.6018
12516,8.6667
12517,7.6018
12518,7.4
12519,7.6018
12520,8.0
12521,7.6018
12522,7.0
12523,5.3333
12524,8.25
12525,4.5
12526,7.7045
12527,9.0
12528,7.4667
12529,8.3333
12530,8.04
12531,8.5556
12532,5.0
12533,4.1893
12534,7.6018
12535,7.25
12536,7.6018
12537,9.2
12538,5.0
12539,7.5
12540,7.6018
12541,7.6018
12542,7.9487
12543,6.6
12544,7.5
12545,7.7119
12546,7.6018
12547,7.2727
12548,8.1637
12549,8.0303
12550,6.5
12551,7.6154
12552,7.6018
12553,9.3333
12554,8.0
12555,7.6018
12556,8.0
12557,7.6018
12558,7.6018
12559,9.0
12560,7.6018
12561,7.7667
12562,5.0
12563,7.5278
12564,9.0
12565,7.8333
12566,6.7143
12567,7.2727
12568,7.8333
12569,7.5714
12570,7.6018
12571,7.6018
12572,8.4762
12573,7.6018
12574,7.6018
12575,7.6018
12576,7.6667
12577,7.6018
12578,7.9375
12579,7.6018
12580,10.0
12581,8.2941
12582,8.3846
12583,8.5
12584,7.1212
12585,8.0
12586,7.5294
12587,7.6018
12588,7.6018
12589,7.6018
12590,7.6018
12591,10.0
12592,7.6018
12593,7.6018
12594,8.3939
12595,7.6018
12596,7.6018
12597,7.6522
12598,5.5
12599,7.6018
12600,8.0
12601,7.6018
12602,7.1212
12603,7.5
12604,7.6018
12605,7.6018
12606,7.0
12607,7.6018
12608,8.092
12609,7.717
12610,8.5714
12611,7.6018
12612,4.1893
12613,7.6018
12614,7.6018
12615,6.6
12616,7.6018
12617,6.5
12618,7.6018
12619,7.5424
12620,7.6018
12621,7.25
12622,7.6018
12623,8.3333
12624,5.5
12625,7.5
12626,7.6018
12627,7.6667
12628,7.1111
12629,8.0
12630,7.6018
12631,7.6018
12632,7.6018
12633,7.6018
12634,8.0
12635,7.0
12636,7.2
12637,6.2
12638,7.6018
12639,8.0976
12640,7.6018
12641,7.6018
12642,7.6018
12643,8.5
12644,7.6018
12645,7.625
12646,8.1429
12647,8.8571
12648,7.6018
12649,7.6018
12650,7.6018
12651,7.0
12652,7.6018
12653,7.0
12654,7.6018
12655,7.3333
12656,5.6667
12657,8.0
12658,7.3548
12659,9.0
12660,8.0
12661,9.0
12662,7.6018
12663,7.8571
12664,7.6018
12665,7.6018
12666,6.5
12667,8.0
12668,7.6018
12669,7.6757
12670,7.6018
12671,8.0
12672,7.6018
12673,7.6018
12674,9.0
12675,7.6018
12676,7.6018
12677,10.0
12678,7.6018
12679,9.0
12680,8.6667
12681,8.5556
12682,7.4444
12683,7.6018
12684,8.2857
12685,7.6018
12686,7.6018
12687,8.08
12688,7.6018
12689,4.1893
12690,8.2857
12691,7.6018
12692,7.6018
12693,7.1667
12694,7.6018
12695,7.6018
12696,8.3
12697,8.0
12698,5.875
12699,7.0
12700,7.6018
12701,7.9848
12702,5.0625
12703,7.6018
12704,7.6667
12705,7.6018
12706,7.6018
12707,7.6018
12708,8.5714
12709,8.1667
12710,8.6667
12711,7.6018
12712,7.75
12713,8.0
12714,7.7273
12715,7.6018
12716,8.0
12717,9.2
12718,7.5
12719,7.6923
12720,7.6018
12721,7.6018
12722,4.0
12723,9.0
12724,8.0
12725,8.0
12726,7.6018
12727,7.6018
12728,10.0
12729,7.6018
12730,9.0
12731,7.5
12732,5.0
12733,4.1893
12734,5.0
12735,7.6018
12736,10.0
12737,8.0
12738,7.0
12739,7.6018
12740,9.6667
12741,7.6018
12742,10.0
12743,9.0
12744,7.3333
12745,7.8667
12746,7.4958
12747,7.9091
12748,6.8333
12749,7.6757
12750,7.6018
12751,7.6018
12752,4.1893
12753,8.0
12754,7.6018
12755,7.6018
12756,7.5
12757,8.0513
12758,7.5263
12759,8.3333
12760,9.0
12761,7.6018
12762,7.6018
12763,7.6018
12764,7.6018
12765,6.0
12766,7.6018
12767,7.6018
12768,7.6018
12769,8.4694
12770,7.5
12771,8.4
12772,7.6018
12773,7.6018
12774,7.2609
12775,7.6018
12776,7.6018
12777,7.0
12778,7.0
12779,9.1111
12780,8.0
12781,7.65
12782,8.4667
12783,8.5455
12784,6.4
12785,7.6018
12786,7.5
12787,8.0
12788,7.6018
12789,8.75
12790,8.0
12791,7.6018
12792,7.6018
12793,7.6018
12794,10.0
12795,7.8571
12796,7.3
12797,7.7119
12798,9.0
12799,7.0
12800,8.0
12801,9.0
12802,7.0
12803,7.6018
12804,7.7045
12805,7.6111
12806,8.0
12807,6.0
12808,8.5385
12809,7.6018
12810,9.0
12811,9.0
12812,7.6667
12813,7.6018
12814,7.0
12815,7.6018
12816,7.6018
12817,7.6018
12818,8.8
12819,7.6018
12820,7.6018
12821,10.0
12822,7.75
12823,7.1667
12824,7.25
12825,7.6018
12826,7.0
12827,7.6018
12828,5.5
12829,7.8
12830,7.1463
12831,7.6018
12832,7.6018
12833,9.3333
12834,9.0
12835,7.6018
12836,9.0862
12837,7.6018
12838,7.6018
12839,7.2727
12840,6.97
12841,8.0652
12842,7.6018
12843,7.6
12844,7.6018
12845,8.6182
12846,7.9231
12847,7.6018
12848,7.6018
12849,7.6018
12850,7.6018
12851,7.6018
12852,7.5
12853,7.6018
12854,7.7778
12855,7.6176
12856,8.1667
12857,6.0
12858,7.6018
12859,7.1071
12860,8.5556
12861,7.6018
12862,7.7222
12863,7.5385
12864,7.6018
12865,7.0
12866,10.0
12867,7.6018
12868,7.6018
12869,7.6018
12870,7.1111
12871,7.6018
12872,5.0
12873,6.9565
12874,5.0
12875,7.6018
12876,8.5385
12877,9.5
12878,7.6018
12879,7.6018
12880,8.5
12881,7.6018
12882,8.6111
12883,7.5
12884,8.0652
12885,5.8333
12886,8.0976
12887,7.6018
12888,7.6018
12889,7.2222
12890,7.6018
12891,7.5
12892,7.625
12893,7.6018
12894,7.0
12895,9.0
12896,7.6018
12897,7.6018
12898,10.0
12899,7.6018
12900,7.1538
12901,8.1765
12902,7.6018
12903,4.1893
12904,6.97
12905,7.6018
12906,8.0
12907,7.8333
12908,7.5
12909,8.4
12910,8.0
12911,8.7857
12912,7.6018
12913,7.6667
12914,7.0
12915,7.6018
12916,7.6018
12917,7.6018
12918,7.6018
12919,7.6018
12920,7.7045
12921,7.6018
12922,7.6018
12923,5.0
12924,7.1667
12925,7.6018
12926,7.6018
12927,5.0
12928,7.6018
12929,8.1429
12930,7.6018
12931,8.6182
12932,7.625
12933,6.0
12934,7.6018
12935,7.6018
12936,6.7143
12937,8.8
12938,7.6018
12939,8.0
12940,7.6018
12941,7.6018
12942,8.0
12943,5.0
12944,7.6018
12945,7.6018
12946,7.0
12947,6.0
12948,7.36
12949,8.0
12950,10.0
12951,7.6018
12952,9.0
12953,7.6018
12954,6.75
12955,7.6018
12956,5.5
12957,7.0571
12958,7.6018
12959,7.6452
12960,7.6018
12961,7.6018
12962,7.9459
12963,9.0
12964,8.0652
12965,7.9048
12966,7.0
12967,7.6018
12968,7.1
12969,7.6018
12970,7.375
12971,7.0
12972,6.6667
12973,7.8182
12974,7.4444
12975,7.4
12976,7.6018
12977,7.7143
12978,6.5
12979,7.0
12980,7.6018
12981,7.6018
12982,7.4958
12983,7.6018
12984,7.6018
12985,7.6018
12986,7.6018
12987,7.6018
12988,9.0
12989,7.6018
12990,8.0
12991,7.6018
12992,6.625
12993,8.5385
12994,10.0
12995,8.3
12996,7.6018
12997,6.0
12998,7.6018
12999,7.6018
13000,7.6018
13001,7.5
13002,7.6018
13003,8.0435
13004,5.0
13005,7.6018
13006,7.6018
13007,7.0
13008,8.1923
13009,6.0
13010,8.25
13011,7.5
13012,7.6018
13013,9.0
13014,8.0
13015,7.6018
13016,7.6018
13017,7.5
13018,8.1637
13019,8.25
13020,8.3333
13021,8.2414
13022,8.2069
13023,7.6018
13024,8.0
13025,7.6018
13026,8.0652
13027,7.3
13028,7.5
13029,8.75
13030,7.5
13031,6.8235
13032,7.0667
13033,8.5
13034,7.6018
13035,7.6018
13036,7.76
13037,7.6018
13038,7.6018
13039,6.3571
13040,7.6018
13041,7.6018
13042,7.6018
13043,7.6018
13044,7.6018
13045,7.5833
13046,9.0
13047,7.6018
13048,8.2
13049,7.6018
13050,7.0
13051,7.15
13052,7.6018
13053,9.3333
13054,6.0
13055,7.5
13056,7.6018
13057,7.6018
13058,9.2
13059,8.6667
13060,7.6018
13061,7.1111
13062,7.0
13063,8.25
13064,7.6018
13065,6.0
13066,7.6018
13067,8.7778
13068,7.0
13069,7.6018
13070,6.8333
13071,9.0
13072,8.0
13073,7.6018
13074,7.6018
13075,7.5
13076,9.5
13077,7.6018
13078,8.8065
13079,7.4328
13080,7.9091
13081,7.6018
13082,7.6018
13083,8.2217
13084,8.0
13085,8.56
13086,7.6018
13087,10.0
13088,7.6018
13089,7.0571
13090,6.9595
13091,7.6018
13092,6.1667
13093,7.6018
13094,7.0
13095,7.6018
13096,7.6018
13097,7.6018
13098,7.95
13099,7.4328
13100,5.6667
13101,7.6018
13102,3.0
13103,7.8065
13104,7.6018
13105,7.6018
13106,7.6018
13107,7.6018
13108,6.6667
13109,9.0
13110,8.1333
13111,7.6018
13112,7.6018
13113,6.6
13114,8.0
13115,9.0
13116,7.2381
13117,7.6018
13118,7.9615
13119,7.6018
13120,7.6018
13121,7.6018
13122,6.75
13123,7.6018
13124,7.6018
13125,7.0
13126,7.6018
13127,6.0909
13128,7.6018
13129,6.9792
13130,7.8
13131,7.6018
13132,10.0
13133,7.6018
13134,4.1893
13135,9.0
13136,8.2222
13137,7.6018
13138,8.3846
13139,8.5
13140,7.6018
13141,7.6018
13142,8.0
13143,7.6018
13144,7.5758
13145,7.6018
13146,7.0
13147,7.6018
13148,7.6018
13149,8.0435
13150,8.0
13151,5.5
13152,7.6018
13153,7.6018
13154,5.5
13155,7.375
13156,5.0
13157,7.6018
13158,7.9048
13159,7.6018
13160,7.0
13161,8.1667
13162,7.6018
13163,7.1013
13164,8.0
13165,7.7273
13166,7.8333
13167,7.6667
13168,7.1013
13169,7.6018
13170,6.5
13171,7.0
13172,8.0
13173,7.6018
13174,7.6018
13175,7.0
13176,9.3333
13177,7.0
13178,9.5
13179,7.6018
13180,7.6018
13181,5.0
13182,7.7447
13183,10.0
13184,7.6757
13185,7.6018
13186,7.6018
13187,5.0
13188,7.0
13189,6.9595
13190,7.3333
13191,8.1667
13192,7.7692
13193,7.6018
13194,6.0
13195,7.6018
13196,7.6018
13197,8.0
13198,7.8571
13199,8.0
13200,7.25
13201,7.6018
13202,8.2174
13203,7.6667
13204,7.4286
13205,8.6667
13206,7.6018
13207,7.6018
13208,7.241
13209,7.2453
13210,7.6018
13211,7.6018
13212,7.6018
13213,9.0
13214,7.6
13215,7.6
13216,7.5
13217,8.1519
13218,8.2
13219,7.6018
13220,7.1923
13221,7.6018
13222,7.0
13223,7.6018
13224,7.5556
13225,7.6018
13226,7.6018
13227,6.0
13228,6.0
13229,7.6018
13230,7.6018
13231,7.9561
13232,7.6018
13233,8.6667
13234,7.6018
13235,7.0
13236,8.0732
13237,6.8889
13238,7.6018
13239,7.6018
13240,7.6018
13241,7.6018
13242,7.6018
13243,7.6018
13244,7.1333
13245,7.5
13246,8.0
13247,7.6018
13248,7.6018
13249,7.6018
13250,7.6018
13251,3.0
13252,5.0
13253,7.6018
13254,7.6018
13255,8.5882
13256,7.6018
13257,7.7348
13258,7.6018
13259,7.0
13260,9.5
13261,8.0
13262,8.5333
13263,6.6
13264,9.0
13265,8.4
13266,7.6018
13267,7.75
13268,6.5
13269,8.092
13270,9.3333
13271,8.2
13272,7.6018
13273,7.8667
13274,9.5
13275,8.5
13276,7.6018
13277,7.5
13278,5.0
13279,7.9459
13280,7.6018
13281,10.0
13282,6.7143
13283,9.0
13284,7.6018
13285,9.0
13286,7.6018
13287,9.5
13288,8.0
13289,8.3846
13290,5.0
13291,7.6018
13292,7.6018
13293,6.3333
13294,8.0
13295,7.0
13296,7.6018
13297,7.5
13298,9.0
13299,7.6018
13300,7.6018
13301,8.0
13302,7.0
13303,7.6018
13304,7.6018
13305,7.6018
13306,7.6018
13307,7.75
13308,7.75
13309,7.6018
13310,8.0652
13311,7.0
13312,5.0
13313,7.6018
13314,7.5
13315,7.1013
13316,7.36
13317,7.525
13318,8.0
13319,7.6018
13320,7.0
13321,7.5
13322,7.6018
13323,7.6018
13324,9.2222
13325,8.2
13326,7.25
13327,7.6018
13328,7.3
13329,8.7857
13330,10.0
13331,7.6018
13332,7.6018
13333,6.8571
13334,7.6018
13335,7.6018
13336,7.4328
13337,8.0
13338,7.0
13339,7.0
13340,7.7119
13341,9.2
13342,10.0
13343,7.6018
13344,7.6018
13345,7.6667
13346,8.5
13347,7.4706
13348,8.0
13349,8.2727
13350,7.6018
13351,7.6018
13352,8.4167
13353,8.5
13354,4.1893
13355,7.0
13356,8.8182
13357,7.6018
13358,7.6018
13359,7.6018
13360,7.6018
13361,7.6018
13362,7.6018
13363,7.6018
13364,7.6667
13365,8.2
13366,7.6018
13367,7.6018
13368,7.0
13369,8.5
13370,7.6018
13371,7.0
13372,8.1778
13373,9.0
13374,8.4
13375,7.3636
13376,8.1637
13377,7.6018
13378,7.6018
13379,7.6018
13380,10.0
13381,8.5
13382,10.0
13383,7.6018
13384,7.6018
13385,8.6667
13386,8.2
13387,5.0
13388,8.3333
13389,7.6018
13390,6.1579
13391,8.092
13392,6.8889
13393,5.0
13394,7.6018
13395,5.5
13396,7.3438
13397,5.2857
13398,7.6018
13399,7.3333
13400,7.8333
13401,7.6018
13402,7.6018
13403,7.6018
13404,8.0
13405,7.5
13406,8.2308
13407,7.6018
13408,5.0
13409,7.3333
13410,7.4286
13411,7.4958
13412,7.6018
13413,7.375
13414,7.717
13415,7.6018
13416,7.6018
13417,7.6018
13418,7.6018
13419,7.6018
13420,7.0
13421,8.1778
13422,7.6018
13423,7.2
13424,7.0
13425,7.6018
13426,8.0
13427,9.0
13428,7.6018
13429,7.2857
13430,7.6018
13431,7.4167
13432,7.6018
13433,5.0
13434,7.6018
13435,7.6018
13436,6.4
13437,10.0
13438,7.6018
13439,7.6018
13440,8.0
13441,6.0625
13442,7.6018
13443,7.3333
13444,7.0
13445,7.6018
13446,8.25
13447,7.6018
13448,9.0
13449,7.6018
13450,9.0862
13451,7.6018
13452,7.6018
13453,7.6018
13454,7.6018
13455,7.6018
13456,7.6018
13457,10.0
13458,8.0
13459,7.6018
13460,8.5
13461,7.6018
13462,7.6018
13463,7.6018
13464,7.6018
13465,6.9375
13466,7.4958
13467,7.6018
13468,8.2632
13469,7.2727
13470,10.0
13471,7.6018
13472,7.6018
13473,7.6018
13474,7.6018
13475,10.0
13476,9.0
13477,8.0
13478,7.6018
13479,7.6018
13480,7.6018
13481,6.5
13482,8.4694
13483,8.8
13484,7.6018
13485,8.2353
13486,7.6018
13487,7.6018
13488,7.0
13489,6.5
13490,7.6018
13491,5.75
13492,8.0
13493,7.6018
13494,7.2941
13495,7.3462
13496,7.6018
13497,7.6018
13498,6.0
13499,7.6018
13500,8.0
13501,7.6018
13502,7.6018
13503,7.6018
13504,8.0
13505,7.6018
13506,8.0
13507,8.1
13508,7.4231
13509,7.125
13510,8.1538
13511,7.6018
13512,7.6018
13513,6.5
13514,7.6018
13515,7.5789
13516,8.0526
13517,8.5385
13518,10.0
13519,7.6018
13520,8.0
13521,5.5625
13522,7.75
13523,7.1923
13524,8.5
13525,7.6018
13526,7.8667
13527,8.5
13528,7.6
13529,7.6018
13530,7.7692
13531,7.1212
13532,7.6018
13533,7.5
13534,5.0
13535,8.5
13536,8.25
13537,7.6018
13538,9.0
13539,5.875
13540,7.6018
13541,7.6018
13542,6.25
13543,7.6018
13544,7.7692
13545,7.6018
13546,8.4167
13547,8.5
13548,7.2353
13549,7.6829
13550,7.6018
13551,8.7609
13552,7.6018
13553,7.0
13554,6.6667
13555,8.0
13556,6.0
13557,7.6018
13558,7.8
13559,8.5
13560,9.25
13561,7.6018
13562,9.1667
13563,9.0
13564,10.0
13565,10.0
13566,6.5
13567,7.0
13568,7.0
13569,7.6018
13570,7.641
13571,8.0
13572,9.0
13573,6.5
13574,10.0
13575,8.1667
13576,7.6018
13577,8.0652
13578,8.1667
13579,7.3125
13580,8.1333
13581,7.6667
13582,7.6018
13583,7.6018
13584,7.5263
13585,7.6018
13586,7.8936
13587,7.6018
13588,7.6018
13589,7.6018
13590,7.6018
13591,8.2857
13592,10.0
13593,7.6018
13594,7.2857
13595,6.0
13596,6.0
13597,7.6018
13598,7.0
13599,7.717
13600,8.0
13601,6.6667
13602,7.8065
13603,7.6018
13604,7.6018
13605,8.0
13606,7.9459
13607,6.1667
13608,8.5
13609,8.3846
13610,8.1637
13611,7.6018
13612,7.6018
13613,10.0
13614,5.5714
13615,7.7447
13616,7.7143
13617,7.0
13618,8.0976
13619,5.0
13620,7.4958
13621,7.0
13622,7.6018
13623,7.4545
13624,7.6018
13625,7.4286
13626,7.4328
13627,7.6018
13628,8.75
13629,8.5
13630,7.6018
13631,7.6018
13632,7.6018
13633,7.875
13634,6.0
13635,7.625
13636,7.6018
13637,10.0
13638,8.8065
13639,7.6018
13640,8.0968
13641,7.0
13642,2.0
13643,8.9286
13644,7.6018
13645,7.8333
13646,7.6018
13647,10.0
13648,7.6018
13649,7.6018
13650,8.0
13651,7.6018
13652,6.6667
13653,7.8333
13654,7.6018
13655,8.0
13656,7.6018
13657,7.6018
13658,7.6018
13659,4.0
13660,7.6018
13661,8.0
13662,9.0
13663,6.0
13664,7.6018
13665,5.5
13666,10.0
13667,7.0
13668,7.5362
13669,6.0
13670,7.5424
13671,7.6018
13672,7.6018
13673,7.5294
13674,7.6018
13675,7.0
13676,7.6018
13677,9.0
13678,8.0
13679,6.0
13680,8.125
13681,7.6018
13682,7.6018
13683,7.6018
13684,7.717
13685,8.5
13686,7.1667
13687,7.6018
13688,7.0
13689,7.0
13690,7.7826
13691,7.0
13692,7.6018
13693,7.7778
13694,7.6018
13695,7.6018
13696,8.2857
13697,7.5
13698,10.0
13699,7.6018
13700,6.1667
13701,8.5
13702,8.2353
13703,7.6018
13704,7.6018
13705,9.5
13706,8.2217
13707,8.6667
13708,8.125
13709,8.0
13710,7.0
13711,5.5
13712,6.0
13713,7.5
13714,7.6018
13715,6.4
13716,7.6018
13717,7.6018
13718,7.6018
13719,8.0652
13720,7.6018
13721,7.6018
13722,7.6018
13723,8.0
13724,7.6018
13725,10.0
13726,7.6018
13727,7.5625
13728,7.6018
13729,7.2857
13730,8.0
13731,7.6018
13732,7.0
13733,7.6018
13734,6.0
13735,7.4286
13736,8.0
13737,6.6667
13738,8.2
13739,8.092
13740,7.6018
13741,7.6018
13742,7.2
13743,6.0
13744,7.3548
13745,7.6018
13746,7.6018
13747,7.6018
13748,8.2222
13749,7.6018
13750,7.6018
13751,6.0
13752,7.6018
13753,7.9333
13754,7.4231
13755,5.0
13756,7.6018
13757,5.0
13758,7.6018
13759,7.6018
13760,6.5
13761,7.6018
13762,7.6018
13763,7.6018
13764,7.6018
13765,7.8889
13766,6.9444
13767,7.7045
13768,5.0
13769,7.95
13770,5.0
13771,6.0
13772,8.125
13773,7.6018
13774,10.0
13775,6.0556
13776,7.9048
13777,7.6018
13778,8.0
13779,7.6018
13780,6.0
13781,7.9
13782,6.0
13783,8.6667
13784,8.75
13785,8.3913
13786,7.6018
13787,7.6018
13788,7.6018
13789,10.0
13790,7.6018
13791,8.0
13792,9.0
13793,7.4667
13794,7.6018
13795,8.2217
13796,7.6018
13797,8.9333
13798,7.0
13799,7.75
13800,7.6018
13801,4.0
13802,7.6018
13803,7.6018
13804,10.0
13805,7.6018
13806,9.0
13807,9.0
13808,7.6018
13809,7.6018
13810,7.3333
13811,9.5
13812,7.6667
13813,7.0
13814,7.0
13815,7.6018
13816,8.7143
13817,6.4167
13818,8.5833
13819,9.0
13820,7.6018
13821,7.6018
13822,7.9545
13823,9.25
13824,7.6018
13825,7.6018
13826,8.0
13827,9.0
13828,7.6018
13829,7.6018
13830,6.5
13831,8.3793
13832,7.6018
13833,7.6018
13834,8.4
13835,7.8421
13836,6.5
13837,7.6018
13838,7.6018
13839,6.0
13840,7.6667
13841,8.1613
13842,10.0
13843,7.5
13844,7.6018
13845,7.6018
13846,7.6018
13847,7.0
13848,7.9545
13849,7.8065
13850,7.125
13851,9.0
13852,7.2222
13853,7.6018
13854,7.908
13855,7.6018
13856,7.6018
13857,7.5
13858,7.1667
13859,7.5
13860,8.4717
13861,8.0
13862,10.0
13863,7.6018
13864,7.6018
13865,7.75
13866,7.6018
13867,9.0
13868,8.4
13869,7.4286
13870,7.6018
13871,3.0
13872,7.6018
13873,8.2857
13874,8.0
13875,8.0
13876,7.6018
13877,7.4328
13878,9.25
13879,8.4762
13880,7.6018
13881,7.6018
13882,7.6018
13883,7.6018
13884,7.6018
13885,7.6018
13886,7.6018
13887,5.0
13888,8.32
13889,8.0
13890,8.5
13891,7.525
13892,7.3191
13893,7.6018
13894,7.3191
13895,5.0
13896,8.2
13897,8.1724
13898,7.6018
13899,3.0
13900,10.0
13901,8.0732
13902,7.0
13903,8.56
13904,9.0
13905,7.8065
13906,7.6018
13907,7.6018
13908,7.6018
13909,7.6018
13910,7.6018
13911,7.6018
13912,7.6018
13913,8.7143
13914,7.6018
13915,7.6018
13916,7.2857
13917,7.6018
13918,7.5294
13919,7.6018
13920,7.6018
13921,7.1163
13922,7.6018
13923,7.6018
13924,7.5238
13925,7.6018
13926,8.8
13927,7.1923
13928,7.9518
13929,7.525
13930,6.5
13931,8.0
13932,9.5
13933,7.6018
13934,7.6018
13935,7.6018
13936,6.5
13937,8.0
13938,7.6018
13939,6.9595
13940,7.6018
13941,7.6018
13942,7.6018
13943,7.6018
13944,7.6018
13945,8.1667
13946,7.6018
13947,8.4
13948,7.6018
13949,6.9565
13950,7.2609
13951,5.0
13952,7.6018
13953,7.0784
13954,7.6018
13955,8.0
13956,7.6018
13957,7.6018
13958,7.6296
13959,7.2
13960,7.75
13961,7.6018
13962,7.5625
13963,6.0
13964,7.6018
13965,7.6842
13966,7.6018
13967,7.7447
13968,7.6018
13969,7.6018
13970,8.75
13971,7.9091
13972,7.6018
13973,7.75
13974,7.6018
13975,7.6018
13976,7.6018
13977,7.75
13978,7.6018
13979,7.6757
13980,7.6018
13981,7.0
13982,7.0
13983,4.0
13984,7.6018
13985,7.8182
13986,9.0
13987,7.6667
13988,7.6018
13989,8.0
13990,7.6018
13991,7.6018
13992,9.0
13993,7.6018
13994,7.5
13995,7.6667
13996,7.6018
13997,8.0
13998,7.6018
13999,7.5
14000,3.0
14001,7.6018
14002,8.1538
14003,7.8
14004,7.6018
14005,7.6018
14006,7.6018
14007,7.0
14008,7.6018
14009,8.6667
14010,7.5
14011,7.6018
14012,8.4444
14013,8.1111
14014,7.4659
14015,7.6018
14016,7.2222
14017,8.1667
14018,8.1519
14019,7.6018
14020,9.0
14021,7.0
14022,8.25
14023,7.6018
14024,6.0
14025,7.6018
14026,9.0
14027,6.375
14028,9.0
14029,8.2632
14030,8.5
14031,8.5
14032,6.3333
14033,7.6018
14034,8.0
14035,8.8
14036,7.6018
14037,7.6018
14038,7.6018
14039,10.0
14040,7.6018
14041,10.0
14042,5.0
14043,7.6018
14044,10.0
14045,6.4545
14046,8.6667
14047,3.0
14048,6.0
14049,7.4328
14050,7.6018
14051,7.4
14052,9.0
14053,7.75
14054,7.6018
14055,7.0
14056,9.0
14057,6.9565
14058,7.6018
14059,6.6
14060,7.6018
14061,7.6018
14062,8.0
14063,7.9545
14064,8.75
14065,7.6018
14066,7.6018
14067,9.0
14068,7.6018
14069,9.0
14070,8.0
14071,6.97
14072,8.4286
14073,8.5
14074,7.6018
14075,9.0
14076,7.6018
14077,7.6018
14078,7.3333
14079,7.5
14080,7.7273
14081,7.6018
14082,6.6667
14083,5.0
14084,7.1923
14085,8.5
14086,7.6018
14087,7.6018
14088,7.6842
14089,7.6018
14090,7.6018
14091,10.0
14092,7.6018
14093,7.9048
14094,6.9792
14095,8.0
14096,7.6018
14097,6.6667
14098,7.6018
14099,7.5417
14100,7.6018
14101,10.0
14102,7.6018
14103,8.5
14104,8.08
14105,7.6018
14106,7.6538
14107,7.0
14108,7.7222
14109,7.6018
14110,8.1333
14111,5.5
14112,7.6018
14113,7.6018
14114,7.6018
14115,8.3846
14116,9.0
14117,8.25
14118,7.0
14119,7.6018
14120,7.6018
14121,7.0
14122,7.7143
14123,6.0
14124,7.6018
14125,7.5362
14126,7.6018
14127,7.6018
14128,8.2069
14129,10.0
14130,8.75
14131,7.6018
14132,7.6018
14133,7.6018
14134,7.6018
14135,8.5625
14136,7.3846
14137,8.5
14138,6.5
14139,7.6018
14140,7.6018
14141,10.0
14142,9.0862
14143,6.6667
14144,1.0
14145,7.6018
14146,10.0
14147,7.6018
14148,6.7692
14149,7.6018
14150,8.0
14151,7.6018
14152,8.3333
14153,7.6018
14154,8.2217
14155,10.0
14156,8.3793
14157,9.0
14158,7.4231
14159,7.6018
14160,7.6018
14161,8.4333
14162,7.6018
14163,7.6018
14164,8.1667
14165,7.6018
14166,7.6018
14167,7.6018
14168,7.6018
14169,7.6018
14170,6.0
14171,7.6018
14172,10.0
14173,7.1111
14174,7.6018
14175,7.6018
14176,7.6018
14177,8.1333
14178,7.6018
14179,7.5417
14180,9.2
14181,4.0
14182,7.0
14183,6.9595
14184,8.25
14185,7.6018
14186,7.8333
14187,7.0
14188,7.6018
14189,6.5
14190,7.7348
14191,6.0
14192,6.0
14193,5.5
14194,7.9518
14195,7.6018
14196,5.25
14197,7.7143
14198,7.6018
14199,7.0
14200,7.2
14201,6.75
14202,7.6018
14203,7.6018
14204,7.0
14205,7.6018
14206,7.6018
14207,7.6018
14208,7.6018
14209,7.6018
14210,7.6018
14211,8.2414
14212,5.5
14213,7.6018
14214,5.0
14215,6.0
14216,7.6
14217,6.5
14218,7.65
14219,6.75
14220,8.3333
14221,8.2857
14222,7.6018
14223,7.6018
14224,7.6018
14225,8.0
14226,7.5
14227,7.6018
14228,7.0
14229,7.6018
14230,8.3793
14231,7.9333
14232,7.6018
14233,8.0
14234,7.4737
14235,6.6667
14236,7.6018
14237,7.6018
14238,7.5
14239,8.5
14240,7.375
14241,7.0
14242,7.0
14243,7.6018
14244,6.5
14245,3.0
14246,7.6829
14247,7.0588
14248,8.2217
14249,6.8
14250,7.6018
14251,8.0
14252,8.3333
14253,7.9545
14254,8.36
14255,7.6018
14256,6.0
14257,7.6018
14258,7.6018
14259,10.0
14260,8.2217
14261,7.0
14262,7.25
14263,7.6018
14264,7.6018
14265,7.6018
14266,7.8125
14267,10.0
14268,7.0435
14269,6.9444
14270,7.6667
14271,7.6018
14272,9.5
14273,7.7857
14274,7.8125
14275,7.6018
14276,7.1538
14277,7.9561
14278,7.6018
14279,7.3
14280,7.6667
14281,7.5
14282,7.6018
14283,10.0
14284,7.6018
14285,7.6018
14286,7.6018
14287,7.6018
14288,7.1163
14289,7.6018
14290,7.6018
14291,7.6018
14292,8.5
14293,7.6018
14294,10.0
14295,6.4
14296,7.6018
14297,8.4
14298,7.8065
14299,5.0
14300,7.6018
14301,7.6018
14302,7.6018
14303,7.6018
14304,9.0
14305,7.9508
14306,7.6667
14307,7.6018
14308,8.0
14309,8.0
14310,7.2857
14311,7.0
14312,7.6018
14313,8.35
14314,8.0
14315,3.0
14316,7.5714
14317,10.0
14318,7.4706
14319,7.6018
14320,7.6018
14321,4.0
14322,9.0
14323,7.6018
14324,10.0
14325,7.6018
14326,7.6018
14327,7.5
14328,7.4
14329,7.6018
14330,6.97
14331,7.0
14332,8.0
14333,7.6018
14334,7.6154
14335,7.6018
14336,7.6018
14337,7.8
14338,7.75
14339,6.0
14340,7.5
14341,8.6667
14342,8.5
14343,7.9561
14344,8.3636
14345,7.5
14346,10.0
14347,5.6667
14348,8.0
14349,7.0714
14350,7.3333
14351,7.6018
14352,5.0
14353,7.6018
14354,7.2
14355,7.6018
14356,7.2857
14357,7.0
14358,7.0
14359,7.9444
14360,7.6018
14361,6.5
14362,7.6018
14363,7.6018
14364,7.7826
14365,8.2857
14366,6.0
14367,7.5
14368,7.1667
14369,10.0
14370,6.625
14371,7.6018
14372,7.6018
14373,7.6018
14374,7.6018
14375,7.6018
14376,7.0
14377,6.5
14378,8.1637
14379,7.8667
14380,7.5
14381,7.6018
14382,7.6018
14383,7.6018
14384,9.1111
14385,7.6018
14386,7.6018
14387,7.3529
14388,9.0
14389,7.7857
14390,6.875
14391,8.25
14392,6.0
14393,7.0
14394,7.6018
14395,8.12
14396,6.0
14397,8.75
14398,7.6018
14399,7.3333
14400,7.4412
14401,5.6667
14402,9.0
14403,6.6
14404,6.0
14405,8.0
14406,7.6018
14407,7.6018
14408,8.5
14409,7.6018
14410,7.9561
14411,7.6018
14412,9.5
14413,7.6018
14414,8.1842
14415,7.6018
14416,8.12
14417,7.0
14418,7.6018
14419,7.6018
14420,8.25
14421,7.6018
14422,7.6018
14423,7.4706
14424,6.0
14425,7.6018
14426,6.625
14427,7.6829
14428,8.1724
14429,7.6018
14430,8.0
14431,6.6667
14432,7.6018
14433,7.6018
14434,10.0
14435,7.6018
14436,7.6018
14437,7.0
14438,7.6296
14439,9.0
14440,10.0
14441,9.3333
14442,7.6018
14443,7.3333
14444,7.6018
14445,7.6018
14446,7.6018
14447,7.6018
14448,7.6018
14449,9.0
14450,7.6018
14451,8.5
14452,9.0
14453,7.4328
14454,7.0
14455,7.3462
14456,7.6018
14457,7.6018
14458,8.5
14459,7.25
14460,7.0
14461,7.7045
14462,7.3
14463,7.5
14464,7.6018
14465,8.0769
14466,7.8333
14467,7.6018
14468,4.6667
14469,7.0
14470,10.0
14471,7.7895
14472,7.6018
14473,7.6018
14474,8.3
14475,6.0
14476,7.6018
14477,7.6018
14478,7.6018
14479,8.4333
14480,2.0
14481,8.0476
14482,7.6018
14483,5.0
14484,7.6018
14485,7.6018
14486,7.6018
14487,5.0
14488,7.0
14489,7.6018
14490,7.0
14491,6.0
14492,7.6018
14493,6.0
14494,7.2593
14495,9.0
14496,7.6
14497,7.6018
14498,7.6018
14499,9.5
14500,8.125
14501,7.4
14502,8.0
14503,7.6018
14504,9.0
14505,5.0
14506,8.5
14507,5.0
14508,7.3333
14509,6.5714
14510,7.6018
14511,7.3333
14512,7.6018
14513,10.0
14514,7.6018
14515,8.0
14516,7.6018
14517,7.8182
14518,7.0571
14519,7.6018
14520,9.1667
14521,7.0
14522,8.092
14523,7.0
14524,10.0
14525,9.5
14526,7.3778
14527,7.6018
14528,7.6018
14529,7.9444
14530,8.1724
14531,8.0513
14532,8.4286
14533,7.6018
14534,7.6018
14535,8.1667
14536,8.875
14537,7.6018
14538,8.0
14539,7.6018
14540,5.0
14541,7.0
14542,7.6018
14543,9.0
14544,8.4
14545,7.6667
14546,7.6018
14547,7.6018
14548,7.6018
14549,7.6018
14550,8.1637
14551,7.4688
14552,7.6018
14553,7.6018
14554,5.875
14555,7.6018
14556,7.1
14557,7.36
14558,7.5
14559,7.6018
14560,7.6018
14561,8.5
14562,8.1667
14563,7.9545
14564,4.6667
14565,7.6018
14566,7.6018
14567,9.0
14568,7.0
14569,7.6018
14570,7.6018
14571,7.6018
14572,7.6667
14573,9.0862
14574,7.6018
14575,7.6018
14576,7.6018
14577,7.6018
14578,7.5
14579,10.0
14580,7.6018
14581,7.6018
14582,6.5
14583,10.0
14584,7.7778
14585,8.56
14586,6.5
14587,7.6018
14588,7.6018
14589,4.1893
14590,8.75
14591,7.0
14592,7.5
14593,7.5
14594,7.5312
14595,7.4328
14596,8.3333
14597,8.0968
14598,7.7119
14599,7.6018
14600,7.3333
14601,8.5
14602,7.6018
14603,7.6018
14604,7.6018
14605,6.0
14606,8.0
14607,7.3
14608,7.9518
14609,9.0
14610,9.4
14611,7.5
14612,8.25
14613,7.6018
14614,7.6018
14615,7.36
14616,7.6018
14617,7.6018
14618,7.6018
14619,8.8
14620,7.6018
14621,7.0
14622,7.6018
14623,8.5
14624,7.6018
14625,7.6018
14626,9.0
14627,7.0
14628,7.2727
14629,7.6018
14630,7.6018
14631,6.45
14632,7.6018
14633,7.2609
14634,7.6018
14635,7.8065
14636,5.0
14637,8.0
14638,7.6018
14639,7.0
14640,7.0
14641,7.5714
14642,7.6018
14643,8.3333
14644,7.6018
14645,7.9848
14646,7.8148
14647,7.6018
14648,9.0
14649,7.6018
14650,7.908
14651,7.6018
14652,7.6018
14653,7.6018
14654,5.5714
14655,7.6018
14656,7.0
14657,7.75
14658,7.6018
14659,5.0
14660,7.6018
14661,8.2217
14662,7.9091
14663,7.6018
14664,7.9487
14665,7.4286
14666,7.6018
14667,7.6018
14668,10.0
14669,7.6018
14670,10.0
14671,5.6667
14672,7.6875
14673,7.1538
14674,10.0
14675,7.6018
14676,8.0
14677,8.7143
14678,7.6018
14679,7.6018
14680,5.5
14681,7.6018
14682,8.5
14683,7.6018
14684,7.6018
14685,7.6018
14686,7.6018
14687,8.0
14688,7.6018
14689,6.0
14690,7.2857
14691,7.0
14692,10.0
14693,7.6018
14694,8.0732
14695,7.0
14696,6.0
14697,8.6667
14698,7.4958
14699,6.75
14700,8.3846
14701,7.5
14702,7.3333
14703,7.8571
14704,8.2
14705,7.6018
14706,7.9615
14707,7.6018
14708,7.7
14709,7.6018
14710,7.6018
14711,7.6018
14712,7.6018
14713,6.4286
14714,7.6018
14715,7.6018
14716,7.6018
14717,7.6018
14718,8.12
14719,7.6018
14720,8.2222
14721,7.6018
14722,8.0
14723,7.6018
14724,7.5
14725,7.6018
14726,7.6018
14727,7.5714
14728,7.6018
14729,7.6018
14730,7.6018
14731,7.6018
14732,7.6018
14733,7.6
14734,7.6018
14735,7.0
14736,7.1212
14737,7.6018
14738,8.2217
14739,7.0
14740,7.5833
14741,7.6018
14742,8.0
14743,9.6
14744,7.6018
14745,7.0
14746,8.0
14747,9.4667
14748,8.1724
14749,7.6018
14750,8.0
14751,7.6018
14752,7.8421
14753,8.0
14754,7.6018
14755,7.6018
14756,7.6018
14757,7.6
14758,9.6
14759,7.0
14760,6.5
14761,7.6018
14762,7.9459
14763,7.6018
14764,7.6018
14765,7.6018
14766,7.8
14767,7.3548
14768,7.6018
14769,8.0
14770,8.0476
14771,7.6018
14772,7.6667
14773,7.6018
14774,7.8
14775,8.6842
14776,5.5
14777,9.0
14778,7.9545
14779,7.6018
14780,7.6018
14781,7.6018
14782,6.5
14783,7.6018
14784,7.6018
14785,7.6667
14786,7.4706
14787,10.0
14788,7.6018
14789,7.6018
14790,7.0571
14791,7.0
14792,7.3333
14793,7.8936
14794,7.6018
14795,7.6018
14796,7.6018
14797,7.2162
14798,7.7222
14799,7.6018
14800,7.6018
14801,7.5385
14802,7.6018
14803,1.0
14804,8.4
14805,7.6018
14806,7.6018
14807,6.25
14808,7.6018
14809,8.4
14810,7.6757
14811,7.6018
14812,8.0
14813,8.0
14814,7.6018
14815,6.25
14816,9.0
14817,7.6018
14818,7.5
14819,7.6018
14820,7.2609
14821,9.0
14822,8.1923
14823,8.04
14824,7.6018
14825,7.0
14826,7.6018
14827,7.25
14828,5.0
14829,8.5
14830,7.6018
14831,7.9048
14832,7.6018
14833,7.6018
14834,9.0
14835,8.6667
14836,7.25
14837,7.6667
14838,7.8333
14839,7.2941
14840,4.5
14841,7.5
14842,5.5
14843,7.6018
14844,7.5312
14845,7.4
14846,7.6018
14847,10.0
14848,8.0652
14849,7.0
14850,7.641
14851,7.6018
14852,6.5714
14853,7.6018
14854,7.6018
14855,7.0
14856,7.6018
14857,7.6452
14858,7.6018
14859,7.6667
14860,7.6018
14861,7.5
14862,7.9286
14863,7.7273
14864,7.6018
14865,7.6018
14866,7.6018
14867,8.0
14868,7.6018
14869,8.4
14870,7.6018
14871,7.6018
14872,7.0
14873,7.6018
14874,8.32
14875,8.0
14876,8.0
14877,7.0
14878,7.6018
14879,7.6018
14880,6.5625
14881,6.0
14882,8.5
14883,6.5
14884,7.5
14885,7.6018
14886,7.9437
14887,7.6018
14888,4.0
14889,7.75
14890,7.6018
14891,7.6018
14892,7.6018
14893,9.0
14894,6.6
14895,7.0
14896,7.6018
14897,7.6018
14898,7.6018
14899,8.0
14900,7.6018
14901,7.5
14902,7.6018
14903,9.5
14904,9.0
14905,7.6018
14906,5.0
14907,8.5
14908,7.8462
14909,8.2217
14910,8.0
14911,7.6018
14912,7.6018
14913,7.6018
14914,7.0
14915,8.0
14916,7.6018
14917,9.5
14918,7.6018
14919,7.6018
14920,7.6018
14921,7.6018
14922,8.5
14923,7.75
14924,8.08
14925,7.6018
14926,7.0
14927,7.6018
14928,9.0
14929,8.04
14930,7.6018
14931,7.0
14932,7.6018
14933,9.0
14934,7.25
14935,4.1893
14936,7.6018
14937,9.0
14938,7.6018
14939,8.0
14940,7.6018
14941,7.8
14942,7.4958
14943,7.6018
14944,7.6018
14945,8.25
14946,9.5
14947,7.6018
14948,7.9518
14949,7.6018
14950,8.25
14951,5.6667
14952,8.0
14953,5.0
14954,7.6018
14955,7.0
14956,7.2
14957,7.4615
14958,10.0
14959,7.6018
14960,8.0
14961,8.0
14962,7.6018
14963,7.6018
14964,7.6018
14965,7.0
14966,8.8065
14967,10.0
14968,7.6018
14969,7.6018
14970,7.8
14971,7.6667
14972,7.0
14973,7.6018
14974,7.6018
14975,7.2353
14976,8.5
14977,7.3778
14978,6.5
14979,7.6018
14980,8.0
14981,9.0
14982,7.6018
14983,8.7
14984,7.6018
14985,7.0
14986,8.0
14987,9.5
14988,6.8333
14989,7.6018
14990,7.6018
14991,8.3333
14992,7.9375
14993,7.6018
14994,8.0
14995,7.6018
14996,6.5
14997,6.0
14998,8.0
14999,5.9167
15000,7.8627
15001,7.6018
15002,7.6018
15003,6.0
15004,3.0
15005,7.6018
15006,8.3333
15007,9.5
15008,7.6018
15009,7.5
15010,7.6018
15011,7.6018
15012,7.8913
15013,7.6018
15014,7.241
15015,8.1637
15016,7.6018
15017,7.6018
15018,10.0
15019,7.1212
15020,6.3333
15021,9.0
15022,7.4328
15023,9.2727
15024,7.1538
15025,7.6018
15026,9.0
15027,7.6018
15028,7.6018
15029,8.25
15030,7.6018
15031,7.6018
15032,7.6018
15033,10.0
15034,6.8333
15035,8.5455
15036,8.5
15037,7.6018
15038,8.0
15039,10.0
15040,8.3333
15041,8.1429
15042,7.6018
15043,7.6018
15044,8.1176
15045,7.6018
15046,7.25
15047,7.6018
15048,7.3191
15049,10.0
15050,6.5
15051,7.6018
15052,7.6018
15053,7.6018
15054,6.5
15055,6.97
15056,5.0
15057,7.6667
15058,8.0
15059,7.6018
15060,7.6018
15061,7.4
15062,7.6018
15063,7.0
15064,7.6018
15065,9.5
15066,6.4444
15067,7.4821
15068,7.6018
15069,8.0732
15070,7.6018
15071,7.6018
15072,7.6018
15073,7.6018
15074,7.0
15075,7.625
15076,6.0
15077,7.5
15078,7.6018
15079,7.0
15080,9.5
15081,10.0
15082,6.5
15083,7.6018
15084,7.6018
15085,7.6018
15086,9.0
15087,7.3333
15088,7.6018
15089,6.75
15090,6.5714
15091,7.3125
15092,7.6842
15093,8.1724
15094,8.0
15095,7.5
15096,7.6364
15097,7.6018
15098,7.6018
15099,7.6018
15100,7.5
15101,7.0
15102,7.5625
15103,7.6018
15104,7.6018
15105,10.0
15106,7.5333
15107,7.25
15108,7.6018
15109,7.6018
15110,6.5
15111,9.0
15112,7.6
15113,7.0
15114,7.4828
15115,7.6018
15116,7.6018
15117,7.6018
15118,7.6018
15119,6.8889
15120,7.6018
15121,7.7348
15122,7.6018
15123,8.0
15124,7.6018
15125,5.5
15126,6.5
15127,8.5
15128,7.6018
15129,7.6018
15130,7.6018
15131,7.5714
15132,8.1429
15133,7.6018
15134,7.6018
15135,7.6018
15136,7.6018
15137,7.6018
15138,7.6018
15139,7.6018
15140,7.6018
15141,9.0
15142,7.6018
15143,7.6018
15144,6.5
15145,7.6018
15146,7.6018
15147,6.5
15148,7.9487
15149,7.6018
15150,7.6018
15151,7.4286
15152,7.6018
15153,7.6018
15154,7.6018
15155,7.0714
15156,7.6018
15157,8.4
15158,7.25
15159,7.6018
15160,7.6018
15161,8.3333
15162,7.6018
15163,7.5
15164,7.6018
15165,8.1637
15166,7.6018
15167,9.0
15168,7.6018
15169,8.2857
15170,7.3333
15171,9.0
15172,7.6018
15173,7.6018
15174,7.6018
15175,7.3333
15176,7.6018
15177,7.0
15178,7.6018
15179,7.6
15180,8.6
15181,8.6667
15182,7.6018
15183,8.2
15184,6.6667
15185,8.2857
15186,7.6018
15187,7.0
15188,7.6018
15189,7.3333
15190,6.6667
15191,7.6018
15192,7.6018
15193,7.4286
15194,7.6018
15195,9.3333
15196,7.6018
15197,7.6018
15198,8.6667
15199,7.6018
15200,7.6667
15201,6.375
15202,7.7119
15203,7.0741
15204,7.0
15205,3.0
15206,7.0
15207,7.6018
15208,7.0
15209,7.6829
15210,7.6018
15211,7.6018
15212,7.0
15213,7.6018
15214,8.2222
15215,8.1842
15216,7.2162
15217,9.5
15218,7.6018
15219,7.6018
15220,7.6018
15221,7.6018
15222,8.5
15223,9.0
15224,10.0
15225,7.6018
15226,4.5
15227,6.6667
15228,7.6018
15229,9.0862
15230,7.6018
15231,7.9091
15232,7.7222
15233,7.0
15234,8.0
15235,9.0
15236,10.0
15237,7.2857
15238,7.7143
15239,7.0
15240,10.0
15241,7.6018
15242,7.6018
15243,7.3438
15244,6.4
15245,7.9459
15246,8.0
15247,7.6018
15248,7.6018
15249,7.0
15250,7.9545
15251,7.9231
15252,5.6667
15253,10.0
15254,8.0
15255,7.6018
15256,7.1013
15257,7.9545
15258,6.625
15259,9.0
15260,7.6018
15261,7.6018
15262,7.6018
15263,9.5
15264,8.0
15265,7.6018
15266,5.3333
15267,7.2667
15268,7.6018
15269,9.0
15270,7.4412
15271,7.6018
15272,8.5
15273,7.6018
15274,7.3333
15275,9.0
15276,7.5
15277,7.4412
15278,7.6018
15279,7.6018
15280,7.6018
15281,7.1212
15282,7.6018
15283,7.1163
15284,7.6018
15285,7.1
15286,7.0
15287,8.6667
15288,7.0435
15289,6.0
15290,7.8462
15291,7.6018
15292,6.0
15293,7.6018
15294,7.6018
15295,7.4
15296,7.6018
15297,7.6018
15298,10.0
15299,7.6018
15300,7.3333
15301,10.0
15302,7.6018
15303,7.6018
15304,7.6018
15305,6.4
15306,7.5758
15307,5.0
15308,7.6018
15309,7.6018
15310,7.0
15311,6.8333
15312,7.5
15313,7.0
15314,7.9545
15315,7.6018
15316,7.8571
15317,7.0
15318,7.6018
15319,7.0
15320,7.6018
15321,9.0
15322,6.5
15323,8.4667
15324,7.6018
15325,7.6018
15326,7.8
15327,6.0
15328,7.6018
15329,7.6018
15330,9.0
15331,8.1724
15332,7.6018
15333,8.0
15334,7.6018
15335,7.8235
15336,7.6018
15337,7.4328
15338,3.0
15339,7.5
15340,8.6
15341,7.6018
15342,7.6018
15343,8.2217
15344,6.6
15345,6.6667
15346,7.6018
15347,7.0
15348,8.5
15349,7.5
15350,7.3462
15351,7.6018
15352,7.6018
15353,7.6757
15354,7.6018
15355,8.0652
15356,7.6018
15357,7.3333
15358,7.871
15359,7.6018
15360,7.6018
15361,8.0
15362,7.6018
15363,6.75
15364,7.4615
15365,8.1724
15366,6.0
15367,8.1637
15368,7.6018
15369,7.6018
15370,7.2453
15371,7.5
15372,8.0
15373,7.5
15374,7.9518
15375,7.6018
15376,5.0
15377,9.0
15378,7.4545
15379,7.5
15380,7.5278
15381,7.6018
15382,7.25
15383,9.25
15384,6.6667
15385,4.5
15386,7.9518
15387,7.6018
15388,7.6018
15389,7.6018
15390,8.3
15391,7.5
15392,7.6018
15393,7.0
15394,8.75
15395,7.6018
15396,7.6018
15397,7.6018
15398,7.6018
15399,7.2453
15400,7.9508
15401,2.0
15402,7.6018
15403,7.6018
15404,7.8095
15405,6.4
15406,7.6018
15407,9.0
15408,9.0
15409,9.0
15410,7.0
15411,7.6018
15412,7.6018
15413,8.5625
15414,9.0
15415,6.2727
15416,7.0
15417,7.6018
15418,10.0
15419,7.6018
15420,10.0
15421,6.0
15422,7.5
15423,7.6018
15424,8.0652
15425,8.0
15426,10.0
15427,6.5
15428,8.9
15429,8.0
15430,9.3333
15431,8.5
15432,6.0
15433,7.6018
15434,7.32
15435,7.3333
15436,7.0
15437,7.6018
15438,7.6018
15439,7.6018
15440,7.6018
15441,8.0
15442,5.5
15443,7.6018
15444,6.2
15445,7.3333
15446,9.0
15447,4.1893
15448,8.6
15449,7.6018
15450,9.1538
15451,7.6018
15452,8.3333
15453,7.6018
15454,10.0
15455,6.9792
15456,7.6018
15457,7.5385
15458,4.0
15459,7.6018
15460,7.6018
15461,7.0
15462,7.908
15463,7.6018
15464,8.2857
15465,8.3333
15466,7.3333
15467,7.6018
15468,7.8
15469,7.6018
15470,7.6018
15471,7.6018
15472,7.4
15473,8.5
15474,7.6018
15475,7.6018
15476,7.6018
15477,6.3333
15478,7.6018
15479,7.0
15480,8.5
15481,7.2
15482,6.0
15483,7.6667
15484,7.2857
15485,6.4286
15486,8.0513
15487,7.3191
15488,7.0
15489,7.8519
15490,9.0
15491,7.0
15492,7.3778
15493,8.1
15494,7.6018
15495,9.0
15496,7.6018
15497,7.4762
15498,7.6018
15499,7.5294
15500,7.6018
15501,7.6018
15502,7.6018
15503,7.6018
15504,5.0
15505,6.375
15506,7.0
15507,8.3333
15508,7.5
15509,7.6018
15510,7.8
15511,7.6018
15512,6.5625
15513,7.6018
15514,8.0
15515,7.6018
15516,7.9333
15517,7.6018
15518,7.0
15519,7.6018
15520,8.5385
15521,7.0
15522,9.75
15523,7.6018
15524,7.6018
15525,7.3
15526,7.5
15527,7.6018
15528,7.6018
15529,7.6018
15530,7.6667
15531,7.6018
15532,7.0
15533,7.6018
15534,7.6018
15535,7.1667
15536,7.6018
15537,10.0
15538,7.6522
15539,8.25
15540,6.5
15541,7.5
15542,7.5
15543,7.6018
15544,7.6018
15545,7.6296
15546,7.5
15547,8.2857
15548,7.6018
15549,6.0
15550,7.0
15551,8.5
15552,8.5
15553,7.75
15554,7.6757
15555,8.5833
15556,7.6018
15557,5.0
15558,7.6018
15559,6.8
15560,7.9375
15561,7.5556
15562,7.15
15563,7.6018
15564,8.381
15565,8.0
15566,7.6018
15567,7.6018
15568,7.6018
15569,7.6018
15570,7.1667
15571,7.6018
15572,7.6364
15573,6.97
15574,7.6018
15575,8.3
15576,7.76
15577,8.0
15578,7.6018
15579,9.0
15580,7.6018
15581,7.6018
15582,7.6018
15583,7.6018
15584,7.0
15585,5.0
15586,7.0
15587,9.0
15588,8.5556
15589,7.6018
15590,7.5312
15591,6.3333
15592,8.0
15593,5.0
15594,7.6018
15595,7.0588
15596,7.9474
15597,7.6018
15598,6.0
15599,8.0976
15600,6.75
15601,7.6018
15602,7.6018
15603,7.6018
15604,8.0
15605,10.0
15606,8.2217
15607,7.6018
15608,8.45
15609,7.6018
15610,7.3889
15611,7.241
15612,8.4
15613,7.6018
15614,7.6018
15615,9.0
15616,9.5
15617,6.8
15618,7.6018
15619,7.6018
15620,7.5263
15621,7.6018
15622,9.0
15623,7.6667
15624,8.0
15625,7.6018
15626,7.6018
15627,7.6018
15628,9.4
15629,7.6018
15630,7.6018
15631,6.0
15632,7.6018
15633,7.6018
15634,6.7143
15635,7.6018
15636,6.2
15637,7.9375
15638,7.8667
15639,7.6018
15640,9.0862
15641,6.4
15642,7.7778
15643,8.6
15644,8.1667
15645,7.6018
15646,7.6018
15647,8.1923
15648,8.5625
15649,7.6018
15650,7.6018
15651,7.6018
15652,7.6018
15653,7.5
15654,7.75
15655,8.2632
15656,6.0
15657,9.0
15658,8.25
15659,7.5
15660,7.6018
15661,7.6018
15662,7.6018
15663,10.0
15664,7.3333
15665,7.6018
15666,10.0
15667,7.6018
15668,7.0
15669,8.6667
15670,7.5
15671,7.0
15672,4.1893
15673,7.0
15674,6.0
15675,7.6018
15676,5.0
15677,7.4
15678,7.6018
15679,7.0
15680,7.2
15681,7.0
15682,8.2857
15683,7.0
15684,7.6018
15685,8.0909
15686,6.0
15687,5.0
15688,7.3438
15689,9.0
15690,8.0
15691,7.6667
15692,7.6018
15693,8.5
15694,8.4
15695,7.6018
15696,7.6018
15697,8.4444
15698,7.6018
15699,7.6018
15700,7.0
15701,7.6018
15702,6.0
15703,7.4545
15704,8.2217
15705,7.6018
15706,8.375
15707,7.6018
15708,7.6018
15709,7.6018
15710,7.6018
15711,7.6018
15712,6.6
15713,7.4667
15714,7.6018
15715,8.2121
15716,7.6018
15717,7.6018
15718,7.0
15719,9.0
15720,7.6018
15721,7.6018
15722,7.9518
15723,4.0
15724,4.0
15725,6.6667
15726,8.0
15727,7.6018
15728,9.25
15729,7.6018
15730,7.75
15731,7.9437
15732,7.9375
15733,7.6018
15734,8.0
15735,8.0
15736,6.6667
15737,7.6018
15738,8.1429
15739,7.6018
15740,7.0
15741,9.3333
15742,7.6018
15743,7.6018
15744,8.3793
15745,5.0
15746,7.6018
15747,7.5333
15748,7.6018
15749,7.6018
15750,7.6018
15751,7.6018
15752,8.3333
15753,7.7778
15754,7.6018
15755,8.875
15756,7.9615
15757,6.97
15758,7.9118
15759,7.0
15760,7.6018
15761,7.2222
15762,7.6018
15763,7.5294
15764,7.9375
15765,6.5
15766,9.0
15767,8.2121
15768,7.5
15769,7.0
15770,7.2857
15771,7.3333
15772,7.6018
15773,7.9091
15774,6.75
15775,7.6018
15776,7.2444
15777,8.8065
15778,7.6018
15779,7.6018
15780,7.6018
15781,8.5
15782,7.0
15783,7.6018
15784,7.0
15785,8.5
15786,7.6757
15787,7.6018
15788,7.6018
15789,7.6018
15790,7.5
15791,7.1667
15792,10.0
15793,5.0
15794,7.6018
15795,8.0
15796,7.0
15797,7.6018
15798,10.0
15799,7.6018
15800,4.1893
15801,7.6018
15802,7.6018
15803,7.6018
15804,7.6018
15805,7.6018
15806,7.6018
15807,9.0
15808,9.4
15809,7.6018
15810,7.6018
15811,9.0
15812,8.1333
15813,7.6018
15814,7.7692
15815,9.0
15816,7.6018
15817,8.2857
15818,7.0
15819,7.6018
15820,7.0
15821,6.6667
15822,7.9524
15823,7.6018
15824,7.6018
15825,7.1429
15826,10.0
15827,8.6
15828,7.6018
15829,7.3333
15830,8.4
15831,6.7143
15832,7.6018
15833,10.0
15834,7.6018
15835,10.0
15836,6.0
15837,7.6018
15838,7.6018
15839,7.125
15840,7.6667
15841,6.0
15842,7.6018
15843,7.6018
15844,10.0
15845,7.5
15846,7.6018
15847,7.6018
15848,7.6018
15849,7.5909
15850,9.4
15851,7.6018
15852,10.0
15853,7.6018
15854,7.2162
15855,7.6018
15856,8.1724
15857,7.6
15858,7.0
15859,7.6018
15860,7.7667
15861,6.5714
15862,7.6018
15863,7.0
15864,6.3333
15865,5.0
15866,7.6018
15867,2.0
15868,8.1667
15869,7.6018
15870,7.6018
15871,7.6018
15872,8.2727
15873,7.0
15874,6.0
15875,8.6667
15876,7.6018
15877,7.6018
15878,7.6018
15879,7.6018
15880,7.9518
15881,7.3
15882,7.6018
15883,7.0571
15884,8.3333
15885,7.6018
15886,8.5
15887,6.5
15888,7.1667
15889,7.6018
15890,7.6018
15891,5.6667
15892,7.6018
15893,7.6018
15894,7.6018
15895,10.0
15896,7.6
15897,10.0
15898,7.6018
15899,7.6018
15900,7.6018
15901,6.5
15902,5.75
15903,7.6018
15904,7.6018
15905,6.6667
15906,9.0
15907,7.6018
15908,7.6018
15909,7.5
15910,8.2069
15911,9.0
15912,10.0
15913,7.4286
15914,6.75
15915,7.6018
15916,8.0
15917,7.8889
15918,7.6452
15919,7.6018
15920,7.6018
15921,9.0
15922,7.6018
15923,7.3333
15924,7.6018
15925,7.6018
15926,9.0
15927,6.6667
15928,7.0
15929,7.2857
15930,7.5
15931,7.5
15932,8.4286
15933,5.0
15934,7.0909
15935,9.0
15936,7.6018
15937,8.25
15938,8.0
15939,7.375
15940,7.6018
15941,8.0
15942,7.6018
15943,7.0
15944,7.6018
15945,9.0
15946,7.6018
15947,7.6018
15948,7.6018
15949,7.75
15950,7.6875
15951,7.6667
15952,8.0
15953,7.6018
15954,7.8125
15955,7.6018
15956,7.6018
15957,5.0
15958,7.6018
15959,7.0
15960,7.6018
15961,7.4
15962,10.0
15963,6.1429
15964,9.0
15965,6.6667
15966,7.6018
15967,7.8095
15968,7.5
15969,7.2593
15970,3.0
15971,8.5556
15972,7.5294
15973,6.7273
15974,8.2
15975,7.6018
15976,7.6018
15977,7.6018
15978,7.0
15979,8.0968
15980,8.2
15981,7.4
15982,7.6018
15983,8.3636
15984,6.875
15985,7.6018
15986,7.5
15987,7.6018
15988,7.5
15989,8.6842
15990,9.0
15991,8.5
15992,8.625
15993,7.6018
15994,7.6018
15995,7.6018
15996,7.6018
15997,7.4
15998,7.6018
15999,7.6018
16000,7.6018
16001,7.6018
16002,7.6018
16003,7.0
16004,7.6018
16005,7.0
16006,8.0
16007,10.0
16008,7.25
16009,7.6018
16010,8.2
16011,5.0
16012,3.0
16013,7.3235
16014,8.2069
16015,7.6018
16016,8.0
16017,7.6018
16018,7.6018
16019,8.2217
16020,5.0
16021,5.0
16022,7.7273
16023,7.6018
16024,7.6018
16025,7.9375
16026,7.6018
16027,7.1429
16028,7.6018
16029,6.2
16030,7.6018
16031,7.3077
16032,7.6018
16033,8.0
16034,8.0
16035,6.0
16036,8.0
16037,7.6018
16038,7.6018
16039,7.5
16040,7.0
16041,7.6018
16042,7.6018
16043,4.0
16044,7.5556
16045,8.3273
16046,7.8065
16047,7.9333
16048,6.875
16049,7.2
16050,8.0
16051,5.5
16052,7.9118
16053,7.6018
16054,7.5758
16055,7.6018
16056,7.6018
16057,7.6018
16058,7.3077
16059,7.6018
16060,7.7143
16061,10.0
16062,7.75
16063,6.0
16064,7.0
16065,7.6018
16066,8.5833
16067,7.6018
16068,8.25
16069,7.6018
16070,7.6018
16071,7.6018
16072,7.6667
16073,7.6018
16074,7.625
16075,7.2857
16076,7.6018
16077,7.0
16078,7.6018
16079,7.6018
16080,7.6018
16081,7.6018
16082,8.0
16083,7.6018
16084,7.5
16085,8.6667
16086,8.0
16087,7.6018
16088,7.6018
16089,7.6018
16090,10.0
16091,7.6018
16092,7.6667
16093,7.6018
16094,7.5
16095,7.6018
16096,7.6018
16097,7.2162
16098,6.5714
16099,9.0
16100,7.6018
16101,7.125
16102,7.6018
16103,7.6018
16104,4.5
16105,8.0
16106,7.6018
16107,7.0667
16108,7.6018
16109,8.5714
16110,7.1333
16111,7.6018
16112,8.8065
16113,7.6018
16114,7.6018
16115,7.4659
16116,7.4286
16117,7.5
16118,8.5385
16119,7.5
16120,7.5
16121,8.5
16122,8.25
16123,10.0
16124,7.6018
16125,8.0
16126,6.75
16127,7.6018
16128,7.6018
16129,9.2222
16130,7.6018
16131,7.7222
16132,8.3333
16133,5.3333
16134,7.6018
16135,7.5909
16136,7.4286
16137,7.3529
16138,7.6018
16139,6.6667
16140,8.2647
16141,7.6018
16142,10.0
16143,7.6018
16144,9.0
16145,7.6018
16146,7.6018
16147,6.0
16148,7.6018
16149,7.6018
16150,8.2217
16151,7.6018
16152,9.0
16153,8.5
16154,7.6018
16155,7.4328
16156,7.6018
16157,9.0
16158,7.6018
16159,7.2609
16160,7.6018
16161,7.6018
16162,8.6667
16163,7.6018
16164,6.9
16165,7.8
16166,7.6018
16167,9.0
16168,7.6018
16169,7.3333
16170,7.6018
16171,7.6018
16172,8.1
16173,7.6018
16174,7.6667
16175,7.6018
16176,7.6018
16177,6.3333
16178,7.4706
16179,9.0
16180,9.0
16181,7.6667
16182,9.0
16183,7.3191
16184,7.6018
16185,7.6018
16186,7.0
16187,7.6018
16188,7.0
16189,7.6018
16190,7.6018
16191,7.5
16192,7.6018
16193,7.6018
16194,8.0
16195,6.0
16196,7.6018
16197,7.5
16198,8.0
16199,7.6018
16200,7.6018
16201,6.6667
16202,9.0
16203,9.3333
16204,7.45
16205,8.1613
16206,8.56
16207,8.0
16208,7.6018
16209,7.6018
16210,6.1579
16211,6.1667
16212,6.5
16213,7.6018
16214,10.0
16215,7.6018
16216,7.6018
16217,9.0
16218,7.6018
16219,7.6018
16220,10.0
16221,7.6018
16222,8.75
16223,8.381
16224,7.6018
16225,7.4328
16226,7.5
16227,7.6018
16228,7.3333
16229,7.0769
16230,7.8
16231,7.6018
16232,7.9286
16233,7.0
16234,6.75
16235,7.6018
16236,7.6018
16237,8.0976
16238,8.25
16239,7.6
16240,7.0
16241,7.6018
16242,7.6018
16243,9.0
16244,7.8
16245,8.0
16246,7.6018
16247,8.2
16248,9.0
16249,8.5
16250,7.6018
16251,6.2727
16252,8.0
16253,8.5
16254,8.5455
16255,7.0
16256,10.0
16257,7.6018
16258,7.3333
16259,7.6018
16260,7.5312
16261,7.5294
16262,7.6018
16263,7.6018
16264,8.6
16265,7.9474
16266,8.0
16267,7.4659
16268,8.0
16269,8.0
16270,7.6018
16271,7.0571
16272,7.0
16273,7.88
16274,7.6018
16275,7.6018
16276,7.75
16277,8.125
16278,7.6018
16279,7.6018
16280,7.6018
16281,7.6018
16282,5.25
16283,4.5
16284,9.0
16285,7.6018
16286,7.6018
16287,7.3333
16288,9.0
16289,8.3333
16290,8.5
16291,7.6018
16292,8.0
16293,7.0
16294,7.6018
16295,7.6018
16296,7.3333
16297,8.5714
16298,7.6018
16299,7.0
16300,8.75
16301,7.0
16302,7.6018
16303,7.6018
16304,7.0
16305,7.6018
16306,8.4762
16307,8.0
16308,7.5
16309,7.8
16310,7.6018
16311,7.6018
16312,7.6018
16313,7.6018
16314,7.6018
16315,7.25
16316,7.0
16317,7.6018
16318,7.6018
16319,7.6018
16320,6.0
16321,8.0
16322,9.0
16323,8.0
16324,7.6018
16325,7.6018
16326,7.6018
16327,7.6018
16328,7.6018
16329,8.1519
16330,6.9792
16331,8.1429
16332,7.6018
16333,7.6018
16334,7.6018
16335,6.5
16336,7.0
16337,7.1
16338,8.0
16339,7.6018
16340,4.0
16341,7.6018
16342,7.1667
16343,7.6018
16344,7.6018
16345,8.0
16346,7.2453
16347,8.2
16348,7.3333
16349,8.6667
16350,7.6018
16351,7.6018
16352,5.0
16353,4.0
16354,7.6018
16355,7.6018
16356,7.6018
16357,8.0909
16358,7.6018
16359,6.5
16360,7.6018
16361,8.3333
16362,7.6018
16363,7.6018
16364,7.6018
16365,7.2727
16366,8.5
16367,8.8
16368,7.6018
16369,7.6018
16370,6.0
16371,7.5789
16372,7.6018
16373,7.5
16374,7.6018
16375,7.6018
16376,6.4
16377,7.8667
16378,7.6018
16379,7.6018
16380,9.0
16381,7.6018
16382,8.4717
16383,7.6018
16384,8.0
16385,7.9437
16386,7.6018
16387,7.0
16388,7.6018
16389,7.6018
16390,8.1429
16391,7.6018
16392,7.6018
16393,7.5263
16394,9.0862
16395,7.6018
16396,7.9048
16397,7.6018
16398,7.6018
16399,7.6018
16400,8.0732
16401,8.0
16402,10.0
16403,7.1667
16404,7.6018
16405,6.75
16406,8.0
16407,7.6018
16408,7.6018
16409,7.2381
16410,8.45
16411,7.6018
16412,7.6018
16413,7.6018
16414,7.6018
16415,7.0
16416,7.6018
16417,5.0
16418,7.6018
16419,7.1071
16420,7.717
16421,8.1724
16422,9.0
16423,7.0
16424,7.6018
16425,4.1893
16426,8.5
16427,7.6018
16428,7.6018
16429,7.6018
16430,7.6018
16431,7.6018
16432,10.0
16433,8.1637
16434,7.6018
16435,7.6538
16436,7.0
16437,8.0
16438,8.5
16439,7.6018
16440,6.5938
16441,7.3333
16442,9.0
16443,6.0
16444,7.6018
16445,7.8
16446,10.0
16447,7.6018
16448,7.0
16449,8.7143
16450,8.5455
16451,7.6018
16452,7.6018
16453,7.6018
16454,8.0
16455,7.0
16456,8.0
16457,7.6018
16458,7.6
16459,7.6018
16460,7.6018
16461,8.2
16462,5.5
16463,7.9487
16464,6.6667
16465,7.6018
16466,7.6018
16467,7.6018
16468,7.0
16469,9.5
16470,7.6667
16471,7.6018
16472,7.6018
16473,7.3438
16474,7.6667
16475,7.6018
16476,7.6018
16477,7.6018
16478,7.6018
16479,7.6018
16480,8.0
16481,6.0
16482,7.75
16483,7.6018
16484,7.8148
16485,8.0
16486,7.6018
16487,7.6018
16488,7.6018
16489,6.0
16490,7.6018
16491,7.6018
16492,8.0
16493,9.0
16494,7.5
16495,7.6018
16496,4.0
16497,7.8065
16498,7.6018
16499,7.6018
16500,7.6018
16501,7.6018
16502,7.6018
16503,6.6
16504,5.0
16505,7.5
16506,8.7143
16507,7.6018
16508,7.6018
16509,7.6018
16510,7.6018
16511,8.5
16512,7.6
16513,10.0
16514,8.0435
16515,7.6018
16516,7.6018
16517,9.6667
16518,7.6018
16519,8.6154
16520,7.6018
16521,9.0
16522,4.0
16523,7.6018
16524,9.0
16525,8.5
16526,7.8667
16527,7.8
16528,6.8333
16529,7.6018
16530,7.7273
16531,8.0
16532,7.6923
16533,7.6018
16534,9.0
16535,7.0784
16536,8.125
16537,7.6018
16538,7.6018
16539,9.0
16540,8.8571
16541,8.6667
16542,6.1579
16543,7.9561
16544,7.6018
16545,7.6018
16546,7.6018
16547,7.7045
16548,8.0
16549,7.5625
16550,8.0
16551,6.0
16552,7.6018
16553,7.6018
16554,7.4659
16555,8.0
16556,8.0
16557,8.2
16558,7.5
16559,9.5
16560,9.0
16561,5.7143
16562,7.0
16563,7.6018
16564,10.0
16565,8.5455
16566,7.6018
16567,7.8
16568,8.0
16569,7.6018
16570,7.5
16571,5.5
16572,10.0
16573,6.6667
16574,6.0
16575,7.2857
16576,7.6018
16577,7.6018
16578,7.6018
16579,7.6018
16580,7.5
16581,8.1765
16582,7.6018
16583,7.6018
16584,7.6018
16585,7.5
16586,8.75
16587,9.0
16588,8.1923
16589,7.6018
16590,7.6018
16591,7.67
16592,7.6018
16593,7.6018
16594,7.6018
16595,7.6018
16596,7.6018
16597,7.6018
16598,7.5909
16599,7.7222
16600,7.6018
16601,7.6018
16602,8.35
16603,7.6018
16604,8.25
16605,7.6018
16606,7.4762
16607,7.6018
16608,7.5758
16609,6.0
16610,8.0
16611,7.0
16612,7.1013
16613,8.6667
16614,7.7273
16615,5.75
16616,6.75
16617,7.5455
16618,8.0
16619,7.6018
16620,7.6018
16621,6.6
16622,7.6018
16623,7.8182
16624,7.0
16625,9.5
16626,7.6018
16627,7.3333
16628,10.0
16629,10.0
16630,7.6018
16631,6.3333
16632,8.4
16633,6.9792
16634,8.1111
16635,8.1
16636,7.6018
16637,6.0
16638,7.6018
16639,7.0
16640,8.0
16641,7.6018
16642,7.241
16643,7.4328
16644,7.6018
16645,9.3333
16646,7.5714
16647,8.5385
16648,7.6018
16649,7.0
16650,8.0
16651,7.6018
16652,7.6018
16653,7.6018
16654,6.8182
16655,10.0
16656,7.0571
16657,7.6018
16658,6.25
16659,7.6018
16660,10.0
16661,7.1667
16662,7.6018
16663,7.6018
16664,8.0
16665,7.6018
16666,7.8
16667,7.8571
16668,7.6018
16669,7.6667
16670,8.25
16671,7.6018
16672,7.0
16673,8.0
16674,7.6018
16675,7.75
16676,7.6018
16677,7.6018
16678,7.4615
16679,7.6018
16680,7.6018
16681,5.0
16682,7.6018
16683,7.0
16684,7.6018
16685,9.0
16686,8.0
16687,9.0
16688,8.0
16689,7.6018
16690,6.7273
16691,7.4444
16692,8.0
16693,8.5
16694,8.5556
16695,7.6018
16696,7.5
16697,8.0
16698,6.0
16699,10.0
16700,7.8065
16701,7.6018
16702,6.5
16703,8.5
16704,7.6018
16705,7.8333
16706,7.6018
16707,7.6018
16708,6.5
16709,7.4375
16710,7.6018
16711,8.1667
16712,7.3333
16713,7.6018
16714,7.6018
16715,7.6018
16716,5.8333
16717,7.6018
16718,6.5
16719,7.0
16720,8.0
16721,8.5
16722,8.6667
16723,7.6018
16724,7.6018
16725,7.6018
16726,8.5
16727,7.6018
16728,7.2
16729,7.6018
16730,5.0
16731,7.6018
16732,7.6018
16733,8.3333
16734,7.6154
16735,6.0
16736,7.6018
16737,8.2121
16738,7.6018
16739,7.6018
16740,7.6018
16741,7.6018
16742,8.0
16743,7.8235
16744,7.6018
16745,7.6018
16746,7.6018
16747,7.3333
16748,7.6018
16749,10.0
16750,8.3333
16751,7.5
16752,7.6018
16753,7.5
16754,7.6018
16755,5.0
16756,7.8
16757,7.6018
16758,9.0
16759,7.6018
16760,7.0
16761,7.3333
16762,7.6018
16763,8.0
16764,7.6018
16765,8.1667
16766,8.5833
16767,9.0
16768,8.25
16769,7.6018
16770,8.0
16771,8.0
16772,7.75
16773,7.6018
16774,7.3191
16775,8.0
16776,7.3548
16777,7.6018
16778,7.717
16779,7.6018
16780,7.5
16781,8.4333
16782,7.6018
16783,7.75
16784,8.5
16785,7.5
16786,7.6018
16787,7.6018
16788,7.8889
16789,8.0
16790,8.8065
16791,7.6018
16792,7.7273
16793,7.6018
16794,7.2857
16795,7.6018
16796,5.0
16797,7.6018
16798,7.6018
16799,5.0
16800,7.6018
16801,7.6757
16802,9.6667
16803,3.0
16804,7.6018
16805,7.6018
16806,7.6018
16807,7.8333
16808,7.6018
16809,8.0
16810,8.4615
16811,7.6018
16812,9.5
16813,6.0
16814,7.4328
16815,7.6757
16816,8.2222
16817,7.6018
16818,7.6018
16819,7.0
16820,7.5
16821,7.6018
16822,7.6018
16823,7.6018
16824,7.6018
16825,7.2453
16826,7.6018
16827,10.0
16828,8.3333
16829,8.0
16830,7.6018
16831,7.6018
16832,8.0
16833,4.0
16834,6.1667
16835,7.9091
16836,6.625
16837,7.8
16838,7.0
16839,8.0
16840,7.6018
16841,8.0
16842,7.0
16843,4.1893
16844,9.5
16845,7.4659
16846,7.6018
16847,8.0
16848,7.6018
16849,7.6018
16850,8.0
16851,8.1111
16852,8.4
16853,10.0
16854,7.6018
16855,7.6018
16856,7.6018
16857,7.9231
16858,7.6667
16859,7.6018
16860,9.25
16861,7.6018
16862,8.35
16863,7.6018
16864,7.6018
16865,6.6667
16866,7.8333
16867,8.2647
16868,8.75
16869,9.1111
16870,7.6018
16871,8.0
16872,9.5
16873,2.0
16874,7.6018
16875,7.6018
16876,8.0
16877,7.6018
16878,7.6018
16879,8.5714
16880,7.6018
16881,7.6018
16882,7.6018
16883,6.5
16884,7.8065
16885,7.25
16886,7.8333
16887,8.0
16888,5.0
16889,7.6018
16890,6.0
16891,7.241
16892,8.3333
16893,8.0
16894,7.6018
16895,7.5294
16896,7.6018
16897,3.0
16898,7.6018
16899,7.6018
16900,7.6018
16901,7.6018
16902,8.1111
16903,7.6018
16904,7.6018
16905,8.6667
16906,6.3333
16907,5.0
16908,7.6018
16909,8.0
16910,8.5
16911,8.0
16912,6.6667
16913,10.0
16914,7.6018
16915,7.6018
16916,8.0
16917,7.6018
16918,7.6018
16919,8.25
16920,7.6018
16921,7.6018
16922,9.0
16923,8.5
16924,7.6018
16925,8.0
16926,7.6018
16927,7.4688
16928,6.8889
16929,7.6018
16930,7.6018
16931,8.0
16932,7.6018
16933,7.125
16934,7.8571
16935,8.45
16936,8.0
16937,8.0
16938,7.6018
16939,7.6018
16940,8.2308
16941,7.6018
16942,7.6018
16943,7.6018
16944,7.6018
16945,9.0
16946,7.6018
16947,8.2217
16948,8.4667
16949,7.0
16950,7.6018
16951,7.0
16952,6.7143
16953,6.6667
16954,7.5
16955,8.56
16956,7.6018
16957,7.6018
16958,8.0435
16959,7.6018
16960,7.6018
16961,7.0
16962,8.0
16963,7.6018
16964,7.5263
16965,7.6018
16966,7.1163
16967,7.4231
16968,5.0
16969,8.5556
16970,9.2727
16971,7.6018
16972,8.0
16973,7.0
16974,8.0
16975,8.45
16976,9.1667
16977,7.6018
16978,7.0
16979,5.0
16980,7.6018
16981,5.5
16982,7.6018
16983,7.4328
16984,7.908
16985,10.0
16986,7.0
16987,9.0
16988,7.6018
16989,8.1429
16990,7.6018
16991,8.5
16992,7.6018
16993,7.0
16994,8.5714
16995,5.0
16996,9.0
16997,7.7
16998,6.9333
16999,7.0
17000,7.6018
17001,7.0
17002,7.6018
17003,9.0
17004,7.6018
17005,7.3
17006,7.0
17007,8.0
17008,7.6018
17009,8.5
17010,7.0
17011,7.6018
17012,7.6018
17013,8.0
17014,7.6018
17015,7.6018
17016,7.6018
17017,7.5
17018,7.5
17019,7.6018
17020,9.0
17021,7.6018
17022,7.0
17023,7.5
17024,7.45
17025,5.0
17026,7.2941
17027,7.5833
17028,7.9561
17029,7.6018
17030,8.75
17031,7.6018
17032,7.7348
17033,10.0
17034,7.6018
17035,7.6018
17036,7.6018
17037,7.3889
17038,7.6018
17039,7.6018
17040,7.75
17041,7.6018
17042,7.6018
17043,5.0
17044,7.25
17045,7.6018
17046,7.9231
17047,6.3333
17048,7.6018
17049,7.6018
17050,7.6018
17051,7.3333
17052,7.6018
17053,9.1667
17054,7.4783
17055,6.0
17056,8.0
17057,6.8889
17058,9.0
17059,7.6018
17060,8.5714
17061,8.0
17062,7.0
17063,7.6018
17064,7.6018
17065,8.0909
17066,7.2
17067,8.0
17068,7.5
17069,7.6018
17070,7.4444
17071,7.6154
17072,7.6018
17073,8.6667
17074,8.2222
17075,5.0
17076,7.1538
17077,8.0
17078,7.6018
17079,10.0
17080,7.6018
17081,8.5
17082,7.6018
17083,5.5
17084,8.0
17085,7.6018
17086,7.6018
17087,7.9189
17088,8.0
17089,7.0
17090,7.5312
17091,7.1071
17092,8.0
17093,8.0
17094,7.6018
17095,8.75
17096,7.6018
17097,7.6018
17098,10.0
17099,7.6018
17100,6.5
17101,7.6018
17102,7.6018
17103,6.0
17104,7.6018
17105,7.6
17106,10.0
17107,6.0
17108,8.2857
17109,5.0
17110,10.0
17111,7.6018
17112,8.3333
17113,7.6018
17114,7.6018
17115,7.6018
17116,7.6018
17117,8.0
17118,7.6018
17119,7.2162
17120,4.0
17121,7.6018
17122,8.0
17123,7.3778
17124,8.3333
17125,8.5
17126,7.6018
17127,7.2453
17128,8.6
17129,7.4659
17130,9.0
17131,8.0
17132,10.0
17133,7.6018
17134,6.6667
17135,7.6018
17136,7.6018
17137,8.0
17138,8.2
17139,7.6018
17140,7.0
17141,7.6018
17142,7.6018
17143,7.6018
17144,8.6667
17145,7.9545
17146,7.6018
17147,7.3333
17148,7.0
17149,7.6018
17150,6.75
17151,8.4
17152,7.0
17153,5.75
17154,7.6018
17155,7.6018
17156,7.6018
17157,7.5
17158,5.5
17159,7.6667
17160,7.6018
17161,7.6018
17162,7.3333
17163,5.5
17164,5.0
17165,7.6018
17166,9.0
17167,7.6018
17168,7.6018
17169,7.6018
17170,5.0
17171,7.6667
17172,7.6018
17173,7.6018
17174,7.6018
17175,8.0
17176,7.6018
17177,7.6018
17178,7.6018
17179,8.25
17180,7.6018
17181,7.6018
17182,7.0
17183,7.6018
17184,10.0
17185,8.875
17186,7.6018
17187,8.0
17188,7.6538
17189,9.0
17190,7.6018
17191,7.6018
17192,8.12
17193,7.6018
17194,8.0
17195,7.3191
17196,10.0
17197,8.0
17198,9.0
17199,8.0
17200,8.0
17201,7.0
17202,7.5
17203,8.0
17204,9.0
17205,7.6018
17206,9.0
17207,8.0
17208,5.0
17209,7.6018
17210,7.6018
17211,7.6018
17212,9.0
17213,7.6018
17214,9.0
17215,5.0
17216,7.6018
17217,7.6018
17218,7.6018
17219,8.0
17220,8.0
17221,8.3273
17222,4.0
17223,7.6018
17224,7.6018
17225,8.1667
17226,7.7143
17227,6.0
17228,8.75
17229,7.6018
17230,9.2
17231,7.6667
17232,7.6667
17233,7.6018
17234,5.0
17235,8.0
17236,7.6018
17237,6.5
17238,7.0
17239,8.0526
17240,10.0
17241,8.5
17242,7.6875
17243,7.6018
17244,7.6018
17245,7.2
17246,7.6018
17247,10.0
17248,9.0
17249,7.0
17250,7.6018
17251,7.6018
17252,7.4762
17253,7.0
17254,8.3793
17255,8.0
17256,8.0
17257,7.6018
17258,7.6018
17259,8.3333
17260,7.4659
17261,7.0
17262,8.0526
17263,7.6018
17264,8.0
17265,8.5
17266,9.0
17267,7.4231
17268,7.6667
17269,7.5
17270,8.6182
17271,7.6018
17272,8.4717
17273,7.6018
17274,8.1667
17275,7.5625
17276,3.0
17277,8.0
17278,7.6018
17279,5.0
17280,7.6018
17281,10.0
17282,8.0
17283,8.5
17284,7.6018
17285,7.6018
17286,9.0
17287,7.6018
17288,7.6018
17289,7.5424
17290,7.6018
17291,7.88
17292,7.6667
17293,10.0
17294,7.6018
17295,8.9
17296,9.0
17297,7.25
17298,7.2453
17299,8.75
17300,7.6018
17301,8.0
17302,7.6018
17303,6.5
17304,8.0
17305,7.6757
17306,7.25
17307,7.6018
17308,6.0
17309,7.6018
17310,6.0
17311,9.0
17312,7.6018
17313,7.6018
17314,7.6667
17315,7.641
17316,7.1333
17317,7.5
17318,10.0
17319,7.4615
17320,10.0
17321,8.0909
17322,8.4
17323,7.6018
17324,8.2632
17325,7.6018
17326,8.5
17327,8.0
17328,7.6897
17329,7.6018
17330,8.0
17331,8.1842
17332,7.5
17333,7.6018
17334,9.0
17335,7.6018
17336,7.6018
17337,7.6018
17338,7.0
17339,8.1429
17340,8.0
17341,7.6018
17342,7.0
17343,7.9167
17344,7.625
17345,8.4
17346,7.6018
17347,7.6018
17348,8.0513
17349,9.3333
17350,7.6018
17351,8.5556
17352,8.0
17353,7.3333
17354,6.45
17355,7.6018
17356,7.9848
17357,7.6018
17358,7.7348
17359,7.6018
17360,7.6018
17361,7.6018
17362,7.5
17363,7.6018
17364,10.0
17365,8.0
17366,8.5
17367,7.0
17368,7.6018
17369,7.6018
17370,7.6018
17371,6.75
17372,7.5312
17373,8.2727
17374,9.0
17375,7.6018
17376,8.75
17377,9.2222
17378,7.6018
17379,8.5
17380,10.0
17381,8.5
17382,7.6018
17383,7.6018
17384,7.6018
17385,7.6018
17386,8.6667
17387,6.97
17388,8.4717
17389,7.6018
17390,7.6018
17391,7.6018
17392,7.6018
17393,7.6018
17394,9.3333
17395,7.0
17396,7.4328
17397,7.9615
17398,8.0
17399,7.6018
17400,7.6018
17401,7.3333
17402,8.0
17403,7.4
17404,7.6875
17405,10.0
17406,7.6018
17407,7.6018
17408,7.0
17409,6.0
17410,6.8
17411,8.0
17412,7.5263
17413,7.6018
17414,9.0
17415,7.6018
17416,7.6018
17417,8.0
17418,7.8571
17419,7.7348
17420,7.6018
17421,7.625
17422,6.5833
17423,7.5
17424,7.6018
17425,7.3571
17426,7.6018
17427,7.5294
17428,7.6018
17429,3.0
17430,8.0
17431,7.6018
17432,7.6018
17433,8.4717
17434,7.2453
17435,8.0
17436,10.0
17437,9.0
17438,8.125
17439,7.6018
17440,7.6018
17441,6.2
17442,8.1818
17443,7.6018
17444,7.6018
17445,8.0
17446,4.0
17447,7.6018
17448,7.6018
17449,7.6018
17450,7.6018
17451,7.25
17452,10.0
17453,7.4783
17454,8.4
17455,7.6018
17456,7.6018
17457,7.2222
17458,7.9091
17459,7.6018
17460,7.375
17461,8.0
17462,7.6018
17463,7.6018
17464,7.6018
17465,9.4
17466,8.0
17467,8.0
17468,8.0
17469,7.7222
17470,10.0
17471,10.0
17472,7.6018
17473,9.3333
17474,7.6018
17475,7.6018
17476,7.6018
17477,8.3846
17478,7.0
17479,8.5556
17480,7.6018
17481,7.6018
17482,6.1667
17483,7.6018
17484,7.6018
17485,8.2414
17486,7.6018
17487,8.0
17488,8.8333
17489,7.6018
17490,7.6018
17491,7.6018
17492,7.5385
17493,10.0
17494,7.8667
17495,7.5455
17496,10.0
17497,7.5
17498,7.8936
17499,8.0
17500,7.6018
17501,8.125
17502,9.0
17503,7.3548
17504,6.97
17505,8.8065
17506,7.6018
17507,8.3636
17508,7.6018
17509,7.6018
17510,7.0588
17511,8.5
17512,8.5
17513,7.6018
17514,6.0
17515,8.0
17516,7.6018
17517,7.6018
17518,7.0
17519,7.6018
17520,7.6875
17521,5.6
17522,9.0
17523,7.6018
17524,5.0
17525,7.0
17526,7.0
17527,7.25
17528,7.5
17529,6.4167
17530,7.6018
17531,6.3571
17532,8.0652
17533,7.6018
17534,10.0
17535,7.0
17536,7.6018
17537,8.0
17538,7.6018
17539,7.6452
17540,7.6018
17541,7.6018
17542,6.0
17543,7.6018
17544,6.0
17545,7.6018
17546,7.6018
17547,7.6018
17548,7.6018
17549,7.6667
17550,7.6018
17551,7.6018
17552,7.6018
17553,4.0
17554,7.6018
17555,7.4328
17556,7.6018
17557,8.25
17558,7.6018
17559,5.0
17560,9.0
17561,7.6018
17562,5.8
17563,7.0
17564,7.7447
17565,7.6018
17566,7.6018
17567,7.6018
17568,8.25
17569,7.6018
17570,5.0
17571,6.6667
17572,6.8571
17573,6.5833
17574,7.6018
17575,6.5
17576,9.0
17577,8.2222
17578,8.8
17579,7.0
17580,7.25
17581,8.6
17582,8.1111
17583,7.6018
17584,7.2609
17585,7.6018
17586,7.6018
17587,7.6018
17588,7.6018
17589,6.0
17590,7.6018
17591,8.0
17592,8.8065
17593,8.6667
17594,7.6018
17595,9.5
17596,7.67
17597,8.6667
17598,9.0
17599,8.0769
17600,7.6018
17601,4.0
17602,8.125
17603,7.6018
17604,3.0
17605,7.2
17606,8.0
17607,7.6018
17608,7.6018
17609,7.0
17610,8.092
17611,7.6018
17612,9.0
17613,9.5
17614,9.0
17615,7.0571
17616,7.6018
17617,7.75
17618,7.6018
17619,7.6018
17620,7.6018
17621,7.75
17622,7.6018
17623,5.0
17624,7.8125
17625,7.6018
17626,7.75
17627,7.4286
17628,7.8125
17629,10.0
17630,8.1667
17631,7.0
17632,5.2857
17633,7.6018
17634,7.125
17635,5.6
17636,7.6018
17637,9.125
17638,7.4483
17639,5.5
17640,7.6018
17641,7.6018
17642,8.2
17643,9.3333
17644,8.0435
17645,7.125
17646,10.0
17647,7.6018
17648,7.5
17649,4.1893
17650,7.6018
17651,4.1893
17652,7.2
17653,7.6018
17654,7.5294
17655,8.3333
17656,8.3846
17657,7.6018
17658,7.6018
17659,7.6018
17660,7.6018
17661,7.2444
17662,10.0
17663,7.6018
17664,6.9595
17665,7.6018
17666,7.6018
17667,6.75
17668,7.6018
17669,7.7667
17670,8.0
17671,7.6018
17672,10.0
17673,7.6018
17674,7.0
17675,7.6667
17676,4.0
17677,7.0
17678,7.6018
17679,7.6018
17680,6.1667
17681,7.6018
17682,7.6018
17683,7.6018
17684,6.5938
17685,8.1724
17686,9.0
17687,7.6018
17688,8.0
17689,7.6018
17690,7.6018
17691,7.6018
17692,6.0
17693,7.6018
17694,7.6018
17695,9.0
17696,8.0
17697,7.6018
17698,9.0
17699,8.0
17700,7.6018
17701,7.6018
17702,8.7
17703,7.6018
17704,7.871
17705,7.6018
17706,8.1923
17707,7.6018
17708,6.5
17709,7.0
17710,5.0
17711,7.0784
17712,7.9615
17713,7.0
17714,7.6018
17715,7.6018
17716,7.6018
17717,7.1013
17718,7.6
17719,7.6018
17720,7.6018
17721,7.0
17722,7.6018
17723,7.6667
17724,7.1818
17725,7.6018
17726,7.6018
17727,7.2
17728,8.5
17729,9.0
17730,8.0
17731,8.2222
17732,8.0
17733,7.6018
17734,7.6667
17735,7.625
17736,4.0
17737,9.5
17738,7.6018
17739,7.6018
17740,7.6018
17741,7.6018
17742,7.5424
17743,8.3333
17744,7.6018
17745,7.6018
17746,7.5
17747,7.3333
17748,6.6
17749,7.8571
17750,7.5
17751,7.6018
17752,7.6018
17753,6.5
17754,7.6018
17755,8.0
17756,7.6018
17757,7.6018
17758,6.5
17759,7.0
17760,7.6176
17761,7.6176
17762,7.6018
17763,7.0
17764,7.5
17765,7.6018
17766,7.5625
17767,7.0
17768,7.4615
17769,7.6018
17770,8.6667
17771,7.6018
17772,7.5
17773,6.3333
17774,6.3333
17775,7.6018
17776,10.0
17777,7.6018
17778,8.2857
17779,8.2857
17780,7.5
17781,7.6018
17782,8.0
17783,7.6018
17784,7.8125
17785,7.6018
17786,8.35
17787,7.6018
17788,8.7609
17789,8.5294
17790,7.0
17791,9.125
17792,7.4444
17793,7.6018
17794,8.2069
17795,7.0
17796,5.0
17797,7.6018
17798,7.4667
17799,7.0
17800,7.6018
17801,7.6018
17802,7.6018
17803,2.0
17804,7.1013
17805,7.6018
17806,7.6018
17807,8.8065
17808,7.6018
17809,7.6018
17810,7.6018
17811,7.0
17812,7.6018
17813,7.6018
17814,8.0976
17815,5.0
17816,7.6018
17817,6.6667
17818,8.4
17819,8.5
17820,7.6018
17821,7.6018
17822,7.6018
17823,9.0
17824,7.6018
17825,7.6018
17826,6.0
17827,7.6018
17828,7.6018
17829,7.6018
17830,8.0
17831,10.0
17832,7.6018
17833,7.6018
17834,8.0
17835,7.0
17836,7.2162
17837,7.6018
17838,7.6018
17839,7.0
17840,7.6018
17841,7.6018
17842,7.4667
17843,7.6018
17844,5.5
17845,6.5
17846,7.4667
17847,7.6018
17848,8.5
17849,7.6018
17850,7.6018
17851,7.6018
17852,6.5
17853,7.6018
17854,6.2
17855,7.6018
17856,6.8889
17857,6.3333
17858,5.0
17859,7.7447
17860,7.6018
17861,6.5
17862,8.0
17863,4.1893
17864,7.1667
17865,8.5
17866,8.0
17867,7.6018
17868,6.6667
17869,7.6667
17870,8.0
17871,7.6018
17872,7.8125
17873,8.1429
17874,9.0
17875,10.0
17876,7.3333
17877,6.6
17878,5.0
17879,5.0
17880,7.6018
17881,7.6018
17882,7.6018
17883,8.12
17884,7.6018
17885,7.6018
17886,7.5909
17887,7.5
17888,7.6018
17889,7.1013
17890,7.5
17891,7.8571
17892,7.9412
17893,10.0
17894,8.25
17895,9.0
17896,7.4667
17897,7.6018
17898,7.6018
17899,7.6018
17900,7.4286
17901,4.0
17902,7.1818
17903,7.8
17904,7.6018
17905,7.6018
17906,7.4667
17907,7.0
17908,4.1893
17909,7.6018
17910,8.0968
17911,8.0
17912,7.7273
17913,7.6018
17914,7.6018
17915,7.6018
17916,8.1667
17917,8.5
17918,7.6018
17919,7.75
17920,6.75
17921,8.2857
17922,7.6018
17923,6.5
17924,8.0
17925,8.0976
17926,8.0
17927,7.0
17928,7.0
17929,7.5
17930,6.0
17931,6.0
17932,6.6
17933,8.0435
17934,7.4412
17935,7.6018
17936,7.9118
17937,7.6018
17938,8.0
17939,7.5385
17940,8.5
17941,8.0
17942,6.75
17943,7.1667
17944,9.0
17945,7.6018
17946,7.6018
17947,7.2
17948,7.6018
17949,7.6018
17950,7.6018
17951,7.9518
17952,7.6018
17953,6.0
17954,8.0
17955,7.6018
17956,8.6667
17957,7.6018
17958,7.6018
17959,7.6018
17960,8.0
17961,7.5
17962,7.5278
17963,5.0
17964,7.6018
17965,7.0
17966,8.0
17967,7.6018
17968,7.6018
17969,7.6667
17970,7.0
17971,8.0
17972,7.0
17973,7.6018
17974,7.6018
17975,7.6018
17976,7.95
17977,7.6018
17978,7.9375
17979,7.6018
17980,9.0
17981,7.6018
17982,7.6018
17983,7.6018
17984,7.6018
17985,7.6018
17986,7.4659
17987,7.6018
17988,7.0
17989,8.0
17990,7.6018
17991,8.25
17992,7.2609
17993,7.6018
17994,7.1429
17995,7.2
17996,8.3913
17997,8.5
17998,7.0
17999,6.5714
18000,7.6018
18001,9.5
18002,8.4333
18003,7.6018
18004,7.6018
18005,8.0
18006,7.6018
18007,6.0
18008,8.0
18009,7.3333
18010,6.4167
18011,10.0
18012,7.9231
18013,8.0
18014,7.5
18015,7.6018
18016,7.6018
18017,9.7692
18018,9.0
18019,8.6667
18020,10.0
18021,7.6018
18022,7.4
18023,8.7143
18024,8.5
18025,7.6018
18026,9.1429
18027,8.0
18028,7.5
18029,7.6018
18030,8.4
18031,7.2
18032,7.6018
18033,7.2593
18034,7.6018
18035,7.0784
18036,7.7143
18037,7.1667
18038,7.8627
18039,4.1893
18040,7.6018
18041,7.6018
18042,9.0
18043,7.6018
18044,5.0
18045,7.6018
18046,7.2381
18047,7.6018
18048,7.6018
18049,8.0
18050,7.6018
18051,7.8667
18052,7.0
18053,7.6018
18054,7.0
18055,6.75
18056,8.0
18057,8.25
18058,8.0303
18059,7.0
18060,9.0
18061,7.6018
18062,4.1893
18063,7.6018
18064,10.0
18065,7.6018
18066,7.6018
18067,7.6018
18068,9.0
18069,8.1429
18070,6.5714
18071,8.1637
18072,7.6018
18073,7.6018
18074,7.6018
18075,7.6018
18076,7.7119
18077,7.6018
18078,7.6018
18079,10.0
18080,7.0
18081,7.6018
18082,6.0
18083,8.0
18084,7.6018
18085,7.9561
18086,7.6018
18087,7.6018
18088,7.9561
18089,7.6018
18090,6.97
18091,7.0
18092,5.8
18093,8.3333
18094,7.6018
18095,7.6018
18096,7.6018
18097,3.0
18098,8.2
18099,9.0
18100,7.6018
18101,7.67
18102,9.0
18103,8.4
18104,7.0
18105,10.0
18106,7.6018
18107,7.2222
18108,7.6018
18109,8.0513
18110,7.6018
18111,8.0
18112,7.6018
18113,7.6018
18114,8.5714
18115,7.6018
18116,7.6018
18117,7.6018
18118,7.4958
18119,8.0
18120,8.5
18121,7.6018
18122,8.5
18123,9.0
18124,8.3333
18125,7.6018
18126,7.1667
18127,6.3333
18128,10.0
18129,9.0
18130,8.5
18131,7.9518
18132,7.6018
18133,8.5
18134,7.6018
18135,7.6018
18136,7.7348
18137,9.0
18138,7.6018
18139,8.6667
18140,8.1724
18141,7.4286
18142,7.2
18143,6.5
18144,6.875
18145,6.8889
18146,7.6018
18147,7.6018
18148,7.2188
18149,8.3333
18150,7.75
18151,8.5
18152,7.6018
18153,8.5
18154,9.0
18155,5.0
18156,7.75
18157,7.6154
18158,7.6018
18159,7.6018
18160,7.0
18161,7.6018
18162,7.6018
18163,7.6018
18164,8.5
18165,7.0
18166,7.6018
18167,8.5
18168,7.6364
18169,7.3333
18170,6.0
18171,7.6018
18172,7.241
18173,8.3333
18174,7.6018
18175,7.6018
18176,8.5455
18177,7.5
18178,8.4
18179,7.0
18180,7.125
18181,7.9667
18182,6.0
18183,7.6018
18184,7.6018
18185,7.0
18186,3.0
18187,8.1429
18188,7.8
18189,8.6667
18190,7.0
18191,7.6
18192,7.6018
18193,7.0
18194,7.6018
18195,4.0
18196,7.0
18197,7.6018
18198,7.2857
18199,7.6018
18200,7.6018
18201,7.6018
18202,6.4545
18203,6.25
18204,7.4444
18205,7.0
18206,7.0667
18207,7.9518
18208,8.6667
18209,6.6923
18210,7.0
18211,7.6018
18212,5.0
18213,8.2217
18214,7.0
18215,7.6296
18216,7.6018
18217,7.6018
18218,7.6018
18219,8.45
18220,7.6018
18221,8.5
18222,9.0
18223,8.0
18224,8.75
18225,7.6018
18226,7.6018
18227,10.0
18228,7.0741
18229,7.6018
18230,9.5
18231,4.5
18232,7.4615
18233,5.0
18234,7.0
18235,7.6018
18236,7.6018
18237,5.0
18238,7.6018
18239,9.2
18240,8.0
18241,7.1013
18242,7.9231
18243,7.6018
18244,7.6018
18245,8.1429
18246,9.0
18247,8.2647
18248,7.6018
18249,7.6018
18250,7.6018
18251,10.0
18252,7.6018
18253,7.0
18254,7.6018
18255,6.0
18256,9.7692
18257,7.6018
18258,7.6018
18259,7.6018
18260,7.0
18261,9.0862
18262,7.2857
18263,8.375
18264,9.4
18265,8.0
18266,9.0
18267,7.6018
18268,7.6018
18269,8.0
18270,5.0
18271,7.6018
18272,7.6018
18273,8.4
18274,7.6018
18275,7.6018
18276,7.6018
18277,7.0
18278,7.6018
18279,7.6018
18280,7.7045
18281,8.4286
18282,8.4286
18283,5.0
18284,7.6757
18285,7.8
18286,7.6018
18287,7.6018
18288,3.0
18289,7.5
18290,7.6018
18291,7.0
18292,7.6018
18293,8.8182
18294,7.6522
18295,7.6018
18296,9.3333
18297,8.25
18298,7.6018
18299,8.6
18300,7.7778
18301,7.2593
18302,10.0
18303,7.6018
18304,9.0
18305,6.7778
18306,8.25
18307,7.6018
18308,7.8667
18309,7.6018
18310,6.0
18311,7.2353
18312,7.5
18313,7.6018
18314,7.6018
18315,7.6018
18316,8.0
18317,7.0
18318,7.7778
18319,7.6018
18320,7.6018
18321,7.3191
18322,9.0
18323,8.5
18324,7.6018
18325,7.6018
18326,7.5
18327,7.6018
18328,8.0
18329,7.2453
18330,9.0
18331,7.75
18332,7.75
18333,7.6018
18334,9.0
18335,8.0976
18336,7.4
18337,7.6018
18338,7.6018
18339,7.6018
18340,4.0
18341,7.6018
18342,9.6667
18343,7.6018
18344,8.0
18345,7.5417
18346,8.0
18347,7.6018
18348,7.6018
18349,7.6018
18350,6.0
18351,8.0
18352,7.0
18353,7.6018
18354,7.125
18355,7.2609
18356,7.6018
18357,7.0
18358,7.6018
18359,7.6018
18360,7.6018
18361,8.0
18362,9.0
18363,7.3
18364,7.6018
18365,6.2857
18366,7.6018
18367,7.6018
18368,6.0
18369,7.0
18370,8.5
18371,6.6667
18372,7.0
18373,7.0435
18374,7.0
18375,7.6018
18376,7.8
18377,6.5
18378,8.4717
18379,7.6018
18380,9.0
18381,6.0
18382,6.5
18383,7.75
18384,7.6018
18385,6.5
18386,10.0
18387,8.0
18388,9.0
18389,5.0
18390,7.0
18391,6.0
18392,5.0
18393,10.0
18394,7.2593
18395,8.5
18396,7.6018
18397,7.6018
18398,6.0
18399,8.0
18400,7.6018
18401,7.6018
18402,9.25
18403,8.0435
18404,7.0
18405,7.0
18406,7.0
18407,7.6018
18408,7.25
18409,7.0
18410,7.6018
18411,8.8571
18412,10.0
18413,8.0
18414,7.6018
18415,7.5
18416,7.375
18417,9.0
18418,9.0
18419,6.4545
18420,7.6018
18421,7.1667
18422,7.6
18423,7.3333
18424,8.5
18425,7.6018
18426,8.0
18427,7.6018
18428,5.0
18429,7.2
18430,7.6018
18431,7.6018
18432,8.3333
18433,7.6018
18434,7.6018
18435,7.3333
18436,5.5
18437,9.0
18438,10.0
18439,4.1893
18440,6.75
18441,8.5
18442,8.2647
18443,7.6018
18444,7.6018
18445,7.8627
18446,7.6018
18447,7.6018
18448,7.6018
18449,7.6018
18450,7.6018
18451,7.8
18452,8.5
18453,7.6667
18454,7.0
18455,7.4615
18456,7.6018
18457,6.0
18458,7.6018
18459,7.6018
18460,6.6
18461,7.4615
18462,7.6018
18463,7.6018
18464,7.6
18465,7.8
18466,8.0
18467,6.25
18468,7.9561
18469,7.4706
18470,7.6018
18471,7.0
18472,7.6018
18473,7.6018
18474,9.5
18475,7.6018
18476,8.0
18477,8.125
18478,3.0
18479,7.9561
18480,7.6018
18481,7.6018
18482,5.0
18483,10.0
18484,9.0
18485,7.6018
18486,7.6018
18487,7.3462
18488,7.7273
18489,7.6018
18490,6.8889
18491,9.0
18492,10.0
18493,8.5
18494,7.6018
18495,7.6018
18496,7.5714
18497,9.0
18498,7.6018
18499,7.6018
18500,8.3333
18501,7.6018
18502,7.6018
18503,7.6018
18504,7.6018
18505,7.0
18506,8.0
18507,7.6018
18508,7.5833
18509,7.6018
18510,8.5556
18511,7.6018
18512,7.6018
18513,7.6018
18514,6.0
18515,7.6018
18516,6.7273
18517,7.6018
18518,8.5625
18519,7.25
18520,7.6018
18521,9.0
18522,7.6018
18523,8.0
18524,9.0
18525,6.6154
18526,7.6018
18527,5.0
18528,7.8182
18529,7.6018
18530,7.6018
18531,7.0
18532,8.0
18533,5.0
18534,8.2217
18535,7.6018
18536,7.6018
18537,9.3333
18538,7.6018
18539,7.125
18540,7.6018
18541,7.6018
18542,5.6
18543,8.2069
18544,8.8571
18545,7.6018
18546,7.6018
18547,8.2857
18548,8.0
18549,7.6018
18550,7.2727
18551,7.6018
18552,7.6018
18553,7.6018
18554,8.9375
18555,7.0
18556,7.6018
18557,8.0
18558,7.6018
18559,6.3333
18560,7.6018
18561,7.6018
18562,9.0
18563,7.6018
18564,7.6018
18565,8.0
18566,8.2308
18567,6.0
18568,7.5
18569,7.6018
18570,6.3
18571,7.2941
18572,9.3333
18573,7.8913
18574,7.6018
18575,7.6018
18576,8.2
18577,7.6018
18578,7.6018
18579,8.0
18580,7.0
18581,6.0
18582,8.5
18583,7.6018
18584,7.6154
18585,7.6018
18586,7.4783
18587,7.6018
18588,7.6018
18589,7.0
18590,7.4328
18591,7.6018
18592,8.1637
18593,7.6018
18594,7.6018
18595,7.0
18596,8.0
18597,7.36
18598,8.6
18599,6.0
18600,7.0
18601,7.6018
18602,6.9792
18603,9.0
18604,7.6018
18605,7.6018
18606,8.0
18607,7.6018
18608,7.5625
18609,7.6018
18610,10.0
18611,8.35
18612,6.9792
18613,8.2
18614,7.6018
18615,8.0
18616,7.6018
18617,7.6018
18618,8.3636
18619,10.0
18620,9.0
18621,7.0
18622,7.8333
18623,8.0
18624,7.0
18625,7.6018
18626,5.0
18627,8.0
18628,8.5
18629,7.6018
18630,8.0
18631,9.0
18632,7.65
18633,9.0
18634,7.6018
18635,7.6667
18636,7.6018
18637,7.3333
18638,6.6667
18639,7.6018
18640,6.0
18641,7.0
18642,7.6018
18643,7.6018
18644,6.4
18645,8.0
18646,7.6018
18647,8.0
18648,7.6018
18649,8.7667
18650,7.6018
18651,7.6018
18652,9.0
18653,7.6018
18654,6.5
18655,7.6018
18656,7.6018
18657,6.5
18658,9.0
18659,7.0
18660,7.6018
18661,7.5
18662,7.6018
18663,7.4286
18664,8.3333
18665,7.6018
18666,7.6018
18667,7.5
18668,7.6018
18669,7.6018
18670,8.6667
18671,7.6018
18672,7.6667
18673,7.6018
18674,10.0
18675,7.6018
18676,8.0
18677,7.6018
18678,7.1538
18679,8.2632
18680,7.6018
18681,8.0
18682,7.6018
18683,7.6018
18684,7.6018
18685,7.6018
18686,7.6018
18687,7.6018
18688,7.7
18689,6.6667
18690,7.6018
18691,7.0
18692,8.4717
18693,7.4
18694,9.25
18695,9.5
18696,7.6018
18697,8.8
18698,7.6018
18699,7.7333
18700,7.6018
18701,8.0
18702,7.6018
18703,8.2632
18704,8.0
18705,7.6018
18706,8.5882
18707,9.0
18708,8.5
18709,7.6018
18710,7.6018
18711,7.5
18712,7.6018
18713,6.0
18714,7.6018
18715,7.6018
18716,6.9167
18717,9.0
18718,7.125
18719,7.6018
18720,7.6018
18721,7.8333
18722,7.6018
18723,7.0
18724,7.6018
18725,8.0
18726,7.6018
18727,7.8
18728,7.6018
18729,7.5789
18730,8.1667
18731,7.6018
18732,7.6018
18733,7.8913
18734,7.6667
18735,7.0
18736,7.3333
18737,7.6018
18738,7.6018
18739,7.8125
18740,8.3939
18741,8.7
18742,7.5714
18743,7.6018
18744,8.0
18745,7.6522
18746,7.6018
18747,6.7778
18748,7.6018
18749,7.6018
18750,7.6018
18751,7.6018
18752,4.1893
18753,8.5
18754,10.0
18755,9.2
18756,7.0435
18757,7.7778
18758,7.6018
18759,9.0
18760,7.6018
18761,8.2632
18762,7.6018
18763,7.3235
18764,7.4958
18765,6.5
18766,6.6667
18767,7.6018
18768,7.6667
18769,7.0
18770,7.6018
18771,6.6
18772,7.0
18773,6.2
18774,8.2308
18775,7.5
18776,9.1667
18777,7.6018
18778,7.6018
18779,9.3333
18780,7.6018
18781,7.3077
18782,5.5
18783,7.6018
18784,7.6018
18785,6.7778
18786,5.5
18787,8.0
18788,7.0
18789,7.6018
18790,7.0
18791,7.6018
18792,7.6018
18793,7.6018
18794,8.0
18795,7.9333
18796,7.4286
18797,7.6018
18798,8.0
18799,8.0345
18800,7.0435
18801,7.6018
18802,7.6018
18803,8.0
18804,5.5625
18805,6.5714
18806,7.6018
18807,7.6018
18808,7.6018
18809,8.0
18810,6.0
18811,7.7857
18812,7.6018
18813,7.6018
18814,7.4688
18815,6.8
18816,7.8333
18817,9.0
18818,7.6018
18819,5.5
18820,7.6018
18821,7.9437
18822,7.6018
18823,7.6018
18824,7.0
18825,6.4
18826,7.6018
18827,7.6018
18828,7.0
18829,8.1
18830,7.6018
18831,7.6018
18832,7.6018
18833,8.0
18834,7.5
18835,6.25
18836,7.6018
18837,7.6018
18838,6.0
18839,4.0
18840,7.1013
18841,7.6018
18842,7.6018
18843,8.2069
18844,7.6018
18845,6.5
18846,8.2222
18847,7.4958
18848,7.6018
18849,7.88
18850,10.0
18851,7.6018
18852,8.5625
18853,7.6018
18854,7.0
18855,7.6018
18856,7.6018
18857,7.3778
18858,7.2
18859,7.6018
18860,7.6018
18861,7.6018
18862,9.0862
18863,7.6018
18864,7.67
18865,7.6018
18866,7.4444
18867,7.6018
18868,7.5238
18869,8.0
18870,7.6018
18871,7.6364
18872,7.6018
18873,10.0
18874,7.6018
18875,7.6018
18876,7.6018
18877,10.0
18878,7.6018
18879,7.15
18880,8.0
18881,10.0
18882,9.0
18883,7.1818
18884,8.6667
18885,7.8148
18886,7.9508
18887,7.8627
18888,8.4615
18889,7.6018
18890,7.6018
18891,7.6018
18892,7.0
18893,7.6018
18894,7.6018
18895,7.6018
18896,8.0976
18897,7.6018
18898,7.6018
18899,7.6018
18900,6.7143
18901,7.6018
18902,5.0
18903,8.32
18904,6.3333
18905,7.6
18906,7.6018
18907,7.6018
18908,8.4717
18909,7.6018
18910,7.6018
18911,10.0
18912,8.0
18913,8.3
18914,9.25
18915,8.0
18916,7.6667
18917,7.6018
18918,7.6
18919,7.6018
18920,7.6018
18921,7.6
18922,7.5556
18923,7.6018
18924,7.2
18925,7.6018
18926,7.0
18927,7.6018
18928,5.0
18929,7.6018
18930,7.2857
18931,8.1724
18932,6.0
18933,7.6667
18934,8.125
18935,6.0
18936,6.8333
18937,10.0
18938,7.0
18939,9.0
18940,7.6018
18941,10.0
18942,7.6018
18943,7.6018
18944,7.0
18945,7.6018
18946,7.0
18947,6.0
18948,4.1893
18949,8.5625
18950,7.6018
18951,7.6667
18952,8.0
18953,7.6923
18954,7.6018
18955,7.6018
18956,7.6018
18957,8.0
18958,8.1
18959,7.6018
18960,7.7895
18961,7.6757
18962,7.6018
18963,7.25
18964,7.5
18965,6.625
18966,8.4
18967,7.6018
18968,7.75
18969,8.1667
18970,7.5
18971,7.6018
18972,7.6018
18973,7.2857
18974,7.6018
18975,7.6018
18976,6.5
18977,7.8
18978,10.0
18979,5.2857
18980,7.6018
18981,7.6018
18982,7.6018
18983,10.0
18984,8.0
18985,8.092
18986,7.6018
18987,8.0
18988,8.0
18989,8.0
18990,7.6018
18991,7.6018
18992,4.1893
18993,8.5
18994,6.6667
18995,7.6018
18996,7.6018
18997,7.6018
18998,8.2121
18999,7.9615
19000,7.6018
19001,7.6018
19002,7.0
19003,7.6018
19004,7.6018
19005,8.0
19006,8.5
19007,8.0
19008,8.0
19009,5.6667
19010,10.0
19011,5.0
19012,7.6018
19013,7.6018
19014,7.6018
19015,8.1429
19016,8.0
19017,7.3333
19018,6.6111
19019,6.9375
19020,7.6018
19021,8.0
19022,8.5
19023,10.0
19024,7.0
19025,6.0
19026,7.1463
19027,7.6018
19028,8.2647
19029,6.0
19030,7.6018
19031,7.8936
19032,7.6018
19033,7.6018
19034,7.6018
19035,7.0784
19036,7.9091
19037,7.6018
19038,4.0
19039,7.6018
19040,9.0
19041,7.4667
19042,7.7895
19043,8.092
19044,6.6
19045,5.0
19046,7.6018
19047,7.6018
19048,7.6018
19049,7.9508
19050,7.6018
19051,6.0
19052,7.6018
19053,7.8333
19054,8.0
19055,10.0
19056,7.5
19057,6.9565
19058,7.75
19059,7.6018
19060,8.1905
19061,7.8182
19062,8.5
19063,8.0
19064,7.6018
19065,7.6018
19066,7.4615
19067,7.6018
19068,6.5
19069,8.3939
19070,7.6018
19071,7.6923
19072,2.0
19073,8.0
19074,7.6018
19075,7.0
19076,7.6018
19077,7.9091
19078,1.0
19079,7.6018
19080,7.6018
19081,5.0
19082,7.6018
19083,7.6018
19084,8.2857
19085,7.1071
19086,7.6018
19087,8.4
19088,7.6018
19089,9.0
19090,9.0
19091,7.6018
19092,7.1818
19093,7.6018
19094,8.0
19095,7.6018
19096,7.6018
19097,7.5
19098,7.8627
19099,7.6018
19100,7.5
19101,8.0
19102,5.0
19103,7.6018
19104,9.0
19105,7.6018
19106,8.0
19107,8.75
19108,7.6018
19109,7.6018
19110,8.0
19111,7.525
19112,7.125
19113,5.0
19114,6.0
19115,7.0
19116,5.0
19117,8.6667
19118,9.0
19119,6.5
19120,7.4659
19121,9.0
19122,7.0
19123,7.6018
19124,7.6018
19125,7.6018
19126,7.6018
19127,7.0
19128,7.5
19129,7.875
19130,7.75
19131,7.6018
19132,7.6018
19133,10.0
19134,7.3548
19135,7.2453
19136,7.6018
19137,7.6018
19138,7.6018
19139,7.6018
19140,7.0
19141,7.6018
19142,7.6018
19143,7.6018
19144,7.8889
19145,6.6667
19146,5.0
19147,7.6018
19148,8.3333
19149,8.0
19150,7.6018
19151,7.6018
19152,8.0345
19153,7.76
19154,7.75
19155,7.6018
19156,8.0
19157,7.8125
19158,10.0
19159,7.6018
19160,10.0
19161,8.0
19162,7.0
19163,7.6018
19164,8.0
19165,8.1429
19166,7.0
19167,6.4545
19168,7.5
19169,7.125
19170,7.5263
19171,7.6018
19172,7.6018
19173,7.525
19174,7.6
19175,7.6018
19176,7.6018
19177,7.6018
19178,7.6018
19179,7.5
19180,7.5
19181,7.6018
19182,9.1667
19183,6.75
19184,7.67
19185,7.6018
19186,8.3273
19187,7.0
19188,9.0
19189,7.6018
19190,7.6018
19191,8.0
19192,7.6018
19193,7.6018
19194,7.6018
19195,8.1923
19196,7.6018
19197,10.0
19198,8.0
19199,8.6842
19200,7.6018
19201,8.6667
19202,7.6018
19203,7.0
19204,7.6018
19205,7.0
19206,9.0
19207,7.7348
19208,6.0909
19209,7.5
19210,7.6018
19211,7.0
19212,5.0
19213,8.0
19214,7.8936
19215,7.0
19216,7.6018
19217,7.6018
19218,7.6018
19219,8.1667
19220,7.6018
19221,7.6018
19222,7.6018
19223,7.6018
19224,6.0
19225,7.6018
19226,8.3333
19227,8.0
19228,7.6018
19229,7.6018
19230,7.0
19231,7.6018
19232,8.0303
19233,8.3793
19234,7.6018
19235,7.6018
19236,9.0
19237,6.0
19238,7.6018
19239,7.6018
19240,7.6018
19241,7.6018
19242,7.908
19243,7.5789
19244,7.6018
19245,7.6018
19246,7.6018
19247,7.375
19248,7.6018
19249,7.6018
19250,7.6018
19251,7.2188
19252,7.6018
19253,7.0
19254,8.5
19255,7.6018
19256,6.8
19257,8.4167
19258,7.6018
19259,8.6182
19260,7.4706
19261,7.0
19262,7.9518
19263,7.6018
19264,7.6018
19265,7.6018
19266,7.8333
19267,7.6018
19268,7.5385
19269,7.7348
19270,7.9561
19271,7.6018
19272,7.6018
19273,7.8065
19274,8.1667
19275,9.0
19276,7.6018
19277,8.8065
19278,7.75
19279,7.6018
19280,7.0
19281,7.0
19282,7.0
19283,7.6018
19284,6.0
19285,7.9459
19286,8.5556
19287,7.6667
19288,7.6018
19289,7.0
19290,7.6018
19291,8.5
19292,8.0
19293,7.75
19294,6.0
19295,8.5
19296,7.6018
19297,7.908
19298,7.6018
19299,7.6018
19300,8.1429
19301,7.6018
19302,7.6018
19303,7.6018
19304,7.5
19305,7.6018
19306,7.6018
19307,10.0
19308,7.6018
19309,7.6018
19310,7.6018
19311,7.6018
19312,8.6667
19313,7.2
19314,7.6018
19315,7.1667
19316,7.3235
19317,8.0
19318,7.6018
19319,5.0
19320,7.6018
19321,7.6018
19322,10.0
19323,7.7812
19324,7.5
19325,7.6018
19326,8.0
19327,5.5
19328,7.6018
19329,9.0
19330,7.6018
19331,7.6018
19332,6.0
19333,8.5833
19334,7.6018
19335,6.3571
19336,7.3333
19337,5.0
19338,7.0
19339,7.0
19340,7.6829
19341,8.0
19342,7.0
19343,6.0
19344,7.3125
19345,7.6018
19346,6.3333
19347,7.6018
19348,8.5556
19349,8.0
19350,9.0
19351,5.5
19352,7.6018
19353,7.6018
19354,8.2069
19355,7.6018
19356,8.0
19357,7.4
19358,8.0
19359,7.3235
19360,7.6018
19361,7.6018
19362,7.6018
19363,7.2
19364,7.6018
19365,7.6018
19366,7.6018
19367,5.0
19368,7.6667
19369,7.6018
19370,7.6018
19371,7.7045
19372,7.6018
19373,7.4667
19374,7.6667
19375,7.0
19376,7.6018
19377,7.6018
19378,6.0
19379,8.0
19380,7.6018
19381,7.6018
19382,7.6018
19383,7.6018
19384,6.6111
19385,7.6018
19386,7.6018
19387,7.6018
19388,8.32
19389,8.6667
19390,7.6018
19391,7.6018
19392,7.6018
19393,7.0
19394,7.6018
19395,7.6018
19396,7.6018
19397,8.0
19398,7.6018
19399,7.6018
19400,7.6018
19401,10.0
19402,7.6018
19403,7.1013
19404,7.6757
19405,8.0
19406,5.6667
19407,7.6018
19408,7.0
19409,7.0571
19410,10.0
19411,7.6018
19412,9.0
19413,8.0732
19414,7.6018
19415,7.4483
19416,7.6018
19417,7.6018
19418,7.241
19419,7.6018
19420,7.6018
19421,7.6018
19422,7.6018
19423,8.25
19424,9.1111
19425,7.6018
19426,8.0
19427,8.5
19428,8.1637
19429,9.0
19430,7.6018
19431,8.32
19432,10.0
19433,8.0968
19434,7.625
19435,7.0
19436,7.5333
19437,7.6018
19438,7.2609
19439,7.0784
19440,7.6018
19441,7.6018
19442,8.0
19443,7.6018
19444,9.0
19445,5.0
19446,7.6018
19447,7.6018
19448,7.6018
19449,9.0
19450,8.4
19451,7.0
19452,7.0
19453,7.0588
19454,7.6018
19455,9.0
19456,7.36
19457,7.6018
19458,6.0
19459,7.6018
19460,8.3333
19461,7.6018
19462,8.0
19463,7.0
19464,8.0
19465,7.6018
19466,7.6018
19467,7.0
19468,7.525
19469,7.6018
19470,7.6018
19471,6.5938
19472,7.8571
19473,8.5
19474,7.5263
19475,7.8
19476,7.6018
19477,7.6018
19478,8.0976
19479,8.0
19480,7.5
19481,10.0
19482,9.0
19483,7.6018
19484,7.6018
19485,7.6018
19486,7.5
19487,10.0
19488,7.9091
19489,7.9524
19490,6.0
19491,7.6018
19492,8.1176
19493,8.6
19494,7.6018
19495,7.5
19496,7.6018
19497,7.5556
19498,7.6018
19499,7.6018
19500,7.6018
19501,7.6018
19502,7.8571
19503,7.2222
19504,7.6018
19505,7.0
19506,7.0
19507,7.5
19508,7.6018
19509,9.4286
19510,7.6018
19511,7.6018
19512,7.6018
19513,8.0
19514,7.6018
19515,7.6018
19516,7.6018
19517,7.6018
19518,8.25
19519,8.1538
19520,7.4828
19521,7.0
19522,7.6018
19523,8.0
19524,6.0
19525,7.6018
19526,8.75
19527,8.0
19528,6.5938
19529,7.8333
19530,7.6018
19531,9.0
19532,7.6018
19533,7.6018
19534,8.3077
19535,7.8125
19536,7.0
19537,7.6018
19538,7.6018
19539,8.5
19540,7.6018
19541,8.0
19542,7.6018
19543,7.3125
19544,8.5
19545,7.6018
19546,7.0
19547,7.6018
19548,9.0
19549,7.6018
19550,3.0
19551,7.75
19552,7.6018
19553,7.5
19554,7.6018
19555,8.25
19556,7.6018
19557,7.0
19558,7.5
19559,7.4706
19560,7.6018
19561,7.5294
19562,7.6018
19563,7.6018
19564,7.525
19565,7.0909
19566,7.6018
19567,8.8571
19568,7.6018
19569,8.5
19570,8.0769
19571,7.6018
19572,8.0
19573,5.0
19574,5.5
19575,8.4444
19576,7.6018
19577,7.6018
19578,7.6018
19579,7.8
19580,6.0
19581,7.6018
19582,7.6018
19583,7.6018
19584,8.0732
19585,6.75
19586,6.97
19587,6.9444
19588,7.6018
19589,8.1
19590,8.125
19591,7.6018
19592,9.7143
19593,7.6018
19594,7.6018
19595,7.7895
19596,7.6018
19597,7.6018
19598,7.8095
19599,8.2
19600,7.6018
19601,7.6018
19602,7.6018
19603,5.5
19604,8.4667
19605,7.6018
19606,7.6018
19607,8.5294
19608,7.36
19609,7.5714
19610,7.75
19611,8.0
19612,7.6018
19613,7.6018
19614,8.6667
19615,6.6
19616,6.5
19617,7.8
19618,7.6018
19619,7.3333
19620,7.6018
19621,8.3
19622,8.6667
19623,7.6018
19624,7.0
19625,8.2217
19626,7.6018
19627,7.6018
19628,7.6667
19629,7.6018
19630,7.4667
19631,7.6018
19632,7.6018
19633,8.32
19634,7.6018
19635,7.6018
19636,8.0
19637,7.6018
19638,7.6018
19639,7.6018
19640,8.6154
19641,7.6018
19642,6.0
19643,7.6018
19644,7.6018
19645,7.6018
19646,7.6018
19647,7.6018
19648,9.0862
19649,5.75
19650,7.9048
19651,8.5
19652,4.1893
19653,7.525
19654,7.6018
19655,8.1637
19656,7.6
19657,7.6018
19658,8.3913
19659,7.6018
19660,7.5
19661,6.0
19662,7.6018
19663,9.0
19664,7.6018
19665,7.6
19666,9.0
19667,7.6018
19668,7.6018
19669,7.6018
19670,7.75
19671,8.4545
19672,5.0
19673,6.625
19674,7.5217
19675,7.6018
19676,8.0435
19677,9.0
19678,7.6018
19679,8.5
19680,7.0
19681,7.0
19682,7.6018
19683,7.6018
19684,5.5
19685,7.6018
19686,7.6018
19687,7.6018
19688,7.6018
19689,7.9
19690,7.6018
19691,7.1667
19692,7.8
19693,7.6018
19694,7.6018
19695,7.6018
19696,7.6018
19697,6.3333
19698,8.0
19699,7.6018
19700,7.6018
19701,7.6018
19702,7.6018
19703,7.6018
19704,7.2941
19705,7.1538
19706,7.6018
19707,7.6018
19708,8.0
19709,7.6018
19710,8.0
19711,10.0
19712,6.0
19713,10.0
19714,8.2217
19715,8.8
19716,8.0
19717,8.125
19718,7.6018
19719,7.1
19720,7.6018
19721,7.3333
19722,8.381
19723,8.1613
19724,7.2857
19725,7.6018
19726,7.6018
19727,8.0
19728,7.6018
19729,7.6018
19730,7.6018
19731,7.6018
19732,6.0
19733,8.0
19734,9.5
19735,7.6018
19736,7.0
19737,7.0
19738,5.0
19739,7.0
19740,7.5
19741,7.6018
19742,7.6018
19743,7.6018
19744,7.6018
19745,8.125
19746,7.0
19747,9.0
19748,8.25
19749,7.6018
19750,8.2
19751,8.0
19752,6.75
19753,7.3235
19754,7.6018
19755,8.0
19756,7.6018
19757,7.5
19758,7.6018
19759,7.6018
19760,7.0
19761,7.6018
19762,8.25
19763,7.6018
19764,7.8
19765,7.6
19766,7.6018
19767,5.8333
19768,8.0652
19769,7.4444
19770,7.5
19771,7.6018
19772,6.7143
19773,8.0
19774,10.0
19775,3.5
19776,7.6018
19777,7.6018
19778,7.6018
19779,7.6018
19780,10.0
19781,7.6018
19782,8.0
19783,7.6018
19784,7.9848
19785,7.6018
19786,9.0
19787,7.75
19788,7.6018
19789,7.6018
19790,8.1
19791,7.4
19792,7.6018
19793,5.0
19794,7.6018
19795,9.0
19796,7.6018
19797,8.4694
19798,7.8571
19799,8.0
19800,7.6018
19801,10.0
19802,9.5
19803,6.0
19804,9.0
19805,7.6018
19806,10.0
19807,7.6018
19808,7.6018
19809,8.0
19810,7.6018
19811,7.75
19812,7.6018
19813,7.6018
19814,7.6018
19815,7.6018
19816,7.6018
19817,10.0
19818,7.6018
19819,5.6667
19820,6.5
19821,7.6018
19822,10.0
19823,7.6018
19824,7.6018
19825,7.7826
19826,8.3273
19827,7.8148
19828,8.2308
19829,8.0
19830,7.5217
19831,5.0
19832,7.6018
19833,7.6018
19834,7.6018
19835,7.6018
19836,9.0
19837,8.2414
19838,7.6018
19839,7.6018
19840,7.0
19841,6.5
19842,7.6018
19843,8.1
19844,7.6018
19845,7.5833
19846,8.8
19847,7.6018
19848,7.6018
19849,7.0
19850,7.4328
19851,6.6667
19852,7.6018
19853,7.6018
19854,7.8333
19855,8.56
19856,7.5385
19857,8.3333
19858,7.6018
19859,7.6018
19860,7.3889
19861,8.4444
19862,7.5385
19863,10.0
19864,6.6
19865,10.0
19866,6.375
19867,7.6018
19868,7.6018
19869,7.0
19870,7.6667
19871,7.6018
19872,8.5385
19873,7.0909
19874,7.6018
19875,7.8
19876,7.6018
19877,8.0652
19878,8.1637
19879,8.8
19880,6.97
19881,7.6018
19882,8.0
19883,7.6018
19884,7.6018
19885,8.25
19886,7.6018
19887,7.241
19888,7.6018
19889,7.9545
19890,7.6018
19891,7.6018
19892,7.6018
19893,7.6018
19894,7.6018
19895,7.4
19896,7.3235
19897,7.6018
19898,7.6018
19899,7.6018
19900,9.0
19901,7.6018
19902,7.6018
19903,7.6018
19904,7.0
19905,7.6018
19906,7.6018
19907,5.0
19908,7.6018
19909,7.6018
19910,7.7619
19911,7.6018
19912,8.25
19913,7.6018
19914,7.6018
19915,7.6018
19916,7.4615
19917,8.0
19918,7.6018
19919,8.5
19920,7.6018
19921,7.6018
19922,7.6018
19923,7.6018
19924,7.6018
19925,7.6018
19926,8.0
19927,7.9231
19928,7.6018
19929,7.6018
19930,5.0
19931,8.5
19932,7.6018
19933,7.3077
19934,9.0
19935,7.0
19936,7.6018
19937,7.8667
19938,9.0
19939,5.5
19940,7.6018
19941,10.0
19942,8.25
19943,7.6018
19944,6.5714
19945,6.0
19946,8.0
19947,7.8667
19948,8.375
19949,7.6018
19950,7.7778
19951,7.5
19952,7.6018
19953,7.6018
19954,7.6018
19955,7.5833
19956,7.6018
19957,8.0
19958,7.6018
19959,7.6018
19960,7.8148
19961,7.0
19962,7.6018
19963,7.6018
19964,8.6667
19965,7.6018
19966,7.0
19967,7.6018
19968,7.6018
19969,6.5
19970,7.6018
19971,8.0
19972,7.6018
19973,7.6018
19974,8.0
19975,7.4958
19976,7.0
19977,7.6018
19978,8.625
19979,7.6018
19980,7.6018
19981,7.6018
19982,8.3793
19983,7.0
19984,7.6018
19985,5.0
19986,6.0
19987,5.5
19988,7.6018
19989,9.0
19990,7.6018
19991,7.6018
19992,4.6667
19993,8.6667
19994,7.8667
19995,7.6018
19996,7.6018
19997,7.6018
19998,7.6842
19999,8.0
20000,4.0
20001,7.6667
20002,7.6018
20003,7.6018
20004,7.6018
20005,8.1333
20006,7.5652
20007,7.6018
20008,7.4688
20009,10.0
20010,7.6018
20011,9.0
20012,7.6018
20013,8.1111
20014,6.5385
20015,7.6018
20016,7.6018
20017,7.6018
20018,7.6018
20019,8.0513
20020,8.125
20021,9.0
20022,8.0
20023,7.6018
20024,8.0652
20025,7.6018
20026,8.5455
20027,7.75
20028,7.3333
20029,4.1893
20030,6.9231
20031,7.25
20032,7.6018
20033,7.6667
20034,7.6018
20035,7.6018
20036,5.0
20037,5.0
20038,7.6018
20039,3.0
20040,8.0
20041,7.6018
20042,7.6018
20043,8.0
20044,7.6018
20045,9.0
20046,7.6018
20047,5.75
20048,7.8
20049,7.6018
20050,7.6018
20051,7.6018
20052,7.1071
20053,7.6018
20054,7.6018
20055,6.0
20056,8.0
20057,6.7692
20058,9.0
20059,7.6018
20060,7.6018
20061,6.6
20062,7.3333
20063,1.0
20064,7.6018
20065,8.0
20066,8.0
20067,7.6018
20068,8.2143
20069,7.6667
20070,7.6018
20071,8.1
20072,4.0
20073,8.6182
20074,7.3462
20075,8.4694
20076,7.6018
20077,7.9615
20078,5.0
20079,7.6018
20080,7.2857
20081,7.6018
20082,7.6018
20083,5.6667
20084,7.8
20085,6.5938
20086,7.0571
20087,9.0862
20088,5.0
20089,7.6018
20090,8.0
20091,9.3333
20092,9.0
20093,5.0
20094,8.0
20095,8.2857
20096,7.6018
20097,7.6018
20098,7.6018
20099,7.6018
20100,8.4333
20101,6.9565
20102,7.6018
20103,7.5625
20104,9.0
20105,10.0
20106,5.8
20107,6.5
20108,9.25
20109,7.6018
20110,8.5
20111,8.5
20112,7.6018
20113,6.6667
20114,7.6018
20115,7.6018
20116,7.6018
20117,7.6018
20118,7.0
20119,7.5362
20120,7.6018
20121,7.5
20122,7.6018
20123,7.6018
20124,6.5714
20125,8.2222
20126,9.0
20127,7.2453
20128,7.0
20129,7.6018
20130,6.0
20131,7.6018
20132,4.6667
20133,5.0
20134,8.3333
20135,7.6018
20136,8.0
20137,7.7778
20138,7.6018
20139,7.908
20140,7.2
20141,5.8333
20142,8.6667
20143,8.0
20144,7.6018
20145,8.0
20146,8.0
20147,7.6018
20148,7.6018
20149,7.0
20150,7.6018
20151,7.6018
20152,6.2857
20153,9.0
20154,7.6018
20155,10.0
20156,8.1637
20157,8.0
20158,9.0
20159,8.0
20160,7.6018
20161,7.6018
20162,7.0
20163,8.4615
20164,7.6018
20165,6.8
20166,10.0
20167,7.6018
20168,7.6176
20169,8.5
20170,8.56
20171,7.6018
20172,7.6018
20173,7.0
20174,7.6018
20175,7.6018
20176,9.25
20177,5.0
20178,7.6018
20179,8.0
20180,7.6018
20181,7.6018
20182,7.6018
20183,8.0
20184,7.4659
20185,7.6018
20186,7.1538
20187,7.6018
20188,8.2
20189,7.625
20190,7.2727
20191,8.0526
20192,7.6667
20193,8.0
20194,7.6018
20195,7.6018
20196,7.8065
20197,7.5
20198,8.1538
20199,4.0
20200,8.0
20201,8.2174
20202,8.2857
20203,7.0
20204,7.6018
20205,7.6018
20206,6.875
20207,10.0
20208,9.3333
20209,7.6018
20210,7.875
20211,8.0345
20212,7.6018
20213,7.0
20214,7.8333
20215,8.2353
20216,7.6018
20217,7.8065
20218,5.0
20219,7.6018
20220,8.75
20221,7.5385
20222,9.0862
20223,8.0
20224,8.9286
20225,7.6018
20226,8.0
20227,7.5
20228,7.6018
20229,7.4328
20230,8.5
20231,7.6018
20232,7.25
20233,7.6018
20234,8.7609
20235,7.6018
20236,7.6018
20237,6.3333
20238,7.2609
20239,7.6018
20240,8.4286
20241,7.0
20242,7.6018
20243,7.5
20244,7.6
20245,7.6018
20246,9.2
20247,7.6018
20248,7.6018
20249,10.0
20250,5.0
20251,7.6667
20252,8.0
20253,5.0
20254,7.0
20255,7.6018
20256,7.6018
20257,7.6018
20258,7.6018
20259,7.6018
20260,7.8627
20261,8.0
20262,7.6538
20263,6.0
20264,6.5
20265,7.6018
20266,7.75
20267,7.6018
20268,7.6018
20269,8.9286
20270,6.5714
20271,7.0
20272,3.0
20273,8.2
20274,7.6018
20275,7.6667
20276,7.6018
20277,8.56
20278,7.8913
20279,7.6018
20280,8.0
20281,8.4
20282,7.3548
20283,4.0
20284,7.6018
20285,7.6018
20286,7.6018
20287,7.0784
20288,7.871
20289,7.6018
20290,7.75
20291,8.1111
20292,5.0
20293,7.6018
20294,7.6018
20295,7.6018
20296,7.6018
20297,7.6018
20298,8.3333
20299,7.8667
20300,7.6018
20301,8.2
20302,8.7609
20303,7.75
20304,8.0
20305,7.6018
20306,9.0
20307,8.0
20308,7.0
20309,7.0
20310,7.6018
20311,7.6522
20312,7.6018
20313,7.6018
20314,7.6018
20315,7.5
20316,6.7143
20317,6.6667
20318,10.0
20319,7.0
20320,9.2
20321,7.6018
20322,6.8333
20323,7.6018
20324,7.6667
20325,7.8
20326,7.0
20327,9.0
20328,10.0
20329,6.0
20330,7.6018
20331,10.0
20332,7.9091
20333,6.5714
20334,9.0
20335,7.75
20336,7.6018
20337,7.6018
20338,8.6
20339,7.0
20340,7.6018
20341,9.0
20342,7.6018
20343,7.6018
20344,7.8
20345,8.2857
20346,7.6018
20347,7.6018
20348,7.0
20349,6.0
20350,7.5714
20351,7.9231
20352,7.0
20353,10.0
20354,7.0
20355,7.6018
20356,8.5455
20357,7.6018
20358,7.6018
20359,7.6018
20360,6.8333
20361,7.6018
20362,8.6154
20363,7.6018
20364,7.6018
20365,9.6667
20366,9.0
20367,7.6018
20368,7.6018
20369,7.6667
20370,7.6018
20371,8.0
20372,7.6018
20373,7.7447
20374,7.908
20375,7.0
20376,7.9231
20377,3.0
20378,7.6018
20379,7.6018
20380,8.25
20381,7.9
20382,7.6018
20383,7.6018
20384,7.0
20385,7.6018
20386,7.8182
20387,7.6018
20388,8.0
20389,7.6018
20390,7.6018
20391,7.0
20392,8.4545
20393,7.7059
20394,7.6018
20395,8.5
20396,7.5
20397,7.5
20398,7.7348
20399,7.5
20400,7.6018
20401,7.0
20402,7.4328
20403,7.6018
20404,6.8
20405,8.0
20406,6.6
20407,7.6018
20408,7.6018
20409,7.8182
20410,7.6018
20411,7.6018
20412,8.5
20413,7.6018
20414,7.6667
20415,7.4667
20416,7.0
20417,5.3333
20418,10.0
20419,7.6018
20420,7.6018
20421,7.0
20422,7.6018
20423,7.0
20424,8.2069
20425,8.3333
20426,9.0
20427,7.5
20428,7.6018
20429,5.0
20430,8.0
20431,8.0
20432,7.6018
20433,7.6018
20434,7.6018
20435,7.6
20436,7.2
20437,7.6018
20438,5.5
20439,8.0
20440,8.0
20441,7.6018
20442,5.0
20443,7.0741
20444,7.6018
20445,7.4
20446,7.6018
20447,8.4167
20448,7.1667
20449,7.6018
20450,9.0
20451,7.25
20452,9.5
20453,7.6018
20454,9.0
20455,7.6018
20456,7.6018
20457,8.0
20458,7.641
20459,7.6018
20460,8.2353
20461,7.0
20462,7.6018
20463,7.6018
20464,8.5455
20465,7.6018
20466,8.092
20467,7.6018
20468,8.8
20469,7.6018
20470,7.6018
20471,7.6018
20472,7.6018
20473,8.4444
20474,7.0
20475,7.6018
20476,7.6018
20477,7.3333
20478,7.6018
20479,5.0
20480,10.0
20481,7.5625
20482,7.6018
20483,7.6018
20484,7.6018
20485,8.5
20486,8.5294
20487,7.6018
20488,6.0
20489,7.6018
20490,7.5
20491,7.6018
20492,6.6667
20493,9.0
20494,6.0
20495,7.6018
20496,7.3636
20497,8.0
20498,7.6018
20499,6.25
20500,7.6018
20501,6.0
20502,7.6018
20503,8.0
20504,7.6018
20505,7.6018
20506,7.6018
20507,7.9615
20508,8.1429
20509,7.6018
20510,7.6018
20511,8.2217
20512,7.5
20513,9.0
20514,9.1667
20515,7.6018
20516,7.6018
20517,8.0
20518,5.5
20519,7.6018
20520,8.5455
20521,7.8913
20522,7.6018
20523,7.6018
20524,6.0
20525,7.6018
20526,5.0
20527,7.3333
20528,7.6018
20529,7.6667
20530,8.0652
20531,7.6018
20532,7.6018
20533,7.6018
20534,7.6018
20535,7.6018
20536,7.6296
20537,6.6667
20538,7.6018
20539,9.0
20540,9.0
20541,7.6018
20542,8.6667
20543,9.0
20544,7.6018
20545,8.5
20546,7.6018
20547,8.0
20548,8.0
20549,7.6018
20550,7.6018
20551,7.6018
20552,8.2
20553,9.0
20554,7.6018
20555,5.8
20556,4.0
20557,8.1667
20558,7.6018
20559,6.0
20560,7.6018
20561,7.6018
20562,7.0
20563,8.0
20564,7.0
20565,8.5
20566,7.6018
20567,7.6018
20568,7.6018
20569,7.6018
20570,7.6018
20571,8.0
20572,8.0435
20573,9.0
20574,7.6018
20575,7.6018
20576,4.1893
20577,8.1538
20578,5.0
20579,8.0
20580,7.6018
20581,7.6018
20582,7.0
20583,8.4717
20584,8.0
20585,7.125
20586,8.2217
20587,7.2857
20588,8.0
20589,7.75
20590,7.6018
20591,4.5
20592,8.5
20593,8.1667
20594,7.6018
20595,5.0
20596,7.4412
20597,8.75
20598,7.6018
20599,7.6296
20600,10.0
20601,7.6018
20602,1.0
20603,8.0
20604,7.6018
20605,7.6018
20606,5.0
20607,6.5
20608,7.6018
20609,7.6522
20610,7.6018
20611,7.6018
20612,7.6018
20613,6.4
20614,8.0
20615,5.0
20616,8.3333
20617,6.0556
20618,7.6018
20619,7.6018
20620,8.75
20621,8.0
20622,7.6018
20623,8.4667
20624,9.0
20625,7.6018
20626,8.2727
20627,10.0
20628,9.0
20629,8.0526
20630,6.3333
20631,7.6018
20632,7.6018
20633,7.6018
20634,8.6667
20635,7.3333
20636,6.0
20637,7.6018
20638,7.6667
20639,7.6018
20640,7.6018
20641,7.4286
20642,7.6018
20643,8.1724
20644,6.6
20645,7.6018
20646,7.6018
20647,7.6018
20648,7.0
20649,7.6018
20650,7.5
20651,7.5833
20652,6.0
20653,8.3636
20654,7.6018
20655,8.2217
20656,7.6018
20657,7.9545
20658,7.6018
20659,7.6018
20660,7.6018
20661,7.6018
20662,7.6018
20663,7.6667
20664,7.6018
20665,7.6018
20666,7.6018
20667,7.6018
20668,8.0
20669,7.6018
20670,8.2174
20671,7.67
20672,7.0
20673,8.4717
20674,7.6018
20675,7.6018
20676,10.0
20677,7.6018
20678,7.6018
20679,8.0
20680,8.0
20681,7.6018
20682,7.8667
20683,7.5294
20684,7.6018
20685,8.3
20686,7.7273
20687,7.5
20688,8.5
20689,9.0
20690,7.6018
20691,7.0
20692,7.6018
20693,7.6018
20694,6.0
20695,7.6018
20696,8.0
20697,7.6018
20698,9.0
20699,7.6018
20700,9.6667
20701,8.0
20702,7.6018
20703,8.5
20704,6.0
20705,7.6018
20706,10.0
20707,7.2857
20708,5.5
20709,7.6018
20710,6.25
20711,7.6018
20712,7.6018
20713,7.6
20714,10.0
20715,7.6018
20716,9.3333
20717,8.3333
20718,7.6667
20719,10.0
20720,7.6018
20721,10.0
20722,8.5455
20723,7.6018
20724,8.1667
20725,8.5
20726,7.6018
20727,5.8
20728,7.6018
20729,7.6018
20730,8.4545
20731,7.9848
20732,7.6018
20733,7.7692
20734,5.5
20735,8.6
20736,7.9118
20737,7.6018
20738,7.6018
20739,4.1893
20740,7.6018
20741,4.1893
20742,7.6018
20743,7.7812
20744,7.0
20745,7.6018
20746,7.3462
20747,7.6018
20748,6.1579
20749,7.25
20750,7.6018
20751,6.6667
20752,7.6018
20753,7.9286
20754,8.5
20755,7.6018
20756,7.9561
20757,10.0
20758,9.0
20759,7.6018
20760,7.6018
20761,7.6018
20762,8.2
20763,7.3191
20764,7.6018
20765,7.6018
20766,7.6018
20767,7.2162
20768,7.6018
20769,8.0
20770,7.6018
20771,7.5
20772,9.0
20773,7.6018
20774,7.0
20775,7.3333
20776,7.6018
20777,8.6182
20778,9.0
20779,6.0
20780,8.2727
20781,7.6018
20782,7.6018
20783,7.6018
20784,7.6018
20785,7.0
20786,7.5625
20787,9.0
20788,10.0
20789,7.6018
20790,7.0
20791,8.4615
20792,7.6018
20793,8.25
20794,9.0
20795,7.6018
20796,7.6018
20797,7.6018
20798,7.5
20799,7.6018
20800,7.6018
20801,8.5
20802,7.2353
20803,7.75
20804,7.5
20805,7.4328
20806,7.6018
20807,5.0
20808,7.6018
20809,7.6018
20810,7.4688
20811,5.0
20812,8.3333
20813,7.6018
20814,7.6018
20815,6.97
20816,8.5455
20817,7.6018
20818,8.0303
20819,7.6018
20820,7.6018
20821,7.6018
20822,7.641
20823,7.7273
20824,10.0
20825,7.2609
20826,7.6018
20827,8.0
20828,8.0
20829,8.45
20830,7.0
20831,7.6018
20832,6.0
20833,8.1842
20834,8.0
20835,7.6018
20836,7.6018
20837,7.6018
20838,8.5
20839,7.5
20840,8.0
20841,7.6018
20842,8.0
20843,7.6018
20844,8.0
20845,8.0
20846,7.6018
20847,7.8571
20848,7.6018
20849,6.5
20850,7.1667
20851,8.3333
20852,7.7119
20853,5.5
20854,8.0
20855,7.6667
20856,8.9375
20857,6.0
20858,7.6018
20859,7.6018
20860,7.6018
20861,7.0
20862,7.0
20863,7.6018
20864,7.6018
20865,8.0
20866,7.6018
20867,7.6923
20868,7.6018
20869,7.3191
20870,8.5833
20871,7.6018
20872,10.0
20873,8.1923
20874,7.6018
20875,7.6018
20876,8.04
20877,8.0
20878,5.5
20879,8.0
20880,7.0
20881,8.0
20882,7.6018
20883,7.5
20884,7.6018
20885,7.6018
20886,7.6018
20887,7.6018
20888,7.6018
20889,6.375
20890,7.6018
20891,7.6018
20892,7.6018
20893,7.6018
20894,7.0
20895,6.75
20896,7.5424
20897,7.8
20898,7.8333
20899,7.6018
20900,7.6018
20901,7.6667
20902,7.6018
20903,7.6018
20904,6.25
20905,7.4783
20906,7.6018
20907,3.0
20908,8.0
20909,7.5758
20910,6.0
20911,6.0
20912,7.6018
20913,5.5
20914,8.0968
20915,8.3333
20916,8.2217
20917,7.6018
20918,6.0
20919,8.0
20920,6.0
20921,7.6018
20922,5.5
20923,7.6018
20924,7.6018
20925,7.0
20926,8.5
20927,7.6018
20928,7.6018
20929,7.6018
20930,6.9595
20931,7.6018
20932,7.9518
20933,7.6018
20934,7.6018
20935,7.6018
20936,7.6018
20937,8.5
20938,7.6018
20939,7.5
20940,9.2222
20941,7.6018
20942,7.6018
20943,7.0
20944,7.6018
20945,7.6018
20946,7.5312
20947,9.0
20948,9.2727
20949,7.5362
20950,6.6
20951,8.36
20952,7.6018
20953,8.2217
20954,7.6018
20955,9.0
20956,7.6018
20957,10.0
20958,7.6018
20959,10.0
20960,8.2857
20961,7.6018
20962,7.8125
20963,7.6018
20964,7.7348
20965,7.8889
20966,5.6667
20967,7.0
20968,7.6018
20969,5.0
20970,8.6667
20971,7.6018
20972,7.6018
20973,8.0
20974,7.6018
20975,7.6018
20976,8.3273
20977,9.0
20978,7.6667
20979,7.9848
20980,7.0
20981,7.75
20982,7.6018
20983,6.5
20984,9.0
20985,7.6018
20986,7.6667
20987,9.0
20988,7.0
20989,7.6018
20990,7.6018
20991,3.0
20992,7.5424
20993,7.6018
20994,7.3333
20995,6.0
20996,7.6018
20997,8.4
20998,7.6018
20999,7.6018
21000,8.2143
21001,7.6667
21002,8.5
21003,7.6018
21004,8.45
21005,7.6018
21006,7.6018
21007,7.4667
21008,7.6018
21009,7.908
21010,6.8889
21011,7.6018
21012,7.0
21013,7.6364
21014,10.0
21015,7.6018
21016,7.6018
21017,7.6018
21018,7.0
21019,7.8
21020,7.908
21021,7.6018
21022,7.6018
21023,7.0
21024,9.0
21025,8.2308
21026,7.6018
21027,7.5714
21028,7.6018
21029,7.9615
21030,8.8333
21031,7.6018
21032,8.1667
21033,5.0
21034,6.6
21035,9.0
21036,8.2121
21037,8.25
21038,7.6018
21039,8.0
21040,7.6018
21041,6.6667
21042,7.6018
21043,6.6667
21044,7.6018
21045,7.6018
21046,7.6018
21047,7.6018
21048,7.6018
21049,7.6018
21050,8.0
21051,7.6018
21052,7.6018
21053,8.25
21054,8.0
21055,5.0
21056,7.9561
21057,7.2453
21058,7.7692
21059,7.6018
21060,7.6018
21061,6.6667
21062,8.0
21063,4.0
21064,7.5625
21065,7.6018
21066,7.6018
21067,7.875
21068,8.6667
21069,7.6018
21070,5.0
21071,6.2
21072,6.6
21073,8.1333
21074,7.6018
21075,8.75
21076,5.6667
21077,7.6018
21078,7.6018
21079,7.5
21080,7.0
21081,7.6018
21082,7.6018
21083,8.25
21084,6.5
21085,8.3333
21086,7.6018
21087,7.4615
21088,7.9487
21089,4.0
21090,7.6018
21091,7.0
21092,7.6018
21093,7.6018
21094,6.5
21095,7.6018
21096,6.5
21097,7.6018
21098,6.3333
21099,7.6018
21100,7.6018
21101,7.9189
21102,6.2
21103,9.0
21104,7.36
21105,7.9091
21106,7.375
21107,7.6018
21108,7.6018
21109,7.6018
21110,6.3333
21111,7.8571
21112,8.0
21113,7.6018
21114,7.6018
21115,8.5
21116,6.5714
21117,5.0
21118,8.4167
21119,7.125
21120,7.6018
21121,7.5
21122,9.0
21123,7.0
21124,6.3333
21125,7.6667
21126,7.6018
21127,8.2
21128,7.6018
21129,7.6018
21130,7.5
21131,8.0
21132,7.6018
21133,7.6018
21134,7.6018
21135,10.0
21136,7.6018
21137,7.6018
21138,8.6
21139,6.625
21140,7.5
21141,7.0
21142,5.0
21143,7.6018
21144,7.6018
21145,7.6018
21146,7.6018
21147,7.6018
21148,7.25
21149,7.6018
21150,7.6018
21151,7.6018
21152,5.0
21153,7.6018
21154,7.5
21155,7.6018
21156,6.1429
21157,7.6018
21158,7.6018
21159,8.1538
21160,7.5
21161,9.0
21162,7.6018
21163,5.75
21164,7.6018
21165,7.6
21166,7.6842
21167,8.0
21168,8.6667
21169,7.6018
21170,7.6018
21171,7.6018
21172,7.375
21173,7.9231
21174,7.6018
21175,8.0303
21176,8.3
21177,7.6018
21178,4.1893
21179,4.1893
21180,7.6018
21181,6.5
21182,7.6018
21183,7.6018
21184,8.6
21185,7.6018
21186,7.6018
21187,7.6018
21188,8.2217
21189,9.0
21190,8.3333
21191,7.6018
21192,9.0
21193,10.0
21194,7.6018
21195,8.25
21196,5.8333
21197,8.0732
21198,6.3333
21199,10.0
21200,6.5
21201,7.6018
21202,8.1429
21203,9.0
21204,5.6
21205,7.6018
21206,10.0
21207,7.2609
21208,7.4958
21209,7.6018
21210,7.2
21211,7.5
21212,7.4667
21213,9.0
21214,7.6018
21215,1.0
21216,7.6018
21217,9.0
21218,5.0
21219,7.5
21220,8.2217
21221,8.0769
21222,8.0
21223,7.6018
21224,7.6018
21225,7.6018
21226,10.0
21227,7.4444
21228,7.5362
21229,7.3333
21230,7.2857
21231,5.75
21232,7.76
21233,9.0
21234,8.5
21235,7.6018
21236,8.0769
21237,7.6018
21238,7.6018
21239,7.75
21240,7.6018
21241,7.6018
21242,8.0
21243,7.6667
21244,7.6667
21245,7.6018
21246,7.5
21247,7.6018
21248,8.5
21249,7.0
21250,7.2
21251,7.8125
21252,6.0
21253,7.6018
21254,8.5
21255,7.4667
21256,7.6018
21257,7.2
21258,7.6018
21259,7.0
21260,7.6018
21261,9.0
21262,7.6018
21263,8.75
21264,7.6018
21265,7.6018
21266,7.6018
21267,7.6667
21268,8.5882
21269,8.0
21270,7.6018
21271,9.0
21272,7.6018
21273,7.6018
21274,8.4
21275,8.2
21276,8.6
21277,7.6018
21278,7.6018
21279,8.5
21280,6.5429
21281,7.6018
21282,7.0
21283,7.9524
21284,8.0
21285,8.0
21286,6.75
21287,8.1538
21288,7.6018
21289,8.0
21290,8.6667
21291,7.6018
21292,7.6018
21293,7.9286
21294,7.6018
21295,7.6018
21296,8.2217
21297,7.6018
21298,8.0
21299,7.6018
21300,7.6018
21301,7.6667
21302,7.241
21303,8.0
21304,8.1667
21305,8.6154
21306,7.6018
21307,5.0
21308,9.5
21309,7.4821
21310,9.0
21311,7.6018
21312,4.1893
21313,8.0
21314,7.5
21315,7.6018
21316,8.5
21317,8.5
21318,7.8235
21319,7.0
21320,6.45
21321,7.6667
21322,7.6018
21323,7.3125
21324,8.0
21325,7.6018
21326,7.6018
21327,6.6111
21328,8.0
21329,9.0862
21330,7.25
21331,8.1637
21332,2.5
21333,7.6018
21334,6.75
21335,7.6018
21336,8.0
21337,8.0
21338,7.1667
21339,7.6018
21340,6.0
21341,7.6667
21342,6.0
21343,7.6018
21344,8.2143
21345,7.6018
21346,7.6018
21347,7.6018
21348,7.6018
21349,7.6018
21350,8.0833
21351,7.6018
21352,9.0
21353,2.0
21354,7.6018
21355,10.0
21356,7.6018
21357,8.0
21358,6.45
21359,7.0
21360,7.6018
21361,7.6018
21362,8.0
21363,7.6018
21364,7.6018
21365,7.0
21366,7.6018
21367,7.6018
21368,7.8
21369,7.6018
21370,6.0
21371,7.6018
21372,7.6018
21373,7.6018
21374,7.6018
21375,7.0
21376,7.6018
21377,9.25
21378,7.0
21379,9.5
21380,7.6018
21381,7.5
21382,7.6018
21383,7.6018
21384,6.6667
21385,8.0
21386,9.0
21387,7.5362
21388,7.375
21389,7.6018
21390,9.25
21391,7.8
21392,7.9561
21393,7.5
21394,7.75
21395,7.6018
21396,7.0
21397,7.6018
21398,7.7273
21399,8.0435
21400,7.6018
21401,8.1429
21402,7.6018
21403,7.6018
21404,7.6018
21405,7.6018
21406,10.0
21407,7.6296
21408,7.0
21409,7.8571
21410,6.0
21411,7.6018
21412,7.6018
21413,6.0
21414,7.6018
21415,7.6
21416,7.6018
21417,7.6018
21418,10.0
21419,7.6018
21420,7.6018
21421,7.7667
21422,7.6018
21423,7.6018
21424,7.6018
21425,7.6018
21426,6.0
21427,8.1333
21428,8.0
21429,7.6018
21430,7.8182
21431,7.6018
21432,7.6018
21433,7.6018
21434,9.0
21435,6.3333
21436,8.5
21437,4.1893
21438,7.6018
21439,7.6018
21440,7.5
21441,7.5294
21442,7.6018
21443,8.0
21444,7.6018
21445,7.7273
21446,8.1724
21447,8.0
21448,5.5
21449,7.6018
21450,7.6667
21451,6.0
21452,7.0
21453,8.1905
21454,8.0
21455,8.5
21456,8.1429
21457,8.36
21458,7.6018
21459,7.0
21460,7.6018
21461,7.88
21462,7.6018
21463,7.6018
21464,7.6018
21465,7.0
21466,7.6018
21467,7.75
21468,7.6018
21469,7.6018
21470,7.6018
21471,7.6018
21472,7.5789
21473,7.0
21474,7.6018
21475,8.5
21476,7.2
21477,7.6018
21478,7.6018
21479,7.0
21480,7.6018
21481,7.6018
21482,7.6018
21483,7.6018
21484,9.2222
21485,8.0
21486,8.0
21487,7.7273
21488,8.0
21489,7.6018
21490,7.6018
21491,7.6018
21492,7.5362
21493,7.75
21494,10.0
21495,7.6018
21496,8.0652
21497,8.0
21498,7.4328
21499,7.0
21500,7.5652
21501,7.6018
21502,7.4615
21503,6.3333
21504,7.6018
21505,7.6018
21506,7.6018
21507,7.6018
21508,7.6296
21509,7.6018
21510,8.0
21511,7.0
21512,7.0
21513,9.0
21514,8.2778
21515,8.0
21516,7.0
21517,8.0
21518,7.6018
21519,7.6018
21520,6.4545
21521,8.0
21522,7.6018
21523,3.0
21524,7.5278
21525,7.7045
21526,7.6018
21527,7.6018
21528,7.3333
21529,8.4717
21530,7.0
21531,5.0
21532,8.12
21533,9.0
21534,7.6018
21535,7.1071
21536,7.6018
21537,7.6018
21538,7.6018
21539,8.1538
21540,7.6018
21541,7.6018
21542,8.1724
21543,7.6018
21544,7.6018
21545,7.6
21546,8.0
21547,8.0
21548,7.6018
21549,7.6018
21550,8.0
21551,8.4694
21552,7.6018
21553,7.6018
21554,7.6018
21555,7.6018
21556,8.0
21557,7.6018
21558,7.6018
21559,8.25
21560,7.6018
21561,7.6018
21562,7.6018
21563,10.0
21564,7.6522
21565,7.6018
21566,7.5
21567,7.6018
21568,8.0
21569,7.6018
21570,9.0
21571,7.2453
21572,7.6018
21573,8.3
21574,9.75
21575,7.5
21576,7.6018
21577,7.6018
21578,7.6018
21579,8.3333
21580,9.0
21581,7.5
21582,6.6
21583,7.6018
21584,9.0
21585,7.6018
21586,7.6667
21587,5.0625
21588,7.5758
21589,9.1111
21590,7.6018
21591,8.9375
21592,6.6923
21593,8.2857
21594,7.6018
21595,7.9848
21596,7.9561
21597,7.6018
21598,8.0
21599,7.6018
21600,7.6018
21601,8.4
21602,8.0
21603,7.6018
21604,7.4
21605,7.6018
21606,7.6018
21607,7.6018
21608,8.2
21609,7.75
21610,7.6018
21611,10.0
21612,7.5294
21613,7.6018
21614,1.0
21615,7.2727
21616,8.0
21617,5.0
21618,8.0
21619,7.6018
21620,7.5
21621,8.5
21622,7.6018
21623,5.6667
21624,7.6018
21625,7.9375
21626,7.0
21627,8.0652
21628,7.9518
21629,7.6018
21630,7.36
21631,8.0
21632,6.6667
21633,8.2
21634,5.0
21635,7.1538
21636,7.6018
21637,6.4
21638,7.2857
21639,5.0
21640,7.6018
21641,8.3636
21642,7.0
21643,7.6018
21644,7.6018
21645,7.6018
21646,7.0
21647,8.0
21648,7.5
21649,7.6018
21650,7.6018
21651,7.6018
21652,9.25
21653,7.5294
21654,7.4615
21655,7.6018
21656,7.6018
21657,8.0
21658,8.0
21659,7.6018
21660,7.6018
21661,7.4615
21662,8.0
21663,7.6018
21664,7.3333
21665,7.6018
21666,7.6018
21667,7.5385
21668,7.2593
21669,8.5
21670,10.0
21671,7.6018
21672,7.8627
21673,4.1893
21674,7.6018
21675,9.0
21676,7.6018
21677,8.0
21678,6.0
21679,4.1893
21680,7.6018
21681,7.6018
21682,8.4
21683,7.5
21684,10.0
21685,7.6018
21686,7.6018
21687,8.3333
21688,7.6018
21689,7.6018
21690,6.25
21691,7.6018
21692,7.6018
21693,7.4958
21694,8.0
21695,7.6018
21696,7.6667
21697,8.0
21698,7.0
21699,7.2609
21700,7.6018
21701,8.5556
21702,7.6018
21703,7.6018
21704,7.5
21705,8.7
21706,7.6018
21707,8.6667
21708,7.6018
21709,6.4545
21710,7.6018
21711,7.6018
21712,7.6018
21713,7.36
21714,7.0
21715,8.0
21716,4.6667
21717,7.6018
21718,9.3333
21719,7.3438
21720,7.6018
21721,7.9561
21722,7.6018
21723,7.6018
21724,7.0
21725,7.6018
21726,8.0
21727,7.6018
21728,5.0
21729,7.6018
21730,7.3333
21731,7.6018
21732,6.0
21733,7.6018
21734,7.0435
21735,7.6018
21736,7.6018
21737,7.6018
21738,6.7692
21739,7.6018
21740,7.6018
21741,7.6018
21742,7.6018
21743,10.0
21744,7.6018
21745,7.6018
21746,7.0
21747,7.6018
21748,7.6018
21749,7.6018
21750,8.2222
21751,8.0
21752,6.0
21753,7.6018
21754,6.2
21755,7.5
21756,5.75
21757,5.0
21758,7.6018
21759,7.2188
21760,7.0
21761,7.6667
21762,7.6018
21763,10.0
21764,7.6018
21765,7.0
21766,7.6018
21767,7.6018
21768,7.6018
21769,7.6018
21770,7.6018
21771,7.6018
21772,7.5
21773,9.25
21774,10.0
21775,7.5
21776,7.1739
21777,7.2222
21778,7.6018
21779,7.6018
21780,8.3333
21781,7.0
21782,7.6667
21783,7.6018
21784,6.2
21785,9.0
21786,7.6018
21787,7.6018
21788,7.5758
21789,7.6018
21790,7.7692
21791,5.875
21792,9.0
21793,7.6018
21794,7.9508
21795,7.6018
21796,7.0
21797,6.6
21798,7.6018
21799,6.8571
21800,7.6018
21801,7.6018
21802,7.6018
21803,7.9524
21804,7.6018
21805,7.6018
21806,8.2
21807,8.0303
21808,7.6018
21809,8.4
21810,7.75
21811,8.0
21812,8.1429
21813,6.0
21814,7.6018
21815,8.125
21816,7.0435
21817,6.0
21818,7.6018
21819,7.25
21820,7.2162
21821,9.0
21822,7.6018
21823,10.0
21824,6.97
21825,3.5
21826,7.6018
21827,7.6018
21828,7.6018
21829,7.5
21830,6.75
21831,7.0
21832,7.8667
21833,8.0
21834,7.1111
21835,6.6667
21836,7.5
21837,7.6018
21838,8.0
21839,7.6018
21840,7.6018
21841,10.0
21842,7.6018
21843,5.6667
21844,7.6018
21845,6.0
21846,7.6018
21847,7.6018
21848,4.1893
21849,9.6667
21850,7.6018
21851,7.6018
21852,9.0
21853,7.0
21854,8.7143
21855,7.6018
21856,7.6018
21857,6.8182
21858,7.3
21859,7.6018
21860,8.4
21861,6.8333
21862,7.6176
21863,8.0
21864,7.6018
21865,7.4286
21866,8.0
21867,7.6018
21868,7.6018
21869,7.6018
21870,10.0
21871,5.0
21872,7.6018
21873,7.6018
21874,7.6018
21875,8.0
21876,7.6018
21877,7.0
21878,7.6018
21879,7.6018
21880,7.6018
21881,7.5833
21882,6.875
21883,7.0
21884,7.6018
21885,7.0
21886,7.75
21887,8.0
21888,7.6018
21889,6.375
21890,7.7273
21891,7.0
21892,7.75
21893,7.6018
21894,7.6018
21895,8.5
21896,6.1579
21897,7.5
21898,8.0
21899,8.0
21900,5.6
21901,7.125
21902,7.1818
21903,7.5714
21904,8.0
21905,7.5385
21906,7.6018
21907,7.4286
21908,7.6018
21909,9.0
21910,7.0
21911,7.6018
21912,10.0
21913,7.0784
21914,8.0
21915,7.4
21916,7.6018
21917,7.5
21918,7.3333
21919,7.6897
21920,7.6018
21921,7.6018
21922,8.0
21923,7.5
21924,7.6018
21925,7.6018
21926,7.2381
21927,7.6018
21928,7.6829
21929,7.8
21930,7.6018
21931,8.5
21932,7.6018
21933,9.0
21934,7.25
21935,7.6018
21936,7.6018
21937,7.6018
21938,7.6018
21939,7.6018
21940,10.0
21941,9.0
21942,7.6667
21943,7.9518
21944,10.0
21945,8.3333
21946,7.7895
21947,8.3333
21948,7.5
21949,8.5
21950,7.6757
21951,10.0
21952,7.6018
21953,6.9595
21954,7.6018
21955,7.25
21956,7.6018
21957,7.6018
21958,7.6018
21959,8.0
21960,7.6018
21961,7.6842
21962,7.8333
21963,7.6018
21964,7.6018
21965,7.6018
21966,7.8065
21967,8.2121
21968,9.6667
21969,7.6667
21970,7.6018
21971,7.6018
21972,8.5625
21973,7.6018
21974,7.6018
21975,6.97
21976,7.6018
21977,7.6018
21978,7.6667
21979,8.092
21980,7.6018
21981,7.25
21982,7.6018
21983,6.7692
21984,7.5417
21985,7.7348
21986,7.0
21987,7.6018
21988,7.6018
21989,7.0
21990,7.5
21991,8.2069
21992,7.0
21993,7.6018
21994,7.6018
21995,6.0
21996,7.6018
21997,9.0
21998,9.0
21999,7.6018
22000,8.0
22001,8.0
22002,7.6018
22003,7.6018
22004,7.1818
22005,7.6018
22006,7.7119
22007,7.2222
22008,8.4762
22009,7.4615
22010,7.6018
22011,7.9333
22012,4.0
22013,8.0
22014,7.6018
22015,6.0
22016,7.6018
22017,7.6018
22018,7.4958
22019,7.2727
22020,7.0
22021,8.0
22022,8.1667
22023,8.3077
22024,8.0
22025,7.6018
22026,7.1071
22027,7.0
22028,10.0
22029,7.6018
22030,7.0
22031,8.2857
22032,7.5
22033,7.6018
22034,7.375
22035,7.7619
22036,7.0
22037,7.6018
22038,7.6018
22039,7.0
22040,7.6018
22041,7.6522
22042,8.0
22043,7.6018
22044,8.2222
22045,8.1
22046,8.0
22047,8.4
22048,7.6018
22049,7.5
22050,7.6018
22051,7.1538
22052,5.3333
22053,7.6018
22054,7.6018
22055,7.6018
22056,7.6018
22057,7.1
22058,7.6018
22059,7.6018
22060,7.6018
22061,7.6018
22062,7.7222
22063,7.6018
22064,7.6018
22065,7.0
22066,7.76
22067,7.0
22068,7.6018
22069,7.6018
22070,7.6018
22071,5.0
22072,7.8519
22073,8.4762
22074,7.0
22075,7.6018
22076,5.5
22077,8.0
22078,7.8
22079,7.6018
22080,7.3438
22081,7.5
22082,7.6018
22083,8.25
22084,6.9444
22085,8.0
22086,8.5
22087,5.0
22088,8.0476
22089,7.6018
22090,7.6018
22091,7.6018
22092,7.6018
22093,7.6018
22094,7.6018
22095,7.0741
22096,5.0
22097,7.6018
22098,7.7667
22099,7.6018
22100,7.6018
22101,7.9286
22102,4.0
22103,4.1893
22104,7.5714
22105,7.6018
22106,7.6018
22107,7.6018
22108,7.3333
22109,7.6
22110,7.5
22111,7.6018
22112,7.75
22113,7.6875
22114,3.0
22115,7.8
22116,7.6018
22117,7.6018
22118,7.6018
22119,7.2444
22120,7.6018
22121,10.0
22122,8.7609
22123,8.3333
22124,8.875
22125,7.6018
22126,6.375
22127,7.6018
22128,7.6018
22129,4.1893
22130,8.8182
22131,8.75
22132,7.525
22133,7.1111
22134,7.5
22135,9.0
22136,7.5
22137,7.5
22138,7.6018
22139,7.2857
22140,4.0
22141,8.0417
22142,9.0
22143,7.6018
22144,8.0652
22145,8.5
22146,8.0
22147,7.9286
22148,7.6018
22149,7.3333
22150,8.9286
22151,8.0976
22152,7.0
22153,8.0
22154,7.6018
22155,8.25
22156,8.25
22157,8.8571
22158,7.6018
22159,8.3
22160,8.5
22161,7.6018
22162,6.9595
22163,8.2217
22164,7.6018
22165,7.9375
22166,10.0
22167,7.6018
22168,7.7348
22169,7.6018
22170,7.6018
22171,7.0
22172,5.3333
22173,7.6364
22174,8.4
22175,7.4688
22176,7.6018
22177,6.6667
22178,7.4412
22179,7.0
22180,8.75
22181,7.6018
22182,7.6018
22183,7.6018
22184,8.0
22185,7.6018
22186,9.0
22187,8.5
22188,10.0
22189,7.6018
22190,7.6018
22191,7.6018
22192,7.0
22193,5.0
22194,7.4328
22195,7.8667
22196,8.0
22197,7.6018
22198,7.5
22199,7.6018
22200,8.0
22201,8.6667
22202,7.6018
22203,7.6018
22204,8.2217
22205,7.5385
22206,7.7059
22207,8.6
22208,8.5
22209,7.6018
22210,8.25
22211,7.6296
22212,7.6018
22213,8.4762
22214,6.5
22215,7.75
22216,7.6018
22217,7.6018
22218,10.0
22219,6.5429
22220,7.6018
22221,7.6018
22222,7.9561
22223,7.4688
22224,7.6018
22225,7.5
22226,7.75
22227,7.6018
22228,6.0
22229,7.6018
22230,7.6018
22231,9.6
22232,7.25
22233,9.0
22234,7.6018
22235,9.3333
22236,6.2857
22237,7.6018
22238,7.0
22239,7.6018
22240,7.6018
22241,7.6018
22242,7.6667
22243,9.0
22244,7.241
22245,7.6018
22246,7.6018
22247,7.6018
22248,7.6018
22249,7.6667
22250,6.5938
22251,5.0
22252,8.75
22253,7.4
22254,7.0714
22255,6.5
22256,10.0
22257,7.6667
22258,7.6018
22259,8.3333
22260,7.6018
22261,7.6018
22262,9.0
22263,8.875
22264,7.0
22265,7.75
22266,7.6018
22267,7.2188
22268,8.25
22269,7.75
22270,7.0
22271,6.8571
22272,7.6018
22273,7.6018
22274,7.8
22275,7.625
22276,7.6018
22277,7.6018
22278,7.6018
22279,6.2
22280,7.6667
22281,7.6018
22282,7.6018
22283,7.6018
22284,8.2857
22285,7.0
22286,8.6667
22287,7.6018
22288,7.6018
22289,8.5
22290,7.0
22291,7.6018
22292,9.0
22293,8.5294
22294,7.6018
22295,7.25
22296,7.6018
22297,8.9375
22298,7.0
22299,7.0
22300,7.6018
22301,7.6018
22302,7.7059
22303,8.2174
22304,7.6018
22305,6.0
22306,7.6018
22307,7.7273
22308,7.6018
22309,7.6018
22310,9.0
22311,7.6018
22312,7.5385
22313,7.6018
22314,7.6018
22315,7.6018
22316,8.45
22317,8.0
22318,8.4694
22319,7.6018
22320,9.0
22321,8.5
22322,7.6018
22323,8.2222
22324,8.0
22325,7.3333
22326,7.6018
22327,7.6018
22328,7.6018
22329,7.6018
22330,7.6018
22331,7.908
22332,7.6
22333,8.0588
22334,7.3333
22335,8.0
22336,7.717
22337,7.6018
22338,7.6018
22339,8.3273
22340,7.6018
22341,10.0
22342,6.0
22343,6.5
22344,7.8333
22345,7.6018
22346,8.0
22347,6.9595
22348,7.625
22349,10.0
22350,8.0
22351,7.6018
22352,8.4694
22353,9.6667
22354,6.5
22355,7.7667
22356,8.8
22357,8.8065
22358,7.6018
22359,8.6667
22360,7.6018
22361,8.0
22362,7.6018
22363,6.25
22364,7.6018
22365,7.6018
22366,7.2857
22367,7.0
22368,7.2222
22369,8.0476
22370,7.6018
22371,8.0
22372,7.6018
22373,7.6018
22374,8.2217
22375,7.6018
22376,7.6018
22377,7.6018
22378,7.0
22379,7.6018
22380,7.9545
22381,7.6018
22382,8.0
22383,7.6018
22384,7.6667
22385,7.6018
22386,7.3333
22387,6.6667
22388,6.0
22389,5.0
22390,7.6018
22391,7.0784
22392,9.0
22393,2.5
22394,7.6018
22395,7.6018
22396,7.6018
22397,8.0
22398,7.6018
22399,7.6018
22400,7.3191
22401,7.6018
22402,8.0
22403,7.6018
22404,7.6018
22405,8.2857
22406,7.6018
22407,4.0
22408,7.5
22409,7.6018
22410,5.6667
22411,7.2727
22412,5.3333
22413,7.0
22414,7.6018
22415,9.2
22416,7.6018
22417,7.6018
22418,7.6018
22419,4.1893
22420,1.0
22421,6.5
22422,7.6018
22423,5.5
22424,5.0
22425,7.6018
22426,7.3333
22427,9.0
22428,6.5
22429,8.5
22430,7.3333
22431,8.2217
22432,8.0
22433,7.6018
22434,7.0784
22435,7.0
22436,7.6018
22437,8.6667
22438,9.0
22439,5.6667
22440,9.0
22441,7.6
22442,7.6018
22443,7.6018
22444,7.1667
22445,7.6018
22446,7.6018
22447,7.25
22448,6.5
22449,7.6018
22450,6.0
22451,7.6018
22452,8.625
22453,7.6018
22454,9.2
22455,6.0
22456,7.6018
22457,7.6018
22458,7.6018
22459,7.6018
22460,7.6018
22461,6.6
22462,7.6018
22463,10.0
22464,6.625
22465,8.0
22466,8.25
22467,7.6018
22468,7.0
22469,7.2222
22470,6.6
22471,7.6018
22472,9.0
22473,7.6018
22474,7.6018
22475,6.6667
22476,7.9474
22477,7.6018
22478,7.8
22479,7.6018
22480,7.6018
22481,8.0
22482,7.6018
22483,7.0435
22484,9.6667
22485,7.6018
22486,7.6018
22487,6.0
22488,7.6018
22489,7.6018
22490,7.5
22491,7.6018
22492,7.6018
22493,8.6667
22494,8.092
22495,7.6018
22496,7.6018
22497,7.6018
22498,6.5
22499,8.12
22500,9.3333
22501,6.0
22502,8.5556
22503,8.0
22504,7.6018
22505,7.5
22506,6.3333
22507,5.0
22508,7.6018
22509,7.9091
22510,7.6018
22511,7.6018
22512,7.6018
22513,7.8421
22514,8.6667
22515,8.6667
22516,8.0
22517,7.6018
22518,7.3333
22519,7.6018
22520,7.6018
22521,7.6018
22522,7.6018
22523,7.6018
22524,8.1
22525,7.6018
22526,9.6667
22527,7.6018
22528,7.6018
22529,6.75
22530,9.0
22531,7.1071
22532,7.0
22533,7.5
22534,9.0
22535,7.6018
22536,7.45
22537,7.9091
22538,5.0
22539,7.9561
22540,7.6018
22541,5.0
22542,8.0
22543,7.0
22544,7.8
22545,8.0513
22546,9.5
22547,8.1765
22548,7.6018
22549,6.0
22550,8.5
22551,8.8
22552,8.0
22553,7.6018
22554,7.6018
22555,6.4
22556,7.6018
22557,8.0
22558,7.6018
22559,8.0
22560,7.6018
22561,8.7609
22562,7.6018
22563,8.092
22564,7.6018
22565,7.6018
22566,7.6018
22567,9.0
22568,7.6018
22569,7.0714
22570,7.6018
22571,8.4667
22572,7.6018
22573,7.0
22574,7.8667
22575,7.0
22576,6.5
22577,7.6018
22578,7.6018
22579,7.3333
22580,10.0
22581,7.6018
22582,6.3333
22583,7.6111
22584,7.6018
22585,8.4
22586,7.1429
22587,6.0
22588,6.25
22589,7.6018
22590,8.5
22591,7.6018
22592,8.5
22593,7.6018
22594,7.6018
22595,8.0
22596,7.2609
22597,7.0
22598,6.5938
22599,7.6018
22600,8.6182
22601,7.6018
22602,7.0
22603,7.5
22604,8.0
22605,8.0
22606,7.0
22607,7.6018
22608,5.0
22609,7.2444
22610,8.0
22611,8.0513
22612,7.6018
22613,6.5
22614,5.0
22615,6.2857
22616,7.6018
22617,7.6018
22618,7.6018
22619,7.0
22620,7.5
22621,7.2857
22622,7.0
22623,9.0
22624,7.6018
22625,8.2857
22626,9.5
22627,7.7692
22628,8.6667
22629,7.3077
22630,7.3077
22631,7.6018
22632,7.6018
22633,7.8
22634,9.5
22635,7.0
22636,7.6018
22637,8.2
22638,9.0
22639,7.6018
22640,7.6018
22641,7.0
22642,8.0
22643,7.6018
22644,8.4545
22645,8.36
22646,7.6923
22647,7.6018
22648,8.1923
22649,8.45
22650,8.0968
22651,7.6018
22652,7.6018
22653,7.6018
22654,7.0
22655,7.0
22656,8.6667
22657,8.5714
22658,7.6018
22659,8.0909
22660,8.3529
22661,7.6018
22662,7.6018
22663,6.75
22664,7.6018
22665,8.0
22666,6.6667
22667,7.6018
22668,7.0
22669,7.6018
22670,7.6018
22671,7.6018
22672,6.5
22673,7.6018
22674,9.0
22675,7.6018
22676,7.1667
22677,4.6667
22678,7.8333
22679,9.0
22680,7.6018
22681,7.6018
22682,7.6018
22683,7.5
22684,7.6018
22685,7.6667
22686,7.25
22687,7.6018
22688,7.0
22689,7.0
22690,5.9167
22691,7.6018
22692,7.6018
22693,7.6018
22694,9.0
22695,8.3333
22696,7.6018
22697,7.6018
22698,7.6018
22699,8.4717
22700,7.6018
22701,7.6018
22702,10.0
22703,7.6018
22704,7.6018
22705,7.6018
22706,6.6667
22707,7.6018
22708,6.0
22709,7.6018
22710,7.6018
22711,7.36
22712,7.6018
22713,7.5
22714,8.0
22715,7.6018
22716,6.25
22717,7.6018
22718,7.6018
22719,7.8
22720,8.4762
22721,9.0
22722,7.6018
22723,7.6018
22724,7.6018
22725,4.1893
22726,7.5
22727,7.5294
22728,7.6018
22729,6.4
22730,8.0
22731,7.6018
22732,7.0
22733,6.5714
22734,4.1893
22735,8.1613
22736,9.0
22737,7.6018
22738,7.6018
22739,7.0
22740,7.6018
22741,5.0
22742,10.0
22743,8.5
22744,9.0
22745,7.6018
22746,5.0
22747,8.0
22748,7.4483
22749,7.6018
22750,7.6018
22751,7.6018
22752,7.6018
22753,8.6111
22754,7.6018
22755,7.6018
22756,8.2217
22757,7.3548
22758,7.6018
22759,8.0
22760,7.5
22761,7.6018
22762,7.0
22763,6.0
22764,7.6018
22765,7.6018
22766,7.6018
22767,7.6522
22768,6.5
22769,7.9524
22770,7.625
22771,7.6018
22772,7.6018
22773,7.6018
22774,6.0
22775,7.6018
22776,7.6018
22777,9.0
22778,7.6018
22779,7.6018
22780,9.0
22781,10.0
22782,7.6018
22783,6.5625
22784,7.6018
22785,7.6018
22786,7.6018
22787,7.6018
22788,8.75
22789,7.75
22790,9.0
22791,7.8
22792,8.0652
22793,8.0
22794,7.6018
22795,7.8125
22796,7.0
22797,7.8667
22798,8.0652
22799,6.6667
22800,8.4717
22801,7.4
22802,7.6018
22803,7.6018
22804,7.6018
22805,7.6018
22806,7.7812
22807,7.6018
22808,8.3333
22809,8.7667
22810,9.3333
22811,7.6018
22812,7.6018
22813,8.1667
22814,7.6018
22815,7.6018
22816,10.0
22817,7.6018
22818,7.6018
22819,8.6667
22820,7.0
22821,7.6018
22822,7.6018
22823,7.6018
22824,7.6018
22825,7.6018
22826,7.6018
22827,7.6018
22828,7.6018
22829,5.6
22830,7.6018
22831,7.7143
22832,7.6018
22833,7.6018
22834,9.0
22835,7.6018
22836,7.3333
22837,7.9667
22838,8.2
22839,9.0
22840,8.2857
22841,7.6018
22842,7.3333
22843,6.6
22844,6.0
22845,8.3846
22846,8.1905
22847,7.2
22848,7.8
22849,7.6018
22850,9.0
22851,7.6018
22852,8.7778
22853,7.0
22854,8.5714
22855,7.6018
22856,7.6018
22857,7.0
22858,7.6018
22859,7.7667
22860,6.8182
22861,7.6018
22862,7.5833
22863,7.0
22864,7.6154
22865,8.8
22866,10.0
22867,7.6018
22868,7.6018
22869,7.6018
22870,7.6018
22871,6.5
22872,8.3333
22873,7.6018
22874,7.0
22875,7.6296
22876,7.4659
22877,7.6018
22878,7.6018
22879,7.75
22880,3.0
22881,8.0
22882,7.5
22883,7.6018
22884,5.0
22885,8.0
22886,10.0
22887,7.3
22888,7.6018
22889,10.0
22890,7.3077
22891,7.6018
22892,9.5333
22893,8.4
22894,7.3191
22895,9.5
22896,7.6018
22897,7.0
22898,7.6018
22899,9.0
22900,7.0
22901,7.6018
22902,7.6667
22903,7.6018
22904,7.6018
22905,7.6018
22906,7.6018
22907,8.0
22908,7.6018
22909,7.6018
22910,7.6018
22911,8.0
22912,8.0
22913,7.6018
22914,7.6018
22915,8.0
22916,7.6018
22917,9.0
22918,4.1893
22919,7.6018
22920,8.1519
22921,8.6364
22922,8.6
22923,7.6018
22924,7.6018
22925,7.5
22926,7.6018
22927,7.6018
22928,5.5714
22929,7.6018
22930,7.3333
22931,6.5
22932,6.0
22933,7.6018
22934,7.6018
22935,6.1579
22936,7.6296
22937,7.6129
22938,7.6018
22939,7.6018
22940,10.0
22941,7.6018
22942,7.6018
22943,7.6018
22944,7.3778
22945,9.5
22946,7.6018
22947,6.3333
22948,8.4167
22949,7.9508
22950,7.6018
22951,8.6667
22952,7.6018
22953,7.6018
22954,9.0
22955,9.0
22956,7.7778
22957,8.0
22958,7.6018
22959,9.5
22960,8.3913
22961,9.0
22962,7.5
22963,6.2857
22964,7.6018
22965,7.6018
22966,7.7273
22967,7.1538
22968,7.6018
22969,6.8333
22970,7.6018
22971,7.6018
22972,7.4688
22973,8.75
22974,7.6018
22975,9.0862
22976,8.1637
22977,9.0
22978,7.6018
22979,7.0
22980,7.6667
22981,8.0
22982,7.5
22983,7.6018
22984,8.092
22985,8.4615
22986,8.0435
22987,6.0
22988,7.7727
22989,8.36
22990,7.6018
22991,7.8333
22992,7.6018
22993,7.6757
22994,8.0909
22995,8.2
22996,8.0
22997,7.0
22998,8.0
22999,8.8065
23000,9.0
23001,7.6018
23002,8.1429
23003,6.0
23004,7.6018
23005,8.3333
23006,7.9474
23007,4.0
23008,7.5
23009,7.6018
23010,8.0303
23011,7.2727
23012,8.2632
23013,6.8
23014,9.0862
23015,9.0
23016,8.2857
23017,7.6018
23018,7.75
23019,7.6018
23020,7.6018
23021,7.3
23022,7.6018
23023,8.875
23024,7.6018
23025,7.5714
23026,8.6
23027,9.0
23028,7.6018
23029,9.0
23030,7.6018
23031,7.1818
23032,7.6018
23033,7.6018
23034,6.5714
23035,8.5
23036,7.3191
23037,8.0
23038,7.2222
23039,7.6018
23040,7.6018
23041,8.0
23042,7.6
23043,7.6018
23044,7.6364
23045,9.5
23046,5.0
23047,7.6018
23048,6.7692
23049,7.5
23050,8.1778
23051,7.0
23052,8.0652
23053,7.6018
23054,8.5
23055,7.6
23056,7.6018
23057,7.2
23058,7.6018
23059,7.6018
23060,7.6018
23061,7.6018
23062,7.6018
23063,5.6667
23064,4.1893
23065,7.6018
23066,6.4
23067,9.5
23068,7.0
23069,8.1724
23070,7.6018
23071,7.6018
23072,6.6667
23073,7.6018
23074,7.5
23075,7.0
23076,7.6018
23077,7.0
23078,7.6018
23079,7.5
23080,7.0741
23081,7.6018
23082,7.0
23083,8.0
23084,7.6018
23085,7.6018
23086,7.8936
23087,7.0
23088,7.6018
23089,8.5
23090,6.5938
23091,7.75
23092,7.9474
23093,7.6018
23094,5.0
23095,8.2222
23096,7.3333
23097,8.2
23098,7.5
23099,7.6018
23100,7.2444
23101,7.6018
23102,7.6018
23103,8.4286
23104,7.9437
23105,7.0
23106,7.6018
23107,7.6018
23108,4.1893
23109,8.0
23110,4.0
23111,8.25
23112,10.0
23113,7.6018
23114,7.6018
23115,7.6018
23116,7.5714
23117,5.6
23118,7.6018
23119,9.0
23120,7.6018
23121,7.6018
23122,7.6018
23123,9.0
23124,10.0
23125,9.0
23126,7.6018
23127,7.717
23128,7.6018
23129,8.0769
23130,7.3
23131,8.0435
23132,6.0
23133,7.6018
23134,7.9518
23135,7.6018
23136,7.6018
23137,7.6018
23138,8.1724
23139,7.36
23140,4.0
23141,7.6018
23142,7.6018
23143,7.6018
23144,7.6018
23145,5.875
23146,8.0
23147,7.6018
23148,7.75
23149,7.6018
23150,8.625
23151,7.6018
23152,8.5833
23153,7.9231
23154,7.9561
23155,5.5
23156,7.6757
23157,7.5312
23158,7.6018
23159,7.6018
23160,7.0
23161,7.75
23162,8.092
23163,10.0
23164,7.6018
23165,7.6018
23166,8.0
23167,5.25
23168,7.6018
23169,8.0
23170,7.5294
23171,7.25
23172,10.0
23173,7.6018
23174,6.5938
23175,7.5
23176,8.2414
23177,9.0862
23178,7.6018
23179,8.1667
23180,8.0435
23181,7.0
23182,7.6018
23183,7.6018
23184,7.6018
23185,7.6
23186,7.6018
23187,7.6018
23188,10.0
23189,8.0
23190,7.6018
23191,7.6018
23192,7.6018
23193,6.9167
23194,9.0
23195,7.5
23196,7.6018
23197,7.6018
23198,7.6018
23199,7.6018
23200,7.6018
23201,7.75
23202,8.6667
23203,7.6018
23204,8.5
23205,6.9595
23206,7.6018
23207,7.6018
23208,7.8065
23209,7.6018
23210,3.0
23211,7.6018
23212,7.6018
23213,6.5
23214,7.4737
23215,10.0
23216,8.4333
23217,7.717
23218,6.6667
23219,7.0
23220,5.8333
23221,7.2
23222,9.25
23223,7.6018
23224,8.6667
23225,8.125
23226,7.0
23227,9.5
23228,6.3333
23229,7.1013
23230,7.6018
23231,9.0
23232,7.6018
23233,7.6018
23234,7.0
23235,7.5
23236,7.2941
23237,7.6018
23238,7.75
23239,6.0
23240,7.1013
23241,7.6018
23242,3.0
23243,7.6018
23244,7.6018
23245,7.3333
23246,7.6018
23247,3.0
23248,8.8065
23249,7.6018
23250,7.0
23251,7.0
23252,7.0
23253,7.6018
23254,6.9091
23255,7.0
23256,7.0
23257,8.0
23258,9.0
23259,7.6018
23260,7.0
23261,7.6018
23262,10.0
23263,8.0513
23264,7.2857
23265,6.5385
23266,5.0
23267,9.1667
23268,8.5294
23269,7.6018
23270,9.0
23271,7.5
23272,9.2727
23273,8.0435
23274,7.6018
23275,7.6018
23276,7.6018
23277,7.6018
23278,9.0
23279,7.5789
23280,7.6018
23281,7.6018
23282,4.75
23283,7.6018
23284,7.6018
23285,7.6018
23286,7.6018
23287,7.0
23288,7.6018
23289,7.6018
23290,7.25
23291,8.3939
23292,5.0
23293,7.6018
23294,6.8333
23295,7.6018
23296,8.0
23297,8.0
23298,6.5938
23299,6.0
23300,10.0
23301,7.6018
23302,7.1163
23303,5.6667
23304,7.6018
23305,8.0
23306,7.8667
23307,7.3333
23308,7.6018
23309,7.5455
23310,7.6018
23311,7.6018
23312,7.6018
23313,7.6018
23314,7.6018
23315,7.0
23316,7.6018
23317,8.6667
23318,8.8065
23319,7.0
23320,8.6
23321,7.6018
23322,6.5
23323,7.75
23324,7.6018
23325,8.0
23326,7.6018
23327,7.6018
23328,7.6018
23329,7.2
23330,8.0435
23331,7.8
23332,7.7348
23333,7.6018
23334,7.6018
23335,7.7143
23336,7.9545
23337,7.6018
23338,7.6018
23339,8.3636
23340,7.0
23341,7.25
23342,8.3333
23343,7.6018
23344,6.8
23345,7.6018
23346,6.4
23347,7.6018
23348,7.6018
23349,7.6
23350,8.0
23351,9.7
23352,10.0
23353,6.5385
23354,5.0
23355,7.6018
23356,6.9792
23357,8.3939
23358,7.0
23359,8.5714
23360,7.5
23361,7.6018
23362,6.0
23363,7.6018
23364,7.0
23365,6.75
23366,7.1429
23367,7.6018
23368,5.0
23369,7.6018
23370,7.4
23371,8.7143
23372,8.0
23373,7.8182
23374,7.6
23375,7.6018
23376,6.5
23377,9.0
23378,5.0
23379,7.8
23380,8.0
23381,8.3333
23382,8.7143
23383,7.6018
23384,8.0
23385,7.6018
23386,7.5
23387,7.6018
23388,7.6018
23389,7.1
23390,8.0
23391,5.5
23392,7.6018
23393,7.6018
23394,7.4667
23395,7.6018
23396,8.0
23397,7.6018
23398,7.0
23399,6.0
23400,7.0
23401,7.0
23402,7.6018
23403,8.1842
23404,8.12
23405,6.5
23406,7.6018
23407,7.6018
23408,7.6018
23409,8.0
23410,7.5
23411,7.6018
23412,7.6018
23413,7.6018
23414,7.6018
23415,7.6018
23416,7.25
23417,5.5
23418,9.0
23419,7.9518
23420,7.6018
23421,7.5833
23422,7.0
23423,7.6018
23424,8.0
23425,7.0
23426,8.2217
23427,7.9091
23428,7.6522
23429,9.2
23430,7.6018
23431,7.6018
23432,9.5
23433,10.0
23434,7.6018
23435,5.5625
23436,9.6667
23437,7.6018
23438,7.6018
23439,7.6018
23440,10.0
23441,8.6667
23442,7.6018
23443,8.0
23444,7.3333
23445,7.0
23446,9.0
23447,7.3191
23448,8.2217
23449,7.0
23450,10.0
23451,8.0435
23452,7.0
23453,8.2857
23454,7.6018
23455,7.6018
23456,7.6829
23457,7.6018
23458,7.6018
23459,7.1667
23460,7.6018
23461,6.3333
23462,7.0
23463,7.6018
23464,6.0
23465,8.8065
23466,3.0
23467,7.6018
23468,8.0
23469,8.5
23470,7.0
23471,7.9048
23472,7.4821
23473,7.6018
23474,7.0
23475,9.2
23476,8.6667
23477,6.8
23478,9.0
23479,7.6018
23480,7.3333
23481,7.9474
23482,7.6018
23483,7.0
23484,5.75
23485,7.0
23486,8.0
23487,7.9091
23488,7.6018
23489,7.6018
23490,8.0
23491,7.6018
23492,7.6018
23493,9.0
23494,7.5
23495,9.0
23496,7.6018
23497,7.6018
23498,8.0
23499,7.6018
23500,7.6018
23501,8.4
23502,8.0
23503,7.6018
23504,7.6018
23505,8.2857
23506,6.0
23507,8.0
23508,6.8889
23509,7.6018
23510,8.4333
23511,8.25
23512,7.6018
23513,7.6018
23514,7.6018
23515,7.3333
23516,9.0
23517,7.6
23518,7.6018
23519,7.8125
23520,7.6018
23521,7.1429
23522,8.5
23523,7.6018
23524,7.6018
23525,7.6018
23526,7.0
23527,7.2453
23528,8.6182
23529,8.0
23530,7.0
23531,7.6018
23532,7.6018
23533,7.9518
23534,7.6018
23535,8.3333
23536,7.6018
23537,7.6018
23538,7.6018
23539,6.8333
23540,6.25
23541,9.5
23542,8.375
23543,7.0
23544,7.6018
23545,6.0
23546,8.8065
23547,7.6018
23548,7.4
23549,8.0
23550,7.2444
23551,8.6667
23552,7.6018
23553,7.25
23554,7.6
23555,8.1111
23556,7.6018
23557,8.6
23558,7.6018
23559,7.0
23560,6.6111
23561,7.0
23562,8.1923
23563,8.0
23564,9.0
23565,7.6018
23566,5.0
23567,7.6018
23568,7.6018
23569,8.6667
23570,8.8333
23571,7.0
23572,7.6018
23573,7.6018
23574,8.0
23575,7.6018
23576,7.0
23577,7.6018
23578,7.6018
23579,7.25
23580,6.8571
23581,9.0
23582,7.6018
23583,7.5
23584,7.6018
23585,7.5
23586,7.6018
23587,7.6018
23588,7.3548
23589,7.6018
23590,7.4328
23591,5.0
23592,7.6018
23593,8.0
23594,8.9333
23595,8.3333
23596,7.6018
23597,8.3333
23598,8.0526
23599,7.0
23600,8.0
23601,7.871
23602,7.6018
23603,8.8065
23604,7.6018
23605,7.6018
23606,7.6018
23607,7.0
23608,7.0
23609,7.6018
23610,8.0
23611,8.0
23612,7.6018
23613,7.6018
23614,7.6018
23615,8.0
23616,5.0
23617,7.6018
23618,4.0
23619,7.5
23620,7.6018
23621,6.75
23622,7.5
23623,7.6018
23624,7.6018
23625,7.75
23626,7.0
23627,4.1893
23628,7.5
23629,7.6018
23630,7.4286
23631,7.9231
23632,8.0
23633,7.75
23634,7.6018
23635,7.6018
23636,8.5
23637,7.6018
23638,10.0
23639,7.6018
23640,6.0
23641,7.6018
23642,9.0
23643,7.6018
23644,7.6018
23645,7.6018
23646,7.871
23647,8.5556
23648,7.8125
23649,8.0476
23650,8.0
23651,7.6018
23652,8.8
23653,7.0435
23654,7.6018
23655,8.0
23656,7.6018
23657,7.6018
23658,4.5
23659,7.6018
23660,8.0
23661,7.6018
23662,8.6842
23663,6.7692
23664,10.0
23665,5.5
23666,8.0
23667,7.6018
23668,6.6667
23669,8.2217
23670,8.0
23671,7.0
23672,8.5
23673,7.8
23674,7.6018
23675,8.45
23676,7.6018
23677,8.0
23678,7.6018
23679,9.5
23680,8.6667
23681,8.7
23682,7.6018
23683,5.0
23684,7.6018
23685,7.0
23686,8.0
23687,3.0
23688,7.6018
23689,9.0
23690,7.6018
23691,9.2
23692,7.6018
23693,6.3333
23694,7.6018
23695,7.8333
23696,7.1538
23697,7.1538
23698,8.5
23699,7.4
23700,7.25
23701,7.3235
23702,7.3235
23703,8.092
23704,9.0
23705,9.0
23706,7.6018
23707,7.6522
23708,6.5
23709,7.0
23710,7.0
23711,7.6018
23712,7.6018
23713,8.0976
23714,8.1429
23715,7.0
23716,7.6018
23717,7.6018
23718,8.125
23719,6.0
23720,7.6018
23721,7.6018
23722,8.1111
23723,8.5
23724,9.0
23725,7.6018
23726,7.6018
23727,7.9561
23728,8.6154
23729,7.5
23730,7.6018
23731,9.5
23732,7.6018
23733,7.6018
23734,7.6018
23735,7.6018
23736,6.0
23737,9.2
23738,7.6018
23739,7.6018
23740,7.8182
23741,8.0
23742,7.6018
23743,5.0
23744,7.6018
23745,7.6667
23746,8.0968
23747,7.6018
23748,8.0
23749,7.1429
23750,8.3913
23751,7.8667
23752,8.1176
23753,8.4717
23754,8.6364
23755,7.7348
23756,7.4958
23757,7.6018
23758,7.6018
23759,5.0
23760,7.6018
23761,5.0
23762,7.6018
23763,7.6018
23764,7.0
23765,6.0
23766,7.6018
23767,10.0
23768,8.0513
23769,7.0
23770,9.0
23771,8.5385
23772,8.0
23773,8.5
23774,7.6018
23775,7.6018
23776,8.4694
23777,7.0
23778,7.6018
23779,7.6018
23780,7.6018
23781,7.6018
23782,7.6018
23783,7.625
23784,7.6018
23785,7.6018
23786,8.5
23787,7.6018
23788,7.125
23789,7.6018
23790,7.6018
23791,7.6018
23792,8.5
23793,7.6842
23794,7.6018
23795,8.0
23796,7.0
23797,8.0
23798,8.6667
23799,8.2941
23800,7.6018
23801,7.6018
23802,7.0
23803,7.4
23804,7.6018
23805,7.6018
23806,7.7812
23807,7.6018
23808,7.6018
23809,7.6667
23810,7.6018
23811,8.0
23812,10.0
23813,7.6018
23814,7.6018
23815,7.5
23816,9.0
23817,7.6018
23818,7.6018
23819,7.8936
23820,10.0
23821,7.6018
23822,7.6018
23823,7.6018
23824,7.6018
23825,8.0435
23826,7.6018
23827,8.0
23828,8.3333
23829,7.6018
23830,7.0
23831,7.6018
23832,7.9459
23833,7.6018
23834,7.6018
23835,7.75
23836,8.4167
23837,7.2162
23838,7.6018
23839,9.5
23840,8.0
23841,7.6018
23842,6.4444
23843,7.6018
23844,6.0
23845,10.0
23846,7.5
23847,7.3333
23848,7.6018
23849,10.0
23850,7.8667
23851,7.6018
23852,4.0
23853,5.0
23854,7.5385
23855,7.6018
23856,7.1538
23857,10.0
23858,8.0
23859,8.2
23860,8.8065
23861,7.5
23862,7.6018
23863,7.0
23864,8.0
23865,7.2188
23866,5.0
23867,9.0
23868,7.1
23869,7.6018
23870,7.6018
23871,7.5
23872,7.3
23873,7.0
23874,7.6018
23875,8.9375
23876,8.3
23877,7.6018
23878,7.6018
23879,6.3333
23880,7.6018
23881,7.6018
23882,7.0
23883,7.6018
23884,8.0
23885,8.1724
23886,7.2308
23887,9.5
23888,7.7045
23889,7.6667
23890,7.875
23891,7.8
23892,7.6018
23893,9.0
23894,7.6018
23895,7.6018
23896,7.7273
23897,8.8571
23898,6.75
23899,7.6018
23900,7.6018
23901,7.6018
23902,7.6018
23903,8.56
23904,7.67
23905,8.0
23906,8.2222
23907,9.0
23908,8.2
23909,8.0769
23910,7.7143
23911,7.3333
23912,7.6018
23913,5.0
23914,8.0
23915,7.6018
23916,6.0
23917,7.6018
23918,8.6
23919,8.5556
23920,7.717
23921,9.0
23922,7.6018
23923,8.7609
23924,7.6018
23925,8.0
23926,7.5
23927,4.6667
23928,8.0
23929,7.6018
23930,7.6018
23931,7.0
23932,7.8125
23933,7.6018
23934,8.5833
23935,7.6018
23936,7.6018
23937,8.0976
23938,5.0
23939,8.6182
23940,7.0
23941,1.0
23942,7.6018
23943,7.5909
23944,9.4
23945,7.1212
23946,7.6018
23947,8.6667
23948,7.525
23949,6.6667
23950,8.6667
23951,7.6018
23952,7.75
23953,9.0
23954,7.6018
23955,7.6018
23956,7.2857
23957,8.5455
23958,8.0
23959,7.0
23960,7.6018
23961,7.6875
23962,10.0
23963,8.1923
23964,7.9231
23965,7.6667
23966,7.6018
23967,7.625
23968,7.76
23969,8.2217
23970,8.12
23971,8.2121
23972,7.6018
23973,7.0
23974,7.6018
23975,7.6018
23976,8.0
23977,7.6018
23978,7.6018
23979,7.6018
23980,8.25
23981,8.25
23982,7.6018
23983,9.0
23984,7.241
23985,8.0435
23986,7.6018
23987,7.6018
23988,7.6018
23989,9.0
23990,8.0
23991,4.1893
23992,8.0
23993,7.6018
23994,10.0
23995,7.6018
23996,7.6018
23997,7.6018
23998,8.2
23999,7.6018
24000,7.6018
24001,7.0784
24002,7.4667
24003,7.6018
24004,7.6018
24005,8.1429
24006,10.0
24007,7.5
24008,6.5
24009,7.0
24010,8.0
24011,7.75
24012,6.5
24013,8.0
24014,8.1667
24015,8.0
24016,7.0
24017,7.6018
24018,9.0
24019,6.8889
24020,7.6018
24021,7.2609
24022,8.5
24023,7.6018
24024,8.0
24025,7.6018
24026,7.0
24027,7.6018
24028,8.2727
24029,7.6018
24030,8.625
24031,7.6018
24032,9.5
24033,7.6296
24034,7.6018
24035,7.6018
24036,7.6018
24037,10.0
24038,7.4821
24039,7.0
24040,7.6667
24041,7.4659
24042,7.6018
24043,7.6842
24044,7.8936
24045,7.5
24046,8.6
24047,7.6018
24048,7.1071
24049,7.6018
24050,7.5
24051,9.0
24052,7.6018
24053,6.0
24054,6.0
24055,7.6018
24056,6.4545
24057,7.5
24058,7.6018
24059,7.6018
24060,7.6018
24061,8.3077
24062,7.1463
24063,7.5135
24064,7.7273
24065,7.6018
24066,7.6018
24067,8.0
24068,10.0
24069,7.8065
24070,7.6018
24071,9.0
24072,9.1111
24073,7.6018
24074,7.6018
24075,7.6018
24076,10.0
24077,7.6018
24078,6.0
24079,8.2069
24080,6.97
24081,8.3333
24082,8.6111
24083,7.6018
24084,8.0
24085,7.4545
24086,7.6018
24087,7.6018
24088,5.5
24089,7.0
24090,7.6018
24091,7.6018
24092,7.6018
24093,7.6018
24094,10.0
24095,7.6018
24096,7.6018
24097,7.6018
24098,7.0
24099,7.6018
24100,7.0
24101,7.0
24102,7.1667
24103,7.6018
24104,7.6018
24105,7.6018
24106,7.6018
24107,8.5
24108,7.8
24109,7.6018
24110,9.0
24111,7.6018
24112,7.6018
24113,7.6018
24114,7.5833
24115,8.6
24116,6.8333
24117,5.0625
24118,7.6018
24119,7.6018
24120,7.4737
24121,8.4167
24122,8.5
24123,8.0
24124,5.0
24125,7.4
24126,7.8333
24127,7.6018
24128,9.5
24129,7.6018
24130,7.6018
24131,8.4667
24132,7.8
24133,7.6018
24134,8.1667
24135,9.0
24136,7.6018
24137,5.0
24138,8.5
24139,7.6018
24140,7.6018
24141,7.6018
24142,9.5
24143,7.125
24144,8.6667
24145,7.8333
24146,7.6018
24147,7.3846
24148,8.0
24149,7.875
24150,9.5
24151,7.6018
24152,6.75
24153,8.0
24154,7.4545
24155,7.9848
24156,7.6018
24157,10.0
24158,7.5
24159,5.0
24160,7.5
24161,7.3333
24162,7.241
24163,7.3333
24164,7.6018
24165,7.6018
24166,6.3333
24167,7.6018
24168,7.6018
24169,5.0
24170,7.6018
24171,7.0
24172,7.6018
24173,7.6018
24174,7.3548
24175,5.0
24176,7.6018
24177,8.125
24178,7.5909
24179,7.6018
24180,10.0
24181,7.6018
24182,6.75
24183,7.3333
24184,7.4545
24185,7.0
24186,7.4231
24187,6.6
24188,7.67
24189,7.6018
24190,5.0
24191,7.6018
24192,7.6018
24193,7.6018
24194,9.0
24195,8.0
24196,6.6667
24197,7.4231
24198,6.0
24199,7.6018
24200,7.5
24201,7.6018
24202,7.7348
24203,8.0
24204,7.6018
24205,6.6667
24206,7.6018
24207,7.6018
24208,7.6538
24209,7.5714
24210,7.6018
24211,8.4167
24212,8.8333
24213,9.0
24214,8.0
24215,9.0
24216,9.5
24217,7.5
24218,7.6018
24219,7.6018
24220,8.0
24221,8.75
24222,7.0
24223,7.241
24224,7.6018
24225,7.6018
24226,6.5
24227,7.6018
24228,7.6018
24229,9.0
24230,6.4444
24231,8.1818
24232,5.0
24233,7.1013
24234,8.1637
24235,8.4717
24236,7.6667
24237,7.6018
24238,7.6018
24239,7.6018
24240,7.25
24241,7.4958
24242,7.0
24243,8.1818
24244,7.0
24245,6.0
24246,7.6667
24247,7.6018
24248,7.6018
24249,8.0909
24250,6.9444
24251,7.6757
24252,7.0
24253,7.6018
24254,7.6018
24255,8.2857
24256,7.6
24257,8.0
24258,8.0
24259,7.6018
24260,7.6018
24261,7.8889
24262,7.6018
24263,7.6018
24264,7.6018
24265,7.0
24266,7.6018
24267,5.5
24268,9.0
24269,7.6667
24270,7.6018
24271,7.9487
24272,7.6018
24273,8.0
24274,8.0
24275,8.0976
24276,8.5
24277,7.6018
24278,6.0
24279,7.6018
24280,6.0
24281,8.0
24282,8.0
24283,7.0
24284,6.0
24285,7.3333
24286,8.75
24287,7.8333
24288,6.75
24289,8.0
24290,7.5135
24291,7.0
24292,7.6018
24293,7.6018
24294,7.0
24295,8.3333
24296,8.2857
24297,7.6018
24298,8.0
24299,6.5
24300,7.8936
24301,8.0
24302,7.6018
24303,7.0
24304,7.6018
24305,7.6018
24306,8.75
24307,7.0
24308,7.1538
24309,7.6018
24310,9.0
24311,7.6018
24312,7.5
24313,7.6018
24314,7.4
24315,7.6018
24316,7.5833
24317,8.0
24318,8.1637
24319,7.7778
24320,7.6018
24321,8.0
24322,7.0
24323,7.6
24324,7.6018
24325,7.6018
24326,7.9091
24327,9.0
24328,7.6018
24329,4.6667
24330,7.6018
24331,7.625
24332,7.6018
24333,8.2
24334,8.4762
24335,6.75
24336,7.6018
24337,7.0
24338,7.0
24339,8.0
24340,6.0
24341,8.0
24342,7.75
24343,7.6018
24344,8.1765
24345,7.6018
24346,7.6018
24347,8.4444
24348,7.6018
24349,7.6018
24350,10.0
24351,7.6018
24352,6.8889
24353,8.0
24354,7.6018
24355,7.8889
24356,8.0
24357,7.6018
24358,7.6018
24359,7.0
24360,8.125
24361,7.6018
24362,7.6018
24363,6.0
24364,8.0
24365,7.6364
24366,7.6018
24367,5.0
24368,7.6018
24369,7.6018
24370,7.0
24371,7.0
24372,7.6018
24373,8.6667
24374,7.6018
24375,7.9286
24376,8.1724
24377,7.0
24378,7.6018
24379,7.6018
24380,8.6
24381,7.0
24382,9.0
24383,7.125
24384,7.5
24385,7.6018
24386,8.2
24387,7.7045
24388,7.6667
24389,7.6018
24390,7.6018
24391,7.6018
24392,8.7857
24393,7.6018
24394,7.0
24395,7.2
24396,8.0
24397,7.0
24398,7.5714
24399,7.6018
24400,8.3
24401,7.3333
24402,8.5
24403,7.6018
24404,7.6018
24405,8.3273
24406,5.0
24407,8.5
24408,7.6018
24409,8.6
24410,7.4783
24411,8.0
24412,8.0303
24413,7.6018
24414,7.6018
24415,7.2222
24416,7.6018
24417,5.0
24418,7.6018
24419,6.9
24420,7.6018
24421,10.0
24422,7.6018
24423,7.7812
24424,7.6018
24425,9.5
24426,7.3333
24427,8.4615
24428,10.0
24429,7.6018
24430,7.2727
24431,4.3333
24432,7.6018
24433,10.0
24434,7.3548
24435,7.6018
24436,7.0
24437,8.0968
24438,6.8
24439,8.0
24440,7.6018
24441,7.6018
24442,7.3333
24443,7.6018
24444,7.6018
24445,8.2857
24446,7.6018
24447,7.2
24448,7.0
24449,7.75
24450,7.6018
24451,7.6018
24452,8.0
24453,6.75
24454,10.0
24455,8.2217
24456,7.6018
24457,7.6018
24458,6.0
24459,6.875
24460,8.8889
24461,8.6
24462,7.4
24463,7.6018
24464,8.0
24465,8.0
24466,4.1893
24467,7.6018
24468,7.6018
24469,7.6018
24470,8.1538
24471,7.6018
24472,9.0
24473,6.0
24474,7.6018
24475,7.2222
24476,7.6018
24477,10.0
24478,8.2222
24479,7.6018
24480,7.6018
24481,5.75
24482,7.6018
24483,8.2121
24484,7.6018
24485,8.6667
24486,7.0571
24487,6.6111
24488,8.0
24489,7.6018
24490,7.6018
24491,9.0
24492,7.6018
24493,8.0
24494,7.1667
24495,7.6018
24496,7.8
24497,8.5455
24498,9.0
24499,7.5362
24500,9.25
24501,7.6018
24502,7.5
24503,7.6018
24504,7.6018
24505,7.6018
24506,8.0
24507,7.6018
24508,7.6018
24509,7.6018
24510,7.9048
24511,10.0
24512,7.6018
24513,7.6018
24514,7.6018
24515,7.6018
24516,7.5
24517,6.6667
24518,7.6018
24519,7.6018
24520,7.6018
24521,7.6018
24522,7.6018
24523,7.9286
24524,7.6018
24525,7.0571
24526,7.6018
24527,7.6018
24528,7.6018
24529,7.6018
24530,8.5
24531,7.9615
24532,7.0
24533,7.6018
24534,7.6018
24535,7.6018
24536,7.6018
24537,7.6018
24538,7.6018
24539,8.32
24540,8.4444
24541,4.1893
24542,7.6667
24543,9.0
24544,7.75
24545,8.4333
24546,7.6018
24547,7.5
24548,7.6018
24549,7.6018
24550,7.6018
24551,7.7826
24552,8.0
24553,7.6018
24554,7.6018
24555,9.2
24556,7.6018
24557,7.871
24558,9.3333
24559,7.6018
24560,7.6018
24561,9.5
24562,8.2414
24563,7.7045
24564,7.6018
24565,7.8667
24566,6.875
24567,8.5
24568,7.0
24569,7.2
24570,5.9167
24571,7.625
24572,8.0
24573,9.0
24574,7.0
24575,6.75
24576,7.6018
24577,8.0
24578,7.6018
24579,7.6018
24580,7.6018
24581,7.6018
24582,7.6018
24583,7.6018
24584,7.67
24585,7.6018
24586,8.0
24587,8.0
24588,7.8571
24589,7.6018
24590,7.6018
24591,7.75
24592,7.6018
24593,7.0
24594,7.3778
24595,5.0
24596,9.0
24597,5.0
24598,9.0
24599,7.4958
24600,9.125
24601,8.0
24602,7.6018
24603,8.2222
24604,7.6018
24605,8.0
24606,7.6018
24607,9.0
24608,7.6018
24609,7.6018
24610,7.6018
24611,8.25
24612,7.4737
24613,7.5
24614,5.0
24615,7.0
24616,7.6018
24617,7.3333
24618,7.6018
24619,10.0
24620,6.0
24621,4.1893
24622,7.6018
24623,7.6018
24624,8.6667
24625,7.6018
24626,6.0
24627,7.3333
24628,7.6018
24629,7.6018
24630,6.5
24631,8.0
24632,8.2121
24633,7.7857
24634,3.0
24635,7.6018
24636,7.9545
24637,8.0
24638,7.6018
24639,7.0
24640,7.6667
24641,7.6018
24642,8.1429
24643,8.3333
24644,7.6018
24645,7.9091
24646,7.6018
24647,8.5
24648,7.6018
24649,7.6018
24650,6.0667
24651,7.6018
24652,8.4333
24653,9.0
24654,6.4
24655,6.0
24656,7.6018
24657,7.6018
24658,7.5
24659,7.6018
24660,9.2
24661,7.3778
24662,6.3684
24663,8.0
24664,7.6018
24665,8.7
24666,7.6018
24667,7.8519
24668,7.6018
24669,8.2414
24670,7.6018
24671,7.6018
24672,10.0
24673,8.0
24674,7.6018
24675,7.3235
24676,7.8182
24677,7.6018
24678,7.6018
24679,6.3333
24680,7.6018
24681,7.6018
24682,7.6018
24683,7.6018
24684,7.6018
24685,7.6018
24686,7.9412
24687,7.6018
24688,7.6018
24689,8.0
24690,7.6018
24691,7.6018
24692,7.6018
24693,7.0571
24694,7.6018
24695,4.0
24696,9.0
24697,7.6018
24698,7.6018
24699,7.6018
24700,7.6018
24701,8.2857
24702,7.0
24703,7.6018
24704,7.6018
24705,7.6018
24706,8.8889
24707,7.6018
24708,7.6018
24709,7.6018
24710,7.6018
24711,9.0
24712,8.0
24713,9.1
24714,5.0
24715,9.5
24716,7.6018
24717,7.6018
24718,7.5312
24719,8.6667
24720,7.4483
24721,7.6018
24722,7.6018
24723,7.6018
24724,7.6018
24725,7.6018
24726,8.5833
24727,7.6018
24728,7.125
24729,7.6018
24730,7.6018
24731,9.6667
24732,9.0
24733,7.6018
24734,7.6829
24735,8.0
24736,6.3571
24737,5.6667
24738,7.4
24739,7.6018
24740,7.6667
24741,7.6018
24742,9.2727
24743,7.8125
24744,8.0
24745,5.0
24746,7.6018
24747,7.6018
24748,7.5
24749,6.0
24750,7.6018
24751,8.4694
24752,7.6018
24753,7.6018
24754,8.2121
24755,7.6018
24756,8.2778
24757,7.0
24758,7.6018
24759,7.625
24760,6.0
24761,8.0
24762,7.6018
24763,7.5263
24764,6.9595
24765,6.0556
24766,7.5312
24767,5.6
24768,7.6842
24769,5.75
24770,7.6018
24771,7.6018
24772,7.6018
24773,10.0
24774,6.8
24775,7.6018
24776,7.6018
24777,7.6018
24778,7.5
24779,7.6018
24780,7.6018
24781,8.0
24782,7.6018
24783,7.6018
24784,7.6018
24785,7.6018
24786,8.2353
24787,7.6018
24788,10.0
24789,7.6018
24790,8.3077
24791,8.1765
24792,7.5
24793,7.6018
24794,7.6018
24795,8.5556
24796,5.0
24797,8.1667
24798,8.3077
24799,6.7273
24800,8.0
24801,8.4167
24802,7.1463
24803,7.0
24804,6.0
24805,8.9333
24806,7.6018
24807,7.6018
24808,7.6018
24809,7.0
24810,8.1905
24811,8.2
24812,7.5
24813,7.0
24814,7.6018
24815,7.6018
24816,7.6018
24817,8.092
24818,7.6018
24819,7.8125
24820,7.9375
24821,7.6018
24822,9.0
24823,10.0
24824,7.3333
24825,7.6018
24826,5.0
24827,7.6018
24828,7.1013
24829,7.6018
24830,5.0
24831,5.5
24832,7.75
24833,7.6018
24834,8.0
24835,8.0
24836,9.0
24837,7.7692
24838,9.0
24839,7.6018
24840,7.6018
24841,7.0
24842,8.5
24843,7.6018
24844,7.6018
24845,7.6018
24846,7.6018
24847,7.0
24848,7.2667
24849,8.0
24850,3.0
24851,8.0
24852,3.0
24853,7.6018
24854,8.0
24855,7.5424
24856,9.3333
24857,7.6
24858,8.0
24859,7.6018
24860,8.0
24861,10.0
24862,7.6018
24863,8.0
24864,7.6018
24865,7.2857
24866,7.6018
24867,4.1893
24868,7.6018
24869,8.35
24870,6.3333
24871,6.0
24872,5.0
24873,10.0
24874,7.1923
24875,7.6018
24876,6.0
24877,7.0
24878,6.8182
24879,7.6018
24880,7.7895
24881,7.6667
24882,9.0
24883,5.3333
24884,6.7778
24885,7.6018
24886,7.6018
24887,6.0
24888,9.0
24889,7.6018
24890,7.6018
24891,7.6018
24892,6.6667
24893,8.4667
24894,7.7447
24895,7.6018
24896,7.6018
24897,8.0
24898,7.5
24899,7.6018
24900,7.6018
24901,6.0
24902,7.6018
24903,8.2727
24904,5.0
24905,4.0
24906,6.7692
24907,7.6018
24908,9.0862
24909,7.6018
24910,8.6667
24911,8.0
24912,9.0
24913,7.6018
24914,9.0
24915,7.3778
24916,8.1842
24917,9.0
24918,8.5
24919,7.6018
24920,7.6018
24921,7.6018
24922,7.6018
24923,7.6
24924,6.9444
24925,7.5
24926,7.5
24927,8.0
24928,10.0
24929,7.6018
24930,8.092
24931,5.0
24932,7.6018
24933,7.0571
24934,9.0
24935,7.5294
24936,5.0
24937,7.6018
24938,7.6018
24939,7.6018
24940,7.6018
24941,8.6
24942,7.5333
24943,7.6018
24944,7.6018
24945,7.6018
24946,7.6018
24947,7.6018
24948,6.0
24949,8.4
24950,7.6018
24951,7.6018
24952,7.5
24953,7.6018
24954,8.2217
24955,8.0
24956,7.4328
24957,7.0
24958,7.6111
24959,7.6018
24960,8.2
24961,7.1013
24962,7.5625
24963,6.5
24964,7.6667
24965,8.6667
24966,7.6018
24967,7.0
24968,8.0
24969,7.5217
24970,7.6018
24971,8.4694
24972,8.0
24973,7.5
24974,7.6018
24975,6.5625
24976,6.0
24977,7.6757
24978,7.6018
24979,8.0
24980,7.6018
24981,6.5
24982,7.6018
24983,7.6018
24984,8.2
24985,7.6018
24986,7.6018
24987,7.6018
24988,7.1071
24989,7.6018
24990,8.6111
24991,7.6018
24992,8.0
24993,7.6018
24994,7.6018
24995,7.6018
24996,7.6018
24997,8.375
24998,7.6018
24999,7.6018
25000,7.6018
25001,7.0
25002,7.6018
25003,7.0
25004,7.6018
25005,7.4286
25006,7.6018
25007,8.2727
25008,7.6018
25009,10.0
25010,7.6018
25011,7.6018
25012,7.6018
25013,9.7692
25014,5.0
25015,7.6018
25016,8.3333
25017,10.0
25018,7.6018
25019,7.6018
25020,7.6018
25021,7.6018
25022,7.6018
25023,6.25
25024,5.0
25025,7.6018
25026,7.6018
25027,7.6018
25028,7.6018
25029,6.9595
25030,7.6018
25031,7.3333
25032,7.6018
25033,8.25
25034,9.2
25035,7.1111
25036,8.3333
25037,7.6018
25038,7.0
25039,9.0
25040,5.0
25041,9.0
25042,7.6018
25043,7.6018
25044,6.9595
25045,7.5362
25046,7.9375
25047,7.0
25048,7.8333
25049,9.0
25050,8.25
25051,7.75
25052,7.3571
25053,7.5
25054,7.6018
25055,7.6018
25056,7.6018
25057,8.1429
25058,4.1893
25059,8.2857
25060,7.0
25061,8.2857
25062,7.2162
25063,7.4545
25064,10.0
25065,6.3333
25066,8.0
25067,9.0
25068,8.0
25069,9.0
25070,9.0
25071,8.0
25072,8.7
25073,7.6018
25074,7.3333
25075,7.5
25076,8.4
25077,7.1429
25078,7.7348
25079,6.3333
25080,7.7273
25081,7.6018
25082,7.6018
25083,8.0
25084,7.6018
25085,4.1893
25086,7.75
25087,8.1
25088,7.6018
25089,6.97
25090,8.0652
25091,7.6018
25092,7.6667
25093,8.1724
25094,7.5
25095,7.6018
25096,7.6018
25097,8.0
25098,7.6018
25099,8.2
25100,9.0
25101,7.6018
25102,7.8333
25103,7.5217
25104,7.0
25105,6.8333
25106,7.3333
25107,7.6018
25108,7.6018
25109,6.0
25110,7.6018
25111,5.0
25112,7.9615
25113,8.0
25114,8.25
25115,7.5294
25116,7.6018
25117,8.2632
25118,8.0
25119,7.6018
25120,6.9167
25121,7.6018
25122,7.6018
25123,9.2
25124,7.6018
25125,8.3
25126,7.6018
25127,7.6018
25128,7.6018
25129,7.6018
25130,7.6667
25131,7.6018
25132,7.6018
25133,5.0
25134,10.0
25135,7.6018
25136,7.8125
25137,7.6018
25138,7.5
25139,7.9561
25140,7.6018
25141,7.4615
25142,7.908
25143,8.5
25144,7.0
25145,7.6018
25146,7.6018
25147,7.6018
25148,7.6018
25149,8.5625
25150,8.6182
25151,7.5312
25152,7.6018
25153,7.6
25154,7.6018
25155,7.6018
25156,7.5
25157,8.1519
25158,7.6018
25159,10.0
25160,8.0
25161,7.6018
25162,7.5
25163,8.25
25164,7.4659
25165,7.6018
25166,8.1923
25167,7.6018
25168,7.5424
25169,7.4
25170,7.6018
25171,7.8125
25172,8.5
25173,9.0
25174,6.6
25175,6.625
25176,7.6018
25177,7.75
25178,6.6667
25179,7.9437
25180,8.0
25181,9.5333
25182,7.6018
25183,7.6018
25184,7.6018
25185,7.6018
25186,7.6018
25187,7.0
25188,8.0
25189,8.2778
25190,6.6
25191,7.6018
25192,7.6667
25193,8.0526
25194,7.6018
25195,7.6018
25196,7.6018
25197,7.5263
25198,7.6018
25199,8.3793
25200,7.6018
25201,10.0
25202,7.6018
25203,7.6018
25204,7.6018
25205,7.3333
25206,7.75
25207,8.6667
25208,5.0
25209,7.5135
25210,7.7667
25211,7.6018
25212,7.6296
25213,7.6018
25214,7.6018
25215,8.25
25216,6.6
25217,7.6018
25218,7.6018
25219,7.6018
25220,4.75
25221,6.9565
25222,7.6018
25223,7.6018
25224,5.0
25225,8.0
25226,9.3333
25227,7.6018
25228,8.0
25229,7.6018
25230,7.6018
25231,7.6018
25232,6.6
25233,7.6018
25234,8.0652
25235,7.5
25236,7.6018
25237,9.2
25238,7.7727
25239,7.6018
25240,7.6018
25241,7.2444
25242,8.0
25243,7.3191
25244,7.0
25245,8.1765
25246,7.6018
25247,7.6018
25248,7.6018
25249,7.5
25250,7.6018
25251,10.0
25252,7.6018
25253,7.6018
25254,9.0
25255,7.6018
25256,8.5
25257,7.6018
25258,8.3846
25259,7.6018
25260,7.5833
25261,7.6018
25262,7.5294
25263,7.6018
25264,9.5
25265,10.0
25266,7.6018
25267,6.9792
25268,8.0
25269,6.875
25270,7.6018
25271,7.3235
25272,7.6018
25273,7.6018
25274,7.6018
25275,7.6667
25276,7.6018
25277,8.0
25278,7.0
25279,7.9231
25280,7.6018
25281,7.9091
25282,6.3333
25283,5.875
25284,8.1637
25285,7.6018
25286,7.1923
25287,8.0417
25288,7.4821
25289,10.0
25290,7.6018
25291,6.6667
25292,8.0513
25293,8.0
25294,7.6018
25295,8.8
25296,10.0
25297,7.75
25298,7.6018
25299,7.6018
25300,8.5
25301,7.6018
25302,7.6018
25303,7.6018
25304,7.6018
25305,7.6018
25306,7.5
25307,7.6018
25308,7.6018
25309,8.0
25310,7.6018
25311,10.0
25312,7.6018
25313,8.2857
25314,6.0
25315,8.0
25316,7.6018
25317,8.6842
25318,7.75
25319,7.0
25320,7.6018
25321,7.2727
25322,8.0
25323,5.0
25324,6.6667
25325,9.0
25326,7.4783
25327,9.0
25328,7.5833
25329,7.4615
25330,8.5
25331,7.6667
25332,8.0
25333,7.7348
25334,7.9437
25335,7.4
25336,6.0
25337,9.0
25338,8.3333
25339,7.2453
25340,7.6018
25341,10.0
25342,9.0
25343,7.5758
25344,7.6018
25345,7.6018
25346,7.6018
25347,8.75
25348,7.67
25349,7.6018
25350,7.6018
25351,10.0
25352,8.0
25353,7.6018
25354,7.6018
25355,6.2
25356,7.6018
25357,6.75
25358,7.6018
25359,7.6018
25360,8.6182
25361,7.6018
25362,4.0
25363,8.4286
25364,7.75
25365,7.6018
25366,8.0
25367,7.6018
25368,7.6018
25369,7.3571
25370,7.6667
25371,4.0
25372,7.1013
25373,7.6018
25374,9.2
25375,8.0
25376,8.3333
25377,7.5
25378,7.1538
25379,7.0
25380,8.0
25381,8.3333
25382,7.6018
25383,7.6018
25384,9.0
25385,7.6018
25386,7.0667
25387,7.6018
25388,7.0
25389,7.908
25390,7.908
25391,7.6018
25392,8.5
25393,8.0
25394,7.6018
25395,7.6018
25396,7.6018
25397,8.0
25398,6.6667
25399,7.6018
25400,7.6018
25401,7.6018
25402,7.9286
25403,9.7
25404,7.0
25405,8.0
25406,7.6018
25407,7.6018
25408,7.6018
25409,7.6018
25410,8.0
25411,8.5
25412,8.75
25413,7.6667
25414,10.0
25415,7.6018
25416,5.2857
25417,8.6
25418,8.1765
25419,7.6018
25420,7.1
25421,7.6018
25422,9.5
25423,7.7812
25424,7.6018
25425,7.6018
25426,8.9375
25427,4.0
25428,6.5
25429,7.6018
25430,7.6018
25431,7.6018
25432,8.0
25433,6.9444
25434,7.1212
25435,7.6018
25436,6.0
25437,7.6018
25438,6.0
25439,8.5
25440,7.4706
25441,8.2857
25442,7.6018
25443,5.5
25444,8.0
25445,7.6018
25446,7.6018
25447,7.0
25448,8.6364
25449,6.5
25450,8.5
25451,7.6018
25452,7.6018
25453,8.4167
25454,7.6667
25455,10.0
25456,6.4545
25457,9.0
25458,7.6018
25459,7.7857
25460,6.0
25461,6.2727
25462,7.6018
25463,7.9518
25464,4.1893
25465,8.0
25466,7.6018
25467,5.0
25468,6.5
25469,7.0
25470,7.6018
25471,7.6018
25472,7.125
25473,8.6667
25474,7.6018
25475,7.625
25476,9.0
25477,10.0
25478,4.3333
25479,7.0571
25480,7.3333
25481,6.875
25482,7.6018
25483,7.6018
25484,4.5
25485,7.6018
25486,7.5
25487,8.0
25488,9.0
25489,7.6018
25490,7.6018
25491,8.0
25492,7.6018
25493,6.0
25494,9.5
25495,7.6018
25496,8.75
25497,7.6018
25498,7.36
25499,5.0
25500,8.2632
25501,9.0
25502,10.0
25503,6.4545
25504,8.3939
25505,10.0
25506,7.6018
25507,7.4545
25508,7.6018
25509,7.8125
25510,7.6018
25511,4.1893
25512,7.6018
25513,9.0
25514,7.0
25515,7.6018
25516,8.0
25517,7.6018
25518,7.8
25519,7.6018
25520,7.6897
25521,7.32
25522,8.0
25523,7.0
25524,7.5278
25525,7.6018
25526,7.6018
25527,7.6018
25528,7.6018
25529,7.6018
25530,8.25
25531,7.6018
25532,7.0588
25533,7.6018
25534,5.3333
25535,7.6018
25536,7.6018
25537,7.6018
25538,7.75
25539,8.1
25540,7.6018
25541,9.0
25542,7.6018
25543,7.6018
25544,6.6667
25545,7.6018
25546,9.0
25547,7.6018
25548,7.6018
25549,7.6018
25550,8.0
25551,7.6018
25552,8.0
25553,8.2217
25554,7.9118
25555,7.0
25556,7.6018
25557,7.6018
25558,8.5714
25559,7.6018
25560,7.5
25561,7.6018
25562,8.6
25563,7.6018
25564,7.7222
25565,7.5
25566,7.6018
25567,7.6018
25568,7.6018
25569,7.8627
25570,8.2222
25571,7.375
25572,7.0
25573,7.6018
25574,10.0
25575,5.0
25576,7.6018
25577,7.6018
25578,7.6018
25579,6.5
25580,8.1778
25581,7.6018
25582,7.6018
25583,8.0526
25584,8.0
25585,5.5
25586,8.5556
25587,9.6
25588,8.5
25589,7.7667
25590,9.0
25591,7.0
25592,6.75
25593,5.75
25594,8.092
25595,7.5417
25596,7.6018
25597,8.0
25598,7.6018
25599,7.6018
25600,7.6018
25601,7.6018
25602,7.6018
25603,7.6018
25604,8.0
25605,8.0
25606,9.0
25607,7.25
25608,7.6018
25609,7.6018
25610,7.6018
25611,7.9231
25612,7.6018
25613,7.6018
25614,7.1013
25615,7.6018
25616,8.1637
25617,7.0
25618,7.6018
25619,7.6018
25620,7.6018
25621,8.3333
25622,7.4
25623,7.6018
25624,8.5
25625,10.0
25626,7.6018
25627,7.6018
25628,8.25
25629,7.6018
25630,7.6018
25631,7.5
25632,7.0
25633,7.6018
25634,7.6018
25635,7.6018
25636,7.6018
25637,7.6018
25638,6.8889
25639,7.6
25640,7.4958
25641,9.0
25642,7.5
25643,7.7273
25644,7.6018
25645,7.6018
25646,7.6018
25647,7.6018
25648,7.6018
25649,7.6018
25650,7.5
25651,8.3846
25652,6.0
25653,6.7143
25654,5.0
25655,7.6018
25656,9.3333
25657,7.6018
25658,7.6018
25659,7.9048
25660,7.6018
25661,8.0
25662,7.75
25663,6.0
25664,8.1429
25665,9.2222
25666,7.6018
25667,7.6018
25668,6.5
25669,7.6018
25670,6.5
25671,4.5
25672,7.9474
25673,7.7692
25674,7.8
25675,10.0
25676,7.6018
25677,7.8936
25678,8.3333
25679,8.35
25680,7.0
25681,8.2857
25682,7.6018
25683,8.1667
25684,7.5833
25685,5.0
25686,7.6018
25687,7.5
25688,7.6018
25689,7.6018
25690,7.6018
25691,7.6018
25692,7.6018
25693,7.6018
25694,7.6018
25695,7.8125
25696,8.0
25697,7.6018
25698,5.3333
25699,8.1667
25700,10.0
25701,7.6018
25702,7.6018
25703,8.0
25704,7.6018
25705,7.6018
25706,4.5
25707,7.6018
25708,7.6018
25709,7.6018
25710,3.0
25711,7.6018
25712,7.6018
25713,7.4444
25714,7.0
25715,7.6018
25716,7.0435
25717,7.0
25718,5.0
25719,7.6018
25720,7.6018
25721,7.6018
25722,7.6018
25723,10.0
25724,7.6018
25725,7.6018
25726,9.2857
25727,7.0
25728,8.4
25729,9.0
25730,7.6018
25731,6.0
25732,6.0
25733,10.0
25734,7.3
25735,10.0
25736,7.6018
25737,6.0
25738,7.6018
25739,7.6018
25740,8.3333
25741,7.7348
25742,7.3333
25743,10.0
25744,7.6018
25745,7.0
25746,9.0
25747,7.3333
25748,8.125
25749,7.6018
25750,7.6018
25751,8.0
25752,6.3333
25753,8.8182
25754,7.6018
25755,7.6018
25756,7.6018
25757,7.5
25758,7.8
25759,6.5
25760,7.6018
25761,7.6018
25762,4.0
25763,7.6018
25764,7.6018
25765,7.6018
25766,7.8
25767,7.6018
25768,8.2217
25769,8.4286
25770,9.0
25771,7.0
25772,7.6018
25773,7.6018
25774,6.4444
25775,7.6018
25776,8.25
25777,7.6018
25778,10.0
25779,7.0
25780,7.3125
25781,8.4167
25782,7.5
25783,7.6018
25784,7.6018
25785,7.6018
25786,7.8182
25787,7.75
25788,8.12
25789,7.6018
25790,7.6018
25791,7.0
25792,10.0
25793,7.6018
25794,7.6018
25795,7.25
25796,10.0
25797,7.6018
25798,10.0
25799,7.4667
25800,7.3529
25801,8.0476
25802,8.5
25803,7.6018
25804,7.6018
25805,7.1163
25806,7.5
25807,7.6018
25808,6.9595
25809,7.6018
25810,7.0
25811,10.0
25812,7.6018
25813,7.6018
25814,9.0
25815,7.6018
25816,7.6018
25817,6.6667
25818,8.0
25819,7.6018
25820,7.0
25821,6.97
25822,8.0
25823,7.0
25824,8.3636
25825,7.6018
25826,7.6018
25827,7.6018
25828,7.6018
25829,7.6018
25830,7.6018
25831,7.6018
25832,8.0
25833,10.0
25834,7.3333
25835,7.5
25836,8.092
25837,7.641
25838,7.6018
25839,4.1893
25840,6.45
25841,7.6018
25842,7.6018
25843,9.0
25844,7.6018
25845,7.6018
25846,7.6018
25847,8.1519
25848,7.6018
25849,7.6018
25850,7.0
25851,7.6018
25852,7.5
25853,7.6018
25854,10.0
25855,8.2414
25856,7.6018
25857,7.6018
25858,7.4328
25859,9.0
25860,7.6018
25861,7.6018
25862,7.0
25863,8.0652
25864,7.6018
25865,8.0
25866,7.6018
25867,7.0
25868,9.0
25869,7.0
25870,8.0
25871,4.6667
25872,7.0
25873,6.8333
25874,7.6018
25875,7.6018
25876,7.6018
25877,7.88
25878,7.6018
25879,8.4545
25880,9.0
25881,7.9437
25882,7.6018
25883,9.0
25884,7.6
25885,8.2
25886,7.6018
25887,7.0
25888,7.6296
25889,7.8065
25890,7.4
25891,8.0
25892,7.6018
25893,7.6018
25894,8.2217
25895,7.0
25896,7.6018
25897,7.2162
25898,7.6018
25899,7.0
25900,7.6667
25901,7.6018
25902,7.6018
25903,8.0
25904,7.6018
25905,8.5714
25906,7.6018
25907,7.5
25908,7.1429
25909,8.0
25910,10.0
25911,7.6018
25912,7.6018
25913,10.0
25914,7.9524
25915,7.9615
25916,8.0435
25917,7.5
25918,8.1765
25919,7.6018
25920,8.3333
25921,7.6018
25922,7.6018
25923,9.0
25924,8.4
25925,9.125
25926,6.0556
25927,7.6018
25928,7.6018
25929,8.2222
25930,7.6018
25931,7.6018
25932,8.0
25933,7.6018
25934,7.6018
25935,7.6018
25936,7.6018
25937,5.0
25938,7.0
25939,7.0
25940,7.75
25941,7.6018
25942,10.0
25943,7.6018
25944,6.2
25945,8.0
25946,7.6018
25947,7.6018
25948,8.0
25949,7.6018
25950,9.0
25951,5.0
25952,7.6018
25953,7.6018
25954,7.6018
25955,7.6018
25956,7.6018
25957,9.0
25958,7.6018
25959,7.6018
25960,8.2
25961,8.1637
25962,7.7667
25963,7.7447
25964,6.3333
25965,7.6018
25966,7.6018
25967,9.0
25968,7.7348
25969,9.0
25970,8.0
25971,8.0
25972,7.8333
25973,7.6018
25974,4.0
25975,8.9333
25976,7.6018
25977,7.6018
25978,7.6018
25979,7.6018
25980,7.6018
25981,6.0
25982,7.6018
25983,7.6018
25984,6.1667
25985,8.8065
25986,6.9091
25987,9.0
25988,7.0
25989,7.6018
25990,7.9518
25991,7.6018
25992,7.6018
25993,7.6018
25994,8.1637
25995,7.6018
25996,7.5714
25997,7.4958
25998,3.0
25999,6.0
26000,7.5
26001,10.0
26002,8.0
26003,8.0
26004,7.6018
26005,7.6018
26006,7.6018
26007,7.9508
26008,7.7059
26009,8.3333
26010,7.4958
26011,7.6018
26012,7.5789
26013,7.6018
26014,7.6018
26015,7.6018
26016,8.6
26017,8.8889
26018,8.5
26019,9.0
26020,8.6667
26021,8.0
26022,7.9189
26023,7.8333
26024,7.6018
26025,7.8125
26026,7.5
26027,9.2222
26028,7.9848
26029,7.6018
26030,6.6
26031,9.75
26032,10.0
26033,7.6018
26034,8.25
26035,7.0
26036,7.6667
26037,9.1667
26038,7.8182
26039,6.9167
26040,7.6018
26041,7.6018
26042,7.6018
26043,7.0
26044,6.0
26045,7.641
26046,9.2727
26047,10.0
26048,9.0
26049,7.6018
26050,7.6018
26051,7.6018
26052,5.5
26053,7.6018
26054,8.4333
26055,10.0
26056,7.88
26057,10.0
26058,7.0
26059,7.5217
26060,7.6667
26061,7.6018
26062,7.6018
26063,7.6018
26064,7.4286
26065,8.5
26066,5.0
26067,7.6018
26068,6.0
26069,7.0
26070,7.6018
26071,7.6018
26072,7.0
26073,7.3548
26074,7.0
26075,8.0
26076,9.0
26077,6.5
26078,7.6018
26079,7.6018
26080,7.5
26081,7.8667
26082,8.3273
26083,7.0
26084,9.2
26085,6.3333
26086,8.0
26087,7.6757
26088,7.6018
26089,7.8
26090,8.6667
26091,9.0
26092,7.6018
26093,7.6018
26094,8.12
26095,6.6667
26096,7.1111
26097,7.8125
26098,7.6018
26099,9.2727
26100,8.0
26101,7.6018
26102,7.6018
26103,7.0
26104,7.0
26105,5.0
26106,7.0
26107,7.6018
26108,7.6018
26109,7.5312
26110,7.0
26111,7.6018
26112,7.6018
26113,9.0
26114,9.0
26115,5.6667
26116,7.75
26117,8.6667
26118,8.25
26119,7.6018
26120,7.88
26121,7.5
26122,7.4615
26123,7.6018
26124,7.6018
26125,7.6018
26126,8.0526
26127,8.0
26128,8.0
26129,7.525
26130,7.0
26131,7.6018
26132,7.0
26133,7.4328
26134,7.6018
26135,7.5
26136,8.1875
26137,8.125
26138,7.6018
26139,3.0
26140,7.6018
26141,7.4706
26142,7.0
26143,7.6018
26144,7.8913
26145,7.6018
26146,8.0968
26147,7.6018
26148,8.0
26149,6.75
26150,7.6018
26151,7.6018
26152,7.6018
26153,8.0
26154,7.9615
26155,7.6018
26156,7.6018
26157,7.0
26158,7.6018
26159,7.6667
26160,7.3333
26161,7.5
26162,5.5
26163,8.8571
26164,8.0
26165,7.3548
26166,7.6018
26167,10.0
26168,7.6018
26169,8.1923
26170,7.3333
26171,7.6018
26172,7.717
26173,8.5
26174,7.1667
26175,6.8333
26176,7.6
26177,7.6018
26178,7.6018
26179,7.6018
26180,5.6667
26181,3.0
26182,7.6018
26183,7.8065
26184,7.6018
26185,7.6018
26186,7.6018
26187,7.6018
26188,7.6018
26189,7.6018
26190,7.0
26191,7.9189
26192,7.6018
26193,7.25
26194,7.6018
26195,6.0
26196,7.6018
26197,7.6018
26198,9.0
26199,9.5333
26200,7.3
26201,7.6018
26202,8.0
26203,8.2174
26204,7.5
26205,7.6018
26206,7.6018
26207,7.6018
26208,5.8333
26209,7.6018
26210,7.1463
26211,7.6018
26212,8.5
26213,7.6018
26214,7.6018
26215,7.6018
26216,8.3939
26217,7.6923
26218,7.36
26219,7.8519
26220,7.0
26221,7.5
26222,10.0
26223,7.6018
26224,7.9615
26225,10.0
26226,7.6018
26227,7.3
26228,8.0
26229,8.0
26230,7.6018
26231,7.6018
26232,8.0
26233,7.75
26234,7.6018
26235,7.0
26236,6.375
26237,7.1818
26238,7.6875
26239,9.0
26240,7.6018
26241,1.0
26242,6.97
26243,7.6018
26244,7.6018
26245,6.0
26246,7.6018
26247,7.6018
26248,7.6018
26249,7.9231
26250,7.4231
26251,7.6018
26252,8.0
26253,7.0
26254,5.0
26255,7.6018
26256,8.0
26257,9.0
26258,8.125
26259,7.6018
26260,7.6018
26261,7.0
26262,6.0
26263,6.0
26264,7.6018
26265,7.6018
26266,8.0
26267,7.6018
26268,7.4328
26269,7.5
26270,6.6667
26271,7.6018
26272,8.0
26273,8.375
26274,8.0
26275,8.0
26276,7.6018
26277,8.375
26278,7.7895
26279,8.0
26280,7.6018
26281,8.0769
26282,7.4286
26283,7.0
26284,7.6018
26285,7.6018
26286,9.0
26287,8.3
26288,7.6018
26289,7.6018
26290,7.0
26291,7.6018
26292,6.0
26293,7.6018
26294,7.2
26295,7.6018
26296,8.0
26297,7.6018
26298,7.0
26299,7.6018
26300,7.6018
26301,5.0
26302,7.1429
26303,8.0
26304,6.5938
26305,7.8333
26306,7.4167
26307,7.75
26308,5.5
26309,7.6018
26310,7.0
26311,8.5
26312,8.0
26313,10.0
26314,7.7348
26315,7.6018
26316,7.6018
26317,7.6018
26318,7.6018
26319,7.75
26320,8.2
26321,7.5
26322,7.9333
26323,8.25
26324,8.0909
26325,8.2222
26326,7.0
26327,7.6018
26328,7.6018
26329,7.6018
26330,7.8571
26331,8.0
26332,7.9487
26333,7.6018
26334,7.3333
26335,7.6018
26336,7.908
26337,7.6018
26338,7.5
26339,7.6018
26340,7.6018
26341,7.0
26342,8.2
26343,8.4333
26344,7.6018
26345,7.6018
26346,7.6018
26347,8.4286
26348,7.6018
26349,8.4762
26350,7.1111
26351,7.3778
26352,8.0
26353,7.75
26354,6.5429
26355,8.0
26356,8.0
26357,8.6
26358,7.6018
26359,7.6018
26360,7.0
26361,6.8
26362,7.6018
26363,7.6018
26364,7.6018
26365,7.4667
26366,7.6018
26367,8.6842
26368,8.0909
26369,7.6018
26370,7.6018
26371,8.3333
26372,6.5
26373,7.6018
26374,7.6018
26375,7.3333
26376,7.6018
26377,7.6018
26378,7.6018
26379,7.6018
26380,7.6018
26381,7.6018
26382,7.8333
26383,7.6018
26384,8.1778
26385,7.6018
26386,7.8333
26387,10.0
26388,7.6018
26389,7.6018
26390,7.5
26391,7.8333
26392,7.6018
26393,8.0
26394,4.1893
26395,7.6018
26396,7.6018
26397,6.6
26398,8.0
26399,7.2308
26400,9.0
26401,7.6018
26402,7.6018
26403,7.6018
26404,7.6018
26405,7.3125
26406,7.1538
26407,7.8182
26408,7.6018
26409,8.2217
26410,8.25
26411,8.0
26412,10.0
26413,8.0
26414,7.8
26415,6.0
26416,7.6018
26417,8.2222
26418,8.2121
26419,7.6018
26420,8.1905
26421,8.5
26422,7.5
26423,7.6018
26424,6.45
26425,7.6018
26426,8.5
26427,7.6018
26428,7.6018
26429,7.6018
26430,9.0
26431,6.6
26432,7.6018
26433,7.6018
26434,7.6018
26435,7.6018
26436,8.0
26437,7.6018
26438,8.2222
26439,7.6018
26440,7.6018
26441,7.6018
26442,7.6018
26443,7.6018
26444,7.8
26445,7.9231
26446,7.5714
26447,8.6
26448,8.0
26449,7.6018
26450,7.3333
26451,10.0
26452,7.6018
26453,7.2222
26454,8.5
26455,6.8889
26456,8.1667
26457,6.0
26458,9.0
26459,7.6018
26460,8.3333
26461,9.0
26462,7.6018
26463,9.0
26464,6.4545
26465,7.2727
26466,7.6018
26467,8.0
26468,7.6018
26469,8.4694
26470,7.6018
26471,7.6018
26472,7.2222
26473,7.717
26474,7.6018
26475,7.6018
26476,7.7333
26477,8.0
26478,8.2857
26479,7.5
26480,8.5
26481,7.6018
26482,6.6667
26483,8.2308
26484,8.3333
26485,8.7
26486,8.1923
26487,5.0
26488,7.525
26489,7.6018
26490,8.0652
26491,9.2222
26492,7.6018
26493,5.6667
26494,6.8966
26495,8.1637
26496,7.6018
26497,7.6018
26498,8.6667
26499,9.0
26500,4.6
26501,7.6018
26502,7.6018
26503,7.0
26504,9.0
26505,7.0
26506,7.6018
26507,6.0
26508,8.6667
26509,7.6018
26510,9.0
26511,7.6018
26512,6.0
26513,7.6018
26514,7.6018
26515,6.3333
26516,8.0
26517,7.6018
26518,7.6018
26519,8.7778
26520,8.4167
26521,7.6018
26522,7.6018
26523,7.4667
26524,9.0
26525,9.5
26526,6.6667
26527,7.6018
26528,7.6018
26529,7.6018
26530,7.6018
26531,7.25
26532,7.6018
26533,7.6018
26534,7.6018
26535,10.0
26536,9.0
26537,7.6018
26538,6.875
26539,7.6018
26540,7.6018
26541,8.0
26542,6.625
26543,8.5
26544,8.3
26545,8.6667
26546,8.1429
26547,7.6018
26548,9.0
26549,8.5556
26550,7.2941
26551,7.2453
26552,7.6018
26553,8.0
26554,6.0
26555,7.6018
26556,7.6018
26557,7.6018
26558,5.5
26559,9.0
26560,7.5
26561,6.97
26562,7.6757
26563,7.5
26564,7.6018
26565,7.6018
26566,7.1429
26567,7.6018
26568,8.2
26569,7.6018
26570,9.0
26571,9.0
26572,6.3333
26573,7.6018
26574,7.6018
26575,8.0
26576,8.0
26577,8.3273
26578,7.2
26579,7.6018
26580,6.5
26581,7.6018
26582,7.6018
26583,8.25
26584,7.6018
26585,7.6018
26586,6.0
26587,7.6018
26588,7.2444
26589,7.6018
26590,7.5
26591,8.25
26592,9.0
26593,7.6018
26594,7.6018
26595,7.6018
26596,7.6018
26597,8.0976
26598,8.6
26599,7.6018
26600,7.6018
26601,7.6018
26602,7.6018
26603,7.0909
26604,8.6667
26605,7.6018
26606,8.2414
26607,5.0
26608,7.5
26609,9.0
26610,7.6018
26611,7.6018
26612,7.5
26613,6.3333
26614,8.0435
26615,7.6018
26616,7.6018
26617,7.6018
26618,7.6018
26619,7.0435
26620,6.0909
26621,8.2857
26622,7.9518
26623,8.0
26624,7.6018
26625,9.2
26626,7.5278
26627,7.6018
26628,7.6018
26629,7.6018
26630,7.6018
26631,8.0
26632,7.6667
26633,7.0
26634,7.6018
26635,7.6018
26636,7.8182
26637,7.6018
26638,7.6018
26639,8.0
26640,6.5429
26641,7.6018
26642,7.5
26643,8.0
26644,7.6018
26645,7.6018
26646,9.0
26647,6.0
26648,6.8333
26649,7.6018
26650,8.0968
26651,6.2
26652,7.6018
26653,7.0
26654,4.5
26655,7.6018
26656,7.6018
26657,8.0
26658,7.8667
26659,7.6018
26660,7.6018
26661,7.6018
26662,8.0
26663,7.8333
26664,7.5
26665,7.5424
26666,7.0784
26667,7.6018
26668,5.3333
26669,7.6018
26670,8.125
26671,7.6018
26672,9.2222
26673,6.5833
26674,6.1667
26675,7.6018
26676,8.0345
26677,7.8
26678,7.6018
26679,7.0769
26680,6.4
26681,10.0
26682,8.0
26683,7.6018
26684,7.6018
26685,7.6018
26686,8.2857
26687,8.1429
26688,7.6018
26689,8.092
26690,7.6018
26691,7.6018
26692,6.7692
26693,7.4483
26694,7.6018
26695,6.8571
26696,5.0
26697,7.6018
26698,7.6018
26699,7.6018
26700,8.3333
26701,7.3333
26702,7.7
26703,7.4659
26704,7.6018
26705,8.1519
26706,8.6667
26707,7.6018
26708,7.6018
26709,7.8913
26710,7.6018
26711,8.4694
26712,8.3939
26713,7.9459
26714,7.6018
26715,9.0862
26716,7.6018
26717,7.6018
26718,7.6018
26719,7.6018
26720,8.3077
26721,7.8065
26722,7.6018
26723,7.6018
26724,6.5
26725,8.56
26726,7.8936
26727,7.875
26728,6.3333
26729,7.6018
26730,7.6018
26731,7.2
26732,7.6018
26733,7.9333
26734,7.6018
26735,5.75
26736,7.6018
26737,7.6667
26738,7.6018
26739,7.6018
26740,7.2
26741,7.6018
26742,7.6018
26743,7.0
26744,7.5
26745,7.32
26746,7.6667
26747,7.6018
26748,8.0
26749,9.0
26750,7.6018
26751,7.1667
26752,7.6018
26753,7.0
26754,7.6018
26755,7.8
26756,7.75
26757,7.6018
26758,8.4762
26759,7.6018
26760,7.6018
26761,9.5
26762,7.4444
26763,7.6018
26764,7.6018
26765,7.6018
26766,8.4
26767,7.6018
26768,8.8065
26769,7.6667
26770,7.6018
26771,9.5
26772,7.6018
26773,7.6018
26774,7.0
26775,8.5
26776,7.6018
26777,8.0
26778,9.0
26779,7.6018
26780,7.6018
26781,7.6018
26782,7.6018
26783,7.6018
26784,7.6018
26785,7.6018
26786,7.5
26787,7.0
26788,7.8
26789,7.6018
26790,7.6018
26791,7.8125
26792,7.6018
26793,8.0
26794,7.3
26795,10.0
26796,7.6018
26797,7.6018
26798,7.6018
26799,8.3636
26800,9.0
26801,8.0
26802,7.6018
26803,7.4706
26804,10.0
26805,6.1429
26806,8.5
26807,10.0
26808,7.6018
26809,8.0652
26810,7.6018
26811,7.6018
26812,8.0
26813,6.5
26814,7.5
26815,7.0
26816,8.0
26817,7.2444
26818,8.4
26819,7.6018
26820,6.8571
26821,7.3333
26822,7.6018
26823,7.6018
26824,7.6018
26825,7.6018
26826,8.1637
26827,9.0
26828,8.0
26829,9.0
26830,7.5294
26831,7.6018
26832,7.5
26833,8.0
26834,10.0
26835,8.5
26836,8.6667
26837,5.0
26838,8.5
26839,10.0
26840,8.0
26841,9.0
26842,8.1538
26843,7.0
26844,7.0
26845,7.6018
26846,7.0
26847,7.6018
26848,7.908
26849,7.0
26850,7.6018
26851,6.0625
26852,10.0
26853,7.6018
26854,8.3333
26855,8.0
26856,8.2857
26857,7.4
26858,7.5
26859,7.2609
26860,8.3333
26861,7.6018
26862,8.2
26863,7.88
26864,7.6018
26865,7.8333
26866,7.717
26867,7.6018
26868,7.6018
26869,7.7348
26870,7.6667
26871,6.0
26872,7.0
26873,7.5238
26874,8.1818
26875,8.5714
26876,9.5
26877,8.56
26878,7.6018
26879,7.5
26880,6.0
26881,7.2
26882,6.0
26883,7.6018
26884,7.6018
26885,7.4375
26886,7.6018
26887,7.6018
26888,7.6018
26889,7.6018
26890,7.6018
26891,7.6018
26892,7.6018
26893,7.6018
26894,8.5385
26895,7.5556
26896,8.0
26897,9.2727
26898,7.6018
26899,7.7119
26900,9.0
26901,8.0
26902,7.6018
26903,5.0
26904,8.0435
26905,7.0
26906,4.5
26907,8.0
26908,7.0
26909,9.0
26910,8.25
26911,8.1842
26912,3.0
26913,7.6018
26914,7.6018
26915,7.6667
26916,7.6018
26917,8.0
26918,8.25
26919,8.0
26920,8.0
26921,7.25
26922,7.6018
26923,7.6018
26924,8.3793
26925,7.6018
26926,7.5
26927,7.6018
26928,7.6018
26929,8.0
26930,7.6018
26931,8.1637
26932,7.25
26933,7.25
26934,6.0
26935,8.5
26936,7.6018
26937,7.0
26938,7.6018
26939,7.6018
26940,6.25
26941,6.0
26942,7.2
26943,7.6018
26944,5.0
26945,7.6018
26946,7.6018
26947,7.6018
26948,5.2857
26949,6.4
26950,7.6018
26951,9.0
26952,4.6667
26953,7.6018
26954,7.6018
26955,8.2217
26956,7.6018
26957,8.0417
26958,8.0
26959,7.0
26960,7.6018
26961,9.0
26962,7.6018
26963,10.0
26964,7.125
26965,9.0
26966,9.0
26967,7.6018
26968,7.6018
26969,7.3235
26970,9.0
26971,9.5714
26972,7.0
26973,8.0652
26974,7.6018
26975,7.6018
26976,7.1429
26977,7.1667
26978,9.0
26979,7.6018
26980,9.0
26981,7.2727
26982,7.6018
26983,6.6667
26984,7.6018
26985,7.6018
26986,8.2
26987,7.6018
26988,7.6018
26989,7.0
26990,7.0
26991,7.6018
26992,7.4
26993,7.6018
26994,7.6018
26995,7.6018
26996,5.0
26997,7.6018
26998,6.5
26999,8.0
27000,7.4958
27001,7.6018
27002,8.0
27003,7.6018
27004,8.1
27005,5.0
27006,8.5
27007,7.0
27008,7.6018
27009,7.6018
27010,8.0
27011,7.6018
27012,6.9595
27013,8.3793
27014,7.6018
27015,7.6018
27016,6.5833
27017,5.0
27018,10.0
27019,9.2
27020,7.6018
27021,6.0
27022,7.6018
27023,7.0
27024,8.0435
27025,7.6018
27026,8.2174
27027,7.0
27028,7.88
27029,7.6018
27030,8.0
27031,7.8571
27032,7.4659
27033,7.6018
27034,6.9333
27035,7.6154
27036,7.6018
27037,7.0
27038,6.8
27039,7.6018
27040,7.6018
27041,7.6018
27042,7.0
27043,9.0862
27044,7.6667
27045,5.6667
27046,7.6018
27047,7.2857
27048,7.8
27049,6.5
27050,7.6018
27051,7.0
27052,10.0
27053,7.6018
27054,8.4
27055,10.0
27056,7.6018
27057,8.0968
27058,7.6018
27059,7.6018
27060,7.5263
27061,6.0
27062,7.6018
27063,8.6667
27064,5.0
27065,7.8462
27066,10.0
27067,7.6018
27068,10.0
27069,7.6018
27070,8.092
27071,8.04
27072,7.6018
27073,6.6667
27074,8.4444
27075,7.6018
27076,9.5
27077,7.3548
27078,8.9333
27079,7.8571
27080,6.5
27081,7.75
27082,7.75
27083,7.9508
27084,5.6667
27085,7.0
27086,7.5
27087,7.625
27088,6.5
27089,8.7
27090,8.0
27091,7.6018
27092,7.6018
27093,8.5333
27094,7.6018
27095,8.9091
27096,8.8
27097,7.6018
27098,6.0
27099,7.6018
27100,7.5135
27101,7.6018
27102,7.6018
27103,7.6018
27104,7.6018
27105,9.0
27106,7.6018
27107,10.0
27108,9.1818
27109,5.0
27110,7.6018
27111,7.625
27112,8.0
27113,7.6018
27114,5.6667
27115,5.0
27116,7.6018
27117,7.6018
27118,7.6018
27119,8.6667
27120,8.0
27121,7.6018
27122,8.2121
27123,7.0
27124,7.6018
27125,8.0
27126,8.3333
27127,7.2162
27128,7.4
27129,7.6018
27130,8.2
27131,7.6018
27132,10.0
27133,7.6018
27134,7.6018
27135,7.3333
27136,7.6018
27137,7.6018
27138,7.9118
27139,7.6018
27140,7.6018
27141,7.6018
27142,7.6018
27143,7.6018
27144,7.6018
27145,7.6018
27146,8.4694
27147,8.0
27148,7.6018
27149,8.2308
27150,8.0
27151,5.0
27152,7.6018
27153,7.6018
27154,7.6018
27155,8.0
27156,7.0
27157,7.6018
27158,10.0
27159,3.0
27160,8.9375
27161,8.35
27162,7.6018
27163,7.8148
27164,7.6018
27165,7.6018
27166,7.6018
27167,7.6018
27168,7.75
27169,7.6018
27170,7.0
27171,7.6018
27172,8.5
27173,8.3077
27174,7.8571
27175,7.6018
27176,8.0
27177,10.0
27178,8.0
27179,7.6018
27180,7.6018
27181,7.6018
27182,7.6018
27183,7.6667
27184,9.0
27185,7.6018
27186,5.6
27187,7.6018
27188,8.56
27189,7.6018
27190,7.6018
27191,7.6018
27192,9.3333
27193,10.0
27194,7.6018
27195,8.1667
27196,7.6018
27197,8.6667
27198,9.8
27199,8.0513
27200,7.6018
27201,5.0
27202,8.0
27203,7.5
27204,7.6018
27205,7.6018
27206,7.5
27207,3.0
27208,7.6018
27209,7.5
27210,7.6018
27211,7.8
27212,7.3333
27213,7.6018
27214,7.6018
27215,7.6018
27216,8.6667
27217,7.6018
27218,7.6018
27219,7.0
27220,5.875
27221,7.6018
27222,5.0
27223,7.6018
27224,7.8
27225,8.1519
27226,7.6018
27227,8.1
27228,7.75
27229,7.6018
27230,9.2
27231,7.6018
27232,8.3793
27233,7.6018
27234,7.6018
27235,7.6018
27236,7.6018
27237,10.0
27238,9.0
27239,6.3333
27240,6.75
27241,6.5
27242,9.0
27243,8.0
27244,7.0
27245,7.0
27246,8.4
27247,6.4286
27248,8.0
27249,9.0
27250,7.6018
27251,5.0
27252,7.6018
27253,6.0
27254,7.3333
27255,7.6018
27256,7.6018
27257,7.6018
27258,8.3846
27259,8.0
27260,7.5
27261,7.4545
27262,7.6018
27263,7.3333
27264,6.0
27265,7.6018
27266,7.6018
27267,7.6018
27268,8.6842
27269,7.6018
27270,7.6018
27271,7.6018
27272,7.0
27273,8.45
27274,9.5
27275,7.6018
27276,7.1
27277,8.5
27278,7.6018
27279,7.6018
27280,7.6018
27281,7.6018
27282,7.6018
27283,9.0
27284,8.0
27285,7.6018
27286,9.5
27287,7.6018
27288,7.6018
27289,4.1893
27290,5.0
27291,7.6018
27292,10.0
27293,6.5
27294,5.0
27295,7.3333
27296,9.0862
27297,7.9091
27298,7.6018
27299,7.6018
27300,7.6018
27301,9.0
27302,7.6018
27303,8.5556
27304,8.6667
27305,7.6018
27306,7.5556
27307,8.125
27308,7.6923
27309,7.6018
27310,9.0
27311,8.1923
27312,7.875
27313,7.6018
27314,7.6018
27315,7.6018
27316,7.6018
27317,7.6018
27318,7.6018
27319,7.6018
27320,7.6018
27321,7.6018
27322,5.2857
27323,7.8182
27324,7.5
27325,7.6018
27326,7.6018
27327,8.0
27328,9.25
27329,7.0
27330,9.0
27331,6.0
27332,7.6018
27333,7.9518
27334,7.0
27335,7.6018
27336,7.6018
27337,7.0
27338,7.6018
27339,7.6018
27340,7.6018
27341,7.6018
27342,7.5455
27343,8.1667
27344,7.6018
27345,8.0
27346,7.6018
27347,7.6018
27348,7.0
27349,8.0
27350,9.0
27351,7.6018
27352,7.6018
27353,7.0
27354,10.0
27355,7.6018
27356,8.4545
27357,7.6018
27358,7.6018
27359,8.0
27360,10.0
27361,7.6018
27362,7.3333
27363,10.0
27364,8.5385
27365,6.0
27366,7.6018
27367,7.4286
27368,7.6018
27369,7.6018
27370,5.3333
27371,6.0
27372,7.6018
27373,7.6018
27374,7.5362
27375,7.6018
27376,8.0
27377,7.6018
27378,6.8571
27379,7.6018
27380,7.6018
27381,9.0
27382,6.5
27383,8.1637
27384,9.25
27385,6.45
27386,7.0
27387,7.6018
27388,7.6018
27389,6.8333
27390,7.0
27391,7.6018
27392,5.6667
27393,8.2857
27394,7.75
27395,8.0
27396,9.5
27397,7.6018
27398,9.0
27399,8.0652
27400,7.0
27401,8.375
27402,10.0
27403,7.5417
27404,7.9474
27405,7.7222
27406,7.1923
27407,8.56
27408,10.0
27409,8.2121
27410,8.0
27411,7.8
27412,8.56
27413,7.0
27414,7.6018
27415,8.1176
27416,9.0
27417,10.0
27418,7.6018
27419,7.6018
27420,8.0
27421,7.0
27422,7.6018
27423,7.6018
27424,8.0
27425,7.7692
27426,7.1
27427,7.5135
27428,7.6018
27429,8.3333
27430,7.6018
27431,7.625
27432,7.6452
27433,7.6018
27434,6.625
27435,7.6018
27436,5.0
27437,7.6018
27438,9.5
27439,6.9444
27440,3.0
27441,7.6018
27442,7.6018
27443,7.6018
27444,8.2222
27445,9.0
27446,8.0
27447,7.525
27448,7.6018
27449,7.0
27450,7.6018
27451,7.6757
27452,7.6018
27453,7.6018
27454,10.0
27455,7.6018
27456,9.0
27457,7.0
27458,7.8
27459,6.75
27460,8.625
27461,5.5
27462,7.6018
27463,7.6018
27464,7.6018
27465,8.25
27466,8.5
27467,7.6018
27468,8.1637
27469,8.4
27470,7.6018
27471,7.6018
27472,9.0
27473,7.7348
27474,7.6018
27475,7.6018
27476,9.5
27477,8.0
27478,7.6018
27479,7.6018
27480,7.4
27481,7.6018
27482,8.0
27483,7.6018
27484,7.0
27485,8.7667
27486,8.0
27487,7.6018
27488,7.6018
27489,7.6018
27490,8.2
27491,7.9437
27492,7.0435
27493,7.3333
27494,7.6018
27495,7.2381
27496,6.5556
27497,6.3684
27498,5.5625
27499,8.0
27500,7.6018
27501,7.0
27502,7.6018
27503,6.6
27504,7.1923
27505,6.8
27506,9.0
27507,7.6018
27508,7.5
27509,7.6018
27510,9.0
27511,7.6018
27512,7.6018
27513,8.5
27514,7.6018
27515,7.6667
27516,7.0
27517,7.6018
27518,7.6667
27519,8.0
27520,7.6018
27521,7.6018
27522,7.0
27523,7.2222
27524,7.6018
27525,7.0
27526,7.6018
27527,7.6018
27528,7.6018
27529,7.6018
27530,6.375
27531,7.4615
27532,7.3333
27533,7.6018
27534,7.6018
27535,10.0
27536,7.4444
27537,7.0
27538,8.4
27539,8.0
27540,7.6018
27541,8.8
27542,7.7447
27543,8.2308
27544,7.6018
27545,7.6018
27546,9.0
27547,8.0
27548,7.6018
27549,7.6018
27550,7.4762
27551,7.6018
27552,7.8627
27553,7.6018
27554,7.0
27555,7.2
27556,7.6018
27557,8.0
27558,8.4
27559,7.0
27560,7.6018
27561,7.6018
27562,7.4545
27563,8.5
27564,7.3333
27565,7.6018
27566,7.6667
27567,7.6018
27568,9.0
27569,6.6667
27570,7.8936
27571,9.0
27572,7.6018
27573,7.7667
27574,7.6018
27575,6.9444
27576,7.6018
27577,7.6018
27578,6.0
27579,7.6018
27580,8.4
27581,7.6018
27582,8.0
27583,8.0
27584,7.6018
27585,7.6018
27586,7.6018
27587,7.6018
27588,7.6018
27589,7.6018
27590,7.6018
27591,9.25
27592,5.0
27593,7.0
27594,6.0
27595,7.6018
27596,7.6018
27597,7.6018
27598,9.1111
27599,7.6018
27600,9.5
27601,7.6018
27602,7.6018
27603,6.8889
27604,9.2222
27605,7.0
27606,7.6018
27607,7.6018
27608,7.6018
27609,7.6018
27610,7.6018
27611,7.6018
27612,7.36
27613,7.0
27614,7.6018
27615,7.6018
27616,7.6018
27617,7.5714
27618,7.5362
27619,8.0
27620,9.0
27621,9.0
27622,7.6018
27623,7.6018
27624,7.6018
27625,7.6667
27626,10.0
27627,7.6018
27628,7.4328
27629,7.1739
27630,4.0
27631,10.0
27632,9.3333
27633,7.6018
27634,5.0625
27635,6.9595
27636,7.8571
27637,8.6667
27638,7.75
27639,7.6018
27640,7.5
27641,8.0
27642,7.3333
27643,7.75
27644,8.0
27645,7.8
27646,7.6018
27647,7.1
27648,10.0
27649,7.6018
27650,7.8936
27651,7.6018
27652,7.6018
27653,7.6018
27654,8.4
27655,8.0
27656,7.6018
27657,7.6018
27658,7.6018
27659,7.6018
27660,8.1818
27661,6.8889
27662,7.5625
27663,5.0
27664,7.6018
27665,7.6018
27666,7.6018
27667,4.0
27668,8.6667
27669,7.0
27670,10.0
27671,7.6018
27672,10.0
27673,7.6018
27674,7.6018
27675,7.6018
27676,7.6018
27677,8.5333
27678,8.0
27679,7.6018
27680,7.6018
27681,7.0
27682,9.2727
27683,7.3333
27684,7.6018
27685,7.6018
27686,7.6018
27687,7.9091
27688,7.6018
27689,9.0
27690,7.6018
27691,7.6018
27692,7.125
27693,7.0
27694,7.6018
27695,7.6
27696,8.5
27697,7.2
27698,6.4
27699,7.6018
27700,7.6018
27701,7.6018
27702,5.0
27703,7.1111
27704,7.6018
27705,9.0
27706,7.0
27707,7.6018
27708,6.9333
27709,9.125
27710,7.8667
27711,8.6667
27712,7.6018
27713,7.6018
27714,6.3333
27715,10.0
27716,7.9
27717,7.6018
27718,9.0
27719,7.6018
27720,7.6018
27721,6.9595
27722,5.0
27723,7.6018
27724,7.6018
27725,7.5714
27726,6.4
27727,7.3333
27728,7.6018
27729,7.6018
27730,7.6018
27731,7.5
27732,7.6018
27733,7.6018
27734,7.4412
27735,7.5
27736,7.75
27737,7.6018
27738,9.0
27739,7.6018
27740,7.6018
27741,7.6018
27742,7.6018
27743,8.5385
27744,7.6018
27745,9.0
27746,10.0
27747,7.6018
27748,6.0
27749,7.2667
27750,8.0
27751,6.0
27752,7.6018
27753,5.0
27754,8.6667
27755,8.0
27756,8.1637
27757,8.1
27758,7.6018
27759,9.0
27760,7.1
27761,7.6018
27762,7.7727
27763,7.5362
27764,8.4545
27765,7.6018
27766,8.4
27767,8.0
27768,7.9286
27769,7.0
27770,7.7059
27771,7.6018
27772,7.4667
27773,9.2
27774,7.6018
27775,7.8
27776,8.0
27777,7.6018
27778,7.6667
27779,10.0
27780,7.6018
27781,7.6522
27782,7.6018
27783,8.4545
27784,7.8125
27785,7.625
27786,7.6018
27787,5.0
27788,7.6018
27789,8.5556
27790,7.6018
27791,8.1111
27792,7.5
27793,7.0
27794,8.5
27795,8.5
27796,7.8125
27797,6.0
27798,7.6018
27799,8.3333
27800,8.2222
27801,7.7857
27802,7.6018
27803,7.6018
27804,7.6018
27805,8.0
27806,7.6018
27807,7.6018
27808,7.0
27809,6.97
27810,10.0
27811,7.6018
27812,9.0
27813,7.8065
27814,7.7895
27815,7.6018
27816,7.6018
27817,7.6018
27818,6.9565
27819,8.3273
27820,7.6018
27821,6.0
27822,7.6018
27823,8.5
27824,5.875
27825,7.0
27826,7.6018
27827,7.6018
27828,7.6018
27829,1.0
27830,7.7895
27831,7.6018
27832,7.1463
27833,8.0
27834,7.0
27835,8.0
27836,8.1519
27837,8.3333
27838,9.75
27839,7.4328
27840,7.6018
27841,8.0
27842,7.6018
27843,7.6667
27844,9.0
27845,7.6018
27846,7.6018
27847,7.25
27848,7.241
27849,8.0
27850,7.6018
27851,10.0
27852,7.6018
27853,7.0
27854,9.0
27855,7.6018
27856,7.6018
27857,7.6018
27858,7.0
27859,7.6018
27860,7.3548
27861,7.6018
27862,7.6538
27863,4.1893
27864,6.0
27865,7.6667
27866,6.6667
27867,7.8
27868,8.0
27869,6.0
27870,8.0
27871,7.6018
27872,7.0571
27873,8.2217
27874,8.0
27875,7.6018
27876,7.6018
27877,7.6018
27878,7.8125
27879,7.4958
27880,8.3333
27881,7.6018
27882,8.2647
27883,7.8571
27884,7.6018
27885,7.6018
27886,6.6667
27887,8.5
27888,5.0
27889,7.6018
27890,7.6018
27891,8.2143
27892,7.4167
27893,6.6
27894,8.5
27895,7.3333
27896,7.6018
27897,7.9848
27898,9.0
27899,7.6018
27900,7.6018
27901,7.6018
27902,7.6018
27903,7.6018
27904,7.9375
27905,7.6018
27906,8.1923
27907,9.0
27908,7.6018
27909,8.5
27910,7.6018
27911,7.75
27912,8.2857
27913,8.2857
27914,7.6018
27915,7.6018
27916,7.6018
27917,7.6018
27918,7.0
27919,7.6018
27920,8.5385
27921,7.6667
27922,7.6
27923,7.6018
27924,7.3
27925,9.0
27926,8.25
27927,5.0
27928,8.0
27929,7.0
27930,6.0
27931,9.0
27932,8.3913
27933,8.0
27934,10.0
27935,9.0
27936,9.0
27937,8.0
27938,7.6018
27939,7.6018
27940,5.0
27941,7.5
27942,7.0
27943,9.0
27944,7.6018
27945,7.9437
27946,7.6018
27947,8.4
27948,7.6018
27949,8.6
27950,7.6018
27951,9.0
27952,5.0
27953,8.5
27954,7.1667
27955,7.75
27956,7.6018
27957,7.0
27958,8.0
27959,7.6667
27960,7.6018
27961,7.6018
27962,7.9412
27963,7.0
27964,7.3191
27965,10.0
27966,7.6018
27967,7.2857
27968,5.0
27969,7.6018
27970,8.6
27971,7.6018
27972,7.7348
27973,7.6018
27974,8.0
27975,7.6018
27976,7.25
27977,7.6018
27978,9.0
27979,8.3333
27980,7.6018
27981,7.6018
27982,8.2
27983,7.6018
27984,7.6018
27985,9.0
27986,7.0
27987,6.625
27988,7.0
27989,8.2
27990,7.6018
27991,7.6018
27992,8.56
27993,6.5
27994,7.6018
27995,6.75
27996,7.6018
27997,8.1538
27998,8.0
27999,6.0
28000,7.6018
28001,5.5
28002,7.6018
28003,9.0
28004,7.0
28005,7.5
28006,7.6018
28007,7.9508
28008,6.0
28009,8.6667
28010,7.6018
28011,7.6018
28012,7.6018
28013,7.6018
28014,5.25
28015,8.35
28016,7.6018
28017,6.6
28018,6.25
28019,5.0
28020,7.6018
28021,7.6018
28022,7.8571
28023,8.2217
28024,7.6018
28025,7.0
28026,7.6364
28027,6.6667
28028,7.6018
28029,7.6018
28030,7.6667
28031,7.6018
28032,9.0
28033,8.5625
28034,7.0
28035,6.5714
28036,7.6018
28037,7.0
28038,7.6018
28039,8.0345
28040,7.6018
28041,8.6667
28042,7.6018
28043,8.5333
28044,7.6018
28045,8.375
28046,7.3529
28047,8.4694
28048,8.1724
28049,7.8421
28050,7.6018
28051,7.0
28052,7.6018
28053,7.6018
28054,7.0
28055,7.6018
28056,8.0
28057,7.6018
28058,7.6018
28059,7.4659
28060,7.6018
28061,8.2308
28062,7.4667
28063,7.75
28064,9.0
28065,9.0
28066,7.6018
28067,7.6018
28068,8.0
28069,7.6018
28070,7.6018
28071,7.6018
28072,9.6667
28073,7.6018
28074,7.6018
28075,7.5362
28076,8.75
28077,7.9561
28078,6.6111
28079,1.0
28080,7.6018
28081,8.2069
28082,8.1
28083,5.5714
28084,7.3
28085,7.0
28086,7.6018
28087,7.6018
28088,7.6018
28089,7.5
28090,7.6018
28091,7.0
28092,8.8
28093,9.6667
28094,9.7
28095,7.5
28096,7.6018
28097,7.641
28098,8.0
28099,7.6018
28100,8.5
28101,7.6018
28102,7.6018
28103,7.3
28104,7.6018
28105,7.6018
28106,7.6018
28107,7.6018
28108,7.6018
28109,10.0
28110,8.5
28111,8.5
28112,7.6018
28113,7.6018
28114,7.6018
28115,7.6018
28116,10.0
28117,7.6018
28118,7.6018
28119,7.6018
28120,7.6018
28121,8.6
28122,8.0
28123,7.0
28124,7.6018
28125,7.6018
28126,9.0
28127,7.75
28128,6.45
28129,7.0
28130,7.1923
28131,8.2308
28132,7.6018
28133,7.6018
28134,7.4
28135,7.6018
28136,6.0
28137,8.0
28138,7.6018
28139,8.2174
28140,7.6018
28141,8.0976
28142,7.6018
28143,7.6018
28144,7.6018
28145,7.5
28146,7.6018
28147,7.6018
28148,5.8
28149,8.5
28150,8.0
28151,7.6018
28152,7.6018
28153,7.6018
28154,8.0
28155,7.6018
28156,6.5714
28157,7.4958
28158,7.6129
28159,4.1893
28160,7.0
28161,5.0
28162,7.6
28163,8.35
28164,7.1111
28165,7.3333
28166,7.4821
28167,4.0
28168,7.2222
28169,8.0
28170,7.6018
28171,7.6018
28172,9.0
28173,8.3333
28174,8.0
28175,7.0
28176,7.6018
28177,7.6018
28178,7.6018
28179,9.0
28180,7.0
28181,7.6018
28182,7.6018
28183,7.5
28184,8.5
28185,7.908
28186,7.6018
28187,7.6018
28188,5.0
28189,7.9518
28190,7.0
28191,10.0
28192,8.0
28193,7.6018
28194,10.0
28195,8.0
28196,7.3333
28197,5.0
28198,7.6018
28199,7.7273
28200,4.5
28201,7.0
28202,7.6018
28203,7.6018
28204,6.5
28205,7.6667
28206,9.1
28207,7.6667
28208,7.6018
28209,7.6018
28210,7.6018
28211,7.6018
28212,7.5
28213,6.0
28214,7.6018
28215,7.241
28216,7.6018
28217,7.36
28218,7.6018
28219,8.5
28220,5.0
28221,8.5882
28222,8.0
28223,10.0
28224,7.6018
28225,8.625
28226,7.6018
28227,7.3778
28228,7.7778
28229,8.0
28230,6.6
28231,7.6018
28232,10.0
28233,7.6018
28234,7.2727
28235,6.25
28236,8.0
28237,8.0
28238,7.6018
28239,7.25
28240,7.0
28241,7.6018
28242,8.3939
28243,7.6018
28244,8.0513
28245,7.3333
28246,8.2
28247,8.7
28248,7.6018
28249,4.0
28250,5.0
28251,5.0
28252,7.6018
28253,6.9595
28254,7.6018
28255,9.0
28256,8.0
28257,9.125
28258,5.6667
28259,8.2
28260,7.6018
28261,7.6018
28262,10.0
28263,7.6018
28264,7.0
28265,7.36
28266,8.0
28267,7.7447
28268,7.6018
28269,6.5625
28270,7.6018
28271,8.2222
28272,7.6018
28273,7.5294
28274,7.0
28275,8.3333
28276,7.6018
28277,7.3778
28278,7.6018
28279,7.6018
28280,7.5
28281,7.6018
28282,8.25
28283,7.8182
28284,7.6
28285,7.6018
28286,7.6018
28287,7.6018
28288,7.6018
28289,7.6018
28290,7.6018
28291,9.0
28292,8.0968
28293,7.5
28294,7.6018
28295,8.0
28296,7.6018
28297,7.6018
28298,7.375
28299,7.6018
28300,7.5
28301,10.0
28302,7.3333
28303,7.6129
28304,7.5
28305,7.6018
28306,7.2941
28307,7.6018
28308,7.6018
28309,7.6018
28310,7.875
28311,8.5
28312,7.1429
28313,7.2069
28314,7.7119
28315,6.6
28316,7.5
28317,7.6018
28318,8.6
28319,7.0
28320,7.6018
28321,7.0
28322,8.5
28323,7.3
28324,7.5
28325,7.6018
28326,7.6018
28327,7.6018
28328,9.0
28329,7.25
28330,7.6018
28331,7.6
28332,7.0
28333,7.6018
28334,8.4694
28335,8.5294
28336,9.6667
28337,10.0
28338,8.125
28339,7.6018
28340,8.0
28341,9.0
28342,7.0
28343,7.6018
28344,7.6018
28345,7.6018
28346,10.0
28347,7.6018
28348,7.6018
28349,8.0
28350,6.6667
28351,7.9545
28352,7.6018
28353,7.6018
28354,9.0
28355,7.6018
28356,7.6667
28357,6.0
28358,7.6018
28359,9.5
28360,7.0
28361,7.6018
28362,8.2217
28363,7.6018
28364,7.6018
28365,7.6018
28366,7.8333
28367,7.6018
28368,8.0
28369,7.6018
28370,7.6018
28371,7.6018
28372,9.2
28373,9.0
28374,7.6018
28375,9.4
28376,7.6018
28377,7.6018
28378,8.0
28379,7.6018
28380,8.2414
28381,7.5789
28382,8.4694
28383,7.6018
28384,7.6018
28385,8.3939
28386,7.6018
28387,7.6018
28388,7.6018
28389,7.6018
28390,7.1667
28391,7.6018
28392,7.6018
28393,7.6018
28394,7.6018
28395,8.0
28396,7.6018
28397,6.0
28398,7.3333
28399,8.0
28400,7.6018
28401,7.6018
28402,7.6018
28403,7.6018
28404,7.0
28405,7.6018
28406,7.6018
28407,7.6018
28408,7.6018
28409,7.7333
28410,4.1893
28411,7.5714
28412,7.6018
28413,7.4328
28414,8.0
28415,8.0
28416,7.6018
28417,7.6018
28418,7.6018
28419,9.0
28420,8.5
28421,4.0
28422,5.0
28423,7.0
28424,9.0
28425,7.6018
28426,7.6018
28427,7.6018
28428,7.6018
28429,7.0
28430,7.8571
28431,7.6018
28432,7.6018
28433,8.25
28434,6.5
28435,7.0
28436,2.0
28437,10.0
28438,7.75
28439,7.8571
28440,7.8
28441,7.6018
28442,7.6667
28443,5.0
28444,8.0
28445,7.6018
28446,5.0
28447,7.6018
28448,7.6018
28449,7.9561
28450,7.0
28451,7.6018
28452,7.6018
28453,7.6018
28454,7.6018
28455,7.9189
28456,7.6018
28457,8.8
28458,7.5
28459,8.0
28460,8.0652
28461,9.5
28462,9.0
28463,7.6018
28464,7.8333
28465,7.6018
28466,7.6018
28467,7.6018
28468,7.6018
28469,8.25
28470,7.0
28471,7.6018
28472,7.6018
28473,7.0
28474,7.6018
28475,7.6018
28476,9.5
28477,9.2727
28478,5.0
28479,6.0
28480,7.6018
28481,7.6018
28482,7.2162
28483,7.6018
28484,7.6018
28485,7.6018
28486,7.6018
28487,7.6018
28488,7.6018
28489,7.25
28490,5.875
28491,9.0
28492,10.0
28493,7.0
28494,7.3191
28495,7.5
28496,7.6018
28497,5.0
28498,6.2857
28499,7.6018
28500,8.5
28501,7.5556
28502,7.6018
28503,5.0
28504,7.6018
28505,5.0
28506,7.875
28507,10.0
28508,7.3333
28509,10.0
28510,7.6018
28511,7.6018
28512,8.0
28513,10.0
28514,7.6018
28515,7.6018
28516,9.0
28517,8.3333
28518,8.2
28519,7.1163
28520,7.6018
28521,7.6667
28522,8.1637
28523,6.3333
28524,6.0
28525,5.0
28526,7.6018
28527,7.6018
28528,7.6667
28529,7.6018
28530,10.0
28531,6.1667
28532,7.6018
28533,7.5556
28534,9.0
28535,7.6018
28536,7.3333
28537,7.75
28538,7.6018
28539,7.0667
28540,8.2
28541,6.0
28542,7.6018
28543,3.0
28544,6.8333
28545,7.6018
28546,8.1637
28547,7.9231
28548,7.4958
28549,8.2
28550,7.6018
28551,8.2217
28552,10.0
28553,8.7609
28554,8.0
28555,7.6018
28556,8.0
28557,7.6018
28558,7.2
28559,6.0
28560,7.6018
28561,7.6018
28562,7.6296
28563,8.4694
28564,5.0
28565,7.0
28566,7.2
28567,7.9167
28568,7.6018
28569,6.97
28570,8.0
28571,7.6018
28572,9.5
28573,7.6018
28574,7.6018
28575,8.8889
28576,7.6018
28577,10.0
28578,6.0
28579,7.3333
28580,8.0
28581,7.6018
28582,8.6
28583,7.0667
28584,4.1893
28585,7.6018
28586,7.3333
28587,6.5
28588,8.4
28589,5.0
28590,8.4762
28591,7.6018
28592,7.4667
28593,10.0
28594,8.4286
28595,7.6018
28596,7.6018
28597,6.0
28598,7.32
28599,7.6018
28600,7.25
28601,6.7692
28602,8.4
28603,7.6018
28604,8.2217
28605,10.0
28606,8.2857
28607,7.6018
28608,7.7143
28609,8.7
28610,8.0
28611,7.6018
28612,8.0
28613,7.6018
28614,7.15
28615,7.8571
28616,7.6018
28617,7.5625
28618,6.0
28619,8.75
28620,7.0
28621,8.6182
28622,10.0
28623,8.2647
28624,7.3778
28625,7.6018
28626,10.0
28627,8.0
28628,7.6018
28629,8.0625
28630,7.6018
28631,7.6018
28632,9.0
28633,9.5
28634,7.6018
28635,9.0
28636,7.6018
28637,7.7778
28638,7.8182
28639,8.25
28640,7.6018
28641,7.6018
28642,8.0
28643,7.2
28644,7.2444
28645,8.4
28646,7.6018
28647,6.0909
28648,9.0
28649,8.0
28650,7.0
28651,7.6018
28652,7.6018
28653,7.6018
28654,10.0
28655,7.5
28656,8.0
28657,7.6018
28658,9.0
28659,5.0
28660,8.6667
28661,6.5
28662,8.4615
28663,8.0
28664,7.6018
28665,7.8125
28666,8.0
28667,7.6667
28668,10.0
28669,7.1818
28670,7.6018
28671,6.97
28672,7.4615
28673,9.0
28674,7.0
28675,8.75
28676,7.6018
28677,8.0
28678,7.5
28679,8.0
28680,7.6111
28681,7.6018
28682,7.0
28683,7.717
28684,7.7273
28685,7.75
28686,7.6018
28687,6.0
28688,8.0
28689,8.2353
28690,6.0
28691,7.6018
28692,7.7348
28693,6.0
28694,8.5
28695,7.9518
28696,8.1667
28697,8.2069
28698,6.8571
28699,7.6018
28700,7.6018
28701,8.0
28702,7.6018
28703,7.6018
28704,7.6018
28705,7.717
28706,7.4
28707,7.0
28708,7.6018
28709,8.125
28710,8.6667
28711,7.0
28712,7.6018
28713,7.6018
28714,7.6018
28715,7.5
28716,7.6018
28717,5.6
28718,7.6018
28719,7.6018
28720,7.5
28721,7.5
28722,7.6018
28723,7.6018
28724,8.3333
28725,7.6018
28726,7.7619
28727,9.0
28728,7.7273
28729,8.5385
28730,7.6018
28731,7.6018
28732,7.6018
28733,8.4
28734,8.5
28735,8.75
28736,10.0
28737,7.6018
28738,6.0
28739,7.5294
28740,7.6018
28741,7.6018
28742,8.6154
28743,7.0
28744,6.0
28745,7.6018
28746,7.0
28747,7.6018
28748,7.0
28749,8.2222
28750,7.9508
28751,7.6018
28752,8.5
28753,7.6018
28754,7.6018
28755,10.0
28756,7.6018
28757,7.6018
28758,6.5
28759,6.75
28760,7.6018
28761,7.6018
28762,7.6018
28763,7.6018
28764,8.0625
28765,8.2222
28766,6.6
28767,7.6018
28768,7.6018
28769,7.6018
28770,5.0
28771,7.6018
28772,7.6018
28773,10.0
28774,5.5
28775,7.6018
28776,8.2414
28777,7.6018
28778,9.0
28779,7.6018
28780,7.6018
28781,8.6667
28782,8.1176
28783,7.6018
28784,7.6018
28785,7.717
28786,8.6667
28787,7.6018
28788,4.0
28789,7.6018
28790,7.6018
28791,5.0
28792,7.6018
28793,4.5
28794,6.0
28795,5.0
28796,8.0
28797,7.6018
28798,6.3333
28799,6.45
28800,7.6018
28801,7.6018
28802,7.6018
28803,9.5
28804,8.0513
28805,9.2
28806,6.0
28807,7.5278
28808,8.0
28809,9.0
28810,7.6018
28811,8.4
28812,7.6018
28813,8.3333
28814,7.6018
28815,7.2941
28816,8.0
28817,9.0
28818,8.0
28819,7.6018
28820,7.5
28821,7.6018
28822,7.0
28823,7.6018
28824,7.6018
28825,8.3793
28826,8.5
28827,7.6018
28828,7.2857
28829,7.6018
28830,7.5
28831,7.0
28832,7.6018
28833,7.6018
28834,7.6018
28835,7.6018
28836,7.3333
28837,7.6018
28838,4.1893
28839,7.6018
28840,7.6018
28841,8.0
28842,7.6018
28843,7.6018
28844,8.6
28845,10.0
28846,6.0
28847,7.1739
28848,7.6018
28849,8.125
28850,7.6018
28851,7.6018
28852,7.6018
28853,8.0
28854,7.6018
28855,7.6018
28856,7.6018
28857,7.0
28858,7.5
28859,7.6018
28860,7.6018
28861,7.6018
28862,7.1071
28863,7.6018
28864,7.6018
28865,7.6
28866,5.0
28867,7.8095
28868,7.6018
28869,7.6018
28870,5.0
28871,7.6018
28872,7.0784
28873,7.4444
28874,6.2
28875,7.2188
28876,8.0
28877,7.6018
28878,8.3636
28879,7.6018
28880,7.6018
28881,7.6018
28882,7.6018
28883,7.0
28884,7.6018
28885,7.6667
28886,7.6018
28887,7.6667
28888,7.0
28889,7.6018
28890,7.8
28891,8.5
28892,7.6018
28893,7.6018
28894,7.3077
28895,7.6018
28896,6.97
28897,8.0
28898,8.0
28899,7.6018
28900,10.0
28901,6.8333
28902,7.6018
28903,3.0
28904,9.0
28905,7.6018
28906,7.6018
28907,7.6018
28908,9.0
28909,8.0976
28910,7.6018
28911,8.0
28912,7.1429
28913,8.7857
28914,7.9437
28915,7.6018
28916,7.5714
28917,7.6018
28918,7.6018
28919,8.0
28920,8.0
28921,8.0
28922,7.6018
28923,7.3333
28924,6.6667
28925,7.6018
28926,7.9518
28927,9.0
28928,9.0
28929,7.6018
28930,7.6018
28931,7.6018
28932,7.6018
28933,10.0
28934,7.6018
28935,6.45
28936,8.4
28937,8.5
28938,7.6018
28939,7.5
28940,7.6018
28941,7.6018
28942,8.2222
28943,6.5
28944,7.6018
28945,7.6018
28946,5.5
28947,7.6018
28948,7.6018
28949,8.0
28950,8.2217
28951,8.8065
28952,5.5
28953,7.6018
28954,7.6018
28955,7.6018
28956,6.6667
28957,6.0
28958,7.6018
28959,7.6667
28960,7.6018
28961,7.5
28962,10.0
28963,9.5
28964,7.6018
28965,3.0
28966,7.0
28967,7.6018
28968,8.6667
28969,7.6018
28970,6.0
28971,9.1667
28972,9.3333
28973,7.6018
28974,10.0
28975,7.6018
28976,8.1905
28977,7.6018
28978,7.8
28979,5.75
28980,6.6667
28981,7.6018
28982,8.0
28983,9.0
28984,5.0
28985,10.0
28986,8.4286
28987,8.32
28988,8.0513
28989,7.6018
28990,8.56
28991,6.8
28992,8.12
28993,7.6018
28994,8.0
28995,7.6667
28996,10.0
28997,7.6018
28998,7.15
28999,5.3333
29000,7.0
29001,8.5
29002,7.0
29003,8.6667
29004,7.125
29005,7.8
29006,8.4762
29007,7.6018
29008,5.0
29009,7.6018
29010,8.6
29011,7.0
29012,7.6018
29013,9.5
29014,6.875
29015,5.75
29016,7.0
29017,9.0
29018,7.6018
29019,7.6018
29020,5.0
29021,7.6018
29022,7.6018
29023,8.2217
29024,7.6018
29025,7.6018
29026,7.6018
29027,7.4615
29028,8.0
29029,7.2
29030,7.6018
29031,8.1667
29032,7.0
29033,8.0
29034,10.0
29035,9.0
29036,6.0
29037,10.0
29038,10.0
29039,8.3333
29040,7.6018
29041,10.0
29042,7.6018
29043,7.6018
29044,5.0
29045,6.5429
29046,7.6018
29047,7.0
29048,7.6018
29049,7.4828
29050,7.6018
29051,7.2727
29052,7.0
29053,7.6018
29054,5.0
29055,8.4
29056,8.0
29057,7.7812
29058,8.0
29059,7.0
29060,7.6018
29061,7.6018
29062,5.0
29063,7.25
29064,8.0
29065,9.0
29066,8.0
29067,7.6018
29068,2.0
29069,7.6018
29070,7.2857
29071,9.5714
29072,7.6018
29073,7.5
29074,7.0
29075,7.5
29076,7.6018
29077,5.75
29078,7.6018
29079,7.6018
29080,7.6018
29081,7.4958
29082,7.6018
29083,9.25
29084,7.6018
29085,7.6018
29086,7.25
29087,8.3333
29088,7.6018
29089,9.0
29090,5.0
29091,7.6923
29092,5.0
29093,8.2217
29094,7.6018
29095,7.6018
29096,8.0
29097,7.5758
29098,9.6667
29099,7.5385
29100,7.6018
29101,7.6018
29102,8.3333
29103,7.6018
29104,7.0
29105,9.0
29106,7.4545
29107,7.6018
29108,7.6018
29109,7.6018
29110,8.8
29111,7.6018
29112,7.1667
29113,7.6018
29114,7.6018
29115,7.6018
29116,8.1778
29117,7.6018
29118,6.3333
29119,4.1893
29120,7.908
29121,7.0435
29122,7.6018
29123,7.6018
29124,6.9375
29125,6.0
29126,9.0
29127,7.6018
29128,7.6018
29129,8.0
29130,10.0
29131,7.6018
29132,7.6018
29133,7.6018
29134,8.2308
29135,7.6018
29136,8.2414
29137,6.25
29138,7.6018
29139,8.0513
29140,7.6018
29141,7.6018
29142,7.9561
29143,6.0
29144,7.6018
29145,7.6018
29146,8.092
29147,8.2857
29148,7.6018
29149,7.6018
29150,7.6018
29151,8.0
29152,8.5
29153,7.6018
29154,6.8182
29155,7.0
29156,7.0
29157,9.0
29158,7.6018
29159,7.6018
29160,7.6018
29161,8.25
29162,6.5
29163,8.2069
29164,7.6018
29165,5.0
29166,7.871
29167,7.6018
29168,7.6018
29169,7.6018
29170,7.6176
29171,7.6018
29172,8.1538
29173,5.0
29174,7.4615
29175,6.8333
29176,7.9667
29177,7.6018
29178,7.6018
29179,6.375
29180,7.6018
29181,7.6018
29182,7.6018
29183,7.25
29184,7.6667
29185,7.6018
29186,7.6018
29187,7.6018
29188,6.0
29189,10.0
29190,7.6018
29191,5.0
29192,4.6667
29193,7.3333
29194,7.6018
29195,6.5
29196,8.2647
29197,6.7692
29198,7.6018
29199,9.0
29200,7.6018
29201,8.0
29202,8.0
29203,6.0
29204,7.6875
29205,7.8571
29206,7.6018
29207,7.6018
29208,7.6018
29209,7.6018
29210,7.6018
29211,7.4167
29212,7.7727
29213,7.1071
29214,8.2217
29215,7.6018
29216,7.0
29217,7.9561
29218,6.7692
29219,7.2069
29220,7.0
29221,9.0
29222,7.6018
29223,4.0
29224,8.0
29225,7.6018
29226,7.6757
29227,10.0
29228,7.8148
29229,8.0
29230,6.2
29231,7.6018
29232,7.6018
29233,7.8065
29234,8.0
29235,8.0
29236,7.0
29237,6.7692
29238,4.1893
29239,7.6018
29240,7.6018
29241,7.6018
29242,7.9333
29243,8.0
29244,7.4
29245,7.5
29246,7.6018
29247,7.6018
29248,3.0
29249,7.6018
29250,8.0
29251,7.6018
29252,7.6018
29253,7.6018
29254,7.6018
29255,7.6018
29256,7.6018
29257,6.5714
29258,7.6018
29259,8.5
29260,8.0
29261,7.4286
29262,7.0
29263,7.2727
29264,8.5
29265,7.8889
29266,7.6018
29267,1.0
29268,8.1111
29269,7.6018
29270,7.6018
29271,7.6176
29272,7.6018
29273,7.6018
29274,3.0
29275,7.6018
29276,8.1429
29277,7.6018
29278,9.0
29279,7.5625
29280,7.9508
29281,7.8571
29282,7.6018
29283,7.6018
29284,5.5
29285,7.6018
29286,10.0
29287,8.0
29288,7.9375
29289,7.6018
29290,7.0
29291,7.3333
29292,7.6018
29293,7.6018
29294,7.6018
29295,9.0
29296,8.0
29297,8.2222
29298,7.3333
29299,7.6018
29300,7.6018
29301,7.6018
29302,7.6018
29303,9.0
29304,7.6018
29305,6.97
29306,6.4
29307,7.6018
29308,7.6018
29309,7.0435
29310,6.6
29311,9.0
29312,7.8125
29313,7.6018
29314,7.6018
29315,6.6
29316,5.0
29317,8.0
29318,7.6018
29319,7.6018
29320,7.75
29321,4.1893
29322,9.0
29323,7.8333
29324,7.6018
29325,7.6018
29326,7.0
29327,7.6018
29328,7.76
29329,7.6018
29330,7.6018
29331,7.32
29332,7.6018
29333,7.6018
29334,10.0
29335,7.6018
29336,5.0
29337,7.6018
29338,8.4694
29339,7.6018
29340,7.3125
29341,7.6018
29342,7.6018
29343,7.6018
29344,7.6018
29345,5.0
29346,8.5
29347,7.0
29348,5.0
29349,7.2727
29350,7.0
29351,8.5714
29352,7.6018
29353,6.3333
29354,8.25
29355,5.0
29356,7.8936
29357,7.6018
29358,8.0
29359,7.6018
29360,8.0
29361,8.0
29362,7.6018
29363,7.6018
29364,8.0
29365,7.6018
29366,7.6018
29367,7.375
29368,7.908
29369,6.9792
29370,7.6018
29371,7.6018
29372,7.6018
29373,7.6018
29374,7.5
29375,10.0
29376,7.75
29377,8.8
29378,7.3333
29379,7.3125
29380,8.3333
29381,7.6667
29382,7.1013
29383,9.0
29384,6.0
29385,7.6018
29386,7.6018
29387,7.5
29388,7.6018
29389,9.0
29390,7.2727
29391,7.8
29392,6.0
29393,6.3333
29394,7.6018
29395,7.4958
29396,7.6018
29397,7.6018
29398,7.6018
29399,8.0
29400,7.7667
29401,7.6018
29402,7.6018
29403,7.6018
29404,5.75
29405,6.3333
29406,9.0
29407,7.8125
29408,7.0
29409,7.5
29410,7.0
29411,7.6018
29412,7.6018
29413,6.0
29414,10.0
29415,6.6667
29416,7.9118
29417,7.6018
29418,6.375
29419,7.9091
29420,7.6018
29421,7.4444
29422,8.0
29423,8.75
29424,2.0
29425,8.2857
29426,7.6018
29427,7.6018
29428,7.6018
29429,7.6018
29430,7.6018
29431,6.4545
29432,5.3333
29433,8.0652
29434,7.6018
29435,8.1111
29436,9.0
29437,9.3333
29438,7.0
29439,7.6018
29440,5.5
29441,7.6018
29442,7.6018
29443,8.875
29444,7.6018
29445,8.0
29446,6.0
29447,10.0
29448,7.6018
29449,7.8182
29450,8.5
29451,6.0
29452,6.0909
29453,6.75
29454,7.6018
29455,7.7447
29456,7.6018
29457,6.5
29458,7.6018
29459,7.6018
29460,7.6018
29461,7.6018
29462,7.6018
29463,7.6018
29464,7.5362
29465,8.0968
29466,7.6
29467,7.6018
29468,7.6018
29469,7.3333
29470,7.6018
29471,7.6018
29472,7.5
29473,7.0
29474,7.6018
29475,8.4717
29476,7.4783
29477,8.3333
29478,8.0
29479,7.6018
29480,7.5
29481,5.5
29482,7.6018
29483,7.6018
29484,7.0
29485,9.0
29486,7.6018
29487,7.6018
29488,7.4688
29489,7.6018
29490,7.6018
29491,7.6018
29492,7.6018
29493,7.8571
29494,7.6018
29495,7.9189
29496,7.2857
29497,7.6667
29498,7.8333
29499,7.6842
29500,7.7812
29501,5.2857
29502,7.9437
29503,7.0
29504,7.8
29505,7.6018
29506,7.6
29507,8.0588
29508,7.4958
29509,7.6018
29510,7.7045
29511,6.9444
29512,4.0
29513,7.5263
29514,8.1923
29515,10.0
29516,7.7778
29517,7.25
29518,9.2222
29519,7.3333
29520,9.0
29521,7.8889
29522,10.0
29523,7.6018
29524,7.6018
29525,7.6018
29526,7.9375
29527,7.6018
29528,7.6018
29529,7.6018
29530,7.5
29531,7.6018
29532,7.6018
29533,7.6018
29534,7.5
29535,7.9091
29536,5.0
29537,7.6018
29538,7.6018
29539,8.7609
29540,7.6667
29541,7.6018
29542,10.0
29543,6.5
29544,7.6018
29545,8.0
29546,7.6018
29547,8.1538
29548,7.6018
29549,8.2857
29550,8.4
29551,7.5
29552,7.6018
29553,7.6018
29554,8.0
29555,8.0
29556,7.5
29557,7.6018
29558,8.2143
29559,7.6018
29560,7.6018
29561,7.6018
29562,7.6018
29563,7.6018
29564,7.0
29565,8.9
29566,7.25
29567,7.6018
29568,7.0
29569,6.0
29570,8.0
29571,7.6018
29572,7.6018
29573,8.0
29574,7.6018
29575,7.2857
29576,6.6667
29577,7.6018
29578,7.6018
29579,7.0588
29580,8.5
29581,7.6018
29582,10.0
29583,5.5
29584,7.3191
29585,7.6018
29586,7.6018
29587,8.5
29588,7.6018
29589,7.6018
29590,8.0
29591,9.0
29592,6.0
29593,7.7348
29594,7.7045
29595,7.6018
29596,7.6018
29597,8.0
29598,10.0
29599,7.6018
29600,7.6018
29601,5.0
29602,8.6
29603,9.2
29604,7.6018
29605,7.6018
29606,6.8
29607,7.6018
29608,7.8
29609,7.8571
29610,7.8065
29611,7.6018
29612,4.0
29613,8.3077
29614,8.3333
29615,8.0
29616,7.5
29617,7.3333
29618,10.0
29619,8.0
29620,8.875
29621,7.6018
29622,7.8182
29623,9.0
29624,7.6018
29625,8.12
29626,8.2727
29627,7.6018
29628,7.6018
29629,7.6018
29630,7.6018
29631,7.6018
29632,10.0
29633,7.6018
29634,7.6018
29635,7.9615
29636,7.6018
29637,7.6018
29638,8.2217
29639,6.0
29640,7.6018
29641,8.0
29642,7.6018
29643,7.6018
29644,8.4762
29645,8.0
29646,7.6018
29647,8.5455
29648,7.6018
29649,7.9118
29650,8.0
29651,7.6018
29652,9.0
29653,7.6018
29654,8.12
29655,7.6018
29656,8.3
29657,6.0
29658,7.6018
29659,7.6018
29660,7.0
29661,7.4667
29662,7.6018
29663,7.5294
29664,7.6018
29665,7.5
29666,7.6018
29667,7.6018
29668,7.6018
29669,9.5
29670,7.0
29671,7.2222
29672,8.5
29673,7.7348
29674,6.8889
29675,7.75
29676,4.0
29677,8.8182
29678,9.1667
29679,7.6018
29680,7.0
29681,7.6018
29682,5.0
29683,7.6018
29684,5.0
29685,7.4
29686,8.4694
29687,7.6018
29688,7.6018
29689,7.6018
29690,8.5
29691,7.8333
29692,7.6018
29693,7.6018
29694,7.0
29695,7.6018
29696,6.2
29697,10.0
29698,8.08
29699,8.0
29700,4.0
29701,7.6018
29702,7.0
29703,7.6018
29704,10.0
29705,8.6111
29706,7.6018
29707,7.6018
29708,7.6018
29709,6.3333
29710,6.6111
29711,7.25
29712,7.6018
29713,7.6018
29714,5.0
29715,7.6018
29716,7.1667
29717,7.6018
29718,8.0
29719,7.6018
29720,8.2857
29721,7.6018
29722,7.6018
29723,6.75
29724,7.5278
29725,8.0
29726,7.0
29727,7.0
29728,7.6018
29729,7.6018
29730,7.75
29731,7.6018
29732,7.5
29733,7.6018
29734,7.6018
29735,7.6018
29736,7.6018
29737,7.6018
29738,7.6018
29739,7.6018
29740,7.9091
29741,7.6018
29742,7.6018
29743,7.6018
29744,8.0
29745,7.0
29746,6.4
29747,8.0
29748,7.0
29749,7.5135
29750,6.875
29751,8.6667
29752,7.6018
29753,8.3636
29754,7.6018
29755,5.0
29756,9.0
29757,7.6018
29758,7.6018
29759,8.2069
29760,7.6018
29761,7.6018
29762,6.5
29763,7.6018
29764,7.1667
29765,7.6018
29766,8.3913
29767,9.25
29768,7.0
29769,7.3333
29770,5.6
29771,8.0
29772,7.6018
29773,9.3333
29774,7.6018
29775,8.0
29776,7.6018
29777,7.3333
29778,7.6018
29779,7.0
29780,7.6018
29781,7.0
29782,7.6018
29783,8.125
29784,7.5362
29785,7.6018
29786,7.6018
29787,7.6018
29788,4.1893
29789,7.6018
29790,7.6018
29791,8.4286
29792,7.6018
29793,8.2647
29794,7.6018
29795,6.0
29796,7.6667
29797,8.5
29798,5.0
29799,7.6018
29800,9.0
29801,7.6018
29802,6.7
29803,7.6018
29804,7.6018
29805,8.5556
29806,7.6018
29807,8.0652
29808,8.0
29809,7.6018
29810,8.5
29811,7.76
29812,7.6018
29813,7.6018
29814,7.6018
29815,6.0
29816,7.5
29817,7.6018
29818,7.1923
29819,7.6018
29820,7.6018
29821,8.0
29822,7.6018
29823,5.0
29824,7.6018
29825,8.0909
29826,7.6018
29827,5.0
29828,7.0784
29829,7.0
29830,7.8889
29831,7.6018
29832,7.875
29833,7.6018
29834,9.0
29835,6.0
29836,7.6018
29837,8.3636
29838,7.6018
29839,6.97
29840,5.3333
29841,4.0
29842,7.7348
29843,6.6667
29844,6.9792
29845,7.6018
29846,7.3333
29847,6.0
29848,9.6667
29849,9.5
29850,7.9848
29851,9.0
29852,8.3333
29853,7.6018
29854,8.5333
29855,8.75
29856,6.0667
29857,7.6667
29858,7.6018
29859,7.6018
29860,8.0
29861,7.6018
29862,7.6018
29863,7.6018
29864,2.0
29865,7.0
29866,6.8571
29867,8.0
29868,8.25
29869,7.6018
29870,7.0
29871,7.6018
29872,9.0
29873,8.8
29874,5.0
29875,4.0
29876,8.0
29877,7.6018
29878,7.6667
29879,7.6018
29880,7.5
29881,7.6018
29882,5.0
29883,7.4483
29884,7.6018
29885,10.0
29886,7.9474
29887,7.6018
29888,6.97
29889,6.375
29890,8.0
29891,8.3
29892,7.0
29893,7.6018
29894,7.6018
29895,6.0
29896,5.0
29897,7.1923
29898,9.0
29899,10.0
29900,8.1667
29901,7.6018
29902,7.6018
29903,9.6667
29904,9.0
29905,7.7045
29906,7.6018
29907,7.6018
29908,7.6018
29909,7.6018
29910,7.0
29911,7.6018
29912,6.6111
29913,7.6018
29914,9.0
29915,8.0
29916,7.5417
29917,8.0
29918,7.6018
29919,7.8627
29920,7.0
29921,7.6018
29922,7.6018
29923,7.6018
29924,8.1667
29925,8.12
29926,7.6018
29927,7.6018
29928,7.6018
29929,7.6018
29930,8.25
29931,8.0976
29932,7.6018
29933,7.6018
29934,7.6897
29935,7.6018
29936,8.0
29937,7.6
29938,7.6018
29939,9.0
29940,7.6018
29941,8.0
29942,7.6667
29943,5.0
29944,6.5938
29945,8.3333
29946,8.0
29947,7.9667
29948,7.6018
29949,7.6018
29950,7.4958
29951,7.6018
29952,6.9565
29953,8.2857
29954,8.0
29955,10.0
29956,7.5
29957,7.6018
29958,6.625
29959,4.1893
29960,10.0
29961,8.1538
29962,8.75
29963,6.9595
29964,8.0435
29965,7.6018
29966,7.6018
29967,7.6018
29968,7.6018
29969,7.0784
29970,7.6018
29971,7.6018
29972,7.6018
29973,7.6018
29974,7.6018
29975,7.6018
29976,7.6018
29977,7.0
29978,7.0
29979,7.6667
29980,7.6018
29981,7.6018
29982,7.6018
29983,8.0
29984,5.0
29985,7.9437
29986,7.8936
29987,7.6018
29988,6.0
29989,9.0
29990,8.1637
29991,7.8182
29992,7.9459
29993,7.6018
29994,9.0
29995,10.0
29996,7.6018
29997,5.5
29998,8.2143
29999,7.2609
30000,7.6018
30001,9.0
30002,6.5429
30003,7.9231
30004,7.6018
30005,6.0
30006,7.6018
30007,7.75
30008,9.0
30009,8.6
30010,7.0
30011,7.6018
30012,9.5
30013,9.0
30014,7.0
30015,7.6018
30016,6.0
30017,8.0
30018,8.0
30019,7.6018
30020,7.6018
30021,7.9518
30022,7.75
30023,7.6018
30024,7.6018
30025,8.3
30026,7.7059
30027,8.75
30028,7.9444
30029,8.25
30030,5.5625
30031,7.6018
30032,7.0
30033,7.6018
30034,8.5
30035,7.6018
30036,8.0
30037,6.0
30038,4.3333
30039,7.6018
30040,7.6667
30041,8.35
30042,7.6018
30043,7.6018
30044,8.375
30045,7.6018
30046,7.8889
30047,8.5
30048,6.0
30049,7.6364
30050,7.6018
30051,7.0
30052,7.6018
30053,7.6018
30054,7.6018
30055,8.0
30056,7.6018
30057,7.6018
30058,7.6018
30059,7.6018
30060,7.6018
30061,7.5
30062,7.6018
30063,7.6018
30064,7.6018
30065,7.6018
30066,7.2609
30067,7.625
30068,7.6018
30069,8.0
30070,7.0
30071,9.3333
30072,7.4375
30073,7.2
30074,7.75
30075,7.6018
30076,7.6018
30077,7.6018
30078,7.6018
30079,8.8
30080,7.0
30081,7.6018
30082,8.0
30083,7.8462
30084,7.6018
30085,7.6018
30086,7.6018
30087,7.6018
30088,7.6018
30089,9.0
30090,7.6018
30091,7.6018
30092,7.6667
30093,8.0
30094,7.6018
30095,7.6018
30096,8.5
30097,7.9459
30098,7.4328
30099,7.6018
30100,7.6018
30101,5.0
30102,7.6897
30103,7.6018
30104,7.6667
30105,7.6018
30106,9.1667
30107,8.2217
30108,7.6018
30109,6.3333
30110,7.9437
30111,8.0526
30112,8.0
30113,7.2
30114,7.6018
30115,7.6018
30116,7.6018
30117,9.0
30118,7.6018
30119,7.6018
30120,10.0
30121,7.6018
30122,7.125
30123,7.6018
30124,7.0588
30125,7.6
30126,7.6018
30127,7.67
30128,7.0
30129,7.7348
30130,7.6018
30131,7.6018
30132,7.6018
30133,7.6018
30134,7.6018
30135,9.0
30136,7.6018
30137,7.6018
30138,7.5
30139,7.6429
30140,7.6018
30141,10.0
30142,8.2217
30143,7.6018
30144,7.6018
30145,7.6018
30146,8.0
30147,6.5
30148,5.0
30149,5.0
30150,7.6018
30151,7.6018
30152,7.6018
30153,7.6018
30154,7.6018
30155,7.6018
30156,7.6018
30157,5.8
30158,8.092
30159,7.6018
30160,7.6018
30161,7.0
30162,7.3333
30163,7.6018
30164,7.0
30165,7.6018
30166,9.25
30167,8.0
30168,7.6018
30169,7.6018
30170,9.0
30171,7.6018
30172,6.5938
30173,6.5625
30174,7.6018
30175,6.0
30176,7.6018
30177,7.6018
30178,6.6667
30179,8.3333
30180,8.0
30181,7.6018
30182,8.4167
30183,8.1667
30184,7.0
30185,7.6018
30186,7.6018
30187,7.6018
30188,6.5
30189,9.0
30190,7.8
30191,7.6018
30192,7.0
30193,7.6018
30194,7.6018
30195,8.0
30196,7.75
30197,7.6018
30198,8.2857
30199,7.8889
30200,7.6018
30201,7.75
30202,6.75
30203,8.0
30204,7.6018
30205,6.5
30206,7.6018
30207,7.6018
30208,8.0435
30209,7.7812
30210,5.5
30211,7.6018
30212,7.5
30213,7.75
30214,10.0
30215,7.0
30216,6.0
30217,7.2353
30218,6.8571
30219,6.0
30220,10.0
30221,7.6018
30222,8.75
30223,7.8
30224,7.6018
30225,7.6018
30226,7.6018
30227,7.0
30228,5.0
30229,8.0
30230,9.2
30231,5.5
30232,7.0
30233,7.5
30234,10.0
30235,7.6018
30236,5.0
30237,6.9565
30238,8.0652
30239,4.0
30240,7.6018
30241,5.5
30242,7.6018
30243,7.6018
30244,7.6018
30245,7.6018
30246,8.3793
30247,7.525
30248,7.6018
30249,3.0
30250,8.0
30251,9.0
30252,7.6018
30253,8.75
30254,8.0
30255,7.6018
30256,9.5
30257,8.0
30258,7.6018
30259,7.0784
30260,7.0
30261,7.5
30262,7.6018
30263,6.6667
30264,7.6018
30265,7.6018
30266,7.6018
30267,8.6667
30268,7.6018
30269,7.6018
30270,5.3333
30271,8.4286
30272,7.8627
30273,7.1333
30274,7.6018
30275,9.0
30276,8.25
30277,7.6018
30278,5.0
30279,7.6018
30280,9.2
30281,7.6018
30282,7.6018
30283,8.9375
30284,7.9437
30285,8.0
30286,7.4659
30287,10.0
30288,8.5
30289,6.0
30290,8.1637
30291,7.6018
30292,7.6018
30293,7.6018
30294,8.75
30295,5.0
30296,9.5
30297,7.6018
30298,8.0
30299,7.6018
30300,7.6018
30301,7.6018
30302,8.0
30303,5.0
30304,7.6018
30305,7.908
30306,8.3333
30307,7.6018
30308,7.0
30309,7.0
30310,6.0
30311,7.6018
30312,6.625
30313,7.6018
30314,7.6018
30315,8.6
30316,7.6018
30317,5.0
30318,8.1667
30319,7.0
30320,7.6018
30321,7.0
30322,7.6018
30323,6.0
30324,7.6018
30325,8.0
30326,7.7895
30327,5.0
30328,7.6018
30329,7.6018
30330,7.6018
30331,8.5
30332,7.6018
30333,7.6018
30334,7.6018
30335,7.6018
30336,6.8889
30337,7.6018
30338,7.6018
30339,7.6018
30340,8.0
30341,8.2217
30342,7.6018
30343,8.0
30344,8.0
30345,8.3
30346,7.6018
30347,8.1637
30348,7.6018
30349,7.6018
30350,8.3333
30351,7.0
30352,7.0
30353,7.6018
30354,7.3235
30355,7.3
30356,9.0
30357,7.8333
30358,8.3333
30359,8.9286
30360,7.0
30361,7.5
30362,7.6018
30363,7.8
30364,10.0
30365,7.6018
30366,7.641
30367,7.6018
30368,8.2083
30369,7.6018
30370,6.6923
30371,5.0
30372,7.5
30373,7.6018
30374,7.6018
30375,7.45
30376,7.5
30377,8.0
30378,7.9444
30379,8.1905
30380,7.6018
30381,7.6018
30382,7.6018
30383,8.0
30384,7.6018
30385,8.0
30386,7.5
30387,8.0
30388,7.9118
30389,7.6018
30390,7.7143
30391,7.0769
30392,8.0
30393,7.241
30394,7.6018
30395,8.3333
30396,7.0
30397,10.0
30398,7.6018
30399,8.5
30400,7.9615
30401,7.6018
30402,7.3333
30403,7.6018
30404,7.6018
30405,7.0
30406,9.0
30407,7.6018
30408,5.0
30409,7.0
30410,7.6018
30411,7.8
30412,7.6018
30413,7.6018
30414,7.0
30415,7.6018
30416,7.6018
30417,7.6018
30418,7.6018
30419,8.0
30420,7.6018
30421,7.6129
30422,7.6018
30423,7.6018
30424,7.6018
30425,7.6018
30426,9.0
30427,6.45
30428,8.36
30429,7.6018
30430,7.5
30431,7.6018
30432,7.6018
30433,7.0
30434,7.6018
30435,6.9792
30436,7.6018
30437,4.1893
30438,8.0
30439,7.6018
30440,7.6018
30441,8.1637
30442,7.6018
30443,6.0
30444,6.6667
30445,7.6018
30446,7.6018
30447,7.6018
30448,8.12
30449,8.0
30450,8.0909
30451,7.4328
30452,6.8571
30453,7.6018
30454,7.6018
30455,7.6018
30456,7.6018
30457,7.6018
30458,7.6018
30459,7.6018
30460,7.6018
30461,8.6667
30462,7.3333
30463,7.0
30464,7.2727
30465,7.6018
30466,7.6018
30467,7.6018
30468,7.6018
30469,7.6018
30470,7.2857
30471,6.5
30472,9.0
30473,7.4783
30474,7.6018
30475,7.6018
30476,7.1667
30477,7.6018
30478,7.6018
30479,7.6018
30480,7.6018
30481,7.375
30482,7.6018
30483,7.25
30484,7.9459
30485,7.0
30486,7.4659
30487,7.5833
30488,7.6018
30489,7.0
30490,8.0
30491,7.6018
30492,8.45
30493,8.0
30494,7.8
30495,7.9118
30496,8.3333
30497,8.25
30498,7.6018
30499,7.6018
30500,7.6018
30501,7.0
30502,7.6018
30503,7.6018
30504,7.6018
30505,7.6018
30506,6.6
30507,7.6018
30508,8.0
30509,7.6018
30510,9.0
30511,10.0
30512,7.6018
30513,7.6018
30514,7.6018
30515,8.0
30516,7.6018
30517,6.0
30518,7.2857
30519,7.6018
30520,7.4667
30521,7.6018
30522,7.8333
30523,7.6018
30524,7.3333
30525,8.25
30526,5.0
30527,7.6018
30528,8.25
30529,7.6018
30530,7.6018
30531,7.6018
30532,7.5294
30533,7.6018
30534,7.6018
30535,7.6018
30536,8.0
30537,6.6667
30538,7.6018
30539,7.6018
30540,7.6018
30541,7.3571
30542,7.6018
30543,7.6018
30544,7.6018
30545,10.0
30546,7.6018
30547,7.6018
30548,7.6018
30549,7.0571
30550,7.6018
30551,7.0
30552,7.6018
30553,8.0
30554,6.5
30555,7.0
30556,7.6018
30557,7.6018
30558,7.6018
30559,8.2857
30560,7.6018
30561,7.6018
30562,7.6018
30563,7.6018
30564,7.0
30565,7.6018
30566,7.6154
30567,8.7857
30568,8.5
30569,8.5
30570,7.6018
30571,7.6018
30572,7.6018
30573,7.0
30574,6.8571
30575,8.2
30576,7.2
30577,7.5909
30578,7.6018
30579,7.6018
30580,7.6018
30581,8.0
30582,7.6018
30583,7.6018
30584,8.0
30585,8.0
30586,7.6018
30587,9.1
30588,7.25
30589,7.0
30590,8.0
30591,8.1333
30592,8.125
30593,7.375
30594,7.6018
30595,7.6018
30596,8.0
30597,7.125
30598,9.0
30599,7.6018
30600,7.6018
30601,7.0
30602,7.6018
30603,8.0
30604,7.6018
30605,10.0
30606,7.6018
30607,10.0
30608,7.7778
30609,7.6018
30610,7.6018
30611,7.6018
30612,8.0
30613,9.0
30614,7.6018
30615,8.0
30616,7.1429
30617,7.3333
30618,8.2222
30619,8.5
30620,7.6018
30621,4.1893
30622,7.9333
30623,7.6018
30624,7.0
30625,8.1724
30626,8.2217
30627,7.6018
30628,8.3333
30629,10.0
30630,7.6018
30631,7.6018
30632,6.9792
30633,7.8627
30634,7.0
30635,7.6364
30636,7.0
30637,8.2217
30638,7.6018
30639,7.6018
30640,8.3333
30641,7.75
30642,7.6018
30643,8.1
30644,7.6018
30645,7.6018
30646,7.6018
30647,7.6018
30648,7.6018
30649,7.5556
30650,8.5
30651,7.6018
30652,8.0732
30653,7.5
30654,7.6018
30655,7.6018
30656,6.6667
30657,8.0909
30658,7.7348
30659,7.6018
30660,7.6018
30661,7.6018
30662,7.6018
30663,8.6667
30664,7.6018
30665,7.6018
30666,7.5
30667,7.6018
30668,8.6667
30669,6.5
30670,7.6018
30671,8.1818
30672,7.6018
30673,8.0652
30674,9.0
30675,7.8913
30676,8.5
30677,7.6018
30678,7.6018
30679,7.6018
30680,7.6018
30681,7.2727
30682,7.0
30683,8.3333
30684,7.6018
30685,7.6018
30686,7.9848
30687,7.6018
30688,7.6018
30689,8.25
30690,6.9595
30691,7.6018
30692,7.6018
30693,7.75
30694,7.25
30695,7.0
30696,7.6018
30697,7.7273
30698,9.0
30699,8.0
30700,5.0
30701,6.5
30702,8.2647
30703,7.6018
30704,7.8889
30705,7.6018
30706,7.6018
30707,7.125
30708,7.6018
30709,10.0
30710,6.3333
30711,7.6018
30712,7.6018
30713,7.25
30714,7.0
30715,7.8095
30716,7.6018
30717,7.6018
30718,8.1667
30719,7.6018
30720,8.3333
30721,8.3333
30722,7.7045
30723,7.6018
30724,8.092
30725,8.1637
30726,7.6018
30727,7.5
30728,8.2217
30729,7.0
30730,7.7619
30731,8.0
30732,8.0
30733,7.4783
30734,6.0
30735,9.0
30736,7.6667
30737,7.6018
30738,8.0
30739,9.5
30740,7.5
30741,7.0
30742,7.6018
30743,8.0
30744,8.7143
30745,7.6018
30746,10.0
30747,10.0
30748,7.6018
30749,8.75
30750,7.6018
30751,8.0
30752,8.0
30753,7.6018
30754,7.375
30755,9.0
30756,8.2217
30757,6.9565
30758,7.6018
30759,7.5
30760,7.75
30761,7.4444
30762,7.6018
30763,7.6018
30764,8.5
30765,10.0
30766,7.6018
30767,7.6018
30768,7.6018
30769,7.6018
30770,7.6018
30771,7.6018
30772,7.6018
30773,6.3333
30774,8.0
30775,7.7727
30776,7.6018
30777,7.6018
30778,7.7273
30779,7.0
30780,7.6018
30781,7.6018
30782,7.6018
30783,7.6018
30784,9.0
30785,7.9459
30786,8.2217
30787,9.0
30788,7.6018
30789,6.2857
30790,10.0
30791,7.6018
30792,7.6018
30793,7.6018
30794,8.1724
30795,7.0
30796,7.1818
30797,7.5
30798,7.6018
30799,7.0435
30800,7.625
30801,7.6018
30802,7.6018
30803,7.8095
30804,8.5333
30805,7.8
30806,7.75
30807,7.25
30808,8.0
30809,7.6018
30810,7.6018
30811,9.0
30812,7.6667
30813,7.6018
30814,7.6018
30815,7.6018
30816,7.8571
30817,8.56
30818,7.6018
30819,9.0
30820,7.2
30821,7.4286
30822,7.1667
30823,7.6018
30824,6.75
30825,7.2857
30826,6.0
30827,7.6018
30828,7.2857
30829,7.6018
30830,7.0
30831,8.5
30832,7.6018
30833,6.6111
30834,7.0
30835,6.6
30836,7.6018
30837,7.0
30838,7.6018
30839,7.6018
30840,6.0
30841,7.6018
30842,7.6018
30843,7.8182
30844,7.6018
30845,10.0
30846,7.6018
30847,8.1429
30848,8.2941
30849,7.0
30850,4.1893
30851,7.8519
30852,7.6018
30853,7.6018
30854,7.4667
30855,7.6018
30856,8.0345
30857,7.5
30858,7.6018
30859,7.6018
30860,7.75
30861,7.6018
30862,7.4328
30863,7.0
30864,7.6018
30865,7.6018
30866,10.0
30867,7.25
30868,9.0
30869,8.0
30870,7.9615
30871,7.6018
30872,7.6018
30873,7.6018
30874,7.6018
30875,6.1667
30876,8.0
30877,8.8182
30878,7.6018
30879,7.6018
30880,8.5
30881,9.0
30882,8.125
30883,7.6018
30884,7.6018
30885,7.6018
30886,7.7619
30887,7.6018
30888,7.6018
30889,7.6018
30890,7.6018
30891,7.6018
30892,7.8667
30893,7.5652
30894,6.3333
30895,7.6018
30896,5.5
30897,10.0
30898,8.2353
30899,7.6018
30900,8.6667
30901,6.375
30902,6.7143
30903,7.6018
30904,7.0
30905,7.6018
30906,7.6018
30907,8.4333
30908,7.6018
30909,7.5
30910,7.6018
30911,7.3548
30912,7.3
30913,8.2727
30914,6.0
30915,7.0
30916,7.5
30917,8.4694
30918,6.0
30919,7.6018
30920,4.5
30921,7.6018
30922,7.6018
30923,7.8571
30924,7.6018
30925,7.6018
30926,7.6018
30927,7.6018
30928,6.0
30929,7.6018
30930,7.6018
30931,7.5
30932,7.6018
30933,8.4167
30934,7.7667
30935,7.6522
30936,8.3333
30937,7.6018
30938,7.5
30939,8.0
30940,8.4333
30941,7.6897
30942,7.1667
30943,6.3333
30944,7.6018
30945,6.8333
30946,7.0
30947,8.0
30948,8.5
30949,7.2381
30950,7.0
30951,7.6018
30952,8.3333
30953,7.6018
30954,7.6018
30955,7.6018
30956,7.5362
30957,10.0
30958,8.5
30959,7.7273
30960,8.3333
30961,7.0
30962,5.0
30963,8.2217
30964,7.6018
30965,7.6018
30966,7.3333
30967,8.1778
30968,4.6667
30969,8.0
30970,7.6018
30971,8.3793
30972,7.6667
30973,7.6018
30974,7.8936
30975,7.6018
30976,7.6018
30977,6.5938
30978,7.0571
30979,7.5
30980,7.6018
30981,7.5652
30982,7.6018
30983,9.0
30984,7.0
30985,7.6018
30986,7.6018
30987,7.0
30988,7.6018
30989,7.0
30990,7.6018
30991,7.6018
30992,6.9595
30993,8.0
30994,10.0
30995,7.8571
30996,10.0
30997,7.7447
30998,7.6018
30999,10.0
31000,7.6018
31001,7.6018
31002,7.75
31003,8.25
31004,7.6018
31005,8.3077
31006,7.6018
31007,7.6018
31008,7.6018
31009,6.3333
31010,8.8
31011,7.6018
31012,9.0
31013,7.6018
31014,9.2
31015,7.4545
31016,8.0
31017,2.0
31018,7.6018
31019,7.6018
31020,7.6018
31021,8.5
31022,7.6018
31023,7.125
31024,7.6018
31025,7.6018
31026,7.6018
31027,7.5
31028,7.6018
31029,7.8065
31030,8.4286
31031,7.6018
31032,7.0
31033,7.6018
31034,7.7619
31035,9.0
31036,7.8
31037,7.6018
31038,7.6018
31039,7.6018
31040,7.6018
31041,8.4286
31042,7.1013
31043,7.8148
31044,7.6018
31045,8.0
31046,7.6018
31047,8.0
31048,7.6018
31049,7.6018
31050,7.6018
31051,8.0
31052,7.0
31053,6.0
31054,7.6018
31055,7.7895
31056,7.6018
31057,7.6018
31058,7.6018
31059,9.0
31060,8.0
31061,9.0
31062,9.0
31063,7.6018
31064,5.75
31065,7.6018
31066,7.8571
31067,7.6018
31068,7.6018
31069,7.6018
31070,5.3333
31071,8.0
31072,10.0
31073,6.3333
31074,9.5
31075,8.5
31076,8.8
31077,8.0
31078,7.6018
31079,8.8065
31080,7.6018
31081,7.6018
31082,8.0
31083,7.6018
31084,7.6018
31085,5.0
31086,7.6018
31087,7.6018
31088,7.0
31089,9.0
31090,7.8333
31091,7.6018
31092,7.1429
31093,7.6018
31094,6.8
31095,9.2
31096,8.0976
31097,7.6018
31098,7.6018
31099,5.0
31100,7.8333
31101,7.4167
31102,7.0
31103,8.0
31104,6.97
31105,7.6018
31106,7.6018
31107,8.56
31108,8.1724
31109,7.2941
31110,8.625
31111,7.6018
31112,7.9487
31113,7.6018
31114,7.6018
31115,8.5714
31116,8.3333
31117,7.6018
31118,7.0
31119,7.6018
31120,7.625
31121,8.0
31122,7.6018
31123,7.6018
31124,7.6018
31125,9.0
31126,8.5556
31127,7.6018
31128,5.6667
31129,7.6018
31130,6.9595
31131,5.6
31132,9.0
31133,7.5
31134,8.0
31135,7.6018
31136,8.2727
31137,7.6018
31138,8.3333
31139,7.4444
31140,8.9375
31141,8.2857
31142,7.6018
31143,6.0
31144,7.6018
31145,7.6018
31146,7.6018
31147,7.8333
31148,7.6018
31149,7.6018
31150,8.9
31151,7.9524
31152,7.6018
31153,7.8125
31154,7.6018
31155,7.241
31156,8.4
31157,7.6018
31158,9.5
31159,7.6018
31160,8.0
31161,7.5312
31162,7.6018
31163,7.6018
31164,7.9286
31165,7.25
31166,7.0
31167,7.0
31168,7.6018
31169,7.6
31170,8.0
31171,6.25
31172,7.0
31173,6.2
31174,8.0
31175,8.5
31176,7.6018
31177,7.8571
31178,8.5
31179,10.0
31180,5.6667
31181,6.0
31182,8.2
31183,7.6018
31184,8.6667
31185,7.6018
31186,5.5
31187,7.6018
31188,6.5
31189,8.0
31190,9.0
31191,7.6018
31192,8.1
31193,7.75
31194,7.6018
31195,7.5833
31196,8.1667
31197,7.6018
31198,7.0667
31199,8.2217
31200,7.7447
31201,5.0
31202,7.6667
31203,8.6667
31204,6.375
31205,8.0652
31206,7.6018
31207,7.6018
31208,6.3333
31209,7.6018
31210,7.6018
31211,8.25
31212,7.3333
31213,7.6018
31214,7.6018
31215,7.6018
31216,7.0
31217,7.6018
31218,7.6667
31219,7.3333
31220,5.6667
31221,7.6018
31222,9.0
31223,7.6018
31224,7.6018
31225,7.3
31226,4.0
31227,7.9474
31228,7.6018
31229,7.6018
31230,7.3125
31231,8.75
31232,7.6018
31233,7.5385
31234,6.8333
31235,7.8571
31236,7.6018
31237,7.6018
31238,7.6018
31239,6.0
31240,7.6018
31241,6.5938
31242,7.6018
31243,6.5625
31244,7.6018
31245,8.5
31246,7.6018
31247,9.0
31248,9.0
31249,9.5
31250,8.0
31251,8.3333
31252,7.7273
31253,7.5
31254,6.6667
31255,7.0
31256,5.5
31257,7.6018
31258,7.1429
31259,7.6018
31260,7.6018
31261,7.6018
31262,8.0652
31263,7.6018
31264,6.5
31265,7.0
31266,7.6018
31267,6.0
31268,7.6018
31269,9.0
31270,7.6018
31271,7.5
31272,8.0
31273,7.6018
31274,7.6018
31275,8.0
31276,8.0
31277,6.0
31278,7.9118
31279,7.3333
31280,7.75
31281,4.0
31282,7.8667
31283,7.6018
31284,7.6018
31285,7.6018
31286,7.6018
31287,7.0
31288,7.641
31289,7.6018
31290,7.6018
31291,7.6018
31292,7.6018
31293,7.6018
31294,7.6018
31295,6.6667
31296,6.0
31297,8.6
31298,7.6018
31299,7.6018
31300,10.0
31301,9.0
31302,7.6018
31303,7.5
31304,8.0345
31305,8.5
31306,8.4615
31307,7.0
31308,7.6018
31309,8.0
31310,7.8065
31311,7.6018
31312,7.6018
31313,7.3333
31314,8.092
31315,7.5714
31316,8.8065
31317,7.8
31318,7.5312
31319,8.5
31320,7.6018
31321,7.6018
31322,7.6018
31323,7.2444
31324,7.6018
31325,8.8065
31326,6.5
31327,7.6018
31328,7.6018
31329,9.0
31330,9.0
31331,7.0
31332,8.0
31333,6.1579
31334,7.1538
31335,8.0
31336,7.6018
31337,7.5
31338,7.6018
31339,7.6018
31340,8.0
31341,7.6018
31342,8.0
31343,7.8571
31344,7.6018
31345,7.6018
31346,7.6018
31347,5.0
31348,8.2632
31349,7.1013
31350,7.8
31351,7.6018
31352,7.6018
31353,7.6018
31354,7.6018
31355,9.0
31356,7.6018
31357,7.0
31358,7.6018
31359,7.2453
31360,7.5
31361,7.4615
31362,6.0
31363,7.6018
31364,7.2162
31365,10.0
31366,7.6018
31367,7.5758
31368,7.6018
31369,7.6667
31370,7.0435
31371,9.0
31372,7.5
31373,7.5294
31374,6.5
31375,7.6018
31376,5.3333
31377,7.6
31378,7.25
31379,7.6018
31380,7.6018
31381,5.0
31382,6.4545
31383,6.0
31384,8.6
31385,7.0
31386,7.6018
31387,7.6018
31388,7.6018
31389,7.45
31390,7.6018
31391,7.0
31392,7.6667
31393,9.5
31394,8.092
31395,8.0
31396,7.0
31397,8.5
31398,7.6018
31399,7.6018
31400,8.0
31401,7.8235
31402,7.8571
31403,4.0
31404,8.1923
31405,7.6018
31406,8.3333
31407,8.4615
31408,7.8
31409,7.4958
31410,6.75
31411,7.6018
31412,7.6018
31413,7.6018
31414,7.7348
31415,8.7
31416,7.6018
31417,7.4688
31418,8.5385
31419,8.5
31420,7.9091
31421,8.4286
31422,7.5
31423,7.6018
31424,7.6018
31425,9.0
31426,8.4333
31427,8.0
31428,10.0
31429,7.6018
31430,9.0
31431,6.7692
31432,7.6018
31433,9.5333
31434,7.1163
31435,8.1765
31436,8.3333
31437,7.6018
31438,7.6018
31439,7.5
31440,7.6018
31441,7.6018
31442,7.6018
31443,7.6018
31444,7.6018
31445,7.8
31446,7.0
31447,6.5
31448,7.6018
31449,7.6018
31450,7.6018
31451,7.75
31452,7.4667
31453,4.1893
31454,7.9048
31455,7.6018
31456,7.5909
31457,7.6018
31458,7.6018
31459,7.5
31460,7.6
31461,5.0
31462,7.6018
31463,7.6018
31464,7.6018
31465,7.0
31466,7.6018
31467,7.3333
31468,8.75
31469,8.5
31470,7.6018
31471,7.6018
31472,7.6018
31473,7.6018
31474,7.6018
31475,6.4
31476,7.4688
31477,7.6018
31478,9.0
31479,8.0652
31480,8.3333
31481,7.6018
31482,8.0
31483,7.6018
31484,7.6018
31485,7.8125
31486,7.6018
31487,7.6018
31488,7.6018
31489,8.0588
31490,7.6018
31491,8.75
31492,7.6018
31493,6.0
31494,7.6018
31495,5.0
31496,8.2
31497,7.6018
31498,6.0
31499,8.8
31500,8.5
31501,7.6018
31502,7.6018
31503,7.5
31504,7.6018
31505,7.0
31506,7.6018
31507,7.0
31508,6.3333
31509,7.0
31510,7.6018
31511,6.0
31512,7.6018
31513,8.6
31514,7.6018
31515,7.6018
31516,7.6018
31517,7.5
31518,7.6018
31519,6.25
31520,7.6018
31521,7.6018
31522,7.6018
31523,6.3333
31524,4.0
31525,7.6018
31526,7.6018
31527,9.0862
31528,7.6018
31529,7.0
31530,7.6018
31531,7.6018
31532,7.9545
31533,5.5
31534,7.6018
31535,7.6018
31536,7.3333
31537,6.4286
31538,7.5
31539,9.0
31540,8.125
31541,7.6018
31542,7.6018
31543,7.6018
31544,10.0
31545,9.0
31546,7.9508
31547,7.6018
31548,9.0
31549,8.0
31550,7.7692
31551,7.6018
31552,7.6018
31553,7.5
31554,7.6018
31555,9.0
31556,8.3333
31557,7.0
31558,7.6667
31559,7.6018
31560,7.9375
31561,6.0
31562,7.6018
31563,7.6018
31564,7.6018
31565,7.6018
31566,7.6018
31567,7.8936
31568,7.5362
31569,7.6018
31570,9.1
31571,7.6018
31572,5.8333
31573,9.1538
31574,7.3333
31575,6.5
31576,7.6018
31577,7.6018
31578,5.0
31579,8.0
31580,7.0
31581,8.0588
31582,9.5
31583,7.5
31584,8.1519
31585,6.0
31586,7.6018
31587,6.5714
31588,7.9524
31589,9.1667
31590,8.5
31591,6.6667
31592,10.0
31593,7.0
31594,7.6018
31595,7.5
31596,7.6018
31597,5.0
31598,10.0
31599,7.6018
31600,8.0652
31601,8.5
31602,7.2222
31603,8.0
31604,7.6018
31605,7.6018
31606,8.5
31607,10.0
31608,5.5
31609,7.9048
31610,7.6018
31611,8.0
31612,8.2
31613,9.5
31614,7.8
31615,7.6018
31616,7.6667
31617,4.6667
31618,8.8
31619,7.6018
31620,6.9595
31621,7.0
31622,7.5
31623,9.0
31624,7.6018
31625,7.8065
31626,7.6018
31627,7.6018
31628,7.7667
31629,7.6018
31630,7.6018
31631,6.6667
31632,7.5
31633,8.8571
31634,8.2308
31635,9.0
31636,7.6018
31637,7.6667
31638,7.6667
31639,7.6018
31640,7.6018
31641,8.0
31642,7.6018
31643,5.0
31644,7.6018
31645,7.6018
31646,7.6018
31647,4.0
31648,7.6018
31649,7.5
31650,7.6018
31651,7.6018
31652,7.6018
31653,6.6
31654,7.6018
31655,10.0
31656,7.6018
31657,7.6018
31658,7.6018
31659,7.6018
31660,7.6018
31661,7.6018
31662,9.0
31663,8.0
31664,7.0
31665,8.6667
31666,7.6018
31667,7.5
31668,10.0
31669,7.0
31670,8.5
31671,10.0
31672,7.6018
31673,7.4615
31674,8.2143
31675,8.1111
31676,7.6018
31677,8.0
31678,7.6018
31679,7.8333
31680,7.8065
31681,8.5
31682,7.6018
31683,7.4783
31684,8.0435
31685,8.4167
31686,7.6522
31687,7.6018
31688,6.75
31689,7.8462
31690,8.4545
31691,9.25
31692,8.1842
31693,10.0
31694,7.6018
31695,8.1842
31696,8.1637
31697,7.6018
31698,7.6018
31699,8.6
31700,7.75
31701,8.5455
31702,8.0
31703,7.6018
31704,7.7
31705,7.0
31706,8.0
31707,7.6018
31708,7.0
31709,7.6018
31710,7.6018
31711,7.6018
31712,7.6018
31713,7.6018
31714,7.6018
31715,9.0
31716,7.6018
31717,7.2222
31718,7.1
31719,8.0976
31720,9.7143
31721,4.0
31722,7.5
31723,7.6018
31724,7.6018
31725,10.0
31726,7.6018
31727,7.0
31728,8.1667
31729,8.3333
31730,7.6018
31731,7.6018
31732,6.4
31733,7.6018
31734,7.6018
31735,7.0
31736,7.6018
31737,7.6018
31738,7.0435
31739,10.0
31740,7.9437
31741,6.75
31742,7.6018
31743,8.375
31744,7.0784
31745,7.6018
31746,7.6018
31747,8.4
31748,7.3333
31749,7.8065
31750,6.0
31751,7.1071
31752,7.1818
31753,7.8
31754,7.4
31755,7.6018
31756,7.8
31757,9.0
31758,7.6018
31759,7.6018
31760,7.3333
31761,7.625
31762,7.7778
31763,7.6018
31764,8.092
31765,7.6018
31766,5.0
31767,7.6018
31768,7.6018
31769,7.6018
31770,7.6018
31771,6.0
31772,8.36
31773,9.3333
31774,7.6018
31775,7.6018
31776,7.75
31777,8.3333
31778,8.0
31779,7.6018
31780,7.6018
31781,7.8913
31782,7.0
31783,10.0
31784,6.0
31785,7.8333
31786,8.8065
31787,7.8936
31788,9.0
31789,7.6018
31790,8.2727
31791,9.0
31792,7.6018
31793,7.6018
31794,7.6018
31795,7.6018
31796,7.6018
31797,7.5
31798,8.0
31799,7.7273
31800,8.0
31801,7.6018
31802,7.6018
31803,7.6018
31804,7.6018
31805,6.6
31806,7.6018
31807,7.5
31808,7.8571
31809,7.6018
31810,9.0
31811,7.6018
31812,7.6018
31813,7.8571
31814,7.6018
31815,8.7143
31816,7.6018
31817,7.8
31818,8.25
31819,7.6018
31820,7.6154
31821,7.6018
31822,7.25
31823,7.6018
31824,7.6018
31825,7.908
31826,7.6018
31827,7.6018
31828,7.0
31829,6.45
31830,7.2
31831,7.6018
31832,7.6667
31833,7.6018
31834,7.6875
31835,6.9565
31836,8.625
31837,7.6018
31838,7.8
31839,7.6018
31840,7.6018
31841,9.5333
31842,7.2308
31843,7.6018
31844,7.6018
31845,7.6018
31846,7.0
31847,7.6018
31848,7.6018
31849,8.2217
31850,7.5
31851,7.6018
31852,7.5833
31853,7.6018
31854,7.6018
31855,7.6018
31856,7.6018
31857,7.0
31858,8.2222
31859,7.6018
31860,7.0
31861,7.2857
31862,7.6018
31863,9.0
31864,7.6018
31865,7.2222
31866,6.1429
31867,8.75
31868,7.6018
31869,7.6667
31870,7.6018
31871,7.2857
31872,9.0
31873,9.0
31874,7.6018
31875,10.0
31876,7.6
31877,7.6018
31878,7.6018
31879,7.6018
31880,7.0
31881,7.6018
31882,7.6018
31883,7.6018
31884,5.8333
31885,6.5
31886,5.0
31887,10.0
31888,10.0
31889,7.9091
31890,7.6018
31891,6.0
31892,7.6018
31893,7.75
31894,8.6182
31895,8.2
31896,8.2778
31897,8.1333
31898,7.6018
31899,9.125
31900,7.6018
31901,8.5
31902,5.0
31903,7.0
31904,6.75
31905,7.6018
31906,7.6018
31907,8.6154
31908,7.8627
31909,7.6364
31910,6.3333
31911,8.1724
31912,7.6018
31913,6.0
31914,7.6018
31915,7.1463
31916,7.4286
31917,8.3333
31918,7.6018
31919,6.75
31920,7.3333
31921,5.0
31922,7.6018
31923,5.3333
31924,8.4
31925,7.6018
31926,9.0
31927,7.6018
31928,7.1163
31929,7.6018
31930,7.6018
31931,7.9459
31932,7.5417
31933,7.6018
31934,5.5
31935,8.6
31936,6.0
31937,5.0
31938,8.6667
31939,7.5
31940,7.6667
31941,7.6018
31942,7.6018
31943,7.6018
31944,7.6018
31945,7.6
31946,7.6018
31947,7.0
31948,3.0
31949,7.6018
31950,5.0
31951,7.25
31952,8.0
31953,7.3333
31954,7.6018
31955,7.6018
31956,7.0
31957,7.6018
31958,7.8148
31959,7.6018
31960,7.6018
31961,7.6018
31962,7.6018
31963,7.6018
31964,7.2162
31965,8.3077
31966,7.0
31967,7.6018
31968,5.6667
31969,8.2174
31970,6.5
31971,8.2857
31972,7.6018
31973,10.0
31974,7.0
31975,7.6875
31976,7.6018
31977,7.6018
31978,7.3571
31979,7.6018
31980,8.0
31981,7.4231
31982,6.0
31983,9.0
31984,8.0
31985,8.8
31986,8.2069
31987,8.2
31988,7.6018
31989,6.0
31990,8.5714
31991,9.0
31992,6.5
31993,8.0
31994,8.2
31995,8.0
31996,8.0
31997,6.6
31998,4.6667
31999,8.0526
32000,7.9518
32001,4.1893
32002,8.4167
32003,7.9487
32004,7.6018
32005,8.5
32006,10.0
32007,8.0
32008,7.9167
32009,7.0
32010,7.6667
32011,7.5
32012,7.0769
32013,7.6018
32014,7.0
32015,8.0
32016,7.25
32017,10.0
32018,7.6018
32019,7.6018
32020,10.0
32021,6.6667
32022,7.3333
32023,7.6018
32024,7.6018
32025,7.6018
32026,7.6018
32027,10.0
32028,9.0
32029,7.6018
32030,7.6018
32031,9.0
32032,6.0
32033,7.6018
32034,7.6018
32035,7.7045
32036,7.6018
32037,7.9545
32038,5.5
32039,7.6018
32040,10.0
32041,7.6018
32042,7.0
32043,9.1538
32044,7.6018
32045,8.3273
32046,7.6018
32047,6.0
32048,5.6667
32049,7.5
32050,7.6018
32051,7.6018
32052,7.6018
32053,7.6018
32054,8.5
32055,8.8095
32056,7.9474
32057,7.6018
32058,7.6018
32059,7.6018
32060,7.6018
32061,8.7778
32062,7.3235
32063,7.2381
32064,7.7143
32065,10.0
32066,7.6018
32067,8.4
32068,7.6018
32069,7.0
32070,7.6018
32071,7.625
32072,7.9508
32073,7.6018
32074,10.0
32075,7.6018
32076,7.6018
32077,8.0625
32078,4.0
32079,8.5
32080,7.6018
32081,7.6018
32082,7.6018
32083,8.4762
32084,5.5
32085,7.6018
32086,7.6018
32087,7.6018
32088,7.6018
32089,8.0
32090,7.5424
32091,7.6018
32092,8.0
32093,5.0
32094,7.6018
32095,6.3333
32096,7.0
32097,5.0
32098,7.4659
32099,7.7348
32100,7.5
32101,8.3636
32102,8.4167
32103,7.6667
32104,7.5362
32105,8.4
32106,5.5
32107,7.9231
32108,7.6667
32109,8.1842
32110,7.6018
32111,8.0
32112,7.0
32113,6.0
32114,7.6018
32115,8.1
32116,5.0
32117,8.0
32118,5.5
32119,7.6018
32120,7.0
32121,8.5455
32122,8.5
32123,8.8095
32124,7.6018
32125,8.0
32126,7.6018
32127,8.3333
32128,7.6018
32129,6.6
32130,7.6018
32131,7.6018
32132,6.3333
32133,7.8333
32134,5.0
32135,7.8
32136,7.0
32137,6.6667
32138,7.6018
32139,8.5455
32140,7.6018
32141,7.1667
32142,7.6018
32143,7.6018
32144,7.6018
32145,7.6154
32146,7.6018
32147,7.25
32148,6.3333
32149,10.0
32150,8.0
32151,7.8
32152,8.0
32153,7.0
32154,7.7348
32155,7.6018
32156,7.6018
32157,8.5
32158,6.6667
32159,7.0
32160,8.625
32161,7.6018
32162,7.0
32163,8.5
32164,8.6667
32165,7.6018
32166,7.6018
32167,7.25
32168,6.5
32169,7.0
32170,8.0
32171,8.0
32172,8.5
32173,10.0
32174,7.6018
32175,8.0
32176,8.1637
32177,7.8667
32178,7.5455
32179,7.5
32180,7.6018
32181,5.0
32182,7.0
32183,8.0
32184,7.6018
32185,7.6018
32186,7.6018
32187,8.36
32188,6.5938
32189,2.0
32190,7.6018
32191,7.6018
32192,7.908
32193,7.6018
32194,7.6018
32195,7.6018
32196,8.1333
32197,9.0
32198,7.8889
32199,7.6018
32200,7.6018
32201,8.1176
32202,7.6018
32203,7.6018
32204,8.25
32205,7.6018
32206,7.8667
32207,7.4667
32208,10.0
32209,8.5
32210,8.4286
32211,7.4328
32212,7.6018
32213,10.0
32214,7.6018
32215,8.7143
32216,7.6018
32217,8.5
32218,7.8571
32219,7.5
32220,7.8571
32221,6.75
32222,8.5
32223,7.6018
32224,7.6018
32225,7.9848
32226,9.1429
32227,7.6018
32228,6.0
32229,7.6018
32230,8.0
32231,9.0
32232,8.0
32233,7.6018
32234,7.6018
32235,8.3636
32236,7.7857
32237,7.6018
32238,7.6018
32239,7.7778
32240,7.9231
32241,5.0
32242,7.6111
32243,7.6018
32244,6.6111
32245,7.6018
32246,7.1667
32247,7.5
32248,7.6667
32249,7.6018
32250,7.6018
32251,7.6018
32252,6.6154
32253,7.6018
32254,9.0
32255,7.6018
32256,7.6018
32257,7.2222
32258,7.6842
32259,8.5
32260,7.6018
32261,10.0
32262,7.6018
32263,7.1667
32264,7.6018
32265,7.6018
32266,7.6018
32267,7.5
32268,7.6018
32269,7.6018
32270,8.2308
32271,8.3939
32272,8.0
32273,7.6018
32274,5.0
32275,7.75
32276,7.6018
32277,7.4412
32278,7.6018
32279,9.75
32280,8.0968
32281,7.2857
32282,7.6018
32283,7.6018
32284,8.1778
32285,7.9508
32286,8.5556
32287,7.67
32288,7.0
32289,7.6018
32290,9.7692
32291,7.0571
32292,7.1818
32293,7.6018
32294,7.0
32295,7.6018
32296,6.0
32297,7.6018
32298,7.6018
32299,7.6018
32300,7.6018
32301,2.0
32302,9.0
32303,5.5
32304,6.5
32305,9.5
32306,7.6018
32307,8.0652
32308,5.0
32309,7.125
32310,7.6018
32311,7.6
32312,5.75
32313,7.9048
32314,7.6018
32315,7.6018
32316,8.0
32317,10.0
32318,7.0
32319,7.7447
32320,7.5
32321,6.9595
32322,8.1
32323,9.0862
32324,7.8627
32325,7.0
32326,7.5
32327,7.8571
32328,9.0862
32329,7.7778
32330,7.6522
32331,6.8
32332,7.625
32333,7.25
32334,7.6018
32335,7.6667
32336,7.6018
32337,8.0
32338,7.6018
32339,7.6018
32340,7.6018
32341,7.6018
32342,7.6018
32343,8.0
32344,7.6018
32345,7.5
32346,7.6
32347,5.0
32348,8.0
32349,7.6018
32350,8.0
32351,8.0
32352,7.6018
32353,9.25
32354,8.1538
32355,7.0
32356,7.5
32357,7.0
32358,7.6018
32359,6.0
32360,7.6018
32361,7.7273
32362,7.6667
32363,7.6018
32364,7.6018
32365,7.6018
32366,8.0
32367,7.6018
32368,7.0
32369,7.6018
32370,7.6018
32371,7.6018
32372,8.1613
32373,8.6667
32374,7.6018
32375,7.6018
32376,7.0
32377,7.6296
32378,7.5
32379,7.6667
32380,7.0
32381,7.6018
32382,9.1667
32383,6.9565
32384,7.3529
32385,8.2217
32386,7.6018
32387,7.0
32388,7.908
32389,7.6018
32390,9.0862
32391,7.6018
32392,7.6018
32393,7.6018
32394,4.0
32395,7.5
32396,7.6018
32397,7.0
32398,6.0
32399,7.6018
32400,8.25
32401,8.0
32402,7.6667
32403,7.5714
32404,8.1111
32405,8.0652
32406,7.6018
32407,7.6842
32408,7.6018
32409,7.25
32410,8.0
32411,7.6018
32412,8.2222
32413,7.4783
32414,7.6018
32415,8.6182
32416,7.6018
32417,10.0
32418,5.0
32419,7.4615
32420,7.6018
32421,7.6018
32422,7.6829
32423,8.6667
32424,7.2727
32425,6.5
32426,7.6018
32427,7.75
32428,7.3333
32429,4.1893
32430,7.6018
32431,7.6018
32432,7.3
32433,7.6018
32434,7.6018
32435,7.75
32436,7.8571
32437,8.0
32438,7.6018
32439,7.3333
32440,7.6018
32441,9.0
32442,8.5
32443,7.6
32444,7.2162
32445,8.5
32446,6.0
32447,9.0
32448,8.6667
32449,7.6018
32450,7.6018
32451,5.0
32452,8.0
32453,7.6018
32454,7.6018
32455,8.2727
32456,9.0
32457,7.6018
32458,7.6018
32459,7.0
32460,7.6018
32461,7.6018
32462,7.3235
32463,10.0
32464,9.1667
32465,5.0
32466,8.1765
32467,8.5625
32468,6.0
32469,7.6018
32470,7.6018
32471,7.36
32472,7.67
32473,7.1667
32474,7.1333
32475,7.6018
32476,8.7609
32477,7.6018
32478,7.125
32479,7.6018
32480,7.6018
32481,7.6018
32482,7.6018
32483,8.1637
32484,9.0
32485,7.6018
32486,7.6018
32487,7.0
32488,8.0
32489,7.6018
32490,7.6018
32491,7.6018
32492,7.6018
32493,7.6018
32494,8.0
32495,7.1
32496,7.6018
32497,6.0
32498,7.6018
32499,7.6018
32500,8.0
32501,7.6018
32502,7.4444
32503,8.0
32504,10.0
32505,7.4828
32506,7.6018
32507,7.6018
32508,7.2857
32509,8.4286
32510,7.0
32511,7.6018
32512,7.9518
32513,6.8333
32514,8.7778
32515,5.0
32516,6.0
32517,7.6018
32518,7.6018
32519,7.6018
32520,5.0
32521,7.6018
32522,6.25
32523,7.6018
32524,6.0
32525,9.2
32526,8.0
32527,7.2857
32528,7.6018
32529,8.1429
32530,8.3333
32531,8.4
32532,7.6018
32533,7.2
32534,7.6018
32535,8.0
32536,7.6018
32537,7.6018
32538,3.0
32539,7.6018
32540,7.6018
32541,7.6018
32542,7.6018
32543,7.6018
32544,7.6018
32545,7.6018
32546,7.6018
32547,7.6018
32548,6.0
32549,7.6018
32550,7.125
32551,7.6018
32552,7.6018
32553,10.0
32554,5.0
32555,7.6018
32556,7.5714
32557,6.8333
32558,7.7667
32559,7.4
32560,8.1429
32561,7.6018
32562,7.6018
32563,7.9286
32564,7.5
32565,7.6018
32566,7.0667
32567,7.3191
32568,7.6018
32569,7.7348
32570,9.0
32571,6.0
32572,7.6018
32573,7.6018
32574,7.6018
32575,7.4615
32576,7.0
32577,6.7273
32578,7.2162
32579,7.6018
32580,7.0
32581,9.0
32582,8.1923
32583,7.6018
32584,9.0
32585,7.2857
32586,7.8065
32587,7.4286
32588,7.6018
32589,8.8065
32590,7.6667
32591,7.6018
32592,8.25
32593,7.6018
32594,7.6018
32595,8.2222
32596,9.0
32597,7.0
32598,8.1519
32599,8.1667
32600,7.0
32601,7.6018
32602,7.6018
32603,5.5
32604,8.6667
32605,6.0
32606,7.5417
32607,10.0
32608,7.6667
32609,7.6018
32610,7.5
32611,8.1818
32612,9.4667
32613,7.6018
32614,4.1893
32615,7.5
32616,7.6018
32617,7.6018
32618,7.125
32619,7.6018
32620,7.6018
32621,6.0
32622,7.6018
32623,7.6018
32624,5.6667
32625,7.1667
32626,7.6018
32627,7.5135
32628,8.0652
32629,10.0
32630,7.6018
32631,5.0
32632,7.908
32633,8.7
32634,10.0
32635,8.0
32636,7.6018
32637,7.6018
32638,7.6018
32639,7.8148
32640,8.0
32641,7.6018
32642,7.5909
32643,6.5
32644,7.6018
32645,7.375
32646,5.0
32647,7.6018
32648,7.6018
32649,8.04
32650,7.6018
32651,8.0
32652,8.6111
32653,7.3333
32654,7.6018
32655,7.6018
32656,7.8
32657,8.0652
32658,7.6018
32659,7.6018
32660,7.6018
32661,7.6018
32662,7.6018
32663,7.8
32664,7.0
32665,7.2
32666,10.0
32667,6.7143
32668,7.4286
32669,8.0
32670,7.6018
32671,7.6018
32672,7.6018
32673,10.0
32674,7.3778
32675,7.6018
32676,7.6018
32677,8.0
32678,7.6018
32679,7.6018
32680,10.0
32681,7.0
32682,7.6018
32683,7.625
32684,6.8333
32685,7.8
32686,7.6667
32687,7.6018
32688,7.6018
32689,7.6018
32690,6.3333
32691,7.6018
32692,7.3333
32693,8.6667
32694,7.6018
32695,8.0
32696,7.6018
32697,7.6018
32698,8.5
32699,7.5
32700,7.6018
32701,7.6757
32702,7.0
32703,7.6018
32704,7.6018
32705,7.6018
32706,8.5
32707,7.6018
32708,6.0
32709,7.6
32710,6.5625
32711,7.6018
32712,7.6018
32713,8.2857
32714,7.0
32715,9.2
32716,7.5
32717,7.6018
32718,7.4958
32719,5.6667
32720,7.6018
32721,8.0
32722,8.0
32723,7.0
32724,8.6667
32725,7.375
32726,7.6018
32727,8.0
32728,7.5263
32729,7.9545
32730,7.2
32731,4.0
32732,7.6018
32733,8.25
32734,7.0
32735,8.0
32736,7.6018
32737,7.6667
32738,8.0
32739,8.1724
32740,7.8065
32741,7.6018
32742,8.0
32743,7.6018
32744,10.0
32745,7.9333
32746,10.0
32747,7.6018
32748,4.0
32749,8.5714
32750,7.6018
32751,7.6018
32752,7.6018
32753,7.5
32754,7.6018
32755,7.8182
32756,7.6018
32757,7.6018
32758,7.6018
32759,7.6018
32760,7.5
32761,5.0
32762,7.6018
32763,8.7609
32764,7.6018
32765,7.65
32766,7.6018
32767,7.6018
32768,7.6018
32769,7.6018
32770,7.6018
32771,7.3333
32772,8.25
32773,7.6018
32774,5.3333
32775,7.6018
32776,7.0
32777,7.6296
32778,7.6018
32779,7.6018
32780,7.6018
32781,7.5294
32782,7.6018
32783,7.6018
32784,7.0
32785,7.6018
32786,7.9118
32787,9.0
32788,8.3529
32789,7.0
32790,8.0
32791,7.5758
32792,7.5
32793,6.8
32794,7.3529
32795,7.6667
32796,7.0
32797,7.6018
32798,7.0769
32799,7.6018
32800,6.6667
32801,7.75
32802,7.0
32803,8.375
32804,6.0
32805,7.2
32806,7.6018
32807,7.625
32808,7.6018
32809,9.0
32810,5.3333
32811,7.6018
32812,8.8065
32813,7.6018
32814,8.0652
32815,7.1739
32816,8.0
32817,7.2857
32818,7.6018
32819,7.8
32820,7.6018
32821,6.0
32822,7.6018
32823,7.6018
32824,7.6018
32825,7.6018
32826,8.0
32827,9.0
32828,7.6018
32829,8.0
32830,9.0
32831,8.0
32832,8.25
32833,9.0
32834,7.6018
32835,7.5362
32836,7.6018
32837,8.3273
32838,8.2222
32839,8.2857
32840,7.6018
32841,7.6018
32842,7.6018
32843,7.6018
32844,7.6018
32845,7.6018
32846,8.3333
32847,7.9437
32848,6.7692
32849,7.6018
32850,8.0
32851,7.6296
32852,7.0
32853,9.0
32854,7.6667
32855,8.2069
32856,7.6897
32857,7.6018
32858,6.625
32859,7.6018
32860,7.76
32861,8.4
32862,7.6018
32863,7.0
32864,8.0652
32865,8.3273
32866,7.6018
32867,7.5
32868,7.7119
32869,7.5714
32870,8.6667
32871,7.5
32872,7.6018
32873,7.6018
32874,7.5
32875,10.0
32876,8.3846
32877,7.6018
32878,7.6018
32879,8.0
32880,7.6018
32881,7.6452
32882,7.6018
32883,7.0
32884,7.6018
32885,9.0
32886,5.6
32887,9.2
32888,7.3125
32889,7.7348
32890,4.0
32891,7.6018
32892,7.0
32893,7.6018
32894,7.8125
32895,8.0
32896,8.9091
32897,7.6018
32898,7.6018
32899,8.4333
32900,8.0
32901,7.6018
32902,7.3333
32903,7.7692
32904,10.0
32905,7.6018
32906,7.6018
32907,10.0
32908,7.5833
32909,7.6018
32910,9.0
32911,8.1818
32912,7.7
32913,8.0976
32914,7.3
32915,7.8
32916,7.1429
32917,5.0
32918,7.4615
32919,4.1893
32920,7.6018
32921,7.6018
32922,6.0
32923,7.6018
32924,7.0
32925,10.0
32926,6.75
32927,6.6
32928,7.6018
32929,7.6018
32930,7.6018
32931,8.6154
32932,7.6018
32933,7.6018
32934,5.6
32935,7.6018
32936,7.6018
32937,9.0
32938,7.6018
32939,7.6018
32940,7.6018
32941,6.5429
32942,5.75
32943,6.5
32944,7.6018
32945,7.6018
32946,7.6018
32947,7.6018
32948,7.6018
32949,7.6018
32950,7.6018
32951,8.0
32952,7.6018
32953,6.6667
32954,7.241
32955,8.32
32956,6.7778
32957,7.0
32958,7.6018
32959,7.8333
32960,7.6018
32961,8.2857
32962,7.241
32963,7.0
32964,8.6667
32965,8.5385
32966,7.6667
32967,7.4375
32968,7.6018
32969,7.6018
32970,7.0
32971,7.6018
32972,7.6018
32973,7.0
32974,7.0784
32975,7.6018
32976,7.6018
32977,8.3333
32978,8.1333
32979,7.6018
32980,8.0
32981,7.7778
32982,7.6018
32983,9.5
32984,6.3333
32985,5.0
32986,7.6018
32987,7.6018
32988,7.6667
32989,7.6018
32990,7.6018
32991,10.0
32992,7.8333
32993,9.0
32994,6.0
32995,7.6018
32996,8.0652
32997,1.0
32998,5.0
32999,7.6018
33000,7.6018
33001,7.0
33002,7.6018
33003,7.6018
33004,6.5
33005,8.0
33006,7.5833
33007,7.3235
33008,7.6018
33009,7.6018
33010,7.5
33011,8.75
33012,7.9333
33013,7.1212
33014,7.6018
33015,7.5714
33016,7.1013
33017,7.6018
33018,7.6018
33019,8.25
33020,7.6667
33021,7.875
33022,7.6667
33023,7.6018
33024,10.0
33025,6.9792
33026,7.6018
33027,10.0
33028,7.36
33029,8.2857
33030,7.6018
33031,7.6018
33032,7.6018
33033,7.0
33034,8.8065
33035,8.0
33036,8.0
33037,4.1893
33038,9.0
33039,8.2857
33040,7.6018
33041,7.6018
33042,6.0
33043,7.6018
33044,7.6018
33045,5.8
33046,7.6018
33047,9.5
33048,6.0
33049,8.6667
33050,9.0
33051,7.6018
33052,6.5
33053,8.0
33054,7.6018
33055,7.6018
33056,8.0
33057,7.6018
33058,7.6018
33059,6.8
33060,2.0
33061,7.6018
33062,8.5
33063,7.2609
33064,7.6018
33065,7.6018
33066,7.6018
33067,8.9091
33068,8.0
33069,7.0
33070,7.8
33071,7.6018
33072,7.6018
33073,7.5
33074,7.6018
33075,7.6018
33076,8.0
33077,5.0
33078,7.9
33079,7.5424
33080,7.5
33081,8.0
33082,9.0
33083,7.6018
33084,7.6018
33085,8.6
33086,7.4615
33087,7.6018
33088,7.6018
33089,6.4
33090,4.0
33091,7.8571
33092,10.0
33093,7.6018
33094,8.1429
33095,7.0
33096,9.0
33097,6.9231
33098,9.0
33099,7.8125
33100,7.9518
33101,7.6
33102,7.6018
33103,8.0
33104,7.6667
33105,8.0
33106,8.3333
33107,7.6018
33108,8.7
33109,7.6
33110,4.0
33111,7.6018
33112,7.6018
33113,7.6018
33114,7.6018
33115,7.5
33116,8.0
33117,8.2222
33118,8.5714
33119,7.6018
33120,7.6018
33121,6.4
33122,8.0
33123,7.5362
33124,9.25
33125,8.5
33126,7.0
33127,7.0
33128,8.6
33129,7.6018
33130,9.0
33131,7.6018
33132,7.9561
33133,7.6018
33134,7.0
33135,7.6018
33136,7.6018
33137,7.6018
33138,7.4615
33139,7.9848
33140,9.7692
33141,6.0
33142,7.4706
33143,7.7447
33144,7.6018
33145,7.6018
33146,8.1
33147,10.0
33148,4.0
33149,6.9792
33150,7.75
33151,10.0
33152,7.5455
33153,7.6018
33154,7.6018
33155,7.6018
33156,7.0
33157,6.5
33158,7.3333
33159,8.5333
33160,8.0
33161,8.5
33162,5.0
33163,7.6018
33164,7.2
33165,7.0
33166,7.6018
33167,7.6018
33168,7.125
33169,7.3077
33170,8.0
33171,5.0
33172,8.1
33173,7.6018
33174,9.75
33175,7.0
33176,7.8182
33177,8.0
33178,7.8571
33179,7.6018
33180,7.908
33181,7.6018
33182,8.6
33183,7.0
33184,9.0
33185,6.8235
33186,7.5
33187,8.0
33188,8.0
33189,7.6018
33190,9.0
33191,7.6018
33192,8.0
33193,7.6018
33194,7.6018
33195,7.4762
33196,5.5
33197,7.6018
33198,7.6018
33199,7.6018
33200,8.0513
33201,10.0
33202,9.0
33203,7.6018
33204,7.6018
33205,8.0
33206,7.4615
33207,8.0
33208,7.375
33209,7.4328
33210,7.6018
33211,6.0
33212,7.6018
33213,7.25
33214,8.3333
33215,7.6018
33216,8.0
33217,7.4328
33218,6.8333
33219,8.0732
33220,7.6018
33221,8.5
33222,7.6018
33223,7.0
33224,7.6018
33225,7.5424
33226,8.3333
33227,8.3333
33228,7.6018
33229,7.6018
33230,8.0435
33231,7.3333
33232,7.6667
33233,7.7348
33234,7.8
33235,7.6018
33236,7.6018
33237,7.8667
33238,4.1893
33239,7.5714
33240,7.6018
33241,8.0
33242,7.6018
33243,8.0
33244,9.0
33245,8.3333
33246,7.625
33247,7.6018
33248,7.6018
33249,8.6667
33250,7.5
33251,6.0
33252,7.6018
33253,8.5
33254,7.6667
33255,9.0
33256,7.6018
33257,7.7348
33258,8.75
33259,9.0
33260,7.9231
33261,7.6018
33262,8.0652
33263,7.6018
33264,7.6018
33265,7.6018
33266,6.0
33267,8.4
33268,9.0
33269,7.6018
33270,8.2778
33271,7.0
33272,7.0
33273,9.2
33274,9.0
33275,7.75
33276,7.6018
33277,6.75
33278,7.6018
33279,7.6018
33280,8.1
33281,7.6667
33282,7.6018
33283,7.1429
33284,9.0
33285,6.5
33286,7.6018
33287,7.0
33288,10.0
33289,7.6018
33290,7.6018
33291,8.4286
33292,7.6018
33293,8.3333
33294,7.6018
33295,7.7667
33296,7.7273
33297,8.875
33298,8.125
33299,4.1893
33300,5.0
33301,9.1667
33302,7.6018
33303,7.6018
33304,7.6018
33305,7.6018
33306,7.6018
33307,7.9333
33308,7.6018
33309,9.5
33310,7.0
33311,7.6018
33312,7.6018
33313,7.0
33314,8.0
33315,7.6018
33316,7.6667
33317,7.6018
33318,7.6018
33319,7.0
33320,7.6018
33321,7.6018
33322,7.6
33323,9.0
33324,7.0
33325,7.6018
33326,7.9
33327,7.6018
33328,9.0
33329,5.0
33330,9.5
33331,7.6018
33332,7.6018
33333,7.4328
33334,7.6018
33335,8.7
33336,6.0
33337,4.1893
33338,7.6018
33339,7.6018
33340,8.6111
33341,7.6018
33342,7.25
33343,8.7667
33344,7.6018
33345,9.5
33346,7.6018
33347,7.0
33348,7.6018
33349,7.6018
33350,7.8936
33351,7.6018
33352,7.5
33353,7.0
33354,7.6018
33355,7.3333
33356,5.0
33357,7.0
33358,9.5
33359,9.0
33360,7.2
33361,7.6018
33362,10.0
33363,8.25
33364,7.6018
33365,7.9545
33366,7.6018
33367,7.6018
33368,7.6018
33369,7.6018
33370,8.3333
33371,8.0
33372,7.6018
33373,9.0
33374,7.7119
33375,6.8
33376,8.5
33377,7.6176
33378,7.6018
33379,4.0
33380,7.6018
33381,7.6018
33382,7.6018
33383,7.6018
33384,8.0
33385,5.0
33386,7.6018
33387,7.6018
33388,7.6018
33389,7.6018
33390,8.7609
33391,6.0
33392,7.4
33393,6.8182
33394,8.0
33395,7.6018
33396,7.9286
33397,7.5
33398,7.6018
33399,8.0
33400,7.5278
33401,7.6018
33402,7.9437
33403,7.6018
33404,7.6018
33405,7.0
33406,7.6018
33407,7.6018
33408,9.0
33409,7.6018
33410,7.6018
33411,7.6018
33412,7.6018
33413,8.1519
33414,8.6
33415,8.0
33416,7.6018
33417,7.6018
33418,7.6018
33419,7.7119
33420,7.5385
33421,7.6018
33422,8.2857
33423,7.6018
33424,9.0
33425,7.0
33426,7.6018
33427,9.0
33428,8.4
33429,7.6018
33430,7.6018
33431,5.0
33432,9.5
33433,8.6182
33434,9.3333
33435,7.6018
33436,7.75
33437,7.6018
33438,6.0
33439,7.6018
33440,9.0
33441,9.0
33442,7.3
33443,7.6018
33444,7.6018
33445,10.0
33446,7.8
33447,7.6018
33448,7.6018
33449,8.0
33450,7.5417
33451,7.6018
33452,7.6667
33453,7.6018
33454,8.5
33455,7.6018
33456,7.6018
33457,5.0
33458,7.6018
33459,7.6018
33460,7.6018
33461,7.6018
33462,7.3333
33463,7.5
33464,8.2217
33465,7.6018
33466,5.0
33467,8.0
33468,10.0
33469,7.6018
33470,7.5652
33471,7.6364
33472,7.9375
33473,9.0
33474,7.4667
33475,7.0
33476,7.0
33477,7.6018
33478,7.0
33479,7.5
33480,8.0
33481,7.6018
33482,8.0
33483,7.4328
33484,8.0
33485,7.3438
33486,8.5
33487,8.4
33488,8.0
33489,7.6018
33490,7.6018
33491,7.0714
33492,7.6018
33493,9.0
33494,8.0
33495,7.6018
33496,7.6018
33497,10.0
33498,6.0
33499,7.6018
33500,8.3333
33501,7.6018
33502,7.6018
33503,7.6018
33504,7.6018
33505,7.6018
33506,7.6018
33507,6.4545
33508,7.5
33509,7.6018
33510,7.6018
33511,7.5
33512,7.6154
33513,7.6018
33514,7.0
33515,6.25
33516,7.6018
33517,7.6018
33518,7.6018
33519,5.6667
33520,7.6018
33521,7.6018
33522,7.6018
33523,7.0
33524,8.2174
33525,7.6018
33526,7.6018
33527,7.6018
33528,7.7826
33529,6.7273
33530,7.6018
33531,7.6018
33532,7.0833
33533,7.6018
33534,8.0345
33535,7.4
33536,7.6018
33537,8.6667
33538,7.6018
33539,7.6018
33540,7.6018
33541,8.25
33542,9.0
33543,5.0
33544,7.6018
33545,7.6018
33546,5.0
33547,7.5
33548,7.6018
33549,8.6
33550,7.6018
33551,7.6018
33552,5.5
33553,8.5556
33554,9.0
33555,6.6667
33556,7.6018
33557,7.67
33558,8.2
33559,6.3333
33560,7.2
33561,7.4286
33562,7.6018
33563,10.0
33564,8.2
33565,10.0
33566,7.5
33567,7.6018
33568,7.6018
33569,8.4
33570,6.75
33571,9.0
33572,7.6018
33573,7.6018
33574,7.6018
33575,7.6018
33576,7.6018
33577,8.1519
33578,8.3333
33579,6.6
33580,7.4737
33581,7.0
33582,8.6667
33583,7.0
33584,6.6667
33585,8.0
33586,7.6018
33587,7.5
33588,7.2444
33589,7.6018
33590,9.4
33591,7.6018
33592,7.6018
33593,7.6018
33594,7.6018
33595,7.6018
33596,7.6018
33597,6.4
33598,7.6018
33599,7.6667
33600,5.9167
33601,7.7727
33602,7.6018
33603,7.6018
33604,8.1333
33605,9.0
33606,7.0
33607,7.6018
33608,7.8
33609,7.0
33610,7.0
33611,5.0
33612,7.6018
33613,6.5
33614,8.5
33615,7.6018
33616,7.0
33617,6.6667
33618,7.6018
33619,8.1429
33620,7.6018
33621,8.6
33622,7.8095
33623,8.1724
33624,7.6018
33625,7.9615
33626,6.6667
33627,7.6018
33628,8.0
33629,7.6018
33630,7.6018
33631,7.9091
33632,4.0
33633,7.6018
33634,8.0
33635,7.6018
33636,7.6018
33637,7.6667
33638,7.6018
33639,7.6018
33640,8.4444
33641,8.6667
33642,7.6018
33643,6.8333
33644,10.0
33645,7.9118
33646,7.6018
33647,7.6018
33648,7.25
33649,7.6018
33650,7.6018
33651,7.6018
33652,7.4328
33653,5.0
33654,7.5
33655,7.3333
33656,7.7222
33657,7.6018
33658,7.6018
33659,8.375
33660,7.1667
33661,7.6018
33662,8.2
33663,7.6018
33664,7.0
33665,7.8
33666,7.6018
33667,7.6018
33668,7.6018
33669,7.6018
33670,7.6018
33671,8.0435
33672,8.6667
33673,8.375
33674,8.0
33675,8.0
33676,7.8913
33677,8.0
33678,8.625
33679,7.5
33680,7.5294
33681,8.0
33682,7.1538
33683,7.8333
33684,7.6018
33685,7.6018
33686,8.0
33687,7.7045
33688,8.1429
33689,10.0
33690,7.6018
33691,7.6018
33692,7.6018
33693,7.0
33694,8.0833
33695,7.375
33696,7.6018
33697,8.7143
33698,8.2647
33699,7.6018
33700,7.6018
33701,7.0
33702,5.0
33703,7.1923
33704,7.75
33705,8.0
33706,7.6018
33707,7.6018
33708,7.0
33709,7.7143
33710,7.717
33711,7.6018
33712,9.0
33713,7.6018
33714,7.6
33715,7.6018
33716,8.0
33717,8.5
33718,7.7119
33719,6.5714
33720,7.6018
33721,7.6018
33722,7.6018
33723,7.6018
33724,7.6018
33725,6.5
33726,7.0
33727,7.625
33728,7.6018
33729,8.625
33730,7.6018
33731,8.5
33732,7.6018
33733,7.0
33734,7.6018
33735,7.6018
33736,7.6018
33737,6.5938
33738,9.0
33739,7.6018
33740,4.0
33741,7.0
33742,7.6018
33743,7.6018
33744,7.6018
33745,7.6018
33746,8.4444
33747,7.6018
33748,7.8913
33749,8.0
33750,7.6018
33751,8.2308
33752,7.6018
33753,7.6018
33754,7.6018
33755,7.6018
33756,7.6018
33757,7.6018
33758,7.6018
33759,8.0652
33760,8.6667
33761,7.6018
33762,5.0
33763,7.6018
33764,7.6018
33765,7.5
33766,7.6018
33767,7.6018
33768,6.0
33769,7.1667
33770,7.6018
33771,7.9091
33772,7.6018
33773,8.7857
33774,7.9487
33775,8.1429
33776,8.2222
33777,7.6018
33778,7.25
33779,6.97
33780,8.7
33781,9.25
33782,7.6018
33783,7.5714
33784,7.6018
33785,7.6018
33786,3.0
33787,7.3125
33788,8.4167
33789,8.0
33790,7.6018
33791,10.0
33792,10.0
33793,7.6018
33794,7.6018
33795,7.6018
33796,7.6018
33797,7.6018
33798,7.2162
33799,7.6018
33800,7.625
33801,7.875
33802,8.2222
33803,7.6018
33804,7.1667
33805,8.0
33806,7.6018
33807,7.6018
33808,7.8125
33809,9.0
33810,7.0
33811,7.6018
33812,7.6018
33813,7.0
33814,7.6018
33815,8.0
33816,7.6018
33817,7.6018
33818,7.6018
33819,6.0
33820,7.5
33821,7.6018
33822,7.8913
33823,8.3793
33824,7.6018
33825,7.6018
33826,7.6018
33827,8.5
33828,7.6018
33829,7.6018
33830,7.6018
33831,6.0
33832,8.0
33833,7.5
33834,7.3
33835,7.6018
33836,7.2162
33837,7.6018
33838,6.8333
33839,8.56
33840,7.6018
33841,9.0
33842,7.8333
33843,7.6667
33844,7.5
33845,7.8333
33846,7.6018
33847,7.6018
33848,7.375
33849,8.2857
33850,10.0
33851,7.6018
33852,7.6018
33853,5.0
33854,7.5714
33855,7.6018
33856,6.3333
33857,7.3333
33858,7.6018
33859,8.0513
33860,6.9565
33861,7.6018
33862,7.6296
33863,7.75
33864,7.0
33865,7.6018
33866,7.6018
33867,7.6018
33868,7.5
33869,7.6018
33870,8.0
33871,7.5556
33872,7.6018
33873,7.6018
33874,7.6018
33875,7.6018
33876,9.5
33877,7.6018
33878,7.6667
33879,7.0
33880,7.6018
33881,10.0
33882,7.6018
33883,7.6018
33884,6.75
33885,8.5
33886,7.3077
33887,7.6018
33888,5.8
33889,8.092
33890,9.0
33891,7.6018
33892,6.0
33893,7.8
33894,7.5135
33895,8.0652
33896,7.6018
33897,8.2217
33898,7.6018
33899,7.0
33900,7.6018
33901,7.6018
33902,7.6018
33903,10.0
33904,7.75
33905,7.6018
33906,8.4167
33907,7.0
33908,8.0
33909,9.0
33910,7.6018
33911,7.6018
33912,7.6018
33913,8.4
33914,8.0
33915,7.6018
33916,6.2
33917,7.5556
33918,9.0
33919,8.0
33920,8.0
33921,7.75
33922,7.6018
33923,6.6
33924,9.0862
33925,7.6018
33926,8.3333
33927,7.6018
33928,7.6018
33929,7.6018
33930,7.0
33931,7.6018
33932,5.0
33933,7.6018
33934,7.6018
33935,7.6018
33936,7.0
33937,5.5
33938,5.0
33939,7.6018
33940,6.0
33941,7.1071
33942,8.2217
33943,7.6018
33944,10.0
33945,7.6018
33946,7.5
33947,7.6018
33948,7.0
33949,6.875
33950,7.6018
33951,7.3235
33952,8.0
33953,7.4615
33954,7.6018
33955,7.6018
33956,7.1739
33957,8.4
33958,7.1818
33959,8.08
33960,7.6018
33961,7.6018
33962,6.8333
33963,7.2222
33964,7.6018
33965,4.1893
33966,7.5
33967,7.7143
33968,6.5
33969,7.7447
33970,6.5
33971,9.25
33972,7.6018
33973,7.9561
33974,7.6018
33975,9.0
33976,7.0
33977,7.3235
33978,7.3333
33979,8.0652
33980,8.0
33981,7.6018
33982,6.9444
33983,10.0
33984,7.6018
33985,7.6018
33986,7.9412
33987,7.6018
33988,7.1429
33989,7.0
33990,7.6018
33991,8.0
33992,8.2
33993,7.6018
33994,6.4444
33995,7.0769
33996,7.6018
33997,7.6018
33998,5.0
33999,7.6018
34000,7.6018
34001,10.0
34002,7.6018
34003,9.1429
34004,10.0
34005,8.0
34006,7.6018
34007,8.25
34008,7.6018
34009,8.3333
34010,7.6018
34011,7.6018
34012,7.7447
34013,6.0
34014,8.6667
34015,7.4444
34016,5.0
34017,7.6018
34018,6.5
34019,7.6018
34020,9.0
34021,7.6018
34022,6.0
34023,9.125
34024,8.2217
34025,9.0
34026,8.2353
34027,1.0
34028,6.3333
34029,7.6018
34030,7.6018
34031,7.6018
34032,6.0909
34033,7.6018
34034,7.5
34035,7.8333
34036,7.6018
34037,8.6667
34038,8.1667
34039,7.32
34040,7.6018
34041,8.4
34042,7.6018
34043,7.6018
34044,9.0
34045,7.1667
34046,7.6018
34047,7.6018
34048,7.6018
34049,7.75
34050,3.0
34051,7.6018
34052,10.0
34053,7.6018
34054,7.6018
34055,7.5556
34056,9.0
34057,7.6018
34058,8.1429
34059,7.6018
34060,8.4762
34061,7.6018
34062,7.6018
34063,8.4694
34064,7.3333
34065,9.0
34066,7.6018
34067,7.6018
34068,8.0
34069,8.0
34070,6.6667
34071,7.6018
34072,7.908
34073,7.6667
34074,7.0
34075,7.6018
34076,8.4694
34077,7.6018
34078,5.0
34079,6.8333
34080,4.1893
34081,7.6018
34082,8.0
34083,5.0
34084,8.1842
34085,7.6018
34086,7.6018
34087,7.6018
34088,7.4328
34089,7.0
34090,9.125
34091,7.6018
34092,7.6522
34093,8.8
34094,7.0
34095,7.0
34096,8.3333
34097,7.6018
34098,7.6018
34099,7.0
34100,8.1637
34101,7.0
34102,7.6018
34103,8.0
34104,7.6018
34105,7.6018
34106,7.5
34107,8.3273
34108,7.6018
34109,7.6018
34110,6.5
34111,9.0
34112,7.6018
34113,7.6018
34114,8.0
34115,5.0
34116,7.6018
34117,7.6018
34118,8.6842
34119,8.4
34120,7.0
34121,7.6018
34122,8.0
34123,8.3333
34124,7.6018
34125,7.6018
34126,7.6018
34127,5.0
34128,9.0
34129,7.6018
34130,7.6018
34131,8.3333
34132,6.0
34133,5.6
34134,7.6018
34135,8.0
34136,7.6018
34137,8.6
34138,7.6018
34139,7.6018
34140,7.6018
34141,7.6018
34142,5.0
34143,7.6018
34144,7.6018
34145,7.6018
34146,8.8065
34147,7.0
34148,8.5
34149,10.0
34150,7.6018
34151,7.6018
34152,7.4706
34153,7.525
34154,6.5
34155,7.6018
34156,8.2308
34157,7.6018
34158,7.6018
34159,8.3077
34160,7.6018
34161,7.6018
34162,7.2069
34163,9.0
34164,7.6018
34165,8.1778
34166,7.6018
34167,7.7447
34168,8.6667
34169,7.6018
34170,7.65
34171,7.6018
34172,7.6018
34173,7.6018
34174,10.0
34175,8.0652
34176,6.0
34177,8.1724
34178,7.8936
34179,7.4958
34180,7.7826
34181,7.7333
34182,4.0
34183,7.0
34184,7.0435
34185,7.6018
34186,7.6018
34187,7.6018
34188,7.75
34189,7.6018
34190,8.7143
34191,7.0909
34192,7.6018
34193,7.6018
34194,7.908
34195,7.6018
34196,7.6018
34197,5.5
34198,7.6018
34199,7.6018
34200,7.3333
34201,7.6018
34202,7.6018
34203,7.6018
34204,7.6018
34205,7.8667
34206,8.0
34207,8.2217
34208,7.6018
34209,8.0732
34210,7.6018
34211,7.6018
34212,7.6018
34213,6.6
34214,8.3333
34215,7.6018
34216,7.6018
34217,8.6
34218,8.6667
34219,7.6018
34220,7.0
34221,7.6018
34222,7.6018
34223,8.75
34224,7.0
34225,7.6018
34226,7.6018
34227,7.6018
34228,7.9508
34229,7.6018
34230,7.6018
34231,7.1333
34232,6.0
34233,7.0
34234,7.6018
34235,7.6018
34236,7.3333
34237,7.6018
34238,7.9518
34239,6.4545
34240,8.4
34241,7.75
34242,5.5
34243,7.6018
34244,7.2162
34245,9.0
34246,7.4231
34247,7.6018
34248,10.0
34249,10.0
34250,7.6018
34251,8.12
34252,9.3333
34253,7.75
34254,7.6018
34255,8.5
34256,7.2857
34257,8.3333
34258,7.6018
34259,7.6018
34260,7.641
34261,8.1429
34262,7.6018
34263,6.0
34264,7.6018
34265,7.0
34266,8.0
34267,7.9561
34268,7.6018
34269,8.5
34270,7.6018
34271,7.525
34272,7.6018
34273,7.6018
34274,7.8571
34275,7.6667
34276,8.0
34277,7.67
34278,7.6018
34279,9.0
34280,10.0
34281,5.0
34282,7.6018
34283,8.6
34284,8.3333
34285,8.6667
34286,7.6667
34287,7.6018
34288,7.6923
34289,9.0
34290,7.6667
34291,7.5789
34292,6.0
34293,8.0
34294,7.0
34295,8.0
34296,7.6018
34297,7.6018
34298,6.8571
34299,8.0
34300,7.6018
34301,7.6018
34302,7.6018
34303,7.6018
34304,10.0
34305,9.0
34306,7.6018
34307,7.1923
34308,7.5
34309,7.5
34310,6.9091
34311,8.2857
34312,7.25
34313,7.6018
34314,7.6018
34315,9.0
34316,8.0
34317,7.6018
34318,9.0
34319,9.5
34320,7.6018
34321,7.25
34322,9.5
34323,7.7059
34324,7.6018
34325,7.6018
34326,7.6018
34327,8.1818
34328,7.6
34329,7.6018
34330,7.6018
34331,7.6018
34332,7.6018
34333,7.9118
34334,7.2162
34335,7.6018
34336,6.6667
34337,7.6018
34338,7.3
34339,8.6667
34340,5.0
34341,7.6018
34342,7.5
34343,7.0
34344,7.0
34345,7.1739
34346,7.6111
34347,7.6018
34348,8.0
34349,9.0
34350,7.0
34351,6.6
34352,5.0
34353,8.25
34354,4.0
34355,7.6018
34356,8.0
34357,8.0
34358,7.6018
34359,8.36
34360,7.4659
34361,7.75
34362,5.5
34363,8.25
34364,6.5
34365,8.5455
34366,7.6018
34367,7.6018
34368,7.6018
34369,7.6018
34370,6.5
34371,8.4694
34372,6.0
34373,7.6667
34374,7.6018
34375,7.6018
34376,7.6018
34377,7.4
34378,7.6018
34379,8.0
34380,5.0
34381,5.0
34382,7.5
34383,7.6018
34384,7.6018
34385,8.0
34386,7.8333
34387,7.6018
34388,7.6018
34389,7.2444
34390,8.0
34391,6.5
34392,7.6018
34393,7.0
34394,6.9231
34395,7.6018
34396,7.6018
34397,7.6018
34398,8.6667
34399,7.6018
34400,7.6018
34401,7.6018
34402,8.5
34403,7.6018
34404,7.6018
34405,5.0
34406,7.6018
34407,7.6667
34408,7.5
34409,7.6018
34410,7.6018
34411,9.0
34412,7.0
34413,8.2308
34414,8.5455
34415,7.6018
34416,6.9565
34417,8.0
34418,7.5
34419,7.6018
34420,8.0
34421,8.0
34422,7.6018
34423,8.1538
34424,7.5
34425,7.9048
34426,6.0
34427,8.0
34428,7.871
34429,7.6757
34430,7.8571
34431,6.6
34432,8.5
34433,7.6829
34434,9.0
34435,8.0
34436,6.2857
34437,7.6018
34438,8.5
34439,7.6
34440,8.625
34441,5.0
34442,7.6018
34443,7.6018
34444,7.8936
34445,7.6018
34446,10.0
34447,7.6018
34448,7.6829
34449,7.6018
34450,7.6018
34451,4.1893
34452,5.0
34453,7.2162
34454,7.3548
34455,7.3462
34456,7.6018
34457,8.1923
34458,7.6018
34459,7.525
34460,8.0
34461,7.6018
34462,7.6018
34463,7.6018
34464,7.6018
34465,7.6018
34466,7.0
34467,7.5
34468,7.6018
34469,5.0
34470,7.6018
34471,8.3333
34472,6.2
34473,7.6018
34474,9.6667
34475,6.0
34476,5.5
34477,7.9
34478,8.2857
34479,9.1111
34480,7.6018
34481,10.0
34482,7.6018
34483,7.6018
34484,7.6018
34485,6.8571
34486,7.6018
34487,9.0
34488,7.7778
34489,7.6018
34490,7.6018
34491,8.0
34492,10.0
34493,7.6018
34494,8.4444
34495,8.875
34496,7.6018
34497,7.0
34498,7.6018
34499,7.6018
34500,8.0
34501,6.5714
34502,7.6018
34503,7.6018
34504,6.6667
34505,7.9333
34506,4.1893
34507,7.6018
34508,7.1923
34509,7.3333
34510,7.6018
34511,8.5385
34512,7.6018
34513,7.0
34514,7.0
34515,7.6667
34516,7.4
34517,7.6018
34518,7.0571
34519,7.6018
34520,7.75
34521,7.5
34522,8.9091
34523,7.0667
34524,7.6018
34525,10.0
34526,10.0
34527,8.0345
34528,10.0
34529,7.6018
34530,7.6018
34531,7.6018
34532,7.6018
34533,8.1429
34534,9.0
34535,7.6018
34536,7.6018
34537,7.6018
34538,7.75
34539,8.1765
34540,7.9518
34541,7.9118
34542,8.5
34543,7.1364
34544,7.6018
34545,7.6018
34546,8.5625
34547,7.6018
34548,9.0
34549,7.6018
34550,7.0
34551,7.6018
34552,8.0769
34553,5.0
34554,4.1893
34555,8.1519
34556,7.6018
34557,8.0
34558,7.6018
34559,7.6018
34560,7.6018
34561,8.6
34562,7.6018
34563,7.6018
34564,7.6018
34565,8.3333
34566,7.6018
34567,7.6018
34568,8.0
34569,5.0
34570,7.6018
34571,6.0
34572,7.0
34573,6.4
34574,7.6018
34575,7.2069
34576,7.6018
34577,7.6018
34578,10.0
34579,7.6018
34580,7.6018
34581,7.6018
34582,7.75
34583,7.6018
34584,7.6018
34585,7.6018
34586,7.75
34587,7.4444
34588,6.9444
34589,6.1579
34590,7.6018
34591,7.6018
34592,7.6018
34593,6.6
34594,7.2
34595,8.45
34596,7.6018
34597,7.6667
34598,7.6018
34599,7.6522
34600,7.0
34601,8.2121
34602,7.0
34603,7.6018
34604,7.908
34605,8.1905
34606,7.3438
34607,7.6018
34608,6.0
34609,8.75
34610,6.0
34611,7.3333
34612,6.0
34613,7.6018
34614,5.75
34615,7.6018
34616,7.6018
34617,7.6018
34618,8.5
34619,10.0
34620,7.1667
34621,7.6018
34622,7.3333
34623,10.0
34624,7.6018
34625,9.0
34626,8.2857
34627,8.1778
34628,7.6018
34629,7.6018
34630,7.0
34631,8.0
34632,8.7
34633,7.525
34634,7.6018
34635,5.5
34636,8.5385
34637,7.6018
34638,8.0
34639,7.6018
34640,6.5
34641,7.6018
34642,7.6018
34643,4.0
34644,8.0
34645,7.0
34646,9.2
34647,8.0
34648,10.0
34649,7.9231
34650,7.4
34651,7.0
34652,7.9561
34653,6.0
34654,6.97
34655,7.9474
34656,7.5
34657,7.6018
34658,7.7273
34659,9.0
34660,8.6667
34661,7.1667
34662,7.0
34663,7.5
34664,7.6018
34665,7.6018
34666,7.6018
34667,7.0
34668,7.6018
34669,7.6018
34670,7.6018
34671,8.0417
34672,7.6018
34673,8.125
34674,4.1893
34675,9.0
34676,8.25
34677,7.6018
34678,7.8095
34679,7.6667
34680,7.0
34681,7.6018
34682,7.0
34683,5.0
34684,7.6018
34685,7.6018
34686,6.0
34687,7.5
34688,7.0
34689,7.6018
34690,7.25
34691,7.6018
34692,7.4444
34693,8.75
34694,7.6018
34695,7.5424
34696,6.0
34697,7.6018
34698,7.7348
34699,8.1842
34700,7.6018
34701,6.3333
34702,8.0
34703,9.0
34704,7.6018
34705,7.6018
34706,6.0
34707,7.2857
34708,7.8889
34709,7.6018
34710,7.6018
34711,8.3
34712,9.0
34713,8.5
34714,4.5
34715,7.6018
34716,7.3333
34717,8.3333
34718,7.641
34719,1.0
34720,7.6018
34721,5.6667
34722,7.0
34723,7.6018
34724,8.0
34725,7.6018
34726,9.3333
34727,7.6018
34728,8.6667
34729,8.6667
34730,7.6018
34731,7.6018
34732,7.6018
34733,8.1
34734,7.2444
34735,7.2069
34736,7.6018
34737,7.0
34738,7.6018
34739,8.2
34740,7.5
34741,7.6018
34742,8.0
34743,9.0
34744,7.6018
34745,7.241
34746,5.0
34747,6.6111
34748,7.75
34749,7.6018
34750,8.6667
34751,6.1429
34752,7.6018
34753,8.5625
34754,7.0
34755,8.0
34756,7.4328
34757,7.6018
34758,7.6018
34759,7.3333
34760,7.6018
34761,7.6018
34762,7.6018
34763,7.6018
34764,7.6018
34765,7.8333
34766,8.0
34767,7.6018
34768,8.2217
34769,7.6018
34770,8.0652
34771,7.8571
34772,5.0
34773,7.6018
34774,8.0
34775,7.6018
34776,7.2222
34777,10.0
34778,6.0
34779,7.0
34780,7.2727
34781,7.6018
34782,7.6018
34783,6.0
34784,7.6018
34785,7.6667
34786,7.6018
34787,7.3333
34788,7.6018
34789,7.6018
34790,7.6018
34791,7.6018
34792,7.6667
34793,8.1667
34794,6.0
34795,6.0
34796,8.1429
34797,7.6018
34798,7.4444
34799,7.5
34800,7.8913
34801,10.0
34802,6.3333
34803,10.0
34804,7.6018
34805,4.1893
34806,7.6018
34807,7.6018
34808,8.8
34809,7.3125
34810,7.76
34811,9.0
34812,10.0
34813,7.0
34814,6.5
34815,7.6018
34816,7.6018
34817,7.6018
34818,8.0
34819,7.0
34820,7.0
34821,6.3333
34822,10.0
34823,5.0
34824,7.6018
34825,7.6018
34826,7.6018
34827,8.0
34828,7.1
34829,7.6018
34830,8.2174
34831,9.5
34832,8.0
34833,10.0
34834,7.5
34835,7.8889
34836,8.6
34837,7.6018
34838,7.1667
34839,7.25
34840,7.6018
34841,6.0
34842,7.6018
34843,8.25
34844,9.5
34845,7.6018
34846,5.0
34847,7.6018
34848,8.0652
34849,6.6667
34850,7.6018
34851,8.0652
34852,8.0
34853,10.0
34854,7.6018
34855,6.0
34856,7.6018
34857,8.092
34858,9.0
34859,7.6018
34860,7.6018
34861,7.6018
34862,7.6018
34863,7.5
34864,7.3333
34865,7.5
34866,7.6018
34867,7.3125
34868,7.6018
34869,8.0
34870,7.6018
34871,7.6018
34872,6.0
34873,7.6018
34874,7.6018
34875,7.6018
34876,7.6018
34877,6.2
34878,8.0
34879,6.6667
34880,7.6018
34881,7.6018
34882,8.0
34883,7.0784
34884,7.8095
34885,8.6111
34886,7.6018
34887,7.0
34888,8.2069
34889,7.65
34890,7.6018
34891,7.5714
34892,7.6018
34893,10.0
34894,4.0
34895,7.6018
34896,8.0
34897,6.2857
34898,7.3778
34899,7.9412
34900,7.6018
34901,6.8889
34902,7.6018
34903,7.6018
34904,7.6018
34905,7.6018
34906,7.6018
34907,8.1429
34908,7.6154
34909,7.2188
34910,7.6018
34911,7.6018
34912,8.0
34913,5.75
34914,6.0
34915,7.2857
34916,9.5
34917,8.0
34918,7.6018
34919,7.6018
34920,6.0
34921,5.0
34922,7.6018
34923,7.4
34924,8.35
34925,7.6018
34926,7.6018
34927,7.6667
34928,7.6018
34929,7.6018
34930,7.6018
34931,7.6018
34932,7.6667
34933,7.6018
34934,7.6018
34935,7.6018
34936,7.5
34937,7.8667
34938,7.6018
34939,7.75
34940,8.5
34941,4.6
34942,7.25
34943,7.6018
34944,7.6018
34945,7.6018
34946,9.3333
34947,8.25
34948,7.6018
34949,7.6018
34950,7.6018
34951,8.2222
34952,7.375
34953,7.6018
34954,8.0513
34955,7.3333
34956,6.1579
34957,7.6018
34958,7.6018
34959,7.6018
34960,6.0625
34961,7.6018
34962,8.25
34963,7.6018
34964,6.0
34965,7.1
34966,7.0
34967,7.6018
34968,7.3438
34969,4.1893
34970,9.25
34971,8.6111
34972,7.0
34973,7.6018
34974,7.6018
34975,7.6018
34976,8.0
34977,7.6018
34978,7.6018
34979,8.8333
34980,8.4
34981,7.6018
34982,7.6018
34983,10.0
34984,7.6018
34985,7.6018
34986,6.5714
34987,8.5
34988,7.3191
34989,7.6018
34990,6.5938
34991,7.6018
34992,7.6018
34993,8.0
34994,8.4
34995,5.0
34996,2.0
34997,8.0417
34998,7.6018
34999,9.0
35000,7.6018
35001,7.6018
35002,8.0
35003,8.5
35004,9.0
35005,7.1212
35006,7.6018
35007,7.6018
35008,7.6018
35009,7.6018
35010,8.0
35011,7.6018
35012,5.5
35013,7.5
35014,7.6018
35015,7.1538
35016,3.0
35017,6.7692
35018,5.0
35019,8.2857
35020,8.0
35021,7.6018
35022,7.6018
35023,7.6
35024,7.6018
35025,7.6018
35026,7.8667
35027,7.6018
35028,7.6018
35029,7.6018
35030,7.4375
35031,7.5833
35032,9.0
35033,7.6018
35034,8.5
35035,7.6018
35036,7.25
35037,8.1923
35038,3.0
35039,7.6018
35040,7.6018
35041,10.0
35042,8.0
35043,5.0
35044,7.7667
35045,8.0
35046,7.8571
35047,7.75
35048,7.6923
35049,7.6018
35050,7.1429
35051,7.4286
35052,6.8333
35053,7.6018
35054,7.6176
35055,7.6018
35056,9.0
35057,8.2308
35058,7.6018
35059,6.0
35060,7.0
35061,7.6018
35062,7.6018
35063,9.0
35064,8.2
35065,7.6018
35066,7.6
35067,6.0
35068,5.0
35069,8.2
35070,7.5556
35071,7.6018
35072,7.6018
35073,7.6018
35074,7.3333
35075,10.0
35076,7.6897
35077,8.4694
35078,8.2143
35079,9.0
35080,7.6018
35081,8.0
35082,6.8333
35083,7.6018
35084,7.6018
35085,7.6018
35086,7.0
35087,8.1637
35088,7.6018
35089,7.6018
35090,7.8333
35091,7.6018
35092,8.5
35093,7.6018
35094,7.6018
35095,9.0
35096,7.7045
35097,6.7143
35098,10.0
35099,8.0435
35100,7.6018
35101,8.0
35102,9.0
35103,7.6018
35104,6.9792
35105,7.5789
35106,6.0
35107,7.7273
35108,7.6018
35109,7.0
35110,8.1778
35111,7.2162
35112,7.6018
35113,7.6364
35114,7.0
35115,7.0
35116,7.6018
35117,7.5
35118,8.3636
35119,8.3333
35120,7.6018
35121,9.3333
35122,7.4375
35123,6.0
35124,7.8913
35125,7.6018
35126,7.6018
35127,7.6018
35128,7.6018
35129,7.0
35130,7.6
35131,7.6018
35132,7.6018
35133,10.0
35134,6.3333
35135,7.6018
35136,7.6018
35137,7.8
35138,8.0
35139,9.0
35140,7.6018
35141,9.5
35142,8.2778
35143,7.6018
35144,10.0
35145,8.0
35146,8.0
35147,7.241
35148,7.9561
35149,7.5
35150,7.6018
35151,8.6182
35152,7.6018
35153,8.1637
35154,6.6923
35155,7.5
35156,7.3235
35157,7.6018
35158,7.6018
35159,9.0
35160,7.0714
35161,7.4328
35162,7.6018
35163,7.3191
35164,8.2647
35165,7.6018
35166,7.6018
35167,7.6018
35168,7.36
35169,6.1579
35170,7.6018
35171,7.7778
35172,7.6018
35173,7.25
35174,6.0
35175,7.6018
35176,10.0
35177,8.3333
35178,7.6018
35179,7.6018
35180,7.6018
35181,7.6018
35182,6.1429
35183,7.6018
35184,7.4444
35185,6.25
35186,10.0
35187,7.6018
35188,7.6018
35189,7.6018
35190,8.1818
35191,7.6018
35192,8.6667
35193,8.0976
35194,7.2
35195,8.4615
35196,9.0
35197,10.0
35198,7.0
35199,7.6018
35200,7.6018
35201,8.7
35202,10.0
35203,8.0652
35204,7.6018
35205,7.0
35206,9.0
35207,7.3333
35208,7.5
35209,7.75
35210,7.6018
35211,7.6018
35212,8.3273
35213,8.0
35214,7.6018
35215,7.7222
35216,7.6018
35217,7.6018
35218,7.6018
35219,7.6018
35220,9.0
35221,7.6018
35222,7.6018
35223,7.6667
35224,7.6018
35225,7.6018
35226,8.1637
35227,7.8889
35228,7.3333
35229,8.9167
35230,8.4667
35231,7.6018
35232,7.6018
35233,7.2353
35234,7.6018
35235,6.0
35236,7.6018
35237,7.6018
35238,6.75
35239,7.6018
35240,7.6018
35241,8.1724
35242,7.6018
35243,7.6018
35244,7.4659
35245,8.0
35246,7.6018
35247,8.0
35248,7.0
35249,7.0
35250,7.6018
35251,7.5625
35252,7.5
35253,6.0
35254,7.6757
35255,6.0
35256,4.0
35257,7.0
35258,9.0
35259,7.6018
35260,7.6018
35261,7.6018
35262,7.6018
35263,7.6018
35264,7.6018
35265,6.6923
35266,7.6018
35267,6.5
35268,8.5
35269,8.25
35270,7.6018
35271,7.6018
35272,8.3636
35273,7.0
35274,7.6018
35275,7.6452
35276,7.6018
35277,7.6018
35278,7.6018
35279,10.0
35280,8.0
35281,7.6
35282,7.6018
35283,9.0
35284,7.0
35285,7.6018
35286,10.0
35287,7.0
35288,9.0
35289,8.0
35290,7.6018
35291,7.6018
35292,8.0
35293,6.875
35294,8.6
35295,7.6018
35296,7.6018
35297,7.0
35298,7.6018
35299,7.0
35300,7.6018
35301,8.04
35302,7.0
35303,7.6018
35304,6.0
35305,10.0
35306,4.5
35307,7.6018
35308,8.6
35309,7.6018
35310,7.6018
35311,7.6018
35312,7.6018
35313,7.6018
35314,7.6018
35315,7.6018
35316,6.0
35317,6.0
35318,7.8333
35319,8.0
35320,8.0
35321,7.6018
35322,8.2
35323,7.8
35324,6.9333
35325,7.6018
35326,7.0
35327,8.0
35328,7.6018
35329,7.6018
35330,7.6018
35331,7.6018
35332,6.0
35333,7.8
35334,7.9524
35335,7.6018
35336,6.0
35337,10.0
35338,7.6018
35339,5.0
35340,7.9231
35341,7.1667
35342,8.0
35343,9.0
35344,7.0
35345,7.6018
35346,7.1163
35347,4.75
35348,7.6018
35349,7.6018
35350,7.6018
35351,8.0
35352,7.6897
35353,10.0
35354,7.5
35355,10.0
35356,8.0476
35357,8.0
35358,7.7812
35359,7.6018
35360,7.8125
35361,6.0
35362,7.6018
35363,7.0
35364,6.5
35365,7.6018
35366,9.0
35367,9.0
35368,7.75
35369,6.2727
35370,7.6018
35371,8.0
35372,8.6667
35373,6.0
35374,6.0909
35375,7.6018
35376,7.0
35377,7.6018
35378,7.6018
35379,7.6018
35380,8.0
35381,7.6018
35382,7.0
35383,7.8627
35384,7.8571
35385,7.6018
35386,7.6018
35387,10.0
35388,7.6018
35389,7.0
35390,9.0
35391,7.6018
35392,7.6018
35393,8.3333
35394,7.9091
35395,8.0
35396,7.6018
35397,7.0
35398,8.8
35399,5.0
35400,8.125
35401,7.6667
35402,7.6018
35403,7.0
35404,7.4821
35405,8.3333
35406,7.9333
35407,8.75
35408,7.9437
35409,5.0
35410,6.5
35411,7.6018
35412,6.3333
35413,7.2453
35414,7.6018
35415,7.0
35416,8.1667
35417,7.6018
35418,7.6018
35419,7.6018
35420,9.0
35421,7.6018
35422,7.6018
35423,9.25
35424,6.0
35425,7.0
35426,7.6
35427,8.4762
35428,9.0
35429,5.2
35430,7.7348
35431,7.717
35432,7.6018
35433,7.6018
35434,9.0
35435,7.6018
35436,6.6
35437,8.5556
35438,4.0
35439,9.0
35440,8.0
35441,7.0
35442,10.0
35443,8.0
35444,7.6018
35445,8.6667
35446,10.0
35447,7.6018
35448,7.6018
35449,9.0
35450,7.6018
35451,7.6018
35452,8.8182
35453,8.1429
35454,7.6018
35455,9.0
35456,7.0
35457,8.2632
35458,7.6842
35459,8.0
35460,8.0
35461,6.9091
35462,7.6018
35463,7.6018
35464,7.2667
35465,8.75
35466,7.2609
35467,7.6176
35468,6.5
35469,7.6018
35470,7.6018
35471,9.0
35472,7.6018
35473,7.6018
35474,8.5
35475,8.0
35476,7.4958
35477,7.6018
35478,7.6018
35479,7.6018
35480,7.8
35481,9.7143
35482,7.6018
35483,7.6018
35484,7.6018
35485,7.9615
35486,7.9487
35487,8.5
35488,4.1893
35489,6.5
35490,7.6018
35491,7.6018
35492,7.6018
35493,7.6018
35494,7.6129
35495,7.6018
35496,7.0
35497,5.5
35498,8.25
35499,8.0
35500,7.5
35501,9.2
35502,9.3333
35503,7.6018
35504,7.6018
35505,7.6018
35506,7.6018
35507,7.9518
35508,8.0
35509,7.6018
35510,7.6018
35511,7.5
35512,8.0
35513,5.0
35514,10.0
35515,5.875
35516,6.75
35517,7.6018
35518,5.0
35519,7.6018
35520,7.6018
35521,7.6018
35522,7.6018
35523,7.6018
35524,8.0
35525,8.092
35526,7.6018
35527,7.5
35528,9.5
35529,7.6018
35530,8.1613
35531,8.3913
35532,7.6018
35533,7.6018
35534,7.6018
35535,7.6018
35536,7.6018
35537,7.6018
35538,7.6018
35539,7.2
35540,8.25
35541,8.0
35542,7.6018
35543,7.875
35544,7.6018
35545,7.6018
35546,7.6018
35547,7.6018
35548,7.3125
35549,7.0
35550,8.092
35551,7.6018
35552,8.25
35553,7.0
35554,8.0
35555,6.5
35556,7.6018
35557,7.6018
35558,7.0
35559,8.6667
35560,7.1333
35561,7.0
35562,7.6018
35563,8.0417
35564,7.6018
35565,7.6452
35566,7.6018
35567,8.6667
35568,10.0
35569,7.6111
35570,7.6018
35571,6.0
35572,7.6667
35573,7.5
35574,5.0
35575,7.6018
35576,8.0
35577,8.0
35578,7.6018
35579,7.6018
35580,7.6018
35581,4.1893
35582,7.6667
35583,7.6018
35584,7.0
35585,9.0
35586,7.9561
35587,7.1667
35588,7.6018
35589,7.6757
35590,7.6018
35591,7.6018
35592,7.6018
35593,7.6018
35594,7.3333
35595,7.6018
35596,7.0
35597,7.75
35598,7.4783
35599,7.6364
35600,5.0
35601,7.9412
35602,7.5
35603,7.6018
35604,7.6018
35605,7.6018
35606,8.0
35607,7.0
35608,10.0
35609,7.9459
35610,6.6
35611,7.6018
35612,7.8
35613,8.0
35614,7.0
35615,7.6018
35616,10.0
35617,8.0
35618,7.6018
35619,7.0
35620,7.6018
35621,4.1893
35622,6.5
35623,7.6018
35624,8.0
35625,7.9118
35626,6.8
35627,10.0
35628,10.0
35629,7.6018
35630,8.56
35631,7.6018
35632,7.908
35633,8.0
35634,8.0
35635,7.0784
35636,8.0
35637,7.6018
35638,8.5
35639,8.0
35640,7.6018
35641,8.0
35642,7.6018
35643,8.4286
35644,3.0
35645,8.0
35646,10.0
35647,7.6018
35648,7.6018
35649,9.6667
35650,7.8889
35651,7.6018
35652,7.6018
35653,7.6018
35654,7.0
35655,8.2069
35656,7.0
35657,7.6018
35658,7.6018
35659,8.0652
35660,5.0
35661,7.6364
35662,7.6018
35663,7.0
35664,7.6018
35665,8.0
35666,7.6018
35667,8.6667
35668,8.9
35669,8.6667
35670,7.6154
35671,7.6018
35672,7.6018
35673,7.6018
35674,10.0
35675,8.3333
35676,7.6018
35677,9.0
35678,5.3333
35679,8.0
35680,7.2
35681,7.6018
35682,7.6018
35683,5.3333
35684,7.6018
35685,7.6018
35686,7.6018
35687,7.6018
35688,8.0
35689,8.5
35690,7.6018
35691,7.6018
35692,6.0
35693,7.5
35694,7.6018
35695,7.6018
35696,7.6018
35697,7.6018
35698,8.25
35699,7.0
35700,7.9118
35701,7.6018
35702,9.6667
35703,8.1429
35704,7.6018
35705,8.1111
35706,8.0
35707,7.5
35708,8.5
35709,8.4667
35710,9.7143
35711,7.6018
35712,9.2
35713,7.6018
35714,7.6018
35715,7.9048
35716,7.6018
35717,7.6018
35718,7.0571
35719,7.6018
35720,6.0
35721,7.2
35722,7.6018
35723,8.0
35724,9.0
35725,7.6018
35726,6.0
35727,7.6018
35728,7.5
35729,7.0
35730,7.6018
35731,9.0
35732,7.6018
35733,7.9286
35734,7.6018
35735,7.6018
35736,7.6018
35737,7.8889
35738,8.0
35739,7.6018
35740,5.0
35741,7.6018
35742,7.9518
35743,7.6018
35744,7.6018
35745,7.6018
35746,7.7059
35747,7.6018
35748,7.6018
35749,7.6018
35750,7.6018
35751,4.0
35752,4.1893
35753,7.6842
35754,7.6018
35755,7.0
35756,7.3077
35757,8.0
35758,8.0
35759,7.908
35760,7.6364
35761,7.6018
35762,7.9231
35763,7.0
35764,7.6018
35765,8.5
35766,7.6018
35767,8.1
35768,7.5333
35769,7.6018
35770,8.0
35771,9.0
35772,7.5278
35773,7.9508
35774,7.6018
35775,8.75
35776,8.0
35777,7.6018
35778,7.6364
35779,7.6018
35780,8.0
35781,7.0435
35782,8.3333
35783,8.0
35784,4.0
35785,5.6
35786,7.5
35787,7.6018
35788,7.3191
35789,7.6018
35790,7.32
35791,7.6018
35792,7.6018
35793,6.375
35794,7.8627
35795,7.7812
35796,7.6018
35797,7.6018
35798,7.8
35799,8.0
35800,7.6018
35801,9.3333
35802,7.0
35803,7.6018
35804,7.0
35805,7.1667
35806,7.6018
35807,7.6018
35808,7.0
35809,9.7692
35810,7.6018
35811,7.6018
35812,7.1429
35813,7.6018
35814,9.0
35815,7.6018
35816,6.5
35817,8.7
35818,8.4
35819,7.6018
35820,7.4
35821,7.6018
35822,7.6018
35823,5.0
35824,4.1893
35825,10.0
35826,7.6018
35827,7.6018
35828,10.0
35829,7.6018
35830,7.6018
35831,7.6018
35832,7.6018
35833,8.0
35834,8.6154
35835,7.6018
35836,7.875
35837,7.6018
35838,7.6018
35839,6.6111
35840,8.2143
35841,8.0
35842,8.75
35843,8.0526
35844,7.6018
35845,7.7273
35846,7.9545
35847,9.0
35848,7.6018
35849,7.6018
35850,7.6018
35851,7.8065
35852,8.0
35853,6.0
35854,7.8
35855,8.0
35856,7.6018
35857,7.6018
35858,7.6018
35859,7.9444
35860,8.2222
35861,10.0
35862,6.0
35863,10.0
35864,7.5
35865,9.3333
35866,7.6018
35867,6.0
35868,7.9
35869,7.8
35870,7.8571
35871,7.6018
35872,7.6018
35873,8.0652
35874,8.5294
35875,6.6923
35876,7.6018
35877,7.6018
35878,7.6018
35879,7.6018
35880,8.0
35881,7.6018
35882,9.25
35883,7.6018
35884,7.6018
35885,7.6018
35886,7.6018
35887,10.0
35888,8.75
35889,6.5
35890,6.5
35891,9.0
35892,7.6018
35893,8.4333
35894,7.6018
35895,7.6018
35896,7.0667
35897,8.6667
35898,7.6018
35899,7.6018
35900,8.6
35901,8.5
35902,6.3571
35903,7.6018
35904,7.6018
35905,6.0
35906,7.6018
35907,7.5
35908,7.6018
35909,7.6018
35910,7.1667
35911,8.0
35912,7.6018
35913,8.1667
35914,10.0
35915,7.6018
35916,9.0862
35917,7.6018
35918,7.6018
35919,10.0
35920,7.8182
35921,7.2188
35922,7.6018
35923,7.6018
35924,8.3333
35925,7.6018
35926,7.3333
35927,7.6018
35928,8.5
35929,7.7692
35930,7.6018
35931,7.6018
35932,7.0
35933,8.5385
35934,7.6018
35935,7.6018
35936,6.75
35937,7.6018
35938,8.45
35939,9.0
35940,10.0
35941,7.6018
35942,7.6018
35943,7.5294
35944,7.6018
35945,7.6018
35946,9.0
35947,7.6018
35948,8.5625
35949,4.0
35950,7.6018
35951,6.25
35952,7.75
35953,7.6018
35954,8.0
35955,7.6018
35956,7.4783
35957,8.4167
35958,6.9375
35959,7.0
35960,7.6018
35961,7.9561
35962,5.5
35963,8.3
35964,7.6018
35965,7.6018
35966,9.0
35967,10.0
35968,8.75
35969,7.6018
35970,7.6018
35971,8.7857
35972,8.04
35973,7.0
35974,10.0
35975,7.9508
35976,7.1923
35977,7.6018
35978,7.6018
35979,5.875
35980,7.9231
35981,7.8333
35982,9.0
35983,7.6018
35984,7.6018
35985,6.3333
35986,8.1429
35987,7.6018
35988,9.2222
35989,8.3333
35990,7.8
35991,6.5
35992,7.6018
35993,7.6018
35994,7.6018
35995,7.7273
35996,7.0
35997,5.6667
35998,7.6018
35999,7.6018
36000,7.4328
36001,7.6018
36002,8.125
36003,7.6018
36004,7.0
36005,7.6018
36006,7.7857
36007,7.6018
36008,7.6018
36009,6.0
36010,7.6018
36011,7.6018
36012,7.75
36013,7.6018
36014,7.6018
36015,8.0
36016,7.6018
36017,7.871
36018,5.0
36019,7.6018
36020,7.9231
36021,9.0
36022,8.6667
36023,7.6018
36024,7.6018
36025,7.8571
36026,7.6018
36027,7.6018
36028,7.5
36029,7.6018
36030,7.0
36031,7.6018
36032,8.6
36033,7.6018
36034,8.0
36035,8.0
36036,7.6018
36037,7.6018
36038,7.6018
36039,8.0
36040,7.6018
36041,7.25
36042,7.6018
36043,7.6018
36044,7.375
36045,7.6018
36046,7.2
36047,7.6018
36048,7.5
36049,7.0
36050,7.7333
36051,9.0
36052,8.75
36053,7.6018
36054,7.25
36055,8.5
36056,7.1538
36057,5.0
36058,7.8936
36059,7.6018
36060,7.6018
36061,7.6018
36062,7.6018
36063,7.6018
36064,7.6
36065,7.8182
36066,7.6018
36067,7.4659
36068,8.1905
36069,7.6018
36070,8.1429
36071,8.3333
36072,7.6018
36073,8.1923
36074,7.6018
36075,7.5
36076,6.5
36077,7.6018
36078,7.7667
36079,7.6018
36080,7.5
36081,7.2353
36082,7.6018
36083,7.6018
36084,7.3333
36085,7.9189
36086,8.0417
36087,7.6018
36088,7.6018
36089,7.6018
36090,7.6018
36091,7.6667
36092,7.0
36093,7.6018
36094,5.0
36095,8.0
36096,7.6018
36097,7.6018
36098,8.4545
36099,8.3333
36100,9.0
36101,7.6018
36102,8.0
36103,7.5789
36104,7.6018
36105,7.2069
36106,9.0
36107,7.5385
36108,7.6018
36109,7.6018
36110,7.6018
36111,7.6018
36112,8.0769
36113,7.6667
36114,7.6018
36115,8.6667
36116,7.6018
36117,7.8333
36118,7.6018
36119,7.6018
36120,7.6018
36121,7.6018
36122,7.6018
36123,5.0
36124,8.5
36125,7.6018
36126,7.0
36127,8.0
36128,7.9615
36129,8.4
36130,7.9231
36131,7.6018
36132,7.6018
36133,7.8125
36134,6.8333
36135,9.0
36136,7.6018
36137,8.0513
36138,7.0
36139,7.6018
36140,7.9333
36141,8.0
36142,7.717
36143,7.6538
36144,7.6018
36145,7.0
36146,7.6018
36147,7.0
36148,8.2121
36149,7.6018
36150,5.0
36151,7.6018
36152,7.6018
36153,9.0
36154,7.6018
36155,7.6018
36156,7.6018
36157,7.0
36158,7.6018
36159,7.6018
36160,6.8333
36161,8.4762
36162,10.0
36163,7.6018
36164,7.6018
36165,8.2217
36166,7.6018
36167,7.0
36168,7.6018
36169,6.75
36170,6.2
36171,7.6018
36172,5.0
36173,8.3333
36174,8.8095
36175,7.6018
36176,8.5
36177,6.9792
36178,7.0
36179,7.0
36180,7.5294
36181,7.6018
36182,7.0435
36183,7.6018
36184,7.3
36185,10.0
36186,8.0
36187,7.6018
36188,8.0
36189,7.6018
36190,7.8889
36191,7.6018
36192,6.0625
36193,5.0
36194,8.2217
36195,7.25
36196,10.0
36197,7.6018
36198,8.3333
36199,8.125
36200,7.8667
36201,8.2647
36202,7.0
36203,7.6018
36204,7.9545
36205,7.6018
36206,5.0
36207,8.0
36208,7.6018
36209,7.6018
36210,8.5455
36211,7.1923
36212,8.0
36213,7.6018
36214,7.6018
36215,7.6018
36216,7.875
36217,8.0
36218,8.3333
36219,10.0
36220,7.6018
36221,7.6018
36222,7.4958
36223,7.6018
36224,8.4
36225,7.4
36226,8.0
36227,7.6018
36228,9.0
36229,6.7692
36230,7.6018
36231,7.6018
36232,7.6018
36233,7.6018
36234,8.4717
36235,7.6
36236,7.6018
36237,7.6018
36238,7.6018
36239,7.8125
36240,7.6018
36241,7.36
36242,7.6018
36243,7.5833
36244,7.0
36245,6.0
36246,7.6018
36247,7.25
36248,7.4
36249,8.0
36250,8.0
36251,7.6018
36252,7.6018
36253,6.1579
36254,8.8
36255,8.0
36256,8.0976
36257,8.5
36258,10.0
36259,7.6018
36260,7.6018
36261,7.0
36262,7.4286
36263,9.0
36264,7.4
36265,7.6018
36266,8.5
36267,7.0
36268,9.5
36269,7.6018
36270,7.6018
36271,7.6018
36272,8.0
36273,7.6018
36274,7.6
36275,9.0
36276,6.3333
36277,6.8
36278,7.6018
36279,7.7778
36280,8.4
36281,7.6018
36282,7.6018
36283,8.0
36284,7.0
36285,7.6018
36286,7.6018
36287,7.6018
36288,7.6018
36289,7.6018
36290,6.6667
36291,7.0
36292,7.6018
36293,6.4286
36294,7.6018
36295,7.6018
36296,7.6018
36297,8.2727
36298,8.1429
36299,7.1538
36300,7.5
36301,6.2
36302,8.4
36303,7.6018
36304,8.0435
36305,7.6018
36306,5.8
36307,5.5
36308,7.6018
36309,7.6018
36310,8.4
36311,7.5556
36312,7.6018
36313,8.3077
36314,6.25
36315,7.0435
36316,7.6018
36317,8.0435
36318,7.8095
36319,7.7143
36320,7.6018
36321,7.7826
36322,9.5
36323,8.1519
36324,7.6667
36325,8.0
36326,7.6018
36327,7.6018
36328,7.6018
36329,7.6018
36330,8.0
36331,7.6018
36332,7.0
36333,7.8065
36334,7.6018
36335,8.0
36336,8.4333
36337,9.0
36338,7.6018
36339,7.6018
36340,8.3333
36341,7.5
36342,7.6018
36343,7.75
36344,7.6018
36345,7.6018
36346,7.0
36347,5.0
36348,7.7778
36349,8.0
36350,7.6018
36351,9.1
36352,8.4
36353,7.3333
36354,6.6667
36355,7.6018
36356,7.6018
36357,7.6018
36358,7.6018
36359,7.6018
36360,7.6018
36361,7.8
36362,7.6018
36363,6.6
36364,7.6018
36365,9.0
36366,8.0
36367,7.6018
36368,7.1463
36369,8.5
36370,7.6018
36371,7.6018
36372,8.0
36373,7.6018
36374,4.6667
36375,7.6
36376,7.6018
36377,7.1212
36378,7.6018
36379,2.0
36380,7.6018
36381,7.6018
36382,8.0
36383,7.6018
36384,8.6
36385,7.6018
36386,7.6018
36387,7.6018
36388,7.6667
36389,8.1519
36390,6.3
36391,8.0
36392,5.0
36393,7.6018
36394,8.0
36395,7.4412
36396,8.0476
36397,7.6018
36398,7.6018
36399,7.5
36400,7.2857
36401,7.0714
36402,7.6018
36403,8.0
36404,8.35
36405,8.0
36406,7.6018
36407,7.3846
36408,7.6018
36409,8.0652
36410,7.6018
36411,8.3333
36412,7.6018
36413,7.75
36414,7.6018
36415,7.6018
36416,7.6018
36417,10.0
36418,7.6018
36419,7.6018
36420,7.0
36421,7.6018
36422,7.9518
36423,3.0
36424,7.6018
36425,9.2727
36426,8.25
36427,7.8571
36428,8.5
36429,8.1667
36430,7.5
36431,7.6018
36432,7.6018
36433,4.6667
36434,6.0
36435,7.6018
36436,7.6018
36437,5.5625
36438,7.6018
36439,7.0
36440,8.4333
36441,8.1
36442,7.6018
36443,8.1613
36444,7.6018
36445,7.6018
36446,8.2217
36447,7.6018
36448,8.0
36449,7.6018
36450,8.0
36451,7.8667
36452,8.1429
36453,7.6018
36454,7.6018
36455,8.1667
36456,7.6018
36457,7.5758
36458,7.2
36459,7.6018
36460,7.3333
36461,7.6018
36462,8.7857
36463,6.4286
36464,8.0
36465,5.0
36466,7.6018
36467,7.6018
36468,10.0
36469,7.6018
36470,6.25
36471,7.6018
36472,7.6018
36473,7.6018
36474,7.6018
36475,7.6018
36476,7.6018
36477,9.0
36478,7.6018
36479,9.7143
36480,7.0
36481,7.4659
36482,8.3636
36483,9.0
36484,7.375
36485,6.0
36486,7.5714
36487,7.625
36488,7.65
36489,9.0
36490,10.0
36491,7.6018
36492,7.6018
36493,8.0
36494,8.0
36495,7.6018
36496,7.6018
36497,7.0
36498,7.67
36499,7.2353
36500,4.1893
36501,7.0
36502,7.5
36503,8.4762
36504,8.5
36505,7.6018
36506,7.6875
36507,10.0
36508,7.6018
36509,7.6018
36510,8.0
36511,7.6018
36512,8.3333
36513,7.6018
36514,7.6018
36515,8.0
36516,7.4231
36517,7.6018
36518,7.5
36519,7.0
36520,5.0
36521,7.6018
36522,7.6018
36523,7.6018
36524,7.6018
36525,7.6018
36526,5.0
36527,7.6018
36528,8.3333
36529,7.6018
36530,8.0769
36531,7.9437
36532,8.0732
36533,7.6018
36534,7.8
36535,7.6018
36536,7.6667
36537,6.5
36538,7.2069
36539,8.2857
36540,8.0
36541,7.6018
36542,7.6018
36543,7.2308
36544,7.6018
36545,8.1667
36546,8.2727
36547,7.6018
36548,7.6018
36549,7.6018
36550,7.6018
36551,6.0
36552,7.6018
36553,7.717
36554,7.0
36555,8.4762
36556,8.0
36557,7.6018
36558,7.6018
36559,7.6018
36560,7.0
36561,7.0
36562,9.0
36563,8.3939
36564,9.3333
36565,7.8333
36566,7.6018
36567,5.0
36568,9.0
36569,7.6018
36570,7.6018
36571,10.0
36572,7.6018
36573,7.8889
36574,7.6018
36575,9.0
36576,6.0
36577,7.6018
36578,7.6018
36579,7.6018
36580,6.2
36581,8.0
36582,7.6018
36583,7.3333
36584,7.6018
36585,7.6018
36586,7.1429
36587,7.6018
36588,7.6018
36589,7.6018
36590,8.5
36591,8.2174
36592,7.0
36593,7.9667
36594,7.6018
36595,9.0
36596,6.5
36597,7.4737
36598,7.6018
36599,7.9118
36600,7.8
36601,7.75
36602,8.0
36603,8.5
36604,7.5556
36605,7.6018
36606,7.6018
36607,8.0
36608,7.6018
36609,7.6018
36610,7.5
36611,7.6296
36612,7.6018
36613,6.6667
36614,7.75
36615,6.0
36616,7.6018
36617,7.0
36618,7.6018
36619,7.6018
36620,7.6018
36621,7.6018
36622,9.0
36623,7.6018
36624,8.0513
36625,8.5
36626,7.5833
36627,9.5
36628,8.0
36629,10.0
36630,7.4762
36631,7.8667
36632,7.6897
36633,7.1429
36634,7.6018
36635,7.6018
36636,7.6018
36637,7.0
36638,10.0
36639,7.0
36640,7.6018
36641,8.5
36642,7.6018
36643,5.6
36644,7.6018
36645,8.5
36646,7.6018
36647,6.5
36648,9.0
36649,7.6018
36650,8.0
36651,7.8125
36652,8.125
36653,7.6018
36654,7.6018
36655,10.0
36656,8.0
36657,7.6018
36658,10.0
36659,7.6018
36660,7.6018
36661,5.0
36662,7.6018
36663,6.0
36664,9.5
36665,7.6018
36666,7.6018
36667,8.0
36668,7.8125
36669,7.6018
36670,5.0
36671,7.6018
36672,7.6018
36673,10.0
36674,7.6018
36675,7.0
36676,6.25
36677,7.0
36678,7.5
36679,7.6018
36680,8.25
36681,7.6018
36682,7.6018
36683,7.6667
36684,7.6018
36685,7.6018
36686,9.1111
36687,7.2
36688,8.0
36689,7.6018
36690,7.0
36691,7.6018
36692,7.6018
36693,9.0
36694,8.0
36695,10.0
36696,6.375
36697,8.0
36698,7.6018
36699,7.6018
36700,7.2609
36701,5.0
36702,8.2
36703,7.6018
36704,8.25
36705,7.6018
36706,8.7
36707,5.6667
36708,7.2381
36709,7.8
36710,7.6018
36711,7.6018
36712,8.8
36713,8.0
36714,7.6018
36715,9.0
36716,7.0
36717,7.6018
36718,7.6018
36719,8.3077
36720,7.4328
36721,7.6018
36722,8.5714
36723,8.4
36724,5.0
36725,7.0
36726,10.0
36727,7.6757
36728,7.6018
36729,7.3333
36730,7.6018
36731,7.6018
36732,7.6018
36733,7.3235
36734,9.0
36735,6.875
36736,7.6018
36737,7.3778
36738,8.125
36739,7.6018
36740,7.6018
36741,8.0
36742,7.0571
36743,8.0652
36744,7.5
36745,7.6018
36746,7.6018
36747,8.5
36748,7.6018
36749,7.6018
36750,7.8571
36751,7.1071
36752,7.8125
36753,9.0
36754,7.6018
36755,9.5
36756,5.0
36757,7.6018
36758,7.375
36759,9.0
36760,7.6018
36761,7.6018
36762,7.6018
36763,8.0
36764,7.6018
36765,10.0
36766,7.5
36767,10.0
36768,7.641
36769,7.5
36770,7.6018
36771,6.6667
36772,8.6667
36773,7.9333
36774,7.6018
36775,7.6018
36776,6.8889
36777,8.3529
36778,7.6018
36779,6.3333
36780,7.6018
36781,7.6018
36782,6.7143
36783,7.0
36784,7.8913
36785,8.0
36786,10.0
36787,7.6018
36788,8.0
36789,7.6018
36790,8.0
36791,7.9437
36792,7.2941
36793,7.7273
36794,4.1893
36795,7.6018
36796,7.6018
36797,9.0
36798,7.6018
36799,7.6018
36800,8.0
36801,7.6018
36802,7.6018
36803,7.6018
36804,7.6018
36805,10.0
36806,7.8065
36807,7.6018
36808,7.6018
36809,7.5
36810,7.6018
36811,7.6018
36812,7.6667
36813,10.0
36814,7.6018
36815,7.6018
36816,8.1923
36817,7.6018
36818,7.6018
36819,7.0
36820,7.6667
36821,7.3
36822,7.0
36823,6.0
36824,7.6018
36825,9.0
36826,7.6018
36827,6.8889
36828,7.6018
36829,7.6018
36830,7.5
36831,8.0
36832,7.2222
36833,7.5556
36834,8.375
36835,7.6667
36836,7.6018
36837,7.6018
36838,7.6018
36839,6.6667
36840,7.0
36841,7.6018
36842,7.6018
36843,7.6018
36844,6.0
36845,9.5
36846,7.6296
36847,7.6018
36848,9.0
36849,8.1818
36850,9.25
36851,7.6018
36852,7.6018
36853,6.6667
36854,7.6018
36855,7.0
36856,7.6018
36857,7.5
36858,7.6018
36859,7.9508
36860,7.6018
36861,7.6018
36862,8.5
36863,7.6018
36864,7.375
36865,8.2941
36866,7.6018
36867,7.2
36868,7.717
36869,7.6018
36870,8.5
36871,7.6018
36872,7.6018
36873,7.6018
36874,7.6018
36875,7.6018
36876,7.6018
36877,7.0
36878,7.6018
36879,6.0667
36880,7.0
36881,7.3333
36882,8.4444
36883,7.6018
36884,7.3
36885,7.6018
36886,8.5556
36887,7.6018
36888,8.0
36889,7.6018
36890,9.2727
36891,9.0
36892,7.6667
36893,7.6
36894,8.4167
36895,8.7
36896,7.5
36897,9.0
36898,7.9437
36899,7.6829
36900,8.1637
36901,7.6018
36902,9.0
36903,7.4615
36904,9.5
36905,7.6018
36906,7.0
36907,8.1637
36908,7.6018
36909,7.6018
36910,7.0
36911,6.3333
36912,7.6018
36913,7.6018
36914,7.6018
36915,8.2727
36916,7.6018
36917,7.6018
36918,7.6018
36919,7.0
36920,8.25
36921,6.4286
36922,7.6522
36923,7.6018
36924,7.2
36925,7.6018
36926,8.1724
36927,7.0
36928,8.04
36929,7.9333
36930,7.6018
36931,7.6018
36932,8.0
36933,7.6018
36934,8.8
36935,8.8095
36936,7.6018
36937,8.0
36938,7.5758
36939,8.1637
36940,9.5
36941,8.1637
36942,7.6018
36943,7.6018
36944,7.6018
36945,7.8
36946,9.0
36947,9.0
36948,7.6018
36949,7.8
36950,7.6018
36951,9.0
36952,7.6018
36953,8.0625
36954,7.6018
36955,7.5
36956,7.6018
36957,7.6018
36958,5.6667
36959,7.6018
36960,7.5
36961,7.8519
36962,7.4286
36963,7.6018
36964,7.6018
36965,7.5
36966,8.0513
36967,5.0
36968,6.5833
36969,5.0
36970,7.3438
36971,7.625
36972,7.76
36973,8.0
36974,7.6018
36975,7.8065
36976,8.0
36977,7.6018
36978,8.5
36979,8.0
36980,7.6018
36981,9.0
36982,7.6018
36983,7.3333
36984,8.25
36985,8.3333
36986,7.6018
36987,7.6018
36988,7.6018
36989,5.0
36990,6.6667
36991,6.0
36992,6.0
36993,10.0
36994,7.6667
36995,7.6018
36996,9.5
36997,8.5
36998,7.6018
36999,7.1667
37000,7.6018
37001,7.6018
37002,7.6018
37003,8.8182
37004,8.75
37005,10.0
37006,7.6018
37007,7.6018
37008,7.6018
37009,7.6018
37010,7.6018
37011,7.7273
37012,8.2217
37013,7.7059
37014,8.25
37015,7.25
37016,7.6018
37017,5.0
37018,9.0
37019,8.3333
37020,7.6018
37021,6.9792
37022,7.6018
37023,7.2
37024,7.0
37025,7.6018
37026,4.3333
37027,7.6018
37028,7.6018
37029,8.0
37030,9.0
37031,7.6018
37032,7.6018
37033,8.5
37034,7.6018
37035,8.2
37036,7.6018
37037,7.6018
37038,7.6018
37039,7.1538
37040,7.75
37041,7.6018
37042,7.6018
37043,7.0
37044,8.6
37045,8.1724
37046,8.2217
37047,7.6018
37048,7.641
37049,8.12
37050,8.3636
37051,7.6018
37052,10.0
37053,7.6018
37054,7.6018
37055,8.7143
37056,7.0
37057,7.6018
37058,7.6018
37059,8.25
37060,8.0
37061,7.2353
37062,7.6018
37063,7.6018
37064,7.6018
37065,7.6018
37066,7.6018
37067,9.0
37068,7.25
37069,7.4667
37070,7.6522
37071,6.2
37072,7.6018
37073,7.6018
37074,8.0
37075,4.75
37076,7.0
37077,8.5
37078,7.6018
37079,8.0
37080,7.6018
37081,8.75
37082,7.88
37083,7.4328
37084,8.3333
37085,7.6018
37086,7.6018
37087,7.6018
37088,7.6018
37089,7.6018
37090,7.6018
37091,7.6018
37092,7.8
37093,7.0
37094,7.6018
37095,7.6018
37096,7.9545
37097,7.0
37098,7.6018
37099,7.8182
37100,8.2857
37101,7.6018
37102,7.6018
37103,7.6018
37104,7.6018
37105,9.0
37106,7.7348
37107,7.0
37108,7.6018
37109,7.4
37110,7.5
37111,7.6018
37112,6.0
37113,10.0
37114,5.0
37115,7.7447
37116,8.3273
37117,7.6018
37118,7.6018
37119,8.5556
37120,5.3333
37121,7.6018
37122,8.0
37123,7.6018
37124,4.6667
37125,8.5
37126,7.6018
37127,6.3
37128,7.5
37129,8.2
37130,8.2
37131,7.6018
37132,6.6667
37133,7.0
37134,6.5
37135,7.6018
37136,8.0
37137,8.0
37138,7.6018
37139,7.6018
37140,7.6018
37141,7.6018
37142,7.6018
37143,7.6018
37144,6.8333
37145,7.6018
37146,7.0
37147,4.0
37148,8.5
37149,3.0
37150,8.0
37151,9.0
37152,7.6018
37153,7.6018
37154,7.6018
37155,8.5
37156,6.3333
37157,7.6018
37158,8.1667
37159,7.6018
37160,8.6667
37161,7.6018
37162,7.6018
37163,8.0
37164,7.6018
37165,9.0
37166,5.8333
37167,7.5
37168,7.0
37169,7.0
37170,5.0
37171,7.6018
37172,6.5
37173,6.5429
37174,9.0
37175,7.6018
37176,6.25
37177,7.6018
37178,7.6018
37179,8.0
37180,7.4958
37181,8.3
37182,7.6018
37183,7.6018
37184,5.8333
37185,10.0
37186,7.5556
37187,9.5
37188,7.6364
37189,7.6018
37190,7.6018
37191,7.3333
37192,5.75
37193,7.125
37194,5.0
37195,7.6018
37196,6.6
37197,8.4
37198,8.0
37199,6.3333
37200,7.6018
37201,5.5
37202,7.9615
37203,7.6018
37204,7.4615
37205,7.6018
37206,7.6018
37207,9.0
37208,7.6018
37209,7.6018
37210,7.6452
37211,7.6018
37212,7.6018
37213,7.6018
37214,7.6018
37215,7.6018
37216,7.6018
37217,7.2444
37218,7.8
37219,9.0
37220,7.2353
37221,8.3333
37222,7.6018
37223,7.6018
37224,7.2857
37225,7.4762
37226,7.6018
37227,7.0
37228,8.0
37229,6.5
37230,7.6018
37231,7.7667
37232,7.6018
37233,8.0
37234,9.0
37235,6.875
37236,10.0
37237,7.6018
37238,6.3333
37239,7.6018
37240,7.6018
37241,7.4286
37242,7.6018
37243,7.6018
37244,7.6018
37245,7.6018
37246,7.6018
37247,10.0
37248,7.15
37249,7.6018
37250,7.6018
37251,7.6018
37252,8.0
37253,7.6018
37254,9.0
37255,8.0
37256,7.5
37257,7.6018
37258,9.0
37259,8.5
37260,7.6018
37261,7.6018
37262,7.6018
37263,7.0
37264,7.6018
37265,7.6018
37266,7.6018
37267,8.0588
37268,6.9565
37269,7.0
37270,7.6018
37271,7.6018
37272,7.6018
37273,7.6018
37274,7.6018
37275,8.0
37276,6.9792
37277,7.9545
37278,7.6018
37279,7.6018
37280,8.0
37281,8.2222
37282,7.6018
37283,8.6667
37284,7.7
37285,7.6018
37286,10.0
37287,7.6018
37288,7.6018
37289,7.6018
37290,7.6018
37291,7.5
37292,7.0
37293,7.6018
37294,8.0
37295,7.6018
37296,7.5
37297,5.0
37298,7.6018
37299,8.6667
37300,7.6018
37301,6.0
37302,8.2857
37303,7.6018
37304,5.0
37305,7.6018
37306,7.6018
37307,7.6667
37308,7.7333
37309,8.5333
37310,8.0
37311,7.6018
37312,7.5
37313,6.0
37314,7.6018
37315,8.0
37316,7.6018
37317,7.6018
37318,7.6018
37319,5.0
37320,8.0435
37321,6.75
37322,8.0
37323,6.0
37324,7.6018
37325,8.6
37326,10.0
37327,8.6
37328,5.0
37329,7.6018
37330,7.6018
37331,6.0
37332,7.1111
37333,7.6018
37334,7.7812
37335,7.8913
37336,7.6667
37337,7.6018
37338,7.5135
37339,7.9487
37340,7.0
37341,7.6018
37342,7.5
37343,7.6018
37344,7.0
37345,7.6018
37346,2.0
37347,7.5
37348,7.8125
37349,7.7857
37350,7.75
37351,7.5
37352,7.6018
37353,7.6018
37354,7.6018
37355,9.3333
37356,7.6018
37357,7.5
37358,9.0
37359,7.3333
37360,8.4615
37361,7.6018
37362,10.0
37363,7.6018
37364,7.0
37365,7.6018
37366,7.6667
37367,7.6018
37368,8.45
37369,9.5333
37370,7.6018
37371,6.4545
37372,8.0
37373,7.6018
37374,7.6018
37375,7.0
37376,7.6018
37377,7.6018
37378,8.0
37379,10.0
37380,9.2857
37381,8.3333
37382,5.0
37383,8.0
37384,8.0
37385,9.0
37386,7.6667
37387,8.3333
37388,7.0
37389,7.6018
37390,7.0
37391,7.6018
37392,7.6018
37393,7.0
37394,8.3333
37395,7.6018
37396,7.6018
37397,8.6111
37398,7.2
37399,5.0
37400,4.1893
37401,7.6018
37402,6.9565
37403,7.6018
37404,8.0
37405,7.6018
37406,8.0
37407,7.4328
37408,8.6
37409,7.6018
37410,8.0
37411,7.2162
37412,7.6018
37413,7.95
37414,7.3438
37415,7.6538
37416,7.6018
37417,7.6018
37418,7.6018
37419,7.6018
37420,7.0
37421,8.0
37422,8.0
37423,8.2
37424,7.1667
37425,9.0
37426,10.0
37427,9.6667
37428,7.6018
37429,7.3333
37430,7.0
37431,7.5714
37432,7.6018
37433,6.0
37434,7.6018
37435,7.5294
37436,7.6018
37437,6.7692
37438,7.6018
37439,7.6018
37440,7.6018
37441,7.1212
37442,6.0
37443,7.6018
37444,7.0
37445,9.3333
37446,7.6018
37447,7.0
37448,8.1818
37449,7.6018
37450,7.5
37451,7.6018
37452,7.6018
37453,8.3939
37454,8.08
37455,7.6018
37456,7.6018
37457,8.2069
37458,9.1667
37459,8.6667
37460,7.3333
37461,7.5417
37462,5.0
37463,8.8065
37464,7.6018
37465,6.0
37466,7.4821
37467,7.6018
37468,7.6018
37469,7.6018
37470,7.6018
37471,5.0
37472,7.6296
37473,7.3333
37474,7.3333
37475,7.6018
37476,7.8333
37477,7.6018
37478,5.0
37479,10.0
37480,7.6018
37481,8.0
37482,8.0
37483,7.6018
37484,8.5
37485,7.45
37486,9.0
37487,8.0
37488,8.4694
37489,8.0
37490,7.6018
37491,7.5362
37492,7.6018
37493,7.0
37494,7.6018
37495,9.3333
37496,4.0
37497,7.6018
37498,7.6018
37499,7.0
37500,7.6018
37501,7.6018
37502,8.5
37503,7.2941
37504,7.6018
37505,7.0
37506,7.6667
37507,7.4
37508,9.1429
37509,7.6018
37510,7.6018
37511,7.6018
37512,8.2143
37513,6.2
37514,7.4706
37515,8.0
37516,7.4286
37517,7.0
37518,7.6018
37519,7.0
37520,7.6018
37521,7.0
37522,7.6018
37523,7.8065
37524,7.6018
37525,5.6
37526,7.6018
37527,7.6018
37528,7.6018
37529,7.6018
37530,8.25
37531,7.6
37532,6.9565
37533,7.5
37534,7.0
37535,7.6018
37536,8.5
37537,8.8333
37538,7.6018
37539,8.2857
37540,7.6018
37541,8.0
37542,7.6018
37543,7.5
37544,7.75
37545,7.6018
37546,4.5
37547,7.6018
37548,8.1333
37549,7.3778
37550,8.2
37551,7.6018
37552,7.6018
37553,7.6018
37554,6.0
37555,10.0
37556,8.6667
37557,7.6018
37558,7.6018
37559,7.6018
37560,5.0
37561,8.0
37562,8.1923
37563,8.0
37564,8.4
37565,8.8
37566,7.5
37567,6.5625
37568,6.0
37569,7.6018
37570,7.8936
37571,9.5
37572,8.0
37573,8.0968
37574,7.6018
37575,7.75
37576,7.6018
37577,7.6018
37578,7.3889
37579,7.0
37580,10.0
37581,7.6897
37582,8.3333
37583,7.5
37584,7.3333
37585,7.6018
37586,7.6018
37587,6.6667
37588,8.3939
37589,7.6018
37590,9.0
37591,7.6018
37592,7.5312
37593,7.3077
37594,7.6018
37595,7.6018
37596,7.6018
37597,7.6018
37598,7.6018
37599,7.3125
37600,8.1538
37601,7.6018
37602,7.6018
37603,7.6018
37604,8.125
37605,9.0
37606,7.6018
37607,7.6018
37608,4.75
37609,7.6018
37610,7.6018
37611,7.4412
37612,8.4615
37613,7.6018
37614,2.0
37615,8.6667
37616,7.0571
37617,5.0
37618,8.5
37619,7.6018
37620,5.5
37621,7.6018
37622,7.6018
37623,7.6018
37624,5.0
37625,9.1667
37626,7.6018
37627,7.6018
37628,8.125
37629,7.0
37630,7.6018
37631,8.6667
37632,7.75
37633,9.6667
37634,4.1893
37635,8.5
37636,9.0
37637,6.6667
37638,7.6018
37639,8.0652
37640,7.4706
37641,9.0
37642,3.5
37643,8.0
37644,7.6018
37645,8.0
37646,7.75
37647,9.0
37648,8.092
37649,7.6018
37650,10.0
37651,7.241
37652,8.0
37653,7.7778
37654,8.3793
37655,7.6018
37656,7.4
37657,8.0
37658,7.6018
37659,7.6018
37660,8.0
37661,6.5
37662,7.6018
37663,7.6018
37664,7.6018
37665,10.0
37666,8.1637
37667,7.6018
37668,7.6667
37669,7.6018
37670,10.0
37671,7.6018
37672,7.6018
37673,7.6018
37674,7.6018
37675,7.6018
37676,7.6018
37677,8.3333
37678,7.6018
37679,7.8667
37680,7.6018
37681,6.5
37682,6.0
37683,7.8667
37684,7.6018
37685,7.4328
37686,7.6018
37687,8.2143
37688,7.6
37689,9.0
37690,7.6018
37691,7.6018
37692,7.6018
37693,7.6018
37694,10.0
37695,6.0
37696,10.0
37697,6.5
37698,7.6018
37699,7.7045
37700,7.5
37701,5.0
37702,7.6018
37703,9.0
37704,7.6018
37705,7.1667
37706,7.6018
37707,8.625
37708,7.6018
37709,7.6667
37710,7.6018
37711,7.6018
37712,7.6018
37713,7.6018
37714,7.6018
37715,7.6018
37716,7.6018
37717,7.3333
37718,7.75
37719,8.0
37720,5.3333
37721,7.6018
37722,5.0
37723,7.5
37724,7.6667
37725,7.6018
37726,8.0
37727,7.6018
37728,9.0
37729,7.6018
37730,7.6018
37731,7.6018
37732,7.6018
37733,7.6018
37734,7.0
37735,7.6018
37736,8.0
37737,7.6018
37738,7.6018
37739,7.6018
37740,7.6018
37741,8.75
37742,7.625
37743,8.0
37744,6.5
37745,9.6667
37746,5.0
37747,7.6
37748,7.6018
37749,9.0
37750,7.1071
37751,10.0
37752,7.6018
37753,8.2308
37754,9.0
37755,6.8333
37756,7.6667
37757,8.0
37758,7.5
37759,6.3333
37760,8.0513
37761,8.6667
37762,7.6018
37763,8.5
37764,7.241
37765,5.0
37766,8.0
37767,5.5
37768,7.6018
37769,7.6018
37770,8.0
37771,7.0
37772,7.0784
37773,7.6018
37774,7.67
37775,7.6018
37776,7.9487
37777,7.6018
37778,8.1778
37779,7.6018
37780,7.9848
37781,8.0976
37782,7.6018
37783,7.7119
37784,8.0976
37785,7.6018
37786,7.6018
37787,7.75
37788,7.2857
37789,7.2
37790,7.6018
37791,6.0
37792,10.0
37793,7.6
37794,9.0
37795,9.0
37796,8.375
37797,7.6018
37798,8.3333
37799,7.9508
37800,7.0909
37801,7.6018
37802,7.5
37803,7.0
37804,7.6018
37805,6.0
37806,8.3333
37807,4.1893
37808,6.25
37809,7.6018
37810,10.0
37811,7.6018
37812,7.7222
37813,7.6018
37814,7.0
37815,8.0
37816,7.2
37817,7.6018
37818,10.0
37819,7.6018
37820,7.6018
37821,7.6018
37822,7.1333
37823,8.0
37824,7.6018
37825,8.9375
37826,7.6018
37827,7.6018
37828,7.6018
37829,7.6667
37830,7.6018
37831,8.8095
37832,7.0
37833,7.6018
37834,7.75
37835,7.4444
37836,7.6018
37837,7.6667
37838,7.6018
37839,7.6018
37840,7.6018
37841,7.6018
37842,6.6
37843,10.0
37844,7.6018
37845,7.6018
37846,8.0
37847,7.1013
37848,10.0
37849,7.2444
37850,7.6018
37851,7.6018
37852,7.6018
37853,8.25
37854,7.6018
37855,7.6018
37856,7.9508
37857,7.0
37858,7.6018
37859,8.4
37860,7.0
37861,9.2
37862,7.6018
37863,7.6018
37864,7.6018
37865,6.0
37866,7.0
37867,7.6018
37868,7.6018
37869,9.0
37870,7.6
37871,7.6018
37872,7.6018
37873,7.6018
37874,7.6018
37875,8.0
37876,8.0968
37877,7.241
37878,8.4615
37879,8.2217
37880,7.75
37881,5.0
37882,10.0
37883,9.0
37884,7.6018
37885,6.0
37886,7.6018
37887,7.0
37888,7.6018
37889,7.6018
37890,8.0
37891,8.0
37892,7.6018
37893,7.6018
37894,10.0
37895,6.5
37896,8.7609
37897,7.36
37898,7.4328
37899,7.5
37900,7.6018
37901,7.6018
37902,7.6018
37903,7.6018
37904,10.0
37905,6.0
37906,7.6018
37907,7.6018
37908,7.6018
37909,7.6018
37910,6.5
37911,7.9474
37912,7.6018
37913,7.6018
37914,6.3333
37915,6.7143
37916,7.6018
37917,8.0
37918,7.5
37919,7.6018
37920,7.6018
37921,7.6018
37922,7.6018
37923,7.6018
37924,7.6018
37925,7.6018
37926,7.6667
37927,7.6018
37928,7.6667
37929,8.625
37930,8.2857
37931,8.8065
37932,8.1613
37933,9.0
37934,7.6018
37935,7.6018
37936,7.5385
37937,7.6018
37938,7.871
37939,9.5
37940,6.0
37941,7.6018
37942,7.6018
37943,7.6018
37944,7.6018
37945,7.0
37946,8.6
37947,8.0
37948,7.6667
37949,7.4167
37950,8.0
37951,7.6018
37952,9.2
37953,7.6018
37954,8.8
37955,7.6018
37956,7.6018
37957,7.2162
37958,8.0
37959,8.5455
37960,7.3333
37961,7.6018
37962,5.75
37963,7.67
37964,7.1
37965,6.8333
37966,8.2222
37967,7.6018
37968,6.0
37969,7.6018
37970,7.9375
37971,8.1519
37972,7.6018
37973,8.4444
37974,6.4286
37975,8.8
37976,9.0
37977,7.0
37978,7.6018
37979,5.0
37980,9.0
37981,7.6018
37982,7.6018
37983,7.5362
37984,8.0
37985,9.0
37986,8.0
37987,6.5
37988,7.6018
37989,8.5882
37990,7.6018
37991,7.6018
37992,7.6018
37993,7.6018
37994,7.6018
37995,7.9561
37996,8.0
37997,7.2453
37998,6.2
37999,7.6018
38000,7.4821
38001,8.5385
38002,7.5
38003,7.25
38004,7.6018
38005,7.9231
38006,9.0
38007,3.0
38008,7.6018
38009,7.6018
38010,8.1519
38011,8.1333
38012,7.6018
38013,4.5
38014,7.6018
38015,7.6018
38016,6.3333
38017,7.6018
38018,7.6018
38019,8.0
38020,8.1667
38021,9.5
38022,9.1
38023,10.0
38024,7.7348
38025,7.6018
38026,8.6667
38027,7.6018
38028,8.4762
38029,7.6018
38030,7.6018
38031,7.6018
38032,8.5
38033,10.0
38034,7.6018
38035,7.6018
38036,7.6018
38037,7.6018
38038,7.5
38039,7.6018
38040,7.0
38041,7.6018
38042,7.8
38043,7.375
38044,7.6018
38045,7.6018
38046,7.6018
38047,9.0
38048,8.3333
38049,9.0
38050,8.0
38051,8.125
38052,4.1893
38053,5.0
38054,9.0
38055,7.6018
38056,7.25
38057,8.0
38058,7.6018
38059,7.6018
38060,7.6018
38061,9.0
38062,7.6018
38063,7.6018
38064,10.0
38065,7.6018
38066,7.0
38067,7.6018
38068,7.6
38069,8.5
38070,9.0
38071,9.0
38072,8.0
38073,7.6018
38074,7.0
38075,7.6018
38076,7.6018
38077,7.6018
38078,7.6018
38079,8.5455
38080,8.3636
38081,7.0435
38082,8.4333
38083,7.6018
38084,7.6018
38085,7.3333
38086,10.0
38087,7.6018
38088,8.0
38089,7.6018
38090,7.6018
38091,8.1667
38092,7.6018
38093,5.0
38094,7.6018
38095,7.6018
38096,7.6018
38097,6.4444
38098,7.6018
38099,7.6018
38100,7.0
38101,7.4615
38102,5.6667
38103,7.6018
38104,7.6018
38105,7.6018
38106,7.6018
38107,9.0
38108,7.6018
38109,7.6018
38110,7.6018
38111,9.0
38112,7.6018
38113,7.0
38114,7.6018
38115,8.0
38116,7.6018
38117,8.0
38118,8.75
38119,7.6018
38120,7.6018
38121,7.6018
38122,6.0
38123,7.6667
38124,7.6018
38125,7.7826
38126,7.6018
38127,7.6018
38128,6.9091
38129,7.6667
38130,5.75
38131,7.717
38132,7.6018
38133,7.6018
38134,7.6018
38135,7.6018
38136,8.5556
38137,7.6018
38138,7.6018
38139,8.8
38140,7.5
38141,7.0667
38142,6.75
38143,7.6018
38144,8.1333
38145,7.6018
38146,7.6018
38147,7.6018
38148,7.8125
38149,9.5
38150,8.35
38151,10.0
38152,7.6018
38153,7.8125
38154,8.4
38155,7.6018
38156,7.6018
38157,7.75
38158,7.6018
38159,7.6018
38160,7.0
38161,7.6018
38162,8.3333
38163,7.6018
38164,7.1923
38165,7.6018
38166,7.6018
38167,6.0
38168,7.6018
38169,7.6018
38170,8.0
38171,7.6018
38172,7.6018
38173,6.0
38174,7.0
38175,7.5652
38176,7.908
38177,7.6018
38178,7.6018
38179,7.6018
38180,7.4
38181,7.6018
38182,7.6018
38183,7.6018
38184,7.6018
38185,7.5714
38186,7.6018
38187,7.6018
38188,7.0
38189,7.75
38190,9.0
38191,8.2222
38192,7.4615
38193,9.5
38194,8.5
38195,5.75
38196,8.8
38197,7.6829
38198,6.0
38199,7.6018
38200,8.0
38201,7.7143
38202,7.6018
38203,5.0
38204,10.0
38205,7.0784
38206,7.6018
38207,7.6018
38208,7.6018
38209,10.0
38210,7.6018
38211,7.6018
38212,4.1893
38213,7.6018
38214,8.04
38215,7.4412
38216,7.6018
38217,7.6018
38218,7.5556
38219,7.5263
38220,7.6018
38221,8.2222
38222,6.0
38223,7.8571
38224,6.75
38225,6.4
38226,9.1667
38227,7.6018
38228,9.0
38229,7.6018
38230,7.6018
38231,7.6018
38232,7.6018
38233,7.6018
38234,7.6018
38235,7.5
38236,7.4958
38237,5.0
38238,7.0
38239,7.6018
38240,7.8182
38241,8.0
38242,8.8065
38243,7.6018
38244,7.6018
38245,7.6018
38246,10.0
38247,7.8667
38248,7.6018
38249,7.6018
38250,7.0
38251,7.6018
38252,6.7273
38253,8.6
38254,8.5
38255,8.0
38256,7.4483
38257,7.6018
38258,10.0
38259,10.0
38260,8.2
38261,7.6018
38262,7.6018
38263,7.0
38264,7.6018
38265,7.6018
38266,8.1637
38267,7.6018
38268,6.75
38269,7.6018
38270,7.6018
38271,8.0
38272,9.0
38273,7.7119
38274,7.75
38275,8.0
38276,7.6018
38277,7.6018
38278,7.9487
38279,9.0
38280,6.0
38281,7.6018
38282,7.6018
38283,7.3529
38284,7.5
38285,10.0
38286,8.4694
38287,7.6018
38288,7.6018
38289,9.0
38290,7.6018
38291,8.4
38292,7.8333
38293,7.6018
38294,7.0
38295,7.5362
38296,8.3636
38297,7.5789
38298,7.7778
38299,8.6667
38300,8.6
38301,7.6018
38302,7.6522
38303,7.6018
38304,7.6018
38305,7.5
38306,8.0
38307,7.6018
38308,10.0
38309,6.5
38310,7.6018
38311,8.3333
38312,7.6018
38313,8.0
38314,7.6018
38315,8.2857
38316,9.5
38317,8.3333
38318,7.3333
38319,8.2857
38320,8.5
38321,7.6018
38322,7.6018
38323,5.5
38324,9.0
38325,7.6018
38326,8.4762
38327,8.0
38328,7.6667
38329,7.6018
38330,8.6667
38331,7.6018
38332,9.0
38333,8.1429
38334,7.6018
38335,8.0
38336,8.4762
38337,8.5
38338,7.6018
38339,7.5758
38340,6.25
38341,8.4167
38342,7.0
38343,6.75
38344,7.6018
38345,7.6018
38346,7.3333
38347,9.5714
38348,9.0
38349,7.3333
38350,7.6018
38351,7.0
38352,7.6018
38353,7.6018
38354,8.1519
38355,7.6018
38356,8.0
38357,7.6667
38358,8.0
38359,7.6018
38360,7.8519
38361,7.0667
38362,10.0
38363,7.36
38364,7.6018
38365,7.6018
38366,9.5
38367,7.6018
38368,9.1538
38369,7.0
38370,7.6018
38371,7.8889
38372,7.2
38373,6.5429
38374,10.0
38375,5.0
38376,7.0
38377,8.2727
38378,7.2069
38379,7.6018
38380,7.6018
38381,6.75
38382,7.4
38383,7.0
38384,4.1893
38385,7.5294
38386,5.5
38387,7.2609
38388,7.125
38389,6.7273
38390,6.0
38391,7.6018
38392,7.7826
38393,8.0
38394,7.6018
38395,9.0
38396,5.3333
38397,9.0
38398,8.2143
38399,5.0
38400,7.6018
38401,8.2
38402,7.125
38403,7.5
38404,7.0
38405,6.5
38406,7.6018
38407,7.6018
38408,7.6018
38409,7.6018
38410,7.6018
38411,8.5556
38412,8.0
38413,7.6018
38414,7.6018
38415,7.6018
38416,7.6018
38417,9.0
38418,7.6018
38419,4.1893
38420,8.1538
38421,8.0
38422,7.6018
38423,7.6018
38424,7.6018
38425,7.6018
38426,7.6018
38427,7.0
38428,6.8
38429,8.1176
38430,7.6018
38431,9.2
38432,7.0667
38433,7.6018
38434,6.3333
38435,10.0
38436,7.8065
38437,7.3125
38438,7.9437
38439,7.6018
38440,10.0
38441,7.5
38442,8.0
38443,7.6018
38444,7.0
38445,9.3333
38446,6.0
38447,7.6018
38448,7.6018
38449,7.6018
38450,9.0
38451,7.6018
38452,7.6018
38453,9.5
38454,6.0
38455,8.0
38456,7.6018
38457,7.6018
38458,8.4
38459,8.3333
38460,7.6018
38461,10.0
38462,8.6667
38463,7.6018
38464,7.6018
38465,7.6018
38466,7.6
38467,7.0
38468,6.7692
38469,7.6018
38470,10.0
38471,7.6018
38472,5.0
38473,7.5714
38474,7.6018
38475,7.6018
38476,8.0
38477,7.6018
38478,7.6018
38479,6.3333
38480,8.0
38481,7.6018
38482,8.56
38483,7.125
38484,7.0
38485,7.6018
38486,7.6018
38487,10.0
38488,5.0
38489,7.0
38490,7.6923
38491,7.75
38492,7.6018
38493,8.6667
38494,7.6018
38495,7.0
38496,8.125
38497,7.6018
38498,8.1637
38499,6.3333
38500,7.6018
38501,5.8333
38502,7.6018
38503,8.1519
38504,7.3333
38505,7.6018
38506,7.6018
38507,7.6018
38508,5.0
38509,7.6018
38510,8.0
38511,9.0
38512,9.1667
38513,8.0
38514,7.6667
38515,7.0
38516,7.6018
38517,7.6018
38518,7.6018
38519,8.1
38520,7.6018
38521,6.5
38522,10.0
38523,9.2
38524,8.0
38525,9.2
38526,7.0
38527,7.6018
38528,8.0
38529,7.7273
38530,8.0
38531,7.5
38532,5.0
38533,8.0
38534,8.0435
38535,7.6018
38536,7.6018
38537,7.7273
38538,7.6018
38539,7.6018
38540,8.6
38541,8.6667
38542,7.6018
38543,7.6018
38544,8.6667
38545,7.6018
38546,8.3333
38547,7.6018
38548,8.0732
38549,7.6018
38550,6.0
38551,7.3333
38552,7.6018
38553,7.6018
38554,7.0
38555,8.2
38556,7.5
38557,8.0
38558,7.6018
38559,7.6018
38560,7.6018
38561,7.6018
38562,7.6018
38563,7.6018
38564,5.0
38565,8.0
38566,7.6018
38567,7.6018
38568,9.0
38569,7.6018
38570,7.6018
38571,7.6667
38572,8.3793
38573,7.6018
38574,8.0732
38575,8.0
38576,7.6018
38577,7.6018
38578,7.6018
38579,8.0
38580,8.2143
38581,8.56
38582,10.0
38583,7.5
38584,5.0
38585,7.6018
38586,8.1538
38587,7.7273
38588,8.0
38589,7.6018
38590,9.5
38591,7.6018
38592,7.5333
38593,7.6757
38594,8.5
38595,8.5
38596,7.6018
38597,8.0
38598,7.4615
38599,8.56
38600,6.5
38601,7.9333
38602,8.0
38603,7.9048
38604,7.6018
38605,7.6018
38606,7.6018
38607,8.0
38608,7.6018
38609,7.0
38610,7.5278
38611,7.6018
38612,7.6018
38613,8.5
38614,7.0
38615,5.0
38616,8.1429
38617,10.0
38618,7.6018
38619,7.9508
38620,7.6018
38621,9.0
38622,8.0
38623,7.9048
38624,7.6018
38625,7.6018
38626,7.5
38627,7.0
38628,7.6018
38629,7.6018
38630,8.2
38631,7.6018
38632,8.2857
38633,7.6018
38634,7.6018
38635,6.0
38636,7.0
38637,7.6018
38638,9.0
38639,9.0
38640,7.0
38641,7.6018
38642,8.0
38643,7.6018
38644,6.8
38645,7.75
38646,7.8571
38647,7.6018
38648,9.0
38649,7.6018
38650,8.0
38651,7.6018
38652,7.6018
38653,6.8
38654,7.6018
38655,7.6018
38656,7.6018
38657,7.1667
38658,7.6018
38659,8.2222
38660,8.5455
38661,7.4958
38662,6.0
38663,7.6018
38664,7.6018
38665,6.5
38666,9.5
38667,7.6018
38668,7.6018
38669,7.9231
38670,7.8889
38671,7.6018
38672,8.2632
38673,7.9524
38674,7.0
38675,8.2308
38676,7.6018
38677,7.6018
38678,8.0
38679,7.0
38680,7.6018
38681,7.6018
38682,8.3333
38683,7.9437
38684,7.6018
38685,8.2632
38686,7.6018
38687,7.6018
38688,7.6018
38689,7.3235
38690,8.35
38691,7.6018
38692,6.0
38693,9.0
38694,7.6018
38695,5.0
38696,9.0
38697,7.0714
38698,8.0
38699,4.1893
38700,8.3333
38701,6.3684
38702,9.0
38703,8.25
38704,7.6018
38705,7.6018
38706,10.0
38707,8.0
38708,7.6018
38709,7.6018
38710,7.6018
38711,7.5
38712,7.0588
38713,8.0
38714,7.6018
38715,7.6018
38716,4.5
38717,6.5
38718,6.7273
38719,7.6018
38720,7.6018
38721,9.0
38722,7.6018
38723,7.6018
38724,6.6667
38725,7.25
38726,7.1667
38727,8.5
38728,7.6018
38729,8.25
38730,7.6018
38731,7.6018
38732,7.6018
38733,7.6018
38734,7.6018
38735,8.5882
38736,7.4483
38737,8.75
38738,7.6018
38739,8.6667
38740,7.2
38741,6.0
38742,7.3333
38743,7.4667
38744,10.0
38745,8.875
38746,7.6018
38747,9.0
38748,7.6018
38749,8.1724
38750,6.3333
38751,9.5
38752,7.6018
38753,7.6018
38754,7.6757
38755,8.125
38756,7.6018
38757,7.6018
38758,7.6018
38759,7.3077
38760,7.2
38761,7.6018
38762,7.0784
38763,7.6018
38764,7.6018
38765,7.6018
38766,7.6018
38767,6.3684
38768,7.2727
38769,6.6667
38770,7.6018
38771,7.6018
38772,5.0
38773,7.4659
38774,8.8065
38775,7.0
38776,8.0435
38777,7.6018
38778,7.6018
38779,7.6018
38780,7.875
38781,7.6018
38782,8.3333
38783,10.0
38784,9.0
38785,8.125
38786,7.525
38787,7.6018
38788,8.6182
38789,7.6018
38790,7.6018
38791,7.6018
38792,7.5
38793,9.0
38794,7.6018
38795,7.6018
38796,4.0
38797,7.6018
38798,7.6018
38799,10.0
38800,7.8235
38801,8.0
38802,4.0
38803,7.6018
38804,7.6018
38805,7.0
38806,8.3333
38807,5.0
38808,8.5
38809,6.97
38810,8.6
38811,7.6018
38812,5.0
38813,7.5
38814,10.0
38815,7.6018
38816,4.0
38817,6.6667
38818,7.6018
38819,8.0
38820,7.6018
38821,9.1667
38822,8.0
38823,7.6018
38824,6.45
38825,7.6018
38826,8.0435
38827,7.6018
38828,6.4
38829,9.25
38830,7.8667
38831,7.6018
38832,9.0
38833,7.6018
38834,8.0
38835,8.0
38836,7.6018
38837,7.6018
38838,7.6018
38839,8.0
38840,7.6018
38841,7.6018
38842,7.2162
38843,7.3333
38844,6.6667
38845,9.5
38846,7.6018
38847,9.0
38848,7.6667
38849,7.6018
38850,7.0
38851,4.0
38852,8.0
38853,7.0
38854,7.6018
38855,7.0
38856,7.6018
38857,7.6018
38858,9.0
38859,2.0
38860,7.6018
38861,7.875
38862,6.75
38863,7.6018
38864,7.6018
38865,8.25
38866,7.6018
38867,5.0
38868,7.75
38869,7.6018
38870,7.6018
38871,8.0968
38872,8.5
38873,7.6018
38874,8.5
38875,7.6018
38876,7.0
38877,9.0
38878,7.6018
38879,8.0
38880,7.6018
38881,7.0
38882,7.6018
38883,9.0
38884,7.6018
38885,7.6018
38886,7.0
38887,7.6018
38888,8.0652
38889,7.5
38890,7.5833
38891,7.6
38892,7.6018
38893,6.75
38894,7.125
38895,8.4694
38896,9.1818
38897,7.6018
38898,10.0
38899,10.0
38900,7.6829
38901,7.6018
38902,7.6018
38903,5.0
38904,7.6018
38905,7.6018
38906,7.3
38907,7.6018
38908,7.6018
38909,7.6018
38910,5.0
38911,7.6018
38912,8.0
38913,8.2222
38914,7.6129
38915,6.2
38916,7.6018
38917,10.0
38918,7.6018
38919,7.6018
38920,7.6018
38921,8.0
38922,7.6018
38923,7.6018
38924,7.6018
38925,8.1429
38926,7.6018
38927,7.6018
38928,7.6018
38929,8.0652
38930,7.6018
38931,7.6018
38932,9.0
38933,7.6018
38934,5.5
38935,7.2188
38936,8.092
38937,7.6018
38938,7.6018
38939,9.0
38940,7.6018
38941,7.2941
38942,7.8913
38943,7.0
38944,7.6667
38945,7.6018
38946,7.6018
38947,8.0
38948,7.6018
38949,7.6018
38950,8.0
38951,7.4328
38952,7.6018
38953,8.4
38954,8.5
38955,7.6018
38956,7.0
38957,9.5714
38958,8.8
38959,5.5
38960,9.0
38961,7.6018
38962,7.6018
38963,7.6018
38964,8.5625
38965,6.5
38966,7.6018
38967,4.0
38968,6.5
38969,7.6018
38970,9.5
38971,7.0
38972,7.6018
38973,7.75
38974,6.375
38975,7.6018
38976,7.6018
38977,7.7778
38978,7.6018
38979,7.6018
38980,7.6018
38981,7.6018
38982,7.3333
38983,7.8571
38984,7.6018
38985,7.6018
38986,7.6018
38987,5.0
38988,9.0
38989,7.5
38990,7.0
38991,8.0
38992,7.6018
38993,7.375
38994,7.6018
38995,7.6018
38996,7.6018
38997,6.0
38998,7.5
38999,7.6018
39000,7.6018
39001,7.6018
39002,8.0
39003,5.0
39004,6.4
39005,7.5
39006,6.1667
39007,7.6018
39008,8.4694
39009,7.6018
39010,7.5
39011,9.2222
39012,7.6018
39013,7.6018
39014,7.0
39015,7.6018
39016,7.3333
39017,8.0
39018,7.3191
39019,7.0
39020,6.6667
39021,7.5
39022,8.0
39023,7.6018
39024,7.6018
39025,7.6018
39026,7.4762
39027,7.8421
39028,7.6018
39029,7.6018
39030,8.1333
39031,10.0
39032,4.5
39033,6.5625
39034,7.4286
39035,8.5
39036,7.6018
39037,7.6018
39038,10.0
39039,7.6018
39040,7.6757
39041,8.4
39042,7.6018
39043,7.7119
39044,7.6018
39045,7.6018
39046,5.0
39047,8.25
39048,6.875
39049,7.6018
39050,7.6018
39051,7.6018
39052,7.1739
39053,6.8333
39054,7.6018
39055,6.7692
39056,7.75
39057,7.6018
39058,7.6018
39059,7.6018
39060,7.6018
39061,8.0
39062,8.0
39063,7.6018
39064,7.6018
39065,7.6018
39066,8.5
39067,8.5
39068,7.6018
39069,7.9231
39070,7.6018
39071,8.0
39072,7.6522
39073,8.0
39074,8.0652
39075,7.6018
39076,7.6018
39077,8.6
39078,8.125
39079,7.7348
39080,7.6018
39081,7.6018
39082,7.4412
39083,7.6018
39084,7.6018
39085,7.6018
39086,8.0
39087,5.875
39088,7.3
39089,6.8571
39090,7.6018
39091,7.6018
39092,7.6018
39093,7.6018
39094,7.908
39095,7.6018
39096,7.6018
39097,9.0
39098,7.6018
39099,7.6018
39100,7.6018
39101,7.0
39102,8.5
39103,9.0
39104,7.6
39105,7.9667
39106,7.6018
39107,8.6667
39108,9.0
39109,7.6018
39110,7.6018
39111,7.2162
39112,7.9
39113,7.6018
39114,8.4615
39115,6.0
39116,7.6018
39117,7.6018
39118,7.6018
39119,7.6018
39120,8.6
39121,7.6018
39122,7.6018
39123,7.6018
39124,8.0
39125,7.6018
39126,7.5
39127,7.6018
39128,6.75
39129,7.6018
39130,7.6018
39131,5.0
39132,7.6018
39133,7.6018
39134,7.6018
39135,9.0
39136,7.6018
39137,7.7812
39138,7.9508
39139,7.6018
39140,7.6018
39141,6.5714
39142,7.6018
39143,8.0
39144,8.0
39145,6.0
39146,7.4828
39147,8.5
39148,7.6018
39149,10.0
39150,7.6018
39151,10.0
39152,6.0
39153,7.6018
39154,6.6667
39155,7.6018
39156,7.25
39157,8.0
39158,7.6018
39159,7.6018
39160,6.8
39161,8.25
39162,7.6018
39163,7.6018
39164,7.6018
39165,7.6018
39166,7.6018
39167,7.6018
39168,7.6018
39169,7.6018
39170,7.6018
39171,7.6018
39172,7.25
39173,6.0556
39174,5.0
39175,7.75
39176,8.4167
39177,7.6018
39178,7.6018
39179,7.6018
39180,7.6923
39181,7.6018
39182,8.2
39183,7.6018
39184,9.0
39185,8.0
39186,7.6018
39187,7.6018
39188,7.908
39189,7.6018
39190,7.2857
39191,8.1333
39192,7.908
39193,6.625
39194,8.3333
39195,7.6018
39196,5.6
39197,7.4958
39198,8.0
39199,7.6018
39200,7.9459
39201,7.4328
39202,7.6018
39203,7.6018
39204,7.6018
39205,7.36
39206,9.1
39207,7.6018
39208,7.6667
39209,6.0
39210,9.5
39211,7.6018
39212,7.2444
39213,7.6018
39214,5.5
39215,8.2308
39216,7.6018
39217,7.5
39218,7.6018
39219,9.0
39220,7.5
39221,5.8333
39222,7.8
39223,7.6018
39224,8.25
39225,7.0
39226,7.6018
39227,4.0
39228,7.8913
39229,7.6018
39230,6.6667
39231,7.1111
39232,7.5
39233,7.0
39234,8.2069
39235,7.4762
39236,7.2
39237,9.0
39238,7.25
39239,7.5
39240,7.4958
39241,8.3333
39242,7.5362
39243,7.6667
39244,8.2217
39245,7.6667
39246,7.0
39247,7.6018
39248,7.6018
39249,7.6018
39250,7.6018
39251,7.6018
39252,7.6018
39253,7.6018
39254,7.0571
39255,6.9091
39256,6.4286
39257,6.0
39258,8.5
39259,7.1818
39260,7.0
39261,7.6018
39262,7.4659
39263,7.5
39264,6.3333
39265,6.5
39266,7.6018
39267,8.1176
39268,7.6018
39269,7.6018
39270,7.6018
39271,8.2121
39272,7.6018
39273,7.0
39274,7.6018
39275,6.0
39276,6.0
39277,7.6018
39278,8.4
39279,7.6667
39280,7.8182
39281,7.9561
39282,7.0
39283,6.75
39284,7.6018
39285,9.0
39286,9.0
39287,8.8065
39288,5.5
39289,7.0
39290,7.0
39291,7.6018
39292,8.5
39293,7.6018
39294,9.25
39295,10.0
39296,7.0
39297,10.0
39298,9.0
39299,7.6018
39300,7.0
39301,7.3548
39302,7.4286
39303,4.0
39304,8.0
39305,8.1429
39306,8.2308
39307,7.6018
39308,7.3333
39309,7.9437
39310,7.6018
39311,7.6018
39312,5.5
39313,7.6018
39314,7.3333
39315,7.6018
39316,7.6018
39317,7.6018
39318,7.6667
39319,9.0
39320,7.6018
39321,6.9792
39322,7.6018
39323,7.6018
39324,7.6018
39325,7.1667
39326,7.5385
39327,7.5
39328,7.6018
39329,8.1667
39330,7.9459
39331,6.4545
39332,7.6018
39333,8.3333
39334,7.6018
39335,2.0
39336,7.6018
39337,7.6018
39338,7.1667
39339,7.375
39340,7.6018
39341,7.6667
39342,7.8333
39343,7.6018
39344,7.6018
39345,7.9508
39346,7.0
39347,8.4
39348,8.2069
39349,6.0
39350,4.1893
39351,6.0
39352,10.0
39353,7.4667
39354,7.6018
39355,7.6018
39356,7.6018
39357,7.6018
39358,7.0
39359,7.6018
39360,7.6018
39361,8.2217
39362,7.9333
39363,6.8889
39364,7.7143
39365,7.6018
39366,7.6018
39367,6.8889
39368,7.6018
39369,8.0
39370,8.25
39371,8.0
39372,8.0652
39373,8.6667
39374,7.6018
39375,7.6018
39376,8.0
39377,7.6018
39378,8.5
39379,8.4717
39380,7.6018
39381,7.6018
39382,8.875
39383,7.6018
39384,7.6018
39385,7.5385
39386,6.0
39387,7.6018
39388,7.6018
39389,7.6018
39390,8.0
39391,7.0
39392,7.6018
39393,7.6018
39394,5.0
39395,7.5625
39396,7.6018
39397,7.6018
39398,7.6018
39399,2.0
39400,7.6018
39401,7.6018
39402,6.0
39403,7.6154
39404,7.6018
39405,7.6018
39406,7.717
39407,7.6018
39408,7.6018
39409,9.0
39410,9.0
39411,7.6018
39412,6.5
39413,6.0
39414,9.0
39415,6.5
39416,7.6018
39417,7.5135
39418,7.25
39419,8.1667
39420,7.0909
39421,7.6018
39422,6.3333
39423,7.6018
39424,7.6018
39425,7.6018
39426,7.0
39427,7.5
39428,7.75
39429,7.9615
39430,7.6018
39431,7.6018
39432,8.7
39433,8.9
39434,7.6018
39435,6.4286
39436,7.6018
39437,8.2222
39438,7.6018
39439,7.6018
39440,8.0
39441,8.2
39442,8.4
39443,7.9231
39444,5.0
39445,8.0
39446,6.8
39447,8.3333
39448,7.6018
39449,6.5
39450,7.6018
39451,7.6018
39452,5.0
39453,7.6018
39454,7.6018
39455,5.5
39456,7.6018
39457,7.6018
39458,7.6364
39459,8.6
39460,8.0
39461,10.0
39462,7.6018
39463,10.0
39464,6.5
39465,7.6018
39466,7.6018
39467,8.56
39468,7.6018
39469,7.5
39470,7.6018
39471,9.3333
39472,8.0
39473,7.6018
39474,8.0
39475,7.6018
39476,7.8125
39477,5.0
39478,6.0
39479,7.6018
39480,8.0
39481,4.1893
39482,7.6018
39483,7.6018
39484,7.6018
39485,7.6018
39486,6.97
39487,9.0862
39488,7.875
39489,7.6897
39490,7.6018
39491,7.6018
39492,7.6018
39493,7.6018
39494,7.6018
39495,7.6018
39496,6.0
39497,7.3235
39498,7.6018
39499,10.0
39500,7.6018
39501,6.0
39502,7.6018
39503,7.6018
39504,8.12
39505,7.6018
39506,8.0
39507,9.0
39508,7.6018
39509,10.0
39510,7.7273
39511,6.0
39512,6.8
39513,5.25
39514,7.6018
39515,7.6018
39516,7.6018
39517,7.6018
39518,7.6018
39519,4.1893
39520,7.6018
39521,8.125
39522,7.6018
39523,7.6018
39524,7.125
39525,7.6018
39526,7.7143
39527,8.2
39528,7.6018
39529,7.65
39530,7.5
39531,7.6018
39532,7.8571
39533,7.6018
39534,7.9444
39535,7.25
39536,7.6154
39537,10.0
39538,7.6018
39539,7.6018
39540,7.6018
39541,7.6018
39542,5.0
39543,9.0
39544,7.6018
39545,7.6018
39546,7.6018
39547,7.1463
39548,7.6018
39549,7.6018
39550,7.3333
39551,7.6018
39552,7.6018
39553,8.0
39554,4.1893
39555,7.6018
39556,7.6018
39557,6.5
39558,10.0
39559,7.6018
39560,6.0
39561,8.0
39562,8.1765
39563,8.1637
39564,7.6018
39565,7.6018
39566,7.6018
39567,7.6018
39568,5.0
39569,7.6018
39570,7.6018
39571,7.6018
39572,7.8
39573,8.2727
39574,9.0
39575,7.6018
39576,7.6018
39577,7.6018
39578,7.6018
39579,6.5714
39580,6.5
39581,7.8889
39582,7.6018
39583,7.6018
39584,8.0
39585,8.1765
39586,8.0
39587,7.6018
39588,7.6018
39589,7.6018
39590,7.6018
39591,6.9333
39592,8.6667
39593,7.6018
39594,7.6018
39595,7.6018
39596,7.7667
39597,5.2857
39598,9.0
39599,8.6667
39600,6.2
39601,7.6018
39602,7.6018
39603,6.5429
39604,8.4
39605,9.0
39606,7.6018
39607,7.6018
39608,7.9615
39609,7.6018
39610,7.6018
39611,6.7692
39612,7.0
39613,7.6018
39614,7.9333
39615,7.6018
39616,7.6018
39617,8.0
39618,9.25
39619,9.0
39620,7.6018
39621,7.88
39622,9.0
39623,7.625
39624,8.5
39625,7.7348
39626,7.6667
39627,7.6018
39628,7.6018
39629,7.6
39630,6.25
39631,7.6018
39632,8.4
39633,7.6018
39634,9.0
39635,8.0
39636,7.5
39637,7.6018
39638,6.0
39639,7.6018
39640,7.6018
39641,8.6
39642,9.0
39643,7.6667
39644,7.6018
39645,7.2444
39646,7.6018
39647,7.9459
39648,7.6018
39649,7.6018
39650,7.6018
39651,7.4821
39652,8.8
39653,6.0
39654,7.5
39655,7.4412
39656,7.6018
39657,8.5
39658,8.25
39659,7.6018
39660,7.6018
39661,7.0
39662,7.6018
39663,7.6018
39664,7.3333
39665,8.0
39666,7.0
39667,7.75
39668,7.6018
39669,7.6018
39670,7.6018
39671,7.6018
39672,7.1463
39673,7.6018
39674,9.6
39675,7.2609
39676,7.1212
39677,7.6018
39678,7.3333
39679,7.6018
39680,6.6667
39681,8.25
39682,8.6
39683,7.3333
39684,5.3333
39685,7.6018
39686,7.6018
39687,10.0
39688,7.6018
39689,7.0
39690,7.6018
39691,8.0
39692,7.9561
39693,7.6018
39694,6.75
39695,7.6018
39696,8.0417
39697,7.6018
39698,10.0
39699,8.4762
39700,7.6018
39701,6.6667
39702,8.0968
39703,7.6018
39704,7.8333
39705,7.6018
39706,7.8571
39707,7.6018
39708,6.0
39709,7.241
39710,7.6018
39711,7.6018
39712,7.6018
39713,7.6018
39714,8.2
39715,7.6018
39716,7.6018
39717,6.0
39718,7.6018
39719,7.6018
39720,7.6018
39721,8.0
39722,7.6018
39723,7.871
39724,7.6018
39725,7.5758
39726,7.67
39727,7.4958
39728,7.6018
39729,7.8571
39730,7.6018
39731,7.6018
39732,7.5
39733,7.6018
39734,7.6018
39735,8.5714
39736,6.3333
39737,7.6018
39738,7.6018
39739,7.0
39740,7.6018
39741,7.6018
39742,7.6018
39743,7.0
39744,7.0
39745,8.0
39746,8.6
39747,7.6018
39748,7.6018
39749,7.6018
39750,8.1667
39751,8.5
39752,7.6018
39753,7.6018
39754,7.6018
39755,8.5
39756,7.0
39757,7.8
39758,7.7273
39759,7.6018
39760,7.6018
39761,7.6018
39762,7.2593
39763,8.0
39764,7.6018
39765,7.0
39766,7.5135
39767,7.3333
39768,7.9375
39769,7.0
39770,7.5
39771,7.6018
39772,8.5
39773,8.0
39774,7.525
39775,9.5333
39776,7.0
39777,7.6018
39778,8.6182
39779,7.6018
39780,7.6018
39781,7.6018
39782,7.6018
39783,7.6018
39784,8.6667
39785,10.0
39786,8.0
39787,6.0
39788,7.9615
39789,7.6018
39790,7.6018
39791,7.0435
39792,8.3939
39793,8.2222
39794,7.6018
39795,7.6018
39796,10.0
39797,10.0
39798,7.7
39799,7.25
39800,9.0
39801,6.8889
39802,9.2
39803,7.5385
39804,7.6018
39805,7.6018
39806,7.6018
39807,8.5556
39808,7.5
39809,7.6018
39810,7.32
39811,7.6018
39812,7.6018
39813,7.7273
39814,8.4694
39815,8.4286
39816,7.6018
39817,7.6018
39818,7.6018
39819,7.6018
39820,7.9561
39821,7.6018
39822,7.0
39823,8.0652
39824,7.6018
39825,7.6018
39826,9.0
39827,7.7348
39828,7.6018
39829,8.4
39830,9.0
39831,7.6018
39832,6.5
39833,8.6667
39834,7.6018
39835,7.0
39836,8.0
39837,7.6018
39838,8.6182
39839,9.0
39840,5.0
39841,7.6018
39842,7.6018
39843,7.2667
39844,7.6018
39845,8.0
39846,6.8333
39847,8.2174
39848,7.6018
39849,7.6018
39850,7.6018
39851,7.6667
39852,7.6018
39853,8.0
39854,8.0
39855,9.0
39856,7.6018
39857,6.0
39858,7.6018
39859,7.6018
39860,6.0
39861,7.6018
39862,7.6667
39863,6.0
39864,8.0
39865,6.45
39866,7.6018
39867,7.6018
39868,7.6018
39869,6.25
39870,7.6018
39871,7.0667
39872,7.3333
39873,5.6667
39874,6.0
39875,7.0
39876,7.5
39877,7.0
39878,7.6018
39879,7.6018
39880,7.6018
39881,7.9508
39882,7.0
39883,7.6018
39884,7.6018
39885,7.6018
39886,7.5
39887,8.6
39888,8.0
39889,6.5
39890,6.0
39891,6.875
39892,7.6018
39893,7.6018
39894,7.0769
39895,7.6018
39896,7.0
39897,7.6018
39898,7.3636
39899,7.6
39900,7.6018
39901,7.5238
39902,7.3333
39903,6.0
39904,8.5
39905,7.6018
39906,9.0
39907,8.2308
39908,8.5
39909,9.0
39910,8.35
39911,5.0
39912,7.6018
39913,8.2217
39914,7.6018
39915,7.6018
39916,10.0
39917,9.0
39918,7.6018
39919,8.2217
39920,8.6111
39921,7.2222
39922,7.6018
39923,8.2353
39924,7.6018
39925,6.0
39926,8.0435
39927,7.5
39928,6.9792
39929,8.0
39930,8.2
39931,7.5385
39932,6.6667
39933,7.6018
39934,8.8065
39935,7.6018
39936,7.5294
39937,7.6018
39938,7.5278
39939,7.6018
39940,7.6018
39941,10.0
39942,8.0
39943,8.0
39944,7.9518
39945,6.0
39946,7.9231
39947,7.6018
39948,7.6018
39949,9.0
39950,7.6018
39951,7.6018
39952,7.6018
39953,7.8333
39954,7.6018
39955,7.6018
39956,7.4615
39957,7.6018
39958,5.0
39959,6.0
39960,7.6018
39961,6.8889
39962,8.7143
39963,7.6018
39964,6.0
39965,7.4286
39966,7.9
39967,7.6018
39968,8.5
39969,7.4
39970,7.6018
39971,7.0
39972,7.6018
39973,7.4821
39974,6.5
39975,7.6018
39976,6.0
39977,7.0
39978,6.5
39979,6.5
39980,7.6018
39981,7.6018
39982,8.0
39983,7.5
39984,4.0
39985,8.1176
39986,7.6018
39987,6.3333
39988,9.0
39989,7.6018
39990,7.8182
39991,7.6018
39992,7.6018
39993,5.5
39994,7.6018
39995,8.1765
39996,8.3793
39997,6.3333
39998,7.6018
39999,7.9048
40000,7.6018
40001,7.6018
40002,6.5
40003,7.8235
40004,7.6018
40005,7.6018
40006,8.1778
40007,7.9048
40008,7.6018
40009,8.4
40010,8.0
40011,7.7143
40012,10.0
40013,5.5
40014,9.4
40015,7.6018
40016,7.6018
40017,7.5
40018,5.0
40019,7.6018
40020,7.9561
40021,9.0
40022,7.6018
40023,10.0
40024,5.0
40025,10.0
40026,8.6111
40027,7.6018
40028,7.6018
40029,7.3333
40030,9.0
40031,8.4
40032,7.76
40033,7.6018
40034,5.25
40035,8.12
40036,7.6018
40037,8.6667
40038,7.6018
40039,4.1893
40040,7.6154
40041,7.6018
40042,7.6018
40043,7.7667
40044,8.0
40045,7.6018
40046,7.6018
40047,7.6018
40048,7.5556
40049,7.5714
40050,10.0
40051,7.6018
40052,7.6018
40053,7.6018
40054,8.0
40055,8.0417
40056,7.6018
40057,7.6018
40058,6.3333
40059,7.5
40060,8.2414
40061,6.3333
40062,7.6018
40063,7.6018
40064,7.6018
40065,7.6018
40066,7.8462
40067,8.0
40068,6.6667
40069,7.0
40070,7.6018
40071,8.6111
40072,7.6018
40073,7.0
40074,8.5
40075,7.3333
40076,8.3939
40077,7.6018
40078,7.6018
40079,6.97
40080,8.0
40081,6.5
40082,7.2667
40083,9.2
40084,9.0
40085,8.3333
40086,8.0
40087,7.6018
40088,7.6018
40089,7.6018
40090,7.7778
40091,8.0476
40092,8.0
40093,7.6018
40094,7.0
40095,7.5
40096,7.6018
40097,7.6018
40098,10.0
40099,7.0
40100,7.6018
40101,7.6018
40102,8.0
40103,7.6018
40104,8.0
40105,8.0435
40106,7.6018
40107,7.6018
40108,7.0
40109,7.6018
40110,7.6018
40111,7.6667
40112,7.0
40113,6.0
40114,8.75
40115,7.6018
40116,7.0
40117,5.0
40118,7.6018
40119,8.0
40120,7.6018
40121,8.0
40122,7.0
40123,6.0
40124,7.3333
40125,7.6018
40126,4.1893
40127,7.4545
40128,7.4
40129,7.25
40130,6.5
40131,7.6018
40132,8.1111
40133,7.6018
40134,7.4231
40135,7.6018
40136,8.4
40137,7.3191
40138,6.7
40139,7.6018
40140,7.6018
40141,7.6018
40142,7.6018
40143,7.6018
40144,7.6018
40145,7.6018
40146,7.36
40147,7.6018
40148,8.4
40149,7.9848
40150,7.6018
40151,8.0
40152,7.6667
40153,7.6018
40154,8.75
40155,7.6018
40156,8.3333
40157,7.0
40158,7.3333
40159,7.6018
40160,7.6018
40161,7.6667
40162,8.5
40163,8.0
40164,7.6667
40165,9.5
40166,7.6018
40167,7.6018
40168,7.6018
40169,7.2609
40170,7.3438
40171,9.0
40172,7.6018
40173,8.7
40174,8.0
40175,7.0
40176,6.75
40177,7.6018
40178,7.8667
40179,8.6
40180,7.6018
40181,7.5294
40182,7.6018
40183,7.6018
40184,7.75
40185,10.0
40186,7.6018
40187,7.5
40188,8.3333
40189,7.6018
40190,8.1923
40191,7.6018
40192,7.6018
40193,7.6018
40194,10.0
40195,7.6018
40196,7.7143
40197,7.875
40198,6.0
40199,8.0
40200,7.6018
40201,7.6018
40202,6.5
40203,7.4615
40204,8.1667
40205,7.0
40206,7.6018
40207,8.7
40208,7.0
40209,8.0
40210,7.6018
40211,7.6018
40212,10.0
40213,7.6018
40214,8.2353
40215,7.8182
40216,6.0
40217,8.0
40218,7.1667
40219,7.6018
40220,7.6018
40221,7.6018
40222,7.6018
40223,7.0
40224,8.3939
40225,7.6018
40226,7.6296
40227,7.375
40228,7.5
40229,7.9487
40230,7.0
40231,8.1724
40232,7.6018
40233,7.6018
40234,7.75
40235,7.875
40236,8.0
40237,7.0
40238,8.3333
40239,9.0
40240,7.6018
40241,7.6018
40242,7.6018
40243,7.6018
40244,7.6018
40245,7.6018
40246,7.6018
40247,7.6018
40248,8.4
40249,6.0
40250,7.6018
40251,7.6018
40252,6.0
40253,6.9167
40254,7.1163
40255,7.6018
40256,7.0
40257,7.6018
40258,7.6018
40259,7.6018
40260,9.5
40261,7.6018
40262,7.6018
40263,9.0
40264,7.6018
40265,7.75
40266,7.0
40267,7.6018
40268,8.6667
40269,7.75
40270,7.6018
40271,7.1463
40272,7.6018
40273,7.6018
40274,6.0
40275,8.3333
40276,6.1667
40277,7.6018
40278,7.525
40279,7.6018
40280,8.36
40281,5.0
40282,7.8
40283,7.6018
40284,6.9565
40285,7.6018
40286,7.6018
40287,7.6018
40288,7.6018
40289,8.0
40290,6.75
40291,7.6018
40292,9.0
40293,7.6018
40294,7.6018
40295,7.4328
40296,8.6
40297,7.6018
40298,7.6018
40299,8.1111
40300,7.6018
40301,7.6018
40302,8.4
40303,7.6018
40304,7.6018
40305,6.75
40306,8.0
40307,7.6018
40308,5.3333
40309,8.45
40310,7.6018
40311,5.0
40312,7.6018
40313,9.3333
40314,8.4
40315,7.5
40316,7.6018
40317,7.6018
40318,7.6018
40319,7.6018
40320,5.5
40321,7.3333
40322,7.6667
40323,6.9595
40324,7.6018
40325,7.7778
40326,7.75
40327,8.1
40328,7.6018
40329,10.0
40330,6.0
40331,7.6667
40332,6.8333
40333,7.6018
40334,7.0
40335,8.5
40336,7.6018
40337,7.6018
40338,7.6018
40339,6.5
40340,7.6018
40341,7.7059
40342,6.0
40343,10.0
40344,8.3333
40345,7.8333
40346,8.0
40347,7.2
40348,10.0
40349,7.6018
40350,7.6018
40351,4.0
40352,9.0
40353,8.6667
40354,7.25
40355,6.5
40356,7.2453
40357,7.6018
40358,7.3529
40359,8.0
40360,7.0667
40361,7.6018
40362,7.6018
40363,7.6018
40364,7.6018
40365,8.0513
40366,9.5
40367,10.0
40368,9.0
40369,7.6018
40370,7.6018
40371,7.6018
40372,7.6018
40373,7.6018
40374,7.6018
40375,8.0
40376,7.6018
40377,7.8333
40378,7.5
40379,8.6
40380,7.6018
40381,7.9091
40382,5.0
40383,7.6018
40384,7.8
40385,8.0
40386,7.6018
40387,7.6018
40388,8.0
40389,9.0
40390,9.0
40391,8.0909
40392,7.7059
40393,8.5294
40394,7.6667
40395,7.6018
40396,9.0
40397,7.6018
40398,7.8
40399,7.6018
40400,7.6018
40401,6.0
40402,7.75
40403,7.6018
40404,7.6018
40405,7.8333
40406,8.2857
40407,9.0
40408,7.6018
40409,7.5758
40410,7.6018
40411,6.0
40412,7.6018
40413,7.5833
40414,9.5
40415,8.3846
40416,7.6018
40417,8.1905
40418,7.6018
40419,7.8065
40420,10.0
40421,7.9189
40422,7.6018
40423,8.2308
40424,10.0
40425,7.4328
40426,5.0
40427,7.8936
40428,7.6018
40429,9.0
40430,5.8
40431,10.0
40432,8.0
40433,7.6018
40434,7.6018
40435,7.6018
40436,10.0
40437,7.6452
40438,8.0
40439,7.6018
40440,7.6018
40441,7.6018
40442,6.6
40443,7.0
40444,7.1013
40445,7.6018
40446,7.6018
40447,7.6018
40448,7.6018
40449,7.6018
40450,7.4958
40451,8.5385
40452,8.2857
40453,7.6018
40454,8.0652
40455,8.1429
40456,8.0
40457,8.25
40458,7.6018
40459,7.6018
40460,6.5
40461,7.6018
40462,7.4667
40463,7.6018
40464,7.0
40465,7.6018
40466,6.6
40467,7.871
40468,7.6018
40469,7.6018
40470,8.1637
40471,7.3333
40472,7.0
40473,7.0
40474,7.0
40475,7.25
40476,4.0
40477,7.6018
40478,7.6018
40479,7.6018
40480,8.0
40481,8.6364
40482,7.6018
40483,7.0
40484,8.0
40485,8.0
40486,7.6018
40487,7.6018
40488,7.6018
40489,8.0
40490,8.2647
40491,7.6018
40492,6.6667
40493,7.8889
40494,9.5
40495,5.0
40496,7.0
40497,7.5
40498,7.6018
40499,8.3273
40500,7.6018
40501,7.6018
40502,9.0
40503,9.0
40504,7.0
40505,5.8333
40506,7.6018
40507,7.6667
40508,10.0
40509,7.6018
40510,7.8065
40511,7.8913
40512,7.6018
40513,7.6018
40514,7.0
40515,6.25
40516,7.6018
40517,7.6018
40518,7.6018
40519,8.0652
40520,7.6018
40521,7.6018
40522,8.0
40523,7.6018
40524,7.6018
40525,6.6
40526,5.0
40527,8.0652
40528,10.0
40529,7.6018
40530,7.6018
40531,7.6018
40532,7.0
40533,7.75
40534,8.0
40535,9.0
40536,6.5
40537,7.6667
40538,7.6018
40539,8.0
40540,8.25
40541,8.6
40542,6.6667
40543,7.6018
40544,8.1519
40545,5.0
40546,7.6018
40547,7.6018
40548,7.6018
40549,8.0
40550,5.0
40551,8.0
40552,8.4444
40553,5.0
40554,7.8182
40555,7.7348
40556,7.6018
40557,5.0
40558,7.6018
40559,7.3333
40560,7.6018
40561,8.8065
40562,7.6018
40563,10.0
40564,8.0
40565,7.6018
40566,8.04
40567,8.7667
40568,7.6018
40569,7.6018
40570,9.0
40571,9.0
40572,9.5
40573,7.0
40574,7.7059
40575,7.6018
40576,7.6018
40577,7.6018
40578,7.5
40579,8.0
40580,8.1613
40581,7.9444
40582,7.75
40583,7.6018
40584,8.1667
40585,7.6018
40586,7.6018
40587,8.0
40588,8.9375
40589,7.4545
40590,9.25
40591,7.6018
40592,7.75
40593,7.6667
40594,7.75
40595,9.0
40596,7.6018
40597,8.0
40598,7.6018
40599,7.6018
40600,7.0
40601,7.6018
40602,7.9333
40603,7.6018
40604,7.3191
40605,7.6018
40606,9.0
40607,3.0
40608,7.6018
40609,7.0
40610,7.8
40611,8.0
40612,7.6018
40613,7.6018
40614,7.6667
40615,7.6018
40616,7.6018
40617,7.7692
40618,10.0
40619,7.4328
40620,7.6018
40621,7.6018
40622,7.7812
40623,7.6018
40624,6.0
40625,7.6018
40626,5.0
40627,8.3333
40628,8.0652
40629,7.6018
40630,7.5
40631,8.0
40632,8.0
40633,7.6018
40634,7.6018
40635,7.25
40636,7.6018
40637,8.0
40638,8.0
40639,7.6018
40640,7.3333
40641,7.6018
40642,7.6296
40643,7.6018
40644,7.0
40645,8.3636
40646,8.75
40647,7.6018
40648,7.6018
40649,7.6018
40650,8.2217
40651,7.0
40652,7.6018
40653,7.6018
40654,8.3
40655,7.6018
40656,7.6018
40657,7.6018
40658,7.6018
40659,7.6018
40660,5.9167
40661,7.4762
40662,7.6018
40663,7.8
40664,7.9545
40665,7.6018
40666,7.6018
40667,8.8
40668,8.0
40669,9.0
40670,7.9524
40671,7.6018
40672,7.6018
40673,7.6018
40674,7.6018
40675,6.625
40676,7.6018
40677,7.7059
40678,6.5
40679,7.6018
40680,5.0
40681,7.6018
40682,7.6018
40683,7.6018
40684,7.75
40685,7.6018
40686,7.6018
40687,6.0
40688,8.2174
40689,7.0
40690,7.6018
40691,7.9333
40692,7.2162
40693,7.6667
40694,7.6018
40695,7.6018
40696,7.0
40697,8.0
40698,8.5
40699,7.6667
40700,8.5385
40701,4.1893
40702,7.6018
40703,8.1724
40704,7.8
40705,7.6018
40706,7.6018
40707,7.5556
40708,7.6018
40709,8.2
40710,7.5
40711,8.0
40712,9.0
40713,7.6018
40714,7.6018
40715,7.6018
40716,7.6018
40717,7.0
40718,7.6018
40719,6.6
40720,6.0
40721,7.0
40722,8.0976
40723,8.1724
40724,7.6018
40725,7.6018
40726,7.6018
40727,7.6018
40728,7.6018
40729,6.3333
40730,8.75
40731,8.5
40732,7.2222
40733,7.6018
40734,8.6667
40735,8.0
40736,7.6018
40737,5.5625
40738,7.6018
40739,7.6018
40740,7.6018
40741,9.0
40742,7.0
40743,7.7045
40744,7.4615
40745,7.9437
40746,7.6018
40747,7.6018
40748,7.6018
40749,8.4545
40750,8.2857
40751,8.6667
40752,7.3548
40753,7.625
40754,7.6018
40755,7.6018
40756,7.6018
40757,7.6018
40758,7.6667
40759,6.0
40760,5.8333
40761,7.5909
40762,6.6111
40763,8.6667
40764,7.5
40765,7.5385
40766,7.6018
40767,7.6018
40768,7.6018
40769,9.0
40770,8.4615
40771,6.5714
40772,7.6018
40773,7.2
40774,7.6018
40775,7.6923
40776,7.6018
40777,4.1893
40778,6.6667
40779,7.6018
40780,8.0
40781,9.25
40782,6.0
40783,7.6018
40784,7.0
40785,9.0
40786,7.0
40787,8.0
40788,8.1667
40789,7.1013
40790,6.75
40791,8.0
40792,10.0
40793,7.6018
40794,7.6018
40795,7.5
40796,7.6018
40797,7.6018
40798,7.1111
40799,7.5
40800,7.6018
40801,7.6018
40802,7.6018
40803,7.6018
40804,6.6923
40805,7.2
40806,7.6018
40807,8.6667
40808,7.6018
40809,7.0
40810,7.4328
40811,7.25
40812,5.0
40813,8.5385
40814,8.1905
40815,7.6018
40816,7.0
40817,5.0
40818,7.6018
40819,8.0
40820,7.5362
40821,9.0
40822,7.6018
40823,7.6018
40824,7.6018
40825,7.4328
40826,8.0
40827,8.32
40828,10.0
40829,7.5
40830,7.0
40831,7.6018
40832,7.4958
40833,8.3846
40834,8.3333
40835,10.0
40836,9.2
40837,7.6018
40838,6.25
40839,7.6018
40840,7.6018
40841,7.6018
40842,7.3235
40843,7.6018
40844,8.0
40845,8.0435
40846,7.6018
40847,7.6018
40848,7.6018
40849,3.0
40850,7.6018
40851,7.6018
40852,7.6018
40853,7.1
40854,6.5714
40855,7.1429
40856,7.2444
40857,8.1
40858,7.0571
40859,7.6018
40860,7.0
40861,7.0
40862,7.0
40863,7.6897
40864,7.6018
40865,7.6018
40866,8.5
40867,7.5758
40868,7.6018
40869,7.6018
40870,5.6667
40871,9.0
40872,7.8182
40873,7.7059
40874,7.5
40875,7.5
40876,7.5
40877,7.6018
40878,6.5
40879,7.5
40880,8.381
40881,7.6018
40882,7.5
40883,7.6018
40884,6.7273
40885,6.0
40886,8.3273
40887,9.5
40888,7.0
40889,7.6018
40890,8.0
40891,7.5
40892,7.6018
40893,8.0
40894,7.6018
40895,7.6018
40896,7.6018
40897,7.6018
40898,7.6018
40899,7.6018
40900,5.0625
40901,5.6667
40902,7.6018
40903,7.0
40904,7.6018
40905,7.5
40906,7.6018
40907,7.5
40908,7.0909
40909,7.5
40910,7.6018
40911,7.8333
40912,6.6667
40913,7.6018
40914,7.6018
40915,7.6018
40916,7.6018
40917,10.0
40918,7.6018
40919,6.6
40920,8.0
40921,7.7273
40922,7.6018
40923,8.5
40924,7.6018
40925,10.0
40926,7.5
40927,7.6018
40928,6.5
40929,8.0976
40930,7.6018
40931,7.6018
40932,6.5
40933,7.6018
40934,7.8182
40935,5.0
40936,6.4545
40937,9.0
40938,7.6018
40939,7.4545
40940,7.9518
40941,7.6018
40942,8.1667
40943,7.3333
40944,7.6018
40945,8.0
40946,9.0
40947,7.6018
40948,7.1818
40949,8.04
40950,7.7059
40951,7.5758
40952,7.2941
40953,7.8
40954,7.6018
40955,5.0
40956,6.0
40957,8.5
40958,9.0
40959,7.6018
40960,5.0
40961,7.6018
40962,6.5
40963,7.6018
40964,7.8182
40965,7.5
40966,7.6018
40967,8.75
40968,7.6018
40969,7.6018
40970,7.6018
40971,7.6667
40972,7.6018
40973,7.6018
40974,4.1893
40975,8.2632
40976,7.6018
40977,7.3235
40978,7.6018
40979,9.0
40980,8.381
40981,7.0
40982,7.6018
40983,6.0
40984,9.3333
40985,7.6018
40986,6.5
40987,7.1923
40988,7.6018
40989,6.0
40990,7.6667
40991,7.6018
40992,10.0
40993,7.6018
40994,7.6018
40995,7.6018
40996,7.6018
40997,7.67
40998,7.5
40999,7.6018
41000,9.2
41001,9.0
41002,7.6018
41003,8.0
41004,7.6018
41005,7.6018
41006,8.0
41007,7.6018
41008,7.3333
41009,7.6018
41010,9.0
41011,7.2353
41012,7.6018
41013,7.3636
41014,7.6018
41015,7.7222
41016,7.6018
41017,7.6018
41018,7.6018
41019,7.6018
41020,6.6667
41021,7.6018
41022,7.8065
41023,7.5
41024,7.9437
41025,10.0
41026,8.2632
41027,7.6018
41028,6.8235
41029,7.6018
41030,7.5714
41031,6.5
41032,7.6018
41033,7.6018
41034,7.6018
41035,8.0
41036,7.6018
41037,7.5714
41038,7.4
41039,6.8
41040,8.4545
41041,7.6018
41042,8.6667
41043,7.4737
41044,7.6018
41045,7.6018
41046,6.6667
41047,8.0
41048,6.25
41049,7.6018
41050,9.0
41051,8.75
41052,8.0
41053,7.6018
41054,7.6
41055,6.8333
41056,9.0
41057,7.0
41058,7.75
41059,7.6018
41060,7.9615
41061,7.6018
41062,8.0
41063,7.6018
41064,3.0
41065,10.0
41066,8.5
41067,8.5556
41068,10.0
41069,7.6018
41070,6.6667
41071,8.8
41072,9.0
41073,7.6018
41074,7.6018
41075,9.0
41076,7.0
41077,7.6
41078,7.6018
41079,8.3939
41080,7.0
41081,7.7778
41082,6.75
41083,7.6018
41084,7.6018
41085,7.6018
41086,7.6018
41087,7.6018
41088,7.6018
41089,7.6018
41090,8.2069
41091,7.0784
41092,7.2857
41093,7.6018
41094,7.5
41095,7.3333
41096,7.6018
41097,5.4
41098,7.6018
41099,8.0
41100,7.6018
41101,7.5362
41102,6.5
41103,7.6
41104,7.0
41105,6.6667
41106,7.36
41107,8.25
41108,7.2727
41109,7.6018
41110,7.6018
41111,7.6018
41112,7.6018
41113,7.6667
41114,9.0
41115,7.6667
41116,10.0
41117,8.0417
41118,9.3333
41119,7.6018
41120,7.1667
41121,9.0
41122,7.6018
41123,7.8
41124,8.0
41125,6.2
41126,7.717
41127,7.25
41128,7.6018
41129,7.6018
41130,7.6018
41131,7.36
41132,7.4615
41133,7.6018
41134,7.6018
41135,8.0
41136,6.0
41137,6.9565
41138,8.0
41139,6.9565
41140,7.6018
41141,7.6018
41142,6.0
41143,7.6018
41144,8.0303
41145,7.0
41146,7.6018
41147,8.5625
41148,7.65
41149,7.5
41150,9.0
41151,7.5
41152,7.6018
41153,7.0833
41154,7.6018
41155,5.8333
41156,7.6018
41157,10.0
41158,9.0
41159,7.0
41160,7.8125
41161,9.4
41162,6.9333
41163,7.6018
41164,7.5
41165,8.1724
41166,9.0
41167,7.8
41168,8.4615
41169,7.6018
41170,9.0
41171,7.6018
41172,5.0
41173,7.6018
41174,5.0
41175,8.5
41176,8.8065
41177,7.6018
41178,8.8065
41179,4.1893
41180,7.0
41181,7.0
41182,7.0769
41183,7.2857
41184,7.6018
41185,8.4
41186,7.5625
41187,7.6018
41188,7.6018
41189,7.6018
41190,7.9487
41191,7.6018
41192,7.9286
41193,6.5
41194,7.6018
41195,8.0
41196,7.6018
41197,9.3333
41198,8.0
41199,7.6018
41200,7.6018
41201,6.8966
41202,7.6018
41203,8.0
41204,9.5
41205,9.5
41206,7.75
41207,7.6018
41208,8.0
41209,8.5
41210,9.0
41211,7.3333
41212,8.0
41213,7.6018
41214,7.0
41215,7.0
41216,7.6018
41217,6.0
41218,7.6018
41219,8.0
41220,8.0
41221,6.6
41222,8.0
41223,7.6018
41224,7.6018
41225,6.0
41226,7.6018
41227,9.0
41228,8.0
41229,8.2308
41230,7.6018
41231,6.5
41232,7.6018
41233,9.5
41234,7.6018
41235,8.0
41236,7.6018
41237,7.6018
41238,9.4286
41239,7.6018
41240,8.0
41241,9.0
41242,7.6018
41243,7.0
41244,7.8333
41245,7.6018
41246,7.6018
41247,7.3846
41248,7.6018
41249,9.5
41250,7.6018
41251,7.6018
41252,7.125
41253,7.6018
41254,9.3333
41255,8.5
41256,7.6018
41257,7.0
41258,8.0
41259,7.0
41260,7.0
41261,7.6018
41262,10.0
41263,8.3529
41264,7.4
41265,8.4
41266,7.1667
41267,7.0
41268,7.6018
41269,5.5
41270,8.0
41271,5.0
41272,7.6018
41273,7.6018
41274,4.1893
41275,7.6018
41276,9.0
41277,8.4333
41278,9.1
41279,6.0
41280,8.6667
41281,10.0
41282,8.0
41283,8.0
41284,7.6018
41285,7.6018
41286,8.2308
41287,7.6018
41288,7.0
41289,7.6018
41290,7.5556
41291,7.6018
41292,7.0
41293,7.6018
41294,8.0
41295,7.6296
41296,7.6018
41297,7.6018
41298,7.6018
41299,7.6018
41300,7.6018
41301,7.4545
41302,7.6018
41303,7.6018
41304,7.6018
41305,7.7727
41306,7.6018
41307,6.5
41308,4.1893
41309,7.6018
41310,7.5294
41311,7.6018
41312,7.6018
41313,8.2
41314,7.6018
41315,9.0
41316,7.8182
41317,7.7857
41318,8.1519
41319,7.0
41320,7.1818
41321,9.0
41322,7.6018
41323,7.6018
41324,7.6018
41325,6.0
41326,7.7
41327,7.6018
41328,7.6018
41329,6.6
41330,7.375
41331,6.6
41332,7.6018
41333,7.1429
41334,7.8667
41335,7.6018
41336,7.6018
41337,8.5
41338,6.625
41339,5.0
41340,8.0
41341,9.5
41342,7.6018
41343,7.9518
41344,6.5
41345,8.6111
41346,6.625
41347,7.6018
41348,7.2
41349,7.6018
41350,8.25
41351,6.5
41352,7.6018
41353,7.5362
41354,7.3125
41355,10.0
41356,8.6154
41357,6.0
41358,7.9048
41359,7.6018
41360,9.0
41361,8.0
41362,7.6018
41363,7.6018
41364,5.75
41365,7.6018
41366,7.8
41367,7.6018
41368,7.6
41369,10.0
41370,7.5135
41371,7.3125
41372,8.0
41373,7.6018
41374,7.7119
41375,7.6018
41376,7.6018
41377,7.8
41378,8.0
41379,6.0
41380,8.2
41381,7.6018
41382,7.6018
41383,5.5
41384,8.4167
41385,6.0909
41386,7.76
41387,7.6018
41388,7.6018
41389,7.8913
41390,8.0
41391,9.3333
41392,10.0
41393,7.6018
41394,8.6667
41395,9.0
41396,7.0435
41397,8.092
41398,6.6923
41399,7.5424
41400,10.0
41401,7.0
41402,6.0
41403,7.6018
41404,5.6667
41405,6.4286
41406,7.9091
41407,7.6018
41408,6.0
41409,7.6018
41410,8.5
41411,6.8
41412,8.0
41413,2.0
41414,7.5
41415,7.8333
41416,7.6018
41417,7.6018
41418,8.5
41419,7.6018
41420,7.6018
41421,7.0714
41422,6.4
41423,8.6
41424,9.5
41425,5.0
41426,7.6018
41427,7.6018
41428,1.0
41429,7.6018
41430,7.6018
41431,7.6018
41432,7.6018
41433,7.6018
41434,8.0769
41435,7.6018
41436,7.0
41437,5.6667
41438,7.6018
41439,8.4545
41440,8.75
41441,7.6018
41442,8.1923
41443,7.6667
41444,7.6018
41445,8.0
41446,7.7222
41447,7.6018
41448,8.0
41449,8.2857
41450,7.6018
41451,7.6018
41452,8.0
41453,7.6
41454,5.0
41455,8.7143
41456,8.5333
41457,7.75
41458,7.0
41459,7.6018
41460,7.6018
41461,9.0
41462,6.4167
41463,7.6018
41464,10.0
41465,6.6154
41466,7.6018
41467,8.0
41468,8.0833
41469,8.0
41470,7.6018
41471,7.5
41472,7.6018
41473,7.2162
41474,7.25
41475,9.0
41476,7.6018
41477,8.5385
41478,3.0
41479,8.0
41480,6.2
41481,5.6667
41482,7.6018
41483,8.0435
41484,7.6018
41485,8.0
41486,7.8333
41487,7.6018
41488,9.0
41489,7.6018
41490,9.0
41491,7.6667
41492,8.12
41493,7.2593
41494,10.0
41495,7.6018
41496,7.6018
41497,9.0
41498,7.6018
41499,9.5
41500,7.6018
41501,7.6018
41502,7.6018
41503,6.7692
41504,7.9487
41505,7.0
41506,6.2727
41507,7.6018
41508,6.6111
41509,7.0
41510,6.0
41511,9.0
41512,7.9508
41513,7.6757
41514,7.6018
41515,7.4659
41516,7.2593
41517,8.3273
41518,7.6018
41519,7.6018
41520,7.6018
41521,7.6018
41522,9.0
41523,6.5
41524,7.6018
41525,7.6018
41526,6.0
41527,7.6018
41528,8.0
41529,6.0
41530,7.6018
41531,7.5
41532,7.6018
41533,7.6018
41534,8.0
41535,8.0
41536,5.0
41537,8.75
41538,7.7895
41539,9.0
41540,7.6018
41541,7.6018
41542,7.6
41543,5.0
41544,8.1923
41545,4.1893
41546,6.5938
41547,8.3333
41548,10.0
41549,9.0
41550,7.0
41551,6.4444
41552,7.6018
41553,9.5
41554,7.9561
41555,8.6667
41556,7.0
41557,7.6018
41558,7.6018
41559,7.6018
41560,7.6018
41561,8.0
41562,7.6667
41563,7.6667
41564,7.6018
41565,8.0
41566,7.4688
41567,6.0
41568,7.25
41569,7.6018
41570,9.0
41571,7.6018
41572,7.6018
41573,7.6018
41574,7.6018
41575,7.6018
41576,8.8571
41577,8.2647
41578,7.6018
41579,7.6018
41580,7.6018
41581,8.1923
41582,5.0
41583,7.9615
41584,7.3333
41585,6.875
41586,6.75
41587,10.0
41588,10.0
41589,6.5
41590,6.5
41591,4.0
41592,7.6018
41593,9.0
41594,8.0
41595,7.6018
41596,7.6018
41597,9.8
41598,7.8125
41599,8.125
41600,8.6667
41601,7.6018
41602,7.6018
41603,7.8125
41604,7.6018
41605,7.8936
41606,7.9508
41607,7.0
41608,7.0
41609,7.0
41610,7.5
41611,10.0
41612,7.6018
41613,7.6018
41614,7.6018
41615,8.5556
41616,9.0
41617,8.0652
41618,7.9333
41619,7.6018
41620,6.1667
41621,7.0
41622,7.6018
41623,8.2857
41624,7.6018
41625,6.5
41626,7.6018
41627,7.908
41628,7.6018
41629,7.6018
41630,7.5714
41631,5.6667
41632,7.0
41633,7.5312
41634,8.0
41635,8.75
41636,8.6
41637,7.5312
41638,7.6018
41639,10.0
41640,7.6018
41641,7.0
41642,7.9518
41643,7.6018
41644,10.0
41645,7.6018
41646,7.0
41647,6.5714
41648,7.6018
41649,7.4737
41650,10.0
41651,7.0
41652,7.6129
41653,7.6018
41654,4.5
41655,7.0435
41656,7.5
41657,5.75
41658,7.6018
41659,8.0
41660,7.8
41661,7.6018
41662,5.0
41663,8.0
41664,8.0
41665,7.6018
41666,7.0
41667,7.6018
41668,7.6018
41669,6.0
41670,7.9545
41671,8.0
41672,7.6018
41673,9.0
41674,7.6018
41675,7.6018
41676,7.6018
41677,6.0
41678,7.6018
41679,7.6018
41680,7.5
41681,7.6018
41682,8.75
41683,7.6018
41684,8.4615
41685,7.6018
41686,7.9615
41687,7.6018
41688,7.0
41689,7.5
41690,5.0
41691,6.7692
41692,6.25
41693,6.5
41694,7.6018
41695,8.3333
41696,7.9518
41697,7.6018
41698,8.5556
41699,8.0
41700,8.0
41701,7.6018
41702,9.1538
41703,6.5
41704,8.6842
41705,7.6129
41706,7.6018
41707,7.6018
41708,8.1724
41709,7.6018
41710,8.4
41711,7.6018
41712,7.6018
41713,7.6018
41714,7.0909
41715,7.5
41716,7.6018
41717,10.0
41718,7.6018
41719,10.0
41720,7.6018
41721,5.0
41722,7.6018
41723,5.0
41724,7.6667
41725,7.6018
41726,8.0
41727,7.6018
41728,6.5
41729,7.5
41730,7.6018
41731,9.0
41732,7.5
41733,7.6018
41734,7.4737
41735,7.6018
41736,8.3333
41737,7.5
41738,7.6018
41739,9.5
41740,7.6018
41741,5.0
41742,7.6018
41743,7.6018
41744,6.0
41745,6.0625
41746,7.8125
41747,10.0
41748,7.6667
41749,6.8333
41750,5.5
41751,8.0
41752,7.6018
41753,7.0
41754,7.1163
41755,7.5
41756,7.6018
41757,5.0
41758,7.6018
41759,7.5
41760,8.2
41761,7.6018
41762,7.6018
41763,7.0
41764,7.9518
41765,7.6018
41766,7.0
41767,7.6018
41768,7.375
41769,7.6018
41770,7.5
41771,7.6018
41772,6.9231
41773,8.0
41774,7.6018
41775,7.6018
41776,9.0
41777,8.1842
41778,7.2453
41779,7.6897
41780,7.6018
41781,8.1519
41782,8.1538
41783,7.6018
41784,7.6018
41785,10.0
41786,7.6018
41787,7.9545
41788,5.0
41789,8.4286
41790,6.0
41791,7.5833
41792,7.6018
41793,7.6667
41794,7.8333
41795,7.6018
41796,6.6667
41797,7.6018
41798,7.4286
41799,7.1111
41800,7.0
41801,7.6018
41802,7.0714
41803,7.9286
41804,7.6018
41805,7.6018
41806,8.0
41807,7.6018
41808,7.6018
41809,8.4
41810,6.0
41811,8.0732
41812,7.6018
41813,6.5
41814,7.6018
41815,7.6667
41816,9.0
41817,7.6018
41818,8.3273
41819,7.5424
41820,6.5
41821,7.6018
41822,7.125
41823,8.2
41824,10.0
41825,8.08
41826,7.6018
41827,7.0
41828,7.6018
41829,8.5
41830,7.6018
41831,7.6018
41832,6.0
41833,7.0
41834,7.6018
41835,7.6018
41836,7.6018
41837,7.6018
41838,7.6018
41839,8.1905
41840,7.6018
41841,8.0
41842,7.1739
41843,9.0
41844,7.6018
41845,10.0
41846,8.0435
41847,10.0
41848,7.6667
41849,10.0
41850,7.6018
41851,7.6018
41852,8.0
41853,7.6018
41854,7.6018
41855,8.0
41856,7.7826
41857,6.5
41858,7.3778
41859,7.6018
41860,7.6018
41861,7.7778
41862,8.7609
41863,8.0
41864,7.6018
41865,5.5
41866,6.75
41867,6.5
41868,8.0
41869,8.1429
41870,6.9595
41871,7.6018
41872,6.8889
41873,8.4
41874,7.2857
41875,5.8333
41876,9.1111
41877,7.6018
41878,7.8
41879,7.6018
41880,8.5294
41881,8.3846
41882,7.125
41883,7.6018
41884,7.6018
41885,7.75
41886,7.6018
41887,8.2217
41888,10.0
41889,7.1013
41890,7.717
41891,7.241
41892,8.8889
41893,9.0
41894,8.375
41895,9.0862
41896,8.125
41897,7.6018
41898,6.0
41899,5.6667
41900,7.0
41901,7.8571
41902,7.0
41903,6.6
41904,6.6
41905,8.3333
41906,8.25
41907,7.4821
41908,9.6667
41909,8.4
41910,7.6018
41911,7.6018
41912,8.0
41913,3.0
41914,7.6018
41915,7.5
41916,7.6018
41917,8.25
41918,7.0
41919,8.2632
41920,7.6018
41921,10.0
41922,8.0
41923,6.8966
41924,7.6018
41925,7.6018
41926,8.0
41927,7.6018
41928,7.0
41929,7.9474
41930,8.1667
41931,7.6018
41932,7.4286
41933,8.0
41934,7.6
41935,7.1667
41936,7.0
41937,8.1923
41938,8.6
41939,10.0
41940,7.6018
41941,8.3333
41942,7.5556
41943,7.0
41944,7.1739
41945,8.0
41946,7.6018
41947,7.6018
41948,7.6018
41949,8.092
41950,7.6018
41951,8.0
41952,7.1538
41953,7.6018
41954,7.5789
41955,7.6018
41956,7.6018
41957,9.2
41958,7.9118
41959,8.2727
41960,7.6018
41961,7.6018
41962,7.9518
41963,7.1667
41964,8.0
41965,7.6018
41966,9.0
41967,7.6667
41968,7.6018
41969,7.6018
41970,7.5714
41971,7.6018
41972,7.3333
41973,8.381
41974,5.5
41975,8.0
41976,7.9561
41977,8.3333
41978,8.6667
41979,8.9167
41980,7.375
41981,7.6018
41982,7.6018
41983,7.5278
41984,7.7059
41985,7.6018
41986,8.3333
41987,7.3235
41988,8.2647
41989,7.6018
41990,7.6018
41991,7.9545
41992,7.3462
41993,8.2308
41994,7.2857
41995,8.1429
41996,8.0652
41997,5.0
41998,7.6018
41999,7.6018
42000,6.6667
42001,7.6018
42002,7.6018
42003,7.6018
42004,7.6018
42005,6.5
42006,7.4483
42007,8.4717
42008,7.6018
42009,9.0
42010,8.0732
42011,7.6018
42012,7.6667
42013,7.6018
42014,7.0588
42015,9.0
42016,7.6018
42017,7.6018
42018,7.6018
42019,7.6018
42020,6.5
42021,7.6018
42022,7.3438
42023,8.0
42024,7.6667
42025,7.6018
42026,7.6018
42027,7.6018
42028,7.6018
42029,7.9375
42030,7.6018
42031,10.0
42032,8.0
42033,7.6018
42034,6.6154
42035,7.6018
42036,8.75
42037,7.6018
42038,10.0
42039,7.6018
42040,8.0
42041,7.2453
42042,7.6018
42043,7.6018
42044,10.0
42045,7.5
42046,7.0
42047,6.0
42048,7.6018
42049,7.6018
42050,10.0
42051,8.9091
42052,7.6018
42053,8.2778
42054,7.6018
42055,8.6182
42056,7.6018
42057,6.2857
42058,8.0
42059,7.95
42060,7.6018
42061,6.8889
42062,7.6018
42063,7.7895
42064,7.6018
42065,7.6018
42066,7.6018
42067,2.0
42068,8.9091
42069,8.6
42070,7.8
42071,7.8627
42072,9.0
42073,7.6452
42074,7.6018
42075,7.6018
42076,7.0
42077,8.2857
42078,7.6667
42079,7.3333
42080,9.0
42081,7.8333
42082,8.8
42083,7.3333
42084,7.6018
42085,7.2667
42086,8.0
42087,7.6018
42088,7.6018
42089,7.2727
42090,8.0
42091,7.8095
42092,7.6018
42093,7.4615
42094,7.6018
42095,8.6667
42096,7.875
42097,9.0
42098,7.9474
42099,7.6018
42100,7.6018
42101,8.1875
42102,7.5
42103,7.6018
42104,8.5833
42105,9.0
42106,7.6018
42107,9.0
42108,7.6018
42109,7.6018
42110,7.6018
42111,5.6667
42112,7.36
42113,7.6018
42114,7.6018
42115,7.6667
42116,6.0
42117,7.6018
42118,9.0
42119,7.5789
42120,7.6018
42121,6.9595
42122,5.0
42123,7.8333
42124,6.0
42125,7.9231
42126,7.6018
42127,7.6018
42128,7.4659
42129,6.8
42130,7.6018
42131,7.6018
42132,8.0476
42133,9.0
42134,7.9459
42135,6.6
42136,8.3
42137,7.6018
42138,7.6018
42139,7.6018
42140,8.0
42141,7.6018
42142,6.5
42143,8.6
42144,8.125
42145,8.0
42146,7.6018
42147,7.6018
42148,7.0
42149,10.0
42150,8.0
42151,7.6018
42152,7.2857
42153,9.5
42154,7.8571
42155,6.75
42156,7.5789
42157,7.2609
42158,7.0
42159,7.6018
42160,7.6018
42161,7.6018
42162,7.6018
42163,7.6018
42164,10.0
42165,7.6018
42166,7.0
42167,7.6018
42168,7.5
42169,7.6018
42170,6.0
42171,9.5
42172,8.25
42173,7.6018
42174,7.6018
42175,7.2222
42176,8.0652
42177,7.6018
42178,7.6018
42179,9.0
42180,7.0
42181,7.6018
42182,7.6018
42183,5.5
42184,7.6018
42185,10.0
42186,7.4
42187,1.0
42188,7.3333
42189,8.3333
42190,6.5
42191,8.5455
42192,7.0
42193,7.6018
42194,7.6757
42195,9.0
42196,7.6018
42197,7.6018
42198,7.0
42199,7.6018
42200,7.6018
42201,7.8182
42202,6.9167
42203,7.6018
42204,7.0
42205,7.6018
42206,7.8125
42207,7.6018
42208,7.6018
42209,7.3548
42210,7.9474
42211,7.6018
42212,7.6018
42213,7.6018
42214,7.6018
42215,10.0
42216,7.6018
42217,7.6018
42218,8.25
42219,7.6667
42220,7.6667
42221,7.6018
42222,7.6018
42223,7.717
42224,4.0
42225,3.0
42226,8.5
42227,7.0
42228,6.0
42229,7.6018
42230,8.1111
42231,7.0
42232,7.0
42233,7.4762
42234,8.0
42235,7.0
42236,7.6018
42237,7.6018
42238,8.1905
42239,7.6018
42240,7.6018
42241,7.6018
42242,9.0
42243,7.6018
42244,7.6018
42245,7.75
42246,7.6018
42247,7.6018
42248,7.6018
42249,7.6018
42250,8.2857
42251,8.875
42252,7.8333
42253,8.0
42254,7.3333
42255,8.5
42256,7.4821
42257,7.6018
42258,7.6018
42259,5.0
42260,7.2857
42261,7.6018
42262,7.6018
42263,9.0
42264,7.6018
42265,9.0
42266,8.2632
42267,8.2217
42268,7.6018
42269,7.0
42270,7.0
42271,8.75
42272,7.7273
42273,7.0
42274,5.6667
42275,7.3191
42276,7.6018
42277,7.6018
42278,7.6018
42279,8.0
42280,7.5278
42281,9.0
42282,7.6018
42283,7.6018
42284,9.3333
42285,7.8333
42286,7.6018
42287,10.0
42288,8.0
42289,8.2857
42290,7.0
42291,7.125
42292,7.6018
42293,7.6829
42294,7.6018
42295,7.6018
42296,7.6018
42297,7.6018
42298,7.6018
42299,7.8571
42300,8.2
42301,7.6018
42302,7.6018
42303,9.0
42304,7.6018
42305,7.5
42306,9.0
42307,7.6018
42308,9.0
42309,7.6018
42310,7.6018
42311,8.2217
42312,7.9189
42313,8.5
42314,8.0526
42315,7.6667
42316,7.6018
42317,8.0
42318,7.6018
42319,7.6018
42320,8.2857
42321,7.6018
42322,8.0
42323,7.5833
42324,7.6018
42325,7.6018
42326,7.6018
42327,8.5
42328,7.6018
42329,7.0
42330,10.0
42331,7.5362
42332,7.2
42333,7.6018
42334,7.6018
42335,7.6018
42336,6.7692
42337,7.75
42338,9.0
42339,8.3793
42340,8.0
42341,7.6018
42342,6.4
42343,7.6018
42344,7.0
42345,7.6018
42346,7.5833
42347,7.6018
42348,7.0
42349,7.6018
42350,10.0
42351,8.5
42352,7.9412
42353,7.6018
42354,7.6018
42355,8.0
42356,6.0
42357,7.6018
42358,9.5
42359,7.6018
42360,7.6018
42361,10.0
42362,5.0
42363,6.6667
42364,8.0
42365,8.4167
42366,7.6018
42367,7.6018
42368,5.2857
42369,8.0526
42370,7.6018
42371,7.6018
42372,7.5
42373,7.6018
42374,7.6018
42375,7.6018
42376,7.6018
42377,7.7222
42378,7.6018
42379,9.0
42380,7.6018
42381,8.5
42382,7.0
42383,7.5
42384,7.6018
42385,7.6018
42386,8.0
42387,6.6667
42388,6.0556
42389,7.4
42390,7.6018
42391,7.8571
42392,7.6018
42393,8.0
42394,7.6018
42395,7.0
42396,7.75
42397,7.6018
42398,7.1
42399,6.5
42400,7.6018
42401,7.3235
42402,7.9474
42403,8.45
42404,7.6018
42405,7.6018
42406,7.0
42407,7.6018
42408,7.6018
42409,7.6018
42410,7.0
42411,7.0
42412,5.0
42413,7.6018
42414,7.6018
42415,7.6018
42416,8.3913
42417,7.6018
42418,7.6018
42419,6.0
42420,10.0
42421,5.0
42422,7.6018
42423,7.0
42424,7.6018
42425,6.0
42426,7.8125
42427,7.0
42428,3.0
42429,9.5
42430,8.0
42431,7.6018
42432,7.6018
42433,5.0
42434,8.0
42435,7.6667
42436,7.6018
42437,7.6018
42438,4.1893
42439,8.2857
42440,7.6018
42441,7.3191
42442,7.6018
42443,7.6018
42444,10.0
42445,7.0
42446,6.9595
42447,7.6018
42448,7.0
42449,8.0
42450,7.6018
42451,9.0
42452,7.6018
42453,7.6018
42454,7.6018
42455,7.6018
42456,7.6018
42457,7.6018
42458,7.8
42459,8.125
42460,7.6018
42461,7.525
42462,8.0
42463,7.6018
42464,7.6018
42465,8.3636
42466,7.7895
42467,5.0
42468,7.6018
42469,7.6667
42470,7.8889
42471,7.6018
42472,7.6018
42473,7.1013
42474,6.1579
42475,7.6018
42476,9.0
42477,7.6018
42478,6.0
42479,7.6018
42480,7.6018
42481,7.6667
42482,7.8125
42483,7.8095
42484,8.12
42485,7.6018
42486,8.2857
42487,10.0
42488,7.6018
42489,10.0
42490,7.6018
42491,7.75
42492,7.6018
42493,8.0
42494,7.0
42495,7.6018
42496,7.75
42497,6.6667
42498,7.0
42499,7.6018
42500,6.6667
42501,8.0
42502,8.0
42503,5.0
42504,7.6018
42505,5.0
42506,7.5
42507,7.0
42508,7.6018
42509,8.2
42510,8.0
42511,7.6018
42512,9.0
42513,7.6018
42514,7.7119
42515,7.6018
42516,5.0
42517,7.6018
42518,7.3333
42519,8.0
42520,9.25
42521,7.6018
42522,7.6018
42523,7.0
42524,7.3191
42525,6.5
42526,7.6018
42527,5.0
42528,6.5
42529,7.6018
42530,4.1893
42531,6.5385
42532,7.6018
42533,6.3333
42534,7.6018
42535,7.6018
42536,8.4
42537,8.0
42538,8.092
42539,7.0
42540,7.6018
42541,7.6018
42542,8.3793
42543,7.6018
42544,7.6018
42545,7.8
42546,7.6018
42547,7.6018
42548,7.6018
42549,7.6018
42550,7.125
42551,8.3333
42552,7.25
42553,8.2414
42554,7.6018
42555,5.0
42556,9.0
42557,7.8125
42558,7.6018
42559,7.2857
42560,7.2667
42561,7.6018
42562,7.0667
42563,8.6182
42564,10.0
42565,7.6018
42566,7.6018
42567,8.3333
42568,7.875
42569,8.5
42570,7.6667
42571,7.4688
42572,8.0
42573,8.25
42574,8.6
42575,7.0
42576,7.5909
42577,7.2453
42578,7.6018
42579,4.0
42580,10.0
42581,8.0
42582,7.6018
42583,7.6018
42584,8.1724
42585,8.6
42586,8.0
42587,7.0
42588,7.6018
42589,7.6018
42590,7.5
42591,6.8889
42592,7.6018
42593,6.0
42594,6.0
42595,7.75
42596,9.0
42597,7.0741
42598,8.2857
42599,8.1778
42600,8.1519
42601,7.6018
42602,7.0909
42603,10.0
42604,7.6018
42605,7.6018
42606,7.6018
42607,7.5556
42608,8.0
42609,7.6018
42610,7.6018
42611,7.6018
42612,7.6018
42613,7.0
42614,7.6018
42615,7.6018
42616,8.7
42617,8.25
42618,7.6757
42619,8.0
42620,8.2143
42621,7.6018
42622,7.6018
42623,8.2174
42624,8.4
42625,6.2857
42626,7.5278
42627,7.6018
42628,7.1111
42629,7.25
42630,10.0
42631,7.8
42632,6.6667
42633,9.125
42634,7.6018
42635,8.3273
42636,7.6018
42637,7.6018
42638,7.25
42639,7.3235
42640,7.6018
42641,7.6018
42642,7.6018
42643,8.0
42644,7.6018
42645,5.0
42646,7.6018
42647,8.5556
42648,8.8
42649,8.5294
42650,7.6018
42651,7.6018
42652,6.9595
42653,8.625
42654,7.0
42655,7.6018
42656,4.1893
42657,8.4
42658,8.0
42659,8.0
42660,7.6018
42661,7.25
42662,7.6018
42663,7.6018
42664,7.6018
42665,7.6018
42666,7.6018
42667,7.6018
42668,7.6018
42669,7.0
42670,7.0
42671,8.0
42672,7.9487
42673,7.6018
42674,7.0
42675,7.6018
42676,7.6018
42677,5.0
42678,7.9189
42679,9.0
42680,7.5135
42681,7.6018
42682,5.0
42683,8.0303
42684,6.0
42685,6.0
42686,7.8095
42687,7.4444
42688,8.5
42689,7.6018
42690,10.0
42691,6.9444
42692,7.6018
42693,7.6018
42694,7.0
42695,5.75
42696,7.6018
42697,7.6018
42698,8.2857
42699,8.0
42700,4.1893
42701,7.6667
42702,5.0
42703,7.0
42704,7.6018
42705,7.6667
42706,9.3333
42707,7.5
42708,7.6018
42709,6.3333
42710,7.2453
42711,7.1818
42712,7.6018
42713,7.5333
42714,7.6018
42715,7.67
42716,9.25
42717,7.6018
42718,7.6018
42719,8.0
42720,7.6018
42721,7.6018
42722,8.2632
42723,6.25
42724,7.7667
42725,8.1429
42726,7.6018
42727,7.6018
42728,5.0
42729,8.0
42730,8.0
42731,10.0
42732,7.2
42733,8.25
42734,7.6018
42735,7.6018
42736,7.0
42737,7.6018
42738,6.5
42739,8.0526
42740,7.6018
42741,7.6018
42742,8.4286
42743,7.6018
42744,7.6018
42745,8.0652
42746,5.0
42747,9.0862
42748,7.0
42749,6.8333
42750,8.0
42751,7.6018
42752,8.0
42753,7.6018
42754,7.6018
42755,7.6018
42756,7.6018
42757,8.125
42758,7.75
42759,5.875
42760,4.75
42761,9.5
42762,7.7619
42763,7.6018
42764,7.5294
42765,7.7045
42766,7.6018
42767,7.6018
42768,7.6018
42769,9.0
42770,7.6018
42771,7.6018
42772,7.6018
42773,8.75
42774,7.7059
42775,7.6018
42776,10.0
42777,9.0
42778,7.0
42779,8.0
42780,5.0
42781,7.0
42782,7.1538
42783,8.3333
42784,7.6018
42785,7.5
42786,6.3
42787,7.67
42788,7.6018
42789,7.8182
42790,7.6018
42791,7.6018
42792,8.12
42793,10.0
42794,7.6018
42795,8.0
42796,8.5455
42797,7.4328
42798,8.625
42799,7.0
42800,8.3939
42801,7.3778
42802,7.6018
42803,7.6018
42804,7.1429
42805,8.1429
42806,7.6018
42807,7.6018
42808,8.5556
42809,7.6018
42810,8.5455
42811,7.6018
42812,7.4231
42813,7.6018
42814,7.6018
42815,7.6018
42816,7.6018
42817,10.0
42818,6.8
42819,7.6018
42820,7.6018
42821,7.8065
42822,9.1
42823,7.6018
42824,7.6018
42825,7.4615
42826,6.6667
42827,7.6018
42828,7.6296
42829,7.6018
42830,7.6018
42831,8.2217
42832,10.0
42833,8.8065
42834,6.75
42835,10.0
42836,7.0
42837,5.2857
42838,8.0968
42839,7.7119
42840,8.0
42841,8.0435
42842,7.6018
42843,8.2121
42844,7.6018
42845,7.6018
42846,7.6018
42847,7.67
42848,5.75
42849,7.6018
42850,7.5
42851,7.6667
42852,8.0
42853,7.6018
42854,7.6018
42855,7.6018
42856,9.0862
42857,7.6018
42858,6.5
42859,7.6018
42860,5.5
42861,7.4328
42862,7.0
42863,7.0
42864,7.6018
42865,8.2
42866,7.6018
42867,7.6018
42868,7.6018
42869,7.6018
42870,7.6018
42871,6.8333
42872,7.6
42873,7.6018
42874,7.0
42875,7.6018
42876,7.6018
42877,7.4958
42878,7.6018
42879,7.6018
42880,6.0
42881,7.6018
42882,7.6018
42883,7.6018
42884,7.6018
42885,10.0
42886,7.6018
42887,7.6018
42888,7.6018
42889,7.6018
42890,7.4958
42891,7.7895
42892,7.0
42893,7.4659
42894,3.0
42895,7.6018
42896,8.0
42897,8.0
42898,7.6018
42899,7.3333
42900,7.6018
42901,7.6018
42902,7.6018
42903,7.6018
42904,7.6018
42905,8.2857
42906,7.6018
42907,6.0
42908,10.0
42909,7.6018
42910,7.6018
42911,7.241
42912,6.4545
42913,7.6018
42914,6.9595
42915,7.6018
42916,7.6018
42917,5.0
42918,6.2
42919,7.5
42920,5.6667
42921,7.6018
42922,7.6018
42923,7.6018
42924,8.2217
42925,7.6018
42926,6.0
42927,7.6018
42928,7.6018
42929,7.6018
42930,7.6018
42931,7.6018
42932,7.6018
42933,7.6018
42934,8.7
42935,7.0
42936,7.7812
42937,7.6018
42938,7.0
42939,8.092
42940,7.6018
42941,7.6018
42942,7.717
42943,7.6018
42944,7.6018
42945,7.6018
42946,7.6018
42947,7.6018
42948,7.6018
42949,7.6018
42950,7.6018
42951,8.0
42952,7.5
42953,7.6018
42954,9.0
42955,7.6018
42956,7.6018
42957,5.5
42958,7.6018
42959,9.0
42960,7.65
42961,8.5
42962,7.8913
42963,7.6018
42964,7.3333
42965,8.1429
42966,7.7826
42967,8.5
42968,7.6018
42969,10.0
42970,7.6018
42971,8.0
42972,6.9792
42973,6.6
42974,7.6018
42975,7.6018
42976,7.6018
42977,7.6018
42978,8.0
42979,7.6018
42980,8.2
42981,10.0
42982,7.0
42983,8.0
42984,7.8125
42985,7.6018
42986,7.6018
42987,8.0
42988,8.2217
42989,6.5
42990,7.9231
42991,7.6018
42992,7.5135
42993,6.5
42994,6.6667
42995,8.4667
42996,8.1778
42997,8.0
42998,7.6018
42999,8.25
43000,7.6018
43001,6.75
43002,9.0
43003,7.4
43004,7.6018
43005,8.1667
43006,9.3333
43007,8.0
43008,7.6018
43009,7.6018
43010,10.0
43011,7.6018
43012,7.6018
43013,7.6018
43014,7.6018
43015,8.1667
43016,7.6018
43017,7.6018
43018,8.25
43019,7.6018
43020,7.6296
43021,8.04
43022,7.6018
43023,7.6018
43024,5.0
43025,7.6018
43026,7.6018
43027,7.6018
43028,7.5
43029,7.6018
43030,7.9286
43031,7.5238
43032,7.6018
43033,8.125
43034,7.6018
43035,8.35
43036,8.2222
43037,7.5
43038,7.6018
43039,7.6018
43040,7.6018
43041,7.6018
43042,8.2
43043,7.6018
43044,7.6018
43045,9.1667
43046,7.6018
43047,7.6667
43048,7.6018
43049,9.0
43050,7.6018
43051,7.6018
43052,7.6018
43053,8.5
43054,7.0
43055,8.3333
43056,8.8
43057,5.0
43058,8.0
43059,7.6018
43060,7.6018
43061,7.0
43062,6.5
43063,2.0
43064,7.75
43065,8.0
43066,10.0
43067,8.0652
43068,8.0
43069,8.0
43070,7.0
43071,6.4444
43072,8.7
43073,8.8
43074,8.0
43075,7.6018
43076,9.0
43077,7.6018
43078,7.6018
43079,7.6018
43080,9.0
43081,7.6018
43082,9.0
43083,7.6667
43084,7.6018
43085,7.6018
43086,7.6018
43087,7.6018
43088,7.6018
43089,7.9487
43090,7.6018
43091,7.6018
43092,7.6018
43093,7.6018
43094,10.0
43095,7.6018
43096,9.0
43097,7.9615
43098,7.6018
43099,9.2222
43100,8.2174
43101,7.6018
43102,7.6018
43103,4.0
43104,7.6018
43105,8.1429
43106,7.6018
43107,7.6018
43108,7.6018
43109,7.6018
43110,6.75
43111,8.0
43112,8.0909
43113,7.8627
43114,7.6018
43115,7.6018
43116,7.5
43117,7.6018
43118,9.0
43119,7.5
43120,7.0
43121,7.6018
43122,7.67
43123,5.0
43124,7.6018
43125,7.6018
43126,7.3
43127,7.6018
43128,7.75
43129,8.5
43130,7.6018
43131,7.6018
43132,8.2632
43133,7.0
43134,10.0
43135,7.6018
43136,7.6018
43137,7.0
43138,7.6018
43139,7.6018
43140,8.5333
43141,7.0
43142,7.6018
43143,6.0
43144,6.6667
43145,8.5385
43146,10.0
43147,7.6018
43148,7.3333
43149,7.6018
43150,7.6018
43151,7.6018
43152,8.0
43153,9.0
43154,9.0
43155,7.4958
43156,8.0
43157,8.0
43158,7.6018
43159,8.35
43160,7.6018
43161,6.7692
43162,8.0652
43163,8.0
43164,7.6018
43165,8.0
43166,7.6018
43167,7.6018
43168,6.6
43169,7.5
43170,7.0
43171,7.6018
43172,9.4
43173,7.9615
43174,4.1893
43175,7.6018
43176,6.25
43177,8.4545
43178,7.6018
43179,7.6667
43180,7.6018
43181,8.5625
43182,7.6018
43183,7.6018
43184,10.0
43185,7.8
43186,8.092
43187,8.0
43188,7.6018
43189,7.6018
43190,7.4
43191,9.4
43192,6.5
43193,7.6018
43194,8.0
43195,7.2381
43196,7.5
43197,8.1
43198,7.7
43199,8.1429
43200,7.6018
43201,7.6018
43202,8.092
43203,7.6018
43204,10.0
43205,5.0
43206,8.8065
43207,7.2
43208,8.9375
43209,8.0
43210,7.75
43211,7.6018
43212,7.6018
43213,7.3333
43214,7.6018
43215,7.6018
43216,7.6018
43217,7.6018
43218,8.6667
43219,7.6018
43220,7.6018
43221,8.0
43222,6.5714
43223,10.0
43224,8.3333
43225,3.0
43226,8.0
43227,7.6018
43228,7.9487
43229,8.4762
43230,8.4
43231,8.1538
43232,5.0
43233,8.0
43234,7.6018
43235,7.6018
43236,8.2
43237,9.5
43238,7.6667
43239,7.3235
43240,7.6018
43241,8.0
43242,8.4286
43243,7.6018
43244,8.0
43245,7.9375
43246,7.6018
43247,7.6018
43248,7.6018
43249,7.6829
43250,9.0
43251,7.6018
43252,7.6018
43253,8.9167
43254,7.6018
43255,7.6018
43256,7.95
43257,8.125
43258,7.6018
43259,8.0
43260,7.6018
43261,10.0
43262,7.6018
43263,7.6018
43264,7.6018
43265,7.6018
43266,7.6018
43267,7.6018
43268,7.6018
43269,7.8
43270,7.6018
43271,7.6018
43272,7.375
43273,7.908
43274,7.6018
43275,10.0
43276,7.2857
43277,5.0625
43278,7.0
43279,7.6018
43280,8.0652
43281,7.6018
43282,7.6018
43283,7.6018
43284,7.0
43285,6.1667
43286,10.0
43287,7.9437
43288,6.6667
43289,5.5
43290,7.6018
43291,7.6018
43292,7.6018
43293,7.6018
43294,8.0
43295,9.0
43296,8.0
43297,6.9444
43298,7.6018
43299,9.0
43300,8.3846
43301,9.0
43302,7.6018
43303,7.6018
43304,8.0
43305,9.0
43306,7.6018
43307,7.0
43308,7.6018
43309,9.0
43310,7.6018
43311,8.2217
43312,7.6018
43313,7.6018
43314,8.0
43315,7.6018
43316,6.6667
43317,7.6018
43318,7.0
43319,7.6018
