id,rating
0,7.250000000000001
1,7.604659635939257
2,7.0
3,7.604659635939257
4,7.604659635939257
5,7.604659635939257
6,7.0
7,7.999999994999999
8,7.604659635939257
9,7.604659635939257
10,7.604659635939257
11,7.999999992194533
12,8.250000003125
13,7.604659635939257
14,7.604659635939257
15,9.0
16,9.999999991464465
17,7.604659635939257
18,10.0
19,8.0
20,7.604659635939257
21,7.604659635939257
22,7.604659635939257
23,7.604659635939257
24,6.25
25,7.698878708135956
26,7.456649843680079
27,7.604659635939257
28,7.0
29,7.604659635939257
30,10.0
31,7.604659635939257
32,7.604659635939257
33,7.604659635939257
34,7.604659635939257
35,7.604659635939257
36,7.604659635939257
37,7.604659635939257
38,7.000000000000001
39,7.604659635939257
40,7.604659635939257
41,7.604659635939257
42,7.604659635939257
43,7.604659635939257
44,9.99999998
45,7.604659635939257
46,7.604659635939257
47,9.008539485588745
48,7.0
49,8.0
50,8.0
51,7.0
52,7.604659635939257
53,7.604659635939257
54,6.499999999715299
55,8.999999955000002
56,9.0
57,5.8749999990625
58,8.0
59,7.000000000000001
60,7.604659635939257
61,9.0
62,7.604659635939257
63,8.9999999975
64,7.604659635939257
65,8.0
66,7.604659635939257
67,5.0
68,7.604659635939257
69,7.604659635939257
70,8.0
71,7.604659635939257
72,7.604659635939257
73,7.604659635939257
74,7.604659635939257
75,8.0
76,7.604659635939257
77,7.604659635939257
78,7.604659635939257
79,7.604659635939257
80,7.604659635939257
81,7.604659635939257
82,10.0
83,7.604659635939257
84,7.604659635939257
85,7.604659635939257
86,7.604659635939257
87,7.0
88,7.909090907272727
89,7.604659635939257
90,8.0
91,8.0
92,8.475749540242171
93,8.098477136430649
94,7.604659635939257
95,7.604659635939257
96,8.0
97,10.0
98,7.604659635939257
99,6.9676804516475785
100,7.604659635939257
101,7.604659635939257
102,5.0
103,7.604659635939257
104,8.0
105,8.0
106,7.0000000075
107,7.604659635939257
108,7.604659635939257
109,8.666666667777777
110,7.666666662222222
111,7.604659635939257
112,8.000000004999999
113,8.0
114,7.018803638639098
115,9.999999984999999
116,7.604659635939257
117,7.604659635939257
118,8.0
119,8.999999940000004
120,7.604659635939257
121,7.604659635939257
122,8.0
123,7.604659635939257
124,7.604659635939257
125,7.604659635939257
126,7.604659635939257
127,7.604659635939257
128,7.604659635939257
129,8.713732295443801
130,7.604659635939257
131,8.0
132,7.604659635939257
133,7.604659635939257
134,7.604659635939257
135,7.604659635939257
136,7.604659635939257
137,10.0
138,7.604659635939257
139,7.604659635939257
140,7.604659635939257
141,8.0
142,7.604659635939257
143,7.604659635939257
144,7.604659635939257
145,7.0
146,7.604659635939257
147,7.706112490059799
148,9.0
149,7.604659635939257
150,8.0
151,7.604659635939257
152,7.604659635939257
153,7.604659635939257
154,7.604659635939257
155,7.604659635939257
156,8.0
157,7.604659635939257
158,7.604659635939257
159,7.604659635939257
160,8.0
161,7.604659635939257
162,7.604659635939257
163,7.0
164,7.604659635939257
165,7.000000000000001
166,7.999999991236068
167,7.604659635939257
168,7.604659635939257
169,9.469997841662263
170,7.604659635939257
171,5.0
172,7.604659635939257
173,7.604659635939257
174,7.604659635939257
175,7.604659635939257
176,7.0
177,7.604659635939257
178,8.0
179,7.604659635939257
180,7.604659635939257
181,7.604659635939257
182,7.604659635939257
183,7.604659635939257
184,7.604659635939257
185,9.999999910000005
186,7.604659635939257
187,7.604659635939257
188,8.0
189,9.999999999999998
190,4.999999999999999
191,7.604659635939257
192,9.0
193,7.604659635939257
194,7.604659635939257
195,7.604659635939257
196,9.0
197,9.50000000375
198,7.604659635939257
199,7.604659635939257
200,7.604659635939257
201,9.5
202,7.604659635939257
203,7.604659635939257
204,7.604659635939257
205,7.627870150129793
206,7.604659635939257
207,9.0
208,7.604659635939257
209,7.604659635939257
210,7.0
211,7.604659635939257
212,8.0
213,7.0
214,7.957384994006174
215,7.0
216,7.604659635939257
217,7.604659635939257
218,7.604659635939257
219,7.604659635939257
220,6.0
221,8.0
222,7.0
223,7.604659635939257
224,7.604659635939257
225,7.604659635939257
226,7.604659635939257
227,8.0
228,7.604659635939257
229,7.604659635939257
230,7.604659635939257
231,7.604659635939257
232,6.000000026861362
233,8.0
234,7.604659635939257
235,7.604659635939257
236,7.604659635939257
237,7.604659635939257
238,7.604659635939257
239,7.604659635939257
240,7.604659635939257
241,7.604659635939257
242,7.604659635939257
243,9.0
244,5.0000000106600355
245,7.604659635939257
246,7.5361340404649875
247,7.604659635939257
248,8.0
249,8.06484157106265
250,7.604659635939257
251,7.604659635939257
252,7.604659635939257
253,8.0
254,7.604659635939257
255,7.604659635939257
256,7.604659635939257
257,7.604659635939257
258,8.0
259,7.2688929973870895
260,7.604659635939257
261,7.604659635939257
262,6.666666671111111
263,10.0
264,8.0
265,7.604659635939257
266,7.604659635939257
267,8.046332741762464
268,7.604659635939257
269,7.604659635939257
270,8.0
271,9.5000000025
272,7.0
273,7.604659635939257
274,7.604659635939257
275,8.0
276,9.999999999999998
277,7.604659635939257
278,8.0
279,8.000000016900014
280,9.0
281,7.604659635939257
282,7.604659635939257
283,6.3000000018
284,8.75
285,8.0
286,7.604659635939257
287,9.999999990000001
288,9.999999999999998
289,7.604659635939257
290,6.0
291,8.399999998399998
292,8.0
293,7.604659635939257
294,7.604659635939257
295,8.666666668888888
296,7.604659635939257
297,7.604659635939257
298,7.604659635939257
299,7.4247063879015585
300,7.604659635939257
301,8.999999980000002
302,7.604659635939257
303,7.604659635939257
304,8.0
305,7.604659635939257
306,4.0
307,7.0
308,7.604659635939257
309,7.604659635939257
310,8.0
311,7.604659635939257
312,7.604659635939257
313,7.256443467632106
314,7.604659635939257
315,9.0
316,7.604659635939257
317,7.604659635939257
318,7.604659635939257
319,7.604659635939257
320,7.604659635939257
321,7.604659635939257
322,7.604659635939257
323,8.0
324,8.0
325,7.604659635939257
326,7.604659635939257
327,7.604659635939257
328,7.604659635939257
329,7.604659635939257
330,9.0
331,8.0
332,7.604659635939257
333,5.0
334,8.0
335,7.604659635939257
336,5.0
337,8.0
338,8.0
339,8.0
340,7.604659635939257
341,5.0
342,7.181003777300174
343,7.604659635939257
344,7.604659635939257
345,7.0
346,7.604659635939257
347,7.999999998333333
348,7.604659635939257
349,8.0
350,7.604659635939257
351,4.500000018618033
352,7.604659635939257
353,7.604659635939257
354,8.420172471571435
355,7.604659635939257
356,10.0
357,6.999999997033864
358,7.604659635939257
359,7.604659635939257
360,7.0
361,7.604659635939257
362,7.604659635939257
363,9.5
364,8.273159879129302
365,6.499999997500001
366,7.604659635939257
367,7.604659635939257
368,7.604659635939257
369,7.604659635939257
370,7.604659635939257
371,5.0
372,7.604659635939257
373,7.604659635939257
374,7.604659635939257
375,7.604659635939257
376,8.0
377,10.0
378,7.500000014999999
379,7.604659635939257
380,7.604659635939257
381,7.604659635939257
382,7.604659635939257
383,7.0
384,7.604659635939257
385,7.571428572448979
386,5.833333338888889
387,7.679622758675357
388,8.0
389,8.0
390,7.000000000000001
391,7.604659635939257
392,5.000000010000001
393,7.604659635939257
394,7.604659635939257
395,7.604659635939257
396,7.0
397,7.604659635939257
398,6.79576892229124
399,7.604659635939257
400,7.0
401,7.604659635939257
402,7.604659635939257
403,8.0
404,7.604659635939257
405,7.604659635939257
406,8.714285711632652
407,7.604659635939257
408,7.604659635939257
409,8.0
410,7.604659635939257
411,7.604659635939257
412,7.604659635939257
413,8.0
414,7.604659635939257
415,7.604659635939257
416,7.604659635939257
417,7.0000000033333345
418,9.99999998
419,7.0
420,7.0
421,7.604659635939257
422,8.919761802033957
423,8.780191889720918
424,7.604659635939257
425,7.000000000780672
426,7.999999996666666
427,8.75
428,8.760045265641885
429,8.000000000000002
430,7.604659635939257
431,7.604659635939257
432,8.5000000025
433,8.043478263431002
434,9.141676706504612
435,5.0
436,7.604659635939257
437,7.604659635939257
438,8.75
439,8.289897948921505
440,7.604659635939257
441,7.604659635939257
442,7.604659635939257
443,7.604659635939257
444,7.604659635939257
445,7.604659635939257
446,7.000000000000001
447,7.604659635939257
448,5.0
449,7.0
450,7.604659635939257
451,7.604659635939257
452,7.604659635939257
453,7.604659635939257
454,8.579876146909218
455,7.5000000025
456,7.604659635939257
457,8.25
458,7.604659635939257
459,7.604659635939257
460,6.000000031213203
461,9.33333332888889
462,7.604659635939257
463,8.0
464,7.604659635939257
465,7.639397871542149
466,7.604659635939257
467,7.604659635939257
468,7.604659635939257
469,7.604659635939257
470,8.0
471,7.604659635939257
472,7.604659635939257
473,7.604659635939257
474,7.604659635939257
475,7.604659635939257
476,7.604659635939257
477,7.604659635939257
478,7.604659635939257
479,7.604659635939257
480,9.0
481,8.0
482,7.604659635939257
483,7.604659635939257
484,8.0
485,7.604659635939257
486,8.601326155472785
487,7.604659635939257
488,7.604659635939257
489,7.604659635939257
490,10.0
491,7.604659635939257
492,7.604659635939257
493,9.350090231482548
494,8.0
495,7.604659635939257
496,8.0
497,7.604659635939257
498,7.604659635939257
499,8.0
500,7.604659635939257
501,7.604659635939257
502,10.0
503,8.0
504,8.0
505,7.604659635939257
506,7.604659635939257
507,7.604659635939257
508,7.604659635939257
509,7.604659635939257
510,7.0
511,7.604659635939257
512,8.0
513,8.549253842062317
514,7.000000054999998
515,7.604659635939257
516,7.604659635939257
517,7.99999999
518,7.604659635939257
519,9.0
520,4.799999998111112
521,7.604659635939257
522,7.604659635939257
523,7.604659635939257
524,7.604659635939257
525,7.604659635939257
526,6.149388582756583
527,7.604659635939257
528,9.2000000012
529,10.0
530,7.0
531,7.604659635939257
532,7.0
533,7.604659635939257
534,7.604659635939257
535,7.604659635939257
536,7.604659635939257
537,7.604659635939257
538,7.604659635939257
539,7.604659635939257
540,5.0
541,7.604659635939257
542,7.604659635939257
543,7.604659635939257
544,7.604659635939257
545,8.0
546,7.604659635939257
547,7.604659635939257
548,7.604659635939257
549,9.0
550,6.369280939237026
551,9.0
552,7.604659635939257
553,7.604659635939257
554,7.604659635939257
555,7.604659635939257
556,7.0
557,7.604659635939257
558,8.333333332777778
559,8.0
560,7.0
561,7.604659635939257
562,7.891132199347712
563,8.0
564,8.000000004999999
565,9.999999999999998
566,9.999999999999998
567,7.604659635939257
568,10.000000000000002
569,7.604659635939257
570,7.604659635939257
571,7.604659635939257
572,7.604659635939257
573,10.0
574,7.604659635939257
575,7.604659635939257
576,9.222575879062523
577,7.604659635939257
578,7.604659635939257
579,7.604659635939257
580,8.0
581,7.604659635939257
582,7.604659635939257
583,7.0
584,8.0
585,8.000000029999999
586,7.604659635939257
587,7.604659635939257
588,7.604659635939257
589,7.604659635939257
590,7.604659635939257
591,8.0
592,7.604659635939257
593,7.604659635939257
594,8.000000003333334
595,7.604659635939257
596,8.947368416759005
597,8.0
598,7.604659635939257
599,9.0
600,7.707106779946161
601,8.693980622391821
602,8.0
603,8.999999965
604,7.604659635939257
605,7.604659635939257
606,8.0
607,7.604659635939257
608,8.0
609,7.604659635939257
610,7.604659635939257
611,7.604659635939257
612,10.0
613,7.604659635939257
614,7.604659635939257
615,7.604659635939257
616,8.999999920000002
617,7.604659635939257
618,7.0
619,7.604659635939257
620,7.604659635939257
621,6.5
622,7.604659635939257
623,8.0
624,7.604659635939257
625,7.604659635939257
626,7.604659635939257
627,7.604659635939257
628,7.604659635939257
629,7.604659635939257
630,7.604659635939257
631,8.0
632,8.285714286326531
633,7.604659635939257
634,7.604659635939257
635,6.714285713061225
636,7.0
637,7.604659635939257
638,7.0000000049999995
639,9.057964366160274
640,5.000000064999998
641,4.0
642,9.387228901056268
643,7.604659635939257
644,7.604659635939257
645,7.01124094938096
646,8.0
647,7.604659635939257
648,7.604659635939257
649,7.604659635939257
650,7.604659635939257
651,7.604659635939257
652,7.604659635939257
653,8.0
654,7.604659635939257
655,7.604659635939257
656,7.604659635939257
657,7.604659635939257
658,7.604659635939257
659,7.604659635939257
660,7.604659635939257
661,7.604659635939257
662,7.604659635939257
663,7.604659635939257
664,7.0
665,7.604659635939257
666,7.604659635939257
667,8.000000003291797
668,8.0
669,7.604659635939257
670,7.604659635939257
671,7.604659635939257
672,8.874083322904363
673,7.604659635939257
674,9.999999999999998
675,7.604659635939257
676,8.0
677,7.604659635939257
678,7.604659635939257
679,8.0
680,7.604659635939257
681,8.897376143518049
682,9.0
683,7.604659635939257
684,8.0
685,9.0
686,4.000000169999994
687,9.999999996666666
688,8.0
689,6.000000003333334
690,9.0
691,6.652753170385752
692,7.604659635939257
693,8.9999999925
694,7.604659635939257
695,10.0
696,7.604659635939257
697,9.0
698,7.604659635939257
699,7.604659635939257
700,7.604659635939257
701,7.604659635939257
702,7.604659635939257
703,7.604659635939257
704,8.0
705,6.666666668888889
706,7.604659635939257
707,8.0
708,8.857142856530613
709,7.604659635939257
710,7.0
711,7.604659635939257
712,8.0
713,7.604659635939257
714,8.5
715,7.0
716,7.604659635939257
717,7.604659635939257
718,5.0
719,7.604659635939257
720,7.604659635939257
721,7.604659635939257
722,7.604659635939257
723,7.604659635939257
724,7.604659635939257
725,7.604659635939257
726,7.604659635939257
727,7.604659635939257
728,6.000000039999999
729,8.0
730,5.455223470637273
731,8.0
732,6.0
733,7.604659635939257
734,8.0
735,7.604659635939257
736,7.604659635939257
737,7.604659635939257
738,7.909090910826445
739,7.604659635939257
740,6.0
741,7.604659635939257
742,7.604659635939257
743,9.0
744,7.604659635939257
745,7.604659635939257
746,8.99999998
747,8.0
748,10.0
749,7.604659635939257
750,7.604659635939257
751,5.0
752,10.0
753,8.0
754,7.604659635939257
755,7.604659635939257
756,7.604659635939257
757,9.999999965
758,7.604659635939257
759,5.5
760,8.5
761,7.604659635939257
762,6.0
763,7.604659635939257
764,7.604659635939257
765,7.604659635939257
766,7.604659635939257
767,7.604659635939257
768,8.0
769,10.0
770,7.0
771,5.0
772,7.604659635939257
773,7.604659635939257
774,6.016133230299681
775,8.99999998
776,7.604659635939257
777,5.0000000070013995
778,7.604659635939257
779,7.604659635939257
780,7.604659635939257
781,7.604659635939257
782,8.332608821454961
783,7.604659635939257
784,7.402995435924004
785,7.604659635939257
786,7.604659635939257
787,9.0
788,7.604659635939257
789,8.999999990000001
790,7.604659635939257
791,8.0
792,7.604659635939257
793,6.854101966806965
794,7.604659635939257
795,7.604659635939257
796,7.604659635939257
797,7.604659635939257
798,7.720386719668186
799,7.604659635939257
800,7.604659635939257
801,7.000000000000001
802,7.604659635939257
803,7.604659635939257
804,6.500000000533001
805,7.604659635939257
806,7.604659635939257
807,7.0
808,8.99999994
809,9.0
810,8.5
811,7.604659635939257
812,7.604659635939257
813,7.604659635939257
814,7.604659635939257
815,7.604659635939257
816,7.604659635939257
817,7.604659635939257
818,8.0
819,8.0
820,8.0
821,7.0
822,7.604659635939257
823,7.604659635939257
824,7.604659635939257
825,5.089301350512019
826,8.0
827,9.000000005
828,7.604659635939257
829,8.0
830,7.604659635939257
831,7.604659635939257
832,7.604659635939257
833,7.604659635939257
834,7.604659635939257
835,7.2265034291952075
836,7.723947471770031
837,7.604659635939257
838,7.604659635939257
839,7.604659635939257
840,8.0
841,7.604659635939257
842,7.604659635939257
843,7.604659635939257
844,7.604659635939257
845,9.61190006878688
846,7.590163939115828
847,7.604659635939257
848,7.0
849,7.604659635939257
850,7.604659635939257
851,6.5
852,7.604659635939257
853,7.604659635939257
854,7.604659635939257
855,9.0
856,7.604659635939257
857,7.604659635939257
858,8.0
859,7.604659635939257
860,7.604659635939257
861,7.604659635939257
862,7.604659635939257
863,7.999999997142857
864,8.0
865,7.604659635939257
866,7.604659635939257
867,7.604659635939257
868,7.604659635939257
869,7.604659635939257
870,7.604659635939257
871,8.000000002
872,8.0
873,7.604659635939257
874,7.604659635939257
875,7.604659635939257
876,4.8328157307868125
877,10.0
878,7.604659635939257
879,7.604659635939257
880,7.604659635939257
881,7.000000004276069
882,9.0
883,7.604659635939257
884,7.604659635939257
885,7.604659635939257
886,8.0
887,7.4000000007999995
888,8.0
889,7.604659635939257
890,9.75
891,7.604659635939257
892,8.453081840260337
893,7.604659635939257
894,7.604659635939257
895,8.0
896,9.999999975000001
897,7.604659635939257
898,9.356958244144185
899,8.0
900,7.604659635939257
901,7.604659635939257
902,6.0
903,10.0
904,7.0
905,8.0
906,7.0
907,7.0
908,7.604659635939257
909,7.604659635939257
910,7.500000009999999
911,7.604659635939257
912,9.0
913,7.604659635939257
914,3.0000000357239416
915,7.604659635939257
916,7.604659635939257
917,7.604659635939257
918,5.499999998671302
919,9.0
920,7.604659635939257
921,7.604659635939257
922,9.999999999999998
923,7.604659635939257
924,7.604659635939257
925,7.604659635939257
926,8.00000000797973
927,8.0
928,7.604659635939257
929,6.999999999999999
930,7.604659635939257
931,8.0
932,7.604659635939257
933,7.604659635939257
934,7.604659635939257
935,7.604659635939257
936,8.0
937,7.604659635939257
938,7.604659635939257
939,7.604659635939257
940,8.000000004999999
941,7.604659635939257
942,7.604659635939257
943,8.0
944,7.604659635939257
945,7.604659635939257
946,7.604659635939257
947,7.604659635939257
948,7.604659635939257
949,7.0
950,7.604659635939257
951,9.0
952,7.604659635939257
953,8.0
954,7.604659635939257
955,7.604659635939257
956,7.604659635939257
957,7.604659635939257
958,7.0
959,7.604659635939257
960,7.604659635939257
961,7.49999999
962,7.604659635939257
963,7.604659635939257
964,10.0
965,7.0
966,7.604659635939257
967,8.0
968,7.604659635939257
969,7.604659635939257
970,7.604659635939257
971,7.604659635939257
972,7.604659635939257
973,7.604659635939257
974,7.604659635939257
975,7.604659635939257
976,7.604659635939257
977,7.604659635939257
978,6.0000000249999985
979,8.0
980,7.0
981,7.604659635939257
982,7.604659635939257
983,7.604659635939257
984,5.000000064999998
985,7.604659635939257
986,7.604659635939257
987,8.0
988,8.0
989,7.604659635939257
990,8.0
991,7.604659635939257
992,7.604659635939257
993,6.211980861759755
994,9.0
995,7.0
996,9.0
997,7.604659635939257
998,7.604659635939257
999,7.604659635939257
1000,7.604659635939257
1001,4.0
1002,9.999999972928935
1003,7.604659635939257
1004,7.333333334444444
1005,5.000000052499999
1006,8.25
1007,7.604659635939257
1008,7.604659635939257
1009,7.604659635939257
1010,7.604659635939257
1011,8.0
1012,7.604659635939257
1013,7.0
1014,7.604659635939257
1015,7.604659635939257
1016,6.757359310748682
1017,7.604659635939257
1018,8.999999986
1019,10.0
1020,8.0
1021,7.604659635939257
1022,7.604659635939257
1023,8.0
1024,7.000000000000001
1025,8.0
1026,7.604659635939257
1027,9.999999981666667
1028,7.604659635939257
1029,7.0
1030,7.604659635939257
1031,8.0
1032,10.0
1033,7.214285715408163
1034,8.0
1035,7.604659635939257
1036,7.604659635939257
1037,4.0
1038,8.0
1039,7.604659635939257
1040,7.604659635939257
1041,6.0000000031622776
1042,7.604659635939257
1043,7.604659635939257
1044,7.000000029999999
1045,7.604659635939257
1046,7.000000000000001
1047,7.604659635939257
1048,7.604659635939257
1049,7.604659635939257
1050,6.000000000000001
1051,7.604659635939257
1052,7.000000041213203
1053,7.604659635939257
1054,6.599999995199998
1055,7.604659635939257
1056,8.978820537396174
1057,7.604659635939257
1058,8.999999950857866
1059,7.749999998750001
1060,6.0
1061,9.0
1062,7.604659635939257
1063,7.604659635939257
1064,7.604659635939257
1065,10.0
1066,7.604659635939257
1067,8.0
1068,7.604659635939257
1069,8.0
1070,8.25
1071,7.604659635939257
1072,7.604659635939257
1073,7.604659635939257
1074,7.0
1075,6.000000000000001
1076,7.604659635939257
1077,7.604659635939257
1078,7.604659635939257
1079,7.604659635939257
1080,6.999999996666666
1081,7.604659635939257
1082,7.604659635939257
1083,7.0
1084,5.0
1085,7.604659635939257
1086,10.0
1087,7.604659635939257
1088,7.604659635939257
1089,7.604659635939257
1090,7.604659635939257
1091,7.604659635939257
1092,7.604659635939257
1093,4.999999999999999
1094,9.999999999999998
1095,9.0
1096,7.604659635939257
1097,7.604659635939257
1098,7.604659635939257
1099,7.604659635939257
1100,7.604659635939257
1101,8.0
1102,7.604659635939257
1103,7.604659635939257
1104,7.604659635939257
1105,7.604659635939257
1106,7.604659635939257
1107,7.604659635939257
1108,7.604659635939257
1109,7.604659635939257
1110,7.604659635939257
1111,7.604659635939257
1112,7.604659635939257
1113,7.604659635939257
1114,7.604659635939257
1115,8.0
1116,7.604659635939257
1117,7.604659635939257
1118,7.604659635939257
1119,7.0
1120,7.604659635939257
1121,9.0
1122,7.604659635939257
1123,7.604659635939257
1124,7.604659635939257
1125,7.604659635939257
1126,7.604659635939257
1127,8.0
1128,5.0
1129,7.604659635939257
1130,6.978567023404078
1131,8.000000003333334
1132,7.604659635939257
1133,7.604659635939257
1134,7.604659635939257
1135,8.0
1136,7.604659635939257
1137,9.999999995
1138,7.604659635939257
1139,7.604659635939257
1140,7.0
1141,7.604659635939257
1142,8.999999992500001
1143,7.604659635939257
1144,8.0
1145,7.604659635939257
1146,7.604659635939257
1147,7.604659635939257
1148,7.604659635939257
1149,8.499999998500002
1150,7.604659635939257
1151,7.604659635939257
1152,7.604659635939257
1153,8.0
1154,7.604659635939257
1155,7.20651218763114
1156,7.604659635939257
1157,7.604659635939257
1158,5.0
1159,8.0
1160,8.0
1161,7.604659635939257
1162,7.604659635939257
1163,8.0
1164,7.604659635939257
1165,7.604659635939257
1166,7.604659635939257
1167,4.000000009999999
1168,7.604659635939257
1169,7.0
1170,7.604659635939257
1171,7.604659635939257
1172,7.604659635939257
1173,7.604659635939257
1174,7.604659635939257
1175,7.604659635939257
1176,7.604659635939257
1177,5.000000109999996
1178,7.0
1179,7.604659635939257
1180,7.604659635939257
1181,7.604659635939257
1182,7.604659635939257
1183,7.604659635939257
1184,9.000000005
1185,8.99999999
1186,5.000000065355338
1187,7.604659635939257
1188,7.9999999950000005
1189,7.604659635939257
1190,7.604659635939257
1191,8.0
1192,7.604659635939257
1193,8.0
1194,9.9999999725
1195,7.604659635939257
1196,7.604659635939257
1197,7.604659635939257
1198,8.0
1199,7.604659635939257
1200,7.0
1201,7.604659635939257
1202,6.0
1203,7.604659635939257
1204,7.604659635939257
1205,8.999999998232234
1206,8.0
1207,7.0
1208,7.604659635939257
1209,7.604659635939257
1210,7.604659635939257
1211,7.604659635939257
1212,7.604659635939257
1213,7.604659635939257
1214,7.604659635939257
1215,7.604659635939257
1216,7.604659635939257
1217,7.604659635939257
1218,9.0
1219,8.0
1220,7.604659635939257
1221,7.604659635939257
1222,7.604659635939257
1223,7.604659635939257
1224,7.604659635939257
1225,9.0
1226,7.604659635939257
1227,7.0
1228,1.0
1229,7.0
1230,8.0
1231,8.0
1232,7.604659635939257
1233,7.604659635939257
1234,7.604659635939257
1235,7.604659635939257
1236,7.604659635939257
1237,7.604659635939257
1238,8.0
1239,8.0
1240,7.604659635939257
1241,7.604659635939257
1242,7.604659635939257
1243,5.5000000249999985
1244,9.153846151301774
1245,7.604659635939257
1246,7.604659635939257
1247,6.635107295057875
1248,7.604659635939257
1249,7.604659635939257
1250,6.838609521631562
1251,6.333333335555555
1252,7.604659635939257
1253,7.604659635939257
1254,8.0
1255,8.0
1256,7.604659635939257
1257,7.604659635939257
1258,7.604659635939257
1259,7.604659635939257
1260,7.604659635939257
1261,7.604659635939257
1262,9.24999999625
1263,9.5
1264,7.604659635939257
1265,7.604659635939257
1266,9.999999993333333
1267,7.604659635939257
1268,8.0
1269,7.604659635939257
1270,7.604659635939257
1271,8.0
1272,9.31567679289183
1273,7.604659635939257
1274,7.0
1275,7.604659635939257
1276,7.604659635939257
1277,9.0
1278,7.604659635939257
1279,7.604659635939257
1280,6.000000029101748
1281,10.0
1282,7.604659635939257
1283,8.00000002
1284,7.604659635939257
1285,7.604659635939257
1286,7.604659635939257
1287,7.604659635939257
1288,7.604659635939257
1289,7.604659635939257
1290,7.604659635939257
1291,7.604659635939257
1292,7.604659635939257
1293,8.0
1294,8.0
1295,7.604659635939257
1296,7.500000000000001
1297,7.0
1298,7.0
1299,7.604659635939257
1300,8.0
1301,7.604659635939257
1302,4.0
1303,8.000000003333332
1304,7.415422163456293
1305,7.604659635939257
1306,7.604659635939257
1307,7.604659635939257
1308,7.604659635939257
1309,8.0
1310,7.604659635939257
1311,7.604659635939257
1312,7.604659635939257
1313,7.604659635939257
1314,10.0
1315,7.604659635939257
1316,7.604659635939257
1317,9.0
1318,8.0
1319,8.96352549173149
1320,7.604659635939257
1321,7.604659635939257
1322,7.604659635939257
1323,7.604659635939257
1324,6.0
1325,5.0
1326,7.701064914725157
1327,8.0
1328,8.0
1329,7.604659635939257
1330,7.604659635939257
1331,7.0
1332,7.604659635939257
1333,7.0
1334,7.604659635939257
1335,5.0
1336,7.604659635939257
1337,7.604659635939257
1338,8.918973493409338
1339,7.604659635939257
1340,7.604659635939257
1341,7.000000059999998
1342,8.0
1343,7.604659635939257
1344,7.604659635939257
1345,7.604659635939257
1346,8.0
1347,5.0
1348,7.604659635939257
1349,7.604659635939257
1350,7.604659635939257
1351,7.604659635939257
1352,5.909776388412374
1353,7.604659635939257
1354,7.604659635939257
1355,7.604659635939257
1356,7.909090902644628
1357,7.604659635939257
1358,7.604659635939257
1359,8.0
1360,7.604659635939257
1361,7.604659635939257
1362,7.604659635939257
1363,7.604659635939257
1364,9.999999965857867
1365,5.938608802187347
1366,7.604659635939257
1367,7.604659635939257
1368,7.604659635939257
1369,7.604659635939257
1370,7.0
1371,8.565741451632555
1372,8.75
1373,8.0
1374,8.346736729446631
1375,7.604659635939257
1376,7.604659635939257
1377,9.666666667777777
1378,7.604659635939257
1379,9.75
1380,7.604659635939257
1381,7.604659635939257
1382,7.7999999972000005
1383,8.0
1384,10.0
1385,7.604659635939257
1386,8.025015324896074
1387,10.0
1388,7.604659635939257
1389,8.0
1390,7.000000019486834
1391,7.604659635939257
1392,7.604659635939257
1393,8.0
1394,7.604659635939257
1395,7.604659635939257
1396,4.999999999999999
1397,7.604659635939257
1398,7.604659635939257
1399,7.0
1400,7.604659635939257
1401,7.604659635939257
1402,10.0
1403,8.000000009999999
1404,7.604659635939257
1405,8.0
1406,8.0
1407,9.999999996666668
1408,7.604659635939257
1409,7.604659635939257
1410,7.604659635939257
1411,7.604659635939257
1412,7.604659635939257
1413,7.604659635939257
1414,7.604659635939257
1415,7.604659635939257
1416,7.604659635939257
1417,8.0
1418,8.499999998881966
1419,9.999999908453
1420,7.604659635939257
1421,7.604659635939257
1422,6.75
1423,7.604659635939257
1424,7.604659635939257
1425,7.604659635939257
1426,7.604659635939257
1427,7.604659635939257
1428,10.0
1429,7.604659635939257
1430,7.604659635939257
1431,7.604659635939257
1432,6.75
1433,8.0
1434,7.604659635939257
1435,7.604659635939257
1436,7.302173490557713
1437,7.604659635939257
1438,7.604659635939257
1439,7.604659635939257
1440,7.604659635939257
1441,10.0
1442,7.604659635939257
1443,7.604659635939257
1444,8.749999993750002
1445,7.604659635939257
1446,7.604659635939257
1447,8.0
1448,8.0
1449,7.604659635939257
1450,7.0
1451,7.604659635939257
1452,8.0
1453,7.604659635939257
1454,7.604659635939257
1455,7.604659635939257
1456,7.604659635939257
1457,7.000000011055728
1458,7.604659635939257
1459,7.604659635939257
1460,7.0
1461,7.604659635939257
1462,8.0
1463,8.666666668888888
1464,8.0
1465,8.0
1466,7.604659635939257
1467,7.50000000875
1468,7.604659635939257
1469,7.604659635939257
1470,7.604659635939257
1471,6.618988322034631
1472,9.098600111271354
1473,7.604659635939257
1474,9.610804275264417
1475,7.61803398897532
1476,7.406277361193113
1477,8.0
1478,7.604659635939257
1479,7.604659635939257
1480,8.0
1481,7.604659635939257
1482,8.0
1483,10.0
1484,7.604659635939257
1485,7.8896541583534
1486,8.857142856326531
1487,7.0
1488,5.000000006666667
1489,7.604659635939257
1490,3.5000000099999995
1491,8.000000008333334
1492,7.0
1493,7.604659635939257
1494,7.604659635939257
1495,7.604659635939257
1496,6.670424319675682
1497,7.604659635939257
1498,7.604659635939257
1499,7.604659635939257
1500,7.604659635939257
1501,8.333333327777778
1502,8.285714287142858
1503,6.75000000375
1504,7.604659635939257
1505,7.604659635939257
1506,8.0
1507,7.604659635939257
1508,9.0
1509,7.604659635939257
1510,7.0
1511,7.604659635939257
1512,7.604659635939257
1513,7.604659635939257
1514,7.0
1515,7.604659635939257
1516,10.0
1517,7.604659635939257
1518,7.604659635939257
1519,7.604659635939257
1520,7.604659635939257
1521,7.604659635939257
1522,7.0
1523,7.604659635939257
1524,7.604659635939257
1525,7.604659635939257
1526,7.604659635939257
1527,7.604659635939257
1528,8.0
1529,7.604659635939257
1530,9.99999998
1531,3.5714285695918364
1532,7.604659635939257
1533,7.604659635939257
1534,7.604659635939257
1535,7.604659635939257
1536,7.604659635939257
1537,7.604659635939257
1538,10.0
1539,7.604659635939257
1540,7.0
1541,4.0
1542,7.604659635939257
1543,7.0
1544,9.999999995149288
1545,4.0
1546,7.604659635939257
1547,10.0
1548,7.604659635939257
1549,7.604659635939257
1550,7.0
1551,7.604659635939257
1552,7.604659635939257
1553,8.427396828350318
1554,7.604659635939257
1555,8.0
1556,7.604659635939257
1557,7.604659635939257
1558,8.0
1559,7.499999994999999
1560,7.333333328888889
1561,7.604659635939257
1562,7.604659635939257
1563,7.604659635939257
1564,7.604659635939257
1565,6.7599190836124965
1566,7.604659635939257
1567,8.759746925399858
1568,8.0
1569,8.0
1570,7.604659635939257
1571,7.0
1572,7.604659635939257
1573,7.0
1574,8.0
1575,7.604659635939257
1576,6.314519859722129
1577,7.604659635939257
1578,7.604659635939257
1579,7.604659635939257
1580,7.0
1581,7.00000001
1582,8.666666657777778
1583,8.465749119649962
1584,7.604659635939257
1585,7.604659635939257
1586,8.461087465178778
1587,8.714285714489796
1588,7.604659635939257
1589,8.0
1590,7.604659635939257
1591,7.604659635939257
1592,7.604659635939257
1593,8.99999998707107
1594,7.604659635939257
1595,5.0
1596,5.0
1597,7.604659635939257
1598,7.604659635939257
1599,7.604659635939257
1600,7.604659635939257
1601,8.0
1602,7.604659635939257
1603,7.604659635939257
1604,7.333333333148147
1605,7.604659635939257
1606,7.5
1607,7.0
1608,7.604659635939257
1609,7.604659635939257
1610,7.604659635939257
1611,7.604659635939257
1612,8.0
1613,8.0
1614,7.604659635939257
1615,9.0
1616,7.604659635939257
1617,7.604659635939257
1618,7.604659635939257
1619,7.604659635939257
1620,9.999999964719064
1621,8.0
1622,7.604659635939257
1623,7.604659635939257
1624,7.604659635939257
1625,7.604659635939257
1626,7.0
1627,7.604659635939257
1628,7.604659635939257
1629,8.488719234327904
1630,6.000000029999999
1631,7.604659635939257
1632,8.000000005757359
1633,6.714285713061223
1634,10.0
1635,7.604659635939257
1636,7.604659635939257
1637,7.604659635939257
1638,7.604659635939257
1639,7.604659635939257
1640,8.0
1641,7.604659635939257
1642,7.604659635939257
1643,7.604659635939257
1644,7.604659635939257
1645,8.25
1646,7.604659635939257
1647,7.604659635939257
1648,7.604659635939257
1649,7.000000006666666
1650,8.0
1651,7.604659635939257
1652,10.0
1653,10.0
1654,8.0
1655,6.964784894852241
1656,7.604659635939257
1657,7.899999999399999
1658,7.604659635939257
1659,8.999999990000003
1660,7.0
1661,7.99999999
1662,7.604659635939257
1663,8.0
1664,7.604659635939257
1665,7.604659635939257
1666,7.604659635939257
1667,7.604659635939257
1668,7.44414740351227
1669,7.604659635939257
1670,6.926918113671999
1671,8.999999998492443
1672,6.0
1673,8.0
1674,8.0
1675,7.604659635939257
1676,7.604659635939257
1677,7.604659635939257
1678,7.604659635939257
1679,7.604659635939257
1680,8.0
1681,7.604659635939257
1682,9.000000009472135
1683,8.0
1684,7.0
1685,7.604659635939257
1686,7.604659635939257
1687,7.604659635939257
1688,7.000000003922322
1689,7.604659635939257
1690,7.4713875873310664
1691,6.0
1692,7.50000001125
1693,8.0
1694,7.0
1695,7.604659635939257
1696,7.604659635939257
1697,7.604659635939257
1698,7.604659635939257
1699,6.315789475235458
1700,8.0
1701,8.0
1702,7.604659635939257
1703,7.604659635939257
1704,7.604659635939257
1705,7.604659635939257
1706,8.0
1707,7.604659635939257
1708,7.604659635939257
1709,7.604659635939257
1710,8.0
1711,7.604659635939257
1712,7.604659635939257
1713,8.0
1714,8.666666668888888
1715,7.0
1716,7.604659635939257
1717,7.604659635939257
1718,9.499999975
1719,9.0
1720,7.604659635939257
1721,8.0
1722,7.604659635939257
1723,7.604659635939257
1724,7.604659635939257
1725,5.0
1726,8.0
1727,7.604659635939257
1728,7.604659635939257
1729,7.604659635939257
1730,7.604659635939257
1731,6.000000026666666
1732,7.604659635939257
1733,7.604659635939257
1734,7.604659635939257
1735,7.604659635939257
1736,7.604659635939257
1737,7.604659635939257
1738,8.0
1739,7.604659635939257
1740,7.604659635939257
1741,7.604659635939257
1742,7.604659635939257
1743,7.604659635939257
1744,7.604659635939257
1745,7.604659635939257
1746,7.0
1747,8.000000024999999
1748,6.0
1749,8.0
1750,8.0
1751,7.604659635939257
1752,7.604659635939257
1753,5.5373863576920135
1754,9.500000003618034
1755,7.604659635939257
1756,7.604659635939257
1757,7.604659635939257
1758,6.0
1759,7.604659635939257
1760,7.604659635939257
1761,9.0
1762,7.604659635939257
1763,8.181818183140496
1764,7.604659635939257
1765,7.0
1766,7.4000000009999995
1767,7.604659635939257
1768,7.604659635939257
1769,9.000000000751646
1770,7.604659635939257
1771,7.604659635939257
1772,8.0
1773,7.604659635939257
1774,7.604659635939257
1775,9.0
1776,7.604659635939257
1777,8.0
1778,10.0
1779,9.0
1780,9.999999990000001
1781,7.604659635939257
1782,7.604659635939257
1783,7.604659635939257
1784,7.604659635939257
1785,7.0
1786,7.604659635939257
1787,7.604659635939257
1788,7.604659635939257
1789,8.75
1790,7.604659635939257
1791,7.117242924420366
1792,7.604659635939257
1793,8.0
1794,7.604659635939257
1795,7.604659635939257
1796,7.604659635939257
1797,7.604659635939257
1798,7.604659635939257
1799,7.604659635939257
1800,7.604659635939257
1801,7.999999997071068
1802,7.604659635939257
1803,9.999999977817822
1804,6.999999985285957
1805,7.604659635939257
1806,10.0
1807,7.999999990000002
1808,7.604659635939257
1809,7.70196580748266
1810,8.0
1811,9.999999995917518
1812,7.604659635939257
1813,7.000000001666667
1814,7.604659635939257
1815,7.604659635939257
1816,7.604659635939257
1817,9.000000005
1818,7.604659635939257
1819,7.604659635939257
1820,7.604659635939257
1821,7.604659635939257
1822,7.604659635939257
1823,7.604659635939257
1824,9.0
1825,7.604659635939257
1826,7.999999984999999
1827,7.604659635939257
1828,8.5
1829,7.0
1830,7.0
1831,7.604659635939257
1832,7.604659635939257
1833,7.604659635939257
1834,7.604659635939257
1835,8.0
1836,7.0
1837,9.420527727919842
1838,6.99999999759611
1839,7.604659635939257
1840,6.000000023999999
1841,7.000000028038838
1842,7.604659635939257
1843,7.604659635939257
1844,7.604659635939257
1845,7.604659635939257
1846,8.666666662222223
1847,7.604659635939257
1848,7.0
1849,6.0
1850,7.604659635939257
1851,7.604659635939257
1852,6.000000000000001
1853,8.0
1854,7.6666666688888885
1855,7.604659635939257
1856,7.604659635939257
1857,7.604659635939257
1858,7.604659635939257
1859,8.82842712503046
1860,7.0
1861,10.0
1862,7.604659635939257
1863,7.604659635939257
1864,9.0
1865,8.0
1866,7.604659635939257
1867,7.604659635939257
1868,7.604659635939257
1869,8.0
1870,7.604659635939257
1871,7.604659635939257
1872,7.604659635939257
1873,7.604659635939257
1874,7.0
1875,7.604659635939257
1876,8.0
1877,9.0
1878,8.0
1879,7.9999999925
1880,7.0
1881,7.604659635939257
1882,9.999999976666668
1883,6.467731579221334
1884,7.604659635939257
1885,10.0
1886,7.604659635939257
1887,7.604659635939257
1888,6.857142859183674
1889,8.0
1890,9.25
1891,7.4878877094629654
1892,5.000000000000001
1893,8.0
1894,8.0
1895,8.0
1896,7.604659635939257
1897,7.604659635939257
1898,7.604659635939257
1899,8.727272726611568
1900,9.999999976666668
1901,7.604659635939257
1902,8.999999992928934
1903,7.604659635939257
1904,9.299254187733807
1905,7.000000034999999
1906,7.0
1907,6.0
1908,7.604659635939257
1909,7.604659635939257
1910,7.0
1911,7.604659635939257
1912,7.604659635939257
1913,7.604659635939257
1914,8.0
1915,7.604659635939257
1916,7.604659635939257
1917,7.604659635939257
1918,7.604659635939257
1919,8.0
1920,7.604659635939257
1921,8.0
1922,7.604659635939257
1923,7.604659635939257
1924,8.0
1925,7.604659635939257
1926,7.604659635939257
1927,9.999999991666668
1928,7.604659635939257
1929,7.604659635939257
1930,8.0
1931,8.0
1932,10.0
1933,9.688192482569999
1934,5.000000039999999
1935,8.1999999992
1936,7.604659635939257
1937,8.0
1938,7.604659635939257
1939,7.604659635939257
1940,7.604659635939257
1941,8.999999999999998
1942,10.0
1943,7.604659635939257
1944,7.604659635939257
1945,7.604659635939257
1946,7.0
1947,9.0
1948,7.604659635939257
1949,8.0
1950,7.604659635939257
1951,8.0
1952,8.0
1953,9.269752143239115
1954,7.604659635939257
1955,7.604659635939257
1956,7.604659635939257
1957,7.000000000000001
1958,7.604659635939257
1959,7.604659635939257
1960,7.604659635939257
1961,7.604659635939257
1962,8.0
1963,7.604659635939257
1964,7.604659635939257
1965,7.604659635939257
1966,8.0
1967,8.000000004999999
1968,7.604659635939257
1969,7.604659635939257
1970,7.604659635939257
1971,6.0
1972,8.0
1973,7.80925642898968
1974,6.171572873832454
1975,7.604659635939257
1976,7.042887798145407
1977,7.604659635939257
1978,7.604659635939257
1979,8.0
1980,7.604659635939257
1981,7.604659635939257
1982,7.604659635939257
1983,7.0
1984,7.604659635939257
1985,7.604659635939257
1986,7.604659635939257
1987,7.604659635939257
1988,7.604659635939257
1989,9.5
1990,7.604659635939257
1991,7.285714288163265
1992,7.604659635939257
1993,8.0
1994,7.604659635939257
1995,7.604659635939257
1996,8.142857143469387
1997,8.07857904371748
1998,7.604659635939257
1999,7.604659635939257
2000,7.604659635939257
2001,7.604659635939257
2002,7.604659635939257
2003,8.35563508485694
2004,7.604659635939257
2005,8.376275642640703
2006,7.604659635939257
2007,5.000000089999997
2008,7.000000039999999
2009,10.0
2010,7.604659635939257
2011,8.0
2012,7.604659635939257
2013,7.604659635939257
2014,7.604659635939257
2015,7.99999999
2016,7.604659635939257
2017,7.0
2018,7.604659635939257
2019,7.604659635939257
2020,7.604659635939257
2021,7.621320344625659
2022,8.0
2023,7.416500074766514
2024,7.604659635939257
2025,7.604659635939257
2026,7.604659635939257
2027,8.75
2028,7.604659635939257
2029,7.0
2030,7.604659635939257
2031,2.0
2032,7.604659635939257
2033,8.0
2034,7.604659635939257
2035,8.0
2036,7.0
2037,7.0
2038,8.403787065237637
2039,8.0
2040,8.0
2041,8.0
2042,7.604659635939257
2043,7.604659635939257
2044,7.25
2045,7.604659635939257
2046,7.604659635939257
2047,9.025170175134958
2048,7.604659635939257
2049,7.604659635939257
2050,7.604659635939257
2051,8.58578643712438
2052,7.604659635939257
2053,5.0
2054,9.0
2055,8.0
2056,5.0
2057,7.604659635939257
2058,7.604659635939257
2059,6.666666663888889
2060,7.604659635939257
2061,7.604659635939257
2062,8.0
2063,7.604659635939257
2064,8.566180932584308
2065,7.604659635939257
2066,7.604659635939257
2067,7.604659635939257
2068,7.604659635939257
2069,7.604659635939257
2070,7.604659635939257
2071,4.000000069999999
2072,9.0
2073,7.604659635939257
2074,7.604659635939257
2075,7.604659635939257
2076,7.604659635939257
2077,7.604659635939257
2078,9.0
2079,7.604659635939257
2080,7.604659635939257
2081,7.604659635939257
2082,7.604659635939257
2083,7.604659635939257
2084,10.0
2085,7.604659635939257
2086,8.0
2087,7.604659635939257
2088,7.0
2089,7.604659635939257
2090,7.604659635939257
2091,7.604659635939257
2092,7.0
2093,7.500000001249999
2094,7.604659635939257
2095,7.604659635939257
2096,7.604659635939257
2097,7.604659635939257
2098,7.604659635939257
2099,6.31389163477262
2100,6.999999999999999
2101,7.604659635939257
2102,7.449684264995837
2103,7.604659635939257
2104,7.604659635939257
2105,7.0
2106,7.604659635939257
2107,7.604659635939257
2108,9.0
2109,7.604659635939257
2110,7.604659635939257
2111,5.0
2112,7.604659635939257
2113,9.0
2114,7.604659635939257
2115,7.9999999850000005
2116,7.604659635939257
2117,7.604659635939257
2118,8.0
2119,9.0
2120,7.0
2121,5.0
2122,7.604659635939257
2123,7.0
2124,4.75
2125,7.604659635939257
2126,7.604659635939257
2127,7.604659635939257
2128,7.604659635939257
2129,7.999999950000002
2130,7.604659635939257
2131,7.604659635939257
2132,7.604659635939257
2133,8.03745176787597
2134,7.0
2135,8.0
2136,7.604659635939257
2137,7.604659635939257
2138,7.0
2139,7.604659635939257
2140,7.604659635939257
2141,7.604659635939257
2142,7.604659635939257
2143,7.604659635939257
2144,10.0
2145,7.604659635939257
2146,7.604659635939257
2147,7.604659635939257
2148,7.0
2149,7.604659635939257
2150,7.604659635939257
2151,7.604659635939257
2152,7.0
2153,5.0
2154,9.333333322222222
2155,5.403817391494472
2156,5.0
2157,7.75
2158,8.9999999975
2159,7.604659635939257
2160,7.0
2161,7.604659635939257
2162,7.604659635939257
2163,7.604659635939257
2164,7.604659635939257
2165,10.0
2166,9.690983005034882
2167,7.985281375136481
2168,7.604659635939257
2169,7.604659635939257
2170,8.0
2171,7.604659635939257
2172,7.604659635939257
2173,7.604659635939257
2174,6.686773940826439
2175,7.604659635939257
2176,7.604659635939257
2177,7.604659635939257
2178,7.604659635939257
2179,6.0
2180,8.9999999975
2181,7.604659635939257
2182,7.604659635939257
2183,10.0
2184,7.604659635939257
2185,7.0
2186,7.604659635939257
2187,7.604659635939257
2188,9.0
2189,9.544650675216136
2190,7.604659635939257
2191,7.604659635939257
2192,7.604659635939257
2193,6.2000000011999985
2194,8.0
2195,7.604659635939257
2196,7.604659635939257
2197,7.604659635939257
2198,7.604659635939257
2199,7.604659635939257
2200,8.25
2201,7.0
2202,7.604659635939257
2203,7.604659635939257
2204,7.604659635939257
2205,7.604659635939257
2206,7.604659635939257
2207,7.604659635939257
2208,7.604659635939257
2209,7.604659635939257
2210,7.0
2211,7.604659635939257
2212,7.604659635939257
2213,7.604659635939257
2214,7.604659635939257
2215,7.604659635939257
2216,8.0
2217,7.0
2218,8.0
2219,8.0
2220,7.604659635939257
2221,7.604659635939257
2222,9.999999985527866
2223,7.604659635939257
2224,4.554377706287861
2225,7.604659635939257
2226,7.604659635939257
2227,7.604659635939257
2228,7.604659635939257
2229,6.0
2230,7.000000009999999
2231,5.0
2232,7.604659635939257
2233,5.0
2234,8.0
2235,7.604659635939257
2236,7.604659635939257
2237,7.604659635939257
2238,7.604659635939257
2239,7.604659635939257
2240,7.604659635939257
2241,9.999999999999998
2242,7.604659635939257
2243,9.000000002928932
2244,4.00000002
2245,7.604659635939257
2246,8.0
2247,7.604659635939257
2248,7.604659635939257
2249,7.528013363893339
2250,7.604659635939257
2251,7.2000000027999995
2252,7.604659635939257
2253,7.0
2254,7.604659635939257
2255,7.604659635939257
2256,7.604659635939257
2257,7.604659635939257
2258,7.604659635939257
2259,8.0
2260,7.604659635939257
2261,7.604659635939257
2262,7.604659635939257
2263,7.604659635939257
2264,7.604659635939257
2265,7.604659635939257
2266,7.604659635939257
2267,7.604659635939257
2268,7.604659635939257
2269,7.604659635939257
2270,7.604659635939257
2271,7.25
2272,7.604659635939257
2273,7.500000000625001
2274,7.604659635939257
2275,7.604659635939257
2276,10.0
2277,7.604659635939257
2278,7.604659635939257
2279,7.604659635939257
2280,8.0
2281,7.604659635939257
2282,7.604659635939257
2283,7.604659635939257
2284,5.383218743814271
2285,7.604659635939257
2286,7.0
2287,7.604659635939257
2288,8.0
2289,7.604659635939257
2290,7.604659635939257
2291,7.604659635939257
2292,7.604659635939257
2293,7.604659635939257
2294,7.0
2295,7.0
2296,7.604659635939257
2297,7.529411767058823
2298,8.0
2299,8.0
2300,10.000000000000002
2301,8.0
2302,7.604659635939257
2303,7.604659635939257
2304,8.5000000025
2305,8.33333332888889
2306,7.833333332777776
2307,7.604659635939257
2308,8.0
2309,7.604659635939257
2310,7.604659635939257
2311,7.1949398232238
2312,7.604659635939257
2313,9.999999985
2314,7.604659635939257
2315,7.604659635939257
2316,7.604659635939257
2317,7.604659635939257
2318,8.0
2319,7.604659635939257
2320,5.0
2321,7.604659635939257
2322,7.604659635939257
2323,7.604659635939257
2324,8.07404374999742
2325,7.604659635939257
2326,7.604659635939257
2327,8.0
2328,7.604659635939257
2329,7.999999992071069
2330,7.604659635939257
2331,9.5
2332,7.0
2333,6.2485660478062455
2334,7.604659635939257
2335,7.604659635939257
2336,7.604659635939257
2337,7.604659635939257
2338,7.604659635939257
2339,7.604659635939257
2340,8.0
2341,9.999999990000001
2342,7.604659635939257
2343,8.817256001542864
2344,7.604659635939257
2345,10.0
2346,7.604659635939257
2347,7.604659635939257
2348,8.0
2349,7.604659635939257
2350,7.499999999999999
2351,5.0
2352,7.604659635939257
2353,8.0
2354,8.41421356187057
2355,9.0
2356,8.0
2357,7.604659635939257
2358,7.604659635939257
2359,8.0
2360,7.604659635939257
2361,4.0
2362,8.0
2363,7.604659635939257
2364,7.604659635939257
2365,8.0
2366,7.604659635939257
2367,7.00000002
2368,7.604659635939257
2369,8.0
2370,7.604659635939257
2371,7.604659635939257
2372,5.0
2373,7.604659635939257
2374,8.499999996875001
2375,7.604659635939257
2376,7.604659635939257
2377,8.0
2378,9.1000000006
2379,7.604659635939257
2380,7.604659635939257
2381,7.604659635939257
2382,7.604659635939257
2383,9.0
2384,7.604659635939257
2385,7.0
2386,8.0
2387,7.604659635939257
2388,7.0
2389,7.604659635939257
2390,7.604659635939257
2391,7.604659635939257
2392,7.0
2393,8.0
2394,8.0
2395,7.604659635939257
2396,7.604659635939257
2397,3.141786119808588
2398,7.574128750984445
2399,7.604659635939257
2400,7.999999980000002
2401,8.999999943333336
2402,7.604659635939257
2403,7.0
2404,7.604659635939257
2405,7.604659635939257
2406,8.0
2407,7.604659635939257
2408,7.604659635939257
2409,7.604659635939257
2410,7.604659635939257
2411,7.604659635939257
2412,10.0
2413,8.269024009708083
2414,8.0
2415,7.604659635939257
2416,7.604659635939257
2417,7.604659635939257
2418,7.604659635939257
2419,8.0
2420,8.0
2421,8.0
2422,7.604659635939257
2423,8.00000002
2424,7.604659635939257
2425,7.604659635939257
2426,7.604659635939257
2427,8.0
2428,7.604659635939257
2429,7.604659635939257
2430,8.0
2431,8.0
2432,7.604659635939257
2433,7.604659635939257
2434,7.604659635939257
2435,7.604659635939257
2436,7.604659635939257
2437,6.3923048459904015
2438,8.0
2439,7.00000002
2440,7.604659635939257
2441,4.999999999999999
2442,7.604659635939257
2443,7.604659635939257
2444,7.604659635939257
2445,7.604659635939257
2446,7.604659635939257
2447,7.604659635939257
2448,7.604659635939257
2449,7.604659635939257
2450,7.604659635939257
2451,7.604659635939257
2452,7.604659635939257
2453,9.75
2454,7.70842234949505
2455,7.604659635939257
2456,7.604659635939257
2457,7.604659635939257
2458,7.604659635939257
2459,7.604659635939257
2460,8.758924659522672
2461,7.0
2462,7.604659635939257
2463,7.604659635939257
2464,5.0
2465,7.604659635939257
2466,3.000000079999998
2467,7.518075512592638
2468,8.0
2469,10.0
2470,7.604659635939257
2471,7.00000002
2472,5.0
2473,7.604659635939257
2474,7.604659635939257
2475,7.604659635939257
2476,7.604659635939257
2477,7.604659635939257
2478,7.604659635939257
2479,7.604659635939257
2480,7.604659635939257
2481,7.604659635939257
2482,7.604659635939257
2483,6.0
2484,7.604659635939257
2485,7.604659635939257
2486,7.604659635939257
2487,8.0
2488,7.604659635939257
2489,7.604659635939257
2490,7.604659635939257
2491,6.0
2492,7.033635016249152
2493,7.604659635939257
2494,8.0
2495,7.604659635939257
2496,7.604659635939257
2497,7.604659635939257
2498,7.604659635939257
2499,8.0
2500,7.604659635939257
2501,7.999999940000004
2502,7.604659635939257
2503,7.604659635939257
2504,8.444444444567901
2505,7.0
2506,8.0
2507,7.604659635939257
2508,7.604659635939257
2509,7.604659635939257
2510,7.604659635939257
2511,7.604659635939257
2512,7.0
2513,6.765564437877277
2514,7.604659635939257
2515,7.0
2516,9.999999980000002
2517,7.604659635939257
2518,7.604659635939257
2519,8.0
2520,7.604659635939257
2521,7.604659635939257
2522,7.604659635939257
2523,8.0
2524,10.0
2525,7.604659635939257
2526,8.0
2527,8.575069586335852
2528,8.0
2529,6.018944830881947
2530,8.0
2531,7.604659635939257
2532,7.604659635939257
2533,7.0
2534,7.604659635939257
2535,9.000000000000002
2536,8.0
2537,7.604659635939257
2538,7.604659635939257
2539,7.604659635939257
2540,7.604659635939257
2541,7.0
2542,7.604659635939257
2543,7.604659635939257
2544,7.604659635939257
2545,7.604659635939257
2546,9.999999990000003
2547,7.604659635939257
2548,7.604659635939257
2549,7.604659635939257
2550,7.604659635939257
2551,7.604659635939257
2552,9.0
2553,7.604659635939257
2554,7.312416808716433
2555,8.0
2556,8.409308233168439
2557,7.604659635939257
2558,8.0
2559,8.999999996666666
2560,7.604659635939257
2561,7.604659635939257
2562,7.604659635939257
2563,7.604659635939257
2564,7.604659635939257
2565,5.000000004714045
2566,7.604659635939257
2567,7.604659635939257
2568,8.000000006666667
2569,7.604659635939257
2570,7.604659635939257
2571,7.604659635939257
2572,8.0
2573,7.604659635939257
2574,8.714285713979592
2575,7.604659635939257
2576,7.604659635939257
2577,7.604659635939257
2578,7.604659635939257
2579,7.604659635939257
2580,7.604659635939257
2581,7.604659635939257
2582,8.0
2583,8.0
2584,7.604659635939257
2585,7.604659635939257
2586,9.0
2587,8.0
2588,7.604659635939257
2589,7.604659635939257
2590,9.999999984999999
2591,7.604659635939257
2592,8.0
2593,7.604659635939257
2594,8.0
2595,7.604659635939257
2596,7.604659635939257
2597,7.419821272120606
2598,7.604659635939257
2599,6.0
2600,7.604659635939257
2601,7.0
2602,8.0
2603,7.604659635939257
2604,7.0
2605,10.0
2606,7.0
2607,4.999999999999999
2608,6.000000014999999
2609,7.0
2610,7.604659635939257
2611,8.642857144081633
2612,7.604659635939257
2613,7.604659635939257
2614,7.604659635939257
2615,7.604659635939257
2616,7.604659635939257
2617,7.604659635939257
2618,7.604659635939257
2619,9.0
2620,7.604659635939257
2621,8.0
2622,7.604659635939257
2623,7.604659635939257
2624,7.604659635939257
2625,7.604659635939257
2626,6.066965626167455
2627,6.679622758169121
2628,7.604659635939257
2629,8.0
2630,7.604659635939257
2631,5.0
2632,7.604659635939257
2633,7.604659635939257
2634,7.604659635939257
2635,8.0
2636,8.0
2637,10.0
2638,7.604659635939257
2639,7.604659635939257
2640,7.0
2641,7.604659635939257
2642,7.604659635939257
2643,7.921636174272549
2644,7.604659635939257
2645,7.604659635939257
2646,9.0
2647,10.0
2648,7.604659635939257
2649,7.604659635939257
2650,7.604659635939257
2651,7.604659635939257
2652,7.604659635939257
2653,7.604659635939257
2654,8.0
2655,8.0
2656,7.0
2657,8.25
2658,7.604659635939257
2659,7.0
2660,7.604659635939257
2661,7.604659635939257
2662,8.999999999828946
2663,7.0000000149999995
2664,7.604659635939257
2665,7.604659635939257
2666,7.604659635939257
2667,8.0
2668,7.604659635939257
2669,8.0
2670,7.0
2671,7.604659635939257
2672,7.604659635939257
2673,4.000000016641006
2674,8.999999973333335
2675,6.0
2676,7.604659635939257
2677,7.604659635939257
2678,9.999999990000001
2679,7.604659635939257
2680,7.604659635939257
2681,7.0
2682,8.684868308820572
2683,7.604659635939257
2684,8.0
2685,7.604659635939257
2686,9.357142858061223
2687,7.604659635939257
2688,7.604659635939257
2689,7.604659635939257
2690,7.604659635939257
2691,7.604659635939257
2692,7.0
2693,7.604659635939257
2694,7.604659635939257
2695,8.0
2696,9.999999986837723
2697,7.604659635939257
2698,7.604659635939257
2699,7.604659635939257
2700,7.99999999
2701,10.0
2702,7.604659635939257
2703,10.0
2704,7.604659635939257
2705,8.428571428979591
2706,7.604659635939257
2707,7.604659635939257
2708,7.604659635939257
2709,7.604659635939257
2710,4.999999999999999
2711,7.604659635939257
2712,7.604659635939257
2713,7.604659635939257
2714,7.604659635939257
2715,10.0
2716,8.0
2717,7.604659635939257
2718,4.999999999999999
2719,8.000000009999999
2720,7.604659635939257
2721,7.604659635939257
2722,7.604659635939257
2723,9.532988311026537
2724,8.0
2725,7.4936808592757185
2726,7.604659635939257
2727,7.604659635939257
2728,8.0
2729,7.604659635939257
2730,8.0
2731,8.0
2732,8.0
2733,9.0
2734,7.604659635939257
2735,7.604659635939257
2736,7.75
2737,7.604659635939257
2738,9.0
2739,5.812437616690098
2740,7.604659635939257
2741,7.604659635939257
2742,8.999999972928935
2743,7.604659635939257
2744,7.604659635939257
2745,7.604659635939257
2746,6.5
2747,8.0
2748,7.604659635939257
2749,7.604659635939257
2750,8.0
2751,8.0
2752,7.604659635939257
2753,9.25
2754,8.0
2755,7.604659635939257
2756,7.604659635939257
2757,8.5
2758,7.604659635939257
2759,7.0000000249999985
2760,7.604659635939257
2761,7.604659635939257
2762,7.999999970000001
2763,7.604659635939257
2764,7.604659635939257
2765,7.604659635939257
2766,7.604659635939257
2767,7.604659635939257
2768,8.00000001
2769,7.0
2770,7.604659635939257
2771,9.999999999999998
2772,7.604659635939257
2773,7.604659635939257
2774,7.604659635939257
2775,8.0
2776,7.604659635939257
2777,6.804492945960125
2778,9.999999970000001
2779,8.0
2780,7.604659635939257
2781,10.0
2782,7.604659635939257
2783,8.0
2784,7.604659635939257
2785,7.604659635939257
2786,8.0
2787,7.604659635939257
2788,7.604659635939257
2789,7.604659635939257
2790,8.327216926725502
2791,7.604659635939257
2792,7.604659635939257
2793,7.500000014999999
2794,7.604659635939257
2795,7.604659635939257
2796,7.604659635939257
2797,7.604659635939257
2798,7.604659635939257
2799,7.604659635939257
2800,8.75
2801,7.604659635939257
2802,7.604659635939257
2803,9.000000002
2804,7.604659635939257
2805,7.604659635939257
2806,7.604659635939257
2807,8.99999999
2808,7.604659635939257
2809,7.604659635939257
2810,9.999999946984888
2811,7.604659635939257
2812,7.0
2813,2.0
2814,6.794302377011034
2815,7.604659635939257
2816,7.604659635939257
2817,7.604659635939257
2818,7.604659635939257
2819,9.0
2820,7.0
2821,5.3585701792416325
2822,5.0
2823,7.604659635939257
2824,7.604659635939257
2825,7.604659635939257
2826,7.0
2827,9.999999996666666
2828,7.604659635939257
2829,7.604659635939257
2830,7.604659635939257
2831,7.604659635939257
2832,7.604659635939257
2833,9.999999975000001
2834,7.604659635939257
2835,7.999999997000001
2836,7.99999999
2837,7.604659635939257
2838,7.604659635939257
2839,7.0
2840,7.604659635939257
2841,7.604659635939257
2842,7.604659635939257
2843,8.999999990000003
2844,7.604659635939257
2845,7.604659635939257
2846,8.0
2847,7.604659635939257
2848,9.104777830624288
2849,5.0
2850,7.604659635939257
2851,7.604659635939257
2852,8.999999993333335
2853,7.769136266750107
2854,8.0
2855,7.604659635939257
2856,8.500000001250001
2857,7.604659635939257
2858,7.604659635939257
2859,8.0
2860,7.0
2861,5.0
2862,7.604659635939257
2863,7.604659635939257
2864,8.0
2865,7.604659635939257
2866,7.604659635939257
2867,7.604659635939257
2868,8.0
2869,7.604659635939257
2870,7.0
2871,7.604659635939257
2872,7.604659635939257
2873,8.0
2874,7.834473103151032
2875,7.604659635939257
2876,7.604659635939257
2877,7.604659635939257
2878,7.604659635939257
2879,7.604659635939257
2880,7.604659635939257
2881,7.604659635939257
2882,7.604659635939257
2883,7.604659635939257
2884,6.9000000014
2885,5.0
2886,7.0000000141421355
2887,7.604659635939257
2888,7.604659635939257
2889,7.0000000212132045
2890,7.0
2891,7.604659635939257
2892,7.604659635939257
2893,7.604659635939257
2894,7.604659635939257
2895,7.25
2896,9.333333333333334
2897,9.999999930000001
2898,7.604659635939257
2899,8.0
2900,7.604659635939257
2901,7.604659635939257
2902,7.604659635939257
2903,7.604659635939257
2904,7.604659635939257
2905,7.604659635939257
2906,8.0
2907,8.0
2908,7.604659635939257
2909,8.0
2910,7.604659635939257
2911,7.0
2912,7.0
2913,7.604659635939257
2914,7.604659635939257
2915,7.604659635939257
2916,7.604659635939257
2917,8.0
2918,7.604659635939257
2919,9.0
2920,7.604659635939257
2921,7.604659635939257
2922,7.604659635939257
2923,7.604659635939257
2924,7.718602316349729
2925,7.604659635939257
2926,7.604659635939257
2927,9.0
2928,7.604659635939257
2929,7.604659635939257
2930,7.0
2931,7.604659635939257
2932,7.604659635939257
2933,7.720842484313716
2934,7.604659635939257
2935,7.604659635939257
2936,7.0
2937,7.604659635939257
2938,8.0
2939,7.604659635939257
2940,8.0
2941,8.0
2942,5.0
2943,8.0
2944,7.604659635939257
2945,7.604659635939257
2946,7.604659635939257
2947,7.604659635939257
2948,7.000000002737405
2949,7.604659635939257
2950,9.25
2951,7.604659635939257
2952,7.9999999950000005
2953,7.604659635939257
2954,7.604659635939257
2955,7.604659635939257
2956,7.604659635939257
2957,7.604659635939257
2958,9.0
2959,7.604659635939257
2960,7.604659635939257
2961,7.604659635939257
2962,7.0
2963,7.5
2964,7.604659635939257
2965,8.666666654444445
2966,7.604659635939257
2967,7.604659635939257
2968,10.0
2969,7.604659635939257
2970,7.604659635939257
2971,7.604659635939257
2972,7.604659635939257
2973,9.0
2974,7.604659635939257
2975,7.604659635939257
2976,7.604659635939257
2977,5.0
2978,7.604659635939257
2979,7.604659635939257
2980,7.604659635939257
2981,6.362680620768461
2982,8.0
2983,7.604659635939257
2984,7.604659635939257
2985,7.604659635939257
2986,8.0
2987,7.604659635939257
2988,7.789103276721048
2989,7.604659635939257
2990,7.604659635939257
2991,9.999999999999998
2992,7.604659635939257
2993,7.604659635939257
2994,7.604659635939257
2995,7.604659635939257
2996,7.0
2997,9.215911111688273
2998,7.604659635939257
2999,8.0
3000,7.604659635939257
3001,7.0
3002,8.0
3003,7.604659635939257
3004,7.604659635939257
3005,7.604659635939257
3006,7.604659635939257
3007,7.604659635939257
3008,9.0
3009,10.0
3010,7.604659635939257
3011,8.241276262292965
3012,7.604659635939257
3013,7.604659635939257
3014,7.604659635939257
3015,7.0
3016,7.604659635939257
3017,9.0
3018,7.604659635939257
3019,7.604659635939257
3020,8.0
3021,7.604659635939257
3022,7.0
3023,7.604659635939257
3024,7.604659635939257
3025,7.604659635939257
3026,8.999999979999998
3027,7.604659635939257
3028,8.0
3029,7.604659635939257
3030,7.604659635939257
3031,7.604659635939257
3032,7.0
3033,6.0
3034,7.604659635939257
3035,7.604659635939257
3036,7.604659635939257
3037,7.0
3038,7.604659635939257
3039,7.604659635939257
3040,7.604659635939257
3041,8.5377133443679
3042,7.604659635939257
3043,8.0
3044,8.5
3045,7.604659635939257
3046,7.604659635939257
3047,7.604659635939257
3048,7.604659635939257
3049,7.604659635939257
3050,7.604659635939257
3051,8.872343159152933
3052,8.0
3053,7.604659635939257
3054,5.00000004
3055,8.0
3056,7.604659635939257
3057,7.604659635939257
3058,7.604659635939257
3059,7.999999999999999
3060,7.604659635939257
3061,8.0
3062,7.604659635939257
3063,8.0
3064,6.587681297791619
3065,7.604659635939257
3066,7.604659635939257
3067,8.190505839792177
3068,7.0
3069,7.604659635939257
3070,7.604659635939257
3071,7.604659635939257
3072,7.604659635939257
3073,7.604659635939257
3074,7.604659635939257
3075,7.0
3076,7.00000002
3077,7.604659635939257
3078,9.999999999999998
3079,7.604659635939257
3080,7.604659635939257
3081,8.0
3082,10.000000000000002
3083,7.604659635939257
3084,3.0
3085,7.604659635939257
3086,7.604659635939257
3087,7.604659635939257
3088,9.194741700929615
3089,8.5
3090,7.604659635939257
3091,7.604659635939257
3092,7.604659635939257
3093,7.604659635939257
3094,7.604659635939257
3095,8.0
3096,7.604659635939257
3097,7.604659635939257
3098,8.0
3099,7.604659635939257
3100,8.0
3101,7.604659635939257
3102,7.604659635939257
3103,8.0
3104,6.999999999999999
3105,7.604659635939257
3106,7.99999999
3107,10.0
3108,7.604659635939257
3109,7.604659635939257
3110,6.0
3111,7.000000000000001
3112,7.298520592346934
3113,8.999999952500001
3114,7.604659635939257
3115,7.604659635939257
3116,7.604659635939257
3117,7.604659635939257
3118,7.0
3119,7.604659635939257
3120,7.604659635939257
3121,7.604659635939257
3122,7.604659635939257
3123,7.604659635939257
3124,7.604659635939257
3125,8.0
3126,7.604659635939257
3127,7.0
3128,7.604659635939257
3129,7.604659635939257
3130,7.604659635939257
3131,7.604659635939257
3132,7.604659635939257
3133,7.604659635939257
3134,7.604659635939257
3135,7.604659635939257
3136,7.604659635939257
3137,7.604659635939257
3138,7.604659635939257
3139,8.0
3140,7.604659635939257
3141,7.604659635939257
3142,9.500000000000002
3143,7.604659635939257
3144,7.604659635939257
3145,8.0
3146,7.604659635939257
3147,8.292327538003818
3148,7.604659635939257
3149,7.604659635939257
3150,7.604659635939257
3151,7.604659635939257
3152,7.604659635939257
3153,7.604659635939257
3154,7.604659635939257
3155,7.604659635939257
3156,8.999999970000003
3157,10.0
3158,8.004931899811993
3159,7.604659635939257
3160,7.0
3161,5.0
3162,7.604659635939257
3163,7.604659635939257
3164,9.0
3165,5.000000004490133
3166,7.604659635939257
3167,7.604659635939257
3168,8.0
3169,7.604659635939257
3170,9.0
3171,7.604659635939257
3172,7.604659635939257
3173,8.0
3174,7.604659635939257
3175,7.604659635939257
3176,7.604659635939257
3177,7.604659635939257
3178,7.0
3179,9.0
3180,5.000000039999999
3181,7.604659635939257
3182,6.25
3183,7.604659635939257
3184,7.604659635939257
3185,7.604659635939257
3186,7.604659635939257
3187,7.604659635939257
3188,7.604659635939257
3189,8.0
3190,7.604659635939257
3191,9.999999970857864
3192,7.604659635939257
3193,8.333333338888888
3194,7.0
3195,8.0
3196,9.0
3197,7.604659635939257
3198,7.604659635939257
3199,7.604659635939257
3200,7.604659635939257
3201,7.604659635939257
3202,7.604659635939257
3203,7.0
3204,7.604659635939257
3205,7.604659635939257
3206,7.604659635939257
3207,8.0
3208,8.0
3209,7.604659635939257
3210,6.78260869536862
3211,7.604659635939257
3212,8.625443738203032
3213,7.604659635939257
3214,8.0
3215,7.604659635939257
3216,7.0
3217,8.0
3218,7.604659635939257
3219,10.0
3220,7.604659635939257
3221,7.0
3222,8.0
3223,7.604659635939257
3224,8.0
3225,8.0
3226,8.999999964644664
3227,9.0
3228,7.604659635939257
3229,7.604659635939257
3230,7.604659635939257
3231,5.000000089999997
3232,7.604659635939257
3233,7.604659635939257
3234,9.0
3235,7.604659635939257
3236,7.604659635939257
3237,7.604659635939257
3238,8.0
3239,7.604659635939257
3240,7.604659635939257
3241,10.0
3242,7.604659635939257
3243,7.604659635939257
3244,7.604659635939257
3245,8.0
3246,7.000000000000001
3247,8.0
3248,8.0
3249,7.604659635939257
3250,7.604659635939257
3251,7.604659635939257
3252,8.0
3253,8.0
3254,7.604659635939257
3255,7.604659635939257
3256,8.374999999375
3257,6.500000004999999
3258,7.604659635939257
3259,7.604659635939257
3260,7.0
3261,7.15163833845868
3262,7.604659635939257
3263,7.604659635939257
3264,7.604659635939257
3265,7.0
3266,7.604659635939257
3267,7.0
3268,7.604659635939257
3269,7.604659635939257
3270,7.604659635939257
3271,7.604659635939257
3272,7.604659635939257
3273,7.9999999850000005
3274,9.070191845334843
3275,7.0
3276,10.0
3277,7.604659635939257
3278,7.604659635939257
3279,7.0
3280,7.604659635939257
3281,7.0
3282,9.0
3283,7.604659635939257
3284,7.604659635939257
3285,7.867989139070972
3286,9.0
3287,7.999999985
3288,7.604659635939257
3289,7.999999983333334
3290,8.03167926008764
3291,7.604659635939257
3292,7.604659635939257
3293,3.0
3294,9.0
3295,8.0
3296,7.604659635939257
3297,7.604659635939257
3298,7.604659635939257
3299,7.604659635939257
3300,7.604659635939257
3301,7.604659635939257
3302,7.604659635939257
3303,6.333333345555555
3304,7.604659635939257
3305,7.604659635939257
3306,7.604659635939257
3307,7.714285715918367
3308,7.604659635939257
3309,8.0
3310,7.0
3311,7.604659635939257
3312,10.000000000000002
3313,8.5
3314,8.0
3315,7.604659635939257
3316,7.604659635939257
3317,7.604659635939257
3318,7.604659635939257
3319,6.0
3320,7.604659635939257
3321,7.604659635939257
3322,7.000000000000001
3323,7.0
3324,7.604659635939257
3325,9.999999999999998
3326,7.604659635939257
3327,7.604659635939257
3328,10.0
3329,7.604659635939257
3330,7.604659635939257
3331,7.604659635939257
3332,7.0
3333,8.000000003333334
3334,7.604659635939257
3335,7.604659635939257
3336,7.604659635939257
3337,10.0
3338,7.604659635939257
3339,8.0
3340,10.0
3341,7.604659635939257
3342,8.333333332222223
3343,7.604659635939257
3344,7.604659635939257
3345,7.604659635939257
3346,7.604659635939257
3347,7.0
3348,7.604659635939257
3349,7.604659635939257
3350,7.0
3351,7.604659635939257
3352,7.604659635939257
3353,7.604659635939257
3354,8.999999999999998
3355,7.604659635939257
3356,8.0
3357,8.0
3358,7.604659635939257
3359,7.604659635939257
3360,7.604659635939257
3361,10.0
3362,7.604659635939257
3363,7.0
3364,7.604659635939257
3365,10.0
3366,8.70507831470518
3367,7.604659635939257
3368,8.0
3369,7.604659635939257
3370,7.604659635939257
3371,7.604659635939257
3372,7.604659635939257
3373,8.0
3374,7.604659635939257
3375,8.0
3376,10.0
3377,7.604659635939257
3378,7.604659635939257
3379,7.604659635939257
3380,9.0
3381,8.0
3382,7.604659635939257
3383,7.604659635939257
3384,7.999999996666666
3385,7.604659635939257
3386,7.604659635939257
3387,8.000000029999999
3388,7.604659635939257
3389,7.604659635939257
3390,6.0
3391,7.604659635939257
3392,8.0
3393,7.604659635939257
3394,7.604659635939257
3395,7.604659635939257
3396,8.0
3397,9.845491502222357
3398,7.333333332222222
3399,7.604659635939257
3400,7.000000003333334
3401,8.0
3402,7.604659635939257
3403,7.604659635939257
3404,7.604659635939257
3405,8.0
3406,7.604659635939257
3407,7.604659635939257
3408,7.9999999850000005
3409,8.0
3410,7.604659635939257
3411,7.604659635939257
3412,7.604659635939257
3413,7.604659635939257
3414,8.0
3415,7.604659635939257
3416,8.0
3417,7.604659635939257
3418,7.604659635939257
3419,7.604659635939257
3420,7.604659635939257
3421,5.0
3422,7.604659635939257
3423,7.604659635939257
3424,7.604659635939257
3425,9.0
3426,7.604659635939257
3427,7.604659635939257
3428,7.604659635939257
3429,9.348713674624177
3430,7.604659635939257
3431,7.604659635939257
3432,7.604659635939257
3433,7.604659635939257
3434,7.604659635939257
3435,7.604659635939257
3436,7.604659635939257
3437,7.604659635939257
3438,7.604659635939257
3439,7.0
3440,8.0
3441,7.604659635939257
3442,7.604659635939257
3443,7.604659635939257
3444,7.0
3445,7.604659635939257
3446,8.857142855918367
3447,9.0
3448,7.604659635939257
3449,8.999999999999998
3450,7.604659635939257
3451,8.1000000006
3452,7.604659635939257
3453,7.604659635939257
3454,9.999999966464468
3455,7.604659635939257
3456,7.604659635939257
3457,8.0
3458,7.604659635939257
3459,7.604659635939257
3460,7.604659635939257
3461,7.604659635939257
3462,7.604659635939257
3463,7.604659635939257
3464,7.604659635939257
3465,6.968310658686655
3466,8.0
3467,7.604659635939257
3468,7.604659635939257
3469,7.604659635939257
3470,2.0
3471,7.0
3472,7.604659635939257
3473,7.604659635939257
3474,7.604659635939257
3475,6.428571431632652
3476,8.0
3477,7.604659635939257
3478,7.0
3479,7.604659635939257
3480,8.0
3481,7.281729047305186
3482,7.0
3483,7.604659635939257
3484,7.604659635939257
3485,7.604659635939257
3486,8.0
3487,7.0
3488,7.604659635939257
3489,7.604659635939257
3490,7.604659635939257
3491,7.604659635939257
3492,8.0
3493,7.604659635939257
3494,7.604659635939257
3495,8.999999980000002
3496,7.604659635939257
3497,8.0
3498,7.604659635939257
3499,7.0
3500,7.604659635939257
3501,7.604659635939257
3502,7.604659635939257
3503,7.604659635939257
3504,7.604659635939257
3505,8.0
3506,7.604659635939257
3507,7.604659635939257
3508,7.604659635939257
3509,7.604659635939257
3510,7.604659635939257
3511,8.272727272644628
3512,7.604659635939257
3513,7.0
3514,7.604659635939257
3515,7.604659635939257
3516,5.396922171496596
3517,7.0
3518,8.0
3519,7.604659635939257
3520,7.604659635939257
3521,7.604659635939257
3522,7.604659635939257
3523,7.604659635939257
3524,7.0
3525,7.0
3526,7.604659635939257
3527,7.8000000012
3528,7.604659635939257
3529,8.0
3530,7.604659635939257
3531,10.0
3532,7.604659635939257
3533,8.0
3534,9.5
3535,8.0
3536,5.0
3537,8.0
3538,9.0
3539,9.0
3540,7.604659635939257
3541,7.604659635939257
3542,9.572122460302316
3543,7.0
3544,8.0
3545,7.517656726382268
3546,4.999999999999999
3547,7.0
3548,7.604659635939257
3549,7.604659635939257
3550,8.0
3551,7.604659635939257
3552,7.604659635939257
3553,7.604659635939257
3554,7.604659635939257
3555,7.604659635939257
3556,7.0
3557,7.0
3558,10.0
3559,9.87386801571022
3560,7.604659635939257
3561,8.0
3562,7.604659635939257
3563,8.5
3564,10.0
3565,8.0
3566,7.25
3567,7.604659635939257
3568,1.0000001099999976
3569,7.5
3570,7.6554010113553055
3571,7.0
3572,7.604659635939257
3573,7.604659635939257
3574,9.14285714367347
3575,7.604659635939257
3576,8.0
3577,7.604659635939257
3578,7.604659635939257
3579,8.0
3580,7.999999998000001
3581,6.250000001250001
3582,8.0
3583,8.0
3584,7.604659635939257
3585,7.604659635939257
3586,7.604659635939257
3587,7.999999992928933
3588,7.604659635939257
3589,6.500000000000001
3590,7.604659635939257
3591,7.604659635939257
3592,7.000000044999998
3593,7.604659635939257
3594,7.604659635939257
3595,8.084926755049562
3596,7.604659635939257
3597,7.604659635939257
3598,7.604659635939257
3599,7.604659635939257
3600,7.604659635939257
3601,7.604659635939257
3602,7.604659635939257
3603,7.604659635939257
3604,7.604659635939257
3605,7.604659635939257
3606,7.604659635939257
3607,7.604659635939257
3608,8.0
3609,7.604659635939257
3610,7.604659635939257
3611,7.604659635939257
3612,7.604659635939257
3613,7.604659635939257
3614,7.604659635939257
3615,7.604659635939257
3616,7.604659635939257
3617,6.0
3618,10.0
3619,7.604659635939257
3620,7.604659635939257
3621,8.5
3622,8.0
3623,7.604659635939257
3624,9.0
3625,7.604659635939257
3626,7.604659635939257
3627,7.604659635939257
3628,7.604659635939257
3629,7.604659635939257
3630,7.604659635939257
3631,7.604659635939257
3632,7.604659635939257
3633,7.604659635939257
3634,9.315789470498615
3635,7.0
3636,7.604659635939257
3637,8.999999961835034
3638,8.0
3639,7.604659635939257
3640,7.604659635939257
3641,7.604659635939257
3642,8.0
3643,6.0
3644,7.604659635939257
3645,7.0
3646,7.604659635939257
3647,5.0
3648,8.0
3649,7.604659635939257
3650,6.995533357991132
3651,7.604659635939257
3652,7.604659635939257
3653,7.604659635939257
3654,7.604659635939257
3655,7.604659635939257
3656,7.604659635939257
3657,7.604659635939257
3658,7.0
3659,7.604659635939257
3660,8.0
3661,7.604659635939257
3662,8.00000002
3663,8.5
3664,7.604659635939257
3665,7.0
3666,7.604659635939257
3667,7.604659635939257
3668,9.0
3669,9.333333335555556
3670,5.0
3671,7.604659635939257
3672,7.604659635939257
3673,7.604659635939257
3674,7.0
3675,7.604659635939257
3676,8.0
3677,7.604659635939257
3678,8.0
3679,7.604659635939257
3680,7.604659635939257
3681,9.999999995
3682,7.604659635939257
3683,7.604659635939257
3684,9.166666667222222
3685,4.000000065580781
3686,5.5000000249999985
3687,7.604659635939257
3688,10.0
3689,8.0
3690,7.604659635939257
3691,10.0
3692,7.604659635939257
3693,7.604659635939257
3694,7.604659635939257
3695,9.0
3696,7.0
3697,7.604659635939257
3698,7.157848851360524
3699,7.604659635939257
3700,7.604659635939257
3701,7.604659635939257
3702,7.604659635939257
3703,7.604659635939257
3704,7.604659635939257
3705,9.629375986839992
3706,7.604659635939257
3707,7.604659635939257
3708,7.604659635939257
3709,8.0
3710,7.604659635939257
3711,6.000000000000001
3712,7.604659635939257
3713,7.604659635939257
3714,7.604659635939257
3715,7.604659635939257
3716,7.604659635939257
3717,8.0
3718,7.0
3719,7.604659635939257
3720,7.604659635939257
3721,7.75
3722,8.0
3723,7.1999999992
3724,7.604659635939257
3725,7.000000000000001
3726,7.604659635939257
3727,7.000000000000001
3728,7.604659635939257
3729,7.604659635939257
3730,6.0
3731,7.604659635939257
3732,7.604659635939257
3733,7.0
3734,7.604659635939257
3735,5.000000014
3736,7.604659635939257
3737,7.604659635939257
3738,7.604659635939257
3739,7.604659635939257
3740,7.604659635939257
3741,8.0
3742,6.0
3743,7.0
3744,7.604659635939257
3745,7.604659635939257
3746,7.604659635939257
3747,7.999999990000002
3748,7.604659635939257
3749,7.0
3750,7.604659635939257
3751,8.501209777793564
3752,8.0
3753,7.604659635939257
3754,7.604659635939257
3755,7.604659635939257
3756,8.0
3757,7.604659635939257
3758,7.604659635939257
3759,7.604659635939257
3760,3.0000000000000004
3761,9.0
3762,7.604659635939257
3763,7.604659635939257
3764,8.000000020000002
3765,7.0
3766,5.0
3767,7.604659635939257
3768,7.604659635939257
3769,7.604659635939257
3770,7.604659635939257
3771,7.604659635939257
3772,7.604659635939257
3773,7.604659635939257
3774,7.604659635939257
3775,7.604659635939257
3776,7.0
3777,8.0
3778,7.604659635939257
3779,7.604659635939257
3780,7.604659635939257
3781,8.0
3782,7.604659635939257
3783,7.604659635939257
3784,7.604659635939257
3785,5.0
3786,7.604659635939257
3787,8.0
3788,7.0
3789,7.604659635939257
3790,7.604659635939257
3791,7.604659635939257
3792,7.604659635939257
3793,7.0
3794,7.604659635939257
3795,7.604659635939257
3796,8.000000027071067
3797,7.604659635939257
3798,7.604659635939257
3799,8.000000029999999
3800,8.0
3801,8.0
3802,10.0
3803,7.000000008164966
3804,8.304464324936738
3805,7.604659635939257
3806,7.604659635939257
3807,8.0
3808,7.604659635939257
3809,7.604659635939257
3810,7.604659635939257
3811,7.604659635939257
3812,7.604659635939257
3813,7.604659635939257
3814,7.604659635939257
3815,7.567771711736078
3816,7.604659635939257
3817,7.604659635939257
3818,7.604659635939257
3819,7.604659635939257
3820,7.604659635939257
3821,7.604659635939257
3822,7.604659635939257
3823,7.604659635939257
3824,7.604659635939257
3825,9.999999970000001
3826,7.604659635939257
3827,7.604659635939257
3828,7.604659635939257
3829,7.0
3830,7.604659635939257
3831,6.048647489212864
3832,8.0
3833,7.604659635939257
3834,7.604659635939257
3835,7.604659635939257
3836,7.604659635939257
3837,7.604659635939257
3838,7.25
3839,8.0
3840,7.604659635939257
3841,9.690983004444712
3842,7.000000059999998
3843,7.604659635939257
3844,6.000000069999998
3845,8.0
3846,7.604659635939257
3847,9.000000005
3848,7.5
3849,7.604659635939257
3850,7.604659635939257
3851,7.604659635939257
3852,8.0
3853,5.0
3854,7.604659635939257
3855,7.604659635939257
3856,7.604659635939257
3857,7.604659635939257
3858,7.604659635939257
3859,7.999999997423615
3860,7.604659635939257
3861,8.0
3862,7.743901454566474
3863,7.604659635939257
3864,7.604659635939257
3865,4.0
3866,9.333333323892159
3867,7.604659635939257
3868,8.0
3869,7.604659635939257
3870,7.604659635939257
3871,7.0
3872,7.604659635939257
3873,7.604659635939257
3874,7.604659635939257
3875,7.0
3876,7.604659635939257
3877,8.0
3878,7.604659635939257
3879,7.999999986666667
3880,7.604659635939257
3881,8.0
3882,7.604659635939257
3883,7.604659635939257
3884,7.604659635939257
3885,8.0
3886,8.75
3887,7.604659635939257
3888,8.999999950000003
3889,6.500000001666667
3890,7.604659635939257
3891,7.604659635939257
3892,7.604659635939257
3893,7.604659635939257
3894,7.604659635939257
3895,8.0
3896,7.604659635939257
3897,7.604659635939257
3898,7.604659635939257
3899,7.604659635939257
3900,8.0
3901,7.604659635939257
3902,7.604659635939257
3903,7.604659635939257
3904,7.604659635939257
3905,7.604659635939257
3906,7.604659635939257
3907,7.604659635939257
3908,7.604659635939257
3909,9.999999999999998
3910,7.604659635939257
3911,7.604659635939257
3912,6.500000000000001
3913,6.999999999999999
3914,6.0
3915,7.604659635939257
3916,7.604659635939257
3917,7.604659635939257
3918,7.604659635939257
3919,9.999999965
3920,7.604659635939257
3921,9.999999996666666
3922,7.604659635939257
3923,7.604659635939257
3924,7.604659635939257
3925,7.604659635939257
3926,7.6249999996875
3927,9.999999970000001
3928,7.604659635939257
3929,7.604659635939257
3930,7.000000000000001
3931,7.604659635939257
3932,7.604659635939257
3933,9.999999999999998
3934,7.604659635939257
3935,7.604659635939257
3936,7.604659635939257
3937,10.0
3938,7.604659635939257
3939,7.604659635939257
3940,9.0
3941,7.604659635939257
3942,7.604659635939257
3943,9.67962275816912
3944,4.999999999999999
3945,7.604659635939257
3946,3.0
3947,6.999999993333333
3948,7.604659635939257
3949,8.0
3950,8.832284748796374
3951,7.604659635939257
3952,7.604659635939257
3953,6.353507999598857
3954,7.604659635939257
3955,7.604659635939257
3956,10.000000000000002
3957,6.05186326529298
3958,7.604659635939257
3959,9.999999993140056
3960,7.604659635939257
3961,7.604659635939257
3962,7.604659635939257
3963,8.555852596487728
3964,7.604659635939257
3965,7.604659635939257
3966,7.0
3967,10.0
3968,7.604659635939257
3969,7.604659635939257
3970,9.999999999999998
3971,7.604659635939257
3972,6.210466048489927
3973,7.604659635939257
3974,7.604659635939257
3975,7.0
3976,7.604659635939257
3977,7.604659635939257
3978,7.604659635939257
3979,8.322780957778754
3980,7.604659635939257
3981,7.604659635939257
3982,8.0
3983,7.604659635939257
3984,7.604659635939257
3985,7.604659635939257
3986,7.604659635939257
3987,7.604659635939257
3988,7.604659635939257
3989,7.604659635939257
3990,7.604659635939257
3991,7.604659635939257
3992,7.604659635939257
3993,8.0
3994,8.0
3995,8.0
3996,7.604659635939257
3997,8.0
3998,7.99999999
3999,7.604659635939257
4000,5.0
4001,7.604659635939257
4002,7.604659635939257
4003,7.0
4004,8.000000015
4005,7.604659635939257
4006,5.0
4007,7.604659635939257
4008,7.604659635939257
4009,8.0
4010,9.75930876524449
4011,7.25
4012,7.604659635939257
4013,7.0
4014,7.000000000000001
4015,7.604659635939257
4016,7.604659635939257
4017,7.604659635939257
4018,7.604659635939257
4019,7.604659635939257
4020,7.000000000000001
4021,7.604659635939257
4022,7.604659635939257
4023,6.916093712707566
4024,7.604659635939257
4025,9.500000000000002
4026,8.0
4027,7.0
4028,8.0
4029,6.999999999999999
4030,7.604659635939257
4031,7.604659635939257
4032,7.604659635939257
4033,8.999999999999998
4034,7.604659635939257
4035,7.604659635939257
4036,9.99999999
4037,6.669627587037594
4038,7.714285710204081
4039,7.0
4040,7.604659635939257
4041,7.604659635939257
4042,7.604659635939257
4043,8.0
4044,7.604659635939257
4045,9.0
4046,8.666373041202323
4047,9.999999999999998
4048,9.268474764163889
4049,8.0
4050,7.604659635939257
4051,7.604659635939257
4052,7.604659635939257
4053,7.0
4054,7.000000015
4055,10.0
4056,6.0
4057,7.0808390645348185
4058,7.000000000000001
4059,7.604659635939257
4060,7.604659635939257
4061,7.604659635939257
4062,6.119107440020479
4063,8.0
4064,7.604659635939257
4065,9.281045426553838
4066,7.604659635939257
4067,8.0
4068,7.0
4069,7.604659635939257
4070,7.604659635939257
4071,7.0
4072,9.025062360393052
4073,7.604659635939257
4074,7.604659635939257
4075,9.0
4076,7.604659635939257
4077,7.604659635939257
4078,7.604659635939257
4079,7.604659635939257
4080,7.604659635939257
4081,7.604659635939257
4082,7.604659635939257
4083,7.604659635939257
4084,7.604659635939257
4085,8.0
4086,7.604659635939257
4087,8.0
4088,8.0
4089,7.604659635939257
4090,8.428571428163265
4091,7.604659635939257
4092,7.604659635939257
4093,7.604659635939257
4094,7.604659635939257
4095,9.0
4096,7.604659635939257
4097,7.604659635939257
4098,7.604659635939257
4099,7.604659635939257
4100,7.604659635939257
4101,7.0
4102,7.0
4103,7.604659635939257
4104,7.604659635939257
4105,8.536385128390796
4106,8.0
4107,7.00000002
4108,7.604659635939257
4109,7.604659635939257
4110,3.9999999864644664
4111,8.0
4112,7.604659635939257
4113,7.604659635939257
4114,7.604659635939257
4115,7.604659635939257
4116,7.604659635939257
4117,7.604659635939257
4118,9.55364064321046
4119,8.999999985
4120,7.604659635939257
4121,9.071428569183675
4122,7.604659635939257
4123,10.0
4124,8.75
4125,7.604659635939257
4126,7.604659635939257
4127,7.604659635939257
4128,7.604659635939257
4129,7.604659635939257
4130,7.604659635939257
4131,8.0
4132,7.604659635939257
4133,6.0
4134,7.604659635939257
4135,7.0
4136,7.604659635939257
4137,7.604659635939257
4138,8.0
4139,7.604659635939257
4140,7.604659635939257
4141,8.0
4142,7.604659635939257
4143,8.0
4144,7.0
4145,8.415178355857057
4146,7.338403910564299
4147,7.604659635939257
4148,7.604659635939257
4149,7.604659635939257
4150,7.604659635939257
4151,7.604659635939257
4152,10.0
4153,5.00000001
4154,7.604659635939257
4155,8.0
4156,7.604659635939257
4157,7.604659635939257
4158,7.604659635939257
4159,5.0
4160,9.166666665555555
4161,7.604659635939257
4162,7.604659635939257
4163,7.604659635939257
4164,7.8635540937069806
4165,8.0
4166,7.604659635939257
4167,7.604659635939257
4168,7.604659635939257
4169,7.604659635939257
4170,7.604659635939257
4171,7.604659635939257
4172,7.604659635939257
4173,8.0
4174,7.604659635939257
4175,7.604659635939257
4176,9.000000000000002
4177,7.604659635939257
4178,7.604659635939257
4179,7.604659635939257
4180,7.604659635939257
4181,7.604659635939257
4182,7.0
4183,7.75
4184,7.604659635939257
4185,7.604659635939257
4186,7.604659635939257
4187,9.0
4188,9.999999977
4189,7.604659635939257
4190,7.0
4191,9.0
4192,6.5000000025
4193,8.0
4194,8.0
4195,7.0
4196,7.604659635939257
4197,8.0
4198,7.604659635939257
4199,7.604659635939257
4200,7.604659635939257
4201,7.2251482256821316
4202,8.999999965
4203,8.649116011052188
4204,9.999999995
4205,8.25
4206,7.0
4207,7.604659635939257
4208,8.0
4209,9.0
4210,7.604659635939257
4211,7.604659635939257
4212,8.0
4213,7.604659635939257
4214,8.0
4215,7.604659635939257
4216,7.604659635939257
4217,5.0
4218,9.999999999999998
4219,7.604659635939257
4220,7.604659635939257
4221,9.2000000004
4222,7.604659635939257
4223,8.0
4224,8.0
4225,8.840320801739908
4226,7.0
4227,7.604659635939257
4228,5.0
4229,7.604659635939257
4230,7.604659635939257
4231,7.604659635939257
4232,7.604659635939257
4233,10.0
4234,7.604659635939257
4235,9.0
4236,7.604659635939257
4237,7.749999999999999
4238,7.604659635939257
4239,9.0
4240,7.604659635939257
4241,8.0
4242,7.000000005
4243,7.604659635939257
4244,9.333333334444443
4245,9.0
4246,7.604659635939257
4247,7.604659635939257
4248,7.604659635939257
4249,4.000000060975696
4250,8.999999994
4251,7.604659635939257
4252,7.604659635939257
4253,7.604659635939257
4254,7.604659635939257
4255,7.604659635939257
4256,8.0
4257,7.604659635939257
4258,6.333333334444443
4259,8.0
4260,7.0
4261,7.604659635939257
4262,8.857142853571428
4263,8.0
4264,7.604659635939257
4265,7.604659635939257
4266,7.999999975000001
4267,8.0
4268,6.0
4269,9.999999970000001
4270,8.0
4271,7.604659635939257
4272,7.604659635939257
4273,7.58578643712438
4274,7.604659635939257
4275,7.604659635939257
4276,7.604659635939257
4277,7.604659635939257
4278,7.8619288129957665
4279,7.604659635939257
4280,6.909090908512396
4281,7.604659635939257
4282,7.604659635939257
4283,9.555555552592592
4284,7.604659635939257
4285,5.000000059999998
4286,7.604659635939257
4287,7.604659635939257
4288,7.604659635939257
4289,7.604659635939257
4290,9.000000001666667
4291,8.0
4292,7.604659635939257
4293,7.604659635939257
4294,7.604659635939257
4295,8.99999999152369
4296,7.604659635939257
4297,7.9999999961359345
4298,7.604659635939257
4299,7.604659635939257
4300,7.604659635939257
4301,7.604659635939257
4302,7.604659635939257
4303,6.895000684194016
4304,8.400000000799999
4305,7.999999977071069
4306,7.604659635939257
4307,7.604659635939257
4308,7.604659635939257
4309,5.508931420349897
4310,7.604659635939257
4311,6.000000024999999
4312,7.604659635939257
4313,7.604659635939257
4314,6.0
4315,8.190743570238517
4316,7.604659635939257
4317,7.0
4318,7.604659635939257
4319,7.0
4320,7.604659635939257
4321,7.604659635939257
4322,7.604659635939257
4323,7.604659635939257
4324,8.0
4325,7.604659635939257
4326,7.604659635939257
4327,8.0
4328,7.604659635939257
4329,7.604659635939257
4330,7.604659635939257
4331,5.0
4332,7.604659635939257
4333,7.604659635939257
4334,7.604659635939257
4335,8.0
4336,7.604659635939257
4337,7.604659635939257
4338,7.604659635939257
4339,8.0
4340,7.604659635939257
4341,7.604659635939257
4342,7.6536096781089284
4343,8.0
4344,7.604659635939257
4345,7.604659635939257
4346,8.0
4347,7.604659635939257
4348,8.0
4349,7.604659635939257
4350,9.1375369775841
4351,7.604659635939257
4352,7.604659635939257
4353,7.604659635939257
4354,7.604659635939257
4355,7.5379726936529945
4356,7.604659635939257
4357,7.604659635939257
4358,7.604659635939257
4359,8.0
4360,7.604659635939257
4361,4.999999999999999
4362,8.0
4363,8.357774721409406
4364,7.0
4365,8.658554181568128
4366,8.0
4367,7.0
4368,7.604659635939257
4369,7.0
4370,7.604659635939257
4371,7.604659635939257
4372,7.604659635939257
4373,7.604659635939257
4374,7.604659635939257
4375,7.604659635939257
4376,8.49999999
4377,7.604659635939257
4378,8.0
4379,7.604659635939257
4380,8.0
4381,8.0
4382,7.604659635939257
4383,9.5
4384,7.604659635939257
4385,7.604659635939257
4386,7.0
4387,8.0
4388,7.604659635939257
4389,8.317889084783769
4390,7.604659635939257
4391,7.604659635939257
4392,7.604659635939257
4393,7.604659635939257
4394,7.604659635939257
4395,9.0
4396,7.604659635939257
4397,7.000000000000001
4398,7.604659635939257
4399,8.0
4400,7.5
4401,7.333333338888889
4402,7.604659635939257
4403,7.604659635939257
4404,8.0
4405,7.604659635939257
4406,8.0
4407,7.604659635939257
4408,6.4516129016024975
4409,7.604659635939257
4410,7.604659635939257
4411,7.666666665555555
4412,7.604659635939257
4413,10.0
4414,8.0
4415,7.604659635939257
4416,7.604659635939257
4417,9.999999965
4418,7.604659635939257
4419,7.604659635939257
4420,8.0
4421,7.604659635939257
4422,7.604659635939257
4423,8.0
4424,9.999999997278344
4425,7.436541905389628
4426,7.604659635939257
4427,7.0
4428,7.604659635939257
4429,7.604659635939257
4430,7.604659635939257
4431,7.604659635939257
4432,7.604659635939257
4433,8.0
4434,7.604659635939257
4435,7.0
4436,7.000000059999999
4437,7.604659635939257
4438,7.604659635939257
4439,7.604659635939257
4440,7.500000009999999
4441,7.604659635939257
4442,7.604659635939257
4443,7.604659635939257
4444,7.604659635939257
4445,7.604659635939257
4446,7.604659635939257
4447,7.604659635939257
4448,8.999999960000002
4449,10.000000000000002
4450,8.508955306890458
4451,7.604659635939257
4452,7.604659635939257
4453,8.0
4454,7.604659635939257
4455,7.604659635939257
4456,7.604659635939257
4457,8.0
4458,9.000000003333334
4459,7.604659635939257
4460,7.604659635939257
4461,7.604659635939257
4462,8.0
4463,7.0
4464,7.604659635939257
4465,7.604659635939257
4466,7.461538461035503
4467,7.604659635939257
4468,7.604659635939257
4469,8.754551919787442
4470,7.604659635939257
4471,7.142135621092058
4472,7.604659635939257
4473,7.0
4474,7.604659635939257
4475,7.604659635939257
4476,7.604659635939257
4477,7.604659635939257
4478,7.604659635939257
4479,7.604659635939257
4480,4.833333327777778
4481,7.604659635939257
4482,7.604659635939257
4483,7.604659635939257
4484,8.0
4485,9.0
4486,7.604659635939257
4487,5.000000036666666
4488,7.604659635939257
4489,9.999999999999998
4490,8.546661486034665
4491,6.5
4492,7.604659635939257
4493,7.604659635939257
4494,7.604659635939257
4495,8.0
4496,7.604659635939257
4497,7.604659635939257
4498,7.604659635939257
4499,7.604659635939257
4500,6.0
4501,9.99999999
4502,7.000000019999999
4503,7.604659635939257
4504,7.0
4505,6.0
4506,7.604659635939257
4507,7.604659635939257
4508,7.99999997
4509,7.604659635939257
4510,7.604659635939257
4511,7.604659635939257
4512,7.604659635939257
4513,7.604659635939257
4514,7.604659635939257
4515,9.333333332222223
4516,7.604659635939257
4517,7.604659635939257
4518,7.604659635939257
4519,7.604659635939257
4520,7.604659635939257
4521,9.0
4522,7.604659635939257
4523,7.604659635939257
4524,7.604659635939257
4525,7.604659635939257
4526,7.604659635939257
4527,7.0
4528,7.604659635939257
4529,7.000000018416408
4530,7.604659635939257
4531,7.604659635939257
4532,7.604659635939257
4533,7.604659635939257
4534,7.604659635939257
4535,7.604659635939257
4536,7.604659635939257
4537,8.0
4538,7.604659635939257
4539,8.0
4540,7.604659635939257
4541,7.604659635939257
4542,7.604659635939257
4543,8.0
4544,7.604659635939257
4545,9.49999998125
4546,7.604659635939257
4547,7.604659635939257
4548,7.272727273884298
4549,7.604659635939257
4550,4.0
4551,8.0
4552,8.0
4553,6.0
4554,7.604659635939257
4555,7.604659635939257
4556,7.604659635939257
4557,7.0
4558,7.604659635939257
4559,9.0
4560,7.604659635939257
4561,7.604659635939257
4562,7.604659635939257
4563,7.604659635939257
4564,7.604659635939257
4565,7.604659635939257
4566,8.666666667222222
4567,7.604659635939257
4568,7.604659635939257
4569,7.604659635939257
4570,9.000000003333334
4571,10.0
4572,7.604659635939257
4573,7.604659635939257
4574,7.604659635939257
4575,7.604659635939257
4576,7.0
4577,7.604659635939257
4578,7.604659635939257
4579,7.604659635939257
4580,7.604659635939257
4581,8.0
4582,7.604659635939257
4583,7.604659635939257
4584,8.000000001666667
4585,9.142857143469387
4586,7.604659635939257
4587,7.604659635939257
4588,8.0
4589,7.604659635939257
4590,7.604659635939257
4591,7.782870725816276
4592,7.0000000144721355
4593,7.604659635939257
4594,6.000000011498299
4595,7.604659635939257
4596,8.0
4597,8.0
4598,8.0
4599,7.604659635939257
4600,7.604659635939257
4601,7.604659635939257
4602,5.0
4603,7.604659635939257
4604,8.66666666722222
4605,7.604659635939257
4606,9.0
4607,9.99999998
4608,7.604659635939257
4609,5.499999996666667
4610,7.604659635939257
4611,7.604659635939257
4612,7.604659635939257
4613,7.604659635939257
4614,7.604659635939257
4615,7.604659635939257
4616,7.604659635939257
4617,7.604659635939257
4618,8.800000000799999
4619,7.604659635939257
4620,8.894791334391652
4621,8.0
4622,7.604659635939257
4623,7.604659635939257
4624,7.604659635939257
4625,8.0
4626,7.604659635939257
4627,7.604659635939257
4628,7.604659635939257
4629,8.0
4630,7.604659635939257
4631,7.604659635939257
4632,7.604659635939257
4633,7.604659635939257
4634,7.604659635939257
4635,7.604659635939257
4636,7.0
4637,7.604659635939257
4638,8.999999993333335
4639,6.6791031092695015
4640,7.604659635939257
4641,7.604659635939257
4642,8.530899904720203
4643,9.0
4644,8.83333333361111
4645,5.0000000031622776
4646,10.0
4647,8.0
4648,9.0
4649,7.604659635939257
4650,7.604659635939257
4651,6.0
4652,10.0
4653,7.604659635939257
4654,7.604659635939257
4655,8.0
4656,7.604659635939257
4657,7.604659635939257
4658,7.604659635939257
4659,7.604659635939257
4660,7.604659635939257
4661,7.604659635939257
4662,7.604659635939257
4663,7.604659635939257
4664,7.604659635939257
4665,8.0
4666,7.604659635939257
4667,7.0
4668,8.0
4669,7.604659635939257
4670,7.25
4671,7.604659635939257
4672,9.000000005340981
4673,6.5
4674,7.604659635939257
4675,7.604659635939257
4676,9.0
4677,8.0
4678,7.604659635939257
4679,7.604659635939257
4680,7.604659635939257
4681,7.604659635939257
4682,7.0
4683,7.604659635939257
4684,10.0
4685,7.604659635939257
4686,8.0
4687,7.0
4688,7.604659635939257
4689,7.0
4690,7.604659635939257
4691,7.604659635939257
4692,7.604659635939257
4693,7.604659635939257
4694,7.604659635939257
4695,7.604659635939257
4696,8.0
4697,7.604659635939257
4698,8.999999991464467
4699,7.604659635939257
4700,7.856406461320534
4701,8.499999996830127
4702,7.604659635939257
4703,7.604659635939257
4704,7.604659635939257
4705,7.8331129800721495
4706,7.604659635939257
4707,7.500000001677051
4708,7.604659635939257
4709,8.0
4710,7.0
4711,7.604659635939257
4712,7.0000000075
4713,8.0
4714,8.0
4715,7.604659635939257
4716,7.604659635939257
4717,7.604659635939257
4718,7.604659635939257
4719,7.604659635939257
4720,8.0
4721,7.604659635939257
4722,9.0
4723,7.604659635939257
4724,7.604659635939257
4725,8.240848018540527
4726,7.604659635939257
4727,8.0
4728,10.0
4729,8.999999993333335
4730,7.604659635939257
4731,3.0000000549999997
4732,7.0
4733,8.0
4734,7.604659635939257
4735,8.0
4736,7.0
4737,7.604659635939257
4738,5.000000030000001
4739,7.604659635939257
4740,10.000000000000002
4741,7.604659635939257
4742,7.9999999975
4743,8.0
4744,7.604659635939257
4745,7.604659635939257
4746,7.604659635939257
4747,7.0
4748,7.0
4749,6.499999997500001
4750,9.999999985
4751,7.604659635939257
4752,7.604659635939257
4753,7.604659635939257
4754,7.604659635939257
4755,8.0
4756,7.604659635939257
4757,7.604659635939257
4758,7.604659635939257
4759,8.0
4760,8.0
4761,7.604659635939257
4762,7.604659635939257
4763,5.0
4764,7.604659635939257
4765,7.604659635939257
4766,7.604659635939257
4767,8.0
4768,7.604659635939257
4769,7.604659635939257
4770,7.604659635939257
4771,7.604659635939257
4772,8.0
4773,7.604659635939257
4774,6.571428576428571
4775,7.604659635939257
4776,7.604659635939257
4777,7.604659635939257
4778,7.604659635939257
4779,8.645934074042858
4780,8.0
4781,7.604659635939257
4782,6.0
4783,8.0
4784,7.604659635939257
4785,7.604659635939257
4786,9.499999975
4787,7.604659635939257
4788,7.604659635939257
4789,7.604659635939257
4790,7.000000000000001
4791,7.887803104372053
4792,8.0
4793,7.0
4794,7.604659635939257
4795,7.604659635939257
4796,8.0
4797,7.0
4798,7.604659635939257
4799,7.604659635939257
4800,8.0
4801,7.604659635939257
4802,8.0
4803,7.604659635939257
4804,7.604659635939257
4805,7.604659635939257
4806,7.604659635939257
4807,7.604659635939257
4808,7.0
4809,7.7999999992
4810,7.604659635939257
4811,8.0
4812,7.604659635939257
4813,8.000000006666667
4814,7.604659635939257
4815,7.604659635939257
4816,7.604659635939257
4817,4.0000000134164075
4818,7.2999999998
4819,7.604659635939257
4820,8.0
4821,8.283353413382104
4822,8.0
4823,8.640359745554726
4824,7.604659635939257
4825,8.0
4826,7.604659635939257
4827,7.604659635939257
4828,7.604659635939257
4829,7.604659635939257
4830,7.604659635939257
4831,7.604659635939257
4832,7.604659635939257
4833,9.0
4834,7.604659635939257
4835,7.500000019999999
4836,7.0
4837,7.604659635939257
4838,8.307811920770474
4839,9.999999999999998
4840,7.604659635939257
4841,7.604659635939257
4842,8.0
4843,7.604659635939257
4844,10.0
4845,7.604659635939257
4846,7.604659635939257
4847,8.0
4848,8.75
4849,9.999999999999998
4850,7.604659635939257
4851,7.0
4852,7.0
4853,7.604659635939257
4854,7.604659635939257
4855,7.2857142856122445
4856,7.604659635939257
4857,7.604659635939257
4858,8.0
4859,7.0
4860,7.0
4861,7.000000009999999
4862,8.0
4863,7.604659635939257
4864,8.0
4865,7.604659635939257
4866,7.604659635939257
4867,7.604659635939257
4868,6.0
4869,7.604659635939257
4870,6.0
4871,7.604659635939257
4872,7.604659635939257
4873,7.604659635939257
4874,7.604659635939257
4875,7.0
4876,9.999999999999998
4877,7.604659635939257
4878,7.604659635939257
4879,7.0
4880,7.604659635939257
4881,7.604659635939257
4882,9.5
4883,6.338469411945329
4884,6.999999997397607
4885,7.604659635939257
4886,8.25
4887,7.604659635939257
4888,7.604659635939257
4889,7.604659635939257
4890,7.604659635939257
4891,7.604659635939257
4892,7.604659635939257
4893,7.604659635939257
4894,7.604659635939257
4895,7.604659635939257
4896,7.604659635939257
4897,7.604659635939257
4898,7.604659635939257
4899,7.0
4900,8.0
4901,7.604659635939257
4902,7.604659635939257
4903,7.604659635939257
4904,8.000000029999999
4905,7.604659635939257
4906,7.604659635939257
4907,7.604659635939257
4908,7.604659635939257
4909,5.0
4910,10.0
4911,8.00000002
4912,8.0
4913,7.604659635939257
4914,8.749999993750002
4915,7.604659635939257
4916,8.0
4917,7.604659635939257
4918,8.400000000799999
4919,8.999999978333335
4920,7.604659635939257
4921,6.655164585867227
4922,7.604659635939257
4923,7.604659635939257
4924,7.0
4925,9.999999920000004
4926,3.9999999933333332
4927,9.999999995
4928,7.604659635939257
4929,7.604659635939257
4930,7.604659635939257
4931,7.604659635939257
4932,7.604659635939257
4933,8.408368264294436
4934,7.604659635939257
4935,8.0
4936,9.0
4937,7.604659635939257
4938,7.0
4939,7.604659635939257
4940,8.0
4941,7.604659635939257
4942,7.604659635939257
4943,8.000000014142136
4944,8.0
4945,10.0
4946,7.604659635939257
4947,7.0
4948,8.0
4949,7.604659635939257
4950,7.0
4951,8.0
4952,7.604659635939257
4953,7.604659635939257
4954,8.0
4955,7.604659635939257
4956,7.604659635939257
4957,7.604659635939257
4958,4.0
4959,10.0
4960,6.870268091819091
4961,7.604659635939257
4962,7.604659635939257
4963,7.604659635939257
4964,7.604659635939257
4965,7.604659635939257
4966,7.604659635939257
4967,7.0
4968,9.702672077397455
4969,7.604659635939257
4970,5.0000000125
4971,8.188765108152415
4972,8.06048836770747
4973,6.49999999625
4974,7.604659635939257
4975,7.604659635939257
4976,7.604659635939257
4977,7.00000003
4978,8.0
4979,8.0
4980,7.604659635939257
4981,8.0
4982,7.604659635939257
4983,7.604659635939257
4984,7.604659635939257
4985,7.604659635939257
4986,9.5999999976
4987,7.25
4988,7.604659635939257
4989,8.0
4990,7.604659635939257
4991,7.0
4992,5.400000011133333
4993,7.604659635939257
4994,7.742636470756727
4995,7.177124343347712
4996,8.0
4997,8.0
4998,7.0
4999,7.604659635939257
5000,7.0
5001,7.604659635939257
5002,8.00000002
5003,7.604659635939257
5004,7.604659635939257
5005,7.604659635939257
5006,7.604659635939257
5007,7.604659635939257
5008,10.0
5009,7.604659635939257
5010,10.0
5011,7.604659635939257
5012,8.200000000800001
5013,7.604659635939257
5014,7.604659635939257
5015,7.604659635939257
5016,8.333333315555556
5017,10.0
5018,8.0
5019,6.500000009999999
5020,7.831126191179847
5021,7.604659635939257
5022,7.604659635939257
5023,7.604659635939257
5024,8.0
5025,7.604659635939257
5026,7.604659635939257
5027,7.604659635939257
5028,7.604659635939257
5029,6.000000062888542
5030,8.0
5031,7.604659635939257
5032,7.604659635939257
5033,7.604659635939257
5034,7.604659635939257
5035,7.604659635939257
5036,7.604659635939257
5037,7.604659635939257
5038,7.604659635939257
5039,7.604659635939257
5040,7.0
5041,7.999999999090909
5042,7.604659635939257
5043,6.99999998
5044,7.0
5045,7.604659635939257
5046,9.999999940000004
5047,9.999999988456796
5048,7.604659635939257
5049,7.604659635939257
5050,7.604659635939257
5051,7.604659635939257
5052,7.604659635939257
5053,7.604659635939257
5054,4.0
5055,8.0
5056,8.0
5057,7.604659635939257
5058,7.604659635939257
5059,9.499999995
5060,7.604659635939257
5061,8.0
5062,7.743222823213741
5063,7.604659635939257
5064,8.0
5065,7.604659635939257
5066,5.0
5067,7.604659635939257
5068,7.604659635939257
5069,7.604659635939257
5070,8.0
5071,7.6533232293833375
5072,7.604659635939257
5073,7.604659635939257
5074,7.604659635939257
5075,7.604659635939257
5076,7.604659635939257
5077,10.0
5078,7.604659635939257
5079,8.0
5080,5.000000065355338
5081,8.0
5082,8.000000003333334
5083,7.604659635939257
5084,8.0
5085,7.604659635939257
5086,7.0
5087,7.604659635939257
5088,7.604659635939257
5089,9.999999928786801
5090,6.499999995909831
5091,6.9999999975
5092,8.0
5093,7.0
5094,7.604659635939257
5095,7.604659635939257
5096,7.604659635939257
5097,7.604659635939257
5098,7.604659635939257
5099,7.604659635939257
5100,7.604659635939257
5101,7.604659635939257
5102,7.0
5103,7.604659635939257
5104,7.604659635939257
5105,9.999999990000001
5106,7.728807620213191
5107,7.0
5108,9.999999999999998
5109,7.500000004999999
5110,7.604659635939257
5111,7.0
5112,7.604659635939257
5113,7.604659635939257
5114,7.604659635939257
5115,7.604659635939257
5116,7.307692306449703
5117,7.604659635939257
5118,7.604659635939257
5119,8.0
5120,7.604659635939257
5121,8.0
5122,7.604659635939257
5123,7.604659635939257
5124,6.999999998282228
5125,7.604659635939257
5126,8.0
5127,8.99999999
5128,7.0
5129,10.0
5130,7.604659635939257
5131,9.160324414520934
5132,8.000000015
5133,7.604659635939257
5134,7.604659635939257
5135,7.428571428979591
5136,7.604659635939257
5137,7.604659635939257
5138,7.604659635939257
5139,7.604659635939257
5140,7.113025141229253
5141,6.0
5142,7.604659635939257
5143,7.604659635939257
5144,5.000000000000001
5145,8.0
5146,7.604659635939257
5147,10.0
5148,7.604659635939257
5149,7.604659635939257
5150,7.604659635939257
5151,9.036449749158905
5152,9.333333325555556
5153,7.604659635939257
5154,8.0
5155,7.604659635939257
5156,7.604659635939257
5157,5.0
5158,8.0
5159,7.604659635939257
5160,7.604659635939257
5161,7.5999999996
5162,7.604659635939257
5163,7.604659635939257
5164,7.604659635939257
5165,7.604659635939257
5166,3.000000062247447
5167,7.604659635939257
5168,7.604659635939257
5169,7.604659635939257
5170,9.0
5171,7.604659635939257
5172,7.604659635939257
5173,8.0
5174,8.0
5175,7.604659635939257
5176,7.604659635939257
5177,6.50000001375
5178,7.604659635939257
5179,7.604659635939257
5180,7.604659635939257
5181,8.0
5182,6.0
5183,7.604659635939257
5184,7.604659635939257
5185,7.604659635939257
5186,7.0
5187,7.604659635939257
5188,5.000000083867502
5189,7.604659635939257
5190,7.604659635939257
5191,7.604659635939257
5192,7.000000000000001
5193,9.0
5194,7.604659635939257
5195,8.933034373832545
5196,7.604659635939257
5197,7.604659635939257
5198,7.604659635939257
5199,7.604659635939257
5200,7.604659635939257
5201,9.370415208601083
5202,7.604659635939257
5203,7.0
5204,7.604659635939257
5205,7.604659635939257
5206,10.0
5207,7.604659635939257
5208,7.604659635939257
5209,7.604659635939257
5210,7.604659635939257
5211,10.0
5212,8.603256094688534
5213,7.604659635939257
5214,8.0
5215,7.604659635939257
5216,8.0
5217,7.604659635939257
5218,6.0
5219,8.0
5220,7.604659635939257
5221,9.0
5222,5.0
5223,7.604659635939257
5224,8.99999999
5225,7.604659635939257
5226,7.572122460302315
5227,7.604659635939257
5228,7.000000024999999
5229,7.604659635939257
5230,8.0
5231,7.604659635939257
5232,7.604659635939257
5233,7.604659635939257
5234,7.604659635939257
5235,7.604659635939257
5236,7.0
5237,9.142034873240155
5238,7.604659635939257
5239,7.604659635939257
5240,8.0
5241,7.115626596658368
5242,7.604659635939257
5243,8.0
5244,9.4999999925
5245,7.604659635939257
5246,7.604659635939257
5247,7.3333333255555555
5248,8.5
5249,8.0
5250,7.604659635939257
5251,7.604659635939257
5252,7.604659635939257
5253,7.604659635939257
5254,7.604659635939257
5255,8.0
5256,9.225148226002734
5257,8.33333333388889
5258,8.0
5259,7.604659635939257
5260,5.000000018451543
5261,7.604659635939257
5262,7.604659635939257
5263,7.0
5264,7.0
5265,10.000000000000002
5266,8.0
5267,9.0
5268,7.5999999996
5269,7.604659635939257
5270,8.0
5271,7.604659635939257
5272,8.185508915614726
5273,7.604659635939257
5274,7.604659635939257
5275,7.604659635939257
5276,7.604659635939257
5277,9.773459080126436
5278,5.0
5279,7.604659635939257
5280,7.604659635939257
5281,6.0
5282,7.604659635939257
5283,5.0
5284,7.604659635939257
5285,7.604659635939257
5286,7.604659635939257
5287,7.604659635939257
5288,7.0
5289,9.49999999
5290,7.604659635939257
5291,7.604659635939257
5292,7.0
5293,7.604659635939257
5294,5.836357666266014
5295,7.604659635939257
5296,8.0
5297,6.312300808986156
5298,9.0
5299,7.604659635939257
5300,7.604659635939257
5301,6.496258852518355
5302,6.387425887158934
5303,7.604659635939257
5304,8.0
5305,7.604659635939257
5306,7.604659635939257
5307,7.604659635939257
5308,7.604659635939257
5309,7.604659635939257
5310,7.604659635939257
5311,7.604659635939257
5312,7.604659635939257
5313,7.0
5314,7.604659635939257
5315,7.604659635939257
5316,7.604659635939257
5317,5.999999999999999
5318,7.0
5319,9.999999999999998
5320,8.0
5321,7.604659635939257
5322,7.0
5323,7.604659635939257
5324,7.604659635939257
5325,7.604659635939257
5326,7.604659635939257
5327,5.0
5328,7.604659635939257
5329,7.604659635939257
5330,7.604659635939257
5331,7.604659635939257
5332,8.999999871715735
5333,7.0
5334,7.604659635939257
5335,8.260112764752561
5336,7.604659635939257
5337,9.0
5338,7.604659635939257
5339,7.604659635939257
5340,7.604659635939257
5341,7.000000008571428
5342,8.0
5343,7.604659635939257
5344,7.604659635939257
5345,7.604659635939257
5346,7.604659635939257
5347,7.604659635939257
5348,6.000000007195592
5349,7.604659635939257
5350,7.604659635939257
5351,7.604659635939257
5352,7.604659635939257
5353,10.0
5354,7.604659635939257
5355,7.604659635939257
5356,7.604659635939257
5357,7.604659635939257
5358,7.604659635939257
5359,7.1999999992
5360,8.26855681858373
5361,7.604659635939257
5362,7.604659635939257
5363,7.604659635939257
5364,7.604659635939257
5365,7.604659635939257
5366,7.604659635939257
5367,7.0
5368,7.604659635939257
5369,7.0
5370,7.604659635939257
5371,7.604659635939257
5372,7.604659635939257
5373,7.604659635939257
5374,7.0
5375,7.604659635939257
5376,8.0
5377,7.604659635939257
5378,5.656454619673598
5379,7.604659635939257
5380,7.604659635939257
5381,7.0
5382,7.604659635939257
5383,7.0
5384,8.0
5385,7.604659635939257
5386,7.604659635939257
5387,7.604659635939257
5388,7.604659635939257
5389,7.604659635939257
5390,7.604659635939257
5391,7.604659635939257
5392,8.0
5393,6.571428571632652
5394,8.0
5395,7.604659635939257
5396,7.604659635939257
5397,7.000000000000001
5398,8.666666665555555
5399,7.604659635939257
5400,7.604659635939257
5401,7.604659635939257
5402,9.0
5403,8.664968127897769
5404,7.604659635939257
5405,9.0
5406,7.604659635939257
5407,7.604659635939257
5408,7.604659635939257
5409,7.0
5410,7.604659635939257
5411,8.0
5412,7.604659635939257
5413,7.604659635939257
5414,7.604659635939257
5415,7.604659635939257
5416,7.604659635939257
5417,7.604659635939257
5418,7.604659635939257
5419,8.0
5420,7.604659635939257
5421,7.604659635939257
5422,7.604659635939257
5423,7.604659635939257
5424,7.604659635939257
5425,7.604659635939257
5426,9.99999998
5427,7.604659635939257
5428,7.0
5429,8.0
5430,7.604659635939257
5431,7.999999990000002
5432,8.0
5433,7.604659635939257
5434,8.000000000718888
5435,7.604659635939257
5436,7.654329716814234
5437,7.604659635939257
5438,9.414213562728433
5439,7.604659635939257
5440,6.0
5441,7.604659635939257
5442,7.604659635939257
5443,9.0
5444,9.0
5445,7.604659635939257
5446,9.0
5447,7.604659635939257
5448,7.604659635939257
5449,8.296296295253772
5450,7.604659635939257
5451,7.604659635939257
5452,7.604659635939257
5453,8.999999991666668
5454,6.333333342222222
5455,7.25
5456,7.0
5457,7.0
5458,7.604659635939257
5459,7.604659635939257
5460,7.604659635939257
5461,7.604659635939257
5462,7.604659635939257
5463,7.400000001400001
5464,7.604659635939257
5465,8.0
5466,8.0
5467,7.604659635939257
5468,7.604659635939257
5469,7.604659635939257
5470,7.604659635939257
5471,7.604659635939257
5472,9.0
5473,7.604659635939257
5474,7.604659635939257
5475,7.604659635939257
5476,7.604659635939257
5477,7.604659635939257
5478,7.604659635939257
5479,7.604659635939257
5480,7.604659635939257
5481,7.25
5482,6.49999999
5483,9.999999999999998
5484,10.0
5485,8.0
5486,7.604659635939257
5487,7.604659635939257
5488,5.0
5489,7.604659635939257
5490,7.00000001820987
5491,7.604659635939257
5492,7.94533930624851
5493,8.285714284489798
5494,7.604659635939257
5495,3.0
5496,8.999999999999998
5497,7.604659635939257
5498,7.604659635939257
5499,7.604659635939257
5500,8.00000003
5501,8.0
5502,9.0
5503,6.999999999999999
5504,7.604659635939257
5505,8.0
5506,7.604659635939257
5507,7.604659635939257
5508,7.604659635939257
5509,7.604659635939257
5510,7.604659635939257
5511,7.604659635939257
5512,7.604659635939257
5513,5.0
5514,7.604659635939257
5515,7.604659635939257
5516,10.0
5517,7.604659635939257
5518,7.604659635939257
5519,7.604659635939257
5520,7.0
5521,7.604659635939257
5522,7.604659635939257
5523,8.0
5524,7.604659635939257
5525,8.36602540427482
5526,7.604659635939257
5527,7.066421450639155
5528,7.604659635939257
5529,7.604659635939257
5530,7.604659635939257
5531,7.604659635939257
5532,7.604659635939257
5533,7.604659635939257
5534,7.604659635939257
5535,7.604659635939257
5536,7.604659635939257
5537,7.604659635939257
5538,7.00000002
5539,9.333333332222223
5540,7.604659635939257
5541,8.0
5542,9.0
5543,7.604659635939257
5544,7.604659635939257
5545,7.0
5546,7.604659635939257
5547,10.0
5548,7.604659635939257
5549,7.604659635939257
5550,7.604659635939257
5551,7.604659635939257
5552,9.999999999999998
5553,7.604659635939257
5554,9.999999970000001
5555,7.604659635939257
5556,7.604659635939257
5557,7.604659635939257
5558,8.0
5559,7.604659635939257
5560,7.604659635939257
5561,6.199999999199999
5562,8.0
5563,8.000000018944272
5564,7.604659635939257
5565,7.604659635939257
5566,7.065384247235591
5567,7.604659635939257
5568,7.604659635939257
5569,7.604659635939257
5570,7.604659635939257
5571,8.0
5572,7.604659635939257
5573,8.0
5574,7.604659635939257
5575,7.604659635939257
5576,6.666666664444445
5577,7.604659635939257
5578,6.75
5579,7.604659635939257
5580,7.0
5581,7.604659635939257
5582,7.604659635939257
5583,7.604659635939257
5584,8.0
5585,7.604659635939257
5586,7.604659635939257
5587,7.604659635939257
5588,7.604659635939257
5589,7.604659635939257
5590,9.0
5591,9.0
5592,7.999999950000003
5593,8.026789123224557
5594,7.604659635939257
5595,8.0
5596,7.604659635939257
5597,7.604659635939257
5598,7.604659635939257
5599,7.0
5600,7.604659635939257
5601,8.0
5602,8.0
5603,8.0
5604,8.0
5605,8.0
5606,7.604659635939257
5607,7.604659635939257
5608,9.75
5609,7.604659635939257
5610,7.604659635939257
5611,7.604659635939257
5612,7.604659635939257
5613,10.0
5614,7.604659635939257
5615,9.0
5616,6.603929108725057
5617,7.604659635939257
5618,8.795349924278966
5619,7.604659635939257
5620,7.604659635939257
5621,5.0
5622,8.0
5623,7.604659635939257
5624,8.0
5625,7.604659635939257
5626,7.604659635939257
5627,8.0
5628,7.604659635939257
5629,7.604659635939257
5630,7.604659635939257
5631,8.0
5632,9.75
5633,7.285714284081632
5634,7.604659635939257
5635,7.604659635939257
5636,7.0
5637,9.0
5638,7.604659635939257
5639,7.604659635939257
5640,8.5
5641,7.604659635939257
5642,5.0
5643,5.690983004444712
5644,7.604659635939257
5645,7.0
5646,7.604659635939257
5647,7.604659635939257
5648,5.000000020735393
5649,7.604659635939257
5650,7.604659635939257
5651,7.604659635939257
5652,7.604659635939257
5653,7.604659635939257
5654,9.0
5655,7.604659635939257
5656,7.604659635939257
5657,7.604659635939257
5658,8.0
5659,7.604659635939257
5660,8.0
5661,7.604659635939257
5662,7.42857142897959
5663,7.604659635939257
5664,8.0
5665,7.604659635939257
5666,7.604659635939257
5667,7.0
5668,7.604659635939257
5669,7.604659635939257
5670,8.569452161748721
5671,6.0
5672,7.604659635939257
5673,8.0
5674,8.0
5675,7.604659635939257
5676,7.999999988837524
5677,7.604659635939257
5678,7.604659635939257
5679,7.604659635939257
5680,7.604659635939257
5681,9.999999999999998
5682,7.604659635939257
5683,7.604659635939257
5684,7.604659635939257
5685,7.604659635939257
5686,7.0
5687,7.604659635939257
5688,7.604659635939257
5689,7.604659635939257
5690,5.0
5691,7.604659635939257
5692,7.99999999
5693,7.604659635939257
5694,7.604659635939257
5695,7.604659635939257
5696,7.604659635939257
5697,7.604659635939257
5698,7.604659635939257
5699,6.3333333311111115
5700,7.604659635939257
5701,7.604659635939257
5702,7.604659635939257
5703,7.604659635939257
5704,7.604659635939257
5705,10.0
5706,7.604659635939257
5707,7.604659635939257
5708,3.0000000266666667
5709,10.0
5710,7.604659635939257
5711,7.604659635939257
5712,7.604659635939257
5713,7.604659635939257
5714,7.166507729909117
5715,7.604659635939257
5716,7.604659635939257
5717,7.604659635939257
5718,7.604659635939257
5719,7.0
5720,7.604659635939257
5721,10.0
5722,7.604659635939257
5723,7.604659635939257
5724,7.604659635939257
5725,7.604659635939257
5726,5.800000000799999
5727,7.748178021328128
5728,10.0
5729,7.604659635939257
5730,7.604659635939257
5731,7.604659635939257
5732,7.604659635939257
5733,6.954382016023233
5734,7.999999996666666
5735,7.604659635939257
5736,7.604659635939257
5737,7.604659635939257
5738,7.604659635939257
5739,7.604659635939257
5740,7.604659635939257
5741,7.604659635939257
5742,7.604659635939257
5743,7.604659635939257
5744,7.604659635939257
5745,7.000000001414214
5746,8.000000008143047
5747,7.604659635939257
5748,7.0
5749,7.604659635939257
5750,8.0
5751,8.999999976666668
5752,7.604659635939257
5753,7.759746925399859
5754,7.604659635939257
5755,7.604659635939257
5756,7.604659635939257
5757,7.999999965000002
5758,7.000000011152207
5759,7.0
5760,7.604659635939257
5761,7.604659635939257
5762,7.604659635939257
5763,7.604659635939257
5764,7.604659635939257
5765,7.000000014999999
5766,7.604659635939257
5767,8.0
5768,5.0
5769,7.327687602490269
5770,7.666666668654283
5771,7.604659635939257
5772,7.604659635939257
5773,7.604659635939257
5774,8.0
5775,7.604659635939257
5776,7.604659635939257
5777,7.604659635939257
5778,6.75000000375
5779,7.604659635939257
5780,7.604659635939257
5781,8.0
5782,8.0
5783,7.0
5784,7.75
5785,7.604659635939257
5786,7.604659635939257
5787,6.0
5788,8.0
5789,7.604659635939257
5790,7.604659635939257
5791,7.604659635939257
5792,5.575593737720411
5793,7.604659635939257
5794,10.0
5795,8.0
5796,7.604659635939257
5797,7.604659635939257
5798,7.604659635939257
5799,7.604659635939257
5800,7.857142856530611
5801,8.0
5802,7.806917851210878
5803,7.604659635939257
5804,7.0
5805,7.604659635939257
5806,7.604659635939257
5807,9.000000005
5808,10.0
5809,10.0
5810,8.30901699448766
5811,7.604659635939257
5812,7.604659635939257
5813,6.984587211819221
5814,7.604659635939257
5815,7.604659635939257
5816,7.000000034142135
5817,8.999999993333333
5818,7.0
5819,7.604659635939257
5820,8.434258548367445
5821,7.0
5822,7.604659635939257
5823,7.604659635939257
5824,7.99999998735089
5825,7.604659635939257
5826,7.604659635939257
5827,7.604659635939257
5828,8.0
5829,7.604659635939257
5830,7.604659635939257
5831,7.604659635939257
5832,7.604659635939257
5833,7.0
5834,6.0
5835,8.0
5836,7.604659635939257
5837,7.604659635939257
5838,7.604659635939257
5839,7.604659635939257
5840,7.00000002
5841,8.0
5842,7.604659635939257
5843,7.000000000000001
5844,7.604659635939257
5845,8.0
5846,7.604659635939257
5847,7.604659635939257
5848,7.604659635939257
5849,9.00000001
5850,7.0
5851,7.604659635939257
5852,7.604659635939257
5853,6.772765278325787
5854,7.604659635939257
5855,9.999999990000001
5856,9.0
5857,8.0
5858,7.604659635939257
5859,8.675410679957439
5860,7.604659635939257
5861,4.75
5862,8.0
5863,7.0
5864,8.0
5865,7.0
5866,7.066740905636048
5867,8.0
5868,7.604659635939257
5869,7.604659635939257
5870,8.0
5871,7.604659635939257
5872,10.0
5873,9.0
5874,7.604659635939257
5875,7.604659635939257
5876,8.0
5877,7.604659635939257
5878,7.9999999950000005
5879,8.999999975000001
5880,7.604659635939257
5881,8.816749049000459
5882,8.0
5883,6.0
5884,7.604659635939257
5885,7.604659635939257
5886,7.604659635939257
5887,7.604659635939257
5888,8.123899344031267
5889,8.0
5890,9.999999978097302
5891,7.604659635939257
5892,6.0
5893,7.604659635939257
5894,8.0
5895,7.604659635939257
5896,7.604659635939257
5897,7.604659635939257
5898,7.604659635939257
5899,7.604659635939257
5900,7.604659635939257
5901,7.999999950000003
5902,7.604659635939257
5903,8.5
5904,7.604659635939257
5905,10.0
5906,7.604659635939257
5907,7.604659635939257
5908,7.604659635939257
5909,7.604659635939257
5910,7.604659635939257
5911,7.604659635939257
5912,7.0
5913,7.0
5914,7.669721796043852
5915,7.0
5916,7.604659635939257
5917,7.604659635939257
5918,7.0
5919,7.604659635939257
5920,7.604659635939257
5921,10.0
5922,6.0
5923,9.166666667777777
5924,7.604659635939257
5925,7.604659635939257
5926,7.604659635939257
5927,8.642857144081633
5928,7.604659635939257
5929,7.604659635939257
5930,7.604659635939257
5931,7.604659635939257
5932,7.604659635939257
5933,7.604659635939257
5934,7.604659635939257
5935,8.0
5936,8.630370598261313
5937,4.000000020094568
5938,10.0
5939,5.0
5940,7.604659635939257
5941,7.604659635939257
5942,7.604659635939257
5943,7.604659635939257
5944,9.183182757609897
5945,7.604659635939257
5946,7.604659635939257
5947,7.604659635939257
5948,7.604659635939257
5949,7.604659635939257
5950,7.604659635939257
5951,7.604659635939257
5952,6.0
5953,7.604659635939257
5954,7.604659635939257
5955,7.604659635939257
5956,7.604659635939257
5957,9.000000004999999
5958,6.999999996666666
5959,8.0
5960,8.00000002
5961,7.604659635939257
5962,7.604659635939257
5963,7.604659635939257
5964,7.0
5965,7.604659635939257
5966,7.0
5967,7.604659635939257
5968,7.604659635939257
5969,7.604659635939257
5970,8.0
5971,5.999999999999999
5972,9.999999956715731
5973,7.604659635939257
5974,7.604659635939257
5975,7.99999997
5976,7.604659635939257
5977,7.604659635939257
5978,8.0
5979,7.604659635939257
5980,7.00000003
5981,7.604659635939257
5982,7.604659635939257
5983,7.0
5984,7.604659635939257
5985,7.604659635939257
5986,7.604659635939257
5987,6.500000013618034
5988,9.999999970000001
5989,7.604659635939257
5990,9.0
5991,7.604659635939257
5992,7.604659635939257
5993,7.0
5994,7.0
5995,9.333333326111111
5996,6.500000000000001
5997,7.604659635939257
5998,9.0
5999,7.604659635939257
6000,7.604659635939257
6001,7.5
6002,10.0
6003,7.0
6004,7.0
6005,5.5
6006,9.0
6007,7.604659635939257
6008,7.604659635939257
6009,8.0
6010,8.5
6011,8.666666668888888
6012,5.000000109999996
6013,8.0
6014,8.0
6015,8.0
6016,10.000000000000002
6017,7.604659635939257
6018,5.000000050660034
6019,7.604659635939257
6020,7.604659635939257
6021,8.0
6022,9.000000004472136
6023,7.604659635939257
6024,7.604659635939257
6025,7.604659635939257
6026,7.604659635939257
6027,7.604659635939257
6028,8.0
6029,7.604659635939257
6030,8.0
6031,7.604659635939257
6032,7.604659635939257
6033,7.0
6034,8.999999990000001
6035,8.0
6036,8.0
6037,7.604659635939257
6038,7.604659635939257
6039,8.0
6040,7.604659635939257
6041,7.0
6042,7.604659635939257
6043,7.0
6044,7.604659635939257
6045,6.0
6046,7.604659635939257
6047,7.604659635939257
6048,7.604659635939257
6049,7.604659635939257
6050,8.003029733151243
6051,7.604659635939257
6052,7.604659635939257
6053,7.604659635939257
6054,7.604659635939257
6055,7.604659635939257
6056,7.604659635939257
6057,7.604659635939257
6058,9.999999995
6059,8.0
6060,7.604659635939257
6061,7.604659635939257
6062,10.0
6063,7.604659635939257
6064,7.0
6065,8.0
6066,7.604659635939257
6067,8.0
6068,7.604659635939257
6069,7.604659635939257
6070,10.0
6071,7.604659635939257
6072,4.999999999999999
6073,7.604659635939257
6074,8.0
6075,7.604659635939257
6076,7.604659635939257
6077,9.0
6078,7.098976846552998
6079,7.604659635939257
6080,7.604659635939257
6081,7.604659635939257
6082,8.0
6083,9.383575879308964
6084,7.604659635939257
6085,7.604659635939257
6086,7.604659635939257
6087,8.0
6088,7.604659635939257
6089,7.604659635939257
6090,8.0
6091,7.604659635939257
6092,7.604659635939257
6093,9.0
6094,7.604659635939257
6095,7.604659635939257
6096,8.49999999
6097,7.604659635939257
6098,8.0
6099,7.604659635939257
6100,7.604659635939257
6101,7.604659635939257
6102,7.604659635939257
6103,7.604659635939257
6104,8.999999990263932
6105,7.604659635939257
6106,8.000000015
6107,7.604659635939257
6108,7.604659635939257
6109,6.999999997999998
6110,7.604659635939257
6111,10.0
6112,8.999999965
6113,4.999999999999999
6114,9.0
6115,7.604659635939257
6116,8.250000001250001
6117,5.0000000268936775
6118,7.604659635939257
6119,7.604659635939257
6120,7.604659635939257
6121,7.604659635939257
6122,7.604659635939257
6123,7.604659635939257
6124,7.604659635939257
6125,7.604659635939257
6126,7.604659635939257
6127,7.604659635939257
6128,7.604659635939257
6129,7.604659635939257
6130,7.604659635939257
6131,7.604659635939257
6132,8.000000009999999
6133,7.604659635939257
6134,7.604659635939257
6135,7.0
6136,7.0
6137,7.604659635939257
6138,7.604659635939257
6139,7.604659635939257
6140,8.0
6141,7.604659635939257
6142,7.604659635939257
6143,7.421519164797538
6144,7.604659635939257
6145,2.0
6146,8.0
6147,8.0
6148,7.604659635939257
6149,7.604659635939257
6150,7.604659635939257
6151,6.0
6152,7.604659635939257
6153,7.604659635939257
6154,8.844096241285001
6155,7.604659635939257
6156,7.604659635939257
6157,6.163960781645657
6158,8.0
6159,7.604659635939257
6160,7.604659635939257
6161,7.604659635939257
6162,7.604659635939257
6163,9.0
6164,2.0
6165,7.604659635939257
6166,7.604659635939257
6167,7.604659635939257
6168,7.604659635939257
6169,7.604659635939257
6170,8.00000001
6171,7.604659635939257
6172,7.604659635939257
6173,8.0
6174,7.604659635939257
6175,6.6000000016
6176,7.604659635939257
6177,8.0
6178,9.499999997500002
6179,7.604659635939257
6180,7.604659635939257
6181,7.604659635939257
6182,7.604659635939257
6183,6.500000000263159
6184,5.00000004
6185,8.499999995
6186,7.604659635939257
6187,9.0
6188,7.604659635939257
6189,7.0
6190,7.604659635939257
6191,7.604659635939257
6192,8.0
6193,7.604659635939257
6194,9.74999999875
6195,8.4999999925
6196,7.604659635939257
6197,8.000000000000002
6198,7.604659635939257
6199,7.604659635939257
6200,7.604659635939257
6201,6.334220688897536
6202,7.604659635939257
6203,7.604659635939257
6204,8.0
6205,7.604659635939257
6206,7.604659635939257
6207,7.604659635939257
6208,7.604659635939257
6209,9.0
6210,7.25
6211,7.604659635939257
6212,7.0
6213,7.604659635939257
6214,9.085952020755617
6215,6.250000000416667
6216,7.0
6217,7.604659635939257
6218,8.0
6219,5.544660875521392
6220,7.604659635939257
6221,8.0
6222,7.604659635939257
6223,8.0
6224,7.604659635939257
6225,8.222672329020964
6226,7.604659635939257
6227,7.604659635939257
6228,7.604659635939257
6229,7.604659635939257
6230,7.604659635939257
6231,6.00000001
6232,10.0
6233,7.604659635939257
6234,7.604659635939257
6235,7.604659635939257
6236,7.604659635939257
6237,7.0
6238,7.604659635939257
6239,7.604659635939257
6240,7.604659635939257
6241,7.604659635939257
6242,7.604659635939257
6243,8.0
6244,7.604659635939257
6245,8.162277661476804
6246,7.604659635939257
6247,7.454545456322315
6248,7.604659635939257
6249,7.604659635939257
6250,7.604659635939257
6251,7.604659635939257
6252,10.0
6253,7.604659635939257
6254,7.046292754333618
6255,7.604659635939257
6256,7.604659635939257
6257,7.604659635939257
6258,7.604659635939257
6259,7.604659635939257
6260,6.764243095934477
6261,7.604659635939257
6262,7.604659635939257
6263,8.000000015
6264,7.604659635939257
6265,8.0
6266,10.0
6267,6.9999999987596535
6268,8.25
6269,8.000000009999999
6270,7.604659635939257
6271,8.0
6272,7.604659635939257
6273,7.604659635939257
6274,7.500000004999999
6275,8.0
6276,7.604659635939257
6277,7.604659635939257
6278,7.604659635939257
6279,7.604659635939257
6280,7.333333335555555
6281,7.5
6282,7.604659635939257
6283,7.604659635939257
6284,8.0
6285,8.0
6286,8.0
6287,7.604659635939257
6288,7.604659635939257
6289,7.604659635939257
6290,8.0
6291,7.0
6292,7.604659635939257
6293,7.604659635939257
6294,7.604659635939257
6295,7.604659635939257
6296,7.75
6297,7.604659635939257
6298,8.0
6299,7.604659635939257
6300,7.604659635939257
6301,7.604659635939257
6302,7.604659635939257
6303,7.604659635939257
6304,5.000000021213204
6305,7.604659635939257
6306,7.604659635939257
6307,7.604659635939257
6308,7.604659635939257
6309,7.604659635939257
6310,9.665139269703761
6311,7.604659635939257
6312,8.75
6313,6.285714286938775
6314,7.604659635939257
6315,7.604659635939257
6316,10.0
6317,7.604659635939257
6318,8.0
6319,7.604659635939257
6320,8.666666654444445
6321,7.604659635939257
6322,7.604659635939257
6323,7.0
6324,7.604659635939257
6325,8.999999990000001
6326,7.604659635939257
6327,7.604659635939257
6328,7.0
6329,7.604659635939257
6330,8.0
6331,7.0
6332,7.604659635939257
6333,7.604659635939257
6334,7.604659635939257
6335,7.767172098234968
6336,7.604659635939257
6337,7.604659635939257
6338,7.604659635939257
6339,7.604659635939257
6340,9.0
6341,7.604659635939257
6342,5.0
6343,8.999999995
6344,7.604659635939257
6345,7.604659635939257
6346,9.0
6347,7.604659635939257
6348,4.333333341111111
6349,7.604659635939257
6350,7.604659635939257
6351,7.49999999
6352,7.604659635939257
6353,7.604659635939257
6354,6.0
6355,7.604659635939257
6356,7.604659635939257
6357,7.604659635939257
6358,7.604659635939257
6359,7.604659635939257
6360,7.0
6361,7.604659635939257
6362,7.0
6363,7.604659635939257
6364,7.604659635939257
6365,7.256892800011957
6366,7.604659635939257
6367,8.0
6368,7.0
6369,10.0
6370,7.604659635939257
6371,7.604659635939257
6372,9.0
6373,7.604659635939257
6374,7.604659635939257
6375,8.0
6376,7.604659635939257
6377,7.604659635939257
6378,7.604659635939257
6379,7.604659635939257
6380,7.604659635939257
6381,7.604659635939257
6382,7.604659635939257
6383,8.0
6384,7.604659635939257
6385,7.604659635939257
6386,7.308774179724097
6387,7.604659635939257
6388,7.604659635939257
6389,7.0
6390,7.604659635939257
6391,8.31322605980362
6392,7.604659635939257
6393,7.604659635939257
6394,7.604659635939257
6395,7.604659635939257
6396,9.0
6397,7.604659635939257
6398,7.604659635939257
6399,7.604659635939257
6400,7.588235290588235
6401,9.0
6402,1.0
6403,8.000000012194532
6404,7.604659635939257
6405,7.604659635939257
6406,7.604659635939257
6407,7.604659635939257
6408,7.604659635939257
6409,7.604659635939257
6410,7.604659635939257
6411,7.585786436916228
6412,7.604659635939257
6413,8.0
6414,7.604659635939257
6415,9.999999976666668
6416,7.604659635939257
6417,8.570467677801302
6418,7.604659635939257
6419,7.0
6420,8.0
6421,9.999999990000001
6422,8.0
6423,7.0
6424,7.604659635939257
6425,7.0
6426,8.666666667777777
6427,7.604659635939257
6428,7.604659635939257
6429,7.604659635939257
6430,9.028092999597153
6431,7.604659635939257
6432,7.604659635939257
6433,7.604659635939257
6434,7.604659635939257
6435,8.0
6436,7.604659635939257
6437,7.604659635939257
6438,7.604659635939257
6439,7.000000000000001
6440,7.604659635939257
6441,7.513070204833933
6442,7.604659635939257
6443,7.604659635939257
6444,9.0
6445,7.604659635939257
6446,7.0
6447,7.604659635939257
6448,7.604659635939257
6449,7.604659635939257
6450,7.604659635939257
6451,6.5
6452,7.604659635939257
6453,7.604659635939257
6454,7.604659635939257
6455,7.604659635939257
6456,8.999999990000003
6457,7.604659635939257
6458,8.0
6459,7.0
6460,7.604659635939257
6461,7.604659635939257
6462,8.99999998
6463,5.0000000197409635
6464,9.999999999999998
6465,7.604659635939257
6466,7.0
6467,7.604659635939257
6468,10.0
6469,7.604659635939257
6470,9.0
6471,7.0
6472,7.604659635939257
6473,7.604659635939257
6474,7.604659635939257
6475,9.0
6476,7.604659635939257
6477,7.604659635939257
6478,7.604659635939257
6479,4.0
6480,7.604659635939257
6481,9.999999985
6482,7.41421356287562
6483,8.0
6484,8.0
6485,7.604659635939257
6486,10.0
6487,8.0
6488,8.0
6489,7.604659635939257
6490,7.795686001053296
6491,7.604659635939257
6492,7.550575002128126
6493,7.604659635939257
6494,7.604659635939257
6495,7.60667408846761
6496,7.000000000000001
6497,8.0
6498,7.604659635939257
6499,8.999999960000002
6500,7.604659635939257
6501,7.604659635939257
6502,8.0
6503,7.604659635939257
6504,7.604659635939257
6505,7.604659635939257
6506,7.0
6507,7.604659635939257
6508,7.604659635939257
6509,9.1495390330114
6510,7.604659635939257
6511,7.604659635939257
6512,8.0
6513,7.0
6514,7.604659635939257
6515,7.604659635939257
6516,7.604659635939257
6517,7.604659635939257
6518,7.0
6519,5.000000069999999
6520,7.604659635939257
6521,7.604659635939257
6522,7.604659635939257
6523,7.604659635939257
6524,8.0
6525,8.0
6526,7.604659635939257
6527,8.0
6528,7.604659635939257
6529,7.604659635939257
6530,7.604659635939257
6531,7.604659635939257
6532,7.604659635939257
6533,8.0
6534,7.604659635939257
6535,8.306457855013555
6536,7.604659635939257
6537,7.604659635939257
6538,7.604659635939257
6539,8.0
6540,7.604659635939257
6541,7.604659635939257
6542,6.80521568331825
6543,7.604659635939257
6544,7.604659635939257
6545,7.604659635939257
6546,8.0
6547,7.604659635939257
6548,8.5
6549,7.0
6550,7.604659635939257
6551,4.999999999999999
6552,7.604659635939257
6553,8.0
6554,7.604659635939257
6555,7.604659635939257
6556,6.000000020892556
6557,7.604659635939257
6558,6.25
6559,7.604659635939257
6560,7.604659635939257
6561,7.4142135630837736
6562,7.0
6563,8.0
6564,6.923495156653606
6565,7.604659635939257
6566,7.604659635939257
6567,7.604659635939257
6568,7.604659635939257
6569,8.0
6570,9.23776054386241
6571,8.0
6572,7.604659635939257
6573,7.604659635939257
6574,7.604659635939257
6575,7.604659635939257
6576,7.604659635939257
6577,7.604659635939257
6578,7.0
6579,7.604659635939257
6580,7.604659635939257
6581,7.604659635939257
6582,7.604659635939257
6583,9.0
6584,8.00000002
6585,7.604659635939257
6586,7.604659635939257
6587,7.604659635939257
6588,7.604659635939257
6589,9.999999999999998
6590,7.604659635939257
6591,7.604659635939257
6592,8.0
6593,7.604659635939257
6594,7.604659635939257
6595,7.604659635939257
6596,7.604659635939257
6597,7.604659635939257
6598,7.604659635939257
6599,7.604659635939257
6600,8.0
6601,7.604659635939257
6602,8.0
6603,7.604659635939257
6604,7.604659635939257
6605,7.604659635939257
6606,7.604659635939257
6607,7.604659635939257
6608,7.604659635939257
6609,7.604659635939257
6610,7.0
6611,7.604659635939257
6612,7.604659635939257
6613,7.604659635939257
6614,8.0
6615,7.604659635939257
6616,7.604659635939257
6617,7.604659635939257
6618,7.604659635939257
6619,7.604659635939257
6620,7.604659635939257
6621,8.0
6622,8.999999982524532
6623,10.0
6624,7.9230525064083395
6625,10.0
6626,7.604659635939257
6627,7.604659635939257
6628,7.604659635939257
6629,7.604659635939257
6630,3.0
6631,7.604659635939257
6632,7.604659635939257
6633,7.604659635939257
6634,7.604659635939257
6635,8.543797051001592
6636,8.0
6637,7.604659635939257
6638,7.604659635939257
6639,6.997424207555291
6640,8.0
6641,7.604659635939257
6642,9.572819836347545
6643,9.0
6644,7.604659635939257
6645,8.0
6646,7.604659635939257
6647,8.99999999
6648,8.0
6649,7.604659635939257
6650,7.604659635939257
6651,7.604659635939257
6652,7.604659635939257
6653,8.0
6654,7.604659635939257
6655,7.604659635939257
6656,7.604659635939257
6657,7.604659635939257
6658,7.999999980000002
6659,7.604659635939257
6660,8.0
6661,7.604659635939257
6662,7.604659635939257
6663,9.0
6664,7.604659635939257
6665,7.604659635939257
6666,5.0
6667,7.604659635939257
6668,5.0
6669,7.604659635939257
6670,7.604659635939257
6671,8.0
6672,7.604659635939257
6673,7.604659635939257
6674,7.604659635939257
6675,8.0
6676,7.0
6677,8.0
6678,7.604659635939257
6679,8.0
6680,7.604659635939257
6681,8.33333333611111
6682,7.604659635939257
6683,8.0
6684,8.0
6685,7.604659635939257
6686,7.0
6687,8.134102828492724
6688,8.0
6689,5.581020301701707
6690,8.0
6691,7.604659635939257
6692,7.604659635939257
6693,8.0
6694,7.604659635939257
6695,7.604659635939257
6696,7.604659635939257
6697,7.604659635939257
6698,6.120784388860284
6699,7.604659635939257
6700,8.99999998
6701,7.604659635939257
6702,7.0
6703,7.604659635939257
6704,7.604659635939257
6705,6.80925642898968
6706,7.604659635939257
6707,7.604659635939257
6708,7.604659635939257
6709,8.0
6710,7.0
6711,7.604659635939257
6712,7.604659635939257
6713,7.604659635939257
6714,7.604659635939257
6715,7.604659635939257
6716,7.604659635939257
6717,7.604659635939257
6718,7.604659635939257
6719,7.0
6720,7.604659635939257
6721,10.0
6722,7.604659635939257
6723,7.604659635939257
6724,5.999999900000004
6725,7.604659635939257
6726,7.604659635939257
6727,9.999999984452998
6728,7.604659635939257
6729,7.604659635939257
6730,8.0
6731,7.604659635939257
6732,7.604659635939257
6733,7.604659635939257
6734,7.604659635939257
6735,7.604659635939257
6736,10.0
6737,8.0
6738,7.604659635939257
6739,7.604659635939257
6740,8.0
6741,10.0
6742,7.0
6743,7.604659635939257
6744,7.604659635939257
6745,7.999999986583593
6746,9.0
6747,7.604659635939257
6748,7.579743368595792
6749,7.604659635939257
6750,7.604659635939257
6751,7.604659635939257
6752,7.604659635939257
6753,7.604659635939257
6754,8.0
6755,7.604659635939257
6756,9.0
6757,7.842312103567092
6758,7.604659635939257
6759,7.604659635939257
6760,8.834482753367421
6761,10.0
6762,8.0
6763,7.604659635939257
6764,7.604659635939257
6765,8.5
6766,8.2977070908103
6767,7.604659635939257
6768,8.0
6769,7.604659635939257
6770,9.999999979999998
6771,7.604659635939257
6772,7.604659635939257
6773,7.0
6774,7.604659635939257
6775,7.604659635939257
6776,7.604659635939257
6777,7.604659635939257
6778,7.604659635939257
6779,7.604659635939257
6780,7.0
6781,7.604659635939257
6782,7.604659635939257
6783,8.0
6784,7.604659635939257
6785,10.0
6786,4.999999999999999
6787,7.604659635939257
6788,7.604659635939257
6789,7.604659635939257
6790,7.604659635939257
6791,7.604659635939257
6792,7.604659635939257
6793,7.604659635939257
6794,8.0
6795,8.0
6796,7.604659635939257
6797,7.604659635939257
6798,7.604659635939257
6799,7.604659635939257
6800,7.604659635939257
6801,7.604659635939257
6802,8.0
6803,8.0
6804,7.604659635939257
6805,7.604659635939257
6806,7.604659635939257
6807,7.604659635939257
6808,8.999999995
6809,8.0
6810,7.604659635939257
6811,7.604659635939257
6812,7.604659635939257
6813,7.499999988661166
6814,8.0
6815,7.604659635939257
6816,8.0
6817,7.604659635939257
6818,7.499999999999998
6819,8.0
6820,7.604659635939257
6821,7.604659635939257
6822,7.604659635939257
6823,7.0
6824,7.604659635939257
6825,7.604659635939257
6826,8.25
6827,10.0
6828,6.815339366626274
6829,7.604659635939257
6830,7.000000024546538
6831,7.604659635939257
6832,8.0
6833,8.999999999999998
6834,7.604659635939257
6835,9.0
6836,7.604659635939257
6837,7.604659635939257
6838,7.604659635939257
6839,7.0
6840,8.0
6841,8.0
6842,8.176470587058823
6843,7.604659635939257
6844,7.604659635939257
6845,7.604659635939257
6846,7.604659635939257
6847,7.604659635939257
6848,8.958072532469684
6849,7.604659635939257
6850,8.0
6851,9.0
6852,7.604659635939257
6853,9.25
6854,7.604659635939257
6855,7.604659635939257
6856,8.0
6857,10.0
6858,9.5999999976
6859,7.604659635939257
6860,7.604659635939257
6861,7.604659635939257
6862,7.604659635939257
6863,7.604659635939257
6864,8.288588496064552
6865,8.0
6866,7.604659635939257
6867,7.666666667777778
6868,8.0
6869,10.0
6870,8.0
6871,8.0
6872,7.604659635939257
6873,1.0
6874,7.604659635939257
6875,7.604659635939257
6876,8.0
6877,9.999999970000001
6878,8.0
6879,7.604659635939257
6880,7.604659635939257
6881,6.99999999
6882,7.604659635939257
6883,5.0
6884,7.999999982928934
6885,7.604659635939257
6886,7.604659635939257
6887,7.604659635939257
6888,9.555555552098765
6889,8.0
6890,7.604659635939257
6891,7.604659635939257
6892,7.604659635939257
6893,9.578871968880792
6894,7.604659635939257
6895,7.604659635939257
6896,7.604659635939257
6897,7.499999998333333
6898,7.604659635939257
6899,8.0
6900,7.604659635939257
6901,7.604659635939257
6902,7.604659635939257
6903,7.604659635939257
6904,9.378088722526986
6905,7.604659635939257
6906,8.0
6907,8.0
6908,7.604659635939257
6909,7.604659635939257
6910,7.3999999964
6911,7.604659635939257
6912,8.0
6913,7.604659635939257
6914,5.9999999975
6915,7.604659635939257
6916,5.0
6917,8.000000006666667
6918,7.604659635939257
6919,8.0
6920,9.333333332222223
6921,4.999999992844572
6922,10.0
6923,7.604659635939257
6924,7.604659635939257
6925,7.166666667222222
6926,5.952746503155561
6927,7.604659635939257
6928,7.604659635939257
6929,7.604659635939257
6930,7.0
6931,8.0
6932,7.0
6933,7.604659635939257
6934,8.0
6935,7.604659635939257
6936,8.0
6937,8.0
6938,5.0
6939,7.604659635939257
6940,7.604659635939257
6941,7.604659635939257
6942,7.604659635939257
6943,7.604659635939257
6944,7.604659635939257
6945,8.0
6946,7.604659635939257
6947,8.315789475235457
6948,7.604659635939257
6949,9.0
6950,7.604659635939257
6951,7.0
6952,7.0
6953,7.999999992991223
6954,7.604659635939257
6955,7.604659635939257
6956,7.604659635939257
6957,7.604659635939257
6958,8.0
6959,4.514847620434687
6960,8.363636361487602
6961,7.604659635939257
6962,7.604659635939257
6963,7.604659635939257
6964,7.604659635939257
6965,6.285714282448979
6966,9.0
6967,9.0
6968,8.9999999975
6969,7.604659635939257
6970,8.0
6971,7.604659635939257
6972,7.604659635939257
6973,4.999999999999999
6974,10.0
6975,7.604659635939257
6976,7.604659635939257
6977,8.571428572448978
6978,6.0
6979,7.604659635939257
6980,6.0
6981,10.0
6982,7.604659635939257
6983,7.604659635939257
6984,9.0
6985,7.604659635939257
6986,8.0
6987,7.604659635939257
6988,7.604659635939257
6989,7.604659635939257
6990,7.604659635939257
6991,9.550510256989783
6992,7.0
6993,7.604659635939257
6994,7.604659635939257
6995,7.604659635939257
6996,7.604659635939257
6997,7.591188019574547
6998,7.604659635939257
6999,8.854101966643743
7000,7.604659635939257
7001,7.604659635939257
7002,8.422372585934378
7003,7.604659635939257
7004,8.0
7005,7.604659635939257
7006,8.0
7007,9.999999991666666
7008,7.0
7009,7.604659635939257
7010,8.0
7011,7.604659635939257
7012,7.604659635939257
7013,7.604659635939257
7014,8.565817843993857
7015,7.604659635939257
7016,7.604659635939257
7017,7.604659635939257
7018,10.0
7019,7.604659635939257
7020,8.999999996666668
7021,9.5
7022,7.604659635939257
7023,7.604659635939257
7024,7.604659635939257
7025,7.604659635939257
7026,5.0
7027,7.666666657777778
7028,7.604659635939257
7029,7.604659635939257
7030,7.604659635939257
7031,8.718491032676484
7032,7.5999999998000005
7033,8.666666665383666
7034,7.604659635939257
7035,8.0
7036,7.0
7037,7.604659635939257
7038,7.604659635939257
7039,7.0
7040,3.0
7041,8.0
7042,7.604659635939257
7043,8.0
7044,7.604659635939257
7045,7.604659635939257
7046,7.604659635939257
7047,7.604659635939257
7048,8.0
7049,7.604659635939257
7050,9.29454418218128
7051,7.604659635939257
7052,7.604659635939257
7053,7.000000000000001
7054,8.0
7055,7.0
7056,7.604659635939257
7057,7.604659635939257
7058,7.604659635939257
7059,7.604659635939257
7060,6.666666666666667
7061,7.9999999875
7062,7.604659635939257
7063,7.604659635939257
7064,7.5
7065,7.0
7066,7.000000011999999
7067,8.0
7068,7.604659635939257
7069,7.49999999625
7070,9.99999999
7071,5.550510256989784
7072,8.0
7073,7.604659635939257
7074,7.604659635939257
7075,7.604659635939257
7076,7.604659635939257
7077,7.318181821363637
7078,7.0
7079,7.75
7080,8.0
7081,6.000000019999999
7082,8.85714285755102
7083,7.604659635939257
7084,8.999999970000001
7085,8.615384616538462
7086,6.0
7087,6.00000001
7088,8.5
7089,7.604659635939257
7090,7.604659635939257
7091,6.783945862904057
7092,6.876838089991925
7093,7.604659635939257
7094,7.604659635939257
7095,7.604659635939257
7096,7.159901497369449
7097,7.604659635939257
7098,7.00000002
7099,7.0
7100,7.604659635939257
7101,7.604659635939257
7102,7.604659635939257
7103,7.604659635939257
7104,7.604659635939257
7105,7.571920858304334
7106,7.604659635939257
7107,8.0
7108,8.0
7109,7.604659635939257
7110,7.604659635939257
7111,7.0
7112,9.0
7113,7.00000001
7114,8.999999985626058
7115,8.0
7116,9.999999987155432
7117,6.0
7118,7.604659635939257
7119,7.604659635939257
7120,7.6666666744444445
7121,7.0
7122,7.604659635939257
7123,7.604659635939257
7124,7.604659635939257
7125,7.604659635939257
7126,7.604659635939257
7127,10.0
7128,7.0
7129,7.604659635939257
7130,9.0
7131,7.604659635939257
7132,7.604659635939257
7133,8.0
7134,7.604659635939257
7135,7.604659635939257
7136,7.0
7137,10.0
7138,7.604659635939257
7139,7.0
7140,7.604659635939257
7141,9.0
7142,7.604659635939257
7143,7.0
7144,7.604659635939257
7145,10.0
7146,5.000000056666666
7147,8.0
7148,7.604659635939257
7149,7.604659635939257
7150,8.0
7151,8.666666667777777
7152,7.0
7153,7.604659635939257
7154,6.999999999999999
7155,7.604659635939257
7156,7.604659635939257
7157,7.0
7158,8.0
7159,7.604659635939257
7160,7.604659635939257
7161,7.604659635939257
7162,7.604659635939257
7163,9.0
7164,7.604659635939257
7165,7.0
7166,8.0
7167,7.604659635939257
7168,7.604659635939257
7169,10.0
7170,7.604659635939257
7171,7.604659635939257
7172,7.604659635939257
7173,7.604659635939257
7174,7.604659635939257
7175,7.604659635939257
7176,10.0
7177,9.000000007672613
7178,7.604659635939257
7179,7.604659635939257
7180,7.604659635939257
7181,8.0
7182,7.604659635939257
7183,7.604659635939257
7184,5.0000000284089
7185,7.604659635939257
7186,7.999999985
7187,7.604659635939257
7188,7.604659635939257
7189,7.604659635939257
7190,7.604659635939257
7191,8.0
7192,7.0
7193,9.0000000025
7194,5.333333335555555
7195,7.604659635939257
7196,7.604659635939257
7197,7.604659635939257
7198,8.0
7199,7.604659635939257
7200,5.0
7201,7.604659635939257
7202,7.604659635939257
7203,5.000000027570752
7204,7.604659635939257
7205,7.604659635939257
7206,7.604659635939257
7207,7.604659635939257
7208,10.0
7209,7.604659635939257
7210,7.911598231828196
7211,8.0
7212,8.0
7213,7.0
7214,7.604659635939257
7215,7.604659635939257
7216,7.604659635939257
7217,7.341264577484822
7218,7.604659635939257
7219,7.604659635939257
7220,7.604659635939257
7221,7.333333335555555
7222,7.604659635939257
7223,7.604659635939257
7224,9.666666665555555
7225,8.2000000012
7226,7.604659635939257
7227,7.000000008564621
7228,7.604659635939257
7229,7.604659635939257
7230,7.604659635939257
7231,7.604659635939257
7232,9.0
7233,7.604659635939257
7234,7.604659635939257
7235,7.604659635939257
7236,7.604659635939257
7237,8.68625358239901
7238,7.604659635939257
7239,7.604659635939257
7240,7.604659635939257
7241,7.604659635939257
7242,7.604659635939257
7243,7.604659635939257
7244,7.604659635939257
7245,7.604659635939257
7246,7.604659635939257
7247,7.604659635939257
7248,7.604659635939257
7249,10.0
7250,7.604659635939257
7251,3.0
7252,8.0
7253,7.604659635939257
7254,7.604659635939257
7255,7.604659635939257
7256,7.475815737696168
7257,7.604659635939257
7258,7.604659635939257
7259,8.999999995
7260,7.604659635939257
7261,8.0
7262,9.999999960000004
7263,7.604659635939257
7264,7.604659635939257
7265,10.0
7266,8.000000003333332
7267,8.0
7268,7.0
7269,6.999999998475014
7270,7.604659635939257
7271,7.604659635939257
7272,9.999999993324794
7273,7.604659635939257
7274,7.604659635939257
7275,7.604659635939257
7276,9.2000000004
7277,8.0
7278,8.0
7279,7.604659635939257
7280,8.474628847156751
7281,7.604659635939257
7282,7.604659635939257
7283,7.604659635939257
7284,7.999999945857868
7285,7.604659635939257
7286,7.604659635939257
7287,7.604659635939257
7288,7.604659635939257
7289,7.604659635939257
7290,7.604659635939257
7291,9.25
7292,7.604659635939257
7293,7.604659635939257
7294,7.604659635939257
7295,7.604659635939257
7296,7.604659635939257
7297,7.000000000000001
7298,9.0
7299,8.070153161102818
7300,7.604659635939257
7301,7.604659635939257
7302,7.0
7303,8.640754482583764
7304,7.604659635939257
7305,7.604659635939257
7306,7.604659635939257
7307,7.0
7308,7.604659635939257
7309,9.999999965
7310,6.428571427346939
7311,7.604659635939257
7312,6.714285713673471
7313,8.0
7314,7.604659635939257
7315,7.999999970000002
7316,7.604659635939257
7317,6.347826095236295
7318,7.604659635939257
7319,7.604659635939257
7320,7.604659635939257
7321,7.604659635939257
7322,8.999999955000002
7323,7.604659635939257
7324,3.000000099999997
7325,7.604659635939257
7326,7.604659635939257
7327,7.604659635939257
7328,7.604659635939257
7329,7.604659635939257
7330,7.604659635939257
7331,7.978419733951046
7332,7.604659635939257
7333,7.604659635939257
7334,8.0
7335,7.0
7336,7.644817963053983
7337,5.0
7338,6.33333333111111
7339,7.604659635939257
7340,5.0
7341,7.604659635939257
7342,7.604659635939257
7343,7.604659635939257
7344,7.604659635939257
7345,7.604659635939257
7346,7.604659635939257
7347,7.604659635939257
7348,9.999999975000001
7349,7.604659635939257
7350,7.333333334444444
7351,7.604659635939257
7352,7.604659635939257
7353,7.604659635939257
7354,7.604659635939257
7355,8.000000017071068
7356,7.604659635939257
7357,7.604659635939257
7358,7.604659635939257
7359,7.604659635939257
7360,7.999999993087276
7361,7.604659635939257
7362,7.604659635939257
7363,8.624999998125
7364,10.0
7365,7.604659635939257
7366,7.604659635939257
7367,7.604659635939257
7368,10.0
7369,7.0
7370,7.604659635939257
7371,7.604659635939257
7372,7.0
7373,8.999999988333334
7374,7.604659635939257
7375,7.604659635939257
7376,8.0
7377,7.604659635939257
7378,8.52000000152
7379,9.0
7380,7.0
7381,7.604659635939257
7382,7.604659635939257
7383,8.0
7384,7.604659635939257
7385,8.526694141516527
7386,8.0
7387,8.0
7388,7.604659635939257
7389,7.604659635939257
7390,7.604659635939257
7391,7.604659635939257
7392,7.604659635939257
7393,7.604659635939257
7394,7.604659635939257
7395,8.9999999875
7396,7.604659635939257
7397,7.604659635939257
7398,7.604659635939257
7399,7.604659635939257
7400,7.604659635939257
7401,7.604659635939257
7402,5.0
7403,7.604659635939257
7404,7.604659635939257
7405,7.604659635939257
7406,7.604659635939257
7407,7.604659635939257
7408,7.604659635939257
7409,7.604659635939257
7410,1.0
7411,7.999999980000002
7412,7.604659635939257
7413,8.707778736923167
7414,6.75
7415,7.604659635939257
7416,4.0
7417,5.444444447407408
7418,7.604659635939257
7419,7.604659635939257
7420,7.604659635939257
7421,7.604659635939257
7422,7.604659635939257
7423,8.0
7424,7.604659635939257
7425,7.604659635939257
7426,7.604659635939257
7427,7.604659635939257
7428,8.0
7429,7.0
7430,7.604659635939257
7431,7.604659635939257
7432,7.604659635939257
7433,10.0
7434,8.0
7435,8.0
7436,7.604659635939257
7437,7.604659635939257
7438,7.604659635939257
7439,7.604659635939257
7440,9.0
7441,7.604659635939257
7442,8.0
7443,7.604659635939257
7444,7.604659635939257
7445,8.0
7446,7.604659635939257
7447,7.604659635939257
7448,7.604659635939257
7449,7.604659635939257
7450,9.477309014456507
7451,8.0
7452,9.999999950084364
7453,7.604659635939257
7454,7.604659635939257
7455,7.604659635939257
7456,7.857142853469388
7457,7.604659635939257
7458,7.604659635939257
7459,8.0
7460,7.604659635939257
7461,7.604659635939257
7462,7.604659635939257
7463,7.604659635939257
7464,7.604659635939257
7465,7.604659635939257
7466,7.604659635939257
7467,8.0
7468,7.604659635939257
7469,7.604659635939257
7470,7.604659635939257
7471,8.0
7472,7.0
7473,7.604659635939257
7474,7.604659635939257
7475,8.0
7476,5.0
7477,7.604659635939257
7478,7.604659635939257
7479,8.49999999875
7480,7.999999996464467
7481,8.0
7482,7.604659635939257
7483,7.604659635939257
7484,7.0
7485,7.604659635939257
7486,6.0
7487,7.604659635939257
7488,7.604659635939257
7489,8.0
7490,7.612671765499896
7491,10.0
7492,7.604659635939257
7493,7.0
7494,10.0
7495,9.0
7496,7.604659635939257
7497,8.0
7498,8.320406541801626
7499,6.178335072410265
7500,9.999999995
7501,6.75000000375
7502,8.0
7503,7.604659635939257
7504,6.425156031098226
7505,9.999999999999998
7506,7.604659635939257
7507,7.604659635939257
7508,8.0
7509,7.604659635939257
7510,7.864598711185046
7511,7.604659635939257
7512,7.604659635939257
7513,7.604659635939257
7514,7.0
7515,7.00000002
7516,7.604659635939257
7517,7.789103276721048
7518,7.604659635939257
7519,7.604659635939257
7520,9.00000002
7521,7.000000026666666
7522,7.604659635939257
7523,7.0
7524,7.604659635939257
7525,7.930729702405416
7526,7.0
7527,8.0
7528,7.604659635939257
7529,7.604659635939257
7530,10.0
7531,7.604659635939257
7532,7.604659635939257
7533,7.604659635939257
7534,7.604659635939257
7535,7.604659635939257
7536,7.604659635939257
7537,9.999999995
7538,7.604659635939257
7539,9.0
7540,8.0
7541,7.604659635939257
7542,8.0
7543,7.952728106010847
7544,3.000000050736915
7545,4.999999999999999
7546,7.604659635939257
7547,7.604659635939257
7548,10.0
7549,8.0
7550,6.59730025190291
7551,7.604659635939257
7552,7.604659635939257
7553,9.0
7554,8.0
7555,8.32549696283084
7556,7.604659635939257
7557,7.604659635939257
7558,7.0
7559,7.604659635939257
7560,8.0
7561,10.0
7562,7.604659635939257
7563,10.0
7564,7.604659635939257
7565,8.0
7566,7.604659635939257
7567,7.604659635939257
7568,5.0
7569,6.000000026666668
7570,7.0
7571,7.3999999964
7572,7.604659635939257
7573,8.0
7574,7.604659635939257
7575,7.604659635939257
7576,9.25
7577,7.604659635939257
7578,7.604659635939257
7579,7.604659635939257
7580,7.604659635939257
7581,7.604659635939257
7582,8.999999999999998
7583,7.604659635939257
7584,7.604659635939257
7585,7.604659635939257
7586,7.604659635939257
7587,10.0
7588,7.333333333333334
7589,7.604659635939257
7590,7.604659635939257
7591,7.604659635939257
7592,7.604659635939257
7593,6.710364072877227
7594,7.604659635939257
7595,7.604659635939257
7596,7.604659635939257
7597,7.604659635939257
7598,7.604659635939257
7599,7.604659635939257
7600,9.666666665555555
7601,7.604659635939257
7602,7.604659635939257
7603,7.604659635939257
7604,7.604659635939257
7605,7.000000000000001
7606,7.604659635939257
7607,7.633010515081382
7608,7.604659635939257
7609,7.604659635939257
7610,7.0
7611,7.604659635939257
7612,7.604659635939257
7613,9.140286714783047
7614,7.604659635939257
7615,7.604659635939257
7616,8.0
7617,9.299999999799999
7618,8.0
7619,7.0
7620,6.000000016666667
7621,7.0
7622,7.604659635939257
7623,7.0
7624,10.0
7625,7.604659635939257
7626,7.604659635939257
7627,7.604659635939257
7628,7.0
7629,7.600000001200001
7630,7.000000000000001
7631,7.0
7632,8.857142857959182
7633,7.604659635939257
7634,9.0
7635,5.0000000376491105
7636,9.0
7637,7.604659635939257
7638,8.0
7639,6.0
7640,10.0
7641,7.604659635939257
7642,8.0
7643,9.0
7644,8.799999998799999
7645,8.0
7646,8.0
7647,7.604659635939257
7648,7.604659635939257
7649,8.0
7650,7.604659635939257
7651,7.604659635939257
7652,7.604659635939257
7653,8.809016995555286
7654,7.604659635939257
7655,7.604659635939257
7656,3.0000000699999987
7657,7.604659635939257
7658,10.0
7659,7.0
7660,7.604659635939257
7661,8.0
7662,7.604659635939257
7663,7.604659635939257
7664,5.0
7665,7.604659635939257
7666,7.604659635939257
7667,7.604659635939257
7668,8.43911710318127
7669,6.221682812716311
7670,8.000000001666669
7671,7.604659635939257
7672,8.0
7673,6.000000047888544
7674,7.604659635939257
7675,7.604659635939257
7676,8.0
7677,7.0
7678,7.604659635939257
7679,7.604659635939257
7680,7.0
7681,7.604659635939257
7682,7.604659635939257
7683,7.604659635939257
7684,7.999999980000002
7685,7.604659635939257
7686,9.0
7687,7.604659635939257
7688,7.604659635939257
7689,7.604659635939257
7690,7.0
7691,7.604659635939257
7692,8.0
7693,7.604659635939257
7694,7.604659635939257
7695,7.604659635939257
7696,5.0
7697,7.111111111481483
7698,7.604659635939257
7699,8.0
7700,8.0
7701,7.604659635939257
7702,7.604659635939257
7703,8.0
7704,8.000000009999999
7705,7.66352925542938
7706,7.604659635939257
7707,7.604659635939257
7708,6.370022039525888
7709,8.0
7710,8.99999998
7711,7.604659635939257
7712,7.604659635939257
7713,7.604659635939257
7714,7.604659635939257
7715,8.0
7716,7.604659635939257
7717,7.6551724145778826
7718,9.213974133212762
7719,7.604659635939257
7720,7.604659635939257
7721,7.0
7722,7.604659635939257
7723,7.604659635939257
7724,7.604659635939257
7725,7.604659635939257
7726,7.604659635939257
7727,7.604659635939257
7728,7.604659635939257
7729,7.604659635939257
7730,5.0
7731,10.0
7732,7.604659635939257
7733,7.604659635939257
7734,7.604659635939257
7735,8.0
7736,7.604659635939257
7737,7.000000044999999
7738,7.604659635939257
7739,7.604659635939257
7740,7.604659635939257
7741,8.0
7742,7.604659635939257
7743,7.828427125751241
7744,7.604659635939257
7745,8.612310366169583
7746,7.0
7747,7.604659635939257
7748,8.0
7749,10.0
7750,7.604659635939257
7751,7.604659635939257
7752,7.604659635939257
7753,7.604659635939257
7754,5.8000000048
7755,7.604659635939257
7756,8.0
7757,7.604659635939257
7758,7.604659635939257
7759,7.0
7760,8.999999985
7761,7.604659635939257
7762,7.153846154378697
7763,7.604659635939257
7764,7.604659635939257
7765,7.604659635939257
7766,7.604659635939257
7767,7.604659635939257
7768,8.0
7769,7.604659635939257
7770,7.604659635939257
7771,7.499999975000001
7772,7.604659635939257
7773,7.604659635939257
7774,7.604659635939257
7775,8.0
7776,7.604659635939257
7777,7.604659635939257
7778,7.604659635939257
7779,7.604659635939257
7780,7.604659635939257
7781,7.604659635939257
7782,7.604659635939257
7783,7.0
7784,7.0
7785,7.604659635939257
7786,7.0
7787,7.604659635939257
7788,8.00000001
7789,8.0
7790,7.604659635939257
7791,8.0
7792,7.604659635939257
7793,6.78571429255102
7794,6.4000000024000006
7795,7.604659635939257
7796,7.604659635939257
7797,9.0
7798,7.604659635939257
7799,7.604659635939257
7800,7.604659635939257
7801,7.604659635939257
7802,9.25
7803,8.499999975
7804,5.999999990000001
7805,8.0
7806,7.604659635939257
7807,7.604659635939257
7808,6.543946401976282
7809,7.604659635939257
7810,7.604659635939257
7811,7.604659635939257
7812,8.103448271010702
7813,7.604659635939257
7814,7.604659635939257
7815,7.604659635939257
7816,5.81866375247202
7817,7.604659635939257
7818,9.5
7819,7.604659635939257
7820,7.604659635939257
7821,7.604659635939257
7822,7.399999999599999
7823,7.604659635939257
7824,8.0
7825,7.604659635939257
7826,7.604659635939257
7827,9.03950622871891
7828,7.604659635939257
7829,7.604659635939257
7830,7.604659635939257
7831,8.0
7832,7.604659635939257
7833,7.604659635939257
7834,7.63003229622593
7835,8.0
7836,7.604659635939257
7837,8.999999960000002
7838,7.604659635939257
7839,8.999999984999999
7840,7.604659635939257
7841,7.604659635939257
7842,7.0
7843,7.604659635939257
7844,7.604659635939257
7845,7.604659635939257
7846,7.604659635939257
7847,7.604659635939257
7848,7.0
7849,8.3999999988
7850,7.604659635939257
7851,7.604659635939257
7852,7.604659635939257
7853,8.0
7854,7.604659635939257
7855,7.604659635939257
7856,7.604659635939257
7857,7.604659635939257
7858,7.999999990954659
7859,7.604659635939257
7860,8.0
7861,7.604659635939257
7862,7.604659635939257
7863,7.604659635939257
7864,7.604659635939257
7865,7.604659635939257
7866,10.0
7867,7.999999998143047
7868,10.0
7869,7.604659635939257
7870,8.00000002
7871,7.604659635939257
7872,7.0
7873,7.604659635939257
7874,6.0
7875,7.604659635939257
7876,8.0
7877,8.0
7878,7.0
7879,7.604659635939257
7880,7.604659635939257
7881,7.666666665555555
7882,7.0
7883,7.604659635939257
7884,8.000000015
7885,7.604659635939257
7886,7.0
7887,7.604659635939257
7888,7.604659635939257
7889,7.604659635939257
7890,6.166666668888889
7891,7.604659635939257
7892,7.604659635939257
7893,7.604659635939257
7894,7.0
7895,9.0
7896,5.71651514358935
7897,9.0
7898,7.604659635939257
7899,7.604659635939257
7900,9.5
7901,7.604659635939257
7902,7.604659635939257
7903,6.0
7904,7.604659635939257
7905,9.0
7906,8.0
7907,8.0
7908,7.604659635939257
7909,7.604659635939257
7910,7.604659635939257
7911,7.604659635939257
7912,7.604659635939257
7913,7.604659635939257
7914,5.507144315452022
7915,8.0
7916,7.604659635939257
7917,7.0
7918,7.604659635939257
7919,7.604659635939257
7920,9.0
7921,10.0
7922,7.604659635939257
7923,7.604659635939257
7924,7.604659635939257
7925,7.999999972928934
7926,7.604659635939257
7927,8.636363634214876
7928,7.604659635939257
7929,5.000000096666664
7930,7.0
7931,8.66666667111111
7932,7.190582289471249
7933,8.0
7934,7.604659635939257
7935,9.256634047898395
7936,7.604659635939257
7937,7.604659635939257
7938,7.604659635939257
7939,7.604659635939257
7940,6.666666665555556
7941,7.604659635939257
7942,7.604659635939257
7943,7.604659635939257
7944,7.999999970000002
7945,5.0
7946,7.604659635939257
7947,7.604659635939257
7948,8.0
7949,8.0
7950,7.604659635939257
7951,9.5
7952,8.0
7953,8.0
7954,7.99999998
7955,7.604659635939257
7956,7.604659635939257
7957,7.604659635939257
7958,7.604659635939257
7959,7.604659635939257
7960,7.604659635939257
7961,10.0
7962,7.604659635939257
7963,8.0
7964,8.0
7965,7.604659635939257
7966,7.604659635939257
7967,8.0
7968,7.604659635939257
7969,7.0
7970,7.604659635939257
7971,7.604659635939257
7972,2.0
7973,7.604659635939257
7974,10.0
7975,7.604659635939257
7976,7.604659635939257
7977,7.604659635939257
7978,7.0
7979,7.0
7980,7.604659635939257
7981,7.604659635939257
7982,5.0
7983,7.604659635939257
7984,7.604659635939257
7985,7.000000000000001
7986,7.604659635939257
7987,7.604659635939257
7988,7.604659635939257
7989,7.604659635939257
7990,8.0
7991,7.604659635939257
7992,7.604659635939257
7993,7.604659635939257
7994,7.0
7995,7.604659635939257
7996,7.604659635939257
7997,7.604659635939257
7998,8.0
7999,7.604659635939257
8000,7.12132034431343
8001,7.604659635939257
8002,9.0
8003,7.604659635939257
8004,7.0
8005,7.700151135693443
8006,8.0
8007,8.0
8008,8.0
8009,7.604659635939257
8010,7.604659635939257
8011,7.604659635939257
8012,7.604659635939257
8013,7.604659635939257
8014,7.0
8015,8.0
8016,8.0
8017,7.604659635939257
8018,7.604659635939257
8019,7.604659635939257
8020,7.604659635939257
8021,7.604659635939257
8022,7.604659635939257
8023,7.604659635939257
8024,7.604659635939257
8025,7.604659635939257
8026,7.9999999850000005
8027,7.000000036666666
8028,10.0
8029,7.604659635939257
8030,5.0
8031,8.0
8032,7.604659635939257
8033,10.0
8034,8.0
8035,7.604659635939257
8036,8.0
8037,7.604659635939257
8038,7.604659635939257
8039,7.604659635939257
8040,7.0
8041,7.604659635939257
8042,3.0
8043,7.0
8044,9.094111243449834
8045,7.000000024999999
8046,7.604659635939257
8047,7.604659635939257
8048,7.604659635939257
8049,7.604659635939257
8050,7.604659635939257
8051,9.706048548180286
8052,6.5999999996000005
8053,7.604659635939257
8054,7.604659635939257
8055,7.604659635939257
8056,7.604659635939257
8057,7.500000009999999
8058,8.0
8059,8.0
8060,7.604659635939257
8061,7.604659635939257
8062,9.1999999992
8063,7.604659635939257
8064,7.604659635939257
8065,7.604659635939257
8066,7.604659635939257
8067,7.604659635939257
8068,7.604659635939257
8069,8.666666664444444
8070,7.0
8071,7.604659635939257
8072,7.503082565148652
8073,7.604659635939257
8074,7.604659635939257
8075,7.604659635939257
8076,10.0
8077,10.0
8078,7.604659635939257
8079,7.0
8080,7.604659635939257
8081,8.99999999
8082,7.604659635939257
8083,7.604659635939257
8084,8.533682448021116
8085,7.604659635939257
8086,7.604659635939257
8087,7.604659635939257
8088,9.0
8089,6.000000015
8090,7.0
8091,5.000000013335835
8092,9.0
8093,7.604659635939257
8094,9.999999995
8095,7.604659635939257
8096,7.604659635939257
8097,7.249999996250001
8098,6.718491033629955
8099,9.0
8100,7.604659635939257
8101,7.604659635939257
8102,9.666666664074073
8103,7.604659635939257
8104,8.0
8105,8.0
8106,7.000000000000001
8107,8.0
8108,7.604659635939257
8109,9.0
8110,9.25
8111,9.999999995285954
8112,7.0
8113,7.604659635939257
8114,9.0
8115,7.604659635939257
8116,7.604659635939257
8117,7.604659635939257
8118,8.0
8119,7.604659635939257
8120,7.604659635939257
8121,7.604659635939257
8122,7.604659635939257
8123,7.604659635939257
8124,9.0
8125,7.604659635939257
8126,9.999999965
8127,7.0
8128,7.604659635939257
8129,7.604659635939257
8130,8.0
8131,8.0
8132,7.604659635939257
8133,7.604659635939257
8134,7.604659635939257
8135,7.604659635939257
8136,7.604659635939257
8137,7.604659635939257
8138,9.999999996150999
8139,7.604659635939257
8140,7.604659635939257
8141,9.75
8142,7.0
8143,8.25
8144,7.0
8145,7.604659635939257
8146,7.604659635939257
8147,7.604659635939257
8148,8.337147680795692
8149,7.604659635939257
8150,7.604659635939257
8151,7.604659635939257
8152,7.604659635939257
8153,7.604659635939257
8154,7.604659635939257
8155,7.604659635939257
8156,7.604659635939257
8157,7.604659635939257
8158,7.604659635939257
8159,7.600000001200001
8160,8.0
8161,7.604659635939257
8162,7.604659635939257
8163,7.604659635939257
8164,10.0
8165,7.604659635939257
8166,7.604659635939257
8167,7.604659635939257
8168,7.604659635939257
8169,8.0
8170,8.0
8171,7.604659635939257
8172,5.0
8173,7.401754251281712
8174,7.604659635939257
8175,7.604659635939257
8176,7.0
8177,7.604659635939257
8178,7.604659635939257
8179,10.0
8180,7.0
8181,9.0
8182,7.604659635939257
8183,7.604659635939257
8184,7.604659635939257
8185,8.529921861728077
8186,7.604659635939257
8187,7.604659635939257
8188,7.604659635939257
8189,7.499999999999999
8190,7.604659635939257
8191,7.666666664444445
8192,10.0
8193,7.604659635939257
8194,7.604659635939257
8195,8.764617981539311
8196,7.999999996666666
8197,7.0
8198,7.604659635939257
8199,6.307487264095291
8200,6.499999999375
8201,7.604659635939257
8202,8.0
8203,7.604659635939257
8204,7.604659635939257
8205,7.604659635939257
8206,7.604659635939257
8207,7.604659635939257
8208,7.604659635939257
8209,7.604659635939257
8210,7.604659635939257
8211,6.0
8212,7.604659635939257
8213,7.604659635939257
8214,7.604659635939257
8215,7.604659635939257
8216,7.604659635939257
8217,8.0
8218,7.604659635939257
8219,7.604659635939257
8220,9.730247856760887
8221,7.604659635939257
8222,7.604659635939257
8223,7.0
8224,8.0
8225,7.604659635939257
8226,9.999999910000007
8227,9.999999999999998
8228,7.0
8229,7.500000000000001
8230,8.999999975
8231,7.604659635939257
8232,7.604659635939257
8233,8.999999996666666
8234,7.604659635939257
8235,8.735225382834711
8236,6.0
8237,8.823529408719724
8238,7.604659635939257
8239,7.604659635939257
8240,9.349943567292716
8241,8.0
8242,7.0
8243,7.604659635939257
8244,8.0
8245,7.604659635939257
8246,7.0
8247,8.0
8248,8.0
8249,7.604659635939257
8250,7.604659635939257
8251,9.0
8252,7.604659635939257
8253,7.604659635939257
8254,8.0
8255,7.604659635939257
8256,7.604659635939257
8257,8.780191889720918
8258,7.0
8259,7.604659635939257
8260,9.0
8261,7.604659635939257
8262,7.604659635939257
8263,6.0
8264,7.604659635939257
8265,7.604659635939257
8266,7.604659635939257
8267,9.999999999999998
8268,7.604659635939257
8269,7.604659635939257
8270,7.604659635939257
8271,7.604659635939257
8272,7.604659635939257
8273,7.604659635939257
8274,7.604659635939257
8275,5.399999998399999
8276,7.604659635939257
8277,7.604659635939257
8278,7.604659635939257
8279,7.604659635939257
8280,6.999999998888889
8281,7.604659635939257
8282,8.714428301908987
8283,7.604659635939257
8284,6.0000000083205025
8285,7.604659635939257
8286,4.0000000874999975
8287,10.0
8288,10.0
8289,7.604659635939257
8290,8.0
8291,6.0
8292,7.604659635939257
8293,8.0
8294,7.736068838994098
8295,7.604659635939257
8296,7.604659635939257
8297,7.604659635939257
8298,7.604659635939257
8299,7.604659635939257
8300,7.604659635939257
8301,8.0
8302,6.0
8303,8.0
8304,7.604659635939257
8305,7.604659635939257
8306,7.604659635939257
8307,7.604659635939257
8308,9.5
8309,7.604659635939257
8310,5.0
8311,2.0
8312,7.0
8313,7.604659635939257
8314,7.604659635939257
8315,7.604659635939257
8316,10.0
8317,9.999999975
8318,7.604659635939257
8319,7.604659635939257
8320,7.0
8321,7.056667089270655
8322,7.604659635939257
8323,7.604659635939257
8324,8.999999986837722
8325,9.0
8326,7.604659635939257
8327,7.604659635939257
8328,5.0
8329,8.0
8330,9.0
8331,9.0
8332,7.604659635939257
8333,7.000000000000001
8334,7.604659635939257
8335,7.604659635939257
8336,7.604659635939257
8337,7.604659635939257
8338,7.604659635939257
8339,7.604659635939257
8340,7.0
8341,7.0
8342,7.604659635939257
8343,8.402378651154498
8344,7.604659635939257
8345,7.604659635939257
8346,8.500000001250001
8347,7.604659635939257
8348,7.604659635939257
8349,7.604659635939257
8350,7.604659635939257
8351,8.0
8352,7.0
8353,6.0
8354,7.999999986666667
8355,6.000000039999998
8356,7.604659635939257
8357,7.604659635939257
8358,7.604659635939257
8359,7.604659635939257
8360,7.604659635939257
8361,7.867680034162638
8362,7.0
8363,7.604659635939257
8364,7.604659635939257
8365,10.0
8366,7.604659635939257
8367,9.0
8368,7.604659635939257
8369,7.0
8370,8.0
8371,8.054217371956634
8372,7.604659635939257
8373,2.0
8374,7.604659635939257
8375,7.604659635939257
8376,7.604659635939257
8377,7.604659635939257
8378,7.604659635939257
8379,7.604659635939257
8380,7.0
8381,7.604659635939257
8382,7.604659635939257
8383,7.303337044427698
8384,7.604659635939257
8385,5.7748517743178684
8386,7.604659635939257
8387,7.604659635939257
8388,8.0
8389,8.0
8390,8.027108687192595
8391,7.604659635939257
8392,7.604659635939257
8393,7.604659635939257
8394,8.0
8395,7.604659635939257
8396,7.604659635939257
8397,7.604659635939257
8398,7.604659635939257
8399,9.5
8400,7.00000001
8401,8.0
8402,6.000000010629904
8403,7.604659635939257
8404,10.0
8405,8.0
8406,7.604659635939257
8407,7.604659635939257
8408,7.604659635939257
8409,7.604659635939257
8410,7.604659635939257
8411,7.604659635939257
8412,7.604659635939257
8413,9.4999999875
8414,8.999999974452999
8415,7.604659635939257
8416,7.604659635939257
8417,4.999999997142857
8418,7.604659635939257
8419,7.604659635939257
8420,7.500000000000001
8421,8.0
8422,9.0
8423,5.69098054152321
8424,7.604659635939257
8425,7.000000000000001
8426,7.604659635939257
8427,7.604659635939257
8428,9.999999977639321
8429,7.604659635939257
8430,7.604659635939257
8431,7.0
8432,8.0
8433,7.604659635939257
8434,7.604659635939257
8435,7.711005807612585
8436,7.0
8437,7.604659635939257
8438,9.333333322222222
8439,7.0
8440,7.604659635939257
8441,7.604659635939257
8442,7.604659635939257
8443,7.604659635939257
8444,8.0
8445,7.794052908471022
8446,6.7497072373049205
8447,7.604659635939257
8448,7.604659635939257
8449,8.0
8450,7.333333334814815
8451,7.604659635939257
8452,8.0
8453,6.00000002967
8454,8.063261168637103
8455,7.604659635939257
8456,7.604659635939257
8457,8.0
8458,9.0
8459,8.440926985578958
8460,7.0
8461,7.604659635939257
8462,7.0
8463,7.604659635939257
8464,2.5
8465,7.604659635939257
8466,7.0
8467,7.604659635939257
8468,7.604659635939257
8469,7.0
8470,7.604659635939257
8471,7.604659635939257
8472,8.0
8473,4.0
8474,7.604659635939257
8475,7.604659635939257
8476,8.0
8477,7.0
8478,7.604659635939257
8479,8.0
8480,7.118584691105726
8481,9.999999975000001
8482,7.604659635939257
8483,7.604659635939257
8484,8.0
8485,7.0
8486,7.604659635939257
8487,9.999999996666666
8488,7.604659635939257
8489,9.60961179441794
8490,7.0
8491,7.922514669570904
8492,8.0
8493,8.0
8494,7.604659635939257
8495,7.604659635939257
8496,10.0
8497,8.499999997919874
8498,7.604659635939257
8499,7.604659635939257
8500,7.604659635939257
8501,9.0
8502,7.604659635939257
8503,9.5
8504,7.604659635939257
8505,2.0
8506,7.604659635939257
8507,7.604659635939257
8508,7.604659635939257
8509,7.604659635939257
8510,9.999999984929076
8511,7.604659635939257
8512,7.604659635939257
8513,5.0
8514,7.000000000000001
8515,7.604659635939257
8516,7.604659635939257
8517,7.604659635939257
8518,7.604659635939257
8519,10.0
8520,7.743589745657463
8521,7.604659635939257
8522,8.000000011796052
8523,9.25838404479079
8524,7.604659635939257
8525,7.604659635939257
8526,7.0
8527,7.604659635939257
8528,7.0
8529,7.0
8530,9.0
8531,7.604659635939257
8532,7.604659635939257
8533,7.604659635939257
8534,7.604659635939257
8535,7.604659635939257
8536,7.0
8537,8.0
8538,7.604659635939257
8539,7.999999990000002
8540,7.604659635939257
8541,4.999999999999999
8542,7.604659635939257
8543,4.000000018973666
8544,7.604659635939257
8545,8.000000029999999
8546,8.0
8547,7.0
8548,7.604659635939257
8549,7.604659635939257
8550,7.604659635939257
8551,9.999999997142856
8552,7.999999996952997
8553,7.604659635939257
8554,7.604659635939257
8555,8.5
8556,7.604659635939257
8557,7.604659635939257
8558,7.604659635939257
8559,7.604659635939257
8560,7.604659635939257
8561,7.604659635939257
8562,7.604659635939257
8563,7.604659635939257
8564,7.500000001428572
8565,7.604659635939257
8566,7.604659635939257
8567,7.604659635939257
8568,7.604659635939257
8569,7.604659635939257
8570,7.604659635939257
8571,7.604659635939257
8572,7.604659635939257
8573,7.0
8574,7.0
8575,8.696358475556831
8576,7.604659635939257
8577,7.604659635939257
8578,7.604659635939257
8579,8.0
8580,8.0
8581,7.604659635939257
8582,8.0
8583,7.604659635939257
8584,3.0000000000000004
8585,7.486445657652784
8586,6.961131726141053
8587,7.604659635939257
8588,7.604659635939257
8589,8.475386075915878
8590,7.604659635939257
8591,7.604659635939257
8592,7.604659635939257
8593,9.999999990635642
8594,7.604659635939257
8595,7.604659635939257
8596,7.604659635939257
8597,7.604659635939257
8598,7.604659635939257
8599,7.0
8600,7.0
8601,7.604659635939257
8602,8.166033265753345
8603,7.604659635939257
8604,7.50000000559017
8605,7.604659635939257
8606,7.604659635939257
8607,7.604659635939257
8608,7.604659635939257
8609,7.604659635939257
8610,8.0
8611,7.604659635939257
8612,7.604659635939257
8613,8.0
8614,8.0
8615,7.821422483588299
8616,7.604659635939257
8617,7.604659635939257
8618,7.604659635939257
8619,7.604659635939257
8620,9.0
8621,6.0
8622,8.99999999
8623,8.0
8624,7.604659635939257
8625,7.604659635939257
8626,7.604659635939257
8627,7.604659635939257
8628,7.604659635939257
8629,7.604659635939257
8630,7.604659635939257
8631,7.604659635939257
8632,8.0
8633,7.604659635939257
8634,7.604659635939257
8635,7.604659635939257
8636,7.604659635939257
8637,8.449489743010217
8638,10.0
8639,8.0
8640,8.0
8641,10.0
8642,8.0
8643,7.604659635939257
8644,7.0
8645,8.269726371647502
8646,5.50000000625
8647,7.604659635939257
8648,7.0
8649,7.604659635939257
8650,7.604659635939257
8651,7.604659635939257
8652,7.604659635939257
8653,7.604659635939257
8654,4.999999999999999
8655,7.0
8656,8.5
8657,8.0
8658,7.604659635939257
8659,8.99999999
8660,7.604659635939257
8661,7.604659635939257
8662,10.0
8663,7.604659635939257
8664,7.604659635939257
8665,9.48635062265499
8666,7.604659635939257
8667,7.604659635939257
8668,8.576782380686991
8669,8.0
8670,7.604659635939257
8671,7.604659635939257
8672,5.0
8673,7.604659635939257
8674,7.0
8675,7.604659635939257
8676,8.985164663405648
8677,7.604659635939257
8678,7.0
8679,9.000000005
8680,7.604659635939257
8681,7.604659635939257
8682,7.604659635939257
8683,7.604659635939257
8684,8.0
8685,7.604659635939257
8686,7.604659635939257
8687,7.604659635939257
8688,7.604659635939257
8689,7.604659635939257
8690,6.454545456322315
8691,7.604659635939257
8692,6.285714288367346
8693,7.604659635939257
8694,8.0
8695,7.604659635939257
8696,7.604659635939257
8697,7.604659635939257
8698,7.604659635939257
8699,7.604659635939257
8700,5.00000003
8701,7.604659635939257
8702,7.604659635939257
8703,7.604659635939257
8704,7.604659635939257
8705,8.186931771487172
8706,8.0
8707,7.604659635939257
8708,7.604659635939257
8709,7.886565139632381
8710,7.604659635939257
8711,7.0
8712,9.0
8713,7.604659635939257
8714,8.0
8715,7.604659635939257
8716,8.0
8717,7.604659635939257
8718,8.0
8719,7.604659635939257
8720,9.0
8721,7.604659635939257
8722,7.604659635939257
8723,7.0
8724,7.604659635939257
8725,7.604659635939257
8726,10.0
8727,7.604659635939257
8728,7.604659635939257
8729,7.604659635939257
8730,4.000000059142135
8731,7.604659635939257
8732,10.0
8733,7.604659635939257
8734,7.604659635939257
8735,8.0
8736,7.604659635939257
8737,7.604659635939257
8738,8.485281374289077
8739,7.604659635939257
8740,9.0
8741,7.604659635939257
8742,8.923090066198641
8743,7.604659635939257
8744,7.604659635939257
8745,7.604659635939257
8746,8.000000002277606
8747,7.604659635939257
8748,8.0
8749,8.263220466208844
8750,7.500000000000001
8751,7.000000001464466
8752,7.604659635939257
8753,8.0
8754,7.604659635939257
8755,8.0
8756,10.0
8757,7.604659635939257
8758,9.25
8759,7.604659635939257
8760,7.604659635939257
8761,7.604659635939257
8762,7.604659635939257
8763,8.0
8764,7.604659635939257
8765,8.0
8766,7.604659635939257
8767,2.9999999999999996
8768,8.0
8769,9.999999975
8770,7.604659635939257
8771,7.604659635939257
8772,8.309016995209573
8773,7.000000000000001
8774,7.604659635939257
8775,7.604659635939257
8776,7.604659635939257
8777,7.604659635939257
8778,7.604659635939257
8779,7.604659635939257
8780,7.604659635939257
8781,8.010123359661815
8782,7.604659635939257
8783,7.604659635939257
8784,8.999999970000001
8785,7.604659635939257
8786,7.604659635939257
8787,7.604659635939257
8788,8.620554935992242
8789,9.000000009999999
8790,9.666666667777777
8791,7.604659635939257
8792,7.50000000375
8793,7.604659635939257
8794,7.0
8795,7.604659635939257
8796,7.604659635939257
8797,7.604659635939257
8798,7.604659635939257
8799,7.604659635939257
8800,7.604659635939257
8801,8.0
8802,8.0
8803,7.604659635939257
8804,7.604659635939257
8805,5.0
8806,8.0
8807,5.387259380753161
8808,8.0
8809,7.604659635939257
8810,7.604659635939257
8811,7.604659635939257
8812,7.604659635939257
8813,7.604659635939257
8814,7.604659635939257
8815,7.488182251053451
8816,7.604659635939257
8817,8.0
8818,7.604659635939257
8819,7.604659635939257
8820,7.604659635939257
8821,8.319470813582747
8822,7.604659635939257
8823,7.604659635939257
8824,7.000000006666666
8825,10.0
8826,7.604659635939257
8827,7.604659635939257
8828,8.0
8829,8.709418999043764
8830,7.604659635939257
8831,7.604659635939257
8832,7.604659635939257
8833,7.604659635939257
8834,10.0
8835,6.000000019999999
8836,7.604659635939257
8837,10.0
8838,7.604659635939257
8839,7.0
8840,7.604659635939257
8841,7.604659635939257
8842,7.604659635939257
8843,7.604659635939257
8844,7.604659635939257
8845,7.604659635939257
8846,8.0
8847,7.604659635939257
8848,7.604659635939257
8849,7.9999999950000005
8850,7.604659635939257
8851,9.87270315991197
8852,7.604659635939257
8853,8.500000003750001
8854,7.604659635939257
8855,9.999999999999998
8856,7.604659635939257
8857,7.604659635939257
8858,7.0
8859,9.999999999999998
8860,7.604659635939257
8861,5.999999985
8862,7.604659635939257
8863,7.604659635939257
8864,7.604659635939257
8865,7.604659635939257
8866,7.604659635939257
8867,7.604659635939257
8868,8.0
8869,7.75
8870,7.604659635939257
8871,8.0
8872,8.0
8873,8.0
8874,7.604659635939257
8875,9.0
8876,7.604659635939257
8877,7.604659635939257
8878,7.604659635939257
8879,8.0
8880,4.85714285755102
8881,7.604659635939257
8882,7.604659635939257
8883,7.604659635939257
8884,8.0
8885,7.604659635939257
8886,7.604659635939257
8887,8.0
8888,7.604659635939257
8889,7.604659635939257
8890,7.604659635939257
8891,7.604659635939257
8892,7.604659635939257
8893,8.0
8894,7.604659635939257
8895,7.604659635939257
8896,7.604659635939257
8897,8.0
8898,7.604659635939257
8899,7.604659635939257
8900,7.604659635939257
8901,7.0
8902,7.604659635939257
8903,7.604659635939257
8904,8.0
8905,7.604659635939257
8906,8.0
8907,8.0
8908,7.604659635939257
8909,5.0
8910,7.604659635939257
8911,7.604659635939257
8912,10.0
8913,7.604659635939257
8914,5.0
8915,7.604659635939257
8916,7.0
8917,7.604659635939257
8918,6.000000000000001
8919,8.5
8920,7.604659635939257
8921,7.0
8922,7.604659635939257
8923,7.604659635939257
8924,8.0
8925,6.25
8926,7.604659635939257
8927,8.0
8928,7.604659635939257
8929,7.604659635939257
8930,7.604659635939257
8931,7.604659635939257
8932,7.604659635939257
8933,7.604659635939257
8934,7.604659635939257
8935,7.604659635939257
8936,7.0
8937,7.604659635939257
8938,7.604659635939257
8939,7.604659635939257
8940,7.604659635939257
8941,10.0
8942,7.604659635939257
8943,7.0
8944,7.604659635939257
8945,7.604659635939257
8946,10.0
8947,8.000000012071068
8948,7.604659635939257
8949,8.0
8950,10.0
8951,7.0
8952,5.000000009215553
8953,7.604659635939257
8954,5.0
8955,7.999999989
8956,7.000000000000001
8957,7.604659635939257
8958,7.604659635939257
8959,8.0
8960,7.604659635939257
8961,6.356838040831706
8962,7.249999999999999
8963,7.604659635939257
8964,8.000000009999999
8965,7.604659635939257
8966,7.604659635939257
8967,7.604659635939257
8968,7.604659635939257
8969,7.604659635939257
8970,7.604659635939257
8971,7.604659635939257
8972,6.0
8973,7.604659635939257
8974,7.5
8975,7.604659635939257
8976,7.604659635939257
8977,8.977297911038917
8978,7.604659635939257
8979,7.604659635939257
8980,7.604659635939257
8981,7.604659635939257
8982,7.604659635939257
8983,7.1000000016
8984,7.0
8985,7.604659635939257
8986,7.604659635939257
8987,7.604659635939257
8988,7.604659635939257
8989,7.604659635939257
8990,9.0
8991,8.0
8992,7.604659635939257
8993,8.0
8994,7.604659635939257
8995,4.0
8996,5.000000049999999
8997,7.604659635939257
8998,9.999999995
8999,7.604659635939257
9000,7.604659635939257
9001,7.250000001250001
9002,7.838330267463029
9003,7.604659635939257
9004,7.000000006666666
9005,7.604659635939257
9006,7.604659635939257
9007,7.604659635939257
9008,7.604659635939257
9009,7.604659635939257
9010,7.604659635939257
9011,7.604659635939257
9012,7.604659635939257
9013,7.604659635939257
9014,8.2000000012
9015,7.604659635939257
9016,7.633974595649319
9017,5.0
9018,7.604659635939257
9019,7.604659635939257
9020,7.604659635939257
9021,8.0
9022,7.604659635939257
9023,7.604659635939257
9024,7.0
9025,6.50000001
9026,7.604659635939257
9027,6.4641016174027275
9028,6.6000000024
9029,4.999999999999999
9030,7.604659635939257
9031,7.604659635939257
9032,7.604659635939257
9033,7.333333335555555
9034,7.604659635939257
9035,7.604659635939257
9036,8.744767093676558
9037,5.0
9038,7.604659635939257
9039,7.604659635939257
9040,6.0
9041,8.311976916518743
9042,8.375633085842278
9043,7.604659635939257
9044,9.0
9045,8.0
9046,7.97858918301163
9047,7.604659635939257
9048,7.604659635939257
9049,8.0
9050,7.604659635939257
9051,8.0
9052,9.99999999
9053,7.604659635939257
9054,7.604659635939257
9055,7.604659635939257
9056,8.0
9057,7.0
9058,7.604659635939257
9059,7.604659635939257
9060,7.604659635939257
9061,7.604659635939257
9062,7.604659635939257
9063,7.604659635939257
9064,8.0
9065,8.0
9066,7.604659635939257
9067,7.604659635939257
9068,7.604659635939257
9069,7.604659635939257
9070,7.604659635939257
9071,7.604659635939257
9072,7.604659635939257
9073,7.604659635939257
9074,7.604659635939257
9075,5.7952354091264136
9076,7.604659635939257
9077,7.604659635939257
9078,5.0
9079,7.0
9080,7.604659635939257
9081,7.604659635939257
9082,9.0
9083,8.0
9084,9.999999999999998
9085,7.0
9086,7.999999995
9087,10.0
9088,7.604659635939257
9089,7.604659635939257
9090,7.604659635939257
9091,7.604659635939257
9092,7.604659635939257
9093,7.0
9094,5.0
9095,8.000000001666667
9096,7.604659635939257
9097,5.629584791398919
9098,7.604659635939257
9099,7.604659635939257
9100,7.604659635939257
9101,10.0
9102,7.604659635939257
9103,10.0
9104,8.50000000625
9105,7.0
9106,3.854101973331723
9107,7.000000000000001
9108,7.604659635939257
9109,7.604659635939257
9110,8.000000011799523
9111,8.0
9112,7.0000000049999995
9113,9.0
9114,7.222222222345678
9115,7.604659635939257
9116,7.604659635939257
9117,7.604659635939257
9118,8.453299832358022
9119,7.604659635939257
9120,7.604659635939257
9121,7.604659635939257
9122,7.604659635939257
9123,7.666666667407407
9124,8.0
9125,7.604659635939257
9126,7.604659635939257
9127,10.000000000000002
9128,7.604659635939257
9129,8.0
9130,7.604659635939257
9131,8.0
9132,7.604659635939257
9133,7.400000001400001
9134,7.604659635939257
9135,7.604659635939257
9136,7.604659635939257
9137,8.874972129365425
9138,7.576767997392817
9139,7.604659635939257
9140,7.604659635939257
9141,8.0
9142,7.604659635939257
9143,7.604659635939257
9144,7.604659635939257
9145,8.999999996666666
9146,7.604659635939257
9147,8.0
9148,7.604659635939257
9149,7.604659635939257
9150,7.604659635939257
9151,7.604659635939257
9152,7.604659635939257
9153,7.604659635939257
9154,7.604659635939257
9155,7.604659635939257
9156,7.604659635939257
9157,7.604659635939257
9158,8.0
9159,9.565741451632555
9160,7.604659635939257
9161,7.604659635939257
9162,7.604659635939257
9163,7.604659635939257
9164,7.604659635939257
9165,8.499999999999998
9166,7.604659635939257
9167,7.604659635939257
9168,7.604659635939257
9169,7.604659635939257
9170,9.0
9171,7.604659635939257
9172,5.0
9173,7.604659635939257
9174,6.0
9175,4.0
9176,8.0
9177,7.604659635939257
9178,7.500000000000001
9179,7.0
9180,7.0
9181,7.604659635939257
9182,9.999999943333336
9183,8.0
9184,7.604659635939257
9185,7.604659635939257
9186,6.0
9187,7.604659635939257
9188,8.000000002357023
9189,8.0
9190,7.604659635939257
9191,7.604659635939257
9192,7.604659635939257
9193,5.8550413635253955
9194,5.8823529447058815
9195,7.0
9196,7.604659635939257
9197,7.604659635939257
9198,7.9999999866666665
9199,6.0
9200,7.604659635939257
9201,8.75
9202,7.604659635939257
9203,7.604659635939257
9204,7.5
9205,7.0
9206,7.604659635939257
9207,7.604659635939257
9208,7.604659635939257
9209,8.0
9210,7.604659635939257
9211,8.0
9212,8.249999998125
9213,7.604659635939257
9214,5.0
9215,7.604659635939257
9216,7.604659635939257
9217,8.5
9218,9.000000004082484
9219,7.604659635939257
9220,9.999999960857865
9221,7.604659635939257
9222,7.604659635939257
9223,7.604659635939257
9224,8.0
9225,7.604659635939257
9226,7.604659635939257
9227,7.604659635939257
9228,7.604659635939257
9229,9.1999999994
9230,7.604659635939257
9231,7.604659635939257
9232,7.604659635939257
9233,7.604659635939257
9234,7.604659635939257
9235,9.453977997076485
9236,9.000000005
9237,8.5
9238,7.604659635939257
9239,7.604659635939257
9240,7.604659635939257
9241,7.604659635939257
9242,7.604659635939257
9243,7.604659635939257
9244,7.604659635939257
9245,5.0
9246,7.604659635939257
9247,7.604659635939257
9248,7.604659635939257
9249,8.0
9250,7.604659635939257
9251,8.0
9252,10.0
9253,7.604659635939257
9254,7.604659635939257
9255,7.604659635939257
9256,9.499999994145899
9257,8.0
9258,7.604659635939257
9259,8.0
9260,7.604659635939257
9261,7.604659635939257
9262,7.604659635939257
9263,8.937885911426347
9264,7.604659635939257
9265,7.604659635939257
9266,7.604659635939257
9267,10.0
9268,7.604659635939257
9269,8.0
9270,7.0
9271,7.604659635939257
9272,5.0
9273,7.604659635939257
9274,8.0
9275,7.604659635939257
9276,7.604659635939257
9277,7.604659635939257
9278,7.0
9279,7.604659635939257
9280,7.604659635939257
9281,7.604659635939257
9282,7.999999998611112
9283,7.604659635939257
9284,7.604659635939257
9285,8.0
9286,8.0
9287,7.604659635939257
9288,7.0
9289,7.604659635939257
9290,7.604659635939257
9291,8.0
9292,7.604659635939257
9293,7.604659635939257
9294,7.604659635939257
9295,7.604659635939257
9296,8.985238644927783
9297,6.0
9298,8.0
9299,7.604659635939257
9300,7.604659635939257
9301,7.604659635939257
9302,5.0
9303,8.0
9304,7.604659635939257
9305,7.0
9306,7.604659635939257
9307,8.499999995
9308,5.0
9309,7.604659635939257
9310,7.604659635939257
9311,7.604659635939257
9312,9.114203944640595
9313,7.604659635939257
9314,7.604659635939257
9315,7.0
9316,7.604659635939257
9317,7.666666657777778
9318,7.604659635939257
9319,9.0
9320,7.604659635939257
9321,7.604659635939257
9322,6.0
9323,8.969314290088363
9324,7.604659635939257
9325,7.604659635939257
9326,7.604659635939257
9327,8.044649272657129
9328,7.604659635939257
9329,7.604659635939257
9330,7.0
9331,8.0
9332,7.604659635939257
9333,10.0
9334,10.0
9335,7.604659635939257
9336,7.604659635939257
9337,7.604659635939257
9338,7.604659635939257
9339,7.604659635939257
9340,6.0
9341,7.604659635939257
9342,7.604659635939257
9343,7.604659635939257
9344,6.7999999988
9345,8.0
9346,7.604659635939257
9347,7.604659635939257
9348,7.604659635939257
9349,7.000000000000001
9350,8.000000004451353
9351,10.0
9352,7.604659635939257
9353,7.604659635939257
9354,9.0
9355,7.604659635939257
9356,7.604659635939257
9357,7.604659635939257
9358,8.0
9359,7.604659635939257
9360,8.333333332222223
9361,8.78843366568532
9362,8.333333335555556
9363,6.428571427551019
9364,7.604659635939257
9365,7.0
9366,7.604659635939257
9367,7.0
9368,7.604659635939257
9369,7.604659635939257
9370,7.604659635939257
9371,7.604659635939257
9372,10.0
9373,9.14213562311262
9374,7.604659635939257
9375,6.0000000225
9376,7.604659635939257
9377,9.0
9378,7.604659635939257
9379,7.604659635939257
9380,5.0
9381,10.0
9382,7.604659635939257
9383,7.604659635939257
9384,7.604659635939257
9385,7.604659635939257
9386,7.503675783153089
9387,7.604659635939257
9388,7.604659635939257
9389,7.604659635939257
9390,9.381966008889425
9391,8.999999985857865
9392,8.425350621633136
9393,7.46983908970543
9394,7.604659635939257
9395,7.604659635939257
9396,7.604659635939257
9397,7.604659635939257
9398,7.604659635939257
9399,7.604659635939257
9400,7.604659635939257
9401,7.604659635939257
9402,8.0
9403,7.604659635939257
9404,8.0
9405,7.604659635939257
9406,7.604659635939257
9407,7.0
9408,7.604659635939257
9409,7.604659635939257
9410,7.604659635939257
9411,7.604659635939257
9412,6.000000049999998
9413,5.986108430916318
9414,7.604659635939257
9415,7.604659635939257
9416,9.0
9417,7.604659635939257
9418,8.0000000025
9419,8.000000015
9420,7.604659635939257
9421,9.999999999999998
9422,7.0
9423,7.604659635939257
9424,7.604659635939257
9425,7.604659635939257
9426,10.0
9427,7.604659635939257
9428,7.604659635939257
9429,7.604659635939257
9430,7.604659635939257
9431,6.999999996666666
9432,7.604659635939257
9433,7.604659635939257
9434,7.604659635939257
9435,7.604659635939257
9436,7.604659635939257
9437,7.0
9438,7.604659635939257
9439,7.9999999850000005
9440,8.0
9441,7.604659635939257
9442,7.604659635939257
9443,7.604659635939257
9444,6.0
9445,7.604659635939257
9446,5.000000011547006
9447,7.604659635939257
9448,7.604659635939257
9449,7.604659635939257
9450,7.604659635939257
9451,7.500000002083332
9452,7.604659635939257
9453,7.604659635939257
9454,7.604659635939257
9455,7.604659635939257
9456,7.604659635939257
9457,7.604659635939257
9458,7.604659635939257
9459,7.604659635939257
9460,7.604659635939257
9461,8.0
9462,7.75
9463,7.604659635939257
9464,7.604659635939257
9465,8.0
9466,7.604659635939257
9467,6.0
9468,9.0
9469,7.604659635939257
9470,8.0
9471,7.604659635939257
9472,7.604659635939257
9473,10.0
9474,8.000000015
9475,7.604659635939257
9476,7.604659635939257
9477,9.999999984999999
9478,7.604659635939257
9479,7.604659635939257
9480,9.377643916119405
9481,7.00000003
9482,7.604659635939257
9483,8.0
9484,7.604659635939257
9485,7.000000003675445
9486,8.999999950000005
9487,8.0
9488,10.0
9489,8.0
9490,7.604659635939257
9491,7.604659635939257
9492,8.999999940000002
9493,8.0
9494,7.604659635939257
9495,7.269752143239114
9496,8.000000009999999
9497,8.5
9498,7.000000004645712
9499,7.604659635939257
9500,8.457663834172408
9501,7.604659635939257
9502,7.0
9503,7.604659635939257
9504,5.999999996666666
9505,7.604659635939257
9506,10.0
9507,7.604659635939257
9508,9.999999993333333
9509,7.604659635939257
9510,7.604659635939257
9511,7.604659635939257
9512,7.604659635939257
9513,7.604659635939257
9514,7.604659635939257
9515,7.604659635939257
9516,7.604659635939257
9517,7.604659635939257
9518,7.604659635939257
9519,7.604659635939257
9520,8.0
9521,9.0
9522,7.604659635939257
9523,8.66666666388889
9524,9.999999999999998
9525,7.604659635939257
9526,6.708203933613931
9527,7.604659635939257
9528,7.000000089999997
9529,8.0
9530,8.0
9531,7.604659635939257
9532,8.500000004999999
9533,7.604659635939257
9534,8.5000000025
9535,9.25
9536,7.604659635939257
9537,7.604659635939257
9538,8.0
9539,7.0
9540,4.000000073867503
9541,7.604659635939257
9542,8.720463492789479
9543,7.309471813772435
9544,7.604659635939257
9545,6.0
9546,7.604659635939257
9547,7.604659635939257
9548,7.604659635939257
9549,7.604659635939257
9550,7.604659635939257
9551,7.604659635939257
9552,7.604659635939257
9553,7.604659635939257
9554,9.0
9555,7.433425253092352
9556,8.49999999
9557,8.74999999875
9558,7.604659635939257
9559,8.774851773997264
9560,10.0
9561,9.999999999999998
9562,9.999999982928934
9563,7.604659635939257
9564,7.604659635939257
9565,7.0
9566,7.500000004868034
9567,7.604659635939257
9568,7.604659635939257
9569,7.711102310486813
9570,8.0
9571,7.604659635939257
9572,7.604659635939257
9573,6.999999994999999
9574,8.0
9575,7.604659635939257
9576,7.604659635939257
9577,7.604659635939257
9578,7.604659635939257
9579,7.604659635939257
9580,9.0
9581,7.604659635939257
9582,8.000000009999999
9583,7.604659635939257
9584,7.604659635939257
9585,7.604659635939257
9586,6.500000001786188
9587,7.604659635939257
9588,9.782870725816277
9589,7.604659635939257
9590,7.604659635939257
9591,7.604659635939257
9592,7.604659635939257
9593,8.0
9594,7.604659635939257
9595,7.0
9596,7.604659635939257
9597,7.604659635939257
9598,6.951427999878006
9599,8.0
9600,10.0
9601,7.604659635939257
9602,8.0
9603,7.604659635939257
9604,7.604659635939257
9605,8.0
9606,7.604659635939257
9607,10.0
9608,7.604659635939257
9609,7.604659635939257
9610,7.7527699349571
9611,7.604659635939257
9612,6.6780038221052145
9613,8.999999980000002
9614,9.0
9615,8.0
9616,7.604659635939257
9617,7.604659635939257
9618,8.0
9619,9.000000003333334
9620,8.5
9621,7.604659635939257
9622,7.604659635939257
9623,8.0
9624,7.604659635939257
9625,7.4000000004
9626,8.0
9627,7.604659635939257
9628,7.00000001
9629,7.604659635939257
9630,7.0
9631,7.604659635939257
9632,7.604659635939257
9633,8.0
9634,8.0
9635,7.604659635939257
9636,7.604659635939257
9637,6.823529409896193
9638,9.0
9639,7.604659635939257
9640,7.604659635939257
9641,7.604659635939257
9642,8.33333332888889
9643,7.604659635939257
9644,7.604659635939257
9645,9.0
9646,7.604659635939257
9647,7.0
9648,7.604659635939257
9649,7.000000019999999
9650,6.000000008769
9651,7.604659635939257
9652,7.604659635939257
9653,7.565835097350947
9654,7.604659635939257
9655,7.604659635939257
9656,7.604659635939257
9657,8.0
9658,6.0000001012132005
9659,8.000000009999999
9660,9.333333332777778
9661,9.236948410996852
9662,8.0
9663,7.604659635939257
9664,7.604659635939257
9665,9.18372279477567
9666,7.604659635939257
9667,7.604659635939257
9668,7.604659635939257
9669,8.0
9670,6.999999999999999
9671,7.604659635939257
9672,7.604659635939257
9673,8.333333322222222
9674,8.0
9675,7.604659635939257
9676,7.604659635939257
9677,7.604659635939257
9678,7.604659635939257
9679,7.604659635939257
9680,10.0
9681,7.604659635939257
9682,7.604659635939257
9683,7.604659635939257
9684,7.604659635939257
9685,8.49999998
9686,6.499999999999999
9687,5.0
9688,8.500000004999999
9689,8.800000000799999
9690,8.0
9691,7.604659635939257
9692,7.604659635939257
9693,7.604659635939257
9694,7.604659635939257
9695,6.0000000075
9696,8.5
9697,7.000000010000002
9698,7.604659635939257
9699,7.604659635939257
9700,7.604659635939257
9701,7.604659635939257
9702,7.0
9703,7.604659635939257
9704,7.604659635939257
9705,8.688192484129035
9706,7.0
9707,7.604659635939257
9708,7.0
9709,7.604659635939257
9710,7.0
9711,8.162963511175192
9712,7.604659635939257
9713,7.0
9714,7.604659635939257
9715,8.59546273306642
9716,10.0
9717,9.0
9718,6.0
9719,7.604659635939257
9720,7.604659635939257
9721,5.000000010951181
9722,7.604659635939257
9723,7.604659635939257
9724,7.604659635939257
9725,7.604659635939257
9726,8.000000025
9727,7.604659635939257
9728,8.0
9729,7.604659635939257
9730,7.604659635939257
9731,7.604659635939257
9732,7.512567673849165
9733,6.975508588806527
9734,7.604659635939257
9735,7.604659635939257
9736,8.072949014371279
9737,7.604659635939257
9738,9.000000004999999
9739,7.604659635939257
9740,7.604659635939257
9741,7.604659635939257
9742,7.604659635939257
9743,7.604659635939257
9744,7.604659635939257
9745,7.0
9746,7.604659635939257
9747,7.604659635939257
9748,7.604659635939257
9749,7.0
9750,7.604659635939257
9751,7.604659635939257
9752,8.0
9753,7.604659635939257
9754,7.604659635939257
9755,7.604659635939257
9756,8.0
9757,7.6666666688888885
9758,8.0
9759,7.604659635939257
9760,7.604659635939257
9761,8.999999986666667
9762,6.000000001111112
9763,7.604659635939257
9764,7.604659635939257
9765,7.604659635939257
9766,7.000000005
9767,8.0
9768,7.604659635939257
9769,7.604659635939257
9770,8.0
9771,8.000000005
9772,7.604659635939257
9773,7.604659635939257
9774,8.0
9775,8.0
9776,8.999999998075499
9777,7.210852997676775
9778,7.604659635939257
9779,7.0
9780,7.604659635939257
9781,7.604659635939257
9782,7.604659635939257
9783,7.604659635939257
9784,7.604659635939257
9785,5.0
9786,9.999999980000002
9787,5.200000001199999
9788,7.604659635939257
9789,7.604659635939257
9790,7.604659635939257
9791,7.604659635939257
9792,7.604659635939257
9793,7.604659635939257
9794,9.700793804941377
9795,10.0
9796,7.604659635939257
9797,7.604659635939257
9798,7.604659635939257
9799,7.604659635939257
9800,7.604659635939257
9801,7.604659635939257
9802,7.604659635939257
9803,7.604659635939257
9804,7.604659635939257
9805,7.604659635939257
9806,7.604659635939257
9807,9.999999950000003
9808,5.0
9809,7.604659635939257
9810,5.000000000000001
9811,7.604659635939257
9812,7.604659635939257
9813,7.604659635939257
9814,7.604659635939257
9815,7.604659635939257
9816,8.0
9817,7.604659635939257
9818,7.604659635939257
9819,7.604659635939257
9820,10.0
9821,7.604659635939257
9822,7.604659635939257
9823,7.604659635939257
9824,7.604659635939257
9825,7.604659635939257
9826,7.604659635939257
9827,5.000000099999996
9828,7.604659635939257
9829,10.0
9830,7.604659635939257
9831,8.0
9832,7.604659635939257
9833,7.0
9834,7.604659635939257
9835,10.000000000000002
9836,7.604659635939257
9837,7.0
9838,7.604659635939257
9839,7.0
9840,9.0
9841,7.604659635939257
9842,7.604659635939257
9843,8.0
9844,8.0
9845,7.604659635939257
9846,7.604659635939257
9847,7.604659635939257
9848,7.604659635939257
9849,7.604659635939257
9850,7.604659635939257
9851,7.604659635939257
9852,6.0
9853,10.0
9854,7.604659635939257
9855,7.604659635939257
9856,9.999999976583592
9857,8.0
9858,7.604659635939257
9859,10.0
9860,7.604659635939257
9861,7.604659635939257
9862,7.604659635939257
9863,7.604659635939257
9864,7.604659635939257
9865,10.0
9866,7.00000003
9867,7.604659635939257
9868,7.604659635939257
9869,7.0
9870,7.604659635939257
9871,7.604659635939257
9872,7.604659635939257
9873,7.699557788253563
9874,10.0
9875,7.604659635939257
9876,8.0
9877,7.604659635939257
9878,7.604659635939257
9879,8.0
9880,7.604659635939257
9881,7.604659635939257
9882,8.0
9883,9.25
9884,7.604659635939257
9885,7.604659635939257
9886,7.604659635939257
9887,7.604659635939257
9888,7.604659635939257
9889,7.604659635939257
9890,7.604659635939257
9891,7.604659635939257
9892,8.0
9893,7.604659635939257
9894,7.604659635939257
9895,6.333333332222221
9896,7.604659635939257
9897,5.0
9898,7.604659635939257
9899,5.0
9900,7.604659635939257
9901,7.0
9902,7.604659635939257
9903,7.604659635939257
9904,7.604659635939257
9905,7.604659635939257
9906,7.604659635939257
9907,9.450571173020814
9908,6.964178775831213
9909,7.604659635939257
9910,7.604659635939257
9911,7.604659635939257
9912,7.604659635939257
9913,8.0
9914,10.0
9915,6.96670024465601
9916,8.333333333333334
9917,7.604659635939257
9918,9.6000000004
9919,7.604659635939257
9920,9.0
9921,8.0
9922,7.604659635939257
9923,6.000000002500001
9924,7.604659635939257
9925,7.000000000386751
9926,9.0
9927,7.604659635939257
9928,7.604659635939257
9929,7.604659635939257
9930,8.0
9931,8.0
9932,7.604659635939257
9933,7.604659635939257
9934,8.75
9935,7.604659635939257
9936,9.000000012928933
9937,8.0
9938,7.604659635939257
9939,7.604659635939257
9940,7.604659635939257
9941,6.714285715102041
9942,7.604659635939257
9943,7.604659635939257
9944,8.0
9945,7.604659635939257
9946,7.604659635939257
9947,7.604659635939257
9948,7.604659635939257
9949,7.604659635939257
9950,7.604659635939257
9951,7.604659635939257
9952,9.999999955000002
9953,8.263931161005901
9954,7.604659635939257
9955,6.0
9956,7.604659635939257
9957,8.0
9958,7.154387089862047
9959,7.604659635939257
9960,7.604659635939257
9961,7.604659635939257
9962,10.0
9963,8.0
9964,8.0
9965,7.604659635939257
9966,8.0
9967,7.604659635939257
9968,7.604659635939257
9969,7.0
9970,10.0
9971,7.604659635939257
9972,7.604659635939257
9973,5.000000036749741
9974,7.604659635939257
9975,8.0
9976,8.75
9977,9.0
9978,6.000000000000001
9979,7.604659635939257
9980,7.892050758446067
9981,8.0
9982,7.604659635939257
9983,6.250000001093751
9984,7.604659635939257
9985,7.604659635939257
9986,7.604659635939257
9987,7.604659635939257
9988,7.999999988556489
9989,7.604659635939257
9990,7.604659635939257
9991,7.604659635939257
9992,7.604659635939257
9993,7.903421165885461
9994,4.0
9995,8.0
9996,7.604659635939257
9997,7.604659635939257
9998,7.604659635939257
9999,7.604659635939257
10000,7.604659635939257
10001,7.604659635939257
10002,8.0
10003,7.604659635939257
10004,7.604659635939257
10005,7.604659635939257
10006,10.000000000000002
10007,7.604659635939257
10008,7.604659635939257
10009,8.0
10010,7.604659635939257
10011,8.923440369520565
10012,5.0
10013,7.604659635939257
10014,6.0
10015,7.604659635939257
10016,7.604659635939257
10017,7.4000000007999995
10018,7.604659635939257
10019,7.604659635939257
10020,9.999999999999998
10021,7.604659635939257
10022,8.0
10023,7.604659635939257
10024,7.604659635939257
10025,7.604659635939257
10026,7.9999999950000005
10027,7.0
10028,10.0
10029,7.604659635939257
10030,8.0
10031,7.604659635939257
10032,7.604659635939257
10033,7.604659635939257
10034,7.604659635939257
10035,7.604659635939257
10036,8.0
10037,8.0
10038,7.000000019999999
10039,8.0
10040,8.0
10041,8.0
10042,7.604659635939257
10043,7.604659635939257
10044,8.0
10045,7.604659635939257
10046,8.0
10047,7.604659635939257
10048,7.604659635939257
10049,7.604659635939257
10050,8.430500874342254
10051,7.604659635939257
10052,8.0
10053,7.604659635939257
10054,8.0
10055,7.604659635939257
10056,7.604659635939257
10057,7.604659635939257
10058,7.604659635939257
10059,7.604659635939257
10060,9.333333335555556
10061,7.604659635939257
10062,7.0
10063,7.604659635939257
10064,6.74056209143188
10065,9.999999999999998
10066,7.604659635939257
10067,7.0
10068,7.0
10069,7.604659635939257
10070,7.604659635939257
10071,7.604659635939257
10072,7.604659635939257
10073,7.604659635939257
10074,7.604659635939257
10075,7.604659635939257
10076,7.604659635939257
10077,10.0
10078,7.604659635939257
10079,7.604659635939257
10080,8.0
10081,7.604659635939257
10082,7.604659635939257
10083,7.604659635939257
10084,9.0
10085,7.604659635939257
10086,7.604659635939257
10087,6.0
10088,7.604659635939257
10089,2.000000169999993
10090,6.0000000249999985
10091,8.0
10092,7.499999998333332
10093,9.999999999999998
10094,8.0
10095,7.604659635939257
10096,7.604659635939257
10097,9.0
10098,7.604659635939257
10099,6.000000059999999
10100,7.604659635939257
10101,7.604659635939257
10102,8.5
10103,9.999999999999998
10104,7.0
10105,7.999999995547003
10106,8.5
10107,7.604659635939257
10108,7.604659635939257
10109,7.604659635939257
10110,7.604659635939257
10111,8.0
10112,7.604659635939257
10113,7.604659635939257
10114,7.999999960000002
10115,7.604659635939257
10116,7.604659635939257
10117,6.0
10118,7.604659635939257
10119,5.0
10120,7.604659635939257
10121,7.818181818677686
10122,7.604659635939257
10123,7.604659635939257
10124,7.604659635939257
10125,7.604659635939257
10126,5.5000000249999985
10127,9.000000003333334
10128,7.604659635939257
10129,7.604659635939257
10130,7.0
10131,7.604659635939257
10132,7.604659635939257
10133,7.604659635939257
10134,7.666666666111111
10135,8.0
10136,7.604659635939257
10137,7.604659635939257
10138,7.604659635939257
10139,7.604659635939257
10140,9.333333334444443
10141,7.604659635939257
10142,9.999999999999998
10143,7.604659635939257
10144,7.604659635939257
10145,7.604659635939257
10146,8.254593678694834
10147,8.485575589355754
10148,7.604659635939257
10149,7.604659635939257
10150,7.604659635939257
10151,7.999999950000002
10152,8.37483839643905
10153,7.604659635939257
10154,7.604659635939257
10155,7.604659635939257
10156,7.0
10157,7.604659635939257
10158,9.99999999
10159,7.604659635939257
10160,7.604659635939257
10161,7.5
10162,7.604659635939257
10163,8.0
10164,8.522407751174974
10165,7.604659635939257
10166,6.915620765145792
10167,8.0
10168,8.0
10169,7.604659635939257
10170,7.604659635939257
10171,7.604659635939257
10172,7.604659635939257
10173,7.0
10174,7.604659635939257
10175,7.604659635939257
10176,7.604659635939257
10177,7.604659635939257
10178,7.604659635939257
10179,7.604659635939257
10180,7.604659635939257
10181,7.210896723278953
10182,7.604659635939257
10183,7.604659635939257
10184,7.604659635939257
10185,7.604659635939257
10186,7.604659635939257
10187,6.32057154451111
10188,7.604659635939257
10189,7.604659635939257
10190,7.604659635939257
10191,7.604659635939257
10192,7.604659635939257
10193,5.0
10194,7.604659635939257
10195,7.604659635939257
10196,7.604659635939257
10197,7.604659635939257
10198,10.0
10199,7.604659635939257
10200,8.0
10201,7.604659635939257
10202,9.0
10203,9.0
10204,7.642857142653061
10205,8.0
10206,7.604659635939257
10207,9.809284650943775
10208,8.0
10209,8.0
10210,8.0
10211,7.0
10212,7.604659635939257
10213,7.604659635939257
10214,7.604659635939257
10215,7.604659635939257
10216,7.0
10217,7.604659635939257
10218,9.999999935000002
10219,7.0
10220,7.604659635939257
10221,6.999999999999999
10222,9.0
10223,7.604659635939257
10224,9.333333332592593
10225,7.000000000000001
10226,8.151117035842812
10227,7.0
10228,7.604659635939257
10229,8.0
10230,7.000000009999999
10231,7.604659635939257
10232,7.604659635939257
10233,7.604659635939257
10234,6.285714286666666
10235,8.0
10236,9.0
10237,7.604659635939257
10238,7.0
10239,8.0
10240,7.604659635939257
10241,7.604659635939257
10242,6.999999998174259
10243,6.0
10244,7.604659635939257
10245,7.604659635939257
10246,7.604659635939257
10247,7.604659635939257
10248,7.604659635939257
10249,8.333333332222223
10250,7.604659635939257
10251,7.604659635939257
10252,7.604659635939257
10253,7.604659635939257
10254,7.604659635939257
10255,7.604659635939257
10256,8.908673693672101
10257,7.604659635939257
10258,7.604659635939257
10259,7.604659635939257
10260,8.33333332888889
10261,7.604659635939257
10262,9.0
10263,7.604659635939257
10264,7.604659635939257
10265,7.604659635939257
10266,7.604659635939257
10267,8.0
10268,7.604659635939257
10269,8.0
10270,9.000000004999999
10271,6.0
10272,7.604659635939257
10273,7.604659635939257
10274,7.604659635939257
10275,7.604659635939257
10276,7.604659635939257
10277,7.604659635939257
10278,7.604659635939257
10279,7.604659635939257
10280,7.604659635939257
10281,7.604659635939257
10282,7.604659635939257
10283,7.604659635939257
10284,7.604659635939257
10285,7.604659635939257
10286,7.604659635939257
10287,7.604659635939257
10288,7.0
10289,7.8086030976404
10290,7.604659635939257
10291,7.604659635939257
10292,8.0
10293,5.000000049999999
10294,7.604659635939257
10295,7.604659635939257
10296,7.604659635939257
10297,7.604659635939257
10298,7.604659635939257
10299,7.604659635939257
10300,7.604659635939257
10301,7.514504622243405
10302,7.604659635939257
10303,7.604659635939257
10304,7.604659635939257
10305,7.24999999125
10306,7.604659635939257
10307,8.0
10308,7.0
10309,7.0
10310,7.604659635939257
10311,7.0
10312,7.604659635939257
10313,6.999999974082485
10314,7.393834558938281
10315,5.0
10316,8.99999999
10317,7.604659635939257
10318,7.604659635939257
10319,7.095739339187042
10320,8.0
10321,7.604659635939257
10322,7.000000000000001
10323,7.604659635939257
10324,7.604659635939257
10325,7.0
10326,7.604659635939257
10327,8.0
10328,7.604659635939257
10329,7.604659635939257
10330,7.604659635939257
10331,8.0
10332,7.604659635939257
10333,7.604659635939257
10334,7.604659635939257
10335,8.0
10336,7.604659635939257
10337,7.0
10338,8.5000000025
10339,8.0
10340,7.604659635939257
10341,5.0
10342,7.604659635939257
10343,7.99999999045472
10344,7.604659635939257
10345,8.200000001200001
10346,7.604659635939257
10347,7.604659635939257
10348,8.0
10349,9.0
10350,7.297021337519109
10351,5.924224928368953
10352,7.604659635939257
10353,7.604659635939257
10354,7.604659635939257
10355,8.0
10356,7.604659635939257
10357,7.604659635939257
10358,10.0
10359,7.604659635939257
10360,7.604659635939257
10361,7.604659635939257
10362,7.604659635939257
10363,7.0
10364,8.999999995
10365,9.008060006504119
10366,7.604659635939257
10367,7.9304851168158965
10368,7.604659635939257
10369,7.604659635939257
10370,7.604659635939257
10371,8.0
10372,7.604659635939257
10373,9.0
10374,7.499999999999999
10375,7.604659635939257
10376,5.000000069999998
10377,7.604659635939257
10378,7.604659635939257
10379,4.0
10380,8.0
10381,7.0000000075
10382,7.604659635939257
10383,7.604659635939257
10384,7.604659635939257
10385,7.604659635939257
10386,7.604659635939257
10387,9.219245653137452
10388,8.205213097367556
10389,7.604659635939257
10390,7.604659635939257
10391,7.604659635939257
10392,7.604659635939257
10393,6.423798180734831
10394,7.604659635939257
10395,8.0
10396,7.604659635939257
10397,7.604659635939257
10398,7.604659635939257
10399,7.0
10400,9.999999975
10401,7.604659635939257
10402,6.999999980000001
10403,7.604659635939257
10404,7.604659635939257
10405,9.000000000000002
10406,7.604659635939257
10407,8.0
10408,7.0
10409,7.604659635939257
10410,7.604659635939257
10411,7.898269672526801
10412,9.999999999999998
10413,7.604659635939257
10414,8.0
10415,7.604659635939257
10416,7.604659635939257
10417,7.604659635939257
10418,10.0
10419,7.604659635939257
10420,7.604659635939257
10421,7.604659635939257
10422,7.604659635939257
10423,7.604659635939257
10424,7.604659635939257
10425,7.0
10426,7.604659635939257
10427,7.604659635939257
10428,8.99999996
10429,8.302169479791736
10430,7.604659635939257
10431,7.0
10432,7.604659635939257
10433,7.604659635939257
10434,10.0
10435,8.461538461242602
10436,7.604659635939257
10437,7.604659635939257
10438,7.604659635939257
10439,7.604659635939257
10440,7.604659635939257
10441,9.599999998400001
10442,8.117647055882353
10443,8.946819640036539
10444,8.0
10445,7.604659635939257
10446,7.604659635939257
10447,8.0
10448,7.604659635939257
10449,7.000000019999999
10450,5.0
10451,7.604659635939257
10452,7.604659635939257
10453,7.300826671781531
10454,7.604659635939257
10455,3.0000000000000004
10456,7.604659635939257
10457,7.604659635939257
10458,8.133096674724225
10459,7.604659635939257
10460,8.0
10461,8.0
10462,7.604659635939257
10463,7.604659635939257
10464,7.604659635939257
10465,7.604659635939257
10466,5.0
10467,7.5358983825972725
10468,7.604659635939257
10469,7.604659635939257
10470,7.0
10471,7.604659635939257
10472,7.604659635939257
10473,7.604659635939257
10474,9.333333329444445
10475,7.604659635939257
10476,7.604659635939257
10477,7.0
10478,6.25
10479,7.9999999972497084
10480,7.604659635939257
10481,9.0
10482,7.604659635939257
10483,7.604659635939257
10484,7.0
10485,7.604659635939257
10486,8.0
10487,7.604659635939257
10488,7.604659635939257
10489,7.604659635939257
10490,7.604659635939257
10491,7.604659635939257
10492,7.604659635939257
10493,7.604659635939257
10494,7.604659635939257
10495,7.604659635939257
10496,7.604659635939257
10497,7.604659635939257
10498,7.604659635939257
10499,8.0
10500,7.604659635939257
10501,10.0
10502,7.604659635939257
10503,7.604659635939257
10504,8.0
10505,7.604659635939257
10506,6.0
10507,9.999999980000002
10508,9.0
10509,6.0
10510,6.000000004999999
10511,7.604659635939257
10512,7.604659635939257
10513,7.604659635939257
10514,8.0
10515,7.604659635939257
10516,7.604659635939257
10517,7.604659635939257
10518,7.604659635939257
10519,7.604659635939257
10520,8.0
10521,5.0
10522,8.0
10523,7.604659635939257
10524,7.604659635939257
10525,7.931498239318973
10526,7.604659635939257
10527,8.0
10528,7.604659635939257
10529,8.999999972027643
10530,7.604659635939257
10531,7.604659635939257
10532,7.604659635939257
10533,9.0
10534,7.604659635939257
10535,7.604659635939257
10536,8.0
10537,8.0
10538,9.0
10539,7.0
10540,7.604659635939257
10541,8.339633806042816
10542,7.0
10543,7.604659635939257
10544,7.604659635939257
10545,5.0
10546,7.604659635939257
10547,7.604659635939257
10548,9.999999979725356
10549,7.604659635939257
10550,7.604659635939257
10551,7.604659635939257
10552,9.0
10553,7.604659635939257
10554,7.604659635939257
10555,7.604659635939257
10556,7.604659635939257
10557,7.604659635939257
10558,7.604659635939257
10559,7.604659635939257
10560,7.604659635939257
10561,7.604659635939257
10562,7.604659635939257
10563,7.604659635939257
10564,7.604659635939257
10565,8.0
10566,7.000000000000001
10567,7.604659635939257
10568,7.604659635939257
10569,7.604659635939257
10570,7.604659635939257
10571,5.0
10572,8.0
10573,7.604659635939257
10574,7.604659635939257
10575,7.604659635939257
10576,7.604659635939257
10577,5.000000019999999
10578,7.604659635939257
10579,8.000000018
10580,7.604659635939257
10581,6.000000005
10582,7.604659635939257
10583,8.0
10584,7.604659635939257
10585,6.0
10586,7.604659635939257
10587,7.0
10588,7.604659635939257
10589,7.604659635939257
10590,7.604659635939257
10591,7.604659635939257
10592,7.604659635939257
10593,7.0
10594,9.9999999725
10595,7.604659635939257
10596,7.604659635939257
10597,6.999999999999999
10598,8.892742960313974
10599,8.0
10600,7.665347814505538
10601,8.0
10602,7.499999999999999
10603,7.604659635939257
10604,7.604659635939257
10605,6.0
10606,7.604659635939257
10607,7.604659635939257
10608,7.604659635939257
10609,7.333333332222222
10610,7.604659635939257
10611,7.75
10612,7.604659635939257
10613,8.0
10614,7.604659635939257
10615,7.604659635939257
10616,9.0
10617,8.0
10618,7.604659635939257
10619,9.999999985
10620,7.604659635939257
10621,7.604659635939257
10622,7.604659635939257
10623,10.0
10624,7.604659635939257
10625,7.604659635939257
10626,7.604659635939257
10627,6.798092942241794
10628,7.604659635939257
10629,7.604659635939257
10630,7.604659635939257
10631,7.604659635939257
10632,7.604659635939257
10633,7.825542372564798
10634,10.0
10635,7.604659635939257
10636,8.348331477883097
10637,7.604659635939257
10638,7.604659635939257
10639,7.604659635939257
10640,7.604659635939257
10641,7.227355650301438
10642,7.604659635939257
10643,7.604659635939257
10644,7.604659635939257
10645,7.604659635939257
10646,7.604659635939257
10647,7.604659635939257
10648,7.50000001875
10649,7.604659635939257
10650,8.0
10651,7.604659635939257
10652,7.604659635939257
10653,7.604659635939257
10654,7.604659635939257
10655,7.604659635939257
10656,7.604659635939257
10657,7.604659635939257
10658,7.604659635939257
10659,9.999999999999998
10660,7.604659635939257
10661,7.604659635939257
10662,7.604659635939257
10663,7.604659635939257
10664,7.9999999992857145
10665,7.604659635939257
10666,7.666666667777778
10667,8.0
10668,7.0
10669,7.604659635939257
10670,7.604659635939257
10671,8.545239129432725
10672,7.0
10673,7.604659635939257
10674,7.604659635939257
10675,7.604659635939257
10676,7.500000002499999
10677,7.604659635939257
10678,7.999999999999999
10679,8.0
10680,7.604659635939257
10681,7.604659635939257
10682,7.1111111106172835
10683,7.604659635939257
10684,7.604659635939257
10685,7.604659635939257
10686,7.604659635939257
10687,7.604659635939257
10688,7.604659635939257
10689,7.604659635939257
10690,7.0
10691,7.604659635939257
10692,7.237881575726443
10693,7.604659635939257
10694,8.0
10695,7.604659635939257
10696,7.604659635939257
10697,7.436899791608645
10698,10.0
10699,7.604659635939257
10700,7.604659635939257
10701,7.604659635939257
10702,8.0
10703,7.0
10704,7.604659635939257
10705,7.604659635939257
10706,7.604659635939257
10707,7.604659635939257
10708,7.604659635939257
10709,7.604659635939257
10710,6.585786436916227
10711,7.000000039999999
10712,8.0
10713,7.604659635939257
10714,8.999999983986122
10715,7.604659635939257
10716,7.604659635939257
10717,7.604659635939257
10718,7.604659635939257
10719,3.0
10720,7.604659635939257
10721,7.604659635939257
10722,7.604659635939257
10723,7.604659635939257
10724,7.0000000141421355
10725,7.604659635939257
10726,7.604659635939257
10727,7.604659635939257
10728,7.604659635939257
10729,7.604659635939257
10730,7.604659635939257
10731,7.604659635939257
10732,8.0
10733,7.604659635939257
10734,7.604659635939257
10735,7.0
10736,7.604659635939257
10737,7.604659635939257
10738,7.0
10739,7.604659635939257
10740,7.0
10741,7.604659635939257
10742,7.604659635939257
10743,7.604659635939257
10744,8.0
10745,4.734607496673626
10746,6.000000000000001
10747,7.184782368419079
10748,8.00000002
10749,7.0
10750,7.604659635939257
10751,7.0
10752,8.0
10753,7.604659635939257
10754,7.0
10755,5.6742362999449165
10756,7.604659635939257
10757,7.604659635939257
10758,7.604659635939257
10759,7.5
10760,7.604659635939257
10761,7.604659635939257
10762,7.604659635939257
10763,7.604659635939257
10764,7.604659635939257
10765,10.0
10766,7.604659635939257
10767,7.604659635939257
10768,7.604659635939257
10769,7.604659635939257
10770,7.604659635939257
10771,7.604659635939257
10772,8.0
10773,7.604659635939257
10774,7.604659635939257
10775,7.604659635939257
10776,7.604659635939257
10777,8.0
10778,5.0
10779,4.0
10780,7.604659635939257
10781,7.604659635939257
10782,7.604659635939257
10783,9.0
10784,7.604659635939257
10785,9.99999998268774
10786,8.0
10787,7.0
10788,7.604659635939257
10789,8.0
10790,7.604659635939257
10791,8.753566297355155
10792,8.0
10793,9.0
10794,9.000000008535535
10795,7.604659635939257
10796,7.604659635939257
10797,7.604659635939257
10798,7.604659635939257
10799,7.604659635939257
10800,7.604659635939257
10801,7.604659635939257
10802,7.604659635939257
10803,7.604659635939257
10804,7.604659635939257
10805,7.604659635939257
10806,7.604659635939257
10807,6.666666665555556
10808,8.0
10809,7.604659635939257
10810,7.604659635939257
10811,7.604659635939257
10812,2.0000000399999993
10813,7.604659635939257
10814,7.604659635939257
10815,7.604659635939257
10816,7.604659635939257
10817,7.604659635939257
10818,8.0
10819,7.604659635939257
10820,7.604659635939257
10821,7.604659635939257
10822,7.604659635939257
10823,7.604659635939257
10824,7.604659635939257
10825,7.604659635939257
10826,7.604659635939257
10827,7.604659635939257
10828,8.0
10829,7.604659635939257
10830,7.604659635939257
10831,7.604659635939257
10832,7.604659635939257
10833,8.45933697039058
10834,7.604659635939257
10835,7.604659635939257
10836,7.699138634389308
10837,7.604659635939257
10838,9.0
10839,7.604659635939257
10840,7.604659635939257
10841,7.604659635939257
10842,8.0
10843,7.0
10844,8.0
10845,7.604659635939257
10846,7.604659635939257
10847,7.604659635939257
10848,8.0
10849,8.999999999999998
10850,7.604659635939257
10851,7.604659635939257
10852,8.0
10853,7.604659635939257
10854,7.604659635939257
10855,7.604659635939257
10856,9.999999979850891
10857,7.604659635939257
10858,7.666666665555555
10859,8.0
10860,7.604659635939257
10861,7.999999996000001
10862,7.604659635939257
10863,7.604659635939257
10864,7.604659635939257
10865,7.604659635939257
10866,8.666666665555555
10867,7.604659635939257
10868,9.0
10869,7.604659635939257
10870,8.0
10871,7.0
10872,7.604659635939257
10873,7.604659635939257
10874,10.0
10875,7.604659635939257
10876,8.0
10877,7.604659635939257
10878,7.604659635939257
10879,7.604659635939257
10880,7.604659635939257
10881,7.604659635939257
10882,7.604659635939257
10883,7.604659635939257
10884,8.999999997763933
10885,7.604659635939257
10886,7.604659635939257
10887,7.604659635939257
10888,7.604659635939257
10889,7.604659635939257
10890,8.65336121371771
10891,7.604659635939257
10892,7.604659635939257
10893,7.604659635939257
10894,7.604659635939257
10895,7.604659635939257
10896,10.0
10897,7.604659635939257
10898,7.604659635939257
10899,7.604659635939257
10900,7.604659635939257
10901,7.604659635939257
10902,7.604659635939257
10903,7.604659635939257
10904,7.604659635939257
10905,7.604659635939257
10906,9.999999985
10907,7.604659635939257
10908,7.604659635939257
10909,9.333333333333334
10910,7.604659635939257
10911,7.604659635939257
10912,7.604659635939257
10913,7.604659635939257
10914,7.604659635939257
10915,7.604659635939257
10916,8.999999985527865
10917,7.604659635939257
10918,7.604659635939257
10919,7.604659635939257
10920,7.604659635939257
10921,8.0
10922,7.604659635939257
10923,8.0
10924,6.585786436916227
10925,7.604659635939257
10926,7.604659635939257
10927,7.604659635939257
10928,7.604659635939257
10929,7.604659635939257
10930,7.604659635939257
10931,7.604659635939257
10932,7.604659635939257
10933,7.604659635939257
10934,7.604659635939257
10935,7.999999998333333
10936,9.374703829396557
10937,5.750000004375
10938,8.999999996876523
10939,7.142857145714286
10940,6.956521738601135
10941,7.604659635939257
10942,8.0
10943,7.604659635939257
10944,7.0
10945,7.0
10946,7.604659635939257
10947,8.0
10948,8.0
10949,7.604659635939257
10950,7.0
10951,7.604659635939257
10952,7.604659635939257
10953,9.999999950000003
10954,8.0
10955,7.604659635939257
10956,7.604659635939257
10957,8.0
10958,7.373210994772882
10959,7.0
10960,8.0
10961,7.0
10962,9.999999999999998
10963,8.0
10964,7.604659635939257
10965,7.604659635939257
10966,7.604659635939257
10967,7.604659635939257
10968,7.604659635939257
10969,8.0
10970,7.604659635939257
10971,7.604659635939257
10972,7.604659635939257
10973,7.604659635939257
10974,7.604659635939257
10975,7.604659635939257
10976,7.604659635939257
10977,5.0
10978,9.0
10979,7.604659635939257
10980,7.604659635939257
10981,8.0
10982,5.000000082126779
10983,9.0
10984,7.604659635939257
10985,7.604659635939257
10986,7.604659635939257
10987,7.604659635939257
10988,7.604659635939257
10989,7.604659635939257
10990,6.000000015
10991,7.604659635939257
10992,7.604659635939257
10993,6.0
10994,5.0
10995,7.604659635939257
10996,7.604659635939257
10997,7.604659635939257
10998,9.00000001
10999,7.604659635939257
11000,9.999999954240261
11001,7.49999999875
11002,7.0
11003,6.25
11004,7.376744272058087
11005,8.0
11006,7.604659635939257
11007,7.604659635939257
11008,7.604659635939257
11009,8.499999989267765
11010,7.604659635939257
11011,8.0
11012,7.604659635939257
11013,6.508955306895648
11014,7.604659635939257
11015,7.604659635939257
11016,7.604659635939257
11017,7.0
11018,7.604659635939257
11019,7.604659635939257
11020,7.999999973333336
11021,6.666666677777778
11022,7.604659635939257
11023,7.604659635939257
11024,7.604659635939257
11025,7.604659635939257
11026,7.604659635939257
11027,10.0
11028,7.604659635939257
11029,7.604659635939257
11030,7.604659635939257
11031,8.0
11032,7.604659635939257
11033,8.0
11034,7.604659635939257
11035,9.63060193776448
11036,7.604659635939257
11037,7.604659635939257
11038,8.000000005
11039,8.5000000025
11040,6.993738973634109
11041,7.604659635939257
11042,7.604659635939257
11043,8.0
11044,7.604659635939257
11045,8.68500994715195
11046,7.604659635939257
11047,8.0
11048,8.0
11049,7.604659635939257
11050,8.999999958905997
11051,7.604659635939257
11052,5.000000033416407
11053,8.028544196975098
11054,7.604659635939257
11055,7.604659635939257
11056,10.0
11057,7.604659635939257
11058,7.604659635939257
11059,7.909090909421487
11060,7.604659635939257
11061,7.604659635939257
11062,7.0
11063,7.604659635939257
11064,7.0
11065,7.604659635939257
11066,7.0
11067,8.99999999
11068,7.604659635939257
11069,7.00000002
11070,7.604659635939257
11071,7.3529411752941165
11072,7.604659635939257
11073,7.604659635939257
11074,7.604659635939257
11075,7.604659635939257
11076,10.0
11077,7.604659635939257
11078,7.604659635939257
11079,7.604659635939257
11080,7.604659635939257
11081,7.604659635939257
11082,8.0
11083,9.499999979999998
11084,7.604659635939257
11085,7.604659635939257
11086,7.604659635939257
11087,7.604659635939257
11088,7.604659635939257
11089,9.333333333333332
11090,7.0
11091,8.0
11092,7.604659635939257
11093,7.604659635939257
11094,7.604659635939257
11095,5.0
11096,7.275073196044465
11097,7.604659635939257
11098,8.0
11099,7.604659635939257
11100,7.604659635939257
11101,7.604659635939257
11102,7.604659635939257
11103,7.604659635939257
11104,7.604659635939257
11105,7.604659635939257
11106,7.604659635939257
11107,10.0
11108,7.604659635939257
11109,7.604659635939257
11110,7.604659635939257
11111,3.0
11112,7.604659635939257
11113,7.604659635939257
11114,7.604659635939257
11115,7.604659635939257
11116,7.604659635939257
11117,7.604659635939257
11118,8.0
11119,7.604659635939257
11120,7.604659635939257
11121,7.604659635939257
11122,7.604659635939257
11123,6.0
11124,7.604659635939257
11125,7.604659635939257
11126,7.604659635939257
11127,7.604659635939257
11128,7.604659635939257
11129,7.604659635939257
11130,7.0
11131,7.604659635939257
11132,6.0
11133,7.333333335555555
11134,8.0
11135,7.604659635939257
11136,7.604659635939257
11137,7.604659635939257
11138,10.0
11139,8.0
11140,7.604659635939257
11141,7.604659635939257
11142,7.604659635939257
11143,7.0
11144,7.604659635939257
11145,6.9999999890236895
11146,7.604659635939257
11147,8.0
11148,7.604659635939257
11149,8.0
11150,7.604659635939257
11151,7.604659635939257
11152,7.604659635939257
11153,7.604659635939257
11154,7.604659635939257
11155,8.0
11156,8.0
11157,7.604659635939257
11158,9.666666665555555
11159,7.604659635939257
11160,7.604659635939257
11161,7.604659635939257
11162,7.604659635939257
11163,7.604659635939257
11164,9.5
11165,7.604659635939257
11166,6.549703547994532
11167,7.604659635939257
11168,7.604659635939257
11169,7.604659635939257
11170,10.0
11171,7.333333333333334
11172,7.604659635939257
11173,7.604659635939257
11174,7.604659635939257
11175,7.158017145912913
11176,7.767986385476138
11177,7.604659635939257
11178,7.604659635939257
11179,7.604659635939257
11180,8.0
11181,7.604659635939257
11182,7.604659635939257
11183,9.0
11184,7.604659635939257
11185,8.75
11186,8.0
11187,7.0
11188,7.604659635939257
11189,7.604659635939257
11190,7.604659635939257
11191,7.604659635939257
11192,7.604659635939257
11193,9.666666666666666
11194,7.604659635939257
11195,7.604659635939257
11196,4.999999999999999
11197,7.604659635939257
11198,7.0
11199,5.692307695088757
11200,5.0
11201,7.500000000000001
11202,10.0
11203,7.604659635939257
11204,7.604659635939257
11205,7.604659635939257
11206,9.0
11207,7.604659635939257
11208,7.604659635939257
11209,7.604659635939257
11210,9.999999994654775
11211,7.604659635939257
11212,7.604659635939257
11213,7.604659635939257
11214,7.604659635939257
11215,7.604659635939257
11216,7.604659635939257
11217,7.999999989999999
11218,7.604659635939257
11219,7.0
11220,7.500000019999999
11221,8.0
11222,7.604659635939257
11223,7.604659635939257
11224,7.604659635939257
11225,9.0
11226,9.0
11227,9.75
11228,7.604659635939257
11229,7.604659635939257
11230,7.604659635939257
11231,7.604659635939257
11232,7.0
11233,7.604659635939257
11234,7.604659635939257
11235,7.604659635939257
11236,7.604659635939257
11237,7.604659635939257
11238,7.604659635939257
11239,7.604659635939257
11240,8.0
11241,9.999999999999998
11242,7.604659635939257
11243,7.604659635939257
11244,7.0
11245,7.604659635939257
11246,7.999999986220358
11247,6.000000043108317
11248,7.604659635939257
11249,7.0000000121112596
11250,5.0
11251,5.0
11252,7.604659635939257
11253,5.178280065857216
11254,9.0
11255,7.808533823439684
11256,7.604659635939257
11257,8.000000003333332
11258,7.604659635939257
11259,7.604659635939257
11260,8.0
11261,7.604659635939257
11262,7.604659635939257
11263,8.0
11264,8.0
11265,7.604659635939257
11266,7.604659635939257
11267,8.42264973118787
11268,7.604659635939257
11269,7.604659635939257
11270,7.604659635939257
11271,9.999999999999998
11272,7.604659635939257
11273,7.604659635939257
11274,8.0
11275,8.0
11276,7.604659635939257
11277,7.604659635939257
11278,7.604659635939257
11279,7.604659635939257
11280,7.604659635939257
11281,7.604659635939257
11282,7.604659635939257
11283,6.967213111096479
11284,7.604659635939257
11285,8.000000003333332
11286,8.0
11287,7.604659635939257
11288,7.604659635939257
11289,7.604659635939257
11290,8.0
11291,7.604659635939257
11292,7.604659635939257
11293,5.000000040606602
11294,8.00000001
11295,7.604659635939257
11296,7.604659635939257
11297,9.00000001
11298,10.0
11299,7.604659635939257
11300,7.604659635939257
11301,7.604659635939257
11302,7.604659635939257
11303,7.604659635939257
11304,5.6666666673693955
11305,8.0
11306,7.604659635939257
11307,7.604659635939257
11308,7.604659635939257
11309,10.0
11310,6.000000039999999
11311,7.604659635939257
11312,7.604659635939257
11313,5.0
11314,8.0
11315,7.604659635939257
11316,7.604659635939257
11317,6.0
11318,7.604659635939257
11319,7.604659635939257
11320,7.604659635939257
11321,10.0
11322,7.604659635939257
11323,8.999999995
11324,7.0
11325,8.0
11326,7.0
11327,7.604659635939257
11328,7.0
11329,7.604659635939257
11330,8.0
11331,7.604659635939257
11332,8.0
11333,7.604659635939257
11334,7.604659635939257
11335,9.0
11336,7.604659635939257
11337,7.604659635939257
11338,7.604659635939257
11339,8.0
11340,7.604659635939257
11341,7.604659635939257
11342,7.604659635939257
11343,7.604659635939257
11344,7.604659635939257
11345,7.604659635939257
11346,7.604659635939257
11347,8.0
11348,7.604659635939257
11349,7.604659635939257
11350,9.999999990000001
11351,6.999999999999999
11352,7.00000003
11353,7.604659635939257
11354,8.0
11355,7.604659635939257
11356,7.106237282947597
11357,8.0
11358,2.0
11359,8.666666668888888
11360,7.4999999925
11361,7.604659635939257
11362,7.604659635939257
11363,7.604659635939257
11364,7.604659635939257
11365,7.604659635939257
11366,7.604659635939257
11367,7.604659635939257
11368,7.604659635939257
11369,7.604659635939257
11370,9.999999972191311
11371,7.604659635939257
11372,7.0
11373,6.75
11374,7.604659635939257
11375,7.0
11376,7.604659635939257
11377,7.604659635939257
11378,7.604659635939257
11379,4.999999999999999
11380,8.0
11381,7.604659635939257
11382,5.0
11383,7.604659635939257
11384,8.743826207403691
11385,7.604659635939257
11386,8.0
11387,7.604659635939257
11388,8.0
11389,8.888888889135803
11390,7.604659635939257
11391,8.0
11392,8.999999992425357
11393,7.604659635939257
11394,7.604659635939257
11395,7.604659635939257
11396,7.604659635939257
11397,8.333333332777777
11398,7.604659635939257
11399,8.0
11400,7.604659635939257
11401,7.0
11402,7.604659635939257
11403,8.0
11404,7.0
11405,7.604659635939257
11406,7.604659635939257
11407,7.604659635939257
11408,7.604659635939257
11409,7.604659635939257
11410,7.604659635939257
11411,7.604659635939257
11412,8.75
11413,9.999999996666666
11414,7.604659635939257
11415,8.0
11416,8.0
11417,7.604659635939257
11418,6.9157283792406306
11419,7.604659635939257
11420,7.604659635939257
11421,7.604659635939257
11422,7.000000002
11423,8.0
11424,7.604659635939257
11425,7.0
11426,7.604659635939257
11427,8.0
11428,7.604659635939257
11429,9.076720116696887
11430,8.0
11431,7.604659635939257
11432,7.604659635939257
11433,8.596548896180343
11434,7.000000000000001
11435,8.0
11436,7.0
11437,8.00000002
11438,7.604659635939257
11439,7.604659635939257
11440,7.0
11441,9.999999999999998
11442,7.604659635939257
11443,8.0
11444,7.604659635939257
11445,7.604659635939257
11446,7.604659635939257
11447,7.604659635939257
11448,8.0
11449,7.604659635939257
11450,7.604659635939257
11451,7.604659635939257
11452,8.527864044868863
11453,7.604659635939257
11454,7.804805897208969
11455,7.604659635939257
11456,7.0
11457,7.0
11458,7.604659635939257
11459,7.2857142869387745
11460,7.0
11461,9.000000005
11462,7.604659635939257
11463,7.604659635939257
11464,9.0
11465,7.604659635939257
11466,7.604659635939257
11467,7.604659635939257
11468,8.25
11469,7.604659635939257
11470,8.500000009999999
11471,7.0
11472,9.69472731040713
11473,7.99999999
11474,7.604659635939257
11475,7.0
11476,7.604659635939257
11477,7.604659635939257
11478,7.604659635939257
11479,4.999999999999999
11480,7.604659635939257
11481,8.0
11482,7.604659635939257
11483,8.527864044868863
11484,7.604659635939257
11485,7.604659635939257
11486,7.604659635939257
11487,7.604659635939257
11488,7.604659635939257
11489,7.604659635939257
11490,7.604659635939257
11491,7.0
11492,7.604659635939257
11493,9.0
11494,7.604659635939257
11495,7.604659635939257
11496,8.000000005917517
11497,7.0
11498,7.604659635939257
11499,5.0
11500,7.604659635939257
11501,7.604659635939257
11502,7.604659635939257
11503,7.604659635939257
11504,7.604659635939257
11505,7.604659635939257
11506,7.604659635939257
11507,8.0
11508,7.604659635939257
11509,7.604659635939257
11510,7.604659635939257
11511,7.604659635939257
11512,8.0
11513,8.666666665555555
11514,7.0
11515,7.604659635939257
11516,7.604659635939257
11517,5.0
11518,7.604659635939257
11519,7.604659635939257
11520,7.604659635939257
11521,7.604659635939257
11522,9.999999910000003
11523,8.0
11524,8.0
11525,9.999999999999998
11526,7.604659635939257
11527,8.0
11528,8.0
11529,7.604659635939257
11530,7.000000010000001
11531,7.604659635939257
11532,7.604659635939257
11533,7.604659635939257
11534,7.604659635939257
11535,7.604659635939257
11536,6.666666671111111
11537,8.316034291825826
11538,7.0
11539,8.0
11540,9.75
11541,7.0
11542,7.35310107374676
11543,7.604659635939257
11544,8.28571428734694
11545,8.0
11546,7.604659635939257
11547,9.25
11548,8.0
11549,7.604659635939257
11550,7.0
11551,7.604659635939257
11552,8.0
11553,9.99999999
11554,7.604659635939257
11555,7.604659635939257
11556,9.5000000025
11557,7.0
11558,7.604659635939257
11559,7.604659635939257
11560,7.604659635939257
11561,10.0
11562,7.604659635939257
11563,7.604659635939257
11564,5.0
11565,7.604659635939257
11566,7.604659635939257
11567,6.0
11568,10.0
11569,7.604659635939257
11570,8.0
11571,8.532288725414034
11572,7.0
11573,7.604659635939257
11574,8.799999999599999
11575,7.604659635939257
11576,7.000000025
11577,7.604659635939257
11578,10.0
11579,7.604659635939257
11580,8.0
11581,8.0
11582,8.0
11583,7.604659635939257
11584,7.0
11585,7.604659635939257
11586,1.0
11587,7.25
11588,7.000000023320502
11589,7.604659635939257
11590,10.0
11591,7.000000000000001
11592,9.999999980527866
11593,7.604659635939257
11594,6.0
11595,7.000000000000001
11596,7.604659635939257
11597,8.0
11598,7.604659635939257
11599,8.000000006666667
11600,10.0
11601,7.604659635939257
11602,7.0
11603,7.0
11604,7.604659635939257
11605,7.604659635939257
11606,7.604659635939257
11607,7.604659635939257
11608,7.604659635939257
11609,8.0
11610,8.0
11611,7.604659635939257
11612,7.604659635939257
11613,7.604659635939257
11614,7.604659635939257
11615,9.0
11616,7.604659635939257
11617,5.0
11618,7.604659635939257
11619,7.604659635939257
11620,7.604659635939257
11621,7.604659635939257
11622,8.0
11623,7.604659635939257
11624,7.604659635939257
11625,9.0
11626,8.486486487253469
11627,7.604659635939257
11628,7.604659635939257
11629,9.5
11630,7.604659635939257
11631,6.51387818978976
11632,7.604659635939257
11633,10.0
11634,7.091374414137884
11635,7.604659635939257
11636,7.604659635939257
11637,7.604659635939257
11638,7.604659635939257
11639,7.99999999
11640,7.604659635939257
11641,7.604659635939257
11642,7.604659635939257
11643,7.604659635939257
11644,8.0
11645,8.0
11646,8.000000004999999
11647,7.604659635939257
11648,7.604659635939257
11649,7.604659635939257
11650,8.0
11651,7.604659635939257
11652,7.604659635939257
11653,7.0
11654,8.883801545053688
11655,10.000000000000002
11656,7.362665827402977
11657,7.666666664444445
11658,7.000000000000001
11659,7.604659635939257
11660,7.604659635939257
11661,7.604659635939257
11662,7.604659635939257
11663,7.604659635939257
11664,7.0
11665,9.000000010372842
11666,7.604659635939257
11667,8.0
11668,7.604659635939257
11669,7.75
11670,7.604659635939257
11671,5.57142857244898
11672,7.604659635939257
11673,10.0
11674,9.692307692011834
11675,7.604659635939257
11676,7.604659635939257
11677,7.604659635939257
11678,7.604659635939257
11679,8.0
11680,7.604659635939257
11681,7.604659635939257
11682,7.604659635939257
11683,8.0
11684,5.000000033333333
11685,8.0
11686,7.604659635939257
11687,8.0
11688,7.604659635939257
11689,7.0
11690,7.604659635939257
11691,7.604659635939257
11692,7.604659635939257
11693,8.00000001
11694,6.292510788751829
11695,7.604659635939257
11696,8.0
11697,7.604659635939257
11698,7.604659635939257
11699,7.604659635939257
11700,7.604659635939257
11701,7.604659635939257
11702,7.604659635939257
11703,7.0
11704,7.604659635939257
11705,7.604659635939257
11706,7.604659635939257
11707,9.0
11708,7.604659635939257
11709,8.0
11710,8.0
11711,7.604659635939257
11712,7.604659635939257
11713,7.0
11714,7.604659635939257
11715,7.604659635939257
11716,7.604659635939257
11717,8.0
11718,5.0
11719,7.604659635939257
11720,7.604659635939257
11721,8.0
11722,7.999999960000001
11723,7.604659635939257
11724,7.604659635939257
11725,7.604659635939257
11726,7.604659635939257
11727,8.0
11728,7.604659635939257
11729,7.604659635939257
11730,7.604659635939257
11731,9.25
11732,7.604659635939257
11733,7.604659635939257
11734,7.604659635939257
11735,8.0
11736,6.999999999999999
11737,7.0
11738,7.604659635939257
11739,7.0000000349999985
11740,7.604659635939257
11741,9.254601916168886
11742,7.604659635939257
11743,7.604659635939257
11744,7.604659635939257
11745,7.604659635939257
11746,7.604659635939257
11747,7.99999997
11748,7.604659635939257
11749,8.604409104153362
11750,7.604659635939257
11751,8.0
11752,6.333333333703704
11753,7.604659635939257
11754,7.604659635939257
11755,8.0
11756,7.604659635939257
11757,7.604659635939257
11758,7.604659635939257
11759,8.0
11760,7.604659635939257
11761,7.604659635939257
11762,7.604659635939257
11763,7.604659635939257
11764,8.0
11765,7.604659635939257
11766,7.604659635939257
11767,9.999999985000002
11768,8.75
11769,7.999999996666666
11770,7.604659635939257
11771,7.604659635939257
11772,7.00000001
11773,7.604659635939257
11774,8.0
11775,7.604659635939257
11776,7.604659635939257
11777,7.604659635939257
11778,8.0
11779,9.310994544414129
11780,7.604659635939257
11781,7.604659635939257
11782,5.854101966806965
11783,7.604659635939257
11784,7.604659635939257
11785,7.604659635939257
11786,7.604659635939257
11787,4.000000029027347
11788,7.604659635939257
11789,7.604659635939257
11790,8.0
11791,7.0
11792,7.604659635939257
11793,7.604659635939257
11794,7.999999999999999
11795,7.604659635939257
11796,7.604659635939257
11797,10.000000000000002
11798,10.0
11799,9.999999999999998
11800,9.228064550689759
11801,7.604659635939257
11802,7.604659635939257
11803,8.0
11804,7.604659635939257
11805,8.56169359370345
11806,7.604659635939257
11807,7.604659635939257
11808,7.142857143469387
11809,7.604659635939257
11810,7.604659635939257
11811,7.604659635939257
11812,7.604659635939257
11813,7.604659635939257
11814,7.604659635939257
11815,7.604659635939257
11816,7.604659635939257
11817,9.0
11818,8.0
11819,7.604659635939257
11820,8.0
11821,7.604659635939257
11822,7.0
11823,7.604659635939257
11824,8.0
11825,7.604659635939257
11826,9.0
11827,7.604659635939257
11828,8.0
11829,7.604659635939257
11830,8.999999996286093
11831,7.604659635939257
11832,7.604659635939257
11833,7.604659635939257
11834,7.604659635939257
11835,5.0
11836,7.604659635939257
11837,7.604659635939257
11838,9.999999999999998
11839,7.604659635939257
11840,7.0
11841,7.604659635939257
11842,7.604659635939257
11843,7.604659635939257
11844,7.604659635939257
11845,7.604659635939257
11846,7.604659635939257
11847,8.0
11848,7.604659635939257
11849,8.0
11850,7.604659635939257
11851,10.0
11852,7.604659635939257
11853,2.0
11854,7.604659635939257
11855,8.0
11856,7.604659635939257
11857,7.604659635939257
11858,7.604659635939257
11859,7.604659635939257
11860,7.604659635939257
11861,7.0
11862,7.604659635939257
11863,7.604659635939257
11864,7.604659635939257
11865,8.0
11866,7.604659635939257
11867,7.604659635939257
11868,7.000000022111456
11869,8.0
11870,7.604659635939257
11871,7.604659635939257
11872,7.0
11873,7.604659635939257
11874,7.604659635939257
11875,7.604659635939257
11876,7.604659635939257
11877,7.604659635939257
11878,7.604659635939257
11879,7.604659635939257
11880,7.604659635939257
11881,7.604659635939257
11882,7.999999940000003
11883,8.0
11884,7.604659635939257
11885,7.604659635939257
11886,10.0
11887,8.0
11888,7.604659635939257
11889,7.604659635939257
11890,7.0
11891,7.604659635939257
11892,7.604659635939257
11893,7.604659635939257
11894,7.604659635939257
11895,7.604659635939257
11896,5.0
11897,7.604659635939257
11898,7.604659635939257
11899,7.0
11900,9.0
11901,8.0
11902,7.604659635939257
11903,7.604659635939257
11904,7.604659635939257
11905,7.604659635939257
11906,7.604659635939257
11907,7.604659635939257
11908,7.0
11909,7.604659635939257
11910,7.604659635939257
11911,7.604659635939257
11912,7.604659635939257
11913,8.0
11914,7.604659635939257
11915,10.0
11916,7.604659635939257
11917,8.0
11918,7.604659635939257
11919,7.604659635939257
11920,8.0
11921,7.604659635939257
11922,7.604659635939257
11923,7.604659635939257
11924,7.604659635939257
11925,7.604659635939257
11926,7.604659635939257
11927,9.0
11928,7.604659635939257
11929,7.604659635939257
11930,7.604659635939257
11931,7.604659635939257
11932,7.604659635939257
11933,9.5
11934,7.0
11935,7.604659635939257
11936,7.604659635939257
11937,7.604659635939257
11938,7.604659635939257
11939,7.604659635939257
11940,8.0
11941,7.604659635939257
11942,8.0
11943,8.0
11944,8.0
11945,8.0
11946,7.604659635939257
11947,7.604659635939257
11948,7.604659635939257
11949,7.604659635939257
11950,7.604659635939257
11951,7.604659635939257
11952,10.0
11953,9.0
11954,7.0
11955,7.604659635939257
11956,7.604659635939257
11957,7.604659635939257
11958,7.604659635939257
11959,7.604659635939257
11960,7.604659635939257
11961,7.604659635939257
11962,7.604659635939257
11963,7.604659635939257
11964,7.604659635939257
11965,7.604659635939257
11966,7.604659635939257
11967,7.604659635939257
11968,7.604659635939257
11969,7.604659635939257
11970,7.604659635939257
11971,8.25
11972,7.604659635939257
11973,9.00000002
11974,7.604659635939257
11975,7.604659635939257
11976,7.604659635939257
11977,7.604659635939257
11978,7.604659635939257
11979,7.604659635939257
11980,9.25
11981,7.604659635939257
11982,7.0
11983,8.0
11984,7.604659635939257
11985,8.0
11986,7.604659635939257
11987,7.604659635939257
11988,7.604659635939257
11989,7.0
11990,7.604659635939257
11991,7.604659635939257
11992,7.604659635939257
11993,7.604659635939257
11994,7.489703833930341
11995,7.604659635939257
11996,7.604659635939257
11997,7.604659635939257
11998,7.604659635939257
11999,6.631578945734073
12000,6.0
12001,7.604659635939257
12002,7.604659635939257
12003,7.604659635939257
12004,7.604659635939257
12005,7.604659635939257
12006,7.604659635939257
12007,7.604659635939257
12008,7.0
12009,7.604659635939257
12010,8.0
12011,7.604659635939257
12012,10.0
12013,7.604659635939257
12014,7.604659635939257
12015,9.0
12016,8.000000005
12017,5.0
12018,8.0
12019,7.604659635939257
12020,7.604659635939257
12021,7.604659635939257
12022,8.0
12023,7.604659635939257
12024,7.604659635939257
12025,7.604659635939257
12026,9.25
12027,7.604659635939257
12028,7.604659635939257
12029,7.604659635939257
12030,7.604659635939257
12031,7.604659635939257
12032,7.604659635939257
12033,9.190743570282656
12034,7.0
12035,8.75
12036,7.604659635939257
12037,7.604659635939257
12038,7.604659635939257
12039,7.352941174117647
12040,7.604659635939257
12041,7.604659635939257
12042,7.604659635939257
12043,7.079396225945173
12044,7.0
12045,7.604659635939257
12046,8.502686141314323
12047,7.604659635939257
12048,7.604659635939257
12049,5.000000015596571
12050,7.604659635939257
12051,7.0
12052,8.0
12053,8.0
12054,7.00000001
12055,7.604659635939257
12056,6.699557788829522
12057,7.0
12058,7.604659635939257
12059,7.000000004850714
12060,7.604659635939257
12061,7.604659635939257
12062,7.604659635939257
12063,7.604659635939257
12064,8.0
12065,8.0
12066,7.604659635939257
12067,7.604659635939257
12068,7.604659635939257
12069,6.969690009957195
12070,7.604659635939257
12071,7.604659635939257
12072,7.604659635939257
12073,7.604659635939257
12074,7.604659635939257
12075,9.0
12076,10.0
12077,7.604659635939257
12078,8.0
12079,7.799999998799999
12080,8.0
12081,7.604659635939257
12082,7.604659635939257
12083,7.604659635939257
12084,9.33333332888889
12085,7.604659635939257
12086,7.604659635939257
12087,7.604659635939257
12088,8.00000001
12089,6.0
12090,9.999999930000005
12091,7.604659635939257
12092,7.0
12093,7.604659635939257
12094,7.604659635939257
12095,7.604659635939257
12096,9.0
12097,8.000000015
12098,7.0
12099,8.630601937623172
12100,7.604659635939257
12101,7.604659635939257
12102,7.604659635939257
12103,7.604659635939257
12104,7.604659635939257
12105,7.604659635939257
12106,7.604659635939257
12107,5.0
12108,7.851212278434681
12109,7.604659635939257
12110,5.0000000437867955
12111,10.000000000000002
12112,7.604659635939257
12113,8.0
12114,7.604659635939257
12115,7.604659635939257
12116,7.0
12117,9.75
12118,7.604659635939257
12119,7.604659635939257
12120,7.803562223398101
12121,8.0
12122,7.604659635939257
12123,7.6315142915077825
12124,7.604659635939257
12125,7.604659635939257
12126,7.0
12127,8.0211336440096
12128,9.99999996
12129,8.0
12130,7.604659635939257
12131,8.064577452387102
12132,7.0
12133,7.0
12134,7.604659635939257
12135,9.25
12136,7.604659635939257
12137,7.604659635939257
12138,7.604659635939257
12139,7.604659635939257
12140,8.764468540702227
12141,7.604659635939257
12142,5.121932518736177
12143,5.0
12144,7.999999987642978
12145,7.604659635939257
12146,7.604659635939257
12147,4.0
12148,7.604659635939257
12149,7.604659635939257
12150,7.0
12151,7.604659635939257
12152,7.604659635939257
12153,7.604659635939257
12154,9.0
12155,9.5
12156,8.503906488442803
12157,8.0
12158,7.604659635939257
12159,7.604659635939257
12160,7.604659635939257
12161,7.604659635939257
12162,8.999999990000001
12163,8.99999998
12164,7.604659635939257
12165,7.604659635939257
12166,8.0
12167,7.604659635939257
12168,7.604659635939257
12169,7.604659635939257
12170,7.604659635939257
12171,7.0
12172,7.604659635939257
12173,8.0
12174,7.604659635939257
12175,7.604659635939257
12176,7.604659635939257
12177,7.604659635939257
12178,6.0
12179,5.999999970000001
12180,7.604659635939257
12181,6.0
12182,7.604659635939257
12183,7.604659635939257
12184,7.604659635939257
12185,7.604659635939257
12186,7.604659635939257
12187,8.0
12188,7.604659635939257
12189,7.604659635939257
12190,7.604659635939257
12191,7.604659635939257
12192,5.608667009542732
12193,7.604659635939257
12194,7.604659635939257
12195,7.604659635939257
12196,5.0
12197,7.604659635939257
12198,7.604659635939257
12199,8.752326588154803
12200,8.0
12201,8.0
12202,7.604659635939257
12203,7.604659635939257
12204,7.604659635939257
12205,7.604659635939257
12206,7.0
12207,7.604659635939257
12208,7.0
12209,7.604659635939257
12210,5.000000034999999
12211,8.04012832197186
12212,7.604659635939257
12213,8.0
12214,8.0
12215,7.604659635939257
12216,7.000000021666667
12217,7.604659635939257
12218,8.0
12219,7.604659635939257
12220,7.604659635939257
12221,7.634964790229496
12222,7.604659635939257
12223,8.897593950860855
12224,7.604659635939257
12225,7.604659635939257
12226,7.604659635939257
12227,7.604659635939257
12228,7.604659635939257
12229,7.604659635939257
12230,7.604659635939257
12231,7.604659635939257
12232,8.0
12233,7.604659635939257
12234,10.0
12235,8.0
12236,7.604659635939257
12237,5.131942816312919
12238,7.604659635939257
12239,7.0
12240,7.604659635939257
12241,7.604659635939257
12242,7.604659635939257
12243,7.604659635939257
12244,8.0
12245,9.0
12246,8.0
12247,7.604659635939257
12248,7.604659635939257
12249,8.0
12250,7.604659635939257
12251,7.0
12252,7.604659635939257
12253,7.604659635939257
12254,8.1999999992
12255,7.604659635939257
12256,7.604659635939257
12257,7.604659635939257
12258,7.604659635939257
12259,7.604659635939257
12260,7.604659635939257
12261,8.0
12262,7.604659635939257
12263,8.0
12264,7.604659635939257
12265,7.604659635939257
12266,7.604659635939257
12267,7.604659635939257
12268,7.604659635939257
12269,8.427769288005683
12270,7.604659635939257
12271,5.0
12272,7.604659635939257
12273,7.0
12274,7.604659635939257
12275,6.5
12276,7.604659635939257
12277,8.0
12278,7.604659635939257
12279,7.604659635939257
12280,7.604659635939257
12281,7.0
12282,7.604659635939257
12283,8.25
12284,10.0
12285,8.0
12286,7.208582088913089
12287,7.0
12288,7.604659635939257
12289,7.604659635939257
12290,7.0
12291,7.604659635939257
12292,7.604659635939257
12293,7.604659635939257
12294,7.0
12295,7.0
12296,7.604659635939257
12297,7.604659635939257
12298,8.839424671697929
12299,7.0
12300,7.604659635939257
12301,6.000000059999998
12302,7.604659635939257
12303,8.0
12304,7.604659635939257
12305,9.499999997500002
12306,6.333333337777777
12307,7.604659635939257
12308,8.0
12309,7.604659635939257
12310,7.604659635939257
12311,7.604659635939257
12312,5.000000049999999
12313,7.604659635939257
12314,7.604659635939257
12315,7.604659635939257
12316,7.604659635939257
12317,7.604659635939257
12318,7.999999999999999
12319,7.604659635939257
12320,7.5
12321,8.0
12322,8.0
12323,7.604659635939257
12324,7.604659635939257
12325,8.166666667777777
12326,7.0
12327,7.604659635939257
12328,4.999999999999999
12329,7.604659635939257
12330,7.604659635939257
12331,6.0
12332,9.422193585159125
12333,8.0
12334,7.604659635939257
12335,8.0
12336,7.604659635939257
12337,8.999999873333339
12338,7.604659635939257
12339,7.0
12340,7.0
12341,7.604659635939257
12342,9.999999993333335
12343,3.0
12344,7.0
12345,8.0
12346,7.604659635939257
12347,7.604659635939257
12348,7.99999999
12349,7.604659635939257
12350,8.0
12351,7.604659635939257
12352,8.607626411986518
12353,9.0
12354,8.0
12355,7.604659635939257
12356,7.604659635939257
12357,8.0
12358,7.604659635939257
12359,7.604659635939257
12360,7.604659635939257
12361,7.604659635939257
12362,7.604659635939257
12363,7.604659635939257
12364,7.604659635939257
12365,8.0
12366,8.0
12367,9.303337044233805
12368,7.604659635939257
12369,7.604659635939257
12370,7.604659635939257
12371,7.604659635939257
12372,7.719588723407922
12373,7.604659635939257
12374,7.0
12375,9.607613245994788
12376,9.0
12377,7.604659635939257
12378,8.0
12379,9.999999970000001
12380,7.604659635939257
12381,8.0
12382,7.604659635939257
12383,7.604659635939257
12384,7.604659635939257
12385,7.604659635939257
12386,7.604659635939257
12387,7.445625360305755
12388,7.57604347880611
12389,7.604659635939257
12390,7.604659635939257
12391,7.604659635939257
12392,9.000000003333334
12393,8.0
12394,7.313842972014946
12395,7.604659635939257
12396,8.0
12397,7.75
12398,5.000000053416406
12399,7.604659635939257
12400,7.604659635939257
12401,7.604659635939257
12402,7.604659635939257
12403,9.0
12404,8.0
12405,7.604659635939257
12406,7.604659635939257
12407,7.604659635939257
12408,7.604659635939257
12409,7.604659635939257
12410,8.0
12411,6.0
12412,7.604659635939257
12413,7.604659635939257
12414,7.604659635939257
12415,6.666666666666667
12416,7.604659635939257
12417,8.856654768306706
12418,7.604659635939257
12419,7.604659635939257
12420,8.0
12421,7.604659635939257
12422,7.604659635939257
12423,7.604659635939257
12424,9.999999991436608
12425,7.604659635939257
12426,7.604659635939257
12427,7.604659635939257
12428,7.604659635939257
12429,8.0
12430,10.0
12431,9.0
12432,7.604659635939257
12433,7.604659635939257
12434,7.604659635939257
12435,7.604659635939257
12436,7.604659635939257
12437,7.604659635939257
12438,7.604659635939257
12439,7.0
12440,7.604659635939257
12441,5.000000057071067
12442,8.0
12443,10.0
12444,8.0
12445,7.0
12446,7.604659635939257
12447,7.604659635939257
12448,9.254200866492358
12449,7.604659635939257
12450,7.0
12451,7.604659635939257
12452,10.0
12453,7.604659635939257
12454,7.604659635939257
12455,7.604659635939257
12456,8.158017146941983
12457,7.604659635939257
12458,7.604659635939257
12459,7.604659635939257
12460,7.604659635939257
12461,8.362229374680338
12462,7.604659635939257
12463,8.49999999875
12464,7.604659635939257
12465,7.0
12466,9.999999990000001
12467,8.0
12468,8.0
12469,7.604659635939257
12470,7.604659635939257
12471,9.75
12472,7.127610824149499
12473,7.604659635939257
12474,9.159070741708243
12475,7.604659635939257
12476,7.604659635939257
12477,7.604659635939257
12478,7.604659635939257
12479,9.999999990000001
12480,7.604659635939257
12481,7.604659635939257
12482,7.604659635939257
12483,8.000000001999998
12484,7.604659635939257
12485,7.604659635939257
12486,7.604659635939257
12487,7.604659635939257
12488,7.6306019384467545
12489,7.604659635939257
12490,7.604659635939257
12491,8.0
12492,7.5
12493,7.604659635939257
12494,7.604659635939257
12495,7.000000000000001
12496,9.499999964999999
12497,6.0
12498,7.604659635939257
12499,7.604659635939257
12500,7.034201450680939
12501,7.604659635939257
12502,7.604659635939257
12503,5.0
12504,8.999999990000001
12505,10.0
12506,9.0
12507,7.604659635939257
12508,7.604659635939257
12509,7.604659635939257
12510,7.000000000000001
12511,8.0
12512,5.0
12513,7.604659635939257
12514,7.604659635939257
12515,7.604659635939257
12516,10.0
12517,7.604659635939257
12518,8.0
12519,7.604659635939257
12520,7.604659635939257
12521,7.604659635939257
12522,8.0
12523,7.604659635939257
12524,9.17554382234581
12525,4.7889053512091655
12526,7.3333333255555555
12527,7.604659635939257
12528,9.029437251451432
12529,8.0
12530,8.285714283877551
12531,7.387197764814258
12532,8.0
12533,8.0
12534,7.604659635939257
12535,8.451315237507341
12536,7.0
12537,8.0
12538,5.0
12539,7.604659635939257
12540,7.604659635939257
12541,7.604659635939257
12542,6.785714289591837
12543,7.604659635939257
12544,9.999999910000005
12545,8.0
12546,7.604659635939257
12547,5.000000035076669
12548,8.0
12549,8.999999930000003
12550,7.604659635939257
12551,7.9011410790550265
12552,7.604659635939257
12553,8.0
12554,6.571428572653061
12555,7.604659635939257
12556,8.0
12557,7.604659635939257
12558,7.604659635939257
12559,8.0
12560,7.604659635939257
12561,9.000000000000002
12562,7.604659635939257
12563,7.604659635939257
12564,8.0
12565,9.2000000006
12566,7.604659635939257
12567,8.0
12568,7.278246920047919
12569,7.604659635939257
12570,7.604659635939257
12571,7.0
12572,9.0
12573,7.604659635939257
12574,7.604659635939257
12575,7.604659635939257
12576,5.0
12577,7.604659635939257
12578,7.604659635939257
12579,7.604659635939257
12580,10.0
12581,10.0
12582,7.604659635939257
12583,7.604659635939257
12584,7.9999999825
12585,7.604659635939257
12586,8.0
12587,7.604659635939257
12588,7.604659635939257
12589,7.604659635939257
12590,7.604659635939257
12591,10.0
12592,7.604659635939257
12593,7.604659635939257
12594,7.604659635939257
12595,7.604659635939257
12596,7.604659635939257
12597,8.0
12598,7.604659635939257
12599,7.604659635939257
12600,8.0
12601,7.604659635939257
12602,6.333333333888889
12603,6.666666677777778
12604,7.604659635939257
12605,7.604659635939257
12606,6.197016751291074
12607,7.604659635939257
12608,9.5
12609,9.499999995
12610,9.999999999999998
12611,7.604659635939257
12612,3.6666666638888885
12613,7.604659635939257
12614,7.604659635939257
12615,7.604659635939257
12616,7.604659635939257
12617,7.604659635939257
12618,7.604659635939257
12619,8.0
12620,7.604659635939257
12621,7.999999996666666
12622,7.604659635939257
12623,6.750000001875001
12624,5.620204102671519
12625,9.999999999999998
12626,7.604659635939257
12627,7.000000025999999
12628,10.0
12629,7.604659635939257
12630,7.604659635939257
12631,7.604659635939257
12632,7.604659635939257
12633,7.604659635939257
12634,7.604659635939257
12635,8.181818179772831
12636,7.604659635939257
12637,7.604659635939257
12638,7.604659635939257
12639,8.857142858775509
12640,7.604659635939257
12641,7.604659635939257
12642,7.604659635939257
12643,9.0
12644,7.604659635939257
12645,7.604659635939257
12646,9.0
12647,7.333333332777777
12648,7.604659635939257
12649,7.604659635939257
12650,7.604659635939257
12651,7.604659635939257
12652,7.604659635939257
12653,8.914353629081386
12654,7.0
12655,4.0
12656,6.0
12657,7.0
12658,8.000000005
12659,7.604659635939257
12660,8.0
12661,7.604659635939257
12662,7.604659635939257
12663,10.0
12664,7.604659635939257
12665,7.604659635939257
12666,7.604659635939257
12667,7.604659635939257
12668,7.604659635939257
12669,8.0
12670,7.0
12671,7.604659635939257
12672,7.604659635939257
12673,7.0
12674,9.0
12675,7.604659635939257
12676,7.604659635939257
12677,7.604659635939257
12678,7.604659635939257
12679,9.0
12680,8.0
12681,7.604659635939257
12682,7.604659635939257
12683,7.604659635939257
12684,8.000000000666667
12685,7.604659635939257
12686,7.0
12687,8.0
12688,7.604659635939257
12689,8.0
12690,10.0
12691,7.604659635939257
12692,7.604659635939257
12693,8.5
12694,7.604659635939257
12695,7.604659635939257
12696,7.604659635939257
12697,7.72570811358437
12698,5.61549465006965
12699,7.604659635939257
12700,7.604659635939257
12701,8.0
12702,8.0
12703,7.604659635939257
12704,8.999999970000001
12705,7.604659635939257
12706,7.604659635939257
12707,7.604659635939257
12708,7.604659635939257
12709,10.0
12710,4.0
12711,7.604659635939257
12712,8.0
12713,4.0
12714,8.0
12715,7.604659635939257
12716,7.604659635939257
12717,8.0
12718,7.604659635939257
12719,9.0
12720,7.0
12721,7.604659635939257
12722,7.604659635939257
12723,7.604659635939257
12724,7.604659635939257
12725,9.0
12726,7.604659635939257
12727,7.604659635939257
12728,10.0
12729,7.604659635939257
12730,7.604659635939257
12731,8.0
12732,8.0
12733,7.604659635939257
12734,7.604659635939257
12735,7.0
12736,8.514707296079102
12737,7.604659635939257
12738,7.604659635939257
12739,7.604659635939257
12740,7.604659635939257
12741,7.604659635939257
12742,7.604659635939257
12743,7.604659635939257
12744,7.604659635939257
12745,7.604659635939257
12746,4.000000099999997
12747,9.999999956055731
12748,7.604659635939257
12749,5.000000014166667
12750,7.604659635939257
12751,7.604659635939257
12752,7.604659635939257
12753,7.0
12754,7.604659635939257
12755,7.604659635939257
12756,7.604659635939257
12757,8.0
12758,7.573018231492259
12759,8.234412378546804
12760,7.604659635939257
12761,7.604659635939257
12762,7.604659635939257
12763,7.604659635939257
12764,7.0
12765,6.0
12766,7.604659635939257
12767,7.0
12768,7.604659635939257
12769,9.0
12770,8.0
12771,8.0
12772,7.604659635939257
12773,7.0
12774,7.650454606448061
12775,7.604659635939257
12776,7.604659635939257
12777,7.604659635939257
12778,7.604659635939257
12779,7.604659635939257
12780,7.0
12781,6.579660336196663
12782,8.0
12783,6.000000003027864
12784,7.604659635939257
12785,7.604659635939257
12786,5.0
12787,7.604659635939257
12788,7.0
12789,8.0
12790,7.604659635939257
12791,7.604659635939257
12792,7.604659635939257
12793,7.0
12794,7.604659635939257
12795,7.000000006666666
12796,2.0
12797,7.0
12798,7.604659635939257
12799,7.604659635939257
12800,8.0
12801,7.604659635939257
12802,7.604659635939257
12803,7.604659635939257
12804,7.4999999850000005
12805,7.058823531764706
12806,7.604659635939257
12807,7.604659635939257
12808,8.0
12809,7.604659635939257
12810,8.886769583350087
12811,9.0
12812,8.0
12813,7.0
12814,7.0
12815,7.0
12816,7.604659635939257
12817,7.0
12818,8.0
12819,7.604659635939257
12820,7.604659635939257
12821,7.604659635939257
12822,7.604659635939257
12823,8.0
12824,7.604659635939257
12825,7.604659635939257
12826,7.604659635939257
12827,7.604659635939257
12828,7.604659635939257
12829,10.0
12830,8.0
12831,7.604659635939257
12832,7.604659635939257
12833,8.0
12834,7.604659635939257
12835,7.604659635939257
12836,10.0
12837,7.604659635939257
12838,10.0
12839,8.0
12840,7.000000004999999
12841,8.333333332222223
12842,7.604659635939257
12843,7.427050983403483
12844,7.604659635939257
12845,8.0
12846,9.0
12847,7.0
12848,7.604659635939257
12849,7.0
12850,7.604659635939257
12851,7.604659635939257
12852,6.0
12853,7.604659635939257
12854,7.604659635939257
12855,10.000000000000002
12856,8.0
12857,3.0
12858,7.604659635939257
12859,5.0
12860,10.0
12861,7.604659635939257
12862,7.604659635939257
12863,8.999999984122214
12864,7.604659635939257
12865,7.0
12866,8.0
12867,7.604659635939257
12868,7.604659635939257
12869,7.604659635939257
12870,7.604659635939257
12871,7.604659635939257
12872,5.0
12873,7.604659635939257
12874,7.604659635939257
12875,7.604659635939257
12876,10.0
12877,7.604659635939257
12878,7.604659635939257
12879,8.0
12880,7.604659635939257
12881,7.604659635939257
12882,9.75
12883,8.0
12884,7.604659635939257
12885,7.0
12886,7.000000000000001
12887,7.604659635939257
12888,7.0
12889,8.99999999129643
12890,7.604659635939257
12891,7.792407798284
12892,7.604659635939257
12893,7.604659635939257
12894,8.0
12895,7.604659635939257
12896,7.604659635939257
12897,7.604659635939257
12898,10.0
12899,8.0
12900,7.604659635939257
12901,8.391304348931946
12902,7.604659635939257
12903,2.000000029999999
12904,5.99999999
12905,7.604659635939257
12906,7.604659635939257
12907,7.604659635939257
12908,7.604659635939257
12909,10.0
12910,7.604659635939257
12911,9.999999990000001
12912,7.604659635939257
12913,7.999999995
12914,8.0
12915,7.604659635939257
12916,7.0
12917,7.0
12918,7.0
12919,7.604659635939257
12920,6.333333334444445
12921,7.604659635939257
12922,7.604659635939257
12923,7.604659635939257
12924,7.938628580176724
12925,7.604659635939257
12926,7.604659635939257
12927,7.604659635939257
12928,7.0
12929,7.604659635939257
12930,7.604659635939257
12931,9.0
12932,7.604659635939257
12933,7.604659635939257
12934,7.604659635939257
12935,7.604659635939257
12936,6.093819270494456
12937,8.0
12938,7.604659635939257
12939,7.604659635939257
12940,7.0
12941,7.604659635939257
12942,7.604659635939257
12943,7.604659635939257
12944,7.604659635939257
12945,7.604659635939257
12946,7.604659635939257
12947,7.604659635939257
12948,7.604659635939257
12949,8.0
12950,8.0
12951,7.604659635939257
12952,7.604659635939257
12953,7.604659635939257
12954,8.0
12955,7.604659635939257
12956,7.604659635939257
12957,9.0
12958,7.604659635939257
12959,7.7000000002
12960,7.604659635939257
12961,7.0
12962,8.999999990000003
12963,10.0
12964,8.33333332888889
12965,8.0
12966,7.604659635939257
12967,7.604659635939257
12968,7.727416147163409
12969,7.604659635939257
12970,7.696275269494692
12971,7.0
12972,7.604659635939257
12973,8.0
12974,7.604659635939257
12975,7.604659635939257
12976,7.604659635939257
12977,8.0
12978,7.604659635939257
12979,7.604659635939257
12980,7.0
12981,7.604659635939257
12982,4.499999998333333
12983,7.604659635939257
12984,7.604659635939257
12985,7.604659635939257
12986,7.604659635939257
12987,7.604659635939257
12988,10.0
12989,7.604659635939257
12990,7.604659635939257
12991,7.604659635939257
12992,7.569499125657745
12993,7.604659635939257
12994,8.0
12995,8.999999995
12996,7.604659635939257
12997,7.604659635939257
12998,7.0
12999,7.604659635939257
13000,7.0
13001,7.604659635939257
13002,7.604659635939257
13003,9.999999920000004
13004,5.0
13005,7.604659635939257
13006,7.604659635939257
13007,7.604659635939257
13008,7.604659635939257
13009,7.604659635939257
13010,9.000000004999999
13011,8.0
13012,7.604659635939257
13013,10.0
13014,6.0
13015,7.604659635939257
13016,7.604659635939257
13017,7.909090908347108
13018,8.75
13019,7.000000004769229
13020,7.2000000012
13021,7.999999990000002
13022,8.999999975773505
13023,7.604659635939257
13024,8.0
13025,7.604659635939257
13026,8.0
13027,7.604659635939257
13028,7.495896403065418
13029,7.641667834381493
13030,7.604659635939257
13031,7.604659635939257
13032,8.0
13033,7.604659635939257
13034,7.604659635939257
13035,7.0
13036,8.529411762352941
13037,7.604659635939257
13038,7.604659635939257
13039,8.0
13040,7.0
13041,7.604659635939257
13042,7.604659635939257
13043,7.604659635939257
13044,7.604659635939257
13045,7.499999999024316
13046,7.604659635939257
13047,7.604659635939257
13048,7.749999999999999
13049,7.604659635939257
13050,7.604659635939257
13051,8.0
13052,7.604659635939257
13053,7.604659635939257
13054,7.604659635939257
13055,7.604659635939257
13056,7.604659635939257
13057,7.604659635939257
13058,8.0
13059,7.604659635939257
13060,7.604659635939257
13061,7.0
13062,7.604659635939257
13063,7.604659635939257
13064,7.604659635939257
13065,7.604659635939257
13066,7.604659635939257
13067,7.604659635939257
13068,8.0
13069,7.604659635939257
13070,7.604659635939257
13071,7.604659635939257
13072,7.604659635939257
13073,7.604659635939257
13074,7.604659635939257
13075,7.604659635939257
13076,9.0
13077,7.604659635939257
13078,9.999999984999999
13079,9.99999999
13080,9.666666665555555
13081,7.604659635939257
13082,7.604659635939257
13083,7.513167019452126
13084,8.0
13085,7.5
13086,7.604659635939257
13087,7.604659635939257
13088,7.604659635939257
13089,7.604659635939257
13090,8.0
13091,7.604659635939257
13092,4.999999999999999
13093,7.0
13094,7.604659635939257
13095,7.604659635939257
13096,7.604659635939257
13097,7.604659635939257
13098,9.999999978357867
13099,5.0
13100,8.99999999
13101,7.604659635939257
13102,7.604659635939257
13103,8.25
13104,7.604659635939257
13105,7.604659635939257
13106,7.604659635939257
13107,7.604659635939257
13108,8.0
13109,7.604659635939257
13110,7.133707702955571
13111,10.0
13112,7.604659635939257
13113,7.604659635939257
13114,8.0
13115,7.604659635939257
13116,8.363636361818182
13117,7.0
13118,8.0
13119,7.604659635939257
13120,7.604659635939257
13121,7.604659635939257
13122,6.99999999
13123,7.604659635939257
13124,7.604659635939257
13125,7.604659635939257
13126,7.604659635939257
13127,5.0
13128,7.0
13129,8.499999999999998
13130,7.604659635939257
13131,7.0
13132,8.0
13133,7.604659635939257
13134,5.0
13135,7.604659635939257
13136,8.0
13137,7.604659635939257
13138,7.000000000000001
13139,9.0
13140,7.604659635939257
13141,7.604659635939257
13142,7.604659635939257
13143,7.604659635939257
13144,8.499999975
13145,7.604659635939257
13146,7.604659635939257
13147,7.604659635939257
13148,7.604659635939257
13149,9.25
13150,9.0
13151,2.0
13152,7.604659635939257
13153,7.604659635939257
13154,7.604659635939257
13155,7.604659635939257
13156,7.604659635939257
13157,7.604659635939257
13158,8.0
13159,7.604659635939257
13160,7.999999979
13161,7.604659635939257
13162,7.604659635939257
13163,7.0999999996
13164,6.939166694595642
13165,7.0
13166,8.0
13167,7.604659635939257
13168,8.0
13169,7.604659635939257
13170,5.0
13171,8.0
13172,8.0
13173,7.604659635939257
13174,7.604659635939257
13175,7.0
13176,9.414213563083775
13177,8.0
13178,7.604659635939257
13179,7.604659635939257
13180,7.604659635939257
13181,7.604659635939257
13182,9.571428571836734
13183,7.604659635939257
13184,8.0
13185,7.604659635939257
13186,7.604659635939257
13187,8.0
13188,5.9066945886295885
13189,7.604659635939257
13190,7.604659635939257
13191,7.604659635939257
13192,8.999999999999998
13193,7.604659635939257
13194,7.604659635939257
13195,7.604659635939257
13196,7.604659635939257
13197,8.0
13198,8.0
13199,7.750000000625001
13200,8.0
13201,7.604659635939257
13202,7.604659635939257
13203,7.604659635939257
13204,7.604659635939257
13205,7.604659635939257
13206,7.604659635939257
13207,7.604659635939257
13208,8.666666654444445
13209,7.9999999775
13210,7.604659635939257
13211,7.604659635939257
13212,7.604659635939257
13213,7.604659635939257
13214,8.0
13215,7.604659635939257
13216,8.0
13217,4.000000093867511
13218,8.0
13219,7.604659635939257
13220,7.999999955000002
13221,7.604659635939257
13222,7.604659635939257
13223,7.604659635939257
13224,7.604659635939257
13225,7.604659635939257
13226,7.604659635939257
13227,7.604659635939257
13228,7.604659635939257
13229,7.604659635939257
13230,7.604659635939257
13231,9.0
13232,7.0
13233,8.0
13234,7.604659635939257
13235,7.604659635939257
13236,8.333333325555556
13237,7.604659635939257
13238,7.604659635939257
13239,7.604659635939257
13240,7.604659635939257
13241,8.0
13242,7.604659635939257
13243,7.0
13244,5.166958925784239
13245,7.604659635939257
13246,7.604659635939257
13247,7.604659635939257
13248,7.0
13249,7.604659635939257
13250,7.604659635939257
13251,7.604659635939257
13252,7.604659635939257
13253,7.604659635939257
13254,7.604659635939257
13255,8.0
13256,7.604659635939257
13257,8.333333332222223
13258,7.604659635939257
13259,7.604659635939257
13260,8.0
13261,7.604659635939257
13262,7.604659635939257
13263,7.604659635939257
13264,7.604659635939257
13265,7.604659635939257
13266,7.604659635939257
13267,7.000000009999999
13268,6.0
13269,8.666666667777777
13270,7.604659635939257
13271,8.179440034898823
13272,7.0
13273,7.604659635939257
13274,9.5
13275,10.0
13276,7.604659635939257
13277,7.999999975000001
13278,7.604659635939257
13279,8.090909090578512
13280,7.604659635939257
13281,7.604659635939257
13282,5.0
13283,8.0
13284,7.604659635939257
13285,7.604659635939257
13286,7.604659635939257
13287,7.604659635939257
13288,8.0
13289,7.604659635939257
13290,7.604659635939257
13291,7.604659635939257
13292,7.604659635939257
13293,7.604659635939257
13294,7.604659635939257
13295,8.0
13296,7.604659635939257
13297,7.604659635939257
13298,9.0
13299,7.604659635939257
13300,7.604659635939257
13301,7.604659635939257
13302,7.604659635939257
13303,7.604659635939257
13304,7.604659635939257
13305,7.604659635939257
13306,7.604659635939257
13307,7.604659635939257
13308,9.42857142755102
13309,6.0
13310,7.604659635939257
13311,6.782259540106573
13312,7.604659635939257
13313,7.604659635939257
13314,8.0
13315,5.750000000000001
13316,8.0
13317,7.604659635939257
13318,7.425125457514399
13319,7.604659635939257
13320,7.604659635939257
13321,7.333333315555556
13322,7.604659635939257
13323,7.604659635939257
13324,9.0
13325,7.0
13326,7.604659635939257
13327,7.604659635939257
13328,5.000000024226497
13329,9.33333332888889
13330,7.604659635939257
13331,7.604659635939257
13332,7.604659635939257
13333,6.0
13334,7.604659635939257
13335,7.604659635939257
13336,9.999999930000005
13337,7.604659635939257
13338,8.0
13339,8.0
13340,6.500000019999999
13341,7.604659635939257
13342,7.604659635939257
13343,7.604659635939257
13344,7.604659635939257
13345,7.604659635939257
13346,8.0
13347,7.604659635939257
13348,8.0
13349,9.0
13350,7.604659635939257
13351,7.604659635939257
13352,8.0
13353,7.604659635939257
13354,8.0
13355,7.604659635939257
13356,6.500000003125
13357,7.604659635939257
13358,7.604659635939257
13359,7.604659635939257
13360,7.604659635939257
13361,7.604659635939257
13362,7.604659635939257
13363,7.604659635939257
13364,7.604659635939257
13365,8.0
13366,7.604659635939257
13367,7.604659635939257
13368,7.0
13369,9.0
13370,7.604659635939257
13371,7.205269093880048
13372,7.7049180377371655
13373,8.0
13374,7.604659635939257
13375,7.604659635939257
13376,7.250000001250001
13377,7.604659635939257
13378,7.604659635939257
13379,7.604659635939257
13380,7.604659635939257
13381,7.604659635939257
13382,7.604659635939257
13383,7.604659635939257
13384,7.604659635939257
13385,9.311957342496093
13386,9.0
13387,7.604659635939257
13388,8.0
13389,7.0
13390,7.604659635939257
13391,8.0
13392,8.0
13393,7.604659635939257
13394,7.604659635939257
13395,7.604659635939257
13396,8.0
13397,6.0
13398,7.604659635939257
13399,8.0
13400,7.604659635939257
13401,7.604659635939257
13402,7.604659635939257
13403,7.604659635939257
13404,7.604659635939257
13405,10.0
13406,8.0
13407,7.604659635939257
13408,7.604659635939257
13409,7.604659635939257
13410,5.0
13411,5.7999999996
13412,7.604659635939257
13413,7.604659635939257
13414,8.000000004999999
13415,7.604659635939257
13416,7.604659635939257
13417,7.604659635939257
13418,7.604659635939257
13419,7.604659635939257
13420,8.0
13421,9.729843786156641
13422,7.0
13423,7.630601937576073
13424,7.604659635939257
13425,7.0
13426,8.0
13427,8.0
13428,7.604659635939257
13429,8.806002310964962
13430,7.604659635939257
13431,7.62500000015625
13432,7.604659635939257
13433,8.0
13434,7.604659635939257
13435,7.604659635939257
13436,4.999999999999999
13437,7.604659635939257
13438,7.604659635939257
13439,7.604659635939257
13440,8.0
13441,7.604659635939257
13442,7.604659635939257
13443,7.395962596887934
13444,7.604659635939257
13445,7.604659635939257
13446,6.656854250913736
13447,7.604659635939257
13448,7.604659635939257
13449,7.604659635939257
13450,10.0
13451,7.604659635939257
13452,7.604659635939257
13453,7.604659635939257
13454,7.604659635939257
13455,7.604659635939257
13456,7.604659635939257
13457,8.0
13458,7.604659635939257
13459,7.604659635939257
13460,7.604659635939257
13461,7.604659635939257
13462,7.604659635939257
13463,7.604659635939257
13464,7.604659635939257
13465,7.604659635939257
13466,10.0
13467,7.604659635939257
13468,8.0
13469,7.936301382835251
13470,7.604659635939257
13471,7.604659635939257
13472,7.604659635939257
13473,7.604659635939257
13474,7.604659635939257
13475,10.0
13476,7.604659635939257
13477,5.000000056560538
13478,7.604659635939257
13479,7.604659635939257
13480,7.604659635939257
13481,10.0
13482,9.999999890000007
13483,9.0
13484,7.0
13485,7.604659635939257
13486,7.604659635939257
13487,7.604659635939257
13488,7.0
13489,5.99999999
13490,7.604659635939257
13491,6.0
13492,7.888888891172839
13493,7.604659635939257
13494,8.0
13495,8.0
13496,7.604659635939257
13497,7.604659635939257
13498,7.604659635939257
13499,7.604659635939257
13500,7.604659635939257
13501,7.604659635939257
13502,7.604659635939257
13503,8.0
13504,7.604659635939257
13505,7.604659635939257
13506,7.604659635939257
13507,7.116307309839913
13508,8.0
13509,6.0
13510,5.0000000374999996
13511,7.0
13512,7.604659635939257
13513,7.604659635939257
13514,7.604659635939257
13515,4.000000109999996
13516,6.000000040394584
13517,10.0
13518,7.604659635939257
13519,8.0
13520,7.604659635939257
13521,5.5000000025
13522,9.368987924651533
13523,8.0000000025
13524,7.604659635939257
13525,7.604659635939257
13526,6.0
13527,7.604659635939257
13528,7.604659635939257
13529,7.604659635939257
13530,7.604659635939257
13531,6.666666677777778
13532,7.604659635939257
13533,8.000000003922324
13534,7.604659635939257
13535,8.0
13536,8.0
13537,7.0
13538,7.604659635939257
13539,5.1250000006250005
13540,7.604659635939257
13541,7.604659635939257
13542,7.0
13543,7.604659635939257
13544,8.75
13545,7.604659635939257
13546,8.0
13547,7.604659635939257
13548,7.316746904585922
13549,8.0
13550,7.604659635939257
13551,7.604659635939257
13552,7.604659635939257
13553,7.604659635939257
13554,7.604659635939257
13555,7.0000000094868335
13556,7.604659635939257
13557,7.604659635939257
13558,5.000000025
13559,8.0
13560,9.99999997
13561,7.604659635939257
13562,8.0
13563,9.0
13564,7.604659635939257
13565,7.604659635939257
13566,8.0
13567,9.0
13568,7.604659635939257
13569,7.604659635939257
13570,8.000000001666667
13571,9.137311011034736
13572,7.604659635939257
13573,7.604659635939257
13574,8.0
13575,9.999999999999998
13576,7.0
13577,8.0
13578,8.0
13579,7.0
13580,8.0
13581,9.000000015
13582,7.604659635939257
13583,7.604659635939257
13584,9.0
13585,7.604659635939257
13586,8.0
13587,7.604659635939257
13588,7.604659635939257
13589,7.604659635939257
13590,7.604659635939257
13591,8.473063693006779
13592,8.0
13593,7.604659635939257
13594,8.0
13595,7.604659635939257
13596,8.0
13597,7.604659635939257
13598,7.604659635939257
13599,8.0
13600,9.0
13601,7.604659635939257
13602,8.0
13603,7.604659635939257
13604,7.604659635939257
13605,7.604659635939257
13606,9.0
13607,7.604659635939257
13608,10.0
13609,8.911043312963322
13610,6.500000019999999
13611,7.604659635939257
13612,7.604659635939257
13613,7.604659635939257
13614,8.0
13615,9.13043478300567
13616,7.586534668316775
13617,7.604659635939257
13618,8.000000003333334
13619,8.0
13620,9.0
13621,7.0
13622,7.604659635939257
13623,10.0
13624,7.604659635939257
13625,7.0
13626,9.999999930000005
13627,7.604659635939257
13628,9.225884002314299
13629,8.62953957465973
13630,7.604659635939257
13631,7.0
13632,7.604659635939257
13633,9.0
13634,6.0
13635,7.3679627725852965
13636,7.604659635939257
13637,7.604659635939257
13638,8.75
13639,7.000000000000001
13640,7.999999950000002
13641,8.0
13642,8.0
13643,10.0
13644,7.604659635939257
13645,7.0
13646,7.0
13647,8.0
13648,7.604659635939257
13649,7.604659635939257
13650,7.604659635939257
13651,7.604659635939257
13652,7.604659635939257
13653,7.250000001250001
13654,7.604659635939257
13655,8.452932414767965
13656,7.604659635939257
13657,7.604659635939257
13658,7.604659635939257
13659,4.0
13660,7.0
13661,7.604659635939257
13662,7.604659635939257
13663,7.604659635939257
13664,7.604659635939257
13665,7.604659635939257
13666,7.604659635939257
13667,7.604659635939257
13668,5.0
13669,7.999999985
13670,9.999999970000001
13671,7.604659635939257
13672,7.604659635939257
13673,6.000000044142134
13674,7.604659635939257
13675,6.999999996666667
13676,7.604659635939257
13677,9.0
13678,8.0
13679,7.604659635939257
13680,8.0
13681,7.0
13682,7.604659635939257
13683,7.604659635939257
13684,7.00000002
13685,9.12499999953125
13686,5.0
13687,7.604659635939257
13688,7.604659635939257
13689,8.0
13690,7.75
13691,5.0
13692,7.604659635939257
13693,9.444444444567901
13694,7.604659635939257
13695,7.604659635939257
13696,9.0
13697,8.0
13698,7.604659635939257
13699,7.604659635939257
13700,7.604659635939257
13701,8.0
13702,9.527864044868863
13703,7.604659635939257
13704,7.0
13705,9.999999999999998
13706,8.25
13707,10.0
13708,9.0
13709,8.0
13710,8.32057154451111
13711,8.0
13712,7.0
13713,7.604659635939257
13714,7.604659635939257
13715,7.604659635939257
13716,7.604659635939257
13717,7.604659635939257
13718,8.0
13719,7.604659635939257
13720,7.604659635939257
13721,7.604659635939257
13722,7.0
13723,7.604659635939257
13724,7.604659635939257
13725,7.604659635939257
13726,7.604659635939257
13727,8.0
13728,7.0
13729,7.190743570282657
13730,7.604659635939257
13731,7.604659635939257
13732,8.0
13733,7.604659635939257
13734,8.0
13735,9.333333331111112
13736,7.604659635939257
13737,7.604659635939257
13738,7.604659635939257
13739,9.499999999999998
13740,7.604659635939257
13741,7.0
13742,6.780916323225193
13743,8.0
13744,7.00000003
13745,7.604659635939257
13746,7.604659635939257
13747,7.604659635939257
13748,7.604659635939257
13749,7.604659635939257
13750,7.604659635939257
13751,7.604659635939257
13752,7.604659635939257
13753,7.696152422995201
13754,7.0
13755,7.604659635939257
13756,7.604659635939257
13757,7.604659635939257
13758,7.604659635939257
13759,7.604659635939257
13760,7.604659635939257
13761,7.604659635939257
13762,7.604659635939257
13763,7.604659635939257
13764,7.604659635939257
13765,6.000000000000001
13766,6.333333337777777
13767,8.0
13768,5.0
13769,8.0
13770,7.604659635939257
13771,7.604659635939257
13772,7.604659635939257
13773,7.604659635939257
13774,7.604659635939257
13775,7.604659635939257
13776,7.000000000000001
13777,7.604659635939257
13778,8.0
13779,7.604659635939257
13780,7.604659635939257
13781,7.99999998
13782,7.604659635939257
13783,7.604659635939257
13784,8.000000007876295
13785,7.604659635939257
13786,7.604659635939257
13787,7.604659635939257
13788,7.604659635939257
13789,7.604659635939257
13790,7.604659635939257
13791,7.604659635939257
13792,7.604659635939257
13793,7.604659635939257
13794,7.604659635939257
13795,8.0
13796,7.604659635939257
13797,8.25
13798,7.604659635939257
13799,7.830265935424586
13800,7.604659635939257
13801,7.604659635939257
13802,7.604659635939257
13803,7.604659635939257
13804,9.999999992928933
13805,7.604659635939257
13806,5.0
13807,8.65123928380443
13808,7.604659635939257
13809,7.604659635939257
13810,7.604659635939257
13811,9.999999999999998
13812,8.0
13813,6.0
13814,7.604659635939257
13815,7.604659635939257
13816,7.604659635939257
13817,7.604659635939257
13818,8.0
13819,8.000000033026755
13820,7.604659635939257
13821,7.604659635939257
13822,7.651239283804429
13823,7.604659635939257
13824,7.604659635939257
13825,7.604659635939257
13826,8.0
13827,9.0
13828,7.604659635939257
13829,7.604659635939257
13830,8.0
13831,7.604659635939257
13832,7.604659635939257
13833,7.604659635939257
13834,8.0
13835,7.604659635939257
13836,7.604659635939257
13837,7.604659635939257
13838,7.0
13839,7.604659635939257
13840,7.437364651158121
13841,7.9999999950000005
13842,7.604659635939257
13843,7.604659635939257
13844,7.604659635939257
13845,7.0
13846,7.604659635939257
13847,7.604659635939257
13848,7.960361382323472
13849,7.604659635939257
13850,8.0
13851,8.0
13852,9.0
13853,7.604659635939257
13854,6.999999994999999
13855,7.604659635939257
13856,7.604659635939257
13857,7.604659635939257
13858,6.932560379254898
13859,8.0
13860,9.9999999925
13861,7.604659635939257
13862,7.604659635939257
13863,7.604659635939257
13864,7.604659635939257
13865,8.43610459408767
13866,7.604659635939257
13867,7.604659635939257
13868,7.000000021547006
13869,7.604659635939257
13870,7.0
13871,7.604659635939257
13872,7.0
13873,7.604659635939257
13874,7.604659635939257
13875,8.0
13876,7.604659635939257
13877,7.604659635939257
13878,10.0
13879,9.571428570612245
13880,7.604659635939257
13881,7.604659635939257
13882,8.0
13883,7.604659635939257
13884,7.604659635939257
13885,7.604659635939257
13886,7.604659635939257
13887,7.604659635939257
13888,8.6000000004
13889,8.0
13890,7.604659635939257
13891,7.499999994999999
13892,8.000000004999999
13893,7.604659635939257
13894,5.000000079999998
13895,7.604659635939257
13896,7.604659635939257
13897,8.0
13898,7.604659635939257
13899,8.0
13900,7.604659635939257
13901,7.604659635939257
13902,7.604659635939257
13903,8.0
13904,7.604659635939257
13905,9.499999995
13906,7.604659635939257
13907,7.604659635939257
13908,7.604659635939257
13909,7.604659635939257
13910,7.604659635939257
13911,7.604659635939257
13912,7.604659635939257
13913,9.0
13914,7.604659635939257
13915,7.604659635939257
13916,8.0
13917,7.604659635939257
13918,8.0
13919,7.604659635939257
13920,7.604659635939257
13921,7.604659635939257
13922,7.0
13923,7.0
13924,8.0
13925,7.604659635939257
13926,10.0
13927,7.604659635939257
13928,7.75
13929,7.678607076419447
13930,7.0
13931,7.604659635939257
13932,7.604659635939257
13933,7.604659635939257
13934,7.0
13935,7.604659635939257
13936,7.604659635939257
13937,7.604659635939257
13938,7.604659635939257
13939,8.0
13940,7.604659635939257
13941,7.604659635939257
13942,7.604659635939257
13943,7.604659635939257
13944,7.604659635939257
13945,9.0
13946,7.604659635939257
13947,8.0
13948,7.604659635939257
13949,2.0000000909093054
13950,8.0
13951,7.604659635939257
13952,7.604659635939257
13953,8.16083655793744
13954,7.604659635939257
13955,8.0
13956,7.604659635939257
13957,7.604659635939257
13958,7.604659635939257
13959,7.529411767058823
13960,7.604659635939257
13961,7.604659635939257
13962,7.3490411112210765
13963,7.604659635939257
13964,7.604659635939257
13965,7.604659635939257
13966,7.604659635939257
13967,8.28571429
13968,7.604659635939257
13969,7.604659635939257
13970,8.0
13971,8.999999995527865
13972,7.604659635939257
13973,7.748982183567797
13974,7.604659635939257
13975,7.604659635939257
13976,7.604659635939257
13977,7.604659635939257
13978,7.604659635939257
13979,9.999999989393398
13980,7.604659635939257
13981,7.604659635939257
13982,7.000000000000001
13983,7.604659635939257
13984,7.604659635939257
13985,6.500000019999999
13986,7.604659635939257
13987,8.0
13988,7.604659635939257
13989,8.0
13990,7.604659635939257
13991,7.604659635939257
13992,7.604659635939257
13993,7.604659635939257
13994,9.49999999625
13995,7.320333768218576
13996,7.604659635939257
13997,8.0
13998,7.604659635939257
13999,9.999999986132496
14000,7.604659635939257
14001,7.604659635939257
14002,7.604659635939257
14003,7.000000005
14004,7.0
14005,7.604659635939257
14006,7.604659635939257
14007,7.604659635939257
14008,7.604659635939257
14009,7.604659635939257
14010,7.604659635939257
14011,7.604659635939257
14012,7.955469654317404
14013,8.0
14014,8.0
14015,7.604659635939257
14016,8.5
14017,6.8000000032
14018,8.0
14019,7.604659635939257
14020,9.0
14021,7.604659635939257
14022,7.918486824763363
14023,7.604659635939257
14024,7.604659635939257
14025,7.604659635939257
14026,7.604659635939257
14027,9.999999990715233
14028,8.0
14029,8.0
14030,7.604659635939257
14031,8.999999996666666
14032,8.0
14033,7.604659635939257
14034,8.0
14035,7.604659635939257
14036,7.604659635939257
14037,7.604659635939257
14038,7.604659635939257
14039,8.0
14040,7.0
14041,9.999999999999998
14042,5.705053989309848
14043,7.604659635939257
14044,10.0
14045,8.333333333333332
14046,7.604659635939257
14047,8.0
14048,8.0
14049,7.604659635939257
14050,7.604659635939257
14051,7.00000001
14052,7.604659635939257
14053,7.9999999950000005
14054,7.604659635939257
14055,7.604659635939257
14056,7.604659635939257
14057,5.888888891481481
14058,7.604659635939257
14059,6.984907171307233
14060,7.604659635939257
14061,7.604659635939257
14062,8.0
14063,8.499999985
14064,7.604659635939257
14065,7.604659635939257
14066,7.604659635939257
14067,7.604659635939257
14068,7.604659635939257
14069,7.604659635939257
14070,7.604659635939257
14071,8.0
14072,8.0
14073,7.604659635939257
14074,7.604659635939257
14075,7.604659635939257
14076,7.604659635939257
14077,7.0
14078,7.0
14079,7.000000000000001
14080,8.75
14081,7.604659635939257
14082,7.604659635939257
14083,7.604659635939257
14084,5.0
14085,7.604659635939257
14086,7.604659635939257
14087,7.604659635939257
14088,7.604659635939257
14089,7.604659635939257
14090,7.0
14091,10.0
14092,7.604659635939257
14093,7.99999998
14094,8.0
14095,7.604659635939257
14096,7.604659635939257
14097,8.0
14098,9.0
14099,8.33333332888889
14100,7.604659635939257
14101,7.604659635939257
14102,7.604659635939257
14103,7.604659635939257
14104,9.49999999875
14105,7.604659635939257
14106,8.250000001250001
14107,7.604659635939257
14108,7.604659635939257
14109,7.0
14110,8.5
14111,7.604659635939257
14112,7.604659635939257
14113,7.604659635939257
14114,7.604659635939257
14115,8.0
14116,8.0
14117,8.74999999875
14118,7.604659635939257
14119,7.604659635939257
14120,8.0
14121,7.604659635939257
14122,7.8440292257195985
14123,7.604659635939257
14124,7.604659635939257
14125,9.66666666611111
14126,7.604659635939257
14127,7.604659635939257
14128,7.75
14129,10.0
14130,8.648884274334282
14131,7.604659635939257
14132,7.604659635939257
14133,7.604659635939257
14134,7.604659635939257
14135,9.999999931055731
14136,5.0
14137,7.604659635939257
14138,6.111111111975309
14139,7.604659635939257
14140,7.604659635939257
14141,7.604659635939257
14142,10.0
14143,7.604659635939257
14144,7.604659635939257
14145,7.604659635939257
14146,8.0
14147,7.604659635939257
14148,8.0
14149,7.604659635939257
14150,8.0
14151,7.604659635939257
14152,9.0
14153,7.604659635939257
14154,8.0
14155,7.604659635939257
14156,9.0
14157,7.604659635939257
14158,7.24733664794234
14159,7.604659635939257
14160,7.604659635939257
14161,7.604659635939257
14162,7.604659635939257
14163,7.604659635939257
14164,9.795715978455116
14165,7.604659635939257
14166,7.604659635939257
14167,7.604659635939257
14168,7.604659635939257
14169,7.604659635939257
14170,7.604659635939257
14171,7.604659635939257
14172,10.0
14173,7.0
14174,7.604659635939257
14175,7.604659635939257
14176,7.604659635939257
14177,8.344827587966705
14178,7.604659635939257
14179,9.0
14180,7.604659635939257
14181,8.0
14182,8.0
14183,8.0
14184,7.604659635939257
14185,7.0
14186,8.4983087660699
14187,7.604659635939257
14188,7.0
14189,7.604659635939257
14190,7.9999999850000005
14191,5.999999999999999
14192,7.604659635939257
14193,6.633974595725181
14194,9.999999950000003
14195,7.604659635939257
14196,7.0000000021755575
14197,8.477592247577538
14198,7.604659635939257
14199,8.0
14200,6.797357860041258
14201,7.604659635939257
14202,7.604659635939257
14203,7.000000000000001
14204,7.604659635939257
14205,7.604659635939257
14206,8.0
14207,7.604659635939257
14208,7.604659635939257
14209,7.604659635939257
14210,7.604659635939257
14211,8.0
14212,8.0
14213,7.604659635939257
14214,5.0
14215,8.0
14216,6.999999994226497
14217,7.604659635939257
14218,8.0
14219,8.0
14220,9.99999997431086
14221,7.604659635939257
14222,7.604659635939257
14223,7.604659635939257
14224,7.604659635939257
14225,8.0
14226,7.333333331111111
14227,7.604659635939257
14228,8.0
14229,7.0
14230,7.999999950000003
14231,8.666666662222223
14232,7.604659635939257
14233,7.604659635939257
14234,7.00000003
14235,7.604659635939257
14236,7.604659635939257
14237,7.604659635939257
14238,8.668387122308676
14239,8.40921505681319
14240,8.0
14241,7.604659635939257
14242,7.604659635939257
14243,7.604659635939257
14244,8.0
14245,3.0000000000000004
14246,8.0
14247,7.111111112962962
14248,9.999999940000004
14249,7.604659635939257
14250,7.604659635939257
14251,7.604659635939257
14252,6.0
14253,7.604659635939257
14254,7.604659635939257
14255,7.604659635939257
14256,7.0
14257,7.604659635939257
14258,10.0
14259,7.604659635939257
14260,8.0
14261,7.604659635939257
14262,6.166666667777778
14263,7.604659635939257
14264,7.604659635939257
14265,7.604659635939257
14266,5.0
14267,8.0
14268,7.604659635939257
14269,7.604659635939257
14270,7.604659635939257
14271,7.604659635939257
14272,9.246215881422762
14273,8.613583836278481
14274,7.604659635939257
14275,7.604659635939257
14276,7.604659635939257
14277,8.5
14278,7.0
14279,7.604659635939257
14280,8.0
14281,8.0
14282,7.604659635939257
14283,7.604659635939257
14284,7.604659635939257
14285,7.604659635939257
14286,7.604659635939257
14287,7.604659635939257
14288,5.831168835063249
14289,7.604659635939257
14290,7.604659635939257
14291,7.604659635939257
14292,7.604659635939257
14293,7.604659635939257
14294,10.0
14295,7.0
14296,7.604659635939257
14297,7.604659635939257
14298,4.750000009374999
14299,8.0
14300,7.604659635939257
14301,7.604659635939257
14302,7.604659635939257
14303,7.604659635939257
14304,7.604659635939257
14305,7.604659635939257
14306,7.330027137573666
14307,7.604659635939257
14308,7.000000000000001
14309,7.604659635939257
14310,7.604659635939257
14311,7.604659635939257
14312,7.604659635939257
14313,10.0
14314,7.604659635939257
14315,7.604659635939257
14316,7.604659635939257
14317,7.604659635939257
14318,7.999999953167187
14319,7.0
14320,7.604659635939257
14321,7.604659635939257
14322,7.604659635939257
14323,7.604659635939257
14324,8.0
14325,7.604659635939257
14326,7.604659635939257
14327,7.604659635939257
14328,7.604659635939257
14329,7.604659635939257
14330,8.0
14331,7.0
14332,7.604659635939257
14333,7.604659635939257
14334,7.604659635939257
14335,7.604659635939257
14336,7.604659635939257
14337,7.604659635939257
14338,5.5000000349999985
14339,7.604659635939257
14340,7.604659635939257
14341,10.0
14342,8.66666666814815
14343,5.0
14344,5.000000074999998
14345,10.0
14346,7.000000005
14347,7.604659635939257
14348,10.0
14349,7.604659635939257
14350,7.604659635939257
14351,7.604659635939257
14352,5.0
14353,7.604659635939257
14354,7.604659635939257
14355,7.604659635939257
14356,4.00000002
14357,7.604659635939257
14358,7.604659635939257
14359,8.0
14360,7.604659635939257
14361,6.0
14362,7.604659635939257
14363,7.604659635939257
14364,7.604659635939257
14365,9.190743570282656
14366,7.0
14367,7.604659635939257
14368,7.604659635939257
14369,8.0
14370,7.604659635939257
14371,7.604659635939257
14372,7.604659635939257
14373,7.604659635939257
14374,7.604659635939257
14375,7.604659635939257
14376,8.999999990298575
14377,7.604659635939257
14378,8.5
14379,8.338722750220546
14380,7.604659635939257
14381,7.604659635939257
14382,7.604659635939257
14383,7.604659635939257
14384,8.666666668888888
14385,7.0
14386,7.604659635939257
14387,8.0
14388,9.0
14389,8.200000000800001
14390,9.0
14391,10.0
14392,7.604659635939257
14393,7.604659635939257
14394,7.604659635939257
14395,8.5999999996
14396,6.980467223191686
14397,7.604659635939257
14398,7.604659635939257
14399,8.446857088263412
14400,7.604659635939257
14401,8.0
14402,8.0
14403,7.604659635939257
14404,7.604659635939257
14405,7.604659635939257
14406,7.604659635939257
14407,7.604659635939257
14408,7.604659635939257
14409,7.604659635939257
14410,8.0
14411,7.604659635939257
14412,8.0
14413,7.604659635939257
14414,9.499999995
14415,7.604659635939257
14416,7.604659635939257
14417,7.604659635939257
14418,7.604659635939257
14419,7.604659635939257
14420,8.0
14421,7.604659635939257
14422,7.604659635939257
14423,7.604659635939257
14424,7.604659635939257
14425,7.0
14426,5.936878040001509
14427,9.0
14428,9.444444444567901
14429,7.604659635939257
14430,7.604659635939257
14431,7.604659635939257
14432,7.604659635939257
14433,7.604659635939257
14434,7.604659635939257
14435,7.604659635939257
14436,7.604659635939257
14437,7.604659635939257
14438,7.999999994430599
14439,8.666666668888888
14440,7.604659635939257
14441,7.604659635939257
14442,7.604659635939257
14443,7.920991426742136
14444,7.604659635939257
14445,7.604659635939257
14446,7.604659635939257
14447,7.604659635939257
14448,7.604659635939257
14449,7.604659635939257
14450,7.0
14451,7.604659635939257
14452,7.604659635939257
14453,4.444444448641975
14454,7.604659635939257
14455,7.604659635939257
14456,7.604659635939257
14457,7.604659635939257
14458,10.0
14459,8.99999999811628
14460,9.0
14461,8.0
14462,8.481710161982413
14463,7.604659635939257
14464,7.604659635939257
14465,8.0
14466,8.0
14467,7.604659635939257
14468,8.0
14469,8.0
14470,7.604659635939257
14471,8.0
14472,7.604659635939257
14473,1.0
14474,9.999999999999998
14475,8.0
14476,7.604659635939257
14477,7.604659635939257
14478,7.604659635939257
14479,7.604659635939257
14480,2.0
14481,8.0
14482,7.0
14483,5.0
14484,7.604659635939257
14485,7.604659635939257
14486,7.604659635939257
14487,7.604659635939257
14488,7.604659635939257
14489,7.604659635939257
14490,7.604659635939257
14491,6.0
14492,7.604659635939257
14493,7.604659635939257
14494,9.999999999999998
14495,7.604659635939257
14496,7.174719446705345
14497,7.604659635939257
14498,7.0
14499,7.604659635939257
14500,8.0
14501,8.0
14502,9.999999991055729
14503,7.604659635939257
14504,10.0
14505,8.0
14506,7.604659635939257
14507,5.0
14508,6.0
14509,7.360248930873294
14510,7.604659635939257
14511,9.49999998625
14512,7.604659635939257
14513,8.0
14514,7.0
14515,7.604659635939257
14516,7.604659635939257
14517,7.604659635939257
14518,8.0
14519,7.0
14520,8.0
14521,6.999999999999999
14522,7.604659635939257
14523,7.604659635939257
14524,7.604659635939257
14525,8.0
14526,8.0
14527,7.0
14528,7.604659635939257
14529,7.604659635939257
14530,8.0
14531,8.666666667777777
14532,7.000000015273501
14533,7.604659635939257
14534,8.0
14535,7.604659635939257
14536,9.142857140714286
14537,7.604659635939257
14538,7.604659635939257
14539,7.0
14540,4.999999999999999
14541,7.0
14542,7.604659635939257
14543,9.0
14544,8.0
14545,8.999999999999998
14546,7.604659635939257
14547,7.604659635939257
14548,7.604659635939257
14549,7.604659635939257
14550,8.000000001666667
14551,10.0
14552,7.604659635939257
14553,7.604659635939257
14554,8.0
14555,7.604659635939257
14556,9.0
14557,8.0
14558,7.604659635939257
14559,7.604659635939257
14560,7.604659635939257
14561,8.0
14562,7.7246205232767124
14563,8.0
14564,7.604659635939257
14565,7.604659635939257
14566,7.604659635939257
14567,9.0
14568,8.0
14569,7.0
14570,7.604659635939257
14571,7.604659635939257
14572,7.9999999850000005
14573,8.999999999999998
14574,7.604659635939257
14575,7.604659635939257
14576,7.0
14577,7.604659635939257
14578,8.000000009999999
14579,7.604659635939257
14580,7.604659635939257
14581,7.604659635939257
14582,6.240253074600143
14583,10.0
14584,9.999999940000004
14585,7.000000009999999
14586,10.0
14587,7.604659635939257
14588,7.604659635939257
14589,2.5
14590,7.604659635939257
14591,7.604659635939257
14592,8.414213562728435
14593,7.604659635939257
14594,8.000000024142135
14595,7.7500000009375
14596,7.604659635939257
14597,8.0
14598,7.000000000000001
14599,7.604659635939257
14600,8.0
14601,8.33333333388889
14602,7.604659635939257
14603,7.604659635939257
14604,7.604659635939257
14605,6.0
14606,7.604659635939257
14607,7.749692984966206
14608,9.38461538556213
14609,7.604659635939257
14610,10.000000000000002
14611,7.604659635939257
14612,9.999999992697033
14613,7.604659635939257
14614,7.604659635939257
14615,7.25
14616,7.604659635939257
14617,7.604659635939257
14618,7.604659635939257
14619,7.604659635939257
14620,7.604659635939257
14621,8.0
14622,7.604659635939257
14623,7.604659635939257
14624,7.604659635939257
14625,7.604659635939257
14626,10.0
14627,6.5714285718367345
14628,6.0
14629,7.604659635939257
14630,7.604659635939257
14631,9.999999945000003
14632,7.0
14633,7.604659635939257
14634,7.604659635939257
14635,7.604659635939257
14636,7.604659635939257
14637,8.0
14638,7.604659635939257
14639,6.0
14640,7.604659635939257
14641,7.604659635939257
14642,7.604659635939257
14643,7.604659635939257
14644,7.604659635939257
14645,7.249999993125
14646,7.604659635939257
14647,7.604659635939257
14648,8.999999996055728
14649,7.604659635939257
14650,8.0
14651,7.604659635939257
14652,7.604659635939257
14653,7.604659635939257
14654,4.0
14655,7.604659635939257
14656,7.0
14657,8.1999999992
14658,7.604659635939257
14659,7.604659635939257
14660,7.604659635939257
14661,8.0
14662,9.066533840690091
14663,7.604659635939257
14664,9.999999970000003
14665,7.604659635939257
14666,7.604659635939257
14667,7.604659635939257
14668,10.0
14669,7.604659635939257
14670,10.0
14671,7.604659635939257
14672,7.817498299959384
14673,8.0
14674,8.0
14675,7.604659635939257
14676,7.604659635939257
14677,7.604659635939257
14678,7.604659635939257
14679,7.604659635939257
14680,7.604659635939257
14681,7.604659635939257
14682,7.604659635939257
14683,7.604659635939257
14684,7.604659635939257
14685,7.604659635939257
14686,7.0
14687,7.604659635939257
14688,7.0
14689,6.0
14690,8.414213562609987
14691,7.604659635939257
14692,7.604659635939257
14693,7.604659635939257
14694,7.604659635939257
14695,7.604659635939257
14696,7.604659635939257
14697,8.39230484582136
14698,7.75
14699,7.604659635939257
14700,7.604659635939257
14701,8.0
14702,8.0
14703,5.8696938493243955
14704,7.604659635939257
14705,7.604659635939257
14706,8.666666667777777
14707,9.0
14708,8.999999991752196
14709,7.604659635939257
14710,7.604659635939257
14711,7.604659635939257
14712,7.0
14713,6.966717101210471
14714,7.604659635939257
14715,7.604659635939257
14716,7.604659635939257
14717,7.604659635939257
14718,9.99999998
14719,7.604659635939257
14720,7.604659635939257
14721,7.604659635939257
14722,2.0
14723,7.604659635939257
14724,7.749999998750001
14725,7.604659635939257
14726,7.604659635939257
14727,7.604659635939257
14728,7.604659635939257
14729,7.604659635939257
14730,7.604659635939257
14731,7.604659635939257
14732,7.604659635939257
14733,9.333333334444443
14734,7.604659635939257
14735,7.0
14736,9.499999979999998
14737,7.0
14738,9.999999960000004
14739,7.604659635939257
14740,6.789142432718976
14741,7.604659635939257
14742,8.0
14743,8.0
14744,7.604659635939257
14745,7.604659635939257
14746,7.604659635939257
14747,9.59331390828995
14748,7.604659635939257
14749,7.604659635939257
14750,8.0
14751,7.604659635939257
14752,7.304763770932195
14753,7.604659635939257
14754,7.604659635939257
14755,7.604659635939257
14756,7.604659635939257
14757,8.66666667111111
14758,9.0
14759,7.604659635939257
14760,7.604659635939257
14761,7.604659635939257
14762,8.000000001666667
14763,7.604659635939257
14764,7.604659635939257
14765,7.0
14766,8.0
14767,7.00000001
14768,7.604659635939257
14769,7.604659635939257
14770,8.0
14771,7.604659635939257
14772,9.0
14773,7.604659635939257
14774,7.604659635939257
14775,7.999999990000002
14776,7.604659635939257
14777,7.604659635939257
14778,6.928932183296506
14779,7.0
14780,7.0
14781,7.604659635939257
14782,5.0
14783,7.604659635939257
14784,7.604659635939257
14785,7.466253124311944
14786,7.499999998333333
14787,7.604659635939257
14788,7.0
14789,7.0
14790,9.0
14791,7.5999999975999994
14792,6.999999999999999
14793,8.0
14794,7.604659635939257
14795,7.604659635939257
14796,7.604659635939257
14797,8.0
14798,8.42857142755102
14799,7.604659635939257
14800,7.604659635939257
14801,7.25851009909444
14802,7.604659635939257
14803,1.0
14804,8.5
14805,7.0
14806,7.604659635939257
14807,7.0
14808,7.604659635939257
14809,3.0000001183333302
14810,7.604659635939257
14811,7.604659635939257
14812,8.0
14813,9.0
14814,7.604659635939257
14815,8.0
14816,7.604659635939257
14817,7.604659635939257
14818,7.0
14819,7.604659635939257
14820,7.0000000349999985
14821,7.604659635939257
14822,8.0
14823,8.25
14824,7.604659635939257
14825,7.604659635939257
14826,7.604659635939257
14827,7.604659635939257
14828,7.604659635939257
14829,8.0
14830,7.604659635939257
14831,7.604659635939257
14832,7.604659635939257
14833,7.604659635939257
14834,8.0
14835,8.0
14836,7.969233517645954
14837,7.604659635939257
14838,7.361011769144454
14839,8.0
14840,2.0
14841,8.0
14842,5.58902213010719
14843,7.604659635939257
14844,8.0
14845,7.604659635939257
14846,7.0
14847,10.0
14848,9.75
14849,8.0
14850,6.0
14851,7.604659635939257
14852,8.0
14853,7.604659635939257
14854,7.604659635939257
14855,7.0
14856,7.604659635939257
14857,8.0
14858,7.604659635939257
14859,9.0
14860,7.604659635939257
14861,7.604659635939257
14862,7.604659635939257
14863,7.67860707472293
14864,7.604659635939257
14865,7.604659635939257
14866,7.0
14867,7.551877006144987
14868,7.0
14869,8.0
14870,7.604659635939257
14871,7.604659635939257
14872,6.548245592684457
14873,7.604659635939257
14874,8.999999960000002
14875,7.604659635939257
14876,8.0
14877,7.597140931789476
14878,7.604659635939257
14879,7.585786436916228
14880,5.0000000049999995
14881,6.0
14882,7.604659635939257
14883,6.871464464602886
14884,7.604659635939257
14885,7.604659635939257
14886,6.000000069999998
14887,7.604659635939257
14888,7.604659635939257
14889,7.604659635939257
14890,7.604659635939257
14891,7.604659635939257
14892,7.604659635939257
14893,8.402438765448984
14894,7.604659635939257
14895,10.000000000000002
14896,7.604659635939257
14897,5.0
14898,7.604659635939257
14899,7.604659635939257
14900,7.604659635939257
14901,7.604659635939257
14902,7.604659635939257
14903,7.604659635939257
14904,7.604659635939257
14905,7.604659635939257
14906,6.0
14907,7.604659635939257
14908,7.604659635939257
14909,9.25
14910,7.604659635939257
14911,8.0
14912,7.0
14913,7.604659635939257
14914,8.0
14915,7.604659635939257
14916,7.604659635939257
14917,7.604659635939257
14918,7.604659635939257
14919,7.604659635939257
14920,7.604659635939257
14921,7.604659635939257
14922,7.604659635939257
14923,7.604659635939257
14924,8.0
14925,7.604659635939257
14926,8.0
14927,7.604659635939257
14928,7.604659635939257
14929,8.450446819698488
14930,7.0
14931,7.604659635939257
14932,7.604659635939257
14933,9.0
14934,7.604659635939257
14935,7.604659635939257
14936,7.604659635939257
14937,7.604659635939257
14938,7.0
14939,9.99999998
14940,7.604659635939257
14941,7.604659635939257
14942,9.25
14943,7.604659635939257
14944,7.0
14945,7.604659635939257
14946,7.604659635939257
14947,7.604659635939257
14948,9.999999995
14949,7.604659635939257
14950,7.604659635939257
14951,3.0
14952,7.604659635939257
14953,7.604659635939257
14954,7.604659635939257
14955,7.604659635939257
14956,6.999999970000001
14957,7.604659635939257
14958,7.604659635939257
14959,7.604659635939257
14960,8.0
14961,7.604659635939257
14962,7.0
14963,7.604659635939257
14964,7.604659635939257
14965,7.604659635939257
14966,8.500000009999999
14967,7.604659635939257
14968,7.604659635939257
14969,8.0
14970,8.000000006666667
14971,8.0
14972,7.6792850884824215
14973,7.604659635939257
14974,7.604659635939257
14975,7.604659635939257
14976,7.604659635939257
14977,7.604659635939257
14978,7.604659635939257
14979,7.604659635939257
14980,7.604659635939257
14981,7.604659635939257
14982,7.604659635939257
14983,7.0
14984,7.604659635939257
14985,6.999999998571428
14986,7.604659635939257
14987,9.558839410475242
14988,7.529549923599236
14989,7.604659635939257
14990,7.604659635939257
14991,7.604659635939257
14992,9.999999985
14993,7.604659635939257
14994,6.4999999950000005
14995,7.604659635939257
14996,7.0
14997,7.604659635939257
14998,7.604659635939257
14999,5.68638292947591
15000,7.604659635939257
15001,7.604659635939257
15002,7.604659635939257
15003,7.604659635939257
15004,7.604659635939257
15005,7.604659635939257
15006,8.0
15007,9.0
15008,7.604659635939257
15009,7.5
15010,7.604659635939257
15011,7.604659635939257
15012,7.000000009999999
15013,7.604659635939257
15014,8.499999987196698
15015,9.75
15016,7.604659635939257
15017,7.604659635939257
15018,10.0
15019,7.0000000049999995
15020,7.604659635939257
15021,10.0
15022,10.0
15023,8.999999996000001
15024,7.294117645882354
15025,7.604659635939257
15026,7.604659635939257
15027,7.604659635939257
15028,7.604659635939257
15029,7.999999996570028
15030,7.604659635939257
15031,7.604659635939257
15032,7.604659635939257
15033,7.604659635939257
15034,6.999999999999999
15035,8.0
15036,8.0
15037,7.604659635939257
15038,7.604659635939257
15039,7.604659635939257
15040,9.367309830163142
15041,8.000000018856182
15042,7.604659635939257
15043,7.604659635939257
15044,8.5
15045,7.604659635939257
15046,7.604659635939257
15047,7.604659635939257
15048,6.75
15049,7.604659635939257
15050,9.0
15051,7.604659635939257
15052,7.604659635939257
15053,7.0
15054,7.604659635939257
15055,7.666666664444445
15056,7.604659635939257
15057,8.0
15058,7.0
15059,7.604659635939257
15060,7.604659635939257
15061,7.604659635939257
15062,7.604659635939257
15063,7.604659635939257
15064,7.604659635939257
15065,8.666666668888888
15066,8.0
15067,7.294117648235295
15068,7.604659635939257
15069,7.50000000375
15070,7.604659635939257
15071,7.604659635939257
15072,7.604659635939257
15073,7.604659635939257
15074,7.604659635939257
15075,7.604659635939257
15076,7.604659635939257
15077,6.0
15078,7.604659635939257
15079,7.604659635939257
15080,7.604659635939257
15081,7.604659635939257
15082,8.0
15083,7.604659635939257
15084,7.604659635939257
15085,7.604659635939257
15086,7.604659635939257
15087,9.000000015773503
15088,7.604659635939257
15089,8.0
15090,7.604659635939257
15091,6.499999999191941
15092,8.0
15093,8.5
15094,8.0
15095,7.402699748199739
15096,8.999999965857867
15097,7.604659635939257
15098,7.604659635939257
15099,7.604659635939257
15100,7.181821646195638
15101,6.5
15102,8.0
15103,7.604659635939257
15104,7.604659635939257
15105,9.5
15106,8.260065986240926
15107,7.604659635939257
15108,7.604659635939257
15109,7.604659635939257
15110,5.333333334444444
15111,9.0
15112,8.842105258171745
15113,7.604659635939257
15114,9.0
15115,7.604659635939257
15116,7.604659635939257
15117,7.604659635939257
15118,7.604659635939257
15119,7.604659635939257
15120,7.604659635939257
15121,9.0
15122,7.0
15123,7.604659635939257
15124,7.604659635939257
15125,7.604659635939257
15126,7.604659635939257
15127,7.604659635939257
15128,7.604659635939257
15129,7.604659635939257
15130,7.604659635939257
15131,7.249088162855988
15132,8.00000001
15133,7.604659635939257
15134,7.604659635939257
15135,7.604659635939257
15136,7.0
15137,7.604659635939257
15138,7.604659635939257
15139,7.604659635939257
15140,7.604659635939257
15141,7.604659635939257
15142,7.604659635939257
15143,7.604659635939257
15144,8.0
15145,7.604659635939257
15146,7.0
15147,7.604659635939257
15148,6.00000005328427
15149,7.604659635939257
15150,7.604659635939257
15151,8.0
15152,7.604659635939257
15153,7.604659635939257
15154,7.604659635939257
15155,4.749999998750001
15156,7.604659635939257
15157,8.0
15158,9.0
15159,7.0
15160,7.604659635939257
15161,8.0
15162,7.604659635939257
15163,6.5
15164,7.604659635939257
15165,8.5
15166,7.604659635939257
15167,8.00000004
15168,7.0
15169,8.000000004
15170,7.726945879396209
15171,7.604659635939257
15172,7.604659635939257
15173,7.604659635939257
15174,7.604659635939257
15175,7.294298055690927
15176,7.604659635939257
15177,8.0
15178,7.604659635939257
15179,8.0
15180,8.0
15181,7.604659635939257
15182,7.604659635939257
15183,8.0
15184,7.999999962500002
15185,9.999999970000001
15186,7.604659635939257
15187,7.604659635939257
15188,7.604659635939257
15189,7.500000000000001
15190,6.6982474309076085
15191,7.604659635939257
15192,7.604659635939257
15193,7.0
15194,8.0
15195,9.0
15196,7.604659635939257
15197,7.604659635939257
15198,8.602606548276025
15199,7.604659635939257
15200,5.9999999950000005
15201,6.715011130180715
15202,8.0
15203,6.479389116982186
15204,7.604659635939257
15205,7.604659635939257
15206,7.604659635939257
15207,7.0
15208,8.0
15209,8.999999975
15210,7.604659635939257
15211,7.604659635939257
15212,7.000000000000001
15213,7.604659635939257
15214,8.0
15215,8.0
15216,4.866365518854997
15217,9.0
15218,7.604659635939257
15219,7.604659635939257
15220,7.604659635939257
15221,7.604659635939257
15222,8.0
15223,7.604659635939257
15224,7.604659635939257
15225,7.604659635939257
15226,6.0
15227,8.0
15228,7.604659635939257
15229,9.000000003333334
15230,7.604659635939257
15231,8.000000002
15232,7.500000004999999
15233,7.604659635939257
15234,7.604659635939257
15235,8.0
15236,9.999999999999998
15237,9.0
15238,8.986431584759226
15239,6.00000001
15240,10.000000000000002
15241,7.604659635939257
15242,7.604659635939257
15243,8.0
15244,4.999999999999999
15245,7.060023094129792
15246,8.0
15247,7.604659635939257
15248,7.604659635939257
15249,7.604659635939257
15250,8.0
15251,6.1176470624221455
15252,5.894573501050465
15253,8.0
15254,8.0
15255,7.0
15256,8.0
15257,9.000000003333334
15258,7.604659635939257
15259,9.0
15260,7.604659635939257
15261,7.604659635939257
15262,7.604659635939257
15263,7.604659635939257
15264,7.604659635939257
15265,7.604659635939257
15266,5.666666662222221
15267,7.500000019999999
15268,7.604659635939257
15269,7.604659635939257
15270,6.411764705294117
15271,7.604659635939257
15272,8.0
15273,7.604659635939257
15274,7.604659635939257
15275,7.604659635939257
15276,8.0
15277,8.0
15278,7.604659635939257
15279,7.604659635939257
15280,7.0
15281,8.999999900000004
15282,7.604659635939257
15283,2.0
15284,7.604659635939257
15285,8.0
15286,7.604659635939257
15287,7.604659635939257
15288,7.604659635939257
15289,7.604659635939257
15290,7.0
15291,7.604659635939257
15292,6.0
15293,7.604659635939257
15294,7.604659635939257
15295,8.0
15296,7.604659635939257
15297,7.604659635939257
15298,9.333333331111112
15299,7.604659635939257
15300,7.0
15301,7.604659635939257
15302,7.604659635939257
15303,7.0
15304,7.604659635939257
15305,7.0
15306,7.428571426122448
15307,7.604659635939257
15308,7.604659635939257
15309,7.604659635939257
15310,8.0
15311,8.0
15312,8.236067978188627
15313,7.356789172836292
15314,9.272727273388428
15315,7.604659635939257
15316,7.604659635939257
15317,7.604659635939257
15318,7.604659635939257
15319,7.604659635939257
15320,7.604659635939257
15321,7.604659635939257
15322,7.604659635939257
15323,8.0
15324,7.604659635939257
15325,7.604659635939257
15326,8.4999999995
15327,7.604659635939257
15328,7.604659635939257
15329,7.604659635939257
15330,8.666666668888888
15331,9.0
15332,7.604659635939257
15333,7.604659635939257
15334,7.604659635939257
15335,9.999999992857143
15336,7.604659635939257
15337,6.75
15338,7.604659635939257
15339,7.604659635939257
15340,7.604659635939257
15341,7.0
15342,7.604659635939257
15343,8.0
15344,5.8263295438889395
15345,7.0
15346,7.604659635939257
15347,7.604659635939257
15348,8.312784947698903
15349,7.604659635939257
15350,5.000000054999998
15351,7.604659635939257
15352,7.604659635939257
15353,7.157894734750692
15354,7.604659635939257
15355,8.2127348374191
15356,7.604659635939257
15357,8.0
15358,5.999999999999999
15359,7.604659635939257
15360,7.604659635939257
15361,8.0
15362,7.604659635939257
15363,8.0
15364,8.0
15365,7.604659635939257
15366,7.604659635939257
15367,8.333333338888888
15368,7.604659635939257
15369,7.604659635939257
15370,7.0
15371,7.622286450197209
15372,7.604659635939257
15373,7.604659635939257
15374,8.5
15375,7.604659635939257
15376,7.604659635939257
15377,7.604659635939257
15378,10.0
15379,7.604659635939257
15380,8.0
15381,7.604659635939257
15382,8.292221263581526
15383,10.0
15384,7.604659635939257
15385,7.604659635939257
15386,7.666666661111111
15387,7.604659635939257
15388,7.604659635939257
15389,7.604659635939257
15390,8.999999998333331
15391,8.5
15392,7.604659635939257
15393,7.604659635939257
15394,8.404373840033937
15395,7.604659635939257
15396,7.604659635939257
15397,7.604659635939257
15398,7.604659635939257
15399,6.00000001404762
15400,9.249999998125
15401,7.604659635939257
15402,7.604659635939257
15403,7.604659635939257
15404,7.604659635939257
15405,8.83923144284146
15406,7.604659635939257
15407,8.0
15408,9.14663376787733
15409,7.604659635939257
15410,7.604659635939257
15411,7.0
15412,8.0
15413,8.0
15414,7.604659635939257
15415,7.999999997401069
15416,7.0
15417,7.604659635939257
15418,10.0
15419,7.604659635939257
15420,7.604659635939257
15421,7.604659635939257
15422,7.000000000000001
15423,7.604659635939257
15424,8.999999990000001
15425,8.0
15426,10.0
15427,7.604659635939257
15428,8.328215979036099
15429,9.999999976583593
15430,7.604659635939257
15431,9.999999990000001
15432,7.604659635939257
15433,7.604659635939257
15434,6.879005399999686
15435,5.0
15436,7.604659635939257
15437,7.604659635939257
15438,7.604659635939257
15439,7.604659635939257
15440,5.0
15441,8.0
15442,7.604659635939257
15443,7.604659635939257
15444,8.0
15445,7.604659635939257
15446,8.0
15447,8.0
15448,7.604659635939257
15449,7.604659635939257
15450,8.0
15451,7.604659635939257
15452,7.0
15453,7.0
15454,7.604659635939257
15455,8.0
15456,7.604659635939257
15457,7.9683741418725385
15458,7.604659635939257
15459,8.0
15460,6.0
15461,7.604659635939257
15462,8.0
15463,7.604659635939257
15464,10.0
15465,7.604659635939257
15466,7.4000000004
15467,7.604659635939257
15468,7.999999980000002
15469,7.604659635939257
15470,7.604659635939257
15471,7.604659635939257
15472,7.604659635939257
15473,9.345567049263119
15474,7.604659635939257
15475,7.604659635939257
15476,7.604659635939257
15477,8.0
15478,7.604659635939257
15479,7.604659635939257
15480,7.604659635939257
15481,8.0
15482,7.604659635939257
15483,7.604659635939257
15484,8.529411762352941
15485,8.0
15486,7.604659635939257
15487,9.999999970000001
15488,8.0
15489,6.5483870967846
15490,7.604659635939257
15491,6.333333334444443
15492,8.0
15493,7.492855684552981
15494,7.0
15495,7.604659635939257
15496,7.604659635939257
15497,8.0
15498,7.604659635939257
15499,7.604659635939257
15500,7.604659635939257
15501,7.604659635939257
15502,7.604659635939257
15503,7.604659635939257
15504,7.604659635939257
15505,6.366025404350682
15506,7.604659635939257
15507,9.0
15508,8.0
15509,7.604659635939257
15510,7.604659635939257
15511,7.0
15512,6.0
15513,7.604659635939257
15514,7.604659635939257
15515,7.604659635939257
15516,9.00000001
15517,7.604659635939257
15518,7.0
15519,7.604659635939257
15520,8.781078439860096
15521,7.611216022816238
15522,7.604659635939257
15523,7.604659635939257
15524,7.604659635939257
15525,8.999999975527867
15526,7.604659635939257
15527,7.604659635939257
15528,7.604659635939257
15529,7.604659635939257
15530,8.0
15531,7.604659635939257
15532,7.604659635939257
15533,7.604659635939257
15534,7.604659635939257
15535,7.1111111118518515
15536,7.604659635939257
15537,5.0
15538,8.0
15539,9.0
15540,7.604659635939257
15541,8.453089803797582
15542,7.604659635939257
15543,7.0
15544,7.604659635939257
15545,7.604659635939257
15546,7.0
15547,7.289648036905992
15548,7.604659635939257
15549,8.0
15550,7.604659635939257
15551,8.0
15552,7.604659635939257
15553,8.0
15554,9.999999918000002
15555,7.604659635939257
15556,7.604659635939257
15557,7.604659635939257
15558,7.604659635939257
15559,8.0
15560,8.0
15561,7.604659635939257
15562,7.0
15563,7.604659635939257
15564,9.000000005
15565,7.604659635939257
15566,7.604659635939257
15567,7.604659635939257
15568,7.604659635939257
15569,7.0
15570,7.604659635939257
15571,7.0
15572,7.999999975000001
15573,7.333333334444444
15574,7.604659635939257
15575,7.604659635939257
15576,7.604659635939257
15577,7.545836543263225
15578,7.604659635939257
15579,9.0
15580,7.604659635939257
15581,7.604659635939257
15582,6.000000000000001
15583,7.604659635939257
15584,7.604659635939257
15585,7.604659635939257
15586,7.604659635939257
15587,9.0
15588,8.50000000375
15589,7.604659635939257
15590,8.0
15591,7.604659635939257
15592,8.0
15593,7.604659635939257
15594,7.604659635939257
15595,7.499999999999999
15596,7.604659635939257
15597,8.0
15598,2.778693511729445
15599,8.000000000666668
15600,10.0
15601,7.604659635939257
15602,7.604659635939257
15603,7.604659635939257
15604,9.242847645241854
15605,7.604659635939257
15606,8.5
15607,7.604659635939257
15608,9.999999960000002
15609,7.604659635939257
15610,7.999999974082484
15611,7.4999999950000005
15612,7.604659635939257
15613,7.604659635939257
15614,7.604659635939257
15615,8.0
15616,9.372682267511246
15617,8.0
15618,7.604659635939257
15619,7.604659635939257
15620,7.0
15621,8.0
15622,9.0
15623,8.0
15624,7.604659635939257
15625,7.604659635939257
15626,8.0
15627,7.604659635939257
15628,7.604659635939257
15629,7.604659635939257
15630,7.604659635939257
15631,7.604659635939257
15632,7.604659635939257
15633,7.604659635939257
15634,7.604659635939257
15635,7.604659635939257
15636,6.495285185441991
15637,8.000000023101295
15638,8.5
15639,7.604659635939257
15640,9.75
15641,7.999999970000002
15642,9.000000008333334
15643,9.999999995
15644,8.021592301611255
15645,7.604659635939257
15646,7.604659635939257
15647,7.000000019999999
15648,8.799999998799999
15649,7.604659635939257
15650,7.604659635939257
15651,7.604659635939257
15652,7.0
15653,8.6249999971875
15654,9.0
15655,9.400000000399999
15656,6.0
15657,7.604659635939257
15658,6.000000041094003
15659,7.660943260596994
15660,7.604659635939257
15661,7.604659635939257
15662,7.604659635939257
15663,7.604659635939257
15664,7.022739024115596
15665,7.604659635939257
15666,10.0
15667,7.604659635939257
15668,8.0
15669,8.580178727879394
15670,8.0
15671,8.0
15672,2.0000000149999995
15673,7.604659635939257
15674,7.0
15675,7.604659635939257
15676,7.604659635939257
15677,8.0
15678,7.604659635939257
15679,7.0
15680,7.604659635939257
15681,8.051570708059453
15682,7.604659635939257
15683,7.604659635939257
15684,7.604659635939257
15685,7.604659635939257
15686,6.0
15687,7.604659635939257
15688,4.000000096921302
15689,6.0
15690,7.923495156653605
15691,9.0
15692,7.604659635939257
15693,8.0
15694,6.195703441033391
15695,7.604659635939257
15696,7.604659635939257
15697,7.604659635939257
15698,7.604659635939257
15699,7.604659635939257
15700,7.604659635939257
15701,7.604659635939257
15702,7.604659635939257
15703,7.604659635939257
15704,9.5
15705,7.604659635939257
15706,8.000000005
15707,7.604659635939257
15708,7.604659635939257
15709,7.0
15710,7.604659635939257
15711,7.604659635939257
15712,5.000000036666666
15713,10.0
15714,7.604659635939257
15715,8.0
15716,7.604659635939257
15717,7.604659635939257
15718,7.604659635939257
15719,7.604659635939257
15720,7.604659635939257
15721,7.604659635939257
15722,7.00000002
15723,4.0
15724,7.604659635939257
15725,8.999999979339965
15726,8.0
15727,7.604659635939257
15728,8.0
15729,7.604659635939257
15730,7.604659635939257
15731,8.999999988346163
15732,8.333333334444445
15733,7.604659635939257
15734,7.604659635939257
15735,7.604659635939257
15736,7.604659635939257
15737,7.604659635939257
15738,8.932688970873542
15739,7.604659635939257
15740,6.1926864054837925
15741,7.604659635939257
15742,7.604659635939257
15743,7.604659635939257
15744,8.0
15745,7.604659635939257
15746,7.604659635939257
15747,7.604659635939257
15748,7.604659635939257
15749,7.604659635939257
15750,7.604659635939257
15751,7.604659635939257
15752,7.554097095100357
15753,8.0
15754,7.604659635939257
15755,8.0
15756,9.0
15757,6.687500000156249
15758,7.000000004999999
15759,7.604659635939257
15760,7.604659635939257
15761,8.0
15762,7.604659635939257
15763,8.889942324320302
15764,9.999999992460632
15765,8.0
15766,6.500000001250001
15767,8.000000012071068
15768,7.0
15769,7.0
15770,5.000000028944272
15771,6.0
15772,7.604659635939257
15773,7.3117376935086655
15774,8.0
15775,7.604659635939257
15776,8.0
15777,9.999999960000002
15778,7.604659635939257
15779,7.604659635939257
15780,7.604659635939257
15781,7.604659635939257
15782,7.604659635939257
15783,7.604659635939257
15784,7.0
15785,8.0
15786,7.99999998
15787,7.604659635939257
15788,7.604659635939257
15789,7.604659635939257
15790,8.0
15791,5.462506386633472
15792,9.267949192790107
15793,8.0
15794,7.604659635939257
15795,7.604659635939257
15796,7.604659635939257
15797,7.604659635939257
15798,10.0
15799,7.604659635939257
15800,8.0
15801,7.604659635939257
15802,7.604659635939257
15803,7.604659635939257
15804,7.604659635939257
15805,7.604659635939257
15806,7.604659635939257
15807,8.0
15808,7.604659635939257
15809,7.604659635939257
15810,7.604659635939257
15811,7.604659635939257
15812,9.999999999999998
15813,7.604659635939257
15814,7.809256429717342
15815,8.912803567811102
15816,7.604659635939257
15817,8.999999995
15818,7.0
15819,7.604659635939257
15820,8.000000007999999
15821,7.604659635939257
15822,7.714285714489796
15823,7.604659635939257
15824,7.604659635939257
15825,8.0
15826,7.604659635939257
15827,7.604659635939257
15828,7.604659635939257
15829,8.0
15830,7.604659635939257
15831,7.000000000000001
15832,7.604659635939257
15833,7.604659635939257
15834,7.604659635939257
15835,8.0
15836,7.604659635939257
15837,7.604659635939257
15838,7.604659635939257
15839,7.0
15840,8.883036880551115
15841,7.604659635939257
15842,7.604659635939257
15843,7.604659635939257
15844,7.604659635939257
15845,9.999999943167186
15846,7.604659635939257
15847,7.604659635939257
15848,7.604659635939257
15849,6.45093836377702
15850,9.999999995839747
15851,7.604659635939257
15852,7.604659635939257
15853,7.604659635939257
15854,8.0
15855,7.604659635939257
15856,7.604659635939257
15857,7.604659635939257
15858,5.0
15859,7.604659635939257
15860,7.00000003
15861,7.604659635939257
15862,7.604659635939257
15863,9.0
15864,8.00000001
15865,7.604659635939257
15866,7.0
15867,7.604659635939257
15868,8.61200461804997
15869,7.0
15870,7.604659635939257
15871,7.604659635939257
15872,8.740499247385156
15873,7.604659635939257
15874,6.0
15875,8.000000029999999
15876,7.604659635939257
15877,7.604659635939257
15878,7.604659635939257
15879,7.604659635939257
15880,9.666666661111112
15881,6.340290689112255
15882,7.604659635939257
15883,9.0
15884,7.604659635939257
15885,7.604659635939257
15886,8.666666665555555
15887,7.0
15888,7.25
15889,7.604659635939257
15890,7.604659635939257
15891,7.604659635939257
15892,8.0
15893,7.604659635939257
15894,7.604659635939257
15895,7.604659635939257
15896,7.100091944257542
15897,7.604659635939257
15898,7.604659635939257
15899,7.604659635939257
15900,7.604659635939257
15901,7.604659635939257
15902,6.427050983403483
15903,7.604659635939257
15904,7.604659635939257
15905,7.604659635939257
15906,8.0
15907,7.604659635939257
15908,7.604659635939257
15909,7.604659635939257
15910,9.738796124953488
15911,7.604659635939257
15912,10.0
15913,7.4285714310204085
15914,6.059260988002742
15915,7.604659635939257
15916,8.0
15917,9.000000000000002
15918,7.0
15919,7.604659635939257
15920,7.604659635939257
15921,7.604659635939257
15922,7.604659635939257
15923,8.0
15924,7.604659635939257
15925,7.604659635939257
15926,7.604659635939257
15927,6.666666666111111
15928,7.604659635939257
15929,7.896700159356755
15930,7.604659635939257
15931,7.604659635939257
15932,8.250000001250001
15933,7.604659635939257
15934,7.604659635939257
15935,8.0
15936,7.0
15937,7.604659635939257
15938,7.604659635939257
15939,6.999999999545454
15940,7.604659635939257
15941,7.604659635939257
15942,7.604659635939257
15943,8.0
15944,7.0
15945,9.0
15946,7.604659635939257
15947,7.604659635939257
15948,7.604659635939257
15949,8.999999966905996
15950,8.000000004
15951,9.499999995
15952,9.0
15953,7.604659635939257
15954,8.85714285510204
15955,7.604659635939257
15956,7.604659635939257
15957,7.604659635939257
15958,7.604659635939257
15959,8.0
15960,7.604659635939257
15961,8.0
15962,7.604659635939257
15963,7.604659635939257
15964,7.604659635939257
15965,6.0
15966,7.604659635939257
15967,9.999999995
15968,7.604659635939257
15969,7.142857143469387
15970,7.604659635939257
15971,7.604659635939257
15972,7.000000009999999
15973,5.00000003
15974,7.4417284662934895
15975,7.604659635939257
15976,7.604659635939257
15977,7.604659635939257
15978,7.604659635939257
15979,7.604659635939257
15980,7.604659635939257
15981,8.0
15982,7.0
15983,7.604659635939257
15984,7.604659635939257
15985,7.604659635939257
15986,8.0
15987,7.604659635939257
15988,7.604659635939257
15989,8.000000003333334
15990,7.604659635939257
15991,7.604659635939257
15992,8.0
15993,7.604659635939257
15994,7.0
15995,7.604659635939257
15996,7.604659635939257
15997,7.817623959935617
15998,7.604659635939257
15999,7.604659635939257
16000,7.604659635939257
16001,7.0
16002,7.604659635939257
16003,7.000000000000001
16004,7.604659635939257
16005,7.604659635939257
16006,7.604659635939257
16007,10.0
16008,7.604659635939257
16009,7.604659635939257
16010,8.0
16011,8.0
16012,7.604659635939257
16013,7.999999994999999
16014,8.33333332888889
16015,7.604659635939257
16016,7.0
16017,7.604659635939257
16018,7.604659635939257
16019,8.0
16020,7.604659635939257
16021,7.604659635939257
16022,7.64337282976296
16023,7.604659635939257
16024,7.604659635939257
16025,8.441060775637597
16026,7.604659635939257
16027,6.000000031213204
16028,7.604659635939257
16029,7.604659635939257
16030,7.604659635939257
16031,9.99999998
16032,7.604659635939257
16033,8.0
16034,7.604659635939257
16035,7.604659635939257
16036,7.604659635939257
16037,7.604659635939257
16038,5.0
16039,2.0
16040,7.604659635939257
16041,7.604659635939257
16042,7.604659635939257
16043,7.604659635939257
16044,8.0
16045,8.999999995
16046,7.999999993333333
16047,7.2426406871445375
16048,9.0
16049,7.604659635939257
16050,7.604659635939257
16051,7.604659635939257
16052,8.499999999999998
16053,7.604659635939257
16054,8.5
16055,7.604659635939257
16056,7.604659635939257
16057,7.604659635939257
16058,6.0
16059,8.0
16060,7.604659635939257
16061,10.0
16062,8.0
16063,7.604659635939257
16064,7.604659635939257
16065,7.604659635939257
16066,7.604659635939257
16067,7.604659635939257
16068,7.000000018333334
16069,7.604659635939257
16070,7.604659635939257
16071,7.604659635939257
16072,8.0
16073,7.604659635939257
16074,8.0
16075,7.666666671111111
16076,7.604659635939257
16077,7.604659635939257
16078,7.604659635939257
16079,7.604659635939257
16080,7.604659635939257
16081,7.604659635939257
16082,7.604659635939257
16083,7.604659635939257
16084,6.708920441640296
16085,8.0
16086,8.0
16087,7.604659635939257
16088,7.604659635939257
16089,7.604659635939257
16090,7.604659635939257
16091,7.604659635939257
16092,8.0
16093,7.0
16094,7.604659635939257
16095,7.604659635939257
16096,8.0
16097,8.0
16098,7.999999996363638
16099,7.604659635939257
16100,7.604659635939257
16101,7.604659635939257
16102,7.604659635939257
16103,7.604659635939257
16104,5.690547518487086
16105,7.917605762290573
16106,7.604659635939257
16107,7.604659635939257
16108,7.604659635939257
16109,8.0
16110,6.0000000017058435
16111,7.604659635939257
16112,8.75
16113,7.604659635939257
16114,7.604659635939257
16115,8.0
16116,8.0
16117,7.604659635939257
16118,8.0
16119,9.0
16120,8.0
16121,7.604659635939257
16122,8.5
16123,7.604659635939257
16124,7.604659635939257
16125,8.0
16126,7.604659635939257
16127,7.604659635939257
16128,7.604659635939257
16129,7.604659635939257
16130,7.604659635939257
16131,7.000000000000001
16132,7.604659635939257
16133,8.0
16134,7.604659635939257
16135,8.00000001
16136,9.999999977639321
16137,7.00000001
16138,7.604659635939257
16139,7.499999995964494
16140,8.0
16141,7.0
16142,7.604659635939257
16143,7.604659635939257
16144,7.604659635939257
16145,7.604659635939257
16146,7.604659635939257
16147,9.999999999999998
16148,7.604659635939257
16149,7.604659635939257
16150,8.0
16151,7.604659635939257
16152,7.604659635939257
16153,7.428571432857143
16154,7.604659635939257
16155,6.6666666744444445
16156,7.604659635939257
16157,7.604659635939257
16158,7.604659635939257
16159,8.0
16160,7.604659635939257
16161,7.604659635939257
16162,7.604659635939257
16163,7.604659635939257
16164,8.0
16165,8.0
16166,7.604659635939257
16167,8.989947452915029
16168,7.604659635939257
16169,7.604659635939257
16170,7.604659635939257
16171,7.604659635939257
16172,7.604659635939257
16173,7.604659635939257
16174,9.236692148828695
16175,7.604659635939257
16176,7.604659635939257
16177,7.604659635939257
16178,7.598415090727222
16179,7.604659635939257
16180,9.0
16181,7.604659635939257
16182,7.604659635939257
16183,8.000000000000002
16184,7.604659635939257
16185,7.604659635939257
16186,7.604659635939257
16187,7.604659635939257
16188,7.604659635939257
16189,7.604659635939257
16190,7.604659635939257
16191,8.0
16192,7.604659635939257
16193,7.0
16194,9.0
16195,7.604659635939257
16196,7.604659635939257
16197,8.0
16198,7.685085292699304
16199,7.604659635939257
16200,7.604659635939257
16201,7.604659635939257
16202,7.604659635939257
16203,10.0
16204,7.0
16205,7.604659635939257
16206,7.5
16207,8.0
16208,7.604659635939257
16209,7.0
16210,5.294117648235294
16211,7.604659635939257
16212,7.604659635939257
16213,7.604659635939257
16214,7.604659635939257
16215,7.604659635939257
16216,7.604659635939257
16217,7.604659635939257
16218,7.604659635939257
16219,7.604659635939257
16220,7.604659635939257
16221,7.604659635939257
16222,8.0
16223,7.604659635939257
16224,7.604659635939257
16225,7.999999994999999
16226,7.604659635939257
16227,7.604659635939257
16228,8.0
16229,7.604659635939257
16230,8.0
16231,7.604659635939257
16232,7.604659635939257
16233,7.604659635939257
16234,7.604659635939257
16235,7.604659635939257
16236,7.0
16237,8.0
16238,8.0
16239,7.604659635939257
16240,7.604659635939257
16241,7.604659635939257
16242,7.604659635939257
16243,7.604659635939257
16244,9.999999975000001
16245,7.604659635939257
16246,7.604659635939257
16247,7.000000049999998
16248,9.0
16249,9.379310340665874
16250,7.604659635939257
16251,7.999999977362898
16252,7.604659635939257
16253,9.999999995
16254,8.0
16255,7.604659635939257
16256,8.0
16257,7.604659635939257
16258,8.0
16259,7.604659635939257
16260,7.000000010000001
16261,6.333333337777777
16262,7.604659635939257
16263,7.604659635939257
16264,8.0
16265,6.71428571367347
16266,6.0
16267,6.000000006666666
16268,8.999999996000001
16269,7.604659635939257
16270,7.604659635939257
16271,8.0
16272,7.604659635939257
16273,7.604659635939257
16274,7.604659635939257
16275,7.604659635939257
16276,7.604659635939257
16277,10.0
16278,7.604659635939257
16279,7.604659635939257
16280,7.604659635939257
16281,7.604659635939257
16282,7.999999950000002
16283,4.0
16284,7.604659635939257
16285,7.604659635939257
16286,7.604659635939257
16287,7.604659635939257
16288,7.604659635939257
16289,9.5
16290,8.5
16291,7.604659635939257
16292,8.485281374289077
16293,7.0
16294,7.604659635939257
16295,7.604659635939257
16296,7.604659635939257
16297,7.604659635939257
16298,7.604659635939257
16299,7.604659635939257
16300,7.604659635939257
16301,7.604659635939257
16302,7.0
16303,7.604659635939257
16304,8.0
16305,7.604659635939257
16306,8.000000035
16307,7.604659635939257
16308,7.604659635939257
16309,7.426971059271528
16310,7.604659635939257
16311,7.604659635939257
16312,7.604659635939257
16313,7.604659635939257
16314,7.604659635939257
16315,5.0
16316,7.604659635939257
16317,7.604659635939257
16318,7.604659635939257
16319,7.604659635939257
16320,8.0
16321,8.0
16322,7.604659635939257
16323,7.604659635939257
16324,7.604659635939257
16325,7.604659635939257
16326,7.604659635939257
16327,7.604659635939257
16328,7.0
16329,8.0
16330,6.000000009999999
16331,7.604659635939257
16332,7.604659635939257
16333,7.604659635939257
16334,7.0
16335,7.604659635939257
16336,7.0
16337,7.604659635939257
16338,7.604659635939257
16339,7.0
16340,7.604659635939257
16341,7.604659635939257
16342,5.9482473023261075
16343,7.604659635939257
16344,7.604659635939257
16345,10.0
16346,8.941176470588236
16347,10.0
16348,7.0
16349,7.604659635939257
16350,7.604659635939257
16351,7.0
16352,7.0
16353,7.604659635939257
16354,7.604659635939257
16355,7.604659635939257
16356,7.0
16357,8.678010781625037
16358,7.604659635939257
16359,7.604659635939257
16360,7.604659635939257
16361,8.0
16362,7.604659635939257
16363,7.604659635939257
16364,7.604659635939257
16365,8.0
16366,8.0
16367,8.0
16368,7.604659635939257
16369,7.604659635939257
16370,7.604659635939257
16371,6.99999999
16372,7.604659635939257
16373,7.604659635939257
16374,8.0
16375,7.0
16376,5.000000003973597
16377,8.0
16378,7.604659635939257
16379,7.604659635939257
16380,7.604659635939257
16381,7.0
16382,7.0
16383,7.604659635939257
16384,8.0
16385,8.0
16386,7.0
16387,9.0
16388,7.604659635939257
16389,7.604659635939257
16390,6.635533717609834
16391,7.604659635939257
16392,7.604659635939257
16393,8.0
16394,10.0
16395,7.604659635939257
16396,7.436130213611574
16397,7.604659635939257
16398,8.0
16399,7.604659635939257
16400,8.0
16401,8.0
16402,7.604659635939257
16403,5.000000079999998
16404,7.604659635939257
16405,6.28989794896269
16406,8.696087561726474
16407,7.0
16408,7.604659635939257
16409,8.25
16410,9.559437400649468
16411,7.0
16412,7.604659635939257
16413,7.604659635939257
16414,7.604659635939257
16415,7.604659635939257
16416,7.604659635939257
16417,5.0
16418,7.604659635939257
16419,7.999999960000002
16420,8.0
16421,8.999999950000003
16422,7.604659635939257
16423,7.321901801972204
16424,7.604659635939257
16425,8.0
16426,7.604659635939257
16427,7.0
16428,7.604659635939257
16429,7.604659635939257
16430,7.604659635939257
16431,7.0
16432,7.604659635939257
16433,8.00000001
16434,7.604659635939257
16435,7.604659635939257
16436,7.604659635939257
16437,7.604659635939257
16438,9.99999997915274
16439,7.604659635939257
16440,5.000000016666666
16441,7.604659635939257
16442,10.0
16443,8.0
16444,7.604659635939257
16445,7.604659635939257
16446,7.604659635939257
16447,7.604659635939257
16448,8.0
16449,9.999999960000002
16450,8.666666666666666
16451,7.604659635939257
16452,7.604659635939257
16453,7.604659635939257
16454,8.0
16455,7.000000000000001
16456,8.0
16457,7.604659635939257
16458,7.604659635939257
16459,7.604659635939257
16460,7.604659635939257
16461,7.604659635939257
16462,8.0
16463,9.999999999999998
16464,7.604659635939257
16465,7.604659635939257
16466,7.604659635939257
16467,7.604659635939257
16468,7.0
16469,8.42881891050803
16470,8.804259659896484
16471,7.604659635939257
16472,7.604659635939257
16473,7.604659635939257
16474,7.000000005
16475,7.0
16476,7.604659635939257
16477,7.604659635939257
16478,7.604659635939257
16479,7.604659635939257
16480,9.0
16481,7.604659635939257
16482,10.0
16483,7.604659635939257
16484,5.0
16485,7.604659635939257
16486,7.604659635939257
16487,7.604659635939257
16488,7.604659635939257
16489,7.604659635939257
16490,9.0
16491,7.604659635939257
16492,8.0
16493,8.0
16494,7.604659635939257
16495,7.604659635939257
16496,7.604659635939257
16497,7.0
16498,7.604659635939257
16499,7.604659635939257
16500,7.604659635939257
16501,7.604659635939257
16502,7.604659635939257
16503,7.604659635939257
16504,7.999999995527864
16505,7.0
16506,9.25000000125
16507,7.604659635939257
16508,7.604659635939257
16509,8.0
16510,7.604659635939257
16511,10.0
16512,9.0
16513,10.0
16514,8.5
16515,7.0
16516,7.604659635939257
16517,7.604659635939257
16518,7.604659635939257
16519,8.0
16520,7.604659635939257
16521,7.604659635939257
16522,7.604659635939257
16523,7.604659635939257
16524,9.999999999999998
16525,9.999999964000002
16526,8.0
16527,8.0
16528,7.604659635939257
16529,7.0
16530,7.463598998061558
16531,7.604659635939257
16532,6.111111110864198
16533,7.604659635939257
16534,7.604659635939257
16535,2.0000001399999947
16536,7.9999999950000005
16537,7.604659635939257
16538,7.604659635939257
16539,10.0
16540,8.0
16541,8.0
16542,6.499999997500001
16543,9.25
16544,7.0
16545,7.604659635939257
16546,7.604659635939257
16547,7.333333342222222
16548,6.0
16549,7.000000006666666
16550,7.604659635939257
16551,7.604659635939257
16552,7.604659635939257
16553,7.604659635939257
16554,7.857142854693877
16555,7.604659635939257
16556,9.0
16557,8.0
16558,7.604659635939257
16559,7.604659635939257
16560,9.0
16561,7.604659635939257
16562,7.604659635939257
16563,7.0
16564,8.0
16565,8.0
16566,7.604659635939257
16567,9.0
16568,8.0
16569,7.604659635939257
16570,7.604659635939257
16571,6.0
16572,7.604659635939257
16573,7.4000000024000006
16574,7.604659635939257
16575,7.604659635939257
16576,7.604659635939257
16577,7.604659635939257
16578,7.0
16579,7.604659635939257
16580,8.0
16581,9.999999986666667
16582,7.604659635939257
16583,7.604659635939257
16584,7.604659635939257
16585,10.0
16586,7.604659635939257
16587,8.0
16588,8.5
16589,7.604659635939257
16590,7.604659635939257
16591,7.999999975000001
16592,7.604659635939257
16593,7.604659635939257
16594,7.0
16595,7.604659635939257
16596,7.604659635939257
16597,7.604659635939257
16598,7.999999994999999
16599,9.000000011666666
16600,7.604659635939257
16601,7.604659635939257
16602,10.0
16603,7.604659635939257
16604,8.36363636057851
16605,7.604659635939257
16606,7.604659635939257
16607,7.604659635939257
16608,8.499999995
16609,8.054886115723134
16610,7.0
16611,7.604659635939257
16612,8.0
16613,9.99999998
16614,10.0
16615,5.337593574643392
16616,8.0
16617,7.674921126076959
16618,7.604659635939257
16619,7.604659635939257
16620,8.0
16621,8.0
16622,7.604659635939257
16623,7.589486604978898
16624,7.249999996250001
16625,10.0
16626,7.604659635939257
16627,8.0
16628,10.0
16629,7.604659635939257
16630,7.604659635939257
16631,5.0
16632,8.0
16633,7.604659635939257
16634,7.604659635939257
16635,7.604659635939257
16636,7.604659635939257
16637,7.604659635939257
16638,7.604659635939257
16639,7.604659635939257
16640,7.604659635939257
16641,7.604659635939257
16642,7.604659635939257
16643,3.000000094999998
16644,7.604659635939257
16645,10.0
16646,7.604659635939257
16647,9.999999990000001
16648,7.604659635939257
16649,6.0
16650,8.0
16651,7.604659635939257
16652,7.604659635939257
16653,7.604659635939257
16654,7.604659635939257
16655,10.0
16656,7.604659635939257
16657,10.0
16658,8.0
16659,7.000000000000001
16660,7.604659635939257
16661,7.604659635939257
16662,7.604659635939257
16663,7.604659635939257
16664,5.712812922641068
16665,7.604659635939257
16666,9.0
16667,8.333333327777778
16668,7.604659635939257
16669,7.604659635939257
16670,8.0
16671,7.604659635939257
16672,7.604659635939257
16673,8.0
16674,7.604659635939257
16675,7.604659635939257
16676,7.604659635939257
16677,7.604659635939257
16678,7.604659635939257
16679,7.604659635939257
16680,7.604659635939257
16681,7.604659635939257
16682,7.604659635939257
16683,7.604659635939257
16684,7.604659635939257
16685,7.604659635939257
16686,7.604659635939257
16687,7.604659635939257
16688,8.0
16689,7.604659635939257
16690,8.0
16691,6.0
16692,8.594451494812612
16693,7.604659635939257
16694,8.000000006111112
16695,7.604659635939257
16696,7.285172663751688
16697,7.604659635939257
16698,6.542359821349672
16699,8.0
16700,8.666666657777778
16701,7.604659635939257
16702,7.604659635939257
16703,7.604659635939257
16704,7.604659635939257
16705,7.604659635939257
16706,7.604659635939257
16707,7.604659635939257
16708,6.0
16709,7.000000010000002
16710,7.604659635939257
16711,8.0
16712,7.729307720305019
16713,7.604659635939257
16714,7.604659635939257
16715,8.0
16716,6.1973673339828075
16717,7.604659635939257
16718,8.0
16719,6.671587320848645
16720,5.809892397282985
16721,7.604659635939257
16722,8.0
16723,7.604659635939257
16724,7.604659635939257
16725,7.604659635939257
16726,10.0
16727,7.604659635939257
16728,8.649711573366352
16729,7.604659635939257
16730,7.604659635939257
16731,7.604659635939257
16732,7.604659635939257
16733,9.999999999999998
16734,8.0
16735,7.604659635939257
16736,7.0
16737,8.0
16738,7.604659635939257
16739,7.604659635939257
16740,7.604659635939257
16741,7.604659635939257
16742,8.0
16743,8.137373137384168
16744,7.604659635939257
16745,7.604659635939257
16746,7.604659635939257
16747,7.0
16748,7.604659635939257
16749,10.0
16750,8.0
16751,8.0
16752,7.604659635939257
16753,6.509712745850453
16754,7.604659635939257
16755,7.604659635939257
16756,10.0
16757,7.604659635939257
16758,7.604659635939257
16759,7.0
16760,8.0
16761,5.0
16762,7.604659635939257
16763,7.604659635939257
16764,7.604659635939257
16765,7.604659635939257
16766,8.999999990000001
16767,9.0
16768,8.000000004264013
16769,7.604659635939257
16770,7.604659635939257
16771,7.604659635939257
16772,9.49999999
16773,7.604659635939257
16774,7.604659635939257
16775,7.604659635939257
16776,8.0
16777,7.604659635939257
16778,7.333333332222222
16779,7.604659635939257
16780,8.0
16781,5.0000000376491105
16782,7.0
16783,10.0
16784,7.604659635939257
16785,7.604659635939257
16786,7.604659635939257
16787,7.604659635939257
16788,7.604659635939257
16789,7.604659635939257
16790,8.75
16791,7.604659635939257
16792,7.604659635939257
16793,7.604659635939257
16794,7.999999997727272
16795,7.604659635939257
16796,8.0
16797,7.604659635939257
16798,7.604659635939257
16799,7.604659635939257
16800,7.604659635939257
16801,7.604659635939257
16802,10.0
16803,6.0
16804,7.0
16805,7.604659635939257
16806,7.0
16807,7.604659635939257
16808,7.604659635939257
16809,7.604659635939257
16810,7.604659635939257
16811,7.604659635939257
16812,9.740124824022224
16813,9.4415184403432
16814,5.285714290204082
16815,6.5999999996
16816,5.999999999999999
16817,7.604659635939257
16818,7.604659635939257
16819,9.0
16820,7.604659635939257
16821,7.604659635939257
16822,7.604659635939257
16823,7.604659635939257
16824,7.604659635939257
16825,8.0
16826,7.604659635939257
16827,7.604659635939257
16828,8.0
16829,7.604659635939257
16830,7.0
16831,7.604659635939257
16832,8.0
16833,7.604659635939257
16834,3.5000000025
16835,7.604659635939257
16836,6.500000002
16837,7.604659635939257
16838,7.604659635939257
16839,7.604659635939257
16840,7.604659635939257
16841,6.0
16842,7.999999969107379
16843,4.7999999988
16844,7.604659635939257
16845,8.0
16846,7.0
16847,8.0
16848,7.604659635939257
16849,7.604659635939257
16850,7.249999996250001
16851,7.604659635939257
16852,7.726892942221212
16853,7.604659635939257
16854,7.604659635939257
16855,7.604659635939257
16856,7.604659635939257
16857,7.5
16858,10.0
16859,7.0
16860,9.0
16861,7.604659635939257
16862,8.0
16863,7.604659635939257
16864,7.604659635939257
16865,7.604659635939257
16866,8.0
16867,9.99999999
16868,8.0
16869,7.0
16870,7.604659635939257
16871,8.0
16872,7.604659635939257
16873,2.0
16874,7.604659635939257
16875,7.604659635939257
16876,8.0
16877,7.604659635939257
16878,7.604659635939257
16879,7.604659635939257
16880,7.604659635939257
16881,7.604659635939257
16882,7.604659635939257
16883,8.0
16884,8.666666667777777
16885,7.604659635939257
16886,6.0
16887,8.0
16888,8.0
16889,7.604659635939257
16890,8.0
16891,8.0
16892,7.604659635939257
16893,8.0
16894,7.0
16895,7.999999990000002
16896,7.604659635939257
16897,8.0
16898,7.604659635939257
16899,7.0
16900,7.604659635939257
16901,7.604659635939257
16902,8.0
16903,7.604659635939257
16904,7.604659635939257
16905,7.000000000000001
16906,7.0
16907,7.604659635939257
16908,7.604659635939257
16909,7.604659635939257
16910,7.0
16911,8.0
16912,7.4000000002828425
16913,7.604659635939257
16914,7.604659635939257
16915,7.604659635939257
16916,7.604659635939257
16917,7.604659635939257
16918,7.604659635939257
16919,7.604659635939257
16920,7.604659635939257
16921,7.604659635939257
16922,7.604659635939257
16923,9.285979852309229
16924,7.604659635939257
16925,8.0
16926,7.604659635939257
16927,9.49999998329057
16928,5.98002742070209
16929,7.604659635939257
16930,7.604659635939257
16931,7.604659635939257
16932,7.604659635939257
16933,5.0
16934,7.5
16935,8.0
16936,10.0
16937,7.604659635939257
16938,7.0
16939,7.604659635939257
16940,7.604659635939257
16941,7.604659635939257
16942,7.604659635939257
16943,7.604659635939257
16944,7.604659635939257
16945,7.604659635939257
16946,7.0
16947,8.25
16948,8.999999998333331
16949,8.267478890896404
16950,7.604659635939257
16951,7.604659635939257
16952,7.000000000000001
16953,9.0
16954,8.585276485514541
16955,7.000000029999999
16956,7.604659635939257
16957,7.604659635939257
16958,8.25
16959,7.604659635939257
16960,7.604659635939257
16961,7.604659635939257
16962,7.604659635939257
16963,7.604659635939257
16964,7.604659635939257
16965,7.604659635939257
16966,8.0
16967,7.604659635939257
16968,7.604659635939257
16969,7.604659635939257
16970,9.0000000025
16971,7.0
16972,7.604659635939257
16973,7.604659635939257
16974,7.758685880029014
16975,9.999999999999998
16976,9.0
16977,7.604659635939257
16978,7.604659635939257
16979,7.604659635939257
16980,7.604659635939257
16981,7.604659635939257
16982,7.0
16983,7.75
16984,8.0
16985,10.0
16986,8.0
16987,9.0
16988,7.604659635939257
16989,8.496782056044374
16990,7.604659635939257
16991,8.0
16992,7.604659635939257
16993,6.999999999999999
16994,7.604659635939257
16995,7.604659635939257
16996,7.604659635939257
16997,7.604659635939257
16998,9.0
16999,7.604659635939257
17000,7.604659635939257
17001,7.604659635939257
17002,7.604659635939257
17003,7.604659635939257
17004,7.604659635939257
17005,6.549703549358361
17006,8.0
17007,8.0
17008,7.604659635939257
17009,7.0
17010,8.5
17011,7.604659635939257
17012,7.604659635939257
17013,7.604659635939257
17014,8.0
17015,7.604659635939257
17016,7.604659635939257
17017,8.0
17018,6.0
17019,7.604659635939257
17020,10.000000000000002
17021,7.604659635939257
17022,6.0
17023,7.0
17024,9.0
17025,7.604659635939257
17026,8.0
17027,8.999999945
17028,8.49999998875
17029,7.604659635939257
17030,9.999999988482621
17031,7.604659635939257
17032,7.333333342222222
17033,7.604659635939257
17034,7.604659635939257
17035,7.0
17036,7.604659635939257
17037,6.499999997500001
17038,7.604659635939257
17039,7.604659635939257
17040,10.0
17041,7.604659635939257
17042,7.604659635939257
17043,7.604659635939257
17044,7.99999999
17045,7.0
17046,7.841982854087086
17047,4.735041903782173
17048,7.604659635939257
17049,7.0
17050,7.604659635939257
17051,10.0
17052,7.604659635939257
17053,7.604659635939257
17054,7.604659635939257
17055,7.604659635939257
17056,7.604659635939257
17057,8.0
17058,8.0
17059,7.604659635939257
17060,9.045162112419947
17061,8.000000000000002
17062,9.0
17063,7.604659635939257
17064,7.604659635939257
17065,8.38817799174543
17066,6.0
17067,7.714285713673469
17068,7.604659635939257
17069,7.604659635939257
17070,7.666666664074072
17071,7.99999999
17072,7.604659635939257
17073,7.000000003086929
17074,8.303241087310456
17075,7.604659635939257
17076,7.604659635939257
17077,8.0
17078,7.604659635939257
17079,7.604659635939257
17080,7.604659635939257
17081,8.0
17082,7.604659635939257
17083,7.604659635939257
17084,7.604659635939257
17085,7.604659635939257
17086,7.604659635939257
17087,9.33333333388889
17088,10.0
17089,7.604659635939257
17090,8.000000027071067
17091,6.999999980000001
17092,7.604659635939257
17093,7.604659635939257
17094,8.0
17095,8.0
17096,7.604659635939257
17097,7.604659635939257
17098,7.604659635939257
17099,7.604659635939257
17100,8.0
17101,7.604659635939257
17102,7.604659635939257
17103,8.0
17104,7.604659635939257
17105,7.604659635939257
17106,7.604659635939257
17107,7.604659635939257
17108,9.230769229280078
17109,7.604659635939257
17110,7.604659635939257
17111,7.0
17112,8.0
17113,8.0
17114,7.604659635939257
17115,7.604659635939257
17116,7.604659635939257
17117,6.793787149736372
17118,7.604659635939257
17119,7.999999999999999
17120,7.604659635939257
17121,7.604659635939257
17122,7.604659635939257
17123,8.99999999
17124,8.671413127770856
17125,8.0
17126,7.604659635939257
17127,8.0
17128,7.455223465547721
17129,5.714285715918367
17130,7.604659635939257
17131,7.604659635939257
17132,7.604659635939257
17133,7.604659635939257
17134,6.999999960000002
17135,7.604659635939257
17136,7.604659635939257
17137,8.0
17138,5.0
17139,7.604659635939257
17140,7.0
17141,7.604659635939257
17142,7.604659635939257
17143,7.604659635939257
17144,7.604659635939257
17145,8.0
17146,7.604659635939257
17147,6.0
17148,7.604659635939257
17149,7.604659635939257
17150,7.604659635939257
17151,9.999999999999998
17152,7.604659635939257
17153,7.604659635939257
17154,7.604659635939257
17155,7.604659635939257
17156,7.604659635939257
17157,8.0
17158,6.0
17159,8.0
17160,7.604659635939257
17161,7.604659635939257
17162,7.0
17163,7.145498451029873
17164,7.604659635939257
17165,7.604659635939257
17166,8.0
17167,7.604659635939257
17168,7.604659635939257
17169,7.604659635939257
17170,7.604659635939257
17171,8.0
17172,7.604659635939257
17173,7.604659635939257
17174,7.604659635939257
17175,7.0
17176,7.604659635939257
17177,7.604659635939257
17178,7.604659635939257
17179,7.604659635939257
17180,7.604659635939257
17181,7.604659635939257
17182,7.604659635939257
17183,7.604659635939257
17184,7.604659635939257
17185,7.604659635939257
17186,7.604659635939257
17187,7.604659635939257
17188,7.604659635939257
17189,8.0
17190,7.604659635939257
17191,7.0
17192,7.6666666744444445
17193,7.604659635939257
17194,7.604659635939257
17195,8.0
17196,7.604659635939257
17197,7.604659635939257
17198,7.604659635939257
17199,7.604659635939257
17200,8.0
17201,7.0
17202,8.0
17203,7.604659635939257
17204,7.604659635939257
17205,7.604659635939257
17206,8.0
17207,8.0
17208,7.604659635939257
17209,7.604659635939257
17210,7.604659635939257
17211,7.0
17212,7.604659635939257
17213,7.604659635939257
17214,7.604659635939257
17215,7.604659635939257
17216,7.604659635939257
17217,7.604659635939257
17218,7.604659635939257
17219,7.604659635939257
17220,7.604659635939257
17221,8.999999998
17222,4.0
17223,7.604659635939257
17224,7.604659635939257
17225,9.0
17226,9.0
17227,7.604659635939257
17228,8.0
17229,7.604659635939257
17230,9.617862775863664
17231,8.0
17232,9.0
17233,7.604659635939257
17234,7.604659635939257
17235,7.604659635939257
17236,7.604659635939257
17237,7.604659635939257
17238,7.604659635939257
17239,8.387057994987329
17240,7.604659635939257
17241,9.0
17242,7.327841705703369
17243,7.604659635939257
17244,7.604659635939257
17245,5.0
17246,7.604659635939257
17247,7.604659635939257
17248,9.0
17249,6.898130639867679
17250,7.604659635939257
17251,7.604659635939257
17252,7.9999999850000005
17253,8.0
17254,6.999999986000001
17255,8.999999995
17256,7.604659635939257
17257,7.604659635939257
17258,7.604659635939257
17259,7.604659635939257
17260,7.604659635939257
17261,7.604659635939257
17262,5.000000000000001
17263,7.604659635939257
17264,8.0
17265,9.99999999
17266,9.999999947928934
17267,7.704790588931423
17268,7.604659635939257
17269,8.0
17270,7.714285714489796
17271,7.604659635939257
17272,7.604659635939257
17273,7.604659635939257
17274,9.0
17275,6.481132077933874
17276,7.604659635939257
17277,7.604659635939257
17278,7.604659635939257
17279,5.0
17280,7.604659635939257
17281,7.604659635939257
17282,8.0
17283,7.604659635939257
17284,7.604659635939257
17285,7.604659635939257
17286,7.604659635939257
17287,7.604659635939257
17288,7.604659635939257
17289,9.999999950000003
17290,7.604659635939257
17291,7.604659635939257
17292,9.0
17293,10.0
17294,7.604659635939257
17295,8.087371520518904
17296,9.0
17297,8.70204767432669
17298,6.333333322222222
17299,8.0
17300,7.604659635939257
17301,10.0
17302,7.604659635939257
17303,7.000000000000001
17304,7.604659635939257
17305,7.999999993333334
17306,7.555080676766938
17307,7.604659635939257
17308,7.604659635939257
17309,7.604659635939257
17310,8.0
17311,7.604659635939257
17312,7.604659635939257
17313,7.604659635939257
17314,8.999999955000002
17315,7.000000001428571
17316,8.0
17317,7.604659635939257
17318,7.604659635939257
17319,7.000000000000001
17320,7.604659635939257
17321,8.000000017071068
17322,7.7930485149928135
17323,7.604659635939257
17324,8.0
17325,7.604659635939257
17326,7.604659635939257
17327,6.583751458988
17328,9.500000000000002
17329,7.0
17330,9.0
17331,7.999999998
17332,8.208186651561354
17333,7.604659635939257
17334,8.0
17335,7.604659635939257
17336,7.604659635939257
17337,7.604659635939257
17338,8.0
17339,9.445790860887863
17340,7.604659635939257
17341,7.604659635939257
17342,7.0
17343,8.000000007071069
17344,8.0
17345,9.000000006666667
17346,7.604659635939257
17347,7.604659635939257
17348,7.604659635939257
17349,7.604659635939257
17350,7.604659635939257
17351,9.999999979999998
17352,7.604659635939257
17353,8.0
17354,10.0
17355,7.604659635939257
17356,9.999999950000001
17357,7.604659635939257
17358,7.000000049999998
17359,7.604659635939257
17360,7.604659635939257
17361,7.604659635939257
17362,8.0
17363,7.604659635939257
17364,7.604659635939257
17365,8.0
17366,7.604659635939257
17367,5.0
17368,7.604659635939257
17369,7.604659635939257
17370,7.0
17371,5.0
17372,7.604659635939257
17373,9.400000000399999
17374,8.0
17375,7.604659635939257
17376,8.0
17377,7.604659635939257
17378,7.604659635939257
17379,7.604659635939257
17380,7.604659635939257
17381,8.162277661476804
17382,7.604659635939257
17383,7.604659635939257
17384,7.604659635939257
17385,7.604659635939257
17386,6.0
17387,6.991373438559898
17388,7.000000049999999
17389,7.604659635939257
17390,7.604659635939257
17391,7.604659635939257
17392,7.604659635939257
17393,7.604659635939257
17394,7.604659635939257
17395,7.604659635939257
17396,7.604659635939257
17397,9.25
17398,7.731710200261076
17399,7.604659635939257
17400,7.604659635939257
17401,8.0
17402,9.471142032729697
17403,7.000000010000001
17404,7.117901359714369
17405,7.604659635939257
17406,7.604659635939257
17407,7.0
17408,7.604659635939257
17409,7.604659635939257
17410,8.184250904837201
17411,7.604659635939257
17412,7.000000059999998
17413,7.604659635939257
17414,7.604659635939257
17415,7.604659635939257
17416,7.0
17417,7.604659635939257
17418,7.604659635939257
17419,9.5
17420,7.604659635939257
17421,8.418861167481646
17422,7.115085267621195
17423,7.604659635939257
17424,7.604659635939257
17425,7.604659635939257
17426,7.604659635939257
17427,8.0
17428,7.604659635939257
17429,7.604659635939257
17430,9.0
17431,7.604659635939257
17432,7.604659635939257
17433,8.6000000004
17434,7.4999999850000005
17435,7.604659635939257
17436,7.604659635939257
17437,7.604659635939257
17438,8.0
17439,7.604659635939257
17440,7.604659635939257
17441,8.999999954166668
17442,8.4999999975
17443,7.604659635939257
17444,8.0
17445,7.604659635939257
17446,8.0
17447,7.604659635939257
17448,7.604659635939257
17449,7.604659635939257
17450,7.604659635939257
17451,5.750000003750001
17452,7.604659635939257
17453,7.057325407617318
17454,8.999999998944274
17455,7.604659635939257
17456,7.604659635939257
17457,8.0
17458,8.333333337777779
17459,7.604659635939257
17460,7.604659635939257
17461,10.0
17462,7.604659635939257
17463,7.604659635939257
17464,7.604659635939257
17465,9.3999999976
17466,7.604659635939257
17467,8.0
17468,7.604659635939257
17469,7.999999994999999
17470,10.0
17471,10.0
17472,7.604659635939257
17473,7.604659635939257
17474,7.604659635939257
17475,7.604659635939257
17476,7.0
17477,7.604659635939257
17478,7.604659635939257
17479,8.0
17480,7.604659635939257
17481,7.604659635939257
17482,7.604659635939257
17483,7.604659635939257
17484,7.604659635939257
17485,7.604659635939257
17486,7.604659635939257
17487,8.0
17488,9.48336777925245
17489,7.604659635939257
17490,7.604659635939257
17491,7.604659635939257
17492,8.0
17493,9.999999999999998
17494,7.999999993333334
17495,8.000000001428571
17496,10.0
17497,8.0
17498,8.999999975000001
17499,7.604659635939257
17500,7.604659635939257
17501,9.999999991666666
17502,9.0
17503,9.000000000000002
17504,6.0
17505,9.75
17506,7.604659635939257
17507,8.0
17508,7.0
17509,7.604659635939257
17510,7.999999990000002
17511,7.604659635939257
17512,8.0
17513,7.604659635939257
17514,7.604659635939257
17515,7.604659635939257
17516,7.604659635939257
17517,7.604659635939257
17518,8.0
17519,7.604659635939257
17520,8.0
17521,7.604659635939257
17522,7.604659635939257
17523,7.604659635939257
17524,7.604659635939257
17525,7.604659635939257
17526,7.604659635939257
17527,8.11269836897612
17528,7.604659635939257
17529,6.0
17530,7.604659635939257
17531,7.604659635939257
17532,8.0
17533,7.604659635939257
17534,7.604659635939257
17535,7.604659635939257
17536,7.604659635939257
17537,7.604659635939257
17538,7.604659635939257
17539,6.6505998911532505
17540,7.604659635939257
17541,7.604659635939257
17542,8.40743731226591
17543,7.604659635939257
17544,9.999999894188615
17545,7.604659635939257
17546,7.604659635939257
17547,7.604659635939257
17548,7.604659635939257
17549,7.604659635939257
17550,7.604659635939257
17551,7.604659635939257
17552,7.604659635939257
17553,7.604659635939257
17554,7.604659635939257
17555,8.0
17556,7.604659635939257
17557,8.0
17558,7.604659635939257
17559,7.604659635939257
17560,9.0
17561,7.0
17562,5.031323831363689
17563,7.604659635939257
17564,7.604659635939257
17565,7.604659635939257
17566,7.604659635939257
17567,7.604659635939257
17568,8.0
17569,7.604659635939257
17570,7.604659635939257
17571,8.33333333111111
17572,4.000000084999998
17573,6.0
17574,7.604659635939257
17575,8.0
17576,8.0
17577,7.471991435397928
17578,8.0
17579,7.604659635939257
17580,7.604659635939257
17581,8.0000000025
17582,8.0
17583,7.604659635939257
17584,7.604659635939257
17585,7.604659635939257
17586,7.604659635939257
17587,7.604659635939257
17588,7.604659635939257
17589,7.604659635939257
17590,7.0
17591,7.604659635939257
17592,10.0
17593,8.0
17594,7.604659635939257
17595,7.604659635939257
17596,8.0
17597,7.604659635939257
17598,8.570978807159383
17599,7.604659635939257
17600,7.604659635939257
17601,8.0
17602,7.604659635939257
17603,7.604659635939257
17604,8.0
17605,7.139603993753653
17606,7.604659635939257
17607,7.604659635939257
17608,7.604659635939257
17609,7.604659635939257
17610,8.0
17611,7.604659635939257
17612,7.604659635939257
17613,8.001429302069438
17614,7.604659635939257
17615,7.25
17616,7.604659635939257
17617,7.666666666666666
17618,7.604659635939257
17619,7.604659635939257
17620,7.604659635939257
17621,8.0
17622,7.0
17623,7.604659635939257
17624,8.33333332888889
17625,7.604659635939257
17626,8.0
17627,7.0211799329575015
17628,7.604659635939257
17629,7.604659635939257
17630,8.0
17631,8.0
17632,5.9999999961742585
17633,7.604659635939257
17634,6.999999994930878
17635,7.604659635939257
17636,7.604659635939257
17637,8.448827229906698
17638,8.0
17639,7.604659635939257
17640,7.604659635939257
17641,7.604659635939257
17642,7.0
17643,9.428571428775511
17644,8.0
17645,6.0
17646,7.604659635939257
17647,7.604659635939257
17648,7.604659635939257
17649,8.0
17650,7.604659635939257
17651,2.0
17652,7.604659635939257
17653,7.604659635939257
17654,7.999999978333332
17655,8.0
17656,7.000000000000001
17657,7.604659635939257
17658,7.604659635939257
17659,7.604659635939257
17660,7.604659635939257
17661,8.517241376777646
17662,7.604659635939257
17663,7.604659635939257
17664,8.0
17665,7.604659635939257
17666,7.604659635939257
17667,7.604659635939257
17668,7.604659635939257
17669,8.999999978333333
17670,10.0
17671,7.604659635939257
17672,7.604659635939257
17673,7.604659635939257
17674,7.604659635939257
17675,7.604659635939257
17676,7.604659635939257
17677,7.604659635939257
17678,7.604659635939257
17679,7.604659635939257
17680,7.9999999850000005
17681,7.604659635939257
17682,7.604659635939257
17683,7.604659635939257
17684,6.381487140565316
17685,7.604659635939257
17686,9.0
17687,7.604659635939257
17688,7.604659635939257
17689,8.0
17690,7.604659635939257
17691,7.604659635939257
17692,6.0
17693,7.604659635939257
17694,7.604659635939257
17695,7.604659635939257
17696,8.0
17697,7.604659635939257
17698,9.0
17699,8.999999995
17700,7.604659635939257
17701,7.604659635939257
17702,6.666666672166386
17703,7.604659635939257
17704,7.749999998750001
17705,7.604659635939257
17706,8.0
17707,7.604659635939257
17708,7.604659635939257
17709,7.604659635939257
17710,7.604659635939257
17711,8.500000009999999
17712,8.00000002
17713,8.999999998963048
17714,7.604659635939257
17715,7.604659635939257
17716,7.604659635939257
17717,8.0
17718,9.0
17719,7.604659635939257
17720,7.604659635939257
17721,7.0
17722,7.604659635939257
17723,9.0
17724,8.0
17725,7.604659635939257
17726,7.604659635939257
17727,7.604659635939257
17728,7.0
17729,8.0
17730,7.604659635939257
17731,8.846153848698224
17732,8.0
17733,7.604659635939257
17734,7.604659635939257
17735,7.81079155556296
17736,7.604659635939257
17737,7.604659635939257
17738,7.604659635939257
17739,7.604659635939257
17740,7.604659635939257
17741,7.604659635939257
17742,7.604659635939257
17743,7.500000009999999
17744,7.604659635939257
17745,7.604659635939257
17746,7.000000000000001
17747,7.604659635939257
17748,8.0
17749,7.966530728874582
17750,8.0
17751,7.604659635939257
17752,7.604659635939257
17753,10.0
17754,7.604659635939257
17755,8.0
17756,7.604659635939257
17757,7.0
17758,7.604659635939257
17759,6.93636977110118
17760,4.000000110206205
17761,8.0
17762,7.604659635939257
17763,7.604659635939257
17764,7.99999999
17765,7.604659635939257
17766,7.13696332008982
17767,7.604659635939257
17768,8.0
17769,7.0
17770,9.0
17771,7.604659635939257
17772,8.0
17773,7.604659635939257
17774,7.604659635939257
17775,7.604659635939257
17776,7.604659635939257
17777,7.604659635939257
17778,7.3411328203841855
17779,8.020450251100097
17780,8.000000000000002
17781,7.604659635939257
17782,8.0
17783,7.604659635939257
17784,4.999999999999999
17785,7.604659635939257
17786,9.999999967928934
17787,7.604659635939257
17788,10.0
17789,7.604659635939257
17790,7.604659635939257
17791,7.604659635939257
17792,8.0
17793,7.604659635939257
17794,9.000000005
17795,7.604659635939257
17796,7.604659635939257
17797,7.604659635939257
17798,7.604659635939257
17799,7.604659635939257
17800,7.0
17801,7.604659635939257
17802,7.604659635939257
17803,8.0
17804,8.0
17805,7.604659635939257
17806,7.604659635939257
17807,8.5
17808,7.604659635939257
17809,7.604659635939257
17810,7.604659635939257
17811,7.892756279340378
17812,7.604659635939257
17813,7.604659635939257
17814,8.0
17815,7.604659635939257
17816,7.604659635939257
17817,5.0
17818,7.8387096792611874
17819,9.99999998
17820,7.604659635939257
17821,7.604659635939257
17822,7.604659635939257
17823,9.421570973524645
17824,7.604659635939257
17825,7.604659635939257
17826,8.0
17827,7.604659635939257
17828,7.604659635939257
17829,7.604659635939257
17830,7.604659635939257
17831,10.0
17832,7.604659635939257
17833,7.0
17834,7.604659635939257
17835,7.604659635939257
17836,7.333333334444444
17837,7.604659635939257
17838,7.604659635939257
17839,7.0
17840,7.604659635939257
17841,7.604659635939257
17842,7.604659635939257
17843,7.604659635939257
17844,7.604659635939257
17845,8.0
17846,8.0
17847,7.604659635939257
17848,7.604659635939257
17849,7.604659635939257
17850,7.604659635939257
17851,7.604659635939257
17852,7.604659635939257
17853,7.0
17854,7.604659635939257
17855,7.0
17856,7.000000000000001
17857,8.0
17858,7.604659635939257
17859,8.0
17860,7.604659635939257
17861,5.7280991849027
17862,8.0
17863,7.604659635939257
17864,7.999999996666666
17865,10.0
17866,8.0
17867,7.604659635939257
17868,8.0
17869,6.976226662410387
17870,7.604659635939257
17871,7.604659635939257
17872,7.999999993333334
17873,9.401761048690313
17874,9.0
17875,7.604659635939257
17876,7.604659635939257
17877,7.604659635939257
17878,7.604659635939257
17879,7.604659635939257
17880,7.604659635939257
17881,7.604659635939257
17882,7.604659635939257
17883,8.0
17884,7.604659635939257
17885,7.604659635939257
17886,6.428571429591836
17887,8.210665273019972
17888,7.604659635939257
17889,8.0
17890,7.604659635939257
17891,7.0
17892,7.604659635939257
17893,7.604659635939257
17894,7.0
17895,7.604659635939257
17896,7.0000000049999995
17897,7.604659635939257
17898,7.604659635939257
17899,8.0
17900,8.0
17901,4.0
17902,9.0
17903,7.604659635939257
17904,7.604659635939257
17905,7.604659635939257
17906,7.604659635939257
17907,5.779651035382265
17908,4.333333329444445
17909,7.604659635939257
17910,7.000000000000001
17911,8.0
17912,7.604659635939257
17913,7.604659635939257
17914,7.604659635939257
17915,7.604659635939257
17916,8.763932021811373
17917,8.333333334444445
17918,7.604659635939257
17919,7.604659635939257
17920,7.604659635939257
17921,8.0
17922,7.604659635939257
17923,6.0316800038645395
17924,7.604659635939257
17925,7.604659635939257
17926,7.000000000000001
17927,7.604659635939257
17928,7.604659635939257
17929,6.555517269964976
17930,7.604659635939257
17931,7.604659635939257
17932,8.0
17933,8.75
17934,8.666666665383666
17935,7.604659635939257
17936,9.999999984999999
17937,7.604659635939257
17938,7.67044311906222
17939,8.0
17940,7.189889661111932
17941,7.835990436803085
17942,6.9576491935402105
17943,7.0
17944,7.604659635939257
17945,7.604659635939257
17946,7.604659635939257
17947,10.0
17948,7.604659635939257
17949,7.604659635939257
17950,7.604659635939257
17951,7.604659635939257
17952,7.604659635939257
17953,7.604659635939257
17954,8.0
17955,7.604659635939257
17956,8.0000000023198
17957,7.604659635939257
17958,7.604659635939257
17959,7.604659635939257
17960,7.604659635939257
17961,8.0
17962,9.0
17963,5.0
17964,7.604659635939257
17965,7.0
17966,8.0
17967,7.604659635939257
17968,7.604659635939257
17969,7.604659635939257
17970,7.604659635939257
17971,7.604659635939257
17972,8.0
17973,7.604659635939257
17974,7.604659635939257
17975,7.604659635939257
17976,8.000000027071067
17977,7.604659635939257
17978,7.604659635939257
17979,7.604659635939257
17980,9.999999995
17981,7.604659635939257
17982,7.604659635939257
17983,7.604659635939257
17984,7.604659635939257
17985,7.604659635939257
17986,7.75
17987,7.604659635939257
17988,7.604659635939257
17989,4.000000017333333
17990,7.0
17991,7.604659635939257
17992,4.0
17993,7.604659635939257
17994,8.094494953030974
17995,7.604659635939257
17996,8.33333333111111
17997,8.0
17998,6.0
17999,7.604659635939257
18000,7.604659635939257
18001,7.604659635939257
18002,7.604659635939257
18003,7.604659635939257
18004,7.0
18005,8.0
18006,7.604659635939257
18007,6.0
18008,8.0
18009,10.0
18010,7.604659635939257
18011,7.604659635939257
18012,4.999999999999999
18013,7.604659635939257
18014,7.99999996790342
18015,7.0
18016,7.604659635939257
18017,10.0
18018,8.0
18019,7.604659635939257
18020,7.604659635939257
18021,7.604659635939257
18022,9.0
18023,8.0
18024,9.0
18025,7.604659635939257
18026,7.604659635939257
18027,7.604659635939257
18028,7.604659635939257
18029,7.604659635939257
18030,8.0
18031,7.604659635939257
18032,7.604659635939257
18033,7.604659635939257
18034,7.604659635939257
18035,7.999999963333336
18036,7.604659635939257
18037,8.0
18038,7.999999984999999
18039,8.0
18040,7.604659635939257
18041,7.604659635939257
18042,7.604659635939257
18043,7.604659635939257
18044,7.604659635939257
18045,7.604659635939257
18046,8.0
18047,7.604659635939257
18048,7.604659635939257
18049,7.604659635939257
18050,7.604659635939257
18051,9.999999990000001
18052,7.000000000000001
18053,7.604659635939257
18054,7.604659635939257
18055,7.604659635939257
18056,7.604659635939257
18057,10.0
18058,8.0
18059,7.604659635939257
18060,7.604659635939257
18061,7.604659635939257
18062,3.75
18063,7.604659635939257
18064,8.0
18065,7.604659635939257
18066,7.604659635939257
18067,7.604659635939257
18068,7.604659635939257
18069,8.1999999992
18070,8.0
18071,7.604659635939257
18072,7.604659635939257
18073,7.604659635939257
18074,7.604659635939257
18075,7.604659635939257
18076,8.0
18077,7.604659635939257
18078,7.604659635939257
18079,7.604659635939257
18080,8.0
18081,7.604659635939257
18082,7.604659635939257
18083,7.604659635939257
18084,7.604659635939257
18085,8.0
18086,7.604659635939257
18087,7.604659635939257
18088,7.75
18089,7.604659635939257
18090,6.499999999999999
18091,7.604659635939257
18092,7.632314797878634
18093,9.0
18094,7.604659635939257
18095,7.604659635939257
18096,7.0
18097,7.604659635939257
18098,7.604659635939257
18099,7.604659635939257
18100,7.604659635939257
18101,8.0
18102,9.0
18103,7.604659635939257
18104,8.0
18105,7.604659635939257
18106,7.0
18107,7.604659635939257
18108,7.0
18109,8.0
18110,7.604659635939257
18111,8.0
18112,7.604659635939257
18113,7.0
18114,7.604659635939257
18115,7.604659635939257
18116,7.604659635939257
18117,7.0
18118,7.75
18119,7.604659635939257
18120,7.604659635939257
18121,7.604659635939257
18122,8.5
18123,7.604659635939257
18124,7.0
18125,7.604659635939257
18126,7.284060219950005
18127,8.0
18128,7.604659635939257
18129,7.604659635939257
18130,7.409581181464876
18131,9.499999995
18132,7.604659635939257
18133,7.604659635939257
18134,7.604659635939257
18135,7.604659635939257
18136,7.0
18137,7.604659635939257
18138,7.604659635939257
18139,7.604659635939257
18140,8.0
18141,8.0
18142,7.604659635939257
18143,7.604659635939257
18144,5.0
18145,7.604659635939257
18146,7.604659635939257
18147,7.604659635939257
18148,7.604659635939257
18149,8.00000002308641
18150,8.0
18151,8.0
18152,7.604659635939257
18153,7.604659635939257
18154,9.0
18155,7.604659635939257
18156,7.000000019999999
18157,8.0
18158,7.604659635939257
18159,7.604659635939257
18160,7.604659635939257
18161,7.604659635939257
18162,7.604659635939257
18163,7.604659635939257
18164,8.0
18165,7.604659635939257
18166,7.604659635939257
18167,7.604659635939257
18168,9.999999965000002
18169,7.604659635939257
18170,7.604659635939257
18171,7.604659635939257
18172,5.1052631566759015
18173,9.18258877268445
18174,7.604659635939257
18175,7.604659635939257
18176,9.999999946425072
18177,7.999999991138804
18178,8.0
18179,7.0
18180,8.0
18181,8.0
18182,7.604659635939257
18183,7.604659635939257
18184,7.604659635939257
18185,7.604659635939257
18186,7.604659635939257
18187,7.604659635939257
18188,7.604659635939257
18189,9.111111108271604
18190,7.0
18191,7.5999999975999994
18192,7.604659635939257
18193,8.0
18194,7.604659635939257
18195,7.604659635939257
18196,4.0
18197,7.604659635939257
18198,7.604659635939257
18199,7.604659635939257
18200,7.604659635939257
18201,7.604659635939257
18202,7.604659635939257
18203,7.604659635939257
18204,8.0
18205,7.604659635939257
18206,7.440758755520743
18207,7.000000000000002
18208,7.604659635939257
18209,7.285714286326531
18210,7.604659635939257
18211,7.604659635939257
18212,5.0
18213,8.5
18214,7.604659635939257
18215,7.604659635939257
18216,7.604659635939257
18217,7.604659635939257
18218,7.604659635939257
18219,9.688192482569999
18220,7.604659635939257
18221,8.0
18222,8.0
18223,7.604659635939257
18224,9.0
18225,7.604659635939257
18226,7.604659635939257
18227,8.0
18228,8.0
18229,7.604659635939257
18230,9.217129274183723
18231,8.0
18232,6.99999998
18233,7.604659635939257
18234,7.604659635939257
18235,7.604659635939257
18236,7.604659635939257
18237,8.0
18238,7.604659635939257
18239,7.604659635939257
18240,7.604659635939257
18241,10.0
18242,9.0
18243,7.0
18244,7.604659635939257
18245,7.604659635939257
18246,7.604659635939257
18247,8.0
18248,7.604659635939257
18249,7.604659635939257
18250,7.604659635939257
18251,7.604659635939257
18252,7.604659635939257
18253,7.604659635939257
18254,7.0
18255,6.0
18256,10.0
18257,7.604659635939257
18258,7.604659635939257
18259,7.604659635939257
18260,8.0
18261,9.0
18262,7.604659635939257
18263,9.0
18264,8.908034370997692
18265,7.604659635939257
18266,9.0
18267,7.604659635939257
18268,7.604659635939257
18269,9.999999919842528
18270,7.604659635939257
18271,7.604659635939257
18272,7.604659635939257
18273,9.0
18274,7.604659635939257
18275,7.604659635939257
18276,7.604659635939257
18277,7.604659635939257
18278,7.604659635939257
18279,7.604659635939257
18280,7.604659635939257
18281,8.000000004714046
18282,7.604659635939257
18283,7.604659635939257
18284,7.999999990000002
18285,6.999999999999999
18286,7.0
18287,7.604659635939257
18288,7.604659635939257
18289,10.000000000000002
18290,7.604659635939257
18291,6.407895839810265
18292,7.604659635939257
18293,7.604659635939257
18294,7.604659635939257
18295,7.604659635939257
18296,10.0
18297,9.999999990000001
18298,7.604659635939257
18299,9.77582911759206
18300,7.782586224143749
18301,8.9999999975
18302,7.604659635939257
18303,7.604659635939257
18304,8.0
18305,6.620538055433937
18306,9.0
18307,7.604659635939257
18308,8.0
18309,7.604659635939257
18310,8.0
18311,7.604659635939257
18312,7.604659635939257
18313,7.604659635939257
18314,7.604659635939257
18315,7.604659635939257
18316,7.604659635939257
18317,7.604659635939257
18318,8.333333335555556
18319,7.0
18320,7.604659635939257
18321,8.0
18322,7.604659635939257
18323,8.0
18324,7.604659635939257
18325,7.604659635939257
18326,7.75
18327,7.604659635939257
18328,8.0
18329,10.0
18330,7.604659635939257
18331,7.604659635939257
18332,8.309457472025848
18333,7.604659635939257
18334,8.0
18335,8.000000029999999
18336,7.604659635939257
18337,7.0
18338,7.604659635939257
18339,7.604659635939257
18340,7.604659635939257
18341,7.604659635939257
18342,7.604659635939257
18343,9.0
18344,7.604659635939257
18345,7.604659635939257
18346,8.0
18347,7.604659635939257
18348,7.604659635939257
18349,7.604659635939257
18350,7.604659635939257
18351,7.604659635939257
18352,7.604659635939257
18353,7.604659635939257
18354,7.604659635939257
18355,7.5
18356,7.604659635939257
18357,7.604659635939257
18358,7.604659635939257
18359,7.604659635939257
18360,7.604659635939257
18361,8.623615032982647
18362,8.0
18363,8.0
18364,7.604659635939257
18365,7.0
18366,7.604659635939257
18367,7.604659635939257
18368,7.604659635939257
18369,7.604659635939257
18370,8.000000009999999
18371,7.9999999839059965
18372,9.0
18373,9.0
18374,7.604659635939257
18375,7.604659635939257
18376,9.142857142040816
18377,6.455844122867231
18378,8.0
18379,7.604659635939257
18380,9.0
18381,7.36130209586793
18382,7.604659635939257
18383,8.0
18384,7.604659635939257
18385,8.0
18386,7.604659635939257
18387,7.604659635939257
18388,7.604659635939257
18389,7.604659635939257
18390,6.999999999999999
18391,7.604659635939257
18392,7.604659635939257
18393,7.0
18394,7.999999970000002
18395,7.604659635939257
18396,7.604659635939257
18397,7.604659635939257
18398,7.001123817767357
18399,7.604659635939257
18400,7.604659635939257
18401,7.0
18402,7.604659635939257
18403,8.999999960000002
18404,7.604659635939257
18405,8.0
18406,7.604659635939257
18407,7.604659635939257
18408,7.604659635939257
18409,7.0
18410,7.604659635939257
18411,7.604659635939257
18412,7.604659635939257
18413,8.0
18414,7.604659635939257
18415,6.350883990291833
18416,7.604659635939257
18417,8.0
18418,9.0
18419,7.604659635939257
18420,7.604659635939257
18421,8.0
18422,8.0
18423,7.604659635939257
18424,7.604659635939257
18425,7.604659635939257
18426,7.9999999950000005
18427,7.604659635939257
18428,7.604659635939257
18429,6.40795506455835
18430,7.604659635939257
18431,7.604659635939257
18432,7.604659635939257
18433,7.604659635939257
18434,7.604659635939257
18435,6.517641919467577
18436,2.0000000033752636
18437,9.0
18438,7.604659635939257
18439,8.0
18440,7.604659635939257
18441,7.604659635939257
18442,8.66666667111111
18443,7.604659635939257
18444,7.604659635939257
18445,7.999999994999999
18446,7.0
18447,7.604659635939257
18448,7.604659635939257
18449,7.0
18450,7.604659635939257
18451,7.666666667222223
18452,9.0
18453,6.8856180872081385
18454,7.604659635939257
18455,9.0
18456,7.0
18457,7.604659635939257
18458,7.604659635939257
18459,7.604659635939257
18460,7.604659635939257
18461,8.0
18462,7.604659635939257
18463,7.604659635939257
18464,7.000000011748205
18465,7.604659635939257
18466,8.0
18467,8.0
18468,7.0
18469,8.39376820313567
18470,9.0
18471,8.0
18472,7.604659635939257
18473,7.604659635939257
18474,7.604659635939257
18475,7.604659635939257
18476,7.0
18477,8.714285712959184
18478,7.604659635939257
18479,8.5
18480,7.604659635939257
18481,7.604659635939257
18482,7.604659635939257
18483,7.604659635939257
18484,7.604659635939257
18485,7.604659635939257
18486,7.604659635939257
18487,9.3999999982
18488,8.999999975000001
18489,7.604659635939257
18490,7.604659635939257
18491,8.0
18492,10.0
18493,9.0
18494,7.604659635939257
18495,7.604659635939257
18496,8.0
18497,9.0
18498,7.604659635939257
18499,7.604659635939257
18500,8.0
18501,7.604659635939257
18502,8.0
18503,7.604659635939257
18504,7.604659635939257
18505,7.604659635939257
18506,7.604659635939257
18507,7.604659635939257
18508,8.0
18509,7.604659635939257
18510,8.999999999999998
18511,7.604659635939257
18512,7.604659635939257
18513,7.604659635939257
18514,8.0
18515,7.604659635939257
18516,10.0
18517,7.604659635939257
18518,6.500000026338833
18519,8.5000000025
18520,7.604659635939257
18521,9.0
18522,7.604659635939257
18523,9.0
18524,8.0
18525,3.0
18526,7.604659635939257
18527,7.604659635939257
18528,7.604659635939257
18529,7.604659635939257
18530,7.604659635939257
18531,6.231568575396634
18532,8.0
18533,7.604659635939257
18534,8.25
18535,7.604659635939257
18536,7.604659635939257
18537,7.604659635939257
18538,7.0
18539,8.0
18540,7.604659635939257
18541,7.604659635939257
18542,7.604659635939257
18543,9.75
18544,7.604659635939257
18545,7.604659635939257
18546,7.604659635939257
18547,7.604659635939257
18548,7.604659635939257
18549,7.604659635939257
18550,7.190743570282657
18551,7.604659635939257
18552,7.604659635939257
18553,7.604659635939257
18554,9.19382330543694
18555,7.604659635939257
18556,7.604659635939257
18557,7.604659635939257
18558,7.604659635939257
18559,7.604659635939257
18560,7.604659635939257
18561,7.604659635939257
18562,8.0
18563,7.0
18564,7.604659635939257
18565,7.604659635939257
18566,7.604659635939257
18567,7.604659635939257
18568,7.46958300286655
18569,7.604659635939257
18570,7.749999998750001
18571,7.0
18572,7.604659635939257
18573,9.0
18574,9.0
18575,7.0
18576,7.604659635939257
18577,7.604659635939257
18578,7.604659635939257
18579,7.604659635939257
18580,8.0
18581,6.0
18582,7.604659635939257
18583,7.604659635939257
18584,9.999999971982163
18585,7.604659635939257
18586,8.0
18587,7.604659635939257
18588,7.0
18589,7.000000000000001
18590,7.0
18591,7.604659635939257
18592,9.999999999999998
18593,7.604659635939257
18594,7.604659635939257
18595,7.604659635939257
18596,7.604659635939257
18597,8.0
18598,7.604659635939257
18599,5.0
18600,6.008599933980301
18601,7.604659635939257
18602,6.666666667777778
18603,8.92000000252
18604,7.604659635939257
18605,7.604659635939257
18606,8.0
18607,7.604659635939257
18608,8.999999970000001
18609,7.604659635939257
18610,9.500000000000002
18611,7.604659635939257
18612,7.5000000128033
18613,9.400000000399999
18614,7.604659635939257
18615,7.604659635939257
18616,7.604659635939257
18617,7.604659635939257
18618,7.604659635939257
18619,7.604659635939257
18620,8.0
18621,7.604659635939257
18622,8.541041288771611
18623,7.604659635939257
18624,7.604659635939257
18625,7.604659635939257
18626,7.604659635939257
18627,8.000000000666667
18628,8.24264068925132
18629,7.604659635939257
18630,6.935643072641324
18631,7.604659635939257
18632,7.604659635939257
18633,8.808270364443603
18634,7.604659635939257
18635,7.604659635939257
18636,7.604659635939257
18637,8.0
18638,8.0
18639,8.0
18640,7.0
18641,6.000000051370678
18642,7.604659635939257
18643,7.604659635939257
18644,7.604659635939257
18645,8.0
18646,7.604659635939257
18647,8.0
18648,7.604659635939257
18649,9.999999999999998
18650,7.604659635939257
18651,7.604659635939257
18652,7.604659635939257
18653,7.604659635939257
18654,7.604659635939257
18655,7.604659635939257
18656,7.604659635939257
18657,7.604659635939257
18658,7.604659635939257
18659,8.999999983333334
18660,7.0
18661,8.0
18662,9.0
18663,9.0
18664,7.604659635939257
18665,7.604659635939257
18666,7.604659635939257
18667,7.604659635939257
18668,7.604659635939257
18669,7.604659635939257
18670,7.604659635939257
18671,9.999999999999998
18672,7.604659635939257
18673,7.0
18674,10.000000000000002
18675,7.604659635939257
18676,7.604659635939257
18677,7.604659635939257
18678,7.0
18679,9.999999986464466
18680,7.604659635939257
18681,8.0
18682,7.604659635939257
18683,7.604659635939257
18684,7.604659635939257
18685,7.0
18686,7.0
18687,7.604659635939257
18688,7.604659635939257
18689,7.604659635939257
18690,7.604659635939257
18691,7.604659635939257
18692,9.500000000000002
18693,7.604659635939257
18694,7.0
18695,7.604659635939257
18696,7.604659635939257
18697,9.0
18698,7.604659635939257
18699,7.604659635939257
18700,7.0
18701,7.604659635939257
18702,7.604659635939257
18703,9.333333332777778
18704,7.604659635939257
18705,7.604659635939257
18706,7.604659635939257
18707,8.0
18708,8.0
18709,7.604659635939257
18710,7.604659635939257
18711,7.6666666688888885
18712,7.604659635939257
18713,7.604659635939257
18714,7.604659635939257
18715,7.604659635939257
18716,7.604659635939257
18717,7.604659635939257
18718,9.999999966666667
18719,7.0
18720,7.604659635939257
18721,9.999999990000001
18722,7.604659635939257
18723,7.604659635939257
18724,7.604659635939257
18725,7.00000001
18726,7.604659635939257
18727,8.0
18728,7.604659635939257
18729,8.0
18730,8.333333325555556
18731,7.604659635939257
18732,7.604659635939257
18733,6.0
18734,7.0
18735,7.604659635939257
18736,7.604659635939257
18737,7.604659635939257
18738,7.604659635939257
18739,7.604659635939257
18740,8.500000009999999
18741,8.0
18742,6.000000006666666
18743,7.0
18744,7.604659635939257
18745,7.604659635939257
18746,7.604659635939257
18747,8.0
18748,7.604659635939257
18749,7.604659635939257
18750,7.604659635939257
18751,7.604659635939257
18752,7.604659635939257
18753,8.0
18754,9.0
18755,7.604659635939257
18756,7.000000039999999
18757,7.0
18758,7.604659635939257
18759,10.0
18760,7.604659635939257
18761,8.428571428163263
18762,7.604659635939257
18763,8.0
18764,7.9999999975
18765,7.604659635939257
18766,7.604659635939257
18767,7.604659635939257
18768,7.0
18769,7.0
18770,7.604659635939257
18771,8.0
18772,7.604659635939257
18773,7.604659635939257
18774,8.666666665555555
18775,7.604659635939257
18776,8.0
18777,7.604659635939257
18778,7.604659635939257
18779,9.999999999999998
18780,7.0
18781,7.000000003535534
18782,5.639063534070648
18783,7.604659635939257
18784,7.0
18785,7.604659635939257
18786,7.604659635939257
18787,7.604659635939257
18788,7.604659635939257
18789,7.604659635939257
18790,7.604659635939257
18791,7.604659635939257
18792,7.604659635939257
18793,7.604659635939257
18794,8.443445169732161
18795,7.604659635939257
18796,7.732050809530401
18797,7.604659635939257
18798,7.604659635939257
18799,8.0
18800,8.0
18801,7.604659635939257
18802,7.604659635939257
18803,7.604659635939257
18804,5.999999960000003
18805,7.604659635939257
18806,7.604659635939257
18807,7.604659635939257
18808,7.604659635939257
18809,7.163365279232191
18810,8.0
18811,6.414213562875621
18812,7.604659635939257
18813,7.0
18814,7.604659635939257
18815,7.045449478297104
18816,5.0
18817,8.0
18818,7.0
18819,5.0
18820,7.604659635939257
18821,7.5
18822,7.0
18823,7.604659635939257
18824,8.0
18825,8.0
18826,7.604659635939257
18827,7.604659635939257
18828,6.350423501703763
18829,7.931281696714885
18830,7.604659635939257
18831,7.604659635939257
18832,7.604659635939257
18833,7.604659635939257
18834,9.449489742968554
18835,8.0
18836,7.604659635939257
18837,7.604659635939257
18838,6.0
18839,7.604659635939257
18840,7.75
18841,7.604659635939257
18842,7.604659635939257
18843,7.499999993333332
18844,7.604659635939257
18845,7.604659635939257
18846,8.0
18847,8.0
18848,7.604659635939257
18849,7.604659635939257
18850,10.0
18851,7.604659635939257
18852,7.604659635939257
18853,7.604659635939257
18854,7.0
18855,7.604659635939257
18856,7.604659635939257
18857,7.0
18858,9.0
18859,7.604659635939257
18860,7.604659635939257
18861,7.0
18862,9.999999975000001
18863,7.0
18864,7.000000001666665
18865,7.604659635939257
18866,6.0
18867,7.0
18868,8.0
18869,7.604659635939257
18870,7.604659635939257
18871,7.604659635939257
18872,7.0
18873,7.604659635939257
18874,7.604659635939257
18875,7.604659635939257
18876,7.604659635939257
18877,8.0
18878,7.604659635939257
18879,8.0
18880,8.0
18881,7.604659635939257
18882,7.604659635939257
18883,6.272727272520661
18884,8.800000000799999
18885,7.604659635939257
18886,8.500000015
18887,8.999999970000001
18888,9.999999965
18889,7.604659635939257
18890,7.604659635939257
18891,7.604659635939257
18892,7.0
18893,7.604659635939257
18894,7.0
18895,7.604659635939257
18896,9.5
18897,7.604659635939257
18898,7.604659635939257
18899,7.604659635939257
18900,8.0
18901,7.604659635939257
18902,5.0
18903,8.0
18904,5.464030474910888
18905,8.0
18906,7.0
18907,7.604659635939257
18908,9.0
18909,7.604659635939257
18910,7.604659635939257
18911,10.0
18912,8.0
18913,8.0
18914,8.0
18915,7.604659635939257
18916,8.177464069996839
18917,7.604659635939257
18918,10.0
18919,7.604659635939257
18920,7.604659635939257
18921,7.604659635939257
18922,8.0
18923,7.604659635939257
18924,8.0
18925,7.604659635939257
18926,7.604659635939257
18927,7.604659635939257
18928,7.604659635939257
18929,7.604659635939257
18930,7.500000000000001
18931,7.000000059999998
18932,7.604659635939257
18933,6.0
18934,7.462111954719814
18935,7.604659635939257
18936,7.604659635939257
18937,7.604659635939257
18938,7.604659635939257
18939,7.604659635939257
18940,7.0
18941,9.999999999999998
18942,7.604659635939257
18943,7.604659635939257
18944,7.604659635939257
18945,7.604659635939257
18946,7.604659635939257
18947,4.282566017552963
18948,1.0
18949,9.999999989390599
18950,7.604659635939257
18951,8.0
18952,7.604659635939257
18953,7.171572866521384
18954,7.604659635939257
18955,7.604659635939257
18956,7.604659635939257
18957,8.0
18958,7.604659635939257
18959,7.604659635939257
18960,8.0
18961,9.018691588765831
18962,7.604659635939257
18963,7.583283709407158
18964,8.0
18965,7.18824621278999
18966,7.604659635939257
18967,7.604659635939257
18968,7.604659635939257
18969,8.0
18970,7.604659635939257
18971,7.604659635939257
18972,7.604659635939257
18973,8.66603681130812
18974,7.604659635939257
18975,7.604659635939257
18976,7.604659635939257
18977,8.599546940430828
18978,7.604659635939257
18979,8.666666662222223
18980,7.604659635939257
18981,7.604659635939257
18982,7.604659635939257
18983,10.0
18984,8.0
18985,9.999999990000001
18986,7.604659635939257
18987,8.0
18988,7.000000000000001
18989,8.99999999671202
18990,7.604659635939257
18991,7.604659635939257
18992,8.0
18993,8.0
18994,7.604659635939257
18995,7.604659635939257
18996,7.604659635939257
18997,7.604659635939257
18998,8.0
18999,9.0
19000,7.0
19001,7.604659635939257
19002,7.604659635939257
19003,7.604659635939257
19004,7.604659635939257
19005,7.604659635939257
19006,8.00000002
19007,8.0
19008,8.0
19009,7.604659635939257
19010,9.999999999999998
19011,5.0
19012,7.604659635939257
19013,7.604659635939257
19014,7.604659635939257
19015,9.0
19016,7.818181818347107
19017,9.0
19018,7.666666657222223
19019,7.000000000000001
19020,7.604659635939257
19021,8.0
19022,7.604659635939257
19023,7.604659635939257
19024,7.604659635939257
19025,7.604659635939257
19026,9.999999999999998
19027,7.604659635939257
19028,8.75
19029,7.604659635939257
19030,7.604659635939257
19031,9.333333318888888
19032,7.604659635939257
19033,7.604659635939257
19034,7.604659635939257
19035,7.333333342222222
19036,7.604659635939257
19037,7.604659635939257
19038,5.0
19039,7.604659635939257
19040,7.604659635939257
19041,7.604659635939257
19042,7.999999987953222
19043,5.666666665555555
19044,5.0
19045,7.604659635939257
19046,7.604659635939257
19047,7.604659635939257
19048,7.604659635939257
19049,8.550591735322978
19050,7.0
19051,7.604659635939257
19052,7.604659635939257
19053,7.604659635939257
19054,8.0
19055,7.604659635939257
19056,7.604659635939257
19057,5.15121293689739
19058,8.0
19059,7.604659635939257
19060,7.375000001875001
19061,7.619168479965289
19062,7.604659635939257
19063,8.0
19064,7.604659635939257
19065,7.604659635939257
19066,7.99999999
19067,7.604659635939257
19068,6.8000000036
19069,6.000000059999998
19070,7.604659635939257
19071,7.604659635939257
19072,2.0
19073,8.0
19074,7.604659635939257
19075,6.482470029295128
19076,7.604659635939257
19077,5.000000026666666
19078,7.604659635939257
19079,7.604659635939257
19080,7.604659635939257
19081,8.0
19082,7.604659635939257
19083,7.604659635939257
19084,8.922279002315841
19085,5.00000001
19086,7.604659635939257
19087,5.000000050606602
19088,7.604659635939257
19089,8.0
19090,7.604659635939257
19091,7.604659635939257
19092,8.999999995
19093,7.604659635939257
19094,8.0
19095,7.604659635939257
19096,7.604659635939257
19097,7.604659635939257
19098,8.999999982440713
19099,7.604659635939257
19100,7.604659635939257
19101,7.604659635939257
19102,7.604659635939257
19103,7.604659635939257
19104,8.0
19105,7.604659635939257
19106,7.604659635939257
19107,7.604659635939257
19108,7.604659635939257
19109,7.604659635939257
19110,7.604659635939257
19111,8.0
19112,4.99999999
19113,5.0
19114,7.604659635939257
19115,8.0
19116,5.0
19117,7.604659635939257
19118,7.604659635939257
19119,8.0
19120,8.0
19121,8.000000029999999
19122,7.604659635939257
19123,7.604659635939257
19124,7.0
19125,7.604659635939257
19126,7.604659635939257
19127,8.0
19128,7.551184412802072
19129,7.604659635939257
19130,7.499999985732234
19131,7.604659635939257
19132,7.604659635939257
19133,6.39350127496377
19134,7.0
19135,8.0
19136,7.604659635939257
19137,7.604659635939257
19138,7.604659635939257
19139,7.604659635939257
19140,7.604659635939257
19141,7.604659635939257
19142,7.604659635939257
19143,7.604659635939257
19144,7.604659635939257
19145,7.604659635939257
19146,7.604659635939257
19147,7.0
19148,7.604659635939257
19149,7.604659635939257
19150,7.604659635939257
19151,7.0
19152,7.604659635939257
19153,7.068681246623378
19154,7.604659635939257
19155,7.604659635939257
19156,8.0
19157,9.666666647777777
19158,10.0
19159,7.604659635939257
19160,7.604659635939257
19161,7.604659635939257
19162,7.604659635939257
19163,7.604659635939257
19164,9.0
19165,8.5
19166,7.604659635939257
19167,7.604659635939257
19168,6.0
19169,7.9999999925
19170,6.75
19171,7.604659635939257
19172,7.604659635939257
19173,10.0
19174,7.000000000000001
19175,7.604659635939257
19176,7.604659635939257
19177,7.604659635939257
19178,7.604659635939257
19179,7.604659635939257
19180,7.604659635939257
19181,7.604659635939257
19182,7.604659635939257
19183,6.707778736418472
19184,9.9999999137868
19185,7.604659635939257
19186,9.499999999999998
19187,7.604659635939257
19188,8.0
19189,7.604659635939257
19190,7.604659635939257
19191,7.604659635939257
19192,7.604659635939257
19193,7.604659635939257
19194,7.604659635939257
19195,7.604659635939257
19196,7.604659635939257
19197,10.0
19198,7.604659635939257
19199,10.0
19200,7.604659635939257
19201,9.25
19202,7.604659635939257
19203,7.604659635939257
19204,7.604659635939257
19205,7.604659635939257
19206,7.604659635939257
19207,7.499999999999999
19208,8.0
19209,7.604659635939257
19210,7.604659635939257
19211,7.604659635939257
19212,7.604659635939257
19213,8.0
19214,8.0
19215,9.0
19216,7.604659635939257
19217,7.0
19218,7.604659635939257
19219,8.0
19220,7.604659635939257
19221,7.604659635939257
19222,7.604659635939257
19223,7.604659635939257
19224,7.604659635939257
19225,7.604659635939257
19226,7.710102050225202
19227,7.604659635939257
19228,7.0
19229,7.604659635939257
19230,7.604659635939257
19231,7.604659635939257
19232,8.000000009999999
19233,7.604659635939257
19234,7.604659635939257
19235,7.604659635939257
19236,9.000000000000002
19237,7.0
19238,7.604659635939257
19239,7.604659635939257
19240,7.604659635939257
19241,7.604659635939257
19242,7.604659635939257
19243,6.000000049999999
19244,7.604659635939257
19245,7.604659635939257
19246,7.604659635939257
19247,6.0
19248,7.604659635939257
19249,7.604659635939257
19250,7.604659635939257
19251,4.5000000349999985
19252,7.604659635939257
19253,7.604659635939257
19254,7.604659635939257
19255,7.604659635939257
19256,6.244439595147114
19257,9.0
19258,7.0
19259,9.999999980000002
19260,7.604659635939257
19261,7.604659635939257
19262,8.999999995
19263,7.604659635939257
19264,7.604659635939257
19265,7.604659635939257
19266,7.604659635939257
19267,7.604659635939257
19268,8.0
19269,8.7499999996875
19270,7.25
19271,7.604659635939257
19272,7.604659635939257
19273,7.604659635939257
19274,7.604659635939257
19275,9.0
19276,7.604659635939257
19277,9.0
19278,7.604659635939257
19279,7.604659635939257
19280,10.0
19281,8.0
19282,7.00000002
19283,7.604659635939257
19284,7.604659635939257
19285,8.0
19286,7.9724524162024135
19287,8.166014532971575
19288,7.604659635939257
19289,8.0
19290,7.604659635939257
19291,7.604659635939257
19292,7.604659635939257
19293,8.000000015
19294,7.604659635939257
19295,7.604659635939257
19296,7.604659635939257
19297,9.25
19298,6.0
19299,7.604659635939257
19300,7.604659635939257
19301,7.604659635939257
19302,7.604659635939257
19303,7.604659635939257
19304,7.604659635939257
19305,7.604659635939257
19306,7.604659635939257
19307,7.604659635939257
19308,7.604659635939257
19309,7.604659635939257
19310,7.604659635939257
19311,7.604659635939257
19312,7.604659635939257
19313,8.0
19314,7.604659635939257
19315,7.0
19316,7.604659635939257
19317,8.0
19318,8.0
19319,7.604659635939257
19320,7.604659635939257
19321,7.604659635939257
19322,7.604659635939257
19323,9.166666665555555
19324,7.5414957015553385
19325,7.604659635939257
19326,7.604659635939257
19327,5.000000000000001
19328,7.604659635939257
19329,9.0
19330,7.604659635939257
19331,7.604659635939257
19332,8.0
19333,8.0
19334,7.604659635939257
19335,8.0
19336,8.809966419197638
19337,7.604659635939257
19338,7.604659635939257
19339,7.604659635939257
19340,7.999999960000002
19341,8.0
19342,7.604659635939257
19343,7.604659635939257
19344,7.0
19345,7.0
19346,9.0
19347,7.604659635939257
19348,8.625583208908616
19349,7.604659635939257
19350,7.604659635939257
19351,7.604659635939257
19352,7.604659635939257
19353,7.604659635939257
19354,8.333333334444445
19355,7.604659635939257
19356,7.0
19357,7.326611912622836
19358,8.0
19359,7.999999990000002
19360,7.604659635939257
19361,7.604659635939257
19362,7.604659635939257
19363,7.604659635939257
19364,7.604659635939257
19365,7.604659635939257
19366,7.604659635939257
19367,7.604659635939257
19368,7.604659635939257
19369,7.0
19370,7.604659635939257
19371,5.500000014999999
19372,7.604659635939257
19373,6.25
19374,5.999999990000001
19375,7.604659635939257
19376,7.604659635939257
19377,7.0
19378,6.0
19379,8.0
19380,7.604659635939257
19381,7.604659635939257
19382,7.604659635939257
19383,7.604659635939257
19384,8.111111110493827
19385,7.604659635939257
19386,7.0
19387,5.0
19388,9.999999980000002
19389,7.0
19390,8.0
19391,7.604659635939257
19392,7.604659635939257
19393,7.0
19394,7.604659635939257
19395,7.604659635939257
19396,7.604659635939257
19397,7.0
19398,7.604659635939257
19399,7.604659635939257
19400,7.604659635939257
19401,7.604659635939257
19402,7.0
19403,8.642857139795918
19404,8.000000000000002
19405,7.604659635939257
19406,5.949891630708577
19407,7.604659635939257
19408,7.604659635939257
19409,8.75
19410,10.0
19411,7.604659635939257
19412,7.604659635939257
19413,9.000000003333334
19414,7.604659635939257
19415,7.604659635939257
19416,8.0
19417,7.604659635939257
19418,8.499999975
19419,7.604659635939257
19420,7.604659635939257
19421,7.604659635939257
19422,7.604659635939257
19423,7.604659635939257
19424,9.640197751129998
19425,7.604659635939257
19426,8.0
19427,8.5
19428,8.0
19429,7.604659635939257
19430,7.604659635939257
19431,10.0
19432,7.604659635939257
19433,8.99999998
19434,8.000000003333332
19435,7.604659635939257
19436,7.604659635939257
19437,7.604659635939257
19438,7.604659635939257
19439,4.00000003
19440,7.604659635939257
19441,7.604659635939257
19442,9.0
19443,7.604659635939257
19444,7.604659635939257
19445,8.0
19446,7.0
19447,7.604659635939257
19448,7.604659635939257
19449,9.999999999999998
19450,7.604659635939257
19451,7.604659635939257
19452,7.921164609827974
19453,8.0
19454,7.604659635939257
19455,9.0
19456,5.500000009999999
19457,7.604659635939257
19458,7.604659635939257
19459,7.604659635939257
19460,10.0
19461,7.604659635939257
19462,8.0
19463,7.604659635939257
19464,7.604659635939257
19465,7.604659635939257
19466,7.604659635939257
19467,7.0
19468,9.499999995
19469,7.604659635939257
19470,9.999999999999998
19471,8.0
19472,8.0
19473,7.604659635939257
19474,7.0
19475,7.999999999427667
19476,7.604659635939257
19477,7.604659635939257
19478,8.0
19479,7.604659635939257
19480,7.604659635939257
19481,7.604659635939257
19482,7.604659635939257
19483,7.0
19484,7.604659635939257
19485,7.0
19486,5.000000016624267
19487,9.999999999999998
19488,9.999999965
19489,8.0
19490,7.604659635939257
19491,7.604659635939257
19492,8.5
19493,9.500000000833332
19494,7.604659635939257
19495,8.0
19496,7.604659635939257
19497,7.604659635939257
19498,7.604659635939257
19499,7.604659635939257
19500,7.604659635939257
19501,7.604659635939257
19502,7.604659635939257
19503,8.0
19504,7.604659635939257
19505,7.604659635939257
19506,9.99999994
19507,5.000000000000001
19508,7.0
19509,9.999999985527865
19510,7.604659635939257
19511,7.604659635939257
19512,7.0
19513,8.351468168741924
19514,7.604659635939257
19515,7.604659635939257
19516,7.604659635939257
19517,7.604659635939257
19518,8.333333333830236
19519,9.999999935000002
19520,8.0
19521,9.0
19522,7.604659635939257
19523,9.0
19524,6.0
19525,7.604659635939257
19526,8.888593254685876
19527,7.570640265633155
19528,5.750000000000001
19529,8.460495713521771
19530,7.604659635939257
19531,7.604659635939257
19532,7.604659635939257
19533,7.0
19534,9.9999999775956
19535,6.99999999
19536,7.604659635939257
19537,7.604659635939257
19538,7.0
19539,7.604659635939257
19540,7.0
19541,7.604659635939257
19542,7.604659635939257
19543,9.5
19544,8.0
19545,7.604659635939257
19546,7.888888888277809
19547,7.604659635939257
19548,9.99999999
19549,7.604659635939257
19550,7.604659635939257
19551,8.25
19552,7.604659635939257
19553,7.604659635939257
19554,7.604659635939257
19555,9.0
19556,7.604659635939257
19557,7.604659635939257
19558,7.99999999
19559,7.604659635939257
19560,7.0
19561,8.696275269494693
19562,7.0
19563,7.604659635939257
19564,5.99999996707107
19565,7.604659635939257
19566,7.604659635939257
19567,10.0
19568,7.604659635939257
19569,8.0
19570,7.604659635939257
19571,7.604659635939257
19572,7.604659635939257
19573,6.321394211570369
19574,7.604659635939257
19575,8.0
19576,7.604659635939257
19577,7.604659635939257
19578,7.604659635939257
19579,8.5999999996
19580,8.0
19581,7.604659635939257
19582,7.0
19583,7.604659635939257
19584,8.999999976666667
19585,8.0
19586,7.6999999982
19587,7.604659635939257
19588,7.0
19589,6.826860667398536
19590,7.604659635939257
19591,7.604659635939257
19592,10.0
19593,7.604659635939257
19594,7.604659635939257
19595,9.000000000000002
19596,7.604659635939257
19597,7.604659635939257
19598,8.000000000000002
19599,7.604659635939257
19600,7.604659635939257
19601,7.604659635939257
19602,7.604659635939257
19603,3.0
19604,9.0
19605,7.604659635939257
19606,7.604659635939257
19607,9.33333333388889
19608,8.999999965
19609,7.604659635939257
19610,7.999999998
19611,10.0
19612,7.604659635939257
19613,7.604659635939257
19614,7.604659635939257
19615,7.604659635939257
19616,7.604659635939257
19617,8.0
19618,7.604659635939257
19619,5.0
19620,7.604659635939257
19621,8.000000022991223
19622,8.0
19623,7.604659635939257
19624,7.604659635939257
19625,8.666666661111112
19626,7.604659635939257
19627,7.604659635939257
19628,8.0
19629,7.604659635939257
19630,8.300442210469889
19631,7.604659635939257
19632,7.604659635939257
19633,7.000000019999999
19634,7.604659635939257
19635,7.604659635939257
19636,7.604659635939257
19637,7.604659635939257
19638,7.604659635939257
19639,7.604659635939257
19640,8.0
19641,7.604659635939257
19642,6.0
19643,7.604659635939257
19644,7.604659635939257
19645,7.604659635939257
19646,7.604659635939257
19647,7.604659635939257
19648,9.000000025
19649,8.0
19650,7.604659635939257
19651,8.0
19652,7.604659635939257
19653,8.333333335555556
19654,7.604659635939257
19655,7.999999999999999
19656,6.62500000015625
19657,7.604659635939257
19658,9.000000002071067
19659,7.604659635939257
19660,7.604659635939257
19661,7.604659635939257
19662,7.604659635939257
19663,9.0
19664,7.604659635939257
19665,5.0
19666,7.604659635939257
19667,7.604659635939257
19668,7.604659635939257
19669,7.604659635939257
19670,7.99999999
19671,8.0
19672,7.604659635939257
19673,7.000000000000001
19674,7.604659635939257
19675,7.604659635939257
19676,8.0
19677,10.0
19678,7.0
19679,7.604659635939257
19680,7.604659635939257
19681,7.604659635939257
19682,7.604659635939257
19683,7.604659635939257
19684,9.85714285612245
19685,7.604659635939257
19686,4.0
19687,7.604659635939257
19688,7.604659635939257
19689,9.400000001599999
19690,7.604659635939257
19691,8.0
19692,5.50000001125
19693,7.604659635939257
19694,7.604659635939257
19695,7.604659635939257
19696,7.604659635939257
19697,7.604659635939257
19698,7.604659635939257
19699,7.604659635939257
19700,7.604659635939257
19701,7.604659635939257
19702,7.604659635939257
19703,7.604659635939257
19704,7.1999999984
19705,8.0
19706,7.604659635939257
19707,7.604659635939257
19708,7.604659635939257
19709,7.604659635939257
19710,8.0
19711,7.604659635939257
19712,7.604659635939257
19713,7.604659635939257
19714,8.0
19715,10.0
19716,7.604659635939257
19717,7.604659635939257
19718,7.0
19719,7.604659635939257
19720,7.604659635939257
19721,7.604659635939257
19722,8.000000015
19723,7.604659635939257
19724,7.00000003
19725,7.604659635939257
19726,7.604659635939257
19727,7.604659635939257
19728,7.604659635939257
19729,7.604659635939257
19730,7.0
19731,6.0
19732,7.604659635939257
19733,7.604659635939257
19734,7.604659635939257
19735,7.604659635939257
19736,7.604659635939257
19737,7.0
19738,7.604659635939257
19739,7.604659635939257
19740,7.604659635939257
19741,7.604659635939257
19742,7.604659635939257
19743,7.604659635939257
19744,7.604659635939257
19745,8.0
19746,9.0
19747,7.604659635939257
19748,7.604659635939257
19749,7.604659635939257
19750,7.604659635939257
19751,8.0
19752,8.33913441996504
19753,8.250000001250001
19754,7.604659635939257
19755,8.0
19756,7.604659635939257
19757,7.604659635939257
19758,7.604659635939257
19759,7.604659635939257
19760,7.999999996000001
19761,7.604659635939257
19762,7.604659635939257
19763,7.604659635939257
19764,8.268292083784234
19765,8.0
19766,7.604659635939257
19767,7.604659635939257
19768,9.25
19769,8.0
19770,7.604659635939257
19771,7.604659635939257
19772,7.604659635939257
19773,10.0
19774,9.999999999999998
19775,2.0
19776,7.604659635939257
19777,7.604659635939257
19778,7.604659635939257
19779,7.604659635939257
19780,7.604659635939257
19781,7.604659635939257
19782,8.0
19783,7.604659635939257
19784,7.6666666744444445
19785,7.604659635939257
19786,9.0
19787,8.0
19788,7.604659635939257
19789,7.604659635939257
19790,6.00000004
19791,7.604659635939257
19792,7.604659635939257
19793,7.604659635939257
19794,7.604659635939257
19795,7.604659635939257
19796,7.604659635939257
19797,9.333333332222223
19798,8.0
19799,8.0
19800,7.604659635939257
19801,10.0
19802,7.604659635939257
19803,7.0
19804,7.604659635939257
19805,7.604659635939257
19806,7.604659635939257
19807,7.604659635939257
19808,7.604659635939257
19809,8.0
19810,7.604659635939257
19811,8.0
19812,7.604659635939257
19813,7.604659635939257
19814,7.604659635939257
19815,7.604659635939257
19816,7.604659635939257
19817,10.0
19818,7.604659635939257
19819,7.604659635939257
19820,7.604659635939257
19821,7.604659635939257
19822,10.0
19823,7.604659635939257
19824,7.604659635939257
19825,7.604659635939257
19826,8.0
19827,8.0
19828,8.0
19829,8.0
19830,7.999999969834924
19831,7.604659635939257
19832,7.604659635939257
19833,7.604659635939257
19834,7.604659635939257
19835,7.604659635939257
19836,7.604659635939257
19837,7.999999980000002
19838,7.604659635939257
19839,7.604659635939257
19840,7.604659635939257
19841,7.604659635939257
19842,7.604659635939257
19843,7.847375479795537
19844,7.604659635939257
19845,9.0
19846,7.604659635939257
19847,7.0
19848,7.604659635939257
19849,7.604659635939257
19850,4.000000125355335
19851,8.799999998799999
19852,7.0
19853,7.604659635939257
19854,8.0
19855,7.5
19856,8.0
19857,10.0
19858,7.0
19859,7.0
19860,7.562546026500123
19861,9.666666664444444
19862,8.000000005625
19863,10.0
19864,8.0
19865,7.604659635939257
19866,7.604659635939257
19867,7.604659635939257
19868,7.604659635939257
19869,5.0
19870,7.604659635939257
19871,7.604659635939257
19872,7.604659635939257
19873,1.0000000988561788
19874,7.604659635939257
19875,7.604659635939257
19876,7.604659635939257
19877,7.604659635939257
19878,8.75
19879,8.371610478167865
19880,7.000000009142135
19881,7.604659635939257
19882,10.0
19883,7.604659635939257
19884,7.604659635939257
19885,8.407110507115114
19886,7.604659635939257
19887,8.0
19888,7.604659635939257
19889,7.604659635939257
19890,7.604659635939257
19891,7.0
19892,7.604659635939257
19893,7.604659635939257
19894,7.604659635939257
19895,8.000000000575499
19896,8.0
19897,7.604659635939257
19898,7.604659635939257
19899,7.604659635939257
19900,8.0
19901,7.604659635939257
19902,7.604659635939257
19903,7.604659635939257
19904,7.0
19905,7.604659635939257
19906,7.604659635939257
19907,5.0
19908,7.604659635939257
19909,7.604659635939257
19910,6.8945129818714666
19911,7.604659635939257
19912,10.0
19913,7.604659635939257
19914,7.604659635939257
19915,7.604659635939257
19916,9.999999951666668
19917,7.604659635939257
19918,7.604659635939257
19919,8.0
19920,7.604659635939257
19921,7.604659635939257
19922,7.604659635939257
19923,7.604659635939257
19924,7.604659635939257
19925,7.604659635939257
19926,8.0
19927,9.054446767764436
19928,7.604659635939257
19929,7.604659635939257
19930,4.999999999999999
19931,8.119446014186074
19932,7.604659635939257
19933,8.0
19934,7.604659635939257
19935,7.604659635939257
19936,7.604659635939257
19937,8.5
19938,7.604659635939257
19939,7.604659635939257
19940,7.0
19941,5.0
19942,8.0
19943,7.604659635939257
19944,7.604659635939257
19945,7.604659635939257
19946,7.604659635939257
19947,7.25
19948,10.0
19949,7.604659635939257
19950,8.0
19951,8.0
19952,7.0
19953,7.604659635939257
19954,7.604659635939257
19955,8.0
19956,7.604659635939257
19957,7.604659635939257
19958,7.604659635939257
19959,7.604659635939257
19960,5.000000005
19961,7.604659635939257
19962,7.604659635939257
19963,7.0
19964,8.0
19965,7.604659635939257
19966,7.0
19967,7.604659635939257
19968,7.604659635939257
19969,7.0
19970,7.604659635939257
19971,8.0
19972,7.604659635939257
19973,7.604659635939257
19974,8.0
19975,8.0
19976,7.0
19977,7.604659635939257
19978,7.604659635939257
19979,7.604659635939257
19980,7.604659635939257
19981,7.604659635939257
19982,7.3275882534512995
19983,7.604659635939257
19984,7.0
19985,7.604659635939257
19986,8.0
19987,7.604659635939257
19988,7.604659635939257
19989,9.000000000000002
19990,7.604659635939257
19991,7.604659635939257
19992,5.999999998888889
19993,8.0
19994,8.5
19995,7.604659635939257
19996,7.604659635939257
19997,8.0
19998,9.0
19999,8.0
20000,7.604659635939257
20001,7.0
20002,7.604659635939257
20003,7.604659635939257
20004,7.604659635939257
20005,7.604659635939257
20006,7.604659635939257
20007,7.604659635939257
20008,7.604659635939257
20009,10.000000000000002
20010,7.604659635939257
20011,7.604659635939257
20012,7.604659635939257
20013,8.0
20014,7.604659635939257
20015,7.604659635939257
20016,7.604659635939257
20017,7.604659635939257
20018,7.604659635939257
20019,7.500000007916667
20020,7.604659635939257
20021,7.604659635939257
20022,5.000000059284766
20023,7.604659635939257
20024,4.0
20025,7.604659635939257
20026,8.612574112841065
20027,8.0
20028,8.0
20029,8.0
20030,8.5
20031,9.0
20032,7.604659635939257
20033,8.499999991666666
20034,7.604659635939257
20035,7.604659635939257
20036,7.604659635939257
20037,5.0
20038,7.0
20039,7.604659635939257
20040,7.604659635939257
20041,7.604659635939257
20042,7.604659635939257
20043,7.604659635939257
20044,7.604659635939257
20045,8.584842481209595
20046,7.604659635939257
20047,7.604659635939257
20048,7.604659635939257
20049,7.604659635939257
20050,7.604659635939257
20051,7.604659635939257
20052,9.666666664444444
20053,7.604659635939257
20054,7.604659635939257
20055,7.604659635939257
20056,7.604659635939257
20057,7.604659635939257
20058,7.0
20059,7.604659635939257
20060,7.604659635939257
20061,6.000000011767766
20062,8.0
20063,7.604659635939257
20064,7.604659635939257
20065,7.0
20066,8.0
20067,7.604659635939257
20068,9.0
20069,7.604659635939257
20070,7.604659635939257
20071,8.50873204093325
20072,7.5191272788521015
20073,6.0
20074,9.999999999999998
20075,7.75
20076,7.0
20077,7.999999999999999
20078,7.604659635939257
20079,7.0
20080,7.604659635939257
20081,7.0
20082,7.604659635939257
20083,5.14285714367347
20084,7.604659635939257
20085,7.604659635939257
20086,8.0
20087,10.0
20088,5.656454619376019
20089,7.604659635939257
20090,8.0
20091,7.604659635939257
20092,9.0
20093,7.604659635939257
20094,7.604659635939257
20095,8.0
20096,7.604659635939257
20097,7.604659635939257
20098,7.604659635939257
20099,7.604659635939257
20100,9.0
20101,8.0
20102,7.604659635939257
20103,7.604659635939257
20104,9.0
20105,7.604659635939257
20106,4.999999999999999
20107,7.604659635939257
20108,7.604659635939257
20109,7.604659635939257
20110,8.999999995149288
20111,7.604659635939257
20112,7.604659635939257
20113,7.545454544049586
20114,7.604659635939257
20115,7.604659635939257
20116,7.604659635939257
20117,7.604659635939257
20118,7.604659635939257
20119,8.5
20120,7.604659635939257
20121,7.864921893078321
20122,7.604659635939257
20123,7.604659635939257
20124,7.604659635939257
20125,9.0
20126,9.0
20127,7.000000000000001
20128,7.604659635939257
20129,7.604659635939257
20130,7.604659635939257
20131,7.604659635939257
20132,7.604659635939257
20133,7.604659635939257
20134,8.720194215648073
20135,7.604659635939257
20136,7.604659635939257
20137,8.099498695509812
20138,7.604659635939257
20139,8.999999935000002
20140,7.604659635939257
20141,7.604659635939257
20142,7.604659635939257
20143,7.604659635939257
20144,8.0
20145,8.0
20146,7.604659635939257
20147,7.604659635939257
20148,7.0
20149,8.0
20150,7.604659635939257
20151,7.0
20152,8.0
20153,9.0
20154,7.604659635939257
20155,7.604659635939257
20156,7.604659635939257
20157,8.0
20158,8.0
20159,7.604659635939257
20160,7.604659635939257
20161,7.604659635939257
20162,7.0
20163,7.604659635939257
20164,7.604659635939257
20165,7.604659635939257
20166,7.604659635939257
20167,7.604659635939257
20168,9.0
20169,7.604659635939257
20170,8.25
20171,7.604659635939257
20172,7.604659635939257
20173,7.604659635939257
20174,7.604659635939257
20175,7.604659635939257
20176,7.604659635939257
20177,7.604659635939257
20178,7.604659635939257
20179,7.604659635939257
20180,7.604659635939257
20181,7.604659635939257
20182,7.604659635939257
20183,7.604659635939257
20184,7.999999996666666
20185,7.604659635939257
20186,3.0
20187,7.604659635939257
20188,10.0
20189,7.708936958334901
20190,5.564751396308151
20191,8.000000003333332
20192,7.604659635939257
20193,8.999999977928933
20194,7.604659635939257
20195,7.604659635939257
20196,8.0
20197,7.604659635939257
20198,9.999999982
20199,7.604659635939257
20200,7.604659635939257
20201,8.999999999754362
20202,8.999999985635643
20203,8.0
20204,7.604659635939257
20205,7.604659635939257
20206,8.430500874254623
20207,8.0
20208,7.604659635939257
20209,7.604659635939257
20210,6.00000001
20211,8.49999999
20212,7.604659635939257
20213,7.0
20214,8.803581405890158
20215,8.99999999
20216,7.604659635939257
20217,9.999999968786799
20218,7.604659635939257
20219,7.604659635939257
20220,7.604659635939257
20221,9.0
20222,8.0
20223,7.604659635939257
20224,9.999999999999998
20225,7.604659635939257
20226,7.604659635939257
20227,7.604659635939257
20228,7.604659635939257
20229,7.604659635939257
20230,10.0
20231,7.0
20232,7.604659635939257
20233,7.604659635939257
20234,8.0
20235,7.604659635939257
20236,7.604659635939257
20237,8.0
20238,7.604659635939257
20239,7.0
20240,8.0
20241,7.604659635939257
20242,7.604659635939257
20243,7.604659635939257
20244,7.604659635939257
20245,7.604659635939257
20246,7.604659635939257
20247,7.604659635939257
20248,7.604659635939257
20249,10.0
20250,7.604659635939257
20251,7.604659635939257
20252,7.604659635939257
20253,7.604659635939257
20254,5.938063951922558
20255,7.604659635939257
20256,7.604659635939257
20257,7.604659635939257
20258,7.604659635939257
20259,7.604659635939257
20260,6.50000001375
20261,8.0
20262,9.0
20263,7.604659635939257
20264,8.0
20265,7.604659635939257
20266,7.604659635939257
20267,7.604659635939257
20268,7.604659635939257
20269,7.604659635939257
20270,7.604659635939257
20271,6.600000001200001
20272,3.0
20273,7.604659635939257
20274,7.604659635939257
20275,7.604659635939257
20276,7.604659635939257
20277,8.57872980753088
20278,6.7149413396288695
20279,7.604659635939257
20280,8.0
20281,10.0
20282,7.0
20283,7.604659635939257
20284,7.604659635939257
20285,7.604659635939257
20286,7.604659635939257
20287,5.999999996666666
20288,8.0
20289,7.604659635939257
20290,7.604659635939257
20291,7.0
20292,4.999999999999999
20293,7.604659635939257
20294,7.0
20295,7.604659635939257
20296,7.604659635939257
20297,7.604659635939257
20298,9.499999995
20299,7.200000000399999
20300,7.604659635939257
20301,7.604659635939257
20302,8.0
20303,7.604659635939257
20304,7.604659635939257
20305,7.0
20306,9.434803292340357
20307,7.450677997425066
20308,8.0
20309,7.604659635939257
20310,7.604659635939257
20311,9.25
20312,7.604659635939257
20313,7.604659635939257
20314,7.604659635939257
20315,9.0
20316,9.0
20317,8.0
20318,7.604659635939257
20319,7.604659635939257
20320,10.0
20321,7.604659635939257
20322,7.0
20323,7.604659635939257
20324,7.604659635939257
20325,7.604659635939257
20326,7.604659635939257
20327,9.0
20328,7.604659635939257
20329,5.999999999999999
20330,7.604659635939257
20331,7.604659635939257
20332,7.604659635939257
20333,7.944271910262271
20334,10.0
20335,7.604659635939257
20336,7.604659635939257
20337,7.604659635939257
20338,7.604659635939257
20339,7.545454543140496
20340,7.604659635939257
20341,8.000000018944272
20342,7.604659635939257
20343,7.604659635939257
20344,7.604659635939257
20345,7.880217560818386
20346,7.604659635939257
20347,7.604659635939257
20348,7.604659635939257
20349,7.604659635939257
20350,7.604659635939257
20351,9.000000003333334
20352,7.500000002499999
20353,7.604659635939257
20354,7.604659635939257
20355,7.604659635939257
20356,7.604659635939257
20357,7.604659635939257
20358,7.604659635939257
20359,7.604659635939257
20360,7.604659635939257
20361,7.604659635939257
20362,7.604659635939257
20363,7.604659635939257
20364,7.604659635939257
20365,9.99999999
20366,7.604659635939257
20367,7.604659635939257
20368,7.604659635939257
20369,8.276298058076696
20370,7.604659635939257
20371,7.604659635939257
20372,7.604659635939257
20373,7.00000003
20374,8.0
20375,7.0
20376,8.0
20377,8.0
20378,7.604659635939257
20379,7.604659635939257
20380,7.604659635939257
20381,7.028864360458677
20382,7.604659635939257
20383,7.604659635939257
20384,7.604659635939257
20385,7.604659635939257
20386,9.428571428775511
20387,7.604659635939257
20388,8.0
20389,7.604659635939257
20390,7.604659635939257
20391,7.604659635939257
20392,7.897935746292927
20393,7.604659635939257
20394,7.604659635939257
20395,7.604659635939257
20396,7.604659635939257
20397,7.000000000000001
20398,7.604659635939257
20399,8.0
20400,7.604659635939257
20401,8.0
20402,8.0
20403,7.604659635939257
20404,7.604659635939257
20405,8.0
20406,7.604659635939257
20407,7.604659635939257
20408,7.604659635939257
20409,7.604659635939257
20410,7.604659635939257
20411,7.604659635939257
20412,8.0
20413,7.604659635939257
20414,7.604659635939257
20415,7.604659635939257
20416,7.604659635939257
20417,7.604659635939257
20418,7.604659635939257
20419,7.604659635939257
20420,7.604659635939257
20421,8.527864044868863
20422,8.0
20423,8.0
20424,9.0
20425,8.0
20426,7.604659635939257
20427,8.0
20428,7.604659635939257
20429,5.0
20430,7.604659635939257
20431,7.610231040045959
20432,7.0
20433,7.604659635939257
20434,7.604659635939257
20435,8.289897949774799
20436,7.604659635939257
20437,7.604659635939257
20438,5.0
20439,7.604659635939257
20440,7.604659635939257
20441,7.604659635939257
20442,7.604659635939257
20443,7.604659635939257
20444,7.604659635939257
20445,7.604659635939257
20446,7.604659635939257
20447,7.604659635939257
20448,7.968724558257549
20449,7.604659635939257
20450,9.0
20451,7.604659635939257
20452,9.21719677956953
20453,7.604659635939257
20454,9.0
20455,7.604659635939257
20456,7.604659635939257
20457,8.0
20458,7.0
20459,7.604659635939257
20460,10.0
20461,7.604659635939257
20462,7.604659635939257
20463,7.604659635939257
20464,8.0
20465,7.604659635939257
20466,8.500000004999999
20467,7.604659635939257
20468,7.604659635939257
20469,7.604659635939257
20470,7.0
20471,7.604659635939257
20472,7.604659635939257
20473,10.0
20474,7.604659635939257
20475,7.0
20476,7.0
20477,8.0
20478,7.0
20479,7.604659635939257
20480,7.604659635939257
20481,7.623589151009544
20482,7.604659635939257
20483,7.604659635939257
20484,7.604659635939257
20485,7.604659635939257
20486,7.604659635939257
20487,7.604659635939257
20488,7.000000000000001
20489,7.604659635939257
20490,7.604659635939257
20491,7.604659635939257
20492,7.604659635939257
20493,7.604659635939257
20494,7.604659635939257
20495,7.604659635939257
20496,7.000000003333334
20497,7.604659635939257
20498,7.604659635939257
20499,5.0
20500,7.604659635939257
20501,7.604659635939257
20502,7.604659635939257
20503,8.0
20504,7.604659635939257
20505,7.604659635939257
20506,7.604659635939257
20507,8.0
20508,9.999999956666668
20509,7.604659635939257
20510,7.604659635939257
20511,7.666666671111111
20512,8.0
20513,7.604659635939257
20514,9.999999999999998
20515,7.604659635939257
20516,7.604659635939257
20517,7.604659635939257
20518,8.0
20519,7.604659635939257
20520,7.999999985527866
20521,8.999999960000002
20522,7.604659635939257
20523,7.0
20524,8.0
20525,7.604659635939257
20526,7.604659635939257
20527,10.0
20528,7.0
20529,7.604659635939257
20530,8.5
20531,7.604659635939257
20532,7.604659635939257
20533,7.604659635939257
20534,7.604659635939257
20535,7.604659635939257
20536,7.604659635939257
20537,7.3214835143589125
20538,7.0
20539,7.604659635939257
20540,7.604659635939257
20541,7.604659635939257
20542,7.604659635939257
20543,7.604659635939257
20544,7.604659635939257
20545,9.0
20546,7.604659635939257
20547,7.604659635939257
20548,7.604659635939257
20549,7.604659635939257
20550,7.604659635939257
20551,7.604659635939257
20552,7.604659635939257
20553,7.604659635939257
20554,7.604659635939257
20555,7.604659635939257
20556,7.604659635939257
20557,8.999999992194532
20558,7.604659635939257
20559,7.604659635939257
20560,7.604659635939257
20561,7.604659635939257
20562,6.0
20563,7.604659635939257
20564,7.375272957649436
20565,7.604659635939257
20566,7.604659635939257
20567,7.604659635939257
20568,7.604659635939257
20569,7.604659635939257
20570,7.604659635939257
20571,8.0
20572,8.0
20573,8.0
20574,7.604659635939257
20575,7.604659635939257
20576,2.6363636358677685
20577,9.256098542457918
20578,7.604659635939257
20579,9.0
20580,7.604659635939257
20581,7.604659635939257
20582,7.604659635939257
20583,8.999999965000002
20584,7.604659635939257
20585,7.604659635939257
20586,7.604659635939257
20587,8.999999998769084
20588,7.604659635939257
20589,7.604659635939257
20590,7.0
20591,7.604659635939257
20592,7.604659635939257
20593,7.999999992928933
20594,7.604659635939257
20595,7.604659635939257
20596,8.0
20597,7.604659635939257
20598,7.0
20599,8.0
20600,8.0
20601,7.604659635939257
20602,7.604659635939257
20603,8.0
20604,7.604659635939257
20605,7.0
20606,7.604659635939257
20607,7.604659635939257
20608,7.604659635939257
20609,7.604659635939257
20610,7.604659635939257
20611,7.0
20612,7.604659635939257
20613,6.868643836671889
20614,8.0
20615,7.604659635939257
20616,7.604659635939257
20617,7.604659635939257
20618,7.604659635939257
20619,10.0
20620,7.604659635939257
20621,8.0
20622,7.604659635939257
20623,8.0
20624,7.604659635939257
20625,7.604659635939257
20626,9.999999965
20627,7.604659635939257
20628,7.604659635939257
20629,7.604659635939257
20630,8.0
20631,7.604659635939257
20632,7.604659635939257
20633,7.604659635939257
20634,8.250000001250001
20635,7.604659635939257
20636,7.604659635939257
20637,7.604659635939257
20638,8.634896036513169
20639,5.0
20640,7.604659635939257
20641,8.0
20642,7.604659635939257
20643,6.0
20644,7.604659635939257
20645,7.604659635939257
20646,7.604659635939257
20647,7.604659635939257
20648,8.0
20649,7.0
20650,8.999999985
20651,7.058823529411764
20652,6.1390025508352455
20653,7.604659635939257
20654,7.604659635939257
20655,8.764705881176472
20656,7.604659635939257
20657,10.0
20658,7.0
20659,7.604659635939257
20660,8.0
20661,7.0
20662,7.604659635939257
20663,8.874924948625052
20664,7.604659635939257
20665,7.0
20666,7.0
20667,7.604659635939257
20668,9.999999999999998
20669,7.604659635939257
20670,10.0
20671,6.0
20672,6.999999999999999
20673,7.604659635939257
20674,7.604659635939257
20675,7.604659635939257
20676,7.604659635939257
20677,7.604659635939257
20678,7.604659635939257
20679,7.604659635939257
20680,8.0
20681,7.604659635939257
20682,8.00000002
20683,8.99999997982233
20684,7.0
20685,7.604659635939257
20686,8.999999993333333
20687,8.0
20688,8.0
20689,9.0
20690,7.604659635939257
20691,7.000000000000001
20692,7.604659635939257
20693,7.604659635939257
20694,7.604659635939257
20695,7.604659635939257
20696,7.604659635939257
20697,7.604659635939257
20698,7.604659635939257
20699,7.604659635939257
20700,10.0
20701,8.0
20702,7.604659635939257
20703,7.604659635939257
20704,7.604659635939257
20705,7.0
20706,7.604659635939257
20707,7.604659635939257
20708,5.0
20709,7.0
20710,7.604659635939257
20711,7.604659635939257
20712,7.604659635939257
20713,9.500000000000002
20714,7.604659635939257
20715,7.604659635939257
20716,7.604659635939257
20717,6.0
20718,7.604659635939257
20719,7.604659635939257
20720,7.604659635939257
20721,7.604659635939257
20722,8.0
20723,7.604659635939257
20724,9.243366682656537
20725,7.604659635939257
20726,7.0
20727,5.0
20728,7.604659635939257
20729,7.604659635939257
20730,7.604659635939257
20731,7.9999999850000005
20732,7.604659635939257
20733,8.0
20734,7.121065051649208
20735,7.0
20736,8.0
20737,7.604659635939257
20738,7.0
20739,2.0000000549999988
20740,7.604659635939257
20741,7.604659635939257
20742,7.604659635939257
20743,8.250000000312498
20744,7.000000000000001
20745,7.604659635939257
20746,8.0
20747,7.0
20748,8.0
20749,6.81055916036431
20750,7.604659635939257
20751,7.604659635939257
20752,7.604659635939257
20753,7.604659635939257
20754,8.65541732188
20755,7.0
20756,9.25
20757,9.029437251421847
20758,9.999999999999998
20759,7.604659635939257
20760,7.604659635939257
20761,7.604659635939257
20762,8.0
20763,9.999999880000006
20764,7.604659635939257
20765,7.0
20766,7.604659635939257
20767,8.0
20768,7.0
20769,7.604659635939257
20770,7.604659635939257
20771,7.604659635939257
20772,7.604659635939257
20773,7.604659635939257
20774,7.604659635939257
20775,7.604659635939257
20776,7.604659635939257
20777,8.999999950000003
20778,8.294641136940033
20779,7.604659635939257
20780,7.604659635939257
20781,7.604659635939257
20782,7.604659635939257
20783,7.604659635939257
20784,7.604659635939257
20785,7.604659635939257
20786,8.0
20787,8.0
20788,9.999999999999998
20789,7.604659635939257
20790,7.604659635939257
20791,9.9999999893934
20792,7.604659635939257
20793,7.604659635939257
20794,7.604659635939257
20795,7.604659635939257
20796,7.604659635939257
20797,7.604659635939257
20798,8.0
20799,7.0
20800,7.0
20801,7.0
20802,8.0
20803,8.259463816361817
20804,8.0
20805,8.75
20806,7.604659635939257
20807,7.604659635939257
20808,7.604659635939257
20809,7.604659635939257
20810,7.604659635939257
20811,7.604659635939257
20812,8.74999999875
20813,7.604659635939257
20814,7.0
20815,7.666666671111111
20816,7.604659635939257
20817,7.604659635939257
20818,6.999999990000001
20819,7.604659635939257
20820,7.604659635939257
20821,7.0
20822,8.0
20823,8.999999991666666
20824,10.0
20825,8.499999999999998
20826,7.604659635939257
20827,8.0
20828,7.604659635939257
20829,9.666666667777777
20830,7.604659635939257
20831,9.0
20832,7.0
20833,9.999999976666668
20834,8.0
20835,7.604659635939257
20836,7.604659635939257
20837,7.604659635939257
20838,7.604659635939257
20839,8.0
20840,8.0
20841,7.604659635939257
20842,7.604659635939257
20843,7.604659635939257
20844,8.0
20845,8.0
20846,7.604659635939257
20847,7.604659635939257
20848,7.604659635939257
20849,7.604659635939257
20850,7.604659635939257
20851,7.604659635939257
20852,7.75
20853,5.9999999944123665
20854,8.0
20855,9.499999975
20856,9.000000002844573
20857,7.604659635939257
20858,7.604659635939257
20859,7.604659635939257
20860,7.604659635939257
20861,7.604659635939257
20862,7.604659635939257
20863,7.604659635939257
20864,7.604659635939257
20865,7.604659635939257
20866,7.0
20867,6.836261818226984
20868,7.604659635939257
20869,9.499999995
20870,7.604659635939257
20871,7.604659635939257
20872,7.604659635939257
20873,9.000000001666667
20874,7.604659635939257
20875,7.0
20876,8.0
20877,8.0
20878,5.0
20879,8.0
20880,8.0
20881,7.604659635939257
20882,7.604659635939257
20883,8.0
20884,7.604659635939257
20885,7.0
20886,7.604659635939257
20887,7.0
20888,7.0
20889,7.666666665555555
20890,7.604659635939257
20891,7.0
20892,7.604659635939257
20893,7.604659635939257
20894,7.604659635939257
20895,7.604659635939257
20896,7.604659635939257
20897,7.604659635939257
20898,7.604659635939257
20899,7.604659635939257
20900,7.604659635939257
20901,8.914353629081386
20902,8.0
20903,7.604659635939257
20904,7.028683014804813
20905,7.604659635939257
20906,7.604659635939257
20907,7.604659635939257
20908,7.604659635939257
20909,8.25
20910,8.0
20911,8.0
20912,7.0
20913,7.604659635939257
20914,9.9999999587868
20915,7.604659635939257
20916,7.604659635939257
20917,7.604659635939257
20918,7.604659635939257
20919,8.0
20920,7.604659635939257
20921,7.604659635939257
20922,7.604659635939257
20923,7.604659635939257
20924,7.604659635939257
20925,7.604659635939257
20926,7.604659635939257
20927,7.604659635939257
20928,7.604659635939257
20929,7.604659635939257
20930,4.000000036666667
20931,7.604659635939257
20932,7.604659635939257
20933,7.604659635939257
20934,7.604659635939257
20935,7.604659635939257
20936,7.0
20937,7.0
20938,7.604659635939257
20939,7.604659635939257
20940,7.604659635939257
20941,8.0
20942,7.604659635939257
20943,7.604659635939257
20944,7.604659635939257
20945,7.604659635939257
20946,9.999999960000002
20947,7.604659635939257
20948,8.75
20949,7.604659635939257
20950,5.281508967323515
20951,9.999999910000005
20952,7.604659635939257
20953,8.0
20954,7.604659635939257
20955,7.604659635939257
20956,7.604659635939257
20957,7.604659635939257
20958,7.604659635939257
20959,7.604659635939257
20960,7.577645716062289
20961,6.0
20962,6.000000029999999
20963,7.604659635939257
20964,8.285714285510204
20965,6.0
20966,6.0
20967,7.604659635939257
20968,7.604659635939257
20969,7.604659635939257
20970,8.0
20971,7.604659635939257
20972,7.604659635939257
20973,7.604659635939257
20974,7.0
20975,7.0
20976,8.000000029999999
20977,7.604659635939257
20978,10.0
20979,9.666666661111112
20980,7.604659635939257
20981,8.999999960000002
20982,7.604659635939257
20983,7.604659635939257
20984,6.73489659063347
20985,7.0
20986,7.604659635939257
20987,8.0
20988,7.0
20989,7.604659635939257
20990,7.604659635939257
20991,7.604659635939257
20992,8.0
20993,7.604659635939257
20994,6.798935587554945
20995,6.999999999999999
20996,7.604659635939257
20997,7.604659635939257
20998,7.604659635939257
20999,7.604659635939257
21000,9.0
21001,7.604659635939257
21002,7.604659635939257
21003,7.604659635939257
21004,8.000000000000002
21005,7.604659635939257
21006,7.604659635939257
21007,9.999999970000001
21008,7.604659635939257
21009,7.604659635939257
21010,7.604659635939257
21011,7.604659635939257
21012,7.604659635939257
21013,8.999999980000002
21014,7.604659635939257
21015,7.604659635939257
21016,7.604659635939257
21017,7.604659635939257
21018,7.604659635939257
21019,8.0
21020,6.000000046666667
21021,7.604659635939257
21022,7.0
21023,7.604659635939257
21024,7.604659635939257
21025,10.0
21026,7.604659635939257
21027,8.0
21028,7.604659635939257
21029,9.999999993333333
21030,9.328136726298197
21031,7.604659635939257
21032,7.604659635939257
21033,7.604659635939257
21034,6.000000027226498
21035,7.604659635939257
21036,8.999999995
21037,7.604659635939257
21038,7.604659635939257
21039,7.604659635939257
21040,7.0
21041,7.604659635939257
21042,7.604659635939257
21043,8.0
21044,7.604659635939257
21045,7.604659635939257
21046,7.604659635939257
21047,7.604659635939257
21048,7.604659635939257
21049,7.604659635939257
21050,7.604659635939257
21051,7.604659635939257
21052,7.604659635939257
21053,7.604659635939257
21054,8.0
21055,5.0
21056,8.75
21057,9.999999990000001
21058,7.604659635939257
21059,7.604659635939257
21060,7.604659635939257
21061,8.0
21062,7.0
21063,7.604659635939257
21064,8.0
21065,7.604659635939257
21066,7.604659635939257
21067,7.936429550597073
21068,7.604659635939257
21069,7.604659635939257
21070,7.604659635939257
21071,5.841757930216453
21072,9.999999982928932
21073,7.604659635939257
21074,7.604659635939257
21075,7.604659635939257
21076,7.604659635939257
21077,7.604659635939257
21078,7.604659635939257
21079,7.604659635939257
21080,8.0
21081,7.604659635939257
21082,7.604659635939257
21083,8.724704128209073
21084,7.604659635939257
21085,7.604659635939257
21086,5.0
21087,7.75
21088,8.0
21089,7.604659635939257
21090,7.604659635939257
21091,7.604659635939257
21092,7.604659635939257
21093,7.604659635939257
21094,7.604659635939257
21095,7.604659635939257
21096,6.0
21097,7.604659635939257
21098,7.604659635939257
21099,7.604659635939257
21100,7.604659635939257
21101,9.039999997439999
21102,6.75999999896
21103,8.0
21104,8.25
21105,7.2911746669539514
21106,8.0
21107,7.604659635939257
21108,7.604659635939257
21109,7.0
21110,7.604659635939257
21111,8.000000004082484
21112,7.604659635939257
21113,7.604659635939257
21114,7.604659635939257
21115,7.604659635939257
21116,5.0
21117,7.604659635939257
21118,8.6000000012
21119,8.0
21120,7.604659635939257
21121,5.0
21122,7.604659635939257
21123,9.0
21124,6.0
21125,7.604659635939257
21126,7.604659635939257
21127,7.604659635939257
21128,7.604659635939257
21129,7.0
21130,8.0
21131,7.604659635939257
21132,4.0
21133,7.604659635939257
21134,7.604659635939257
21135,7.604659635939257
21136,7.604659635939257
21137,7.604659635939257
21138,7.783611628633692
21139,7.0
21140,8.5
21141,7.604659635939257
21142,7.604659635939257
21143,7.604659635939257
21144,7.604659635939257
21145,7.604659635939257
21146,7.604659635939257
21147,7.604659635939257
21148,7.604659635939257
21149,7.604659635939257
21150,7.0
21151,7.604659635939257
21152,7.604659635939257
21153,7.604659635939257
21154,10.0
21155,7.604659635939257
21156,7.604659635939257
21157,7.604659635939257
21158,7.604659635939257
21159,8.999999960000002
21160,9.472135955131137
21161,7.604659635939257
21162,7.604659635939257
21163,7.604659635939257
21164,7.604659635939257
21165,8.0
21166,6.0
21167,7.857142854489796
21168,7.604659635939257
21169,7.604659635939257
21170,7.604659635939257
21171,7.604659635939257
21172,8.333333334444445
21173,8.99999999439637
21174,7.604659635939257
21175,8.999999995
21176,7.604659635939257
21177,7.0
21178,8.0
21179,7.604659635939257
21180,7.604659635939257
21181,8.0
21182,7.604659635939257
21183,7.604659635939257
21184,7.287059445188984
21185,7.604659635939257
21186,7.604659635939257
21187,7.604659635939257
21188,6.999999995
21189,7.604659635939257
21190,7.604659635939257
21191,7.604659635939257
21192,7.604659635939257
21193,7.604659635939257
21194,7.604659635939257
21195,8.799999998799999
21196,6.5349593709146845
21197,8.0
21198,8.0
21199,10.0
21200,7.604659635939257
21201,7.604659635939257
21202,8.0
21203,9.0
21204,4.0
21205,7.604659635939257
21206,7.604659635939257
21207,7.999999960000004
21208,7.604659635939257
21209,7.604659635939257
21210,7.714800111622889
21211,8.0
21212,6.857142859183673
21213,7.604659635939257
21214,7.604659635939257
21215,7.604659635939257
21216,7.604659635939257
21217,7.604659635939257
21218,7.604659635939257
21219,8.0
21220,7.604659635939257
21221,8.941176472352941
21222,7.604659635939257
21223,7.604659635939257
21224,7.604659635939257
21225,7.604659635939257
21226,7.604659635939257
21227,8.99999998
21228,8.0
21229,7.604659635939257
21230,7.604659635939257
21231,7.604659635939257
21232,5.0
21233,7.604659635939257
21234,8.0
21235,7.604659635939257
21236,7.604659635939257
21237,7.604659635939257
21238,7.604659635939257
21239,6.500000009999999
21240,7.604659635939257
21241,7.0
21242,8.0
21243,5.0
21244,8.0
21245,7.0
21246,7.604659635939257
21247,7.604659635939257
21248,9.0
21249,7.604659635939257
21250,7.604659635939257
21251,6.1111111118518515
21252,8.0
21253,7.604659635939257
21254,7.0
21255,8.0
21256,7.604659635939257
21257,7.604659635939257
21258,7.604659635939257
21259,8.24264068807276
21260,7.604659635939257
21261,7.604659635939257
21262,7.0
21263,8.0
21264,7.604659635939257
21265,7.604659635939257
21266,7.604659635939257
21267,5.0
21268,8.216388374515157
21269,10.0
21270,7.604659635939257
21271,8.0
21272,7.0
21273,7.0
21274,7.604659635939257
21275,7.464101619060803
21276,10.0
21277,7.604659635939257
21278,7.604659635939257
21279,8.0
21280,5.00000002
21281,7.604659635939257
21282,7.604659635939257
21283,8.00000002
21284,8.0
21285,7.0
21286,7.604659635939257
21287,9.999999999999998
21288,7.604659635939257
21289,7.604659635939257
21290,8.0
21291,7.604659635939257
21292,7.604659635939257
21293,7.604659635939257
21294,7.604659635939257
21295,7.604659635939257
21296,9.99999999
21297,7.604659635939257
21298,7.604659635939257
21299,7.604659635939257
21300,7.604659635939257
21301,7.604659635939257
21302,6.5
21303,8.0
21304,7.604659635939257
21305,8.0
21306,7.604659635939257
21307,7.604659635939257
21308,9.142857143877551
21309,8.5483870967846
21310,9.0
21311,7.604659635939257
21312,3.999999988786797
21313,7.604659635939257
21314,7.604659635939257
21315,7.0
21316,8.222222223703703
21317,9.0
21318,8.499999988661164
21319,8.0
21320,7.604659635939257
21321,8.5
21322,7.604659635939257
21323,7.604659635939257
21324,8.0
21325,7.604659635939257
21326,7.604659635939257
21327,8.500000001250001
21328,9.999999994654775
21329,7.604659635939257
21330,7.49999999880392
21331,8.0
21332,3.999999970000001
21333,7.604659635939257
21334,7.0
21335,7.604659635939257
21336,7.604659635939257
21337,7.604659635939257
21338,7.604659635939257
21339,7.604659635939257
21340,6.585786436916227
21341,7.604659635939257
21342,7.604659635939257
21343,7.604659635939257
21344,8.837522555783357
21345,7.604659635939257
21346,7.604659635939257
21347,7.0
21348,7.604659635939257
21349,7.604659635939257
21350,7.604659635939257
21351,7.604659635939257
21352,8.0
21353,7.604659635939257
21354,7.604659635939257
21355,10.0
21356,7.604659635939257
21357,8.259053005408008
21358,7.4999999975
21359,7.604659635939257
21360,6.0
21361,7.604659635939257
21362,8.0
21363,7.604659635939257
21364,7.604659635939257
21365,9.99999999
21366,7.604659635939257
21367,7.604659635939257
21368,7.604659635939257
21369,7.604659635939257
21370,7.604659635939257
21371,7.604659635939257
21372,7.604659635939257
21373,7.604659635939257
21374,7.604659635939257
21375,6.999999999999999
21376,7.604659635939257
21377,8.0
21378,8.0
21379,9.25
21380,7.604659635939257
21381,7.604659635939257
21382,7.604659635939257
21383,7.604659635939257
21384,7.782870725816276
21385,7.604659635939257
21386,9.445790860887863
21387,7.000000000000001
21388,4.999999999999999
21389,7.604659635939257
21390,7.604659635939257
21391,6.999999999999999
21392,7.000000006666666
21393,7.666666667222223
21394,7.0
21395,7.604659635939257
21396,7.604659635939257
21397,7.604659635939257
21398,7.604659635939257
21399,8.000000000000002
21400,7.0
21401,7.604659635939257
21402,7.604659635939257
21403,7.604659635939257
21404,7.604659635939257
21405,7.604659635939257
21406,10.0
21407,7.604659635939257
21408,7.604659635939257
21409,7.604659635939257
21410,7.604659635939257
21411,7.604659635939257
21412,7.604659635939257
21413,7.604659635939257
21414,7.604659635939257
21415,7.999999999226498
21416,7.604659635939257
21417,7.604659635939257
21418,10.0
21419,7.604659635939257
21420,7.604659635939257
21421,8.0
21422,7.604659635939257
21423,7.0
21424,7.0
21425,7.604659635939257
21426,4.567956156691335
21427,8.487432324526061
21428,7.604659635939257
21429,7.604659635939257
21430,7.604659635939257
21431,7.604659635939257
21432,7.0
21433,7.604659635939257
21434,7.604659635939257
21435,7.604659635939257
21436,9.999999996464467
21437,7.604659635939257
21438,7.604659635939257
21439,7.604659635939257
21440,7.604659635939257
21441,9.999999970000001
21442,7.604659635939257
21443,7.604659635939257
21444,7.604659635939257
21445,8.0
21446,8.000000009999999
21447,7.604659635939257
21448,7.604659635939257
21449,7.0
21450,8.770162859758184
21451,7.604659635939257
21452,8.0
21453,8.0
21454,9.199999999642227
21455,7.604659635939257
21456,8.368937611081751
21457,8.0
21458,7.604659635939257
21459,7.604659635939257
21460,8.0
21461,9.999999975000001
21462,7.604659635939257
21463,7.604659635939257
21464,7.604659635939257
21465,7.604659635939257
21466,7.604659635939257
21467,7.604659635939257
21468,7.604659635939257
21469,7.604659635939257
21470,7.604659635939257
21471,7.604659635939257
21472,6.50000001875
21473,7.604659635939257
21474,8.0
21475,7.604659635939257
21476,8.0
21477,7.0
21478,7.604659635939257
21479,7.604659635939257
21480,7.604659635939257
21481,7.604659635939257
21482,7.604659635939257
21483,7.604659635939257
21484,8.61257411266041
21485,10.0
21486,7.604659635939257
21487,10.0
21488,7.604659635939257
21489,7.604659635939257
21490,7.604659635939257
21491,7.604659635939257
21492,6.071428574183674
21493,6.0
21494,9.516005387379945
21495,7.604659635939257
21496,9.999999999999998
21497,7.604659635939257
21498,8.499999995
21499,8.0
21500,7.604659635939257
21501,7.604659635939257
21502,8.0
21503,8.0
21504,7.604659635939257
21505,7.0
21506,7.604659635939257
21507,7.604659635939257
21508,8.0
21509,7.604659635939257
21510,9.0
21511,7.604659635939257
21512,7.604659635939257
21513,7.604659635939257
21514,7.429547295491584
21515,7.604659635939257
21516,8.0
21517,7.0
21518,7.604659635939257
21519,7.604659635939257
21520,7.604659635939257
21521,8.0
21522,7.0
21523,7.604659635939257
21524,8.0
21525,7.5
21526,7.0
21527,7.604659635939257
21528,7.604659635939257
21529,7.604659635939257
21530,5.000000000000001
21531,5.0
21532,6.663108042308707
21533,7.604659635939257
21534,7.604659635939257
21535,7.75
21536,7.604659635939257
21537,7.604659635939257
21538,7.604659635939257
21539,8.000000003333334
21540,7.604659635939257
21541,7.604659635939257
21542,9.999999940000004
21543,7.604659635939257
21544,7.604659635939257
21545,9.99999997
21546,7.604659635939257
21547,8.0
21548,7.604659635939257
21549,7.604659635939257
21550,7.604659635939257
21551,10.0
21552,7.604659635939257
21553,7.604659635939257
21554,7.604659635939257
21555,7.604659635939257
21556,9.096678579134311
21557,7.604659635939257
21558,7.604659635939257
21559,7.604659635939257
21560,7.604659635939257
21561,7.604659635939257
21562,7.604659635939257
21563,7.604659635939257
21564,8.0
21565,7.0
21566,7.604659635939257
21567,7.604659635939257
21568,8.0
21569,7.604659635939257
21570,8.0
21571,8.0
21572,7.0
21573,8.0
21574,8.0
21575,8.0
21576,7.604659635939257
21577,7.604659635939257
21578,7.604659635939257
21579,7.604659635939257
21580,9.0
21581,8.0
21582,7.604659635939257
21583,7.604659635939257
21584,7.604659635939257
21585,7.604659635939257
21586,7.604659635939257
21587,7.604659635939257
21588,6.000000066666666
21589,8.0
21590,7.604659635939257
21591,9.558708095468726
21592,9.0
21593,8.0
21594,7.604659635939257
21595,7.604659635939257
21596,9.0
21597,7.604659635939257
21598,8.0
21599,7.0
21600,7.604659635939257
21601,7.9940458013167275
21602,8.0
21603,7.604659635939257
21604,7.604659635939257
21605,7.604659635939257
21606,7.0
21607,7.604659635939257
21608,8.0
21609,7.0
21610,7.604659635939257
21611,8.0
21612,8.333333332222223
21613,7.604659635939257
21614,1.0
21615,8.0
21616,8.0
21617,7.604659635939257
21618,8.0
21619,7.604659635939257
21620,7.604659635939257
21621,8.0
21622,7.604659635939257
21623,8.0
21624,7.604659635939257
21625,7.604659635939257
21626,8.0
21627,9.352941173529413
21628,7.0
21629,7.604659635939257
21630,7.604659635939257
21631,7.604659635939257
21632,7.813657729629639
21633,4.999999999999999
21634,8.0
21635,7.604659635939257
21636,7.604659635939257
21637,5.0
21638,7.604659635939257
21639,4.00000001
21640,7.604659635939257
21641,8.0
21642,7.604659635939257
21643,7.604659635939257
21644,7.604659635939257
21645,7.604659635939257
21646,7.604659635939257
21647,7.604659635939257
21648,8.0
21649,7.604659635939257
21650,7.604659635939257
21651,7.604659635939257
21652,8.0
21653,7.604659635939257
21654,8.0
21655,7.604659635939257
21656,7.604659635939257
21657,7.604659635939257
21658,8.0
21659,7.0
21660,7.604659635939257
21661,8.0
21662,7.604659635939257
21663,7.604659635939257
21664,7.157894737119114
21665,7.604659635939257
21666,7.0
21667,9.0
21668,6.000000035773502
21669,7.604659635939257
21670,10.0
21671,7.604659635939257
21672,6.999999940000002
21673,1.0
21674,7.604659635939257
21675,8.0
21676,8.0
21677,7.604659635939257
21678,7.604659635939257
21679,8.0
21680,7.604659635939257
21681,7.604659635939257
21682,7.0
21683,7.604659635939257
21684,7.604659635939257
21685,7.604659635939257
21686,7.604659635939257
21687,8.321794618055083
21688,7.604659635939257
21689,7.604659635939257
21690,4.999999999999999
21691,7.0
21692,7.604659635939257
21693,6.529411765224913
21694,8.0
21695,7.604659635939257
21696,8.0
21697,7.604659635939257
21698,8.0
21699,7.604659635939257
21700,7.604659635939257
21701,10.0
21702,7.604659635939257
21703,7.604659635939257
21704,7.604659635939257
21705,7.604659635939257
21706,7.604659635939257
21707,9.0
21708,7.604659635939257
21709,7.9999999949144724
21710,7.604659635939257
21711,7.604659635939257
21712,7.604659635939257
21713,9.166666661111112
21714,9.0
21715,8.0
21716,7.604659635939257
21717,7.604659635939257
21718,7.604659635939257
21719,7.604659635939257
21720,7.604659635939257
21721,8.25
21722,7.604659635939257
21723,7.604659635939257
21724,7.0
21725,7.0
21726,8.0
21727,7.0
21728,7.604659635939257
21729,7.604659635939257
21730,9.999999973329293
21731,7.604659635939257
21732,8.0
21733,7.604659635939257
21734,7.604659635939257
21735,7.604659635939257
21736,7.604659635939257
21737,7.604659635939257
21738,8.0
21739,7.604659635939257
21740,7.604659635939257
21741,7.604659635939257
21742,7.604659635939257
21743,7.604659635939257
21744,7.604659635939257
21745,7.604659635939257
21746,7.604659635939257
21747,7.604659635939257
21748,7.604659635939257
21749,7.604659635939257
21750,8.0
21751,7.604659635939257
21752,7.604659635939257
21753,7.604659635939257
21754,6.3999999984
21755,8.0
21756,7.604659635939257
21757,5.0
21758,7.604659635939257
21759,9.999999922573595
21760,7.0
21761,7.905582659540473
21762,7.604659635939257
21763,10.000000000000002
21764,7.0
21765,7.604659635939257
21766,7.604659635939257
21767,7.604659635939257
21768,7.0
21769,7.0
21770,7.604659635939257
21771,7.604659635939257
21772,7.604659635939257
21773,9.30901699490281
21774,7.604659635939257
21775,7.604659635939257
21776,7.604659635939257
21777,8.0
21778,7.604659635939257
21779,7.0
21780,9.300293706364151
21781,8.0
21782,9.99999999
21783,7.604659635939257
21784,7.604659635939257
21785,10.0
21786,7.604659635939257
21787,7.604659635939257
21788,7.604659635939257
21789,7.604659635939257
21790,6.999999999999999
21791,6.499999996666667
21792,7.604659635939257
21793,7.604659635939257
21794,8.0
21795,7.604659635939257
21796,7.604659635939257
21797,7.604659635939257
21798,7.604659635939257
21799,7.00000003
21800,7.604659635939257
21801,7.604659635939257
21802,5.0
21803,9.999999999999998
21804,7.604659635939257
21805,7.604659635939257
21806,9.999999945527867
21807,7.604659635939257
21808,7.604659635939257
21809,9.999999999999998
21810,7.99999998
21811,6.50000000875
21812,7.640135648239299
21813,6.0
21814,7.604659635939257
21815,10.0
21816,6.333333342222222
21817,7.604659635939257
21818,7.604659635939257
21819,7.604659635939257
21820,8.459336967822809
21821,7.604659635939257
21822,7.604659635939257
21823,8.0
21824,6.500000003749999
21825,7.604659635939257
21826,7.604659635939257
21827,7.604659635939257
21828,7.604659635939257
21829,7.0
21830,8.0
21831,3.0000000399999993
21832,8.0
21833,7.604659635939257
21834,4.999999999999999
21835,5.0
21836,8.0
21837,7.604659635939257
21838,7.9999999950000005
21839,7.604659635939257
21840,7.604659635939257
21841,9.999999999999998
21842,7.604659635939257
21843,7.604659635939257
21844,7.0
21845,6.142857143877552
21846,7.604659635939257
21847,7.604659635939257
21848,7.604659635939257
21849,7.604659635939257
21850,7.604659635939257
21851,7.604659635939257
21852,7.604659635939257
21853,8.0
21854,10.0
21855,7.604659635939257
21856,7.604659635939257
21857,7.604659635939257
21858,8.5
21859,7.604659635939257
21860,7.0
21861,7.268926289673731
21862,8.826376585192877
21863,7.604659635939257
21864,7.604659635939257
21865,9.999999992134173
21866,7.604659635939257
21867,7.604659635939257
21868,7.604659635939257
21869,7.0
21870,10.000000000000002
21871,7.604659635939257
21872,7.604659635939257
21873,7.604659635939257
21874,7.604659635939257
21875,10.0
21876,7.604659635939257
21877,7.604659635939257
21878,7.604659635939257
21879,7.604659635939257
21880,7.604659635939257
21881,7.961131721698286
21882,6.0
21883,7.000000035781994
21884,7.0
21885,7.604659635939257
21886,6.0000000912132005
21887,6.009412233711862
21888,7.604659635939257
21889,6.0
21890,8.0
21891,8.0
21892,7.379055776050954
21893,7.604659635939257
21894,7.604659635939257
21895,8.0
21896,8.0
21897,7.0
21898,7.604659635939257
21899,8.0
21900,7.604659635939257
21901,7.604659635939257
21902,6.452402965434333
21903,10.0
21904,7.604659635939257
21905,8.99999998735089
21906,7.0
21907,5.0
21908,7.604659635939257
21909,7.604659635939257
21910,7.604659635939257
21911,7.604659635939257
21912,10.0
21913,8.0
21914,7.604659635939257
21915,8.0
21916,7.604659635939257
21917,7.604659635939257
21918,6.948717056456705
21919,8.000000029999999
21920,7.604659635939257
21921,7.604659635939257
21922,7.604659635939257
21923,7.604659635939257
21924,7.604659635939257
21925,7.0
21926,8.0
21927,7.604659635939257
21928,8.444444443580247
21929,8.0
21930,7.0
21931,8.0
21932,7.604659635939257
21933,8.0
21934,8.999999965000002
21935,7.604659635939257
21936,7.604659635939257
21937,7.604659635939257
21938,7.0
21939,7.604659635939257
21940,7.604659635939257
21941,7.604659635939257
21942,7.714285714489796
21943,7.000000000000001
21944,8.0
21945,8.499999999999998
21946,7.605837373811505
21947,8.0
21948,7.571428571020407
21949,7.604659635939257
21950,6.0
21951,7.604659635939257
21952,7.604659635939257
21953,8.0
21954,7.604659635939257
21955,7.604659635939257
21956,7.604659635939257
21957,7.604659635939257
21958,7.604659635939257
21959,7.604659635939257
21960,7.604659635939257
21961,7.9999999950000005
21962,7.181652839891234
21963,7.604659635939257
21964,7.604659635939257
21965,7.0
21966,8.0
21967,8.000000004472136
21968,9.999999990000001
21969,7.604659635939257
21970,7.604659635939257
21971,7.604659635939257
21972,7.834457141790303
21973,7.604659635939257
21974,7.0
21975,8.0
21976,7.604659635939257
21977,7.604659635939257
21978,7.604659635939257
21979,9.999999910000005
21980,7.604659635939257
21981,7.604659635939257
21982,7.604659635939257
21983,8.0
21984,6.500000007353626
21985,8.0
21986,7.604659635939257
21987,7.604659635939257
21988,7.604659635939257
21989,7.604659635939257
21990,9.999999940000002
21991,8.999999995
21992,7.110273362729545
21993,7.604659635939257
21994,7.604659635939257
21995,8.0
21996,7.604659635939257
21997,7.604659635939257
21998,7.604659635939257
21999,7.604659635939257
22000,7.127129005273093
22001,8.33333333111111
22002,7.604659635939257
22003,7.604659635939257
22004,8.0
22005,7.604659635939257
22006,7.666666657777778
22007,7.604659635939257
22008,9.190743570282656
22009,8.0
22010,7.604659635939257
22011,7.604659635939257
22012,7.604659635939257
22013,7.604659635939257
22014,7.604659635939257
22015,7.00000001
22016,7.604659635939257
22017,7.604659635939257
22018,7.5000000249999985
22019,8.0
22020,7.604659635939257
22021,7.604659635939257
22022,6.585786437390012
22023,8.0
22024,7.604659635939257
22025,7.604659635939257
22026,7.666666661111111
22027,7.604659635939257
22028,7.604659635939257
22029,7.604659635939257
22030,8.999999975149288
22031,9.000000020773504
22032,7.604659635939257
22033,7.604659635939257
22034,8.0
22035,4.783065149509049
22036,7.647058824498269
22037,7.0
22038,7.604659635939257
22039,6.752559846023659
22040,7.604659635939257
22041,9.999999966
22042,7.604659635939257
22043,7.604659635939257
22044,7.499999997916667
22045,7.604659635939257
22046,8.0
22047,7.604659635939257
22048,7.604659635939257
22049,8.999999991339745
22050,7.604659635939257
22051,7.604659635939257
22052,7.604659635939257
22053,7.604659635939257
22054,7.604659635939257
22055,7.604659635939257
22056,7.604659635939257
22057,7.604659635939257
22058,7.604659635939257
22059,7.604659635939257
22060,7.604659635939257
22061,7.604659635939257
22062,7.604659635939257
22063,7.604659635939257
22064,7.604659635939257
22065,7.604659635939257
22066,7.604659635939257
22067,6.831254870816699
22068,7.604659635939257
22069,7.604659635939257
22070,7.604659635939257
22071,7.604659635939257
22072,8.404235391397581
22073,8.999999999999998
22074,7.604659635939257
22075,7.604659635939257
22076,6.480506149200285
22077,7.604659635939257
22078,7.0999999996
22079,7.604659635939257
22080,7.0000000030864085
22081,8.0
22082,7.604659635939257
22083,8.0
22084,10.0
22085,6.999999999999999
22086,9.0
22087,7.604659635939257
22088,7.604659635939257
22089,7.604659635939257
22090,7.604659635939257
22091,7.604659635939257
22092,7.604659635939257
22093,7.0
22094,7.604659635939257
22095,6.9999999850000005
22096,7.604659635939257
22097,7.0
22098,7.604659635939257
22099,7.604659635939257
22100,7.604659635939257
22101,7.604659635939257
22102,8.0
22103,7.604659635939257
22104,7.604659635939257
22105,7.604659635939257
22106,7.604659635939257
22107,7.604659635939257
22108,7.604659635939257
22109,7.5999999996
22110,7.000000000000001
22111,7.604659635939257
22112,7.604659635939257
22113,5.000000007276069
22114,7.604659635939257
22115,7.402129829948243
22116,7.604659635939257
22117,7.604659635939257
22118,7.0
22119,7.333333335555555
22120,7.604659635939257
22121,10.0
22122,9.999999980000002
22123,7.604659635939257
22124,10.000000000000002
22125,7.604659635939257
22126,7.604659635939257
22127,7.604659635939257
22128,7.604659635939257
22129,8.0
22130,9.999999985
22131,7.604659635939257
22132,8.0
22133,8.499999990000001
22134,7.864708149947359
22135,9.351328143903304
22136,7.604659635939257
22137,8.499999995
22138,7.604659635939257
22139,8.000000015
22140,7.5663079869180265
22141,7.000000003999999
22142,8.57142857122449
22143,7.604659635939257
22144,8.0
22145,8.0
22146,8.0
22147,7.604659635939257
22148,7.604659635939257
22149,9.0
22150,8.68584901523279
22151,9.499999984999999
22152,7.604659635939257
22153,7.604659635939257
22154,7.604659635939257
22155,9.0
22156,8.0
22157,9.999999999999998
22158,8.0
22159,10.0
22160,7.604659635939257
22161,7.604659635939257
22162,6.000000009999999
22163,9.0
22164,7.604659635939257
22165,8.0
22166,9.909804019502722
22167,7.604659635939257
22168,8.333333332222223
22169,7.604659635939257
22170,7.604659635939257
22171,7.0
22172,10.0
22173,9.0
22174,9.000000000000004
22175,8.0
22176,7.604659635939257
22177,7.604659635939257
22178,6.499999997500001
22179,7.3483314778830975
22180,8.999999996666666
22181,7.604659635939257
22182,7.604659635939257
22183,7.0
22184,7.0
22185,7.604659635939257
22186,7.604659635939257
22187,7.604659635939257
22188,8.0
22189,7.604659635939257
22190,7.604659635939257
22191,7.604659635939257
22192,7.604659635939257
22193,7.604659635939257
22194,7.333333338888889
22195,7.604659635939257
22196,10.0
22197,7.604659635939257
22198,7.604659635939257
22199,7.604659635939257
22200,7.604659635939257
22201,8.0
22202,7.604659635939257
22203,7.604659635939257
22204,6.999999994999999
22205,8.0
22206,8.67738272281242
22207,8.0
22208,9.999999999999998
22209,6.999999999999999
22210,7.808327063876863
22211,8.439046262497957
22212,7.0
22213,9.0
22214,7.604659635939257
22215,7.604659635939257
22216,7.604659635939257
22217,7.0
22218,7.604659635939257
22219,7.604659635939257
22220,7.604659635939257
22221,7.604659635939257
22222,8.333333330555556
22223,7.604659635939257
22224,7.604659635939257
22225,6.545084977776437
22226,8.5
22227,7.604659635939257
22228,7.604659635939257
22229,7.604659635939257
22230,7.604659635939257
22231,7.604659635939257
22232,7.604659635939257
22233,9.0
22234,7.604659635939257
22235,9.249999999375
22236,7.604659635939257
22237,7.604659635939257
22238,7.000000000000001
22239,7.604659635939257
22240,7.604659635939257
22241,7.604659635939257
22242,6.937158498627309
22243,8.0
22244,6.666666671111111
22245,7.604659635939257
22246,7.604659635939257
22247,7.0
22248,7.604659635939257
22249,7.604659635939257
22250,7.999999950000003
22251,7.604659635939257
22252,8.999999999939018
22253,7.999999985
22254,7.604659635939257
22255,7.604659635939257
22256,8.0
22257,4.999999999999999
22258,7.604659635939257
22259,8.0
22260,7.604659635939257
22261,7.0
22262,10.0
22263,7.604659635939257
22264,8.983743670374897
22265,8.333333338888888
22266,7.604659635939257
22267,8.0
22268,9.00000000375
22269,7.656352567191663
22270,7.604659635939257
22271,7.604659635939257
22272,7.604659635939257
22273,6.0
22274,8.506840569510176
22275,8.0
22276,7.604659635939257
22277,7.604659635939257
22278,7.604659635939257
22279,7.604659635939257
22280,9.0
22281,7.604659635939257
22282,7.604659635939257
22283,7.604659635939257
22284,7.604659635939257
22285,7.604659635939257
22286,8.0
22287,7.0
22288,7.604659635939257
22289,7.604659635939257
22290,7.604659635939257
22291,7.604659635939257
22292,8.0
22293,10.0
22294,7.604659635939257
22295,8.0
22296,7.604659635939257
22297,7.604659635939257
22298,7.604659635939257
22299,5.0
22300,7.604659635939257
22301,7.604659635939257
22302,9.5999999976
22303,8.3999999992
22304,7.604659635939257
22305,7.604659635939257
22306,7.0
22307,9.99999996
22308,7.604659635939257
22309,7.604659635939257
22310,7.604659635939257
22311,7.604659635939257
22312,8.5
22313,7.604659635939257
22314,7.604659635939257
22315,7.604659635939257
22316,10.0
22317,8.999999989754361
22318,9.0
22319,7.604659635939257
22320,9.0
22321,7.604659635939257
22322,7.604659635939257
22323,9.999999995285954
22324,7.604659635939257
22325,7.0
22326,7.604659635939257
22327,7.604659635939257
22328,7.604659635939257
22329,7.604659635939257
22330,7.604659635939257
22331,8.0
22332,9.000000003333334
22333,9.0
22334,7.422847010494319
22335,7.604659635939257
22336,9.999999940000004
22337,7.604659635939257
22338,7.604659635939257
22339,9.000000005
22340,7.604659635939257
22341,7.604659635939257
22342,6.0
22343,7.604659635939257
22344,7.604659635939257
22345,7.604659635939257
22346,7.604659635939257
22347,8.0
22348,5.800000000799999
22349,7.604659635939257
22350,8.0
22351,7.604659635939257
22352,7.5000000249999985
22353,10.0
22354,7.000000000000001
22355,8.000000009999999
22356,7.604659635939257
22357,9.0
22358,7.604659635939257
22359,7.604659635939257
22360,7.604659635939257
22361,7.604659635939257
22362,7.0
22363,7.604659635939257
22364,7.604659635939257
22365,7.604659635939257
22366,7.604659635939257
22367,7.0
22368,7.604659635939257
22369,7.604659635939257
22370,7.604659635939257
22371,10.0
22372,7.604659635939257
22373,7.604659635939257
22374,2.0
22375,7.0
22376,7.604659635939257
22377,7.604659635939257
22378,7.604659635939257
22379,7.604659635939257
22380,8.0
22381,7.604659635939257
22382,8.0
22383,7.0
22384,8.25167268285231
22385,7.604659635939257
22386,6.4051039920732515
22387,7.0
22388,7.604659635939257
22389,7.604659635939257
22390,7.604659635939257
22391,7.999999930000003
22392,7.604659635939257
22393,7.604659635939257
22394,7.604659635939257
22395,7.604659635939257
22396,7.604659635939257
22397,8.0
22398,7.604659635939257
22399,7.604659635939257
22400,7.666666664444445
22401,7.604659635939257
22402,8.0
22403,7.604659635939257
22404,7.604659635939257
22405,8.0
22406,7.604659635939257
22407,7.604659635939257
22408,4.0
22409,7.604659635939257
22410,7.604659635939257
22411,8.0
22412,7.604659635939257
22413,7.0
22414,7.604659635939257
22415,9.999999998686935
22416,7.604659635939257
22417,7.604659635939257
22418,8.0
22419,7.604659635939257
22420,7.604659635939257
22421,8.0
22422,7.604659635939257
22423,7.604659635939257
22424,7.0
22425,7.604659635939257
22426,6.0
22427,9.0
22428,8.0
22429,7.604659635939257
22430,9.072949013334139
22431,9.5
22432,7.604659635939257
22433,7.604659635939257
22434,7.604659635939257
22435,5.931498239318973
22436,7.604659635939257
22437,8.078856077685636
22438,8.818181813636365
22439,7.604659635939257
22440,7.604659635939257
22441,7.604659635939257
22442,7.604659635939257
22443,7.0
22444,9.0
22445,7.604659635939257
22446,7.604659635939257
22447,8.0
22448,7.085575283824884
22449,7.604659635939257
22450,7.604659635939257
22451,7.604659635939257
22452,8.0
22453,7.604659635939257
22454,9.500000000606338
22455,7.604659635939257
22456,7.604659635939257
22457,7.604659635939257
22458,7.0
22459,7.604659635939257
22460,7.604659635939257
22461,7.604659635939257
22462,7.604659635939257
22463,7.604659635939257
22464,7.604659635939257
22465,7.604659635939257
22466,7.604659635939257
22467,7.604659635939257
22468,7.604659635939257
22469,7.604659635939257
22470,9.0
22471,7.604659635939257
22472,7.604659635939257
22473,7.604659635939257
22474,7.604659635939257
22475,7.604659635939257
22476,7.333333335555555
22477,7.604659635939257
22478,7.604659635939257
22479,7.604659635939257
22480,7.604659635939257
22481,7.0
22482,7.604659635939257
22483,7.604659635939257
22484,7.604659635939257
22485,7.604659635939257
22486,7.604659635939257
22487,7.604659635939257
22488,7.604659635939257
22489,7.604659635939257
22490,7.604659635939257
22491,7.604659635939257
22492,7.604659635939257
22493,7.947331922191488
22494,8.75
22495,7.604659635939257
22496,7.604659635939257
22497,7.604659635939257
22498,7.604659635939257
22499,6.500000029999999
22500,7.604659635939257
22501,7.604659635939257
22502,7.604659635939257
22503,9.0
22504,7.604659635939257
22505,7.604659635939257
22506,7.604659635939257
22507,7.604659635939257
22508,7.604659635939257
22509,7.666666666666667
22510,7.604659635939257
22511,7.604659635939257
22512,7.604659635939257
22513,8.499999975
22514,7.604659635939257
22515,9.0
22516,7.604659635939257
22517,7.604659635939257
22518,7.604659635939257
22519,7.604659635939257
22520,7.604659635939257
22521,7.604659635939257
22522,7.604659635939257
22523,7.604659635939257
22524,7.604659635939257
22525,7.604659635939257
22526,7.604659635939257
22527,7.604659635939257
22528,7.604659635939257
22529,7.0
22530,7.604659635939257
22531,6.714285715918367
22532,7.0
22533,8.0
22534,7.604659635939257
22535,7.604659635939257
22536,8.333333332222223
22537,9.718270952694812
22538,7.604659635939257
22539,7.604659635939257
22540,7.604659635939257
22541,7.604659635939257
22542,7.604659635939257
22543,7.604659635939257
22544,7.416280603100699
22545,7.604659635939257
22546,9.0
22547,7.000000013333334
22548,7.604659635939257
22549,9.0
22550,7.604659635939257
22551,7.604659635939257
22552,7.604659635939257
22553,7.604659635939257
22554,7.604659635939257
22555,8.0
22556,7.604659635939257
22557,7.604659635939257
22558,7.604659635939257
22559,7.604659635939257
22560,7.604659635939257
22561,7.000000015
22562,7.0
22563,7.604659635939257
22564,7.0
22565,7.604659635939257
22566,7.604659635939257
22567,7.604659635939257
22568,7.604659635939257
22569,6.5322887269730705
22570,7.604659635939257
22571,8.867737001508903
22572,7.604659635939257
22573,7.604659635939257
22574,8.0
22575,7.0
22576,7.604659635939257
22577,7.604659635939257
22578,7.604659635939257
22579,8.0
22580,9.999999999999998
22581,7.604659635939257
22582,7.604659635939257
22583,8.0
22584,7.0
22585,7.604659635939257
22586,7.527864044868864
22587,7.604659635939257
22588,7.690983004444712
22589,7.604659635939257
22590,7.604659635939257
22591,7.604659635939257
22592,9.0
22593,7.604659635939257
22594,7.604659635939257
22595,7.604659635939257
22596,5.000000018219614
22597,7.0
22598,8.0
22599,7.604659635939257
22600,8.0
22601,7.604659635939257
22602,7.000000000000001
22603,7.604659635939257
22604,7.604659635939257
22605,8.0
22606,7.604659635939257
22607,7.604659635939257
22608,7.604659635939257
22609,7.604659635939257
22610,7.604659635939257
22611,8.0
22612,7.604659635939257
22613,7.604659635939257
22614,5.004275635857972
22615,7.604659635939257
22616,7.604659635939257
22617,7.604659635939257
22618,7.604659635939257
22619,7.604659635939257
22620,8.0
22621,8.0
22622,7.604659635939257
22623,8.0
22624,7.604659635939257
22625,9.22048120798403
22626,7.604659635939257
22627,8.800000000799999
22628,8.0
22629,7.604659635939257
22630,8.0
22631,7.604659635939257
22632,7.604659635939257
22633,7.604659635939257
22634,7.604659635939257
22635,7.604659635939257
22636,7.604659635939257
22637,7.604659635939257
22638,9.0
22639,7.604659635939257
22640,7.604659635939257
22641,7.604659635939257
22642,8.0
22643,7.604659635939257
22644,8.681818180909092
22645,7.000000049999999
22646,7.604659635939257
22647,7.0
22648,9.499999984999999
22649,8.0
22650,8.0
22651,7.604659635939257
22652,7.0
22653,7.604659635939257
22654,7.0
22655,7.604659635939257
22656,7.604659635939257
22657,7.604659635939257
22658,7.604659635939257
22659,8.026748852381761
22660,7.604659635939257
22661,7.604659635939257
22662,7.604659635939257
22663,7.604659635939257
22664,7.604659635939257
22665,8.0
22666,7.604659635939257
22667,7.604659635939257
22668,6.0
22669,7.604659635939257
22670,7.604659635939257
22671,7.604659635939257
22672,7.604659635939257
22673,7.604659635939257
22674,7.604659635939257
22675,7.604659635939257
22676,7.604659635939257
22677,6.999999975
22678,9.0
22679,7.872037743711286
22680,7.604659635939257
22681,7.604659635939257
22682,7.604659635939257
22683,2.0
22684,7.604659635939257
22685,8.0
22686,7.599999999199999
22687,7.604659635939257
22688,7.0
22689,7.604659635939257
22690,7.604659635939257
22691,7.604659635939257
22692,7.604659635939257
22693,7.604659635939257
22694,9.136117636825107
22695,8.548311198724363
22696,7.604659635939257
22697,7.0
22698,7.604659635939257
22699,9.25
22700,7.604659635939257
22701,7.604659635939257
22702,7.604659635939257
22703,7.604659635939257
22704,7.604659635939257
22705,7.604659635939257
22706,7.604659635939257
22707,7.604659635939257
22708,7.604659635939257
22709,7.604659635939257
22710,7.604659635939257
22711,7.604659635939257
22712,7.604659635939257
22713,7.604659635939257
22714,7.725463166616861
22715,7.604659635939257
22716,7.604659635939257
22717,7.604659635939257
22718,7.604659635939257
22719,8.794258032850513
22720,9.277164805067647
22721,7.000000005627099
22722,7.604659635939257
22723,7.604659635939257
22724,5.0
22725,3.666666657777778
22726,7.604659635939257
22727,8.0
22728,7.604659635939257
22729,6.392304845821362
22730,7.604659635939257
22731,7.604659635939257
22732,7.604659635939257
22733,7.604659635939257
22734,8.0
22735,7.604659635939257
22736,7.604659635939257
22737,7.604659635939257
22738,7.604659635939257
22739,7.604659635939257
22740,7.604659635939257
22741,7.604659635939257
22742,7.604659635939257
22743,8.0
22744,7.604659635939257
22745,7.604659635939257
22746,7.604659635939257
22747,7.99999999
22748,8.0
22749,7.604659635939257
22750,7.604659635939257
22751,7.604659635939257
22752,7.604659635939257
22753,7.604659635939257
22754,7.604659635939257
22755,7.604659635939257
22756,8.0
22757,7.604659635939257
22758,7.604659635939257
22759,7.604659635939257
22760,8.0
22761,7.604659635939257
22762,7.604659635939257
22763,8.0
22764,7.0
22765,7.0
22766,7.604659635939257
22767,8.4000000008
22768,7.604659635939257
22769,8.0
22770,9.99999998
22771,7.0
22772,7.604659635939257
22773,7.604659635939257
22774,7.604659635939257
22775,7.604659635939257
22776,7.604659635939257
22777,8.00000003
22778,7.604659635939257
22779,7.604659635939257
22780,7.604659635939257
22781,7.604659635939257
22782,7.604659635939257
22783,7.604659635939257
22784,7.604659635939257
22785,7.0
22786,7.604659635939257
22787,7.604659635939257
22788,7.604659635939257
22789,7.604659635939257
22790,8.0
22791,7.604659635939257
22792,8.0
22793,7.604659635939257
22794,7.604659635939257
22795,5.0
22796,9.0
22797,7.604659635939257
22798,9.999999999999998
22799,7.565741452990629
22800,9.333333335555556
22801,5.363636363553718
22802,7.604659635939257
22803,7.604659635939257
22804,7.604659635939257
22805,7.604659635939257
22806,7.604659635939257
22807,7.604659635939257
22808,7.604659635939257
22809,7.604659635939257
22810,7.604659635939257
22811,7.604659635939257
22812,7.604659635939257
22813,7.0
22814,7.604659635939257
22815,7.604659635939257
22816,7.604659635939257
22817,7.604659635939257
22818,7.0
22819,7.604659635939257
22820,6.854985191556721
22821,7.604659635939257
22822,7.604659635939257
22823,7.604659635939257
22824,7.0
22825,7.0
22826,7.0
22827,7.604659635939257
22828,7.604659635939257
22829,7.604659635939257
22830,8.0
22831,7.604659635939257
22832,7.604659635939257
22833,7.604659635939257
22834,7.604659635939257
22835,7.604659635939257
22836,8.0
22837,9.0
22838,8.222781473736822
22839,7.604659635939257
22840,8.00000001109109
22841,7.604659635939257
22842,7.604659635939257
22843,7.604659635939257
22844,8.0
22845,7.99999999
22846,9.247116820596867
22847,10.0
22848,7.604659635939257
22849,7.604659635939257
22850,9.0
22851,7.604659635939257
22852,7.604659635939257
22853,6.771168934507341
22854,8.989641000221182
22855,7.604659635939257
22856,7.604659635939257
22857,8.0
22858,7.0
22859,8.744355901634426
22860,7.604659635939257
22861,7.604659635939257
22862,7.000000000000001
22863,7.604659635939257
22864,7.512567673849165
22865,8.5
22866,7.604659635939257
22867,7.604659635939257
22868,7.604659635939257
22869,7.604659635939257
22870,7.604659635939257
22871,7.604659635939257
22872,7.604659635939257
22873,7.604659635939257
22874,8.0
22875,7.80925642898968
22876,6.25
22877,7.604659635939257
22878,7.604659635939257
22879,7.500000009999999
22880,8.0
22881,8.221128487844425
22882,7.604659635939257
22883,7.604659635939257
22884,7.604659635939257
22885,7.604659635939257
22886,7.604659635939257
22887,8.0
22888,7.604659635939257
22889,7.604659635939257
22890,5.000000017071068
22891,7.604659635939257
22892,10.0
22893,6.000000026719585
22894,8.25
22895,10.0
22896,7.604659635939257
22897,7.604659635939257
22898,7.604659635939257
22899,10.0
22900,7.452743414479033
22901,7.604659635939257
22902,7.604659635939257
22903,7.604659635939257
22904,7.0
22905,7.604659635939257
22906,7.604659635939257
22907,7.604659635939257
22908,7.604659635939257
22909,7.604659635939257
22910,7.604659635939257
22911,8.0
22912,7.604659635939257
22913,7.604659635939257
22914,7.604659635939257
22915,7.604659635939257
22916,7.604659635939257
22917,8.14459058258262
22918,9.0
22919,7.604659635939257
22920,7.604659635939257
22921,8.681693798834294
22922,8.0
22923,7.604659635939257
22924,7.604659635939257
22925,7.604659635939257
22926,7.604659635939257
22927,7.604659635939257
22928,5.581442898740831
22929,7.604659635939257
22930,7.604659635939257
22931,6.0
22932,6.235828947916499
22933,7.604659635939257
22934,7.604659635939257
22935,7.604659635939257
22936,8.0
22937,7.0
22938,7.604659635939257
22939,7.604659635939257
22940,7.604659635939257
22941,7.604659635939257
22942,7.604659635939257
22943,7.604659635939257
22944,7.315375792184095
22945,10.0
22946,7.604659635939257
22947,6.259763023744305
22948,7.99999999
22949,7.604659635939257
22950,7.604659635939257
22951,10.0
22952,7.604659635939257
22953,7.604659635939257
22954,7.358372769857263
22955,9.0
22956,8.620510532665328
22957,7.604659635939257
22958,7.604659635939257
22959,10.000000000000002
22960,7.000000000000001
22961,7.604659635939257
22962,8.0
22963,6.381966009887166
22964,7.604659635939257
22965,7.604659635939257
22966,6.0
22967,7.499999985
22968,7.604659635939257
22969,7.604659635939257
22970,7.604659635939257
22971,7.604659635939257
22972,9.999999999999998
22973,7.604659635939257
22974,7.604659635939257
22975,9.25
22976,7.604659635939257
22977,8.0
22978,7.604659635939257
22979,7.604659635939257
22980,8.0
22981,7.604659635939257
22982,7.604659635939257
22983,7.604659635939257
22984,7.604659635939257
22985,8.0
22986,7.604659635939257
22987,6.0
22988,9.0
22989,6.0000000249999985
22990,7.604659635939257
22991,8.008662057312597
22992,7.604659635939257
22993,7.705882352352941
22994,10.0
22995,7.604659635939257
22996,8.0
22997,7.0
22998,9.0
22999,10.0
23000,8.0
23001,7.604659635939257
23002,7.604659635939257
23003,7.604659635939257
23004,7.604659635939257
23005,7.604659635939257
23006,8.0
23007,4.0
23008,8.0
23009,7.0
23010,8.999999970000003
23011,9.50000000125
23012,9.25
23013,5.0
23014,9.000000000000002
23015,9.999999999999998
23016,8.00000002
23017,7.604659635939257
23018,7.604659635939257
23019,7.604659635939257
23020,7.604659635939257
23021,7.473684210567867
23022,7.604659635939257
23023,7.604659635939257
23024,7.604659635939257
23025,6.333333327777778
23026,7.999999970000002
23027,7.604659635939257
23028,7.604659635939257
23029,8.0
23030,7.604659635939257
23031,8.0
23032,7.604659635939257
23033,7.604659635939257
23034,6.999999993283222
23035,7.604659635939257
23036,5.000000017333333
23037,7.604659635939257
23038,7.604659635939257
23039,7.604659635939257
23040,7.604659635939257
23041,7.604659635939257
23042,7.604659635939257
23043,7.604659635939257
23044,8.947368421094183
23045,7.604659635939257
23046,7.604659635939257
23047,8.0
23048,8.478260862344046
23049,7.604659635939257
23050,7.604659635939257
23051,7.0
23052,8.999999984999999
23053,7.604659635939257
23054,7.604659635939257
23055,10.0
23056,7.604659635939257
23057,8.63636363644628
23058,7.604659635939257
23059,7.604659635939257
23060,7.604659635939257
23061,7.604659635939257
23062,7.604659635939257
23063,8.0
23064,1.0
23065,7.604659635939257
23066,5.0
23067,10.0
23068,7.604659635939257
23069,7.0000000275
23070,7.604659635939257
23071,7.604659635939257
23072,7.604659635939257
23073,7.604659635939257
23074,8.333333336111112
23075,7.604659635939257
23076,7.604659635939257
23077,7.604659635939257
23078,7.604659635939257
23079,7.604659635939257
23080,7.604659635939257
23081,7.604659635939257
23082,7.000000000000001
23083,7.604659635939257
23084,7.604659635939257
23085,7.0
23086,9.0
23087,7.604659635939257
23088,7.604659635939257
23089,7.604659635939257
23090,6.499999994999999
23091,9.9999999875
23092,8.0
23093,7.604659635939257
23094,7.604659635939257
23095,7.604659635939257
23096,7.604659635939257
23097,7.604659635939257
23098,8.0
23099,7.604659635939257
23100,6.0
23101,7.604659635939257
23102,7.604659635939257
23103,6.872582231151594
23104,8.0
23105,7.604659635939257
23106,7.604659635939257
23107,7.604659635939257
23108,7.604659635939257
23109,7.604659635939257
23110,8.0
23111,10.0
23112,7.604659635939257
23113,7.0
23114,7.604659635939257
23115,7.0
23116,7.604659635939257
23117,7.225076054842273
23118,7.604659635939257
23119,7.604659635939257
23120,7.604659635939257
23121,7.604659635939257
23122,7.604659635939257
23123,9.805224474197386
23124,7.604659635939257
23125,9.999999999999998
23126,7.604659635939257
23127,7.500000014999999
23128,7.604659635939257
23129,10.0
23130,7.999999996535898
23131,9.25
23132,7.604659635939257
23133,7.604659635939257
23134,7.5
23135,7.604659635939257
23136,7.604659635939257
23137,7.604659635939257
23138,9.75
23139,7.0000000349999985
23140,7.604659635939257
23141,7.604659635939257
23142,7.604659635939257
23143,7.604659635939257
23144,7.604659635939257
23145,7.604659635939257
23146,8.0
23147,7.604659635939257
23148,7.604659635939257
23149,7.604659635939257
23150,9.999999999999998
23151,7.0
23152,10.0
23153,8.000000019999998
23154,7.604659635939257
23155,6.0
23156,8.42857143
23157,7.999999980000002
23158,7.604659635939257
23159,7.604659635939257
23160,7.604659635939257
23161,6.999999995285954
23162,8.0
23163,7.604659635939257
23164,7.604659635939257
23165,7.0
23166,9.0
23167,7.604659635939257
23168,7.604659635939257
23169,7.604659635939257
23170,7.9999999850000005
23171,7.604659635939257
23172,7.604659635939257
23173,7.604659635939257
23174,7.25
23175,7.604659635939257
23176,8.0
23177,8.500000009999999
23178,7.604659635939257
23179,7.604659635939257
23180,8.25
23181,7.604659635939257
23182,7.604659635939257
23183,7.604659635939257
23184,7.604659635939257
23185,7.604659635939257
23186,7.604659635939257
23187,7.604659635939257
23188,7.604659635939257
23189,8.0
23190,7.604659635939257
23191,7.604659635939257
23192,7.604659635939257
23193,7.0
23194,9.999999975000001
23195,7.604659635939257
23196,7.604659635939257
23197,7.604659635939257
23198,7.604659635939257
23199,7.604659635939257
23200,7.604659635939257
23201,7.604659635939257
23202,8.75
23203,7.604659635939257
23204,7.604659635939257
23205,5.000000109999997
23206,7.604659635939257
23207,7.604659635939257
23208,7.604659635939257
23209,7.604659635939257
23210,7.604659635939257
23211,7.604659635939257
23212,7.604659635939257
23213,7.604659635939257
23214,7.000000003333334
23215,10.0
23216,8.0
23217,6.0
23218,7.604659635939257
23219,7.604659635939257
23220,7.604659635939257
23221,7.604659635939257
23222,8.1999999992
23223,7.604659635939257
23224,7.604659635939257
23225,6.2500000062500005
23226,7.604659635939257
23227,7.604659635939257
23228,7.604659635939257
23229,7.0
23230,7.604659635939257
23231,7.604659635939257
23232,7.604659635939257
23233,7.0
23234,7.604659635939257
23235,7.604659635939257
23236,7.604659635939257
23237,7.604659635939257
23238,7.604659635939257
23239,6.0
23240,7.604659635939257
23241,7.604659635939257
23242,7.604659635939257
23243,7.604659635939257
23244,7.0
23245,7.604659635939257
23246,7.604659635939257
23247,7.604659635939257
23248,9.75
23249,7.604659635939257
23250,7.260793995676487
23251,7.604659635939257
23252,7.604659635939257
23253,7.604659635939257
23254,7.604659635939257
23255,7.604659635939257
23256,7.0
23257,7.604659635939257
23258,10.0
23259,7.604659635939257
23260,7.604659635939257
23261,7.604659635939257
23262,10.0
23263,9.99999996
23264,8.999999995
23265,5.000000008472136
23266,4.999999999999999
23267,7.604659635939257
23268,7.604659635939257
23269,7.604659635939257
23270,7.604659635939257
23271,7.604659635939257
23272,9.999999990000001
23273,8.25
23274,7.604659635939257
23275,7.0
23276,7.604659635939257
23277,7.604659635939257
23278,7.604659635939257
23279,7.604659635939257
23280,7.604659635939257
23281,7.604659635939257
23282,7.604659635939257
23283,7.604659635939257
23284,7.604659635939257
23285,7.604659635939257
23286,7.604659635939257
23287,7.604659635939257
23288,7.604659635939257
23289,7.604659635939257
23290,7.604659635939257
23291,8.999999997988414
23292,7.604659635939257
23293,7.604659635939257
23294,7.999999985631133
23295,7.604659635939257
23296,7.000000005345225
23297,7.604659635939257
23298,6.714285713061225
23299,7.604659635939257
23300,7.604659635939257
23301,7.604659635939257
23302,7.00000003
23303,8.0
23304,7.604659635939257
23305,8.0
23306,7.229668484605555
23307,7.604659635939257
23308,7.604659635939257
23309,7.604659635939257
23310,7.604659635939257
23311,7.0
23312,7.604659635939257
23313,7.0
23314,7.604659635939257
23315,7.604659635939257
23316,7.604659635939257
23317,7.604659635939257
23318,10.0
23319,7.604659635939257
23320,7.604659635939257
23321,7.604659635939257
23322,8.0
23323,7.9999999850000005
23324,7.604659635939257
23325,7.0
23326,7.0
23327,7.604659635939257
23328,7.604659635939257
23329,8.999999965
23330,8.00000001
23331,7.604659635939257
23332,8.000000000000002
23333,7.604659635939257
23334,7.604659635939257
23335,7.7999999992
23336,8.0
23337,7.604659635939257
23338,7.604659635939257
23339,7.604659635939257
23340,7.077304108428881
23341,8.999999982
23342,8.0
23343,7.604659635939257
23344,6.999999986666666
23345,7.604659635939257
23346,7.604659635939257
23347,7.604659635939257
23348,7.604659635939257
23349,6.809574371330962
23350,7.604659635939257
23351,10.0
23352,7.604659635939257
23353,7.604659635939257
23354,7.604659635939257
23355,7.604659635939257
23356,6.500000019999999
23357,9.75
23358,7.604659635939257
23359,9.460495713521773
23360,7.604659635939257
23361,7.604659635939257
23362,7.604659635939257
23363,7.604659635939257
23364,7.604659635939257
23365,7.604659635939257
23366,8.0
23367,7.604659635939257
23368,7.604659635939257
23369,7.604659635939257
23370,7.604659635939257
23371,8.460124598222869
23372,7.604659635939257
23373,7.0
23374,9.0
23375,7.604659635939257
23376,7.604659635939257
23377,7.604659635939257
23378,7.801960972150709
23379,8.428571425306123
23380,8.195007116379958
23381,8.499999999583332
23382,9.333333331111112
23383,7.604659635939257
23384,7.604659635939257
23385,7.604659635939257
23386,8.499999965
23387,7.763932019161705
23388,7.604659635939257
23389,8.0
23390,8.0
23391,7.604659635939257
23392,7.604659635939257
23393,7.604659635939257
23394,9.999999973333335
23395,7.604659635939257
23396,8.0
23397,7.604659635939257
23398,7.0
23399,7.604659635939257
23400,5.236067982221148
23401,7.604659635939257
23402,7.604659635939257
23403,9.999999995
23404,9.0
23405,7.604659635939257
23406,7.604659635939257
23407,7.604659635939257
23408,7.604659635939257
23409,8.80158833218758
23410,7.604659635939257
23411,7.604659635939257
23412,7.604659635939257
23413,7.604659635939257
23414,7.604659635939257
23415,7.604659635939257
23416,7.00000001
23417,5.884721354784445
23418,7.604659635939257
23419,8.999999970000003
23420,7.604659635939257
23421,6.000000024366884
23422,7.604659635939257
23423,7.604659635939257
23424,7.604659635939257
23425,7.604659635939257
23426,8.0
23427,7.604659635939257
23428,7.604659635939257
23429,9.666666665555555
23430,7.604659635939257
23431,7.604659635939257
23432,7.604659635939257
23433,7.604659635939257
23434,7.604659635939257
23435,8.0
23436,10.0
23437,7.604659635939257
23438,7.604659635939257
23439,7.604659635939257
23440,7.0
23441,9.0
23442,7.604659635939257
23443,7.604659635939257
23444,7.604659635939257
23445,8.0
23446,7.604659635939257
23447,8.0
23448,8.66666667111111
23449,7.604659635939257
23450,7.604659635939257
23451,7.0
23452,7.604659635939257
23453,7.604659635939257
23454,7.604659635939257
23455,7.604659635939257
23456,7.400000004799999
23457,7.604659635939257
23458,7.604659635939257
23459,9.499999979999998
23460,7.604659635939257
23461,8.0
23462,7.604659635939257
23463,7.604659635939257
23464,6.0
23465,8.75
23466,7.604659635939257
23467,7.604659635939257
23468,7.604659635939257
23469,7.0
23470,7.604659635939257
23471,9.435876850198225
23472,8.000000001428571
23473,7.604659635939257
23474,7.604659635939257
23475,8.598429247825022
23476,7.604659635939257
23477,6.0
23478,9.0
23479,7.604659635939257
23480,10.0
23481,7.604659635939257
23482,7.604659635939257
23483,7.604659635939257
23484,7.604659635939257
23485,7.0
23486,7.604659635939257
23487,8.513554344914988
23488,7.604659635939257
23489,7.604659635939257
23490,6.666666661111111
23491,7.604659635939257
23492,7.604659635939257
23493,7.604659635939257
23494,7.76393201777885
23495,7.604659635939257
23496,7.604659635939257
23497,7.604659635939257
23498,8.0
23499,7.604659635939257
23500,7.604659635939257
23501,7.604659635939257
23502,7.604659635939257
23503,7.604659635939257
23504,7.604659635939257
23505,8.999999975000001
23506,7.604659635939257
23507,8.0
23508,6.5
23509,7.604659635939257
23510,7.604659635939257
23511,8.0
23512,7.604659635939257
23513,7.604659635939257
23514,7.604659635939257
23515,9.999999999999998
23516,7.716690644907298
23517,7.3346682281963975
23518,7.604659635939257
23519,7.959763242638185
23520,7.604659635939257
23521,5.00000003
23522,7.604659635939257
23523,7.604659635939257
23524,7.604659635939257
23525,7.604659635939257
23526,7.604659635939257
23527,4.000000056666665
23528,7.604659635939257
23529,8.0
23530,7.604659635939257
23531,7.604659635939257
23532,7.604659635939257
23533,8.0
23534,7.604659635939257
23535,7.493561729292086
23536,7.604659635939257
23537,7.604659635939257
23538,7.604659635939257
23539,7.604659635939257
23540,8.0
23541,6.000000026025162
23542,7.348535658504835
23543,4.0
23544,7.604659635939257
23545,7.604659635939257
23546,8.75
23547,7.604659635939257
23548,8.0
23549,8.0
23550,4.000000099999997
23551,7.604659635939257
23552,7.604659635939257
23553,7.604659635939257
23554,7.0
23555,8.0
23556,7.604659635939257
23557,7.604659635939257
23558,7.604659635939257
23559,7.819284856867093
23560,7.604659635939257
23561,7.604659635939257
23562,7.604659635939257
23563,7.000000005547002
23564,9.547065576115948
23565,7.604659635939257
23566,5.0
23567,7.604659635939257
23568,7.604659635939257
23569,6.0
23570,7.604659635939257
23571,7.604659635939257
23572,7.0
23573,7.604659635939257
23574,8.0
23575,7.604659635939257
23576,5.0
23577,7.604659635939257
23578,8.0
23579,7.604659635939257
23580,8.0
23581,8.0
23582,7.604659635939257
23583,8.45584412286723
23584,7.604659635939257
23585,7.604659635939257
23586,7.604659635939257
23587,7.604659635939257
23588,5.000000089999997
23589,7.604659635939257
23590,8.0
23591,5.738796123788769
23592,7.604659635939257
23593,8.0
23594,8.0
23595,9.0
23596,7.604659635939257
23597,7.604659635939257
23598,7.604659635939257
23599,7.604659635939257
23600,4.999999999999999
23601,9.0
23602,7.604659635939257
23603,8.75
23604,7.604659635939257
23605,7.604659635939257
23606,7.0
23607,7.604659635939257
23608,7.604659635939257
23609,7.604659635939257
23610,7.428571428979591
23611,7.604659635939257
23612,7.604659635939257
23613,7.604659635939257
23614,7.604659635939257
23615,8.0
23616,8.0
23617,7.604659635939257
23618,7.604659635939257
23619,7.604659635939257
23620,7.604659635939257
23621,7.604659635939257
23622,7.836039218354344
23623,7.604659635939257
23624,7.604659635939257
23625,8.0
23626,7.604659635939257
23627,8.0
23628,6.508562544956999
23629,7.604659635939257
23630,9.515438858758195
23631,6.999999990330001
23632,8.0
23633,7.604659635939257
23634,7.604659635939257
23635,7.604659635939257
23636,7.0
23637,7.604659635939257
23638,7.604659635939257
23639,8.0
23640,7.604659635939257
23641,7.604659635939257
23642,8.0
23643,7.604659635939257
23644,7.604659635939257
23645,7.604659635939257
23646,9.999999930000005
23647,7.604659635939257
23648,8.0
23649,9.999999999999998
23650,8.0
23651,7.604659635939257
23652,9.025974327520213
23653,9.7142857122449
23654,7.604659635939257
23655,7.604659635939257
23656,7.604659635939257
23657,7.604659635939257
23658,7.604659635939257
23659,7.604659635939257
23660,8.073324164228218
23661,7.604659635939257
23662,8.999999975857866
23663,6.714285715918367
23664,10.0
23665,6.0
23666,7.604659635939257
23667,7.604659635939257
23668,8.0
23669,8.49999998875
23670,7.604659635939257
23671,7.604659635939257
23672,8.0
23673,7.604659635939257
23674,7.604659635939257
23675,8.25
23676,7.604659635939257
23677,8.0
23678,7.604659635939257
23679,9.626789005227117
23680,8.0
23681,10.0
23682,7.0
23683,6.0
23684,7.604659635939257
23685,7.0
23686,7.604659635939257
23687,7.604659635939257
23688,7.604659635939257
23689,8.541769295656856
23690,7.604659635939257
23691,7.604659635939257
23692,7.604659635939257
23693,7.604659635939257
23694,7.604659635939257
23695,9.0
23696,7.604659635939257
23697,7.604659635939257
23698,8.789893190771867
23699,7.721168995178148
23700,7.604659635939257
23701,7.604659635939257
23702,8.0
23703,8.0
23704,7.604659635939257
23705,7.604659635939257
23706,7.604659635939257
23707,9.99999993430599
23708,7.604659635939257
23709,7.604659635939257
23710,7.604659635939257
23711,7.0
23712,7.604659635939257
23713,8.0
23714,7.136857586809275
23715,7.604659635939257
23716,7.604659635939257
23717,7.604659635939257
23718,8.0
23719,7.604659635939257
23720,7.604659635939257
23721,7.604659635939257
23722,9.0
23723,5.0000000374999996
23724,7.604659635939257
23725,7.604659635939257
23726,7.604659635939257
23727,9.0
23728,8.714285713571428
23729,8.624999999687502
23730,7.604659635939257
23731,7.604659635939257
23732,7.604659635939257
23733,7.604659635939257
23734,7.604659635939257
23735,7.604659635939257
23736,7.604659635939257
23737,7.604659635939257
23738,7.604659635939257
23739,7.604659635939257
23740,8.13846054501508
23741,7.604659635939257
23742,7.604659635939257
23743,7.604659635939257
23744,7.604659635939257
23745,7.604659635939257
23746,8.714285713061225
23747,7.604659635939257
23748,8.0
23749,8.0
23750,7.999999998333332
23751,8.999999970000001
23752,8.999999980000002
23753,9.571428571020409
23754,10.0
23755,7.604659635939257
23756,4.666666684444444
23757,7.0
23758,7.0
23759,6.641429825910126
23760,7.604659635939257
23761,7.604659635939257
23762,7.604659635939257
23763,5.0
23764,7.604659635939257
23765,7.604659635939257
23766,7.0
23767,9.567390369670239
23768,8.0
23769,7.604659635939257
23770,7.604659635939257
23771,9.08071277107788
23772,7.356355654789762
23773,7.604659635939257
23774,7.604659635939257
23775,7.604659635939257
23776,7.000000008461537
23777,7.0
23778,7.0
23779,7.604659635939257
23780,7.604659635939257
23781,7.604659635939257
23782,7.0
23783,7.604659635939257
23784,7.604659635939257
23785,7.604659635939257
23786,7.604659635939257
23787,7.0
23788,8.0
23789,7.604659635939257
23790,7.604659635939257
23791,7.604659635939257
23792,9.0
23793,7.5
23794,7.604659635939257
23795,7.604659635939257
23796,7.604659635939257
23797,7.604659635939257
23798,8.888888888148147
23799,7.604659635939257
23800,8.0
23801,7.604659635939257
23802,8.944683288461935
23803,6.803482429164182
23804,7.604659635939257
23805,7.604659635939257
23806,7.604659635939257
23807,7.604659635939257
23808,7.604659635939257
23809,7.604659635939257
23810,7.604659635939257
23811,7.604659635939257
23812,10.0
23813,7.604659635939257
23814,7.604659635939257
23815,7.604659635939257
23816,7.604659635939257
23817,7.604659635939257
23818,7.0
23819,7.9999999950000005
23820,7.604659635939257
23821,7.604659635939257
23822,7.604659635939257
23823,7.604659635939257
23824,7.0
23825,7.459336969211109
23826,7.604659635939257
23827,7.428571427346938
23828,8.056034693469444
23829,7.604659635939257
23830,4.0
23831,7.604659635939257
23832,7.6666666744444445
23833,7.604659635939257
23834,7.604659635939257
23835,7.42857142897959
23836,7.604659635939257
23837,7.9999999850000005
23838,7.0
23839,7.604659635939257
23840,9.0
23841,7.604659635939257
23842,8.0
23843,7.604659635939257
23844,8.0
23845,7.604659635939257
23846,8.0
23847,6.298935085025879
23848,7.604659635939257
23849,7.604659635939257
23850,8.0
23851,7.604659635939257
23852,4.0
23853,7.604659635939257
23854,5.938240653323255
23855,7.604659635939257
23856,4.888888891481481
23857,7.604659635939257
23858,7.604659635939257
23859,8.999999981000002
23860,9.75
23861,7.0
23862,7.604659635939257
23863,7.604659635939257
23864,7.604659635939257
23865,9.061251095155763
23866,7.604659635939257
23867,8.0
23868,7.99999998
23869,7.604659635939257
23870,7.604659635939257
23871,7.604659635939257
23872,4.999999999235281
23873,7.0
23874,7.604659635939257
23875,8.999999998535534
23876,9.99999997734839
23877,7.604659635939257
23878,7.604659635939257
23879,8.0
23880,7.604659635939257
23881,7.604659635939257
23882,7.0
23883,7.604659635939257
23884,7.604659635939257
23885,8.500000009999999
23886,7.000000000000001
23887,7.604659635939257
23888,7.604659635939257
23889,9.0
23890,7.9999999913214435
23891,9.067878887912478
23892,7.604659635939257
23893,7.604659635939257
23894,7.604659635939257
23895,7.0
23896,7.0
23897,8.335159846038803
23898,4.0
23899,7.604659635939257
23900,7.604659635939257
23901,7.604659635939257
23902,7.604659635939257
23903,8.499999995
23904,6.75
23905,7.604659635939257
23906,7.787351950091291
23907,8.091593648522043
23908,7.604659635939257
23909,8.967741935317378
23910,7.604659635939257
23911,7.000000000000001
23912,7.604659635939257
23913,8.0
23914,7.604659635939257
23915,7.604659635939257
23916,7.604659635939257
23917,7.604659635939257
23918,9.5
23919,8.000000013737736
23920,7.604659635939257
23921,7.604659635939257
23922,7.604659635939257
23923,8.243572650601811
23924,7.604659635939257
23925,8.0
23926,9.0
23927,7.604659635939257
23928,7.604659635939257
23929,7.604659635939257
23930,7.0
23931,7.604659635939257
23932,6.0
23933,7.604659635939257
23934,8.0
23935,7.0
23936,7.604659635939257
23937,8.494665036825086
23938,7.604659635939257
23939,7.604659635939257
23940,7.604659635939257
23941,7.604659635939257
23942,7.604659635939257
23943,7.604659635939257
23944,8.871717992750481
23945,5.000000079999998
23946,7.604659635939257
23947,7.604659635939257
23948,9.000000015
23949,8.999999995
23950,8.0
23951,7.604659635939257
23952,7.604659635939257
23953,9.0
23954,7.604659635939257
23955,7.604659635939257
23956,6.666666667407407
23957,8.461538461242602
23958,7.604659635939257
23959,7.0
23960,7.604659635939257
23961,8.0
23962,7.604659635939257
23963,7.948201715892997
23964,8.0
23965,8.0
23966,7.604659635939257
23967,9.0
23968,6.999999996666666
23969,8.0
23970,8.0
23971,8.0
23972,7.604659635939257
23973,8.0
23974,7.604659635939257
23975,7.604659635939257
23976,7.0
23977,7.604659635939257
23978,7.604659635939257
23979,7.604659635939257
23980,8.931446818591757
23981,5.000000044999999
23982,7.604659635939257
23983,7.604659635939257
23984,7.857142857959183
23985,8.5
23986,7.604659635939257
23987,7.604659635939257
23988,7.604659635939257
23989,7.604659635939257
23990,8.0
23991,8.0
23992,7.604659635939257
23993,7.0
23994,7.604659635939257
23995,7.604659635939257
23996,7.604659635939257
23997,7.604659635939257
23998,9.589189189511117
23999,7.604659635939257
24000,7.604659635939257
24001,8.0
24002,9.0
24003,7.604659635939257
24004,7.604659635939257
24005,9.0
24006,7.604659635939257
24007,7.000000029999999
24008,7.604659635939257
24009,7.0
24010,7.604659635939257
24011,7.604659635939257
24012,7.604659635939257
24013,7.604659635939257
24014,8.571195655604601
24015,7.604659635939257
24016,7.000000000000001
24017,7.604659635939257
24018,7.604659635939257
24019,8.5999999984
24020,7.604659635939257
24021,8.0
24022,7.604659635939257
24023,7.604659635939257
24024,10.0
24025,7.604659635939257
24026,7.604659635939257
24027,7.604659635939257
24028,7.604659635939257
24029,7.604659635939257
24030,9.0
24031,7.604659635939257
24032,7.604659635939257
24033,6.428571434693878
24034,7.604659635939257
24035,7.0
24036,7.604659635939257
24037,7.604659635939257
24038,5.000000069999998
24039,8.0
24040,7.604659635939257
24041,6.135135135843682
24042,7.604659635939257
24043,8.999999945000003
24044,7.666666662222222
24045,8.940089160502799
24046,7.604659635939257
24047,7.604659635939257
24048,9.5
24049,7.0
24050,7.604659635939257
24051,7.604659635939257
24052,7.604659635939257
24053,8.0
24054,7.0
24055,7.604659635939257
24056,6.8346706917430655
24057,7.604659635939257
24058,7.604659635939257
24059,7.604659635939257
24060,7.604659635939257
24061,7.911301007217363
24062,7.604659635939257
24063,8.0
24064,8.999999990000001
24065,7.604659635939257
24066,7.604659635939257
24067,10.0
24068,7.604659635939257
24069,7.9999999991666675
24070,7.604659635939257
24071,7.604659635939257
24072,9.0
24073,7.604659635939257
24074,7.604659635939257
24075,7.604659635939257
24076,7.604659635939257
24077,7.604659635939257
24078,6.0
24079,8.999999992928934
24080,8.0
24081,7.0
24082,7.604659635939257
24083,7.604659635939257
24084,8.999999995
24085,7.604659635939257
24086,7.0
24087,7.604659635939257
24088,8.0
24089,6.0
24090,7.604659635939257
24091,7.604659635939257
24092,7.604659635939257
24093,7.604659635939257
24094,7.604659635939257
24095,7.0
24096,7.604659635939257
24097,7.604659635939257
24098,4.999999999999999
24099,7.604659635939257
24100,7.0
24101,5.0
24102,8.0
24103,7.604659635939257
24104,7.0
24105,7.0
24106,7.0
24107,8.999999997327388
24108,7.604659635939257
24109,7.604659635939257
24110,7.604659635939257
24111,7.604659635939257
24112,7.604659635939257
24113,7.604659635939257
24114,9.666666663785861
24115,7.604659635939257
24116,7.604659635939257
24117,8.0
24118,7.604659635939257
24119,7.604659635939257
24120,7.200000000399999
24121,7.000000014440168
24122,7.604659635939257
24123,7.604659635939257
24124,7.604659635939257
24125,8.0
24126,7.000000001
24127,7.604659635939257
24128,8.0
24129,7.604659635939257
24130,7.604659635939257
24131,9.666666666666666
24132,7.714285714081632
24133,7.604659635939257
24134,7.604659635939257
24135,7.604659635939257
24136,7.604659635939257
24137,7.604659635939257
24138,7.604659635939257
24139,7.604659635939257
24140,7.604659635939257
24141,7.604659635939257
24142,10.0
24143,5.0
24144,5.0
24145,7.448969808561699
24146,7.604659635939257
24147,7.000000016666666
24148,8.0
24149,7.604659635939257
24150,7.604659635939257
24151,7.604659635939257
24152,8.0
24153,10.0
24154,7.604659635939257
24155,8.752769936516138
24156,7.604659635939257
24157,7.604659635939257
24158,7.604659635939257
24159,5.0
24160,9.0
24161,7.5326489867137125
24162,7.604659635939257
24163,6.549901645764023
24164,7.604659635939257
24165,7.604659635939257
24166,8.0
24167,7.604659635939257
24168,7.604659635939257
24169,7.604659635939257
24170,7.604659635939257
24171,7.889986264201785
24172,7.604659635939257
24173,7.604659635939257
24174,8.999999981666667
24175,5.0
24176,7.604659635939257
24177,6.0
24178,7.318922567986595
24179,7.604659635939257
24180,7.604659635939257
24181,7.604659635939257
24182,8.0
24183,9.999999999999998
24184,9.999999965
24185,7.604659635939257
24186,7.604659635939257
24187,5.077219839607276
24188,7.9999999950000005
24189,7.0
24190,5.0
24191,7.604659635939257
24192,7.604659635939257
24193,7.604659635939257
24194,7.604659635939257
24195,7.604659635939257
24196,7.604659635939257
24197,8.999999975527865
24198,3.000000016666667
24199,7.604659635939257
24200,9.0
24201,7.604659635939257
24202,7.333333315555556
24203,8.0
24204,7.604659635939257
24205,7.604659635939257
24206,7.604659635939257
24207,7.604659635939257
24208,8.258064517783557
24209,7.604659635939257
24210,7.604659635939257
24211,8.0
24212,8.993058532173825
24213,6.181460295619104
24214,6.709911809420393
24215,8.000000025
24216,8.0
24217,10.0
24218,7.0
24219,7.0
24220,7.604659635939257
24221,7.409550070463401
24222,7.604659635939257
24223,8.25
24224,7.604659635939257
24225,7.604659635939257
24226,8.0
24227,7.604659635939257
24228,7.604659635939257
24229,9.0
24230,6.199999999199999
24231,8.999999990000003
24232,7.604659635939257
24233,4.000000089999997
24234,8.000000020000002
24235,7.604659635939257
24236,7.604659635939257
24237,7.0
24238,7.604659635939257
24239,7.604659635939257
24240,6.439177448091866
24241,9.5
24242,7.604659635939257
24243,8.999999985857865
24244,7.604659635939257
24245,8.0
24246,7.604659635939257
24247,7.604659635939257
24248,7.0
24249,7.604659635939257
24250,7.604659635939257
24251,5.000000024999999
24252,7.604659635939257
24253,7.0
24254,7.604659635939257
24255,8.000000009999999
24256,7.454545455950413
24257,8.99999998
24258,7.604659635939257
24259,7.604659635939257
24260,7.604659635939257
24261,10.0
24262,7.604659635939257
24263,7.604659635939257
24264,7.604659635939257
24265,7.0
24266,7.604659635939257
24267,7.604659635939257
24268,7.604659635939257
24269,7.604659635939257
24270,7.604659635939257
24271,8.0
24272,7.604659635939257
24273,7.604659635939257
24274,8.0
24275,8.000000015
24276,7.604659635939257
24277,7.604659635939257
24278,8.0
24279,7.604659635939257
24280,7.604659635939257
24281,8.079788844801758
24282,7.341042645098965
24283,7.604659635939257
24284,7.604659635939257
24285,7.5500200159625335
24286,7.604659635939257
24287,9.999999945000003
24288,4.506624630173216
24289,10.000000000000002
24290,7.000000069999998
24291,7.604659635939257
24292,7.604659635939257
24293,7.604659635939257
24294,7.604659635939257
24295,8.0
24296,8.00000001
24297,7.604659635939257
24298,8.0
24299,8.0
24300,8.000000005
24301,8.0
24302,7.604659635939257
24303,7.604659635939257
24304,7.604659635939257
24305,7.604659635939257
24306,7.604659635939257
24307,7.604659635939257
24308,8.0
24309,7.604659635939257
24310,9.000000000000002
24311,7.604659635939257
24312,7.604659635939257
24313,7.604659635939257
24314,8.0
24315,7.604659635939257
24316,7.0
24317,7.604659635939257
24318,8.5
24319,7.811627863175498
24320,7.604659635939257
24321,8.0
24322,7.0
24323,7.604659635939257
24324,7.604659635939257
24325,7.604659635939257
24326,7.20000000035777
24327,7.951462010503429
24328,7.604659635939257
24329,7.604659635939257
24330,7.604659635939257
24331,8.0
24332,7.604659635939257
24333,7.604659635939257
24334,8.999999998440964
24335,7.604659635939257
24336,7.604659635939257
24337,7.0
24338,7.604659635939257
24339,7.604659635939257
24340,7.604659635939257
24341,7.604659635939257
24342,7.604659635939257
24343,7.604659635939257
24344,8.743222827542507
24345,7.604659635939257
24346,7.604659635939257
24347,9.999999986591389
24348,7.0
24349,8.0
24350,7.604659635939257
24351,7.0
24352,6.0000000133333335
24353,8.0
24354,7.604659635939257
24355,7.548231996373268
24356,7.604659635939257
24357,7.604659635939257
24358,7.604659635939257
24359,7.604659635939257
24360,9.999999982322331
24361,7.604659635939257
24362,7.604659635939257
24363,8.0
24364,7.604659635939257
24365,7.604659635939257
24366,7.604659635939257
24367,7.604659635939257
24368,7.604659635939257
24369,7.604659635939257
24370,7.0
24371,7.604659635939257
24372,7.0
24373,10.000000000000002
24374,7.604659635939257
24375,7.604659635939257
24376,7.0000000125
24377,7.604659635939257
24378,7.604659635939257
24379,7.604659635939257
24380,8.0
24381,6.666666671111111
24382,8.0
24383,8.0
24384,7.499999997500001
24385,7.604659635939257
24386,9.0
24387,6.500000014999999
24388,6.783945864181458
24389,7.604659635939257
24390,7.604659635939257
24391,7.604659635939257
24392,8.57731428849498
24393,7.604659635939257
24394,8.0
24395,8.67999999608
24396,8.0
24397,7.604659635939257
24398,8.0
24399,7.604659635939257
24400,8.0
24401,7.6792384375312395
24402,8.0
24403,7.604659635939257
24404,7.604659635939257
24405,8.000000015
24406,7.604659635939257
24407,10.0
24408,7.604659635939257
24409,8.0
24410,8.0
24411,7.604659635939257
24412,9.0
24413,8.0
24414,7.0
24415,8.0
24416,7.604659635939257
24417,7.604659635939257
24418,7.604659635939257
24419,7.17850571353827
24420,8.0
24421,10.0
24422,7.604659635939257
24423,8.5999999996
24424,7.604659635939257
24425,10.0
24426,7.604659635939257
24427,8.0
24428,7.604659635939257
24429,7.604659635939257
24430,8.64075448113219
24431,8.0
24432,7.604659635939257
24433,7.604659635939257
24434,8.33333332888889
24435,7.604659635939257
24436,7.604659635939257
24437,9.999999999999998
24438,9.0
24439,7.604659635939257
24440,7.604659635939257
24441,7.604659635939257
24442,7.604659635939257
24443,7.604659635939257
24444,7.604659635939257
24445,7.0
24446,7.604659635939257
24447,9.500000000416668
24448,7.0
24449,8.0
24450,7.604659635939257
24451,7.604659635939257
24452,7.604659635939257
24453,8.809256429335228
24454,10.0
24455,8.285714286326531
24456,7.604659635939257
24457,7.0
24458,6.0
24459,8.0
24460,8.750000000625
24461,8.798207376533371
24462,7.604659635939257
24463,7.0
24464,7.604659635939257
24465,7.604659635939257
24466,1.0000000149999995
24467,7.604659635939257
24468,7.604659635939257
24469,7.604659635939257
24470,8.0
24471,7.604659635939257
24472,7.604659635939257
24473,7.604659635939257
24474,7.604659635939257
24475,7.805195217340806
24476,7.604659635939257
24477,10.0
24478,8.0
24479,7.0
24480,7.604659635939257
24481,7.604659635939257
24482,7.604659635939257
24483,7.999999996666667
24484,7.604659635939257
24485,7.604659635939257
24486,7.999999940000003
24487,7.604659635939257
24488,7.604659635939257
24489,7.604659635939257
24490,7.604659635939257
24491,9.0
24492,7.604659635939257
24493,7.604659635939257
24494,6.500000019999999
24495,7.604659635939257
24496,6.0
24497,7.581683915012558
24498,9.0
24499,9.000000005
24500,8.999999999553149
24501,7.604659635939257
24502,8.0
24503,5.0
24504,7.604659635939257
24505,7.604659635939257
24506,8.0
24507,7.604659635939257
24508,7.604659635939257
24509,7.604659635939257
24510,8.0
24511,7.604659635939257
24512,7.604659635939257
24513,7.0
24514,7.604659635939257
24515,7.604659635939257
24516,7.333333334444444
24517,6.909501243459148
24518,7.604659635939257
24519,7.604659635939257
24520,7.604659635939257
24521,7.604659635939257
24522,7.604659635939257
24523,7.604659635939257
24524,7.604659635939257
24525,8.60578316715734
24526,7.604659635939257
24527,7.604659635939257
24528,7.604659635939257
24529,7.604659635939257
24530,9.999999991679497
24531,8.0
24532,7.604659635939257
24533,7.604659635939257
24534,7.604659635939257
24535,7.0
24536,7.604659635939257
24537,7.604659635939257
24538,7.604659635939257
24539,8.0
24540,9.500000000732232
24541,8.0
24542,8.9999999693934
24543,8.0
24544,8.539504286478229
24545,7.604659635939257
24546,7.604659635939257
24547,7.320377241592512
24548,7.604659635939257
24549,7.0
24550,7.604659635939257
24551,8.0
24552,8.0
24553,7.604659635939257
24554,7.604659635939257
24555,8.0
24556,7.604659635939257
24557,7.229514533733171
24558,9.0
24559,7.604659635939257
24560,7.604659635939257
24561,9.5
24562,7.604659635939257
24563,7.0
24564,7.604659635939257
24565,7.604659635939257
24566,7.604659635939257
24567,7.604659635939257
24568,8.0
24569,7.604659635939257
24570,7.604659635939257
24571,7.9999999950000005
24572,10.0
24573,7.604659635939257
24574,7.0
24575,7.000000000000001
24576,7.604659635939257
24577,6.730975995164358
24578,7.604659635939257
24579,7.604659635939257
24580,7.604659635939257
24581,7.0
24582,7.604659635939257
24583,7.604659635939257
24584,8.0
24585,7.604659635939257
24586,7.604659635939257
24587,7.566158946313469
24588,8.0
24589,7.604659635939257
24590,7.604659635939257
24591,8.0
24592,7.604659635939257
24593,7.604659635939257
24594,5.000000015
24595,4.999999999999999
24596,7.604659635939257
24597,7.604659635939257
24598,8.0
24599,7.500000000000001
24600,10.0
24601,8.0
24602,7.604659635939257
24603,7.604659635939257
24604,7.604659635939257
24605,9.0
24606,7.604659635939257
24607,10.0
24608,7.604659635939257
24609,7.604659635939257
24610,7.604659635939257
24611,8.905692147899268
24612,7.0000000091439905
24613,7.604659635939257
24614,8.0
24615,8.0
24616,7.604659635939257
24617,7.0
24618,7.604659635939257
24619,8.0
24620,7.604659635939257
24621,3.333333338888889
24622,7.604659635939257
24623,7.604659635939257
24624,10.0
24625,7.604659635939257
24626,7.604659635939257
24627,7.604659635939257
24628,7.604659635939257
24629,7.604659635939257
24630,7.604659635939257
24631,7.604659635939257
24632,8.0
24633,10.0
24634,7.604659635939257
24635,7.0
24636,8.142857142040816
24637,8.0
24638,7.604659635939257
24639,7.604659635939257
24640,7.604659635939257
24641,7.604659635939257
24642,8.0
24643,10.0
24644,7.604659635939257
24645,8.571428568979591
24646,7.604659635939257
24647,8.0
24648,7.604659635939257
24649,7.0
24650,7.604659635939257
24651,7.604659635939257
24652,8.0
24653,7.604659635939257
24654,5.7626957257480615
24655,8.0
24656,7.604659635939257
24657,7.604659635939257
24658,9.999999999999998
24659,7.604659635939257
24660,10.0
24661,6.8333333327777765
24662,7.604659635939257
24663,8.0
24664,7.604659635939257
24665,8.0
24666,7.604659635939257
24667,9.304464324936738
24668,7.0
24669,7.999999950000003
24670,7.604659635939257
24671,8.0
24672,7.604659635939257
24673,9.0
24674,7.604659635939257
24675,7.604659635939257
24676,7.604659635939257
24677,7.604659635939257
24678,7.604659635939257
24679,7.604659635939257
24680,7.604659635939257
24681,7.0
24682,7.0
24683,7.604659635939257
24684,7.604659635939257
24685,7.604659635939257
24686,7.604659635939257
24687,7.604659635939257
24688,7.604659635939257
24689,7.604659635939257
24690,7.604659635939257
24691,7.604659635939257
24692,7.604659635939257
24693,8.999999895000004
24694,7.604659635939257
24695,7.604659635939257
24696,9.0
24697,7.604659635939257
24698,7.604659635939257
24699,7.604659635939257
24700,7.604659635939257
24701,7.604659635939257
24702,7.604659635939257
24703,7.604659635939257
24704,7.604659635939257
24705,7.0
24706,8.0
24707,7.604659635939257
24708,7.604659635939257
24709,7.604659635939257
24710,7.604659635939257
24711,7.604659635939257
24712,7.604659635939257
24713,7.604659635939257
24714,7.604659635939257
24715,9.0
24716,7.0
24717,7.604659635939257
24718,6.50000001
24719,8.0
24720,8.0
24721,7.604659635939257
24722,7.604659635939257
24723,7.604659635939257
24724,7.604659635939257
24725,3.0
24726,7.604659635939257
24727,7.604659635939257
24728,5.0
24729,7.604659635939257
24730,7.604659635939257
24731,8.0
24732,7.604659635939257
24733,7.604659635939257
24734,8.0
24735,7.604659635939257
24736,7.604659635939257
24737,8.0
24738,7.604659635939257
24739,7.604659635939257
24740,7.604659635939257
24741,7.604659635939257
24742,8.75
24743,6.000000019999999
24744,7.604659635939257
24745,7.604659635939257
24746,7.604659635939257
24747,7.604659635939257
24748,7.777777777160494
24749,7.604659635939257
24750,7.604659635939257
24751,10.0
24752,7.0
24753,7.604659635939257
24754,8.000000029999999
24755,7.604659635939257
24756,9.439754061000349
24757,7.359245516814978
24758,7.604659635939257
24759,7.604659635939257
24760,6.0
24761,7.604659635939257
24762,7.604659635939257
24763,5.0
24764,7.604659635939257
24765,7.604659635939257
24766,8.0
24767,7.604659635939257
24768,7.604659635939257
24769,6.0
24770,7.604659635939257
24771,7.604659635939257
24772,7.604659635939257
24773,8.0
24774,8.0
24775,7.604659635939257
24776,7.0
24777,7.604659635939257
24778,10.0
24779,7.0
24780,7.0
24781,8.0
24782,7.604659635939257
24783,7.0
24784,7.604659635939257
24785,7.604659635939257
24786,9.0
24787,7.604659635939257
24788,7.604659635939257
24789,7.604659635939257
24790,8.714285714081631
24791,7.999999994666667
24792,7.908674750569204
24793,7.604659635939257
24794,7.0
24795,8.0
24796,9.0
24797,6.0
24798,6.000000028320502
24799,8.0
24800,8.0
24801,7.604659635939257
24802,6.2025597974129605
24803,8.0
24804,8.0
24805,10.0
24806,7.604659635939257
24807,7.604659635939257
24808,7.604659635939257
24809,8.0
24810,7.604659635939257
24811,9.0
24812,7.604659635939257
24813,7.604659635939257
24814,7.604659635939257
24815,7.604659635939257
24816,7.604659635939257
24817,8.0
24818,7.604659635939257
24819,5.000000003333334
24820,9.999999972440712
24821,7.604659635939257
24822,10.0
24823,7.604659635939257
24824,7.0
24825,7.604659635939257
24826,7.604659635939257
24827,7.604659635939257
24828,8.999999960000002
24829,7.0
24830,8.0
24831,7.604659635939257
24832,8.999999998333333
24833,7.604659635939257
24834,8.0
24835,7.604659635939257
24836,8.0
24837,8.12973190818091
24838,7.604659635939257
24839,7.604659635939257
24840,7.604659635939257
24841,7.604659635939257
24842,8.0
24843,7.604659635939257
24844,7.604659635939257
24845,7.604659635939257
24846,7.604659635939257
24847,7.604659635939257
24848,8.406878199043957
24849,7.604659635939257
24850,3.0
24851,9.24764297600819
24852,3.0
24853,7.604659635939257
24854,8.0
24855,8.000000006666667
24856,7.604659635939257
24857,8.0
24858,8.0
24859,7.604659635939257
24860,7.604659635939257
24861,8.0
24862,7.604659635939257
24863,7.604659635939257
24864,7.604659635939257
24865,8.0
24866,7.604659635939257
24867,8.0
24868,7.0
24869,8.0
24870,6.000000041213203
24871,7.604659635939257
24872,8.0
24873,7.604659635939257
24874,7.604659635939257
24875,7.604659635939257
24876,7.604659635939257
24877,6.122227930062743
24878,7.604659635939257
24879,7.0
24880,6.462994522278677
24881,7.604659635939257
24882,7.604659635939257
24883,6.0
24884,7.604659635939257
24885,7.604659635939257
24886,7.604659635939257
24887,7.604659635939257
24888,7.604659635939257
24889,7.604659635939257
24890,7.604659635939257
24891,7.604659635939257
24892,8.0
24893,7.604659635939257
24894,7.604659635939257
24895,7.604659635939257
24896,7.604659635939257
24897,7.604659635939257
24898,7.604659635939257
24899,7.604659635939257
24900,7.604659635939257
24901,7.604659635939257
24902,7.0
24903,7.000000000000001
24904,7.604659635939257
24905,7.604659635939257
24906,7.604659635939257
24907,7.604659635939257
24908,9.75
24909,7.604659635939257
24910,8.0
24911,8.0
24912,7.604659635939257
24913,7.604659635939257
24914,7.604659635939257
24915,7.604659635939257
24916,6.000000109999996
24917,7.604659635939257
24918,7.604659635939257
24919,7.604659635939257
24920,7.604659635939257
24921,7.604659635939257
24922,7.604659635939257
24923,7.604659635939257
24924,7.604659635939257
24925,7.604659635939257
24926,7.504324296874812
24927,7.604659635939257
24928,7.604659635939257
24929,7.604659635939257
24930,8.0
24931,4.999999999999999
24932,7.604659635939257
24933,7.604659635939257
24934,10.0
24935,8.0
24936,7.604659635939257
24937,8.0
24938,7.604659635939257
24939,7.604659635939257
24940,7.604659635939257
24941,7.604659635939257
24942,6.0
24943,7.604659635939257
24944,7.604659635939257
24945,7.604659635939257
24946,7.604659635939257
24947,7.0
24948,7.604659635939257
24949,10.0
24950,7.604659635939257
24951,7.604659635939257
24952,7.604659635939257
24953,7.604659635939257
24954,9.0
24955,7.604659635939257
24956,7.666666661111111
24957,7.604659635939257
24958,7.999999999082483
24959,7.604659635939257
24960,8.99999998
24961,5.000000044999999
24962,8.000000029999999
24963,7.604659635939257
24964,8.555555554135802
24965,7.604659635939257
24966,7.604659635939257
24967,7.604659635939257
24968,8.0
24969,8.0
24970,7.0
24971,10.0
24972,9.0
24973,7.604659635939257
24974,7.604659635939257
24975,7.604659635939257
24976,7.604659635939257
24977,7.604659635939257
24978,7.604659635939257
24979,8.0
24980,7.604659635939257
24981,7.604659635939257
24982,7.604659635939257
24983,7.604659635939257
24984,8.0
24985,7.604659635939257
24986,7.604659635939257
24987,7.604659635939257
24988,8.5
24989,7.0
24990,8.666666664444444
24991,7.604659635939257
24992,9.0
24993,7.604659635939257
24994,7.604659635939257
24995,7.604659635939257
24996,7.604659635939257
24997,7.0
24998,7.604659635939257
24999,7.604659635939257
25000,7.604659635939257
25001,7.604659635939257
25002,7.604659635939257
25003,7.0
25004,7.604659635939257
25005,8.0
25006,7.604659635939257
25007,8.000000010404403
25008,7.604659635939257
25009,7.604659635939257
25010,7.604659635939257
25011,7.604659635939257
25012,5.0
25013,10.000000000000002
25014,7.999999955000001
25015,7.604659635939257
25016,7.604659635939257
25017,7.604659635939257
25018,7.604659635939257
25019,7.604659635939257
25020,7.0
25021,7.604659635939257
25022,7.604659635939257
25023,7.604659635939257
25024,7.604659635939257
25025,7.604659635939257
25026,7.604659635939257
25027,7.604659635939257
25028,7.604659635939257
25029,8.0
25030,7.604659635939257
25031,7.604659635939257
25032,7.604659635939257
25033,7.604659635939257
25034,10.0
25035,8.0
25036,7.604659635939257
25037,7.604659635939257
25038,7.604659635939257
25039,7.604659635939257
25040,7.604659635939257
25041,9.0
25042,7.604659635939257
25043,7.604659635939257
25044,8.0
25045,7.604659635939257
25046,9.999999967752553
25047,8.0
25048,7.604659635939257
25049,8.0
25050,6.0
25051,7.604659635939257
25052,7.5197239503306585
25053,7.282668292174024
25054,7.0
25055,7.604659635939257
25056,7.604659635939257
25057,7.604659635939257
25058,4.999999999999999
25059,8.499999999
25060,7.604659635939257
25061,7.951024638497123
25062,7.604659635939257
25063,8.0
25064,7.604659635939257
25065,8.0
25066,8.0
25067,8.40773682056931
25068,7.604659635939257
25069,9.0
25070,7.604659635939257
25071,7.604659635939257
25072,7.604659635939257
25073,7.604659635939257
25074,8.0
25075,4.999999999999999
25076,10.0
25077,7.604659635939257
25078,8.000000009999999
25079,6.794226097812617
25080,5.000000032677669
25081,7.604659635939257
25082,7.604659635939257
25083,8.0
25084,7.604659635939257
25085,7.604659635939257
25086,10.0
25087,8.9999999975
25088,7.604659635939257
25089,7.604659635939257
25090,10.0
25091,7.604659635939257
25092,8.0
25093,9.0
25094,7.604659635939257
25095,7.604659635939257
25096,7.604659635939257
25097,7.357142862346939
25098,9.0
25099,8.690983004444712
25100,7.604659635939257
25101,7.604659635939257
25102,7.000000016390096
25103,7.0
25104,6.927405719510451
25105,7.604659635939257
25106,7.604659635939257
25107,7.604659635939257
25108,7.604659635939257
25109,8.0
25110,7.604659635939257
25111,7.604659635939257
25112,7.5
25113,8.0
25114,7.604659635939257
25115,7.37638496825807
25116,7.604659635939257
25117,7.604659635939257
25118,7.604659635939257
25119,7.604659635939257
25120,7.0261537853549925
25121,7.604659635939257
25122,7.604659635939257
25123,9.3999999988
25124,7.604659635939257
25125,8.491044694806062
25126,7.604659635939257
25127,7.604659635939257
25128,7.604659635939257
25129,7.604659635939257
25130,8.0
25131,7.604659635939257
25132,7.604659635939257
25133,7.604659635939257
25134,7.604659635939257
25135,7.604659635939257
25136,7.604659635939257
25137,7.0
25138,7.604659635939257
25139,7.500000004999999
25140,7.604659635939257
25141,7.604659635939257
25142,8.49999999
25143,8.0
25144,7.604659635939257
25145,7.604659635939257
25146,7.0
25147,7.604659635939257
25148,7.0
25149,7.604659635939257
25150,8.04314000376902
25151,9.4999999975
25152,7.604659635939257
25153,5.0
25154,7.604659635939257
25155,7.604659635939257
25156,9.0
25157,8.5
25158,7.604659635939257
25159,7.604659635939257
25160,7.604659635939257
25161,7.604659635939257
25162,7.604659635939257
25163,8.49999999125
25164,6.499999999999999
25165,7.604659635939257
25166,8.181818183140496
25167,7.604659635939257
25168,9.999999993333333
25169,8.200000000800001
25170,7.604659635939257
25171,7.0000000075
25172,10.000000000000002
25173,7.604659635939257
25174,8.0
25175,5.572230710847972
25176,7.604659635939257
25177,7.500000000833333
25178,7.604659635939257
25179,7.604659635939257
25180,8.0
25181,7.604659635939257
25182,7.604659635939257
25183,7.604659635939257
25184,7.604659635939257
25185,7.604659635939257
25186,7.604659635939257
25187,7.0
25188,8.0
25189,10.0
25190,7.0413199185023885
25191,7.604659635939257
25192,8.0
25193,7.604659635939257
25194,7.604659635939257
25195,7.604659635939257
25196,7.0
25197,9.0
25198,7.604659635939257
25199,7.604659635939257
25200,7.604659635939257
25201,7.604659635939257
25202,7.604659635939257
25203,7.604659635939257
25204,7.604659635939257
25205,8.0
25206,7.75
25207,7.64913895637599
25208,7.604659635939257
25209,8.0
25210,8.0
25211,7.604659635939257
25212,7.604659635939257
25213,7.0
25214,7.604659635939257
25215,8.0
25216,6.333333332222224
25217,7.604659635939257
25218,7.604659635939257
25219,7.604659635939257
25220,7.604659635939257
25221,8.0
25222,8.0
25223,7.604659635939257
25224,6.545084974514057
25225,7.604659635939257
25226,7.604659635939257
25227,7.604659635939257
25228,6.726317679028376
25229,7.604659635939257
25230,7.604659635939257
25231,7.604659635939257
25232,7.604659635939257
25233,7.604659635939257
25234,7.25
25235,7.000000003685242
25236,7.604659635939257
25237,8.000000030808803
25238,8.999999990000001
25239,7.604659635939257
25240,7.604659635939257
25241,7.008009368062822
25242,7.604659635939257
25243,7.604659635939257
25244,7.604659635939257
25245,7.5
25246,7.604659635939257
25247,7.604659635939257
25248,7.604659635939257
25249,7.604659635939257
25250,7.604659635939257
25251,8.0
25252,7.604659635939257
25253,7.604659635939257
25254,7.604659635939257
25255,7.604659635939257
25256,7.604659635939257
25257,7.604659635939257
25258,9.5
25259,7.604659635939257
25260,9.999999945000003
25261,7.604659635939257
25262,6.9380052608673815
25263,7.604659635939257
25264,7.604659635939257
25265,10.0
25266,7.604659635939257
25267,8.99999996
25268,7.604659635939257
25269,7.6180339911105746
25270,7.604659635939257
25271,7.686529750969826
25272,7.604659635939257
25273,7.604659635939257
25274,7.604659635939257
25275,8.0
25276,7.604659635939257
25277,7.604659635939257
25278,7.604659635939257
25279,9.999999973861199
25280,7.604659635939257
25281,7.000000016666666
25282,7.360679775655677
25283,5.465922819549502
25284,8.0
25285,7.604659635939257
25286,7.0
25287,8.0
25288,7.604659635939257
25289,10.0
25290,7.604659635939257
25291,8.0
25292,10.0
25293,7.604659635939257
25294,7.604659635939257
25295,7.604659635939257
25296,7.604659635939257
25297,7.7523570239918085
25298,7.604659635939257
25299,7.604659635939257
25300,7.604659635939257
25301,7.604659635939257
25302,7.0
25303,7.604659635939257
25304,7.604659635939257
25305,7.604659635939257
25306,7.604659635939257
25307,7.604659635939257
25308,7.604659635939257
25309,8.0
25310,7.604659635939257
25311,10.0
25312,7.0
25313,9.514718625446138
25314,7.604659635939257
25315,7.523863759871418
25316,7.604659635939257
25317,8.999999990000001
25318,8.294117648235295
25319,7.604659635939257
25320,7.604659635939257
25321,6.999999966262267
25322,7.604659635939257
25323,7.604659635939257
25324,7.604659635939257
25325,9.0
25326,8.000000016666666
25327,8.666666668888888
25328,8.000000013333333
25329,7.604659635939257
25330,7.604659635939257
25331,7.0
25332,8.0
25333,8.0
25334,8.0
25335,7.604659635939257
25336,8.0
25337,7.604659635939257
25338,7.976645478144165
25339,8.0
25340,7.604659635939257
25341,7.604659635939257
25342,9.572122460508044
25343,8.0
25344,7.604659635939257
25345,7.604659635939257
25346,7.604659635939257
25347,7.604659635939257
25348,7.0
25349,7.604659635939257
25350,7.604659635939257
25351,10.0
25352,8.0
25353,7.604659635939257
25354,7.604659635939257
25355,7.604659635939257
25356,7.604659635939257
25357,8.0
25358,7.604659635939257
25359,7.604659635939257
25360,8.0
25361,7.604659635939257
25362,7.604659635939257
25363,8.104207269908139
25364,9.000000009999999
25365,7.604659635939257
25366,7.604659635939257
25367,7.604659635939257
25368,7.0
25369,8.0
25370,7.604659635939257
25371,1.0
25372,8.5
25373,7.604659635939257
25374,7.0
25375,9.0
25376,7.604659635939257
25377,7.604659635939257
25378,5.000000069999998
25379,7.000000000000001
25380,8.0
25381,8.33161287760955
25382,7.604659635939257
25383,7.604659635939257
25384,7.604659635939257
25385,7.604659635939257
25386,5.0
25387,7.604659635939257
25388,7.0
25389,6.428571427857142
25390,7.604659635939257
25391,7.604659635939257
25392,8.0
25393,7.604659635939257
25394,7.604659635939257
25395,7.604659635939257
25396,7.604659635939257
25397,7.604659635939257
25398,7.0
25399,7.604659635939257
25400,7.604659635939257
25401,7.604659635939257
25402,8.0
25403,9.666666666666666
25404,7.0
25405,7.604659635939257
25406,7.604659635939257
25407,7.604659635939257
25408,7.604659635939257
25409,7.604659635939257
25410,7.604659635939257
25411,7.0
25412,8.0
25413,7.604659635939257
25414,7.604659635939257
25415,7.604659635939257
25416,5.0
25417,7.604659635939257
25418,8.000000009472137
25419,7.604659635939257
25420,8.269512750309167
25421,7.604659635939257
25422,10.0
25423,8.999999999999998
25424,7.604659635939257
25425,7.604659635939257
25426,8.5
25427,7.604659635939257
25428,7.604659635939257
25429,7.604659635939257
25430,7.604659635939257
25431,7.604659635939257
25432,8.0
25433,7.604659635939257
25434,9.999999930000005
25435,7.604659635939257
25436,2.0
25437,7.604659635939257
25438,5.0
25439,7.604659635939257
25440,7.0
25441,7.604659635939257
25442,7.0
25443,7.604659635939257
25444,7.604659635939257
25445,7.604659635939257
25446,7.604659635939257
25447,8.0
25448,9.999999992928933
25449,7.0
25450,8.000000005
25451,7.604659635939257
25452,7.604659635939257
25453,8.890637199028737
25454,7.604659635939257
25455,7.604659635939257
25456,2.0
25457,7.604659635939257
25458,7.604659635939257
25459,8.0
25460,7.499999997642977
25461,7.999999992291796
25462,7.604659635939257
25463,7.999999980000002
25464,8.0
25465,7.604659635939257
25466,7.604659635939257
25467,7.604659635939257
25468,6.0
25469,8.0
25470,7.604659635939257
25471,7.604659635939257
25472,7.030320758933492
25473,7.604659635939257
25474,7.0
25475,8.90821826183934
25476,7.604659635939257
25477,10.000000000000002
25478,7.604659635939257
25479,8.49999999875
25480,7.88520812624377
25481,8.99999999
25482,7.604659635939257
25483,7.604659635939257
25484,7.604659635939257
25485,7.604659635939257
25486,8.0
25487,7.0
25488,7.604659635939257
25489,7.604659635939257
25490,7.604659635939257
25491,7.604659635939257
25492,7.604659635939257
25493,7.604659635939257
25494,9.5
25495,7.604659635939257
25496,7.604659635939257
25497,7.604659635939257
25498,6.363636366363636
25499,5.0
25500,8.0
25501,9.0
25502,10.0
25503,9.0
25504,7.500000009643732
25505,7.604659635939257
25506,7.604659635939257
25507,7.258876291578491
25508,7.604659635939257
25509,8.999999990000001
25510,7.604659635939257
25511,8.0
25512,7.604659635939257
25513,7.604659635939257
25514,6.691517077865109
25515,7.604659635939257
25516,8.0
25517,7.604659635939257
25518,7.604659635939257
25519,7.604659635939257
25520,7.142857143469387
25521,6.000000019999999
25522,7.604659635939257
25523,7.604659635939257
25524,7.481805963935999
25525,7.604659635939257
25526,7.604659635939257
25527,7.604659635939257
25528,7.604659635939257
25529,7.0
25530,7.604659635939257
25531,7.604659635939257
25532,7.5999999984
25533,7.604659635939257
25534,7.604659635939257
25535,7.0
25536,7.604659635939257
25537,7.0
25538,9.43290840525251
25539,7.26084582115617
25540,7.604659635939257
25541,9.0
25542,7.604659635939257
25543,8.0
25544,5.714285713673469
25545,7.604659635939257
25546,7.604659635939257
25547,7.604659635939257
25548,7.604659635939257
25549,7.604659635939257
25550,8.0
25551,7.604659635939257
25552,7.0
25553,9.999999966666667
25554,8.000000004999999
25555,7.604659635939257
25556,7.604659635939257
25557,7.604659635939257
25558,8.0
25559,7.604659635939257
25560,7.2742918864156305
25561,7.604659635939257
25562,7.604659635939257
25563,7.604659635939257
25564,9.999999928180198
25565,7.604659635939257
25566,7.0
25567,7.604659635939257
25568,7.604659635939257
25569,6.999999960000002
25570,8.0
25571,7.604659635939257
25572,7.604659635939257
25573,7.604659635939257
25574,7.604659635939257
25575,7.604659635939257
25576,7.604659635939257
25577,7.604659635939257
25578,7.0
25579,7.604659635939257
25580,9.0
25581,7.604659635939257
25582,7.0
25583,8.99999996
25584,8.0
25585,5.0
25586,7.604659635939257
25587,8.0
25588,8.0
25589,8.000000005
25590,7.604659635939257
25591,7.604659635939257
25592,7.604659635939257
25593,7.604659635939257
25594,7.999999994999999
25595,7.604659635939257
25596,7.604659635939257
25597,7.604659635939257
25598,7.604659635939257
25599,7.0
25600,7.604659635939257
25601,7.604659635939257
25602,7.604659635939257
25603,7.604659635939257
25604,7.604659635939257
25605,8.372696069455158
25606,7.604659635939257
25607,8.0
25608,7.604659635939257
25609,7.0
25610,7.604659635939257
25611,9.0
25612,7.604659635939257
25613,7.604659635939257
25614,6.0
25615,7.604659635939257
25616,8.0
25617,7.604659635939257
25618,7.604659635939257
25619,7.0
25620,7.604659635939257
25621,7.6822778462268015
25622,7.604659635939257
25623,7.604659635939257
25624,8.0
25625,7.604659635939257
25626,7.604659635939257
25627,7.604659635939257
25628,7.604659635939257
25629,7.604659635939257
25630,7.604659635939257
25631,7.604659635939257
25632,8.999999963994057
25633,7.604659635939257
25634,7.604659635939257
25635,7.604659635939257
25636,7.604659635939257
25637,7.604659635939257
25638,6.666666667777778
25639,7.604659635939257
25640,7.604659635939257
25641,7.604659635939257
25642,8.0
25643,7.604659635939257
25644,7.604659635939257
25645,7.604659635939257
25646,7.604659635939257
25647,7.0
25648,7.604659635939257
25649,7.0
25650,7.604659635939257
25651,7.0
25652,8.0
25653,5.961470888173294
25654,7.604659635939257
25655,7.604659635939257
25656,9.380155583281025
25657,7.604659635939257
25658,7.604659635939257
25659,8.5000000025
25660,7.604659635939257
25661,7.604659635939257
25662,9.0
25663,7.604659635939257
25664,7.604659635939257
25665,8.000000039999998
25666,7.604659635939257
25667,7.604659635939257
25668,4.656854252335093
25669,7.604659635939257
25670,7.604659635939257
25671,5.0
25672,7.604659635939257
25673,7.50000000875
25674,7.123724828907364
25675,7.604659635939257
25676,7.604659635939257
25677,8.999999950000003
25678,7.604659635939257
25679,8.0
25680,9.0
25681,7.604659635939257
25682,7.604659635939257
25683,7.0
25684,8.000000012244762
25685,7.604659635939257
25686,7.604659635939257
25687,7.604659635939257
25688,7.604659635939257
25689,7.604659635939257
25690,7.604659635939257
25691,7.604659635939257
25692,7.604659635939257
25693,7.604659635939257
25694,7.0
25695,5.000000008944272
25696,8.0
25697,7.0
25698,4.333333337777777
25699,7.285714283571428
25700,8.0
25701,7.604659635939257
25702,7.604659635939257
25703,8.0
25704,7.604659635939257
25705,7.604659635939257
25706,4.0
25707,7.604659635939257
25708,7.0
25709,7.604659635939257
25710,6.0
25711,7.604659635939257
25712,7.604659635939257
25713,6.906121777281936
25714,7.604659635939257
25715,7.0
25716,8.0
25717,7.604659635939257
25718,7.604659635939257
25719,7.604659635939257
25720,7.0
25721,7.604659635939257
25722,7.604659635939257
25723,8.0
25724,7.604659635939257
25725,7.604659635939257
25726,8.8874151869305
25727,8.242640687545693
25728,9.9999999875
25729,9.0
25730,7.604659635939257
25731,7.604659635939257
25732,7.604659635939257
25733,8.139387691985444
25734,8.999999980692866
25735,7.604659635939257
25736,7.604659635939257
25737,6.0
25738,7.604659635939257
25739,7.604659635939257
25740,8.0
25741,7.99999999
25742,8.0
25743,10.000000000000002
25744,7.604659635939257
25745,7.604659635939257
25746,7.604659635939257
25747,8.99999998
25748,9.999999974188613
25749,7.0
25750,7.604659635939257
25751,7.604659635939257
25752,6.138127117711906
25753,10.0
25754,7.604659635939257
25755,7.604659635939257
25756,7.604659635939257
25757,7.000000003333334
25758,8.0
25759,7.0
25760,7.604659635939257
25761,7.604659635939257
25762,4.999999999999999
25763,7.604659635939257
25764,7.604659635939257
25765,7.604659635939257
25766,8.296250152931975
25767,7.604659635939257
25768,8.0
25769,8.9019237857044
25770,7.604659635939257
25771,7.604659635939257
25772,7.604659635939257
25773,7.604659635939257
25774,8.349931651688541
25775,7.604659635939257
25776,9.999999965527866
25777,7.0
25778,10.0
25779,8.0
25780,7.604659635939257
25781,8.000000029999999
25782,6.757359312126926
25783,7.604659635939257
25784,7.604659635939257
25785,7.604659635939257
25786,4.000000049999999
25787,7.604659635939257
25788,7.604659635939257
25789,7.0
25790,10.0
25791,7.604659635939257
25792,7.604659635939257
25793,7.604659635939257
25794,7.604659635939257
25795,7.604659635939257
25796,7.604659635939257
25797,7.604659635939257
25798,7.604659635939257
25799,7.999999980527865
25800,7.604659635939257
25801,7.604659635939257
25802,8.710516460041145
25803,7.604659635939257
25804,7.604659635939257
25805,8.0
25806,6.999999999999999
25807,7.604659635939257
25808,7.604659635939257
25809,7.604659635939257
25810,7.604659635939257
25811,9.270813185191429
25812,7.604659635939257
25813,7.604659635939257
25814,7.604659635939257
25815,7.604659635939257
25816,7.604659635939257
25817,7.604659635939257
25818,8.199668251263587
25819,7.604659635939257
25820,7.604659635939257
25821,7.999999999999999
25822,7.604659635939257
25823,7.604659635939257
25824,8.99999993066228
25825,7.604659635939257
25826,7.604659635939257
25827,7.604659635939257
25828,7.604659635939257
25829,7.604659635939257
25830,7.604659635939257
25831,7.604659635939257
25832,7.0
25833,7.604659635939257
25834,5.999999999843933
25835,7.0
25836,8.076504843346397
25837,5.000000079142134
25838,7.604659635939257
25839,5.0
25840,6.443319460152881
25841,7.604659635939257
25842,7.604659635939257
25843,7.604659635939257
25844,7.604659635939257
25845,8.0
25846,7.604659635939257
25847,8.63636363305785
25848,7.604659635939257
25849,7.604659635939257
25850,8.0
25851,7.604659635939257
25852,7.451768004628593
25853,7.604659635939257
25854,10.0
25855,9.333333331111112
25856,7.0
25857,7.604659635939257
25858,5.142857141020408
25859,7.604659635939257
25860,7.604659635939257
25861,7.604659635939257
25862,7.604659635939257
25863,8.0
25864,7.604659635939257
25865,7.0000000133333335
25866,7.604659635939257
25867,8.999999990000001
25868,9.6000000012
25869,7.604659635939257
25870,7.604659635939257
25871,7.604659635939257
25872,7.604659635939257
25873,9.74999999875
25874,7.604659635939257
25875,7.604659635939257
25876,7.604659635939257
25877,9.0
25878,7.604659635939257
25879,7.604659635939257
25880,9.0
25881,7.000000010000001
25882,7.0
25883,7.604659635939257
25884,7.604659635939257
25885,8.0
25886,7.604659635939257
25887,7.604659635939257
25888,7.999999970000002
25889,8.75
25890,8.0
25891,9.999999993333333
25892,7.604659635939257
25893,7.604659635939257
25894,8.0
25895,8.5
25896,7.0
25897,7.604659635939257
25898,7.604659635939257
25899,7.604659635939257
25900,7.0
25901,7.604659635939257
25902,7.604659635939257
25903,7.000000000000001
25904,7.604659635939257
25905,6.000000004472137
25906,7.604659635939257
25907,8.0
25908,6.94930827615549
25909,6.9999999750000015
25910,7.604659635939257
25911,7.604659635939257
25912,7.604659635939257
25913,7.604659635939257
25914,9.999999985
25915,8.0
25916,8.5
25917,7.000000000000002
25918,8.0
25919,7.604659635939257
25920,8.575110552617472
25921,7.604659635939257
25922,7.604659635939257
25923,7.604659635939257
25924,8.0
25925,9.999999990000001
25926,7.666666666296296
25927,7.604659635939257
25928,7.604659635939257
25929,7.604659635939257
25930,7.604659635939257
25931,7.604659635939257
25932,5.272727279752066
25933,7.604659635939257
25934,7.604659635939257
25935,7.604659635939257
25936,7.604659635939257
25937,7.604659635939257
25938,7.0
25939,8.0
25940,7.999999999999999
25941,7.604659635939257
25942,10.0
25943,7.604659635939257
25944,7.604659635939257
25945,7.949381881225138
25946,7.604659635939257
25947,7.604659635939257
25948,7.1663079247543955
25949,7.604659635939257
25950,8.0
25951,8.0
25952,7.604659635939257
25953,7.604659635939257
25954,7.604659635939257
25955,7.604659635939257
25956,7.0
25957,7.604659635939257
25958,7.604659635939257
25959,7.604659635939257
25960,8.0
25961,8.0
25962,7.000000079999997
25963,8.0
25964,7.604659635939257
25965,7.604659635939257
25966,7.604659635939257
25967,7.604659635939257
25968,7.500000009999999
25969,7.604659635939257
25970,7.604659635939257
25971,7.604659635939257
25972,8.0
25973,7.604659635939257
25974,7.604659635939257
25975,9.999999972928933
25976,7.604659635939257
25977,7.604659635939257
25978,7.0
25979,7.604659635939257
25980,7.604659635939257
25981,7.604659635939257
25982,7.604659635939257
25983,7.604659635939257
25984,6.7500000009375
25985,9.5
25986,7.604659635939257
25987,8.0
25988,7.508562543039001
25989,7.604659635939257
25990,7.999999999999999
25991,7.604659635939257
25992,7.604659635939257
25993,7.604659635939257
25994,9.75
25995,7.0
25996,7.604659635939257
25997,7.604659635939257
25998,3.0
25999,10.0
26000,7.0
26001,8.0
26002,7.464551480826814
26003,7.604659635939257
26004,7.604659635939257
26005,7.604659635939257
26006,7.0
26007,8.7999999992
26008,8.0
26009,8.4000000004
26010,8.0
26011,7.604659635939257
26012,8.0
26013,7.0
26014,7.604659635939257
26015,7.604659635939257
26016,7.604659635939257
26017,9.999999999999998
26018,7.604659635939257
26019,7.604659635939257
26020,7.604659635939257
26021,8.0
26022,7.000000029999999
26023,7.604659635939257
26024,7.604659635939257
26025,8.0
26026,7.0
26027,9.33333332888889
26028,8.5
26029,7.0
26030,7.604659635939257
26031,8.0
26032,10.0
26033,7.0
26034,10.0
26035,7.604659635939257
26036,5.0
26037,9.00000001
26038,7.604659635939257
26039,8.0
26040,7.604659635939257
26041,7.604659635939257
26042,7.604659635939257
26043,7.289329716445402
26044,7.604659635939257
26045,8.0
26046,9.77500427079778
26047,7.604659635939257
26048,8.0
26049,7.0
26050,7.604659635939257
26051,7.604659635939257
26052,7.604659635939257
26053,7.604659635939257
26054,8.0
26055,9.999999999999998
26056,9.0
26057,8.0
26058,7.604659635939257
26059,8.0
26060,9.5
26061,7.604659635939257
26062,7.604659635939257
26063,7.604659635939257
26064,10.0
26065,8.250000001250001
26066,7.604659635939257
26067,7.604659635939257
26068,6.0
26069,7.604659635939257
26070,7.604659635939257
26071,8.0
26072,7.604659635939257
26073,8.99999999
26074,8.434173750710842
26075,7.55620895721476
26076,7.604659635939257
26077,7.604659635939257
26078,7.604659635939257
26079,7.604659635939257
26080,8.000000005
26081,6.166666670555554
26082,9.0
26083,7.604659635939257
26084,8.769230771124258
26085,6.368421053891967
26086,8.0
26087,8.0
26088,7.604659635939257
26089,7.5
26090,7.604659635939257
26091,9.0
26092,7.604659635939257
26093,7.604659635939257
26094,7.604659635939257
26095,6.598970189861293
26096,7.000000000000001
26097,6.000000019999999
26098,7.604659635939257
26099,9.75
26100,9.094588784595235
26101,7.604659635939257
26102,7.604659635939257
26103,7.604659635939257
26104,7.604659635939257
26105,7.604659635939257
26106,7.604659635939257
26107,7.604659635939257
26108,7.0
26109,7.527864044868864
26110,7.604659635939257
26111,7.604659635939257
26112,7.604659635939257
26113,8.0
26114,7.604659635939257
26115,7.604659635939257
26116,7.741111636081103
26117,7.604659635939257
26118,6.3846153894082835
26119,7.604659635939257
26120,5.000000084999998
26121,7.604659635939257
26122,6.500000010854102
26123,7.604659635939257
26124,7.604659635939257
26125,7.604659635939257
26126,7.571428571836735
26127,8.0
26128,8.0
26129,7.0
26130,6.785790772524618
26131,7.604659635939257
26132,7.604659635939257
26133,6.5
26134,7.604659635939257
26135,7.804761210380856
26136,8.000000015
26137,7.604659635939257
26138,7.604659635939257
26139,7.604659635939257
26140,7.604659635939257
26141,8.0
26142,7.604659635939257
26143,7.0
26144,7.604659635939257
26145,7.604659635939257
26146,7.50000000625
26147,7.604659635939257
26148,8.0
26149,4.690374283831115
26150,7.604659635939257
26151,7.604659635939257
26152,7.604659635939257
26153,7.604659635939257
26154,4.714285717959184
26155,7.604659635939257
26156,7.604659635939257
26157,8.0
26158,7.604659635939257
26159,7.604659635939257
26160,6.99999999
26161,8.0
26162,7.604659635939257
26163,8.0
26164,8.0
26165,7.714285714489796
26166,7.604659635939257
26167,7.604659635939257
26168,7.604659635939257
26169,7.000000000000001
26170,7.604659635939257
26171,7.604659635939257
26172,8.0
26173,7.604659635939257
26174,5.0
26175,7.604659635939257
26176,7.604659635939257
26177,7.0
26178,7.604659635939257
26179,7.604659635939257
26180,5.6044567755914
26181,7.604659635939257
26182,7.604659635939257
26183,6.0
26184,7.604659635939257
26185,7.604659635939257
26186,7.604659635939257
26187,7.604659635939257
26188,7.604659635939257
26189,7.604659635939257
26190,8.0
26191,9.61294200092639
26192,7.604659635939257
26193,8.0
26194,7.0
26195,7.604659635939257
26196,7.604659635939257
26197,7.604659635939257
26198,8.0
26199,7.604659635939257
26200,6.0
26201,7.604659635939257
26202,7.604659635939257
26203,6.74999999875
26204,7.604659635939257
26205,7.604659635939257
26206,7.604659635939257
26207,7.604659635939257
26208,7.604659635939257
26209,7.604659635939257
26210,9.999999995
26211,7.604659635939257
26212,8.000000028944271
26213,7.604659635939257
26214,7.604659635939257
26215,7.604659635939257
26216,9.75
26217,7.604659635939257
26218,5.99999999
26219,8.5
26220,7.604659635939257
26221,7.604659635939257
26222,7.604659635939257
26223,7.604659635939257
26224,7.42857142897959
26225,7.604659635939257
26226,7.604659635939257
26227,7.604659635939257
26228,7.604659635939257
26229,7.604659635939257
26230,7.604659635939257
26231,7.604659635939257
26232,7.604659635939257
26233,8.00000000126122
26234,7.604659635939257
26235,6.845612088211224
26236,8.0
26237,7.999999999999999
26238,8.0
26239,7.604659635939257
26240,4.999999999999999
26241,7.604659635939257
26242,7.666666667777778
26243,7.604659635939257
26244,7.604659635939257
26245,7.604659635939257
26246,7.0
26247,7.604659635939257
26248,7.604659635939257
26249,7.604659635939257
26250,8.5555555554321
26251,7.0
26252,7.604659635939257
26253,8.0
26254,7.604659635939257
26255,7.604659635939257
26256,7.604659635939257
26257,7.604659635939257
26258,9.999999991666666
26259,7.604659635939257
26260,7.604659635939257
26261,8.0
26262,7.604659635939257
26263,8.0
26264,7.0
26265,7.604659635939257
26266,8.0
26267,7.604659635939257
26268,7.604659635939257
26269,7.604659635939257
26270,8.0
26271,7.604659635939257
26272,9.0
26273,7.604659635939257
26274,7.604659635939257
26275,7.0
26276,7.604659635939257
26277,5.000000051094003
26278,8.021570000862939
26279,7.604659635939257
26280,7.604659635939257
26281,8.000000024142135
26282,8.0
26283,7.000000000000001
26284,7.604659635939257
26285,7.604659635939257
26286,9.0
26287,7.604659635939257
26288,7.604659635939257
26289,7.604659635939257
26290,7.604659635939257
26291,7.0
26292,6.826400901365938
26293,7.604659635939257
26294,7.604659635939257
26295,7.0
26296,7.604659635939257
26297,7.604659635939257
26298,7.604659635939257
26299,7.604659635939257
26300,7.604659635939257
26301,4.999999999999999
26302,7.891805812742421
26303,7.604659635939257
26304,6.666666666666666
26305,8.0
26306,8.0
26307,8.999999998887578
26308,7.604659635939257
26309,7.604659635939257
26310,9.0
26311,7.604659635939257
26312,7.604659635939257
26313,10.0
26314,8.000000006666667
26315,7.604659635939257
26316,7.604659635939257
26317,7.0
26318,7.604659635939257
26319,6.0
26320,10.0
26321,7.642959612152311
26322,8.0
26323,8.0
26324,7.604659635939257
26325,9.1999999992
26326,7.604659635939257
26327,7.604659635939257
26328,7.604659635939257
26329,7.604659635939257
26330,8.9999999893934
26331,8.0
26332,9.5
26333,7.604659635939257
26334,9.999999999999998
26335,7.604659635939257
26336,8.25
26337,7.604659635939257
26338,9.49999999
26339,7.604659635939257
26340,7.604659635939257
26341,7.604659635939257
26342,9.999999970000001
26343,9.328027150124209
26344,7.604659635939257
26345,7.604659635939257
26346,7.604659635939257
26347,7.604659635939257
26348,7.604659635939257
26349,8.0
26350,7.5
26351,7.5
26352,6.881825327479852
26353,7.604659635939257
26354,6.0000000125
26355,7.604659635939257
26356,8.0
26357,8.0
26358,7.604659635939257
26359,7.604659635939257
26360,7.086989594992398
26361,7.222222222839506
26362,7.604659635939257
26363,7.604659635939257
26364,7.604659635939257
26365,8.0
26366,7.604659635939257
26367,6.913372254423547
26368,5.000000061213202
26369,7.604659635939257
26370,7.604659635939257
26371,8.0
26372,7.604659635939257
26373,7.604659635939257
26374,7.604659635939257
26375,8.0
26376,7.604659635939257
26377,7.604659635939257
26378,8.0
26379,7.604659635939257
26380,10.0
26381,7.604659635939257
26382,8.5
26383,7.0
26384,9.999999980000002
26385,7.0
26386,7.999999995
26387,7.604659635939257
26388,8.0
26389,7.604659635939257
26390,8.0
26391,8.000000003333334
26392,7.604659635939257
26393,8.240253074600142
26394,7.604659635939257
26395,7.604659635939257
26396,7.604659635939257
26397,7.604659635939257
26398,7.604659635939257
26399,8.0000000025
26400,7.604659635939257
26401,7.604659635939257
26402,7.604659635939257
26403,7.604659635939257
26404,7.604659635939257
26405,9.500000000000002
26406,7.604659635939257
26407,8.0
26408,7.604659635939257
26409,6.77777777765432
26410,7.604659635939257
26411,7.0
26412,9.999999999999998
26413,8.0
26414,7.604659635939257
26415,7.604659635939257
26416,7.604659635939257
26417,7.000000000000001
26418,7.604659635939257
26419,7.604659635939257
26420,8.0
26421,7.604659635939257
26422,8.0
26423,7.0
26424,7.604659635939257
26425,7.604659635939257
26426,8.250000000624999
26427,7.604659635939257
26428,7.604659635939257
26429,7.604659635939257
26430,7.604659635939257
26431,7.604659635939257
26432,7.604659635939257
26433,7.604659635939257
26434,7.604659635939257
26435,7.604659635939257
26436,7.604659635939257
26437,8.0
26438,8.0
26439,7.604659635939257
26440,7.604659635939257
26441,7.604659635939257
26442,7.604659635939257
26443,7.0
26444,8.0
26445,9.000000003535535
26446,8.199111807116648
26447,9.999999976077678
26448,7.604659635939257
26449,7.0
26450,7.604659635939257
26451,8.0
26452,7.604659635939257
26453,6.615384615739645
26454,7.878213674550777
26455,7.604659635939257
26456,8.0
26457,7.604659635939257
26458,8.0
26459,7.604659635939257
26460,8.0
26461,9.0
26462,7.604659635939257
26463,7.604659635939257
26464,7.604659635939257
26465,8.0
26466,7.0
26467,7.604659635939257
26468,7.604659635939257
26469,8.0
26470,7.604659635939257
26471,7.604659635939257
26472,8.0
26473,7.75
26474,7.604659635939257
26475,7.604659635939257
26476,8.0
26477,7.604659635939257
26478,6.750000004375
26479,7.604659635939257
26480,7.604659635939257
26481,7.0
26482,5.0
26483,7.604659635939257
26484,7.604659635939257
26485,7.604659635939257
26486,9.4999999884467
26487,7.604659635939257
26488,7.604659635939257
26489,7.604659635939257
26490,9.0
26491,9.25
26492,7.604659635939257
26493,7.604659635939257
26494,7.604659635939257
26495,9.25
26496,7.604659635939257
26497,7.0
26498,9.999999999999998
26499,9.0
26500,3.4651344909379325
26501,7.604659635939257
26502,7.604659635939257
26503,7.604659635939257
26504,7.604659635939257
26505,7.604659635939257
26506,7.604659635939257
26507,7.604659635939257
26508,8.0
26509,7.604659635939257
26510,8.0
26511,7.604659635939257
26512,7.604659635939257
26513,7.604659635939257
26514,7.604659635939257
26515,7.604659635939257
26516,7.604659635939257
26517,7.604659635939257
26518,7.604659635939257
26519,7.604659635939257
26520,7.604659635939257
26521,7.604659635939257
26522,7.604659635939257
26523,7.833333332222221
26524,9.5
26525,9.0
26526,7.604659635939257
26527,7.604659635939257
26528,7.604659635939257
26529,7.604659635939257
26530,7.0
26531,7.0
26532,7.604659635939257
26533,7.604659635939257
26534,7.604659635939257
26535,6.000000005656854
26536,9.0
26537,7.604659635939257
26538,8.0
26539,7.604659635939257
26540,7.0
26541,7.604659635939257
26542,7.604659635939257
26543,9.0
26544,7.604659635939257
26545,7.604659635939257
26546,7.700000000199999
26547,7.604659635939257
26548,9.0
26549,8.0
26550,8.0
26551,8.0
26552,7.604659635939257
26553,8.0
26554,7.604659635939257
26555,7.604659635939257
26556,7.604659635939257
26557,7.604659635939257
26558,5.240253073976092
26559,7.604659635939257
26560,7.604659635939257
26561,8.0
26562,6.637432881703503
26563,8.794152905838873
26564,7.604659635939257
26565,7.604659635939257
26566,7.0245894612500255
26567,7.604659635939257
26568,9.209295710045895
26569,7.604659635939257
26570,7.604659635939257
26571,7.604659635939257
26572,6.9714112683503835
26573,7.0
26574,7.604659635939257
26575,7.604659635939257
26576,8.0
26577,8.500000004999999
26578,6.0000000233333335
26579,7.604659635939257
26580,7.021740272054548
26581,7.604659635939257
26582,7.604659635939257
26583,7.604659635939257
26584,7.604659635939257
26585,7.604659635939257
26586,7.604659635939257
26587,7.604659635939257
26588,7.999999997142857
26589,7.604659635939257
26590,7.604659635939257
26591,8.0
26592,7.604659635939257
26593,7.604659635939257
26594,8.0
26595,7.604659635939257
26596,7.604659635939257
26597,9.333333331111112
26598,8.0
26599,7.604659635939257
26600,7.604659635939257
26601,7.604659635939257
26602,7.604659635939257
26603,8.0
26604,8.363636365123966
26605,7.604659635939257
26606,8.0
26607,7.604659635939257
26608,7.604659635939257
26609,9.0
26610,7.0
26611,7.0
26612,7.749999999999999
26613,7.627871378148908
26614,9.000000004999999
26615,7.604659635939257
26616,7.604659635939257
26617,7.604659635939257
26618,7.604659635939257
26619,8.0
26620,5.0000000060000005
26621,8.0
26622,6.999999990000001
26623,8.0
26624,7.604659635939257
26625,7.604659635939257
26626,8.173829992562023
26627,7.604659635939257
26628,7.604659635939257
26629,7.604659635939257
26630,7.604659635939257
26631,7.604659635939257
26632,5.000000034999999
26633,7.604659635939257
26634,7.604659635939257
26635,7.604659635939257
26636,7.576465927429732
26637,7.000000000000001
26638,7.604659635939257
26639,7.604659635939257
26640,7.604659635939257
26641,7.604659635939257
26642,7.604659635939257
26643,7.604659635939257
26644,7.604659635939257
26645,7.604659635939257
26646,7.604659635939257
26647,7.604659635939257
26648,7.604659635939257
26649,7.604659635939257
26650,7.000000001
26651,7.604659635939257
26652,7.604659635939257
26653,7.604659635939257
26654,7.604659635939257
26655,7.604659635939257
26656,7.604659635939257
26657,8.270813185191429
26658,8.0
26659,7.0
26660,7.604659635939257
26661,7.604659635939257
26662,7.604659635939257
26663,7.000000000000001
26664,7.604659635939257
26665,8.0
26666,7.999999986666667
26667,7.604659635939257
26668,4.0
26669,7.604659635939257
26670,7.000000059999999
26671,7.0
26672,8.999999985999999
26673,7.470271035648733
26674,7.604659635939257
26675,7.604659635939257
26676,7.604659635939257
26677,9.0
26678,7.604659635939257
26679,6.284249621903991
26680,7.0
26681,7.604659635939257
26682,8.0
26683,7.604659635939257
26684,7.604659635939257
26685,7.604659635939257
26686,7.604659635939257
26687,7.604659635939257
26688,7.604659635939257
26689,7.75
26690,7.604659635939257
26691,7.604659635939257
26692,9.25667300238757
26693,8.0
26694,7.604659635939257
26695,10.0
26696,4.999999999999999
26697,7.604659635939257
26698,7.604659635939257
26699,7.604659635939257
26700,7.604659635939257
26701,6.999999997619048
26702,7.500000009999999
26703,8.0
26704,7.604659635939257
26705,7.604659635939257
26706,9.0
26707,7.604659635939257
26708,7.604659635939257
26709,7.604659635939257
26710,8.0
26711,7.00000002
26712,9.25
26713,8.999999993333333
26714,7.604659635939257
26715,7.604659635939257
26716,7.604659635939257
26717,7.0
26718,7.604659635939257
26719,7.604659635939257
26720,10.0
26721,5.0
26722,7.604659635939257
26723,7.604659635939257
26724,8.0
26725,8.999999990000001
26726,7.00000003
26727,6.6666666588888885
26728,9.999999895000004
26729,7.604659635939257
26730,7.604659635939257
26731,8.999999996666666
26732,7.604659635939257
26733,8.000000001666667
26734,7.604659635939257
26735,5.559816491822222
26736,7.604659635939257
26737,7.604659635939257
26738,7.604659635939257
26739,8.0
26740,8.0
26741,7.604659635939257
26742,7.604659635939257
26743,7.604659635939257
26744,7.604659635939257
26745,7.133201577949161
26746,7.604659635939257
26747,7.604659635939257
26748,8.091673086526452
26749,9.999999999999998
26750,4.999999999999999
26751,7.604659635939257
26752,7.604659635939257
26753,7.604659635939257
26754,7.604659635939257
26755,2.0
26756,8.0
26757,7.604659635939257
26758,8.0
26759,7.0
26760,7.0
26761,7.604659635939257
26762,7.0000000031622776
26763,7.0
26764,7.604659635939257
26765,7.604659635939257
26766,10.0
26767,8.0
26768,7.604659635939257
26769,8.0
26770,7.604659635939257
26771,9.999999999999998
26772,7.604659635939257
26773,7.604659635939257
26774,7.604659635939257
26775,7.604659635939257
26776,7.604659635939257
26777,7.604659635939257
26778,9.0
26779,7.604659635939257
26780,7.604659635939257
26781,7.604659635939257
26782,7.604659635939257
26783,7.0
26784,7.604659635939257
26785,7.604659635939257
26786,7.604659635939257
26787,9.0
26788,8.0
26789,7.604659635939257
26790,7.604659635939257
26791,7.604659635939257
26792,7.604659635939257
26793,7.604659635939257
26794,7.604659635939257
26795,7.604659635939257
26796,7.604659635939257
26797,7.604659635939257
26798,7.604659635939257
26799,9.0
26800,7.604659635939257
26801,8.0
26802,7.604659635939257
26803,9.999999976666667
26804,10.0
26805,8.0
26806,7.604659635939257
26807,10.0
26808,7.604659635939257
26809,7.604659635939257
26810,7.604659635939257
26811,7.604659635939257
26812,8.0
26813,7.604659635939257
26814,7.604659635939257
26815,7.0
26816,8.607664869997395
26817,7.604659635939257
26818,9.999999981464466
26819,7.604659635939257
26820,7.604659635939257
26821,7.604659635939257
26822,7.604659635939257
26823,7.604659635939257
26824,7.604659635939257
26825,7.604659635939257
26826,8.0
26827,7.604659635939257
26828,7.604659635939257
26829,8.0
26830,9.0
26831,7.0
26832,7.604659635939257
26833,7.604659635939257
26834,8.0
26835,9.0
26836,9.0
26837,5.0
26838,10.0
26839,10.000000000000002
26840,7.604659635939257
26841,8.575110552557048
26842,8.321347046531754
26843,7.604659635939257
26844,8.0
26845,7.604659635939257
26846,7.5603945473835505
26847,7.604659635939257
26848,7.604659635939257
26849,7.604659635939257
26850,7.604659635939257
26851,2.0
26852,7.604659635939257
26853,7.604659635939257
26854,7.604659635939257
26855,8.0
26856,9.290207419347361
26857,7.000000006324556
26858,9.999999994087128
26859,8.0
26860,7.604659635939257
26861,7.604659635939257
26862,9.08578643712438
26863,7.604659635939257
26864,7.604659635939257
26865,8.0
26866,9.0
26867,7.604659635939257
26868,7.604659635939257
26869,10.0
26870,7.0
26871,7.604659635939257
26872,7.604659635939257
26873,9.999999978861199
26874,7.604659635939257
26875,9.44444444074074
26876,9.0
26877,7.604659635939257
26878,7.604659635939257
26879,9.0
26880,6.034482753555292
26881,7.604659635939257
26882,7.604659635939257
26883,7.604659635939257
26884,7.604659635939257
26885,8.49278697503119
26886,7.604659635939257
26887,7.604659635939257
26888,5.0
26889,7.604659635939257
26890,7.604659635939257
26891,7.604659635939257
26892,7.604659635939257
26893,7.0
26894,7.333333332222223
26895,7.604659635939257
26896,7.604659635939257
26897,10.0
26898,7.0
26899,8.0
26900,7.604659635939257
26901,7.604659635939257
26902,7.604659635939257
26903,5.0
26904,8.999999996666666
26905,8.804805897208968
26906,5.0
26907,8.027950742126738
26908,7.604659635939257
26909,10.0
26910,7.604659635939257
26911,8.928571426530613
26912,5.5
26913,7.604659635939257
26914,7.604659635939257
26915,8.0
26916,7.604659635939257
26917,7.604659635939257
26918,7.604659635939257
26919,7.604659635939257
26920,7.604659635939257
26921,9.0
26922,7.604659635939257
26923,7.0
26924,9.49999999375
26925,7.604659635939257
26926,7.604659635939257
26927,7.604659635939257
26928,7.0
26929,7.604659635939257
26930,7.0
26931,9.33333333111111
26932,10.0
26933,7.604659635939257
26934,5.86817587285084
26935,7.604659635939257
26936,7.604659635939257
26937,7.604659635939257
26938,7.0
26939,7.0
26940,6.167865955529484
26941,8.0
26942,7.604659635939257
26943,7.604659635939257
26944,5.0
26945,7.604659635939257
26946,7.604659635939257
26947,7.604659635939257
26948,6.0
26949,7.604659635939257
26950,7.604659635939257
26951,9.333333331111112
26952,6.0
26953,7.0
26954,7.604659635939257
26955,8.25
26956,7.604659635939257
26957,9.0
26958,7.604659635939257
26959,7.604659635939257
26960,7.604659635939257
26961,7.604659635939257
26962,7.604659635939257
26963,7.604659635939257
26964,7.999999960000002
26965,7.604659635939257
26966,7.370341836767552
26967,7.604659635939257
26968,7.0
26969,8.0
26970,7.604659635939257
26971,7.604659635939257
26972,7.604659635939257
26973,9.0
26974,7.604659635939257
26975,7.604659635939257
26976,10.0
26977,7.604659635939257
26978,8.0
26979,7.604659635939257
26980,7.604659635939257
26981,7.604659635939257
26982,7.604659635939257
26983,6.0
26984,7.604659635939257
26985,7.604659635939257
26986,7.604659635939257
26987,7.604659635939257
26988,7.604659635939257
26989,9.0
26990,8.0
26991,7.604659635939257
26992,8.499999995378143
26993,7.604659635939257
26994,7.604659635939257
26995,7.604659635939257
26996,7.604659635939257
26997,7.604659635939257
26998,8.0
26999,7.604659635939257
27000,3.0000000799999973
27001,7.604659635939257
27002,7.604659635939257
27003,7.604659635939257
27004,7.0
27005,7.604659635939257
27006,8.0
27007,10.0
27008,7.604659635939257
27009,7.604659635939257
27010,5.0
27011,7.604659635939257
27012,7.604659635939257
27013,9.0000000025
27014,7.604659635939257
27015,7.604659635939257
27016,6.0
27017,7.604659635939257
27018,10.0
27019,10.0
27020,7.604659635939257
27021,6.537826115712855
27022,7.604659635939257
27023,7.604659635939257
27024,8.000000015
27025,7.604659635939257
27026,8.0
27027,7.604659635939257
27028,7.604659635939257
27029,7.604659635939257
27030,7.604659635939257
27031,9.999999985
27032,7.000000009999999
27033,7.604659635939257
27034,8.0
27035,7.446906541282046
27036,7.604659635939257
27037,7.604659635939257
27038,5.0
27039,7.604659635939257
27040,7.604659635939257
27041,7.604659635939257
27042,8.0
27043,9.75
27044,7.999999998235294
27045,5.592917011619957
27046,7.604659635939257
27047,8.856407097277415
27048,9.999999999999998
27049,7.604659635939257
27050,7.604659635939257
27051,7.604659635939257
27052,7.604659635939257
27053,7.604659635939257
27054,8.0
27055,7.604659635939257
27056,7.604659635939257
27057,7.304347823742911
27058,7.0
27059,7.604659635939257
27060,5.828427126167547
27061,8.0
27062,7.604659635939257
27063,7.604659635939257
27064,7.604659635939257
27065,7.000000000000001
27066,7.604659635939257
27067,7.604659635939257
27068,7.604659635939257
27069,7.604659635939257
27070,8.000000015
27071,8.199999998400001
27072,7.604659635939257
27073,7.604659635939257
27074,9.999999985857867
27075,7.604659635939257
27076,7.604659635939257
27077,7.00000002
27078,7.0000000404044
27079,8.0
27080,7.604659635939257
27081,7.604659635939257
27082,7.234417572065881
27083,8.5
27084,7.0
27085,8.0
27086,8.0
27087,9.0
27088,7.604659635939257
27089,7.571125175215505
27090,8.0
27091,7.604659635939257
27092,7.0
27093,8.263932022434432
27094,7.604659635939257
27095,9.99999999
27096,8.0
27097,7.604659635939257
27098,8.0
27099,7.604659635939257
27100,7.604659635939257
27101,7.604659635939257
27102,7.604659635939257
27103,7.604659635939257
27104,7.604659635939257
27105,9.0
27106,7.604659635939257
27107,7.604659635939257
27108,9.0
27109,5.0
27110,7.604659635939257
27111,7.0
27112,8.0
27113,7.604659635939257
27114,7.604659635939257
27115,4.263022270841332
27116,7.604659635939257
27117,7.604659635939257
27118,7.604659635939257
27119,8.0
27120,7.604659635939257
27121,7.604659635939257
27122,8.000000011153551
27123,7.604659635939257
27124,7.604659635939257
27125,7.604659635939257
27126,8.0
27127,7.604659635939257
27128,7.604659635939257
27129,7.604659635939257
27130,7.604659635939257
27131,7.604659635939257
27132,10.0
27133,7.604659635939257
27134,7.604659635939257
27135,6.7353046860810375
27136,7.0
27137,7.604659635939257
27138,8.0
27139,7.604659635939257
27140,7.604659635939257
27141,7.0
27142,7.604659635939257
27143,7.604659635939257
27144,7.604659635939257
27145,7.604659635939257
27146,8.0
27147,7.604659635939257
27148,10.0
27149,8.999999980000002
27150,7.604659635939257
27151,7.604659635939257
27152,7.604659635939257
27153,7.604659635939257
27154,7.604659635939257
27155,8.0
27156,7.604659635939257
27157,7.604659635939257
27158,10.0
27159,7.604659635939257
27160,10.0
27161,10.0
27162,7.604659635939257
27163,6.000000000000001
27164,7.604659635939257
27165,7.604659635939257
27166,7.604659635939257
27167,7.604659635939257
27168,9.999999954750777
27169,7.604659635939257
27170,8.0
27171,7.604659635939257
27172,7.604659635939257
27173,8.0
27174,8.0
27175,7.604659635939257
27176,8.0
27177,10.0
27178,7.604659635939257
27179,7.604659635939257
27180,7.604659635939257
27181,7.604659635939257
27182,7.604659635939257
27183,7.604659635939257
27184,9.176470585397924
27185,7.604659635939257
27186,7.604659635939257
27187,7.604659635939257
27188,10.0
27189,7.604659635939257
27190,7.0
27191,7.604659635939257
27192,8.0
27193,8.0
27194,7.604659635939257
27195,8.0
27196,7.604659635939257
27197,8.0
27198,9.999999999999998
27199,8.0
27200,7.0
27201,7.604659635939257
27202,7.604659635939257
27203,7.604659635939257
27204,7.604659635939257
27205,7.0
27206,7.604659635939257
27207,3.0
27208,7.604659635939257
27209,7.815838319767645
27210,7.604659635939257
27211,7.604659635939257
27212,8.0
27213,7.0
27214,7.604659635939257
27215,7.604659635939257
27216,7.604659635939257
27217,7.604659635939257
27218,7.604659635939257
27219,7.604659635939257
27220,8.0
27221,7.604659635939257
27222,7.604659635939257
27223,7.604659635939257
27224,7.604659635939257
27225,8.000000039999998
27226,7.604659635939257
27227,8.0
27228,7.999999994999999
27229,7.604659635939257
27230,8.0
27231,7.604659635939257
27232,7.000000002071067
27233,7.0
27234,7.604659635939257
27235,7.604659635939257
27236,7.604659635939257
27237,10.0
27238,7.0
27239,7.604659635939257
27240,7.604659635939257
27241,7.604659635939257
27242,9.0
27243,7.604659635939257
27244,7.604659635939257
27245,7.604659635939257
27246,7.604659635939257
27247,6.0
27248,8.0
27249,7.604659635939257
27250,7.604659635939257
27251,6.833506587742236
27252,7.604659635939257
27253,7.604659635939257
27254,7.176167933923625
27255,7.604659635939257
27256,7.604659635939257
27257,7.604659635939257
27258,7.604659635939257
27259,9.36832267932732
27260,7.109604707349046
27261,7.604659635939257
27262,7.604659635939257
27263,7.604659635939257
27264,7.0
27265,7.604659635939257
27266,7.604659635939257
27267,7.604659635939257
27268,8.000000005773504
27269,7.604659635939257
27270,7.604659635939257
27271,7.604659635939257
27272,8.0
27273,9.999999999999998
27274,8.0
27275,7.604659635939257
27276,8.40946343550532
27277,8.0
27278,7.604659635939257
27279,7.604659635939257
27280,7.604659635939257
27281,7.604659635939257
27282,7.0
27283,7.604659635939257
27284,7.604659635939257
27285,7.604659635939257
27286,7.604659635939257
27287,7.0
27288,7.0
27289,8.0
27290,7.604659635939257
27291,7.604659635939257
27292,10.0
27293,8.0
27294,6.1715728746181595
27295,8.0
27296,9.143289069339867
27297,8.0
27298,7.0
27299,7.604659635939257
27300,7.604659635939257
27301,8.800000000799999
27302,7.604659635939257
27303,8.23907870297634
27304,7.604659635939257
27305,7.604659635939257
27306,10.0
27307,7.785714281020408
27308,8.374416790155342
27309,7.604659635939257
27310,8.0
27311,7.604659635939257
27312,8.746916944482848
27313,7.604659635939257
27314,7.604659635939257
27315,7.604659635939257
27316,7.604659635939257
27317,7.604659635939257
27318,7.604659635939257
27319,7.604659635939257
27320,7.604659635939257
27321,7.604659635939257
27322,7.604659635939257
27323,9.0
27324,7.000000049999999
27325,7.604659635939257
27326,7.604659635939257
27327,8.0
27328,8.999999997862128
27329,7.604659635939257
27330,7.604659635939257
27331,6.999999997333695
27332,7.0
27333,7.333333328888889
27334,7.604659635939257
27335,7.604659635939257
27336,7.604659635939257
27337,7.604659635939257
27338,7.604659635939257
27339,7.604659635939257
27340,7.604659635939257
27341,7.604659635939257
27342,7.857142855714286
27343,7.604659635939257
27344,7.604659635939257
27345,7.604659635939257
27346,7.604659635939257
27347,7.604659635939257
27348,7.0
27349,7.604659635939257
27350,7.604659635939257
27351,7.0
27352,7.604659635939257
27353,7.604659635939257
27354,8.0
27355,7.604659635939257
27356,8.0
27357,7.0
27358,7.604659635939257
27359,7.604659635939257
27360,10.0
27361,7.604659635939257
27362,8.0
27363,7.604659635939257
27364,8.0
27365,6.0
27366,7.604659635939257
27367,8.0
27368,7.604659635939257
27369,7.604659635939257
27370,7.604659635939257
27371,7.604659635939257
27372,7.604659635939257
27373,7.604659635939257
27374,6.000000014999999
27375,7.604659635939257
27376,7.604659635939257
27377,7.604659635939257
27378,6.92667583577178
27379,7.604659635939257
27380,7.604659635939257
27381,7.584088610196046
27382,8.0
27383,8.0
27384,7.604659635939257
27385,6.999999996957107
27386,5.0
27387,7.604659635939257
27388,7.604659635939257
27389,7.604659635939257
27390,7.604659635939257
27391,7.604659635939257
27392,7.604659635939257
27393,10.0
27394,8.0
27395,6.291796066712517
27396,10.0
27397,7.604659635939257
27398,8.0
27399,7.333333334444444
27400,7.604659635939257
27401,8.424811556837364
27402,7.604659635939257
27403,7.18469903170012
27404,9.999999986055728
27405,7.604659635939257
27406,6.2500000015624995
27407,8.99999999
27408,7.604659635939257
27409,8.0
27410,7.604659635939257
27411,8.0
27412,8.999999990000001
27413,7.0
27414,7.604659635939257
27415,8.25
27416,4.0
27417,7.604659635939257
27418,7.604659635939257
27419,7.604659635939257
27420,7.604659635939257
27421,7.604659635939257
27422,7.0
27423,7.604659635939257
27424,8.0
27425,10.0
27426,5.0
27427,7.604659635939257
27428,7.604659635939257
27429,8.439607805624842
27430,7.604659635939257
27431,7.812791603928603
27432,9.0
27433,7.604659635939257
27434,7.51778814319957
27435,7.604659635939257
27436,7.604659635939257
27437,7.604659635939257
27438,7.604659635939257
27439,7.604659635939257
27440,7.604659635939257
27441,7.604659635939257
27442,7.604659635939257
27443,7.604659635939257
27444,8.99999999684624
27445,7.604659635939257
27446,8.0
27447,7.604659635939257
27448,7.604659635939257
27449,7.604659635939257
27450,7.604659635939257
27451,7.604659635939257
27452,7.604659635939257
27453,7.604659635939257
27454,10.0
27455,7.0
27456,10.0
27457,7.000000000000001
27458,7.604659635939257
27459,8.62107242447525
27460,8.0
27461,8.0
27462,7.0
27463,7.604659635939257
27464,7.0
27465,7.604659635939257
27466,7.604659635939257
27467,7.604659635939257
27468,7.999999999999999
27469,8.0
27470,7.604659635939257
27471,7.604659635939257
27472,7.604659635939257
27473,5.000000029999999
27474,7.604659635939257
27475,7.604659635939257
27476,9.999999997642977
27477,7.0
27478,7.604659635939257
27479,7.604659635939257
27480,8.477824104217008
27481,7.604659635939257
27482,7.604659635939257
27483,7.604659635939257
27484,8.0
27485,9.0
27486,8.000000009999999
27487,7.604659635939257
27488,7.0
27489,7.604659635939257
27490,7.604659635939257
27491,7.6666666688888885
27492,7.604659635939257
27493,8.0
27494,7.604659635939257
27495,8.000000009999999
27496,6.136527057848494
27497,8.0
27498,5.75
27499,7.604659635939257
27500,7.604659635939257
27501,7.604659635939257
27502,7.604659635939257
27503,8.0
27504,7.604659635939257
27505,7.604659635939257
27506,7.604659635939257
27507,7.604659635939257
27508,8.0
27509,7.604659635939257
27510,7.604659635939257
27511,7.604659635939257
27512,7.604659635939257
27513,9.0
27514,7.0
27515,7.604659635939257
27516,7.604659635939257
27517,7.604659635939257
27518,7.173790346356329
27519,7.828427126167547
27520,7.604659635939257
27521,7.604659635939257
27522,7.604659635939257
27523,8.0
27524,7.604659635939257
27525,7.604659635939257
27526,7.604659635939257
27527,8.0
27528,7.604659635939257
27529,7.604659635939257
27530,8.749999993750002
27531,7.324576745344758
27532,7.604659635939257
27533,7.604659635939257
27534,10.0
27535,7.604659635939257
27536,8.14758025959145
27537,7.0
27538,7.604659635939257
27539,7.604659635939257
27540,7.604659635939257
27541,8.0
27542,8.440962419086134
27543,9.0
27544,7.604659635939257
27545,7.604659635939257
27546,7.604659635939257
27547,8.0
27548,7.604659635939257
27549,7.604659635939257
27550,7.604659635939257
27551,7.604659635939257
27552,7.000000001428571
27553,7.604659635939257
27554,7.604659635939257
27555,9.211427720881664
27556,7.604659635939257
27557,6.84801501038317
27558,9.0
27559,7.604659635939257
27560,7.604659635939257
27561,7.604659635939257
27562,7.604659635939257
27563,8.0
27564,7.604659635939257
27565,7.0
27566,4.999999999999999
27567,7.604659635939257
27568,9.0
27569,7.604659635939257
27570,8.999999970000001
27571,7.604659635939257
27572,7.604659635939257
27573,8.0
27574,7.604659635939257
27575,5.666666671111112
27576,7.604659635939257
27577,7.604659635939257
27578,7.604659635939257
27579,7.604659635939257
27580,7.604659635939257
27581,7.604659635939257
27582,8.0
27583,8.0
27584,7.0
27585,7.604659635939257
27586,7.604659635939257
27587,7.604659635939257
27588,7.604659635939257
27589,7.604659635939257
27590,7.604659635939257
27591,9.31542705222015
27592,7.604659635939257
27593,7.604659635939257
27594,7.604659635939257
27595,7.604659635939257
27596,7.604659635939257
27597,7.604659635939257
27598,10.0
27599,7.604659635939257
27600,7.604659635939257
27601,7.0
27602,7.604659635939257
27603,8.0
27604,9.33333332888889
27605,7.604659635939257
27606,7.0
27607,7.604659635939257
27608,7.0
27609,7.604659635939257
27610,7.604659635939257
27611,7.604659635939257
27612,8.0
27613,7.604659635939257
27614,7.604659635939257
27615,7.0
27616,7.604659635939257
27617,7.999999996464467
27618,7.604659635939257
27619,8.0
27620,7.604659635939257
27621,7.604659635939257
27622,7.604659635939257
27623,7.604659635939257
27624,7.604659635939257
27625,10.0
27626,10.0
27627,7.604659635939257
27628,8.0
27629,7.999999997142859
27630,8.0
27631,10.0
27632,7.604659635939257
27633,7.604659635939257
27634,7.604659635939257
27635,7.166666665555556
27636,7.604659635939257
27637,7.604659635939257
27638,8.830348228774492
27639,7.0
27640,8.6249999971875
27641,6.500000000000001
27642,7.604659635939257
27643,7.59470942003826
27644,8.0
27645,5.000000010000001
27646,7.0
27647,7.55107910412286
27648,7.604659635939257
27649,7.604659635939257
27650,10.0
27651,7.604659635939257
27652,7.604659635939257
27653,7.0
27654,7.604659635939257
27655,8.0
27656,7.604659635939257
27657,7.604659635939257
27658,7.604659635939257
27659,7.604659635939257
27660,8.999999999999998
27661,7.604659635939257
27662,7.604659635939257
27663,8.0
27664,8.0
27665,7.604659635939257
27666,7.604659635939257
27667,7.604659635939257
27668,9.999999999999998
27669,7.604659635939257
27670,7.604659635939257
27671,7.604659635939257
27672,7.604659635939257
27673,7.604659635939257
27674,7.0
27675,8.0
27676,7.604659635939257
27677,9.0
27678,7.604659635939257
27679,7.604659635939257
27680,7.604659635939257
27681,7.604659635939257
27682,10.000000000000002
27683,7.604659635939257
27684,7.604659635939257
27685,7.604659635939257
27686,7.604659635939257
27687,8.999999999999998
27688,7.604659635939257
27689,7.238522357943316
27690,7.604659635939257
27691,7.604659635939257
27692,7.604659635939257
27693,5.500000003333334
27694,7.604659635939257
27695,6.0
27696,7.604659635939257
27697,7.604659635939257
27698,9.999999987866733
27699,7.604659635939257
27700,7.604659635939257
27701,7.604659635939257
27702,7.604659635939257
27703,8.640956396873742
27704,7.604659635939257
27705,7.604659635939257
27706,7.604659635939257
27707,7.604659635939257
27708,8.0
27709,8.333333332777778
27710,9.0
27711,7.604659635939257
27712,7.604659635939257
27713,7.604659635939257
27714,7.604659635939257
27715,10.0
27716,6.517348250268242
27717,7.604659635939257
27718,7.604659635939257
27719,7.604659635939257
27720,7.604659635939257
27721,2.000000109999997
27722,7.604659635939257
27723,7.604659635939257
27724,7.604659635939257
27725,8.148292783796295
27726,8.0
27727,7.604659635939257
27728,7.604659635939257
27729,7.604659635939257
27730,7.0
27731,7.604659635939257
27732,7.604659635939257
27733,7.604659635939257
27734,4.0
27735,7.604659635939257
27736,6.9999999975
27737,7.604659635939257
27738,9.0
27739,7.604659635939257
27740,7.604659635939257
27741,7.604659635939257
27742,7.604659635939257
27743,7.604659635939257
27744,7.604659635939257
27745,7.604659635939257
27746,10.000000000000002
27747,7.0
27748,6.0
27749,7.499999994673761
27750,7.0
27751,8.0
27752,7.604659635939257
27753,7.604659635939257
27754,7.604659635939257
27755,7.604659635939257
27756,8.0
27757,7.0
27758,7.604659635939257
27759,9.437364648344943
27760,5.000000011435426
27761,7.604659635939257
27762,8.0
27763,7.49999999
27764,7.9999999875
27765,7.604659635939257
27766,7.604659635939257
27767,7.604659635939257
27768,8.0
27769,7.604659635939257
27770,6.206015430934848
27771,7.604659635939257
27772,8.0
27773,8.353461985659141
27774,7.604659635939257
27775,7.604659635939257
27776,7.604659635939257
27777,7.604659635939257
27778,6.000000059999999
27779,8.0
27780,7.604659635939257
27781,7.604659635939257
27782,7.604659635939257
27783,9.0
27784,7.9999999850000005
27785,9.999999997598078
27786,7.604659635939257
27787,7.604659635939257
27788,7.604659635939257
27789,9.999999986055728
27790,7.604659635939257
27791,6.000000002357022
27792,7.604659635939257
27793,7.604659635939257
27794,8.0
27795,7.604659635939257
27796,4.0
27797,7.604659635939257
27798,7.604659635939257
27799,7.604659635939257
27800,5.00000001
27801,9.999999999999998
27802,7.604659635939257
27803,7.604659635939257
27804,7.604659635939257
27805,7.604659635939257
27806,7.604659635939257
27807,7.604659635939257
27808,8.0
27809,6.9999999925
27810,10.0
27811,7.604659635939257
27812,9.0
27813,8.491803274700349
27814,8.75
27815,7.604659635939257
27816,7.604659635939257
27817,7.604659635939257
27818,8.136662153570617
27819,8.000000029999999
27820,7.604659635939257
27821,7.604659635939257
27822,7.604659635939257
27823,8.647604702296265
27824,5.037782395928199
27825,7.604659635939257
27826,7.604659635939257
27827,7.604659635939257
27828,7.604659635939257
27829,8.0
27830,7.604659635939257
27831,7.604659635939257
27832,10.0
27833,7.604659635939257
27834,7.604659635939257
27835,7.604659635939257
27836,5.500000000000001
27837,9.0
27838,5.000000009128709
27839,8.0
27840,7.604659635939257
27841,7.604659635939257
27842,7.604659635939257
27843,5.0
27844,9.0
27845,7.604659635939257
27846,7.604659635939257
27847,7.604659635939257
27848,6.499999994999999
27849,7.604659635939257
27850,7.604659635939257
27851,7.604659635939257
27852,7.604659635939257
27853,7.604659635939257
27854,7.604659635939257
27855,7.604659635939257
27856,7.604659635939257
27857,7.604659635939257
27858,7.604659635939257
27859,7.0
27860,7.604659635939257
27861,7.604659635939257
27862,8.0
27863,1.0000000149999995
27864,7.604659635939257
27865,8.0
27866,6.63260955968009
27867,8.0
27868,7.0
27869,7.604659635939257
27870,10.0
27871,7.0
27872,9.0
27873,8.00000001
27874,5.0
27875,7.604659635939257
27876,7.604659635939257
27877,7.604659635939257
27878,9.49999998125
27879,8.0
27880,8.13382029009687
27881,7.604659635939257
27882,7.75
27883,6.0
27884,7.604659635939257
27885,7.0
27886,7.604659635939257
27887,7.604659635939257
27888,7.604659635939257
27889,7.604659635939257
27890,7.604659635939257
27891,7.604659635939257
27892,8.306240527215664
27893,6.99999999
27894,7.604659635939257
27895,7.604659635939257
27896,7.604659635939257
27897,8.0
27898,7.604659635939257
27899,8.0
27900,7.604659635939257
27901,7.604659635939257
27902,7.0
27903,7.604659635939257
27904,7.604659635939257
27905,7.604659635939257
27906,8.5999999992
27907,9.0
27908,7.604659635939257
27909,9.200346067420107
27910,7.604659635939257
27911,7.604659635939257
27912,8.0
27913,6.857142857959182
27914,7.604659635939257
27915,7.604659635939257
27916,7.604659635939257
27917,7.604659635939257
27918,7.673934507072127
27919,7.604659635939257
27920,9.999999967350892
27921,8.0
27922,8.0
27923,7.604659635939257
27924,8.292353288778694
27925,8.0
27926,8.613383426670511
27927,7.604659635939257
27928,7.604659635939257
27929,5.0
27930,6.0
27931,7.604659635939257
27932,7.604659635939257
27933,7.604659635939257
27934,7.604659635939257
27935,7.604659635939257
27936,7.604659635939257
27937,7.0
27938,7.604659635939257
27939,7.604659635939257
27940,7.604659635939257
27941,7.750899539994218
27942,9.0
27943,7.604659635939257
27944,7.604659635939257
27945,7.666666667222222
27946,7.604659635939257
27947,7.8571428577200875
27948,7.604659635939257
27949,7.604659635939257
27950,7.604659635939257
27951,7.0
27952,7.604659635939257
27953,7.604659635939257
27954,5.0
27955,8.0
27956,7.604659635939257
27957,8.0
27958,9.0
27959,7.604659635939257
27960,7.604659635939257
27961,7.604659635939257
27962,8.0
27963,7.604659635939257
27964,9.500000004999999
27965,7.604659635939257
27966,7.604659635939257
27967,7.604659635939257
27968,7.604659635939257
27969,7.604659635939257
27970,7.604659635939257
27971,7.604659635939257
27972,8.75
27973,7.604659635939257
27974,7.604659635939257
27975,7.604659635939257
27976,7.604659635939257
27977,7.604659635939257
27978,8.0
27979,7.604659635939257
27980,7.604659635939257
27981,10.0
27982,8.0
27983,7.604659635939257
27984,7.604659635939257
27985,7.604659635939257
27986,8.0
27987,7.999999985
27988,7.604659635939257
27989,7.5269119369336295
27990,7.604659635939257
27991,7.604659635939257
27992,9.75
27993,7.604659635939257
27994,7.604659635939257
27995,7.604659635939257
27996,7.604659635939257
27997,8.0
27998,8.0
27999,7.604659635939257
28000,7.604659635939257
28001,7.604659635939257
28002,7.604659635939257
28003,4.999999999999999
28004,7.604659635939257
28005,8.0
28006,7.604659635939257
28007,10.0
28008,7.604659635939257
28009,9.528343083132135
28010,7.604659635939257
28011,7.604659635939257
28012,7.604659635939257
28013,7.604659635939257
28014,6.542056068788542
28015,7.604659635939257
28016,7.604659635939257
28017,8.0
28018,9.0
28019,7.604659635939257
28020,7.604659635939257
28021,7.0
28022,7.951451428995299
28023,8.571428571020407
28024,7.604659635939257
28025,6.416407865393406
28026,9.00000001
28027,7.0
28028,7.604659635939257
28029,7.604659635939257
28030,9.0
28031,8.0
28032,9.0
28033,9.0
28034,8.0
28035,8.803247663672106
28036,7.604659635939257
28037,7.604659635939257
28038,7.604659635939257
28039,9.000000003333334
28040,7.604659635939257
28041,8.0
28042,7.604659635939257
28043,9.0
28044,7.0
28045,9.0
28046,7.000000000000001
28047,8.0
28048,7.604659635939257
28049,7.604659635939257
28050,7.604659635939257
28051,7.604659635939257
28052,7.604659635939257
28053,7.604659635939257
28054,6.648531830118386
28055,7.604659635939257
28056,7.604659635939257
28057,7.604659635939257
28058,7.604659635939257
28059,8.666666664444444
28060,7.604659635939257
28061,7.604659635939257
28062,7.333333342222222
28063,5.0
28064,7.604659635939257
28065,7.604659635939257
28066,7.604659635939257
28067,7.604659635939257
28068,7.604659635939257
28069,7.604659635939257
28070,7.604659635939257
28071,7.604659635939257
28072,8.0
28073,7.604659635939257
28074,7.0
28075,7.9999999975
28076,7.604659635939257
28077,9.5
28078,8.0
28079,7.604659635939257
28080,7.604659635939257
28081,8.540761986939472
28082,8.623615031741933
28083,8.0
28084,5.953554234690431
28085,7.604659635939257
28086,7.604659635939257
28087,7.604659635939257
28088,7.604659635939257
28089,9.999999948000001
28090,7.604659635939257
28091,7.604659635939257
28092,7.604659635939257
28093,7.604659635939257
28094,7.604659635939257
28095,7.604659635939257
28096,7.604659635939257
28097,7.0
28098,7.604659635939257
28099,7.604659635939257
28100,8.0
28101,7.604659635939257
28102,7.0
28103,7.677243587788236
28104,7.604659635939257
28105,7.604659635939257
28106,7.604659635939257
28107,7.0
28108,7.604659635939257
28109,7.604659635939257
28110,8.0
28111,8.0
28112,7.604659635939257
28113,7.604659635939257
28114,7.604659635939257
28115,7.0
28116,7.604659635939257
28117,7.604659635939257
28118,7.604659635939257
28119,7.604659635939257
28120,7.604659635939257
28121,7.604659635939257
28122,7.604659635939257
28123,7.604659635939257
28124,7.604659635939257
28125,7.0
28126,7.604659635939257
28127,9.0
28128,7.604659635939257
28129,6.999999999999999
28130,7.00000001
28131,7.604659635939257
28132,7.604659635939257
28133,7.604659635939257
28134,8.0
28135,7.0
28136,7.604659635939257
28137,9.0
28138,7.604659635939257
28139,7.500000013168963
28140,7.604659635939257
28141,8.0
28142,7.604659635939257
28143,7.604659635939257
28144,7.604659635939257
28145,10.0
28146,7.604659635939257
28147,7.604659635939257
28148,4.0
28149,10.0
28150,7.604659635939257
28151,7.604659635939257
28152,7.604659635939257
28153,7.604659635939257
28154,7.604659635939257
28155,7.604659635939257
28156,7.604659635939257
28157,10.0
28158,8.25
28159,7.604659635939257
28160,7.604659635939257
28161,7.604659635939257
28162,7.604659635939257
28163,7.604659635939257
28164,7.00000003
28165,8.0
28166,7.604659635939257
28167,7.604659635939257
28168,8.0
28169,7.604659635939257
28170,7.604659635939257
28171,7.604659635939257
28172,7.604659635939257
28173,7.604659635939257
28174,8.0
28175,8.666666664444444
28176,7.604659635939257
28177,7.604659635939257
28178,7.604659635939257
28179,7.604659635939257
28180,7.604659635939257
28181,7.604659635939257
28182,7.604659635939257
28183,7.0
28184,8.27588723844308
28185,10.0
28186,7.604659635939257
28187,7.604659635939257
28188,7.604659635939257
28189,9.00000002
28190,7.604659635939257
28191,7.604659635939257
28192,7.604659635939257
28193,7.604659635939257
28194,8.0
28195,7.604659635939257
28196,7.604659635939257
28197,7.604659635939257
28198,7.0
28199,7.375225578955622
28200,7.604659635939257
28201,6.0
28202,7.604659635939257
28203,7.604659635939257
28204,7.604659635939257
28205,7.604659635939257
28206,8.99999999707107
28207,8.0
28208,7.604659635939257
28209,7.604659635939257
28210,7.604659635939257
28211,7.604659635939257
28212,8.0
28213,8.0
28214,7.604659635939257
28215,7.25
28216,7.604659635939257
28217,5.0
28218,7.604659635939257
28219,7.604659635939257
28220,7.604659635939257
28221,8.0
28222,8.0
28223,7.604659635939257
28224,7.604659635939257
28225,9.333333331111112
28226,7.604659635939257
28227,7.604659635939257
28228,8.000000029999999
28229,7.604659635939257
28230,7.604659635939257
28231,7.604659635939257
28232,10.0
28233,7.604659635939257
28234,7.604659635939257
28235,7.604659635939257
28236,7.604659635939257
28237,7.604659635939257
28238,7.604659635939257
28239,7.604659635939257
28240,7.604659635939257
28241,7.0
28242,10.0
28243,7.604659635939257
28244,7.604659635939257
28245,7.604659635939257
28246,5.000000006666666
28247,8.0
28248,7.604659635939257
28249,8.0
28250,7.604659635939257
28251,7.604659635939257
28252,7.604659635939257
28253,5.750000000000001
28254,7.604659635939257
28255,7.604659635939257
28256,7.604659635939257
28257,9.999999996464465
28258,8.0
28259,8.71563006505868
28260,7.604659635939257
28261,7.604659635939257
28262,7.604659635939257
28263,7.604659635939257
28264,7.000000000000001
28265,8.909090909421487
28266,9.0
28267,7.604659635939257
28268,7.604659635939257
28269,8.0
28270,8.0
28271,7.604659635939257
28272,7.604659635939257
28273,8.0
28274,6.285058660371132
28275,7.604659635939257
28276,7.604659635939257
28277,7.999999993000939
28278,7.604659635939257
28279,7.604659635939257
28280,7.604659635939257
28281,7.604659635939257
28282,10.0
28283,7.604659635939257
28284,7.604659635939257
28285,7.604659635939257
28286,7.604659635939257
28287,7.604659635939257
28288,7.604659635939257
28289,7.604659635939257
28290,7.604659635939257
28291,7.604659635939257
28292,8.999999984999999
28293,7.604659635939257
28294,7.604659635939257
28295,7.604659635939257
28296,7.604659635939257
28297,7.604659635939257
28298,9.0
28299,7.604659635939257
28300,8.0
28301,7.604659635939257
28302,8.0
28303,7.604659635939257
28304,8.0
28305,7.604659635939257
28306,6.999999993737735
28307,7.604659635939257
28308,7.604659635939257
28309,7.604659635939257
28310,9.0
28311,7.604659635939257
28312,6.000000002707909
28313,8.0
28314,8.999999995
28315,7.604659635939257
28316,8.0
28317,7.604659635939257
28318,7.604659635939257
28319,7.604659635939257
28320,7.604659635939257
28321,7.500000000000001
28322,9.999999991339747
28323,8.0
28324,8.0
28325,7.604659635939257
28326,7.604659635939257
28327,7.604659635939257
28328,8.0
28329,7.604659635939257
28330,7.604659635939257
28331,7.604659635939257
28332,6.333333335555555
28333,7.604659635939257
28334,9.999999955000002
28335,7.604659635939257
28336,7.604659635939257
28337,10.0
28338,9.0
28339,7.604659635939257
28340,7.0
28341,8.259463816490388
28342,5.0000000048562105
28343,7.604659635939257
28344,7.604659635939257
28345,7.604659635939257
28346,7.604659635939257
28347,7.604659635939257
28348,7.604659635939257
28349,8.0
28350,6.9269039034954005
28351,8.0
28352,7.604659635939257
28353,7.604659635939257
28354,7.604659635939257
28355,7.0
28356,7.604659635939257
28357,7.0
28358,7.0
28359,9.0
28360,7.604659635939257
28361,7.604659635939257
28362,9.0
28363,7.604659635939257
28364,7.0
28365,7.604659635939257
28366,8.0
28367,7.604659635939257
28368,8.0
28369,7.604659635939257
28370,7.604659635939257
28371,7.604659635939257
28372,9.544650675216136
28373,7.604659635939257
28374,7.604659635939257
28375,8.0
28376,7.604659635939257
28377,7.604659635939257
28378,7.604659635939257
28379,7.0
28380,8.99999999875
28381,8.0
28382,10.0
28383,7.0
28384,7.604659635939257
28385,8.0
28386,7.604659635939257
28387,7.604659635939257
28388,8.0
28389,7.604659635939257
28390,7.604659635939257
28391,7.604659635939257
28392,7.604659635939257
28393,7.604659635939257
28394,7.604659635939257
28395,8.0
28396,7.0
28397,7.604659635939257
28398,9.999999999999998
28399,7.604659635939257
28400,7.604659635939257
28401,7.604659635939257
28402,7.604659635939257
28403,7.604659635939257
28404,7.0
28405,7.604659635939257
28406,7.604659635939257
28407,7.604659635939257
28408,7.604659635939257
28409,3.5000000599999983
28410,4.0
28411,7.604659635939257
28412,7.604659635939257
28413,8.0
28414,7.604659635939257
28415,7.554273845193014
28416,7.604659635939257
28417,7.604659635939257
28418,7.604659635939257
28419,9.0
28420,8.0
28421,7.604659635939257
28422,3.0
28423,7.0
28424,8.0
28425,7.604659635939257
28426,7.604659635939257
28427,7.604659635939257
28428,7.604659635939257
28429,7.604659635939257
28430,8.0
28431,7.604659635939257
28432,7.0
28433,8.0
28434,7.604659635939257
28435,7.0
28436,8.0
28437,7.604659635939257
28438,5.0
28439,7.604659635939257
28440,8.0
28441,7.604659635939257
28442,7.604659635939257
28443,8.0
28444,7.604659635939257
28445,7.604659635939257
28446,7.604659635939257
28447,7.604659635939257
28448,7.604659635939257
28449,8.25
28450,7.604659635939257
28451,7.604659635939257
28452,7.604659635939257
28453,7.604659635939257
28454,7.604659635939257
28455,10.0
28456,7.604659635939257
28457,7.604659635939257
28458,7.604659635939257
28459,8.0
28460,8.000000012236068
28461,7.604659635939257
28462,7.604659635939257
28463,7.604659635939257
28464,6.0000000149999995
28465,7.604659635939257
28466,7.604659635939257
28467,7.604659635939257
28468,7.604659635939257
28469,8.730858943425574
28470,7.30184062124314
28471,7.604659635939257
28472,7.604659635939257
28473,9.0
28474,7.604659635939257
28475,7.604659635939257
28476,9.0
28477,10.0
28478,5.0
28479,8.0
28480,7.0
28481,7.604659635939257
28482,5.0000000133333335
28483,7.604659635939257
28484,7.604659635939257
28485,7.604659635939257
28486,7.604659635939257
28487,7.604659635939257
28488,7.604659635939257
28489,7.604659635939257
28490,8.0
28491,8.0
28492,9.999999999999998
28493,7.604659635939257
28494,7.000000011666667
28495,9.0
28496,7.604659635939257
28497,7.604659635939257
28498,8.517444219348345
28499,7.604659635939257
28500,7.604659635939257
28501,4.5565901838447
28502,7.604659635939257
28503,7.604659635939257
28504,7.604659635939257
28505,7.604659635939257
28506,7.604659635939257
28507,10.000000000000002
28508,8.0
28509,10.000000000000002
28510,7.604659635939257
28511,7.604659635939257
28512,8.0
28513,10.0
28514,7.604659635939257
28515,7.604659635939257
28516,8.0
28517,9.64039640296313
28518,9.0
28519,7.604659635939257
28520,7.604659635939257
28521,8.0
28522,8.25
28523,7.604659635939257
28524,7.604659635939257
28525,7.604659635939257
28526,7.604659635939257
28527,7.604659635939257
28528,7.604659635939257
28529,7.604659635939257
28530,10.0
28531,8.0
28532,7.604659635939257
28533,8.166666667777777
28534,8.0
28535,10.0
28536,7.70139021983725
28537,7.604659635939257
28538,7.604659635939257
28539,6.999999991666667
28540,8.0
28541,7.604659635939257
28542,7.604659635939257
28543,7.604659635939257
28544,7.000000005
28545,7.604659635939257
28546,7.604659635939257
28547,8.0
28548,8.0
28549,8.0
28550,7.604659635939257
28551,7.666666664444445
28552,8.0
28553,7.604659635939257
28554,7.999999996666667
28555,7.604659635939257
28556,7.604659635939257
28557,7.604659635939257
28558,9.0
28559,7.604659635939257
28560,7.604659635939257
28561,7.604659635939257
28562,7.000000011138803
28563,9.0
28564,7.604659635939257
28565,10.0
28566,6.0
28567,10.0
28568,7.0
28569,8.0
28570,8.0
28571,7.604659635939257
28572,7.604659635939257
28573,7.604659635939257
28574,8.0
28575,8.999999999999998
28576,7.604659635939257
28577,10.0
28578,6.0
28579,7.604659635939257
28580,7.604659635939257
28581,7.604659635939257
28582,5.0000000274262915
28583,7.604659635939257
28584,7.604659635939257
28585,7.604659635939257
28586,8.53846153781065
28587,7.604659635939257
28588,8.0
28589,7.604659635939257
28590,7.0
28591,7.0
28592,7.0000000149999995
28593,8.0
28594,9.0
28595,7.604659635939257
28596,7.604659635939257
28597,6.0
28598,6.000000000000001
28599,7.604659635939257
28600,7.5946186280416175
28601,6.0
28602,10.0
28603,7.604659635939257
28604,8.0
28605,7.604659635939257
28606,9.999999996666666
28607,7.604659635939257
28608,8.0
28609,9.0
28610,7.604659635939257
28611,7.604659635939257
28612,7.604659635939257
28613,7.604659635939257
28614,7.604659635939257
28615,7.604659635939257
28616,7.604659635939257
28617,7.604659635939257
28618,8.0
28619,7.604659635939257
28620,7.0
28621,10.0
28622,10.0
28623,6.75
28624,8.0
28625,7.604659635939257
28626,7.604659635939257
28627,7.604659635939257
28628,7.604659635939257
28629,7.42857142755102
28630,7.604659635939257
28631,7.604659635939257
28632,7.0
28633,9.5
28634,7.604659635939257
28635,7.604659635939257
28636,7.604659635939257
28637,7.604659635939257
28638,7.999999999999999
28639,7.604659635939257
28640,7.604659635939257
28641,7.604659635939257
28642,7.604659635939257
28643,9.0
28644,8.0
28645,8.987407651542007
28646,7.604659635939257
28647,6.85714285632653
28648,7.604659635939257
28649,7.604659635939257
28650,7.604659635939257
28651,7.604659635939257
28652,7.604659635939257
28653,7.604659635939257
28654,7.604659635939257
28655,7.604659635939257
28656,8.999999985
28657,7.604659635939257
28658,7.604659635939257
28659,7.604659635939257
28660,8.0
28661,7.604659635939257
28662,9.0
28663,8.0
28664,7.604659635939257
28665,7.0
28666,7.604659635939257
28667,7.804065795618635
28668,7.604659635939257
28669,7.604659635939257
28670,7.604659635939257
28671,6.00000003
28672,7.604659635939257
28673,9.0
28674,7.604659635939257
28675,7.604659635939257
28676,7.604659635939257
28677,7.604659635939257
28678,5.0
28679,8.0
28680,7.449202958253253
28681,7.604659635939257
28682,7.604659635939257
28683,9.0
28684,7.604659635939257
28685,7.509909652989702
28686,7.604659635939257
28687,6.0
28688,7.604659635939257
28689,7.604659635939257
28690,7.604659635939257
28691,7.0
28692,8.666666664444444
28693,8.150161481129647
28694,8.0
28695,8.0
28696,9.0
28697,9.999999940000004
28698,5.0
28699,7.604659635939257
28700,7.604659635939257
28701,8.0
28702,7.604659635939257
28703,7.604659635939257
28704,7.604659635939257
28705,7.604659635939257
28706,9.087193861199768
28707,8.0
28708,7.604659635939257
28709,7.604659635939257
28710,7.604659635939257
28711,7.604659635939257
28712,7.604659635939257
28713,7.604659635939257
28714,7.604659635939257
28715,8.0
28716,7.604659635939257
28717,7.604659635939257
28718,7.604659635939257
28719,7.0
28720,7.604659635939257
28721,7.604659635939257
28722,7.0
28723,7.604659635939257
28724,7.604659635939257
28725,7.604659635939257
28726,7.300101423320944
28727,9.0
28728,7.000000000000001
28729,8.57142857265306
28730,7.604659635939257
28731,7.604659635939257
28732,7.604659635939257
28733,10.0
28734,9.74999999875
28735,7.604659635939257
28736,7.604659635939257
28737,7.604659635939257
28738,7.604659635939257
28739,6.5000000125
28740,7.0
28741,7.604659635939257
28742,7.604659635939257
28743,8.0
28744,7.604659635939257
28745,7.604659635939257
28746,7.0
28747,7.0
28748,9.999999999999998
28749,6.0
28750,6.0000000349999985
28751,7.604659635939257
28752,8.0
28753,7.604659635939257
28754,7.604659635939257
28755,7.604659635939257
28756,7.604659635939257
28757,7.604659635939257
28758,8.0
28759,7.0
28760,7.604659635939257
28761,7.0
28762,7.604659635939257
28763,7.604659635939257
28764,7.604659635939257
28765,10.0
28766,7.604659635939257
28767,7.0
28768,7.604659635939257
28769,7.604659635939257
28770,5.0
28771,7.604659635939257
28772,7.604659635939257
28773,7.0
28774,7.604659635939257
28775,7.604659635939257
28776,7.604659635939257
28777,7.604659635939257
28778,9.0
28779,7.604659635939257
28780,7.604659635939257
28781,7.604659635939257
28782,8.999999960000002
28783,7.604659635939257
28784,7.604659635939257
28785,8.0
28786,7.604659635939257
28787,7.604659635939257
28788,7.604659635939257
28789,7.604659635939257
28790,7.604659635939257
28791,7.604659635939257
28792,7.604659635939257
28793,8.0
28794,8.0
28795,7.604659635939257
28796,7.604659635939257
28797,7.604659635939257
28798,6.00000002
28799,7.604659635939257
28800,7.604659635939257
28801,7.604659635939257
28802,7.604659635939257
28803,7.604659635939257
28804,9.99999999
28805,7.604659635939257
28806,6.0
28807,8.5
28808,7.604659635939257
28809,7.604659635939257
28810,7.604659635939257
28811,9.0
28812,7.604659635939257
28813,8.0
28814,7.604659635939257
28815,8.0
28816,7.604659635939257
28817,7.604659635939257
28818,10.0
28819,7.604659635939257
28820,7.604659635939257
28821,7.604659635939257
28822,10.0
28823,7.604659635939257
28824,7.604659635939257
28825,8.499999985
28826,10.0
28827,7.604659635939257
28828,8.0
28829,7.604659635939257
28830,7.604659635939257
28831,7.604659635939257
28832,7.604659635939257
28833,7.604659635939257
28834,7.604659635939257
28835,7.0
28836,7.604659635939257
28837,7.604659635939257
28838,4.999999999999999
28839,7.604659635939257
28840,7.604659635939257
28841,8.938821646333743
28842,5.0
28843,7.604659635939257
28844,10.0
28845,7.604659635939257
28846,7.604659635939257
28847,5.000000021517379
28848,7.604659635939257
28849,8.75
28850,7.604659635939257
28851,7.604659635939257
28852,7.604659635939257
28853,7.604659635939257
28854,7.604659635939257
28855,7.604659635939257
28856,7.604659635939257
28857,7.604659635939257
28858,7.604659635939257
28859,7.0
28860,7.604659635939257
28861,7.604659635939257
28862,6.000000032928932
28863,7.604659635939257
28864,7.604659635939257
28865,7.604659635939257
28866,8.0
28867,8.000000014142138
28868,7.604659635939257
28869,7.604659635939257
28870,7.604659635939257
28871,7.604659635939257
28872,5.75
28873,6.371329315869185
28874,7.604659635939257
28875,7.604659635939257
28876,4.999999999999999
28877,7.604659635939257
28878,8.0
28879,7.604659635939257
28880,7.604659635939257
28881,7.604659635939257
28882,7.604659635939257
28883,7.604659635939257
28884,7.604659635939257
28885,8.999999975453465
28886,7.604659635939257
28887,7.604659635939257
28888,8.0
28889,7.604659635939257
28890,7.873458623511465
28891,8.0
28892,7.604659635939257
28893,7.604659635939257
28894,7.000000009999999
28895,7.604659635939257
28896,6.333333338888889
28897,7.270707735237796
28898,7.604659635939257
28899,7.604659635939257
28900,10.0
28901,7.604659635939257
28902,7.0
28903,7.604659635939257
28904,8.0
28905,7.604659635939257
28906,7.604659635939257
28907,9.0
28908,7.604659635939257
28909,7.604659635939257
28910,7.604659635939257
28911,7.604659635939257
28912,7.222222223703703
28913,8.188345161329591
28914,8.0
28915,7.604659635939257
28916,6.500000009999999
28917,7.604659635939257
28918,7.604659635939257
28919,7.604659635939257
28920,7.604659635939257
28921,7.604659635939257
28922,7.604659635939257
28923,8.0
28924,7.604659635939257
28925,7.604659635939257
28926,9.333333332222223
28927,7.604659635939257
28928,7.604659635939257
28929,7.604659635939257
28930,7.604659635939257
28931,7.604659635939257
28932,7.604659635939257
28933,7.604659635939257
28934,7.604659635939257
28935,4.9999999975
28936,9.0
28937,8.721281601219887
28938,7.604659635939257
28939,7.0
28940,7.604659635939257
28941,7.604659635939257
28942,9.99999999095341
28943,5.0
28944,7.604659635939257
28945,7.0
28946,8.0
28947,7.604659635939257
28948,7.604659635939257
28949,7.604659635939257
28950,9.333333325555556
28951,9.75
28952,8.0
28953,7.604659635939257
28954,7.604659635939257
28955,7.604659635939257
28956,5.651387822551168
28957,7.604659635939257
28958,7.604659635939257
28959,8.0
28960,7.604659635939257
28961,7.604659635939257
28962,8.0
28963,7.604659635939257
28964,6.0
28965,7.604659635939257
28966,6.5
28967,7.604659635939257
28968,8.0
28969,7.604659635939257
28970,6.4142135630837736
28971,7.604659635939257
28972,10.0
28973,7.000000000000001
28974,7.604659635939257
28975,7.604659635939257
28976,5.000000068572002
28977,7.604659635939257
28978,7.604659635939257
28979,5.506771394649418
28980,8.0
28981,7.604659635939257
28982,8.3999999964
28983,7.604659635939257
28984,7.604659635939257
28985,7.604659635939257
28986,9.0
28987,7.604659635939257
28988,4.000000076666666
28989,7.604659635939257
28990,9.33333332888889
28991,7.604659635939257
28992,5.0
28993,7.604659635939257
28994,7.604659635939257
28995,9.499999995
28996,10.0
28997,7.604659635939257
28998,8.0
28999,7.604659635939257
29000,7.0
29001,7.604659635939257
29002,7.604659635939257
29003,7.604659635939257
29004,8.0
29005,10.0
29006,7.604659635939257
29007,7.604659635939257
29008,7.604659635939257
29009,7.604659635939257
29010,7.604659635939257
29011,7.604659635939257
29012,7.604659635939257
29013,9.0
29014,8.999999983333336
29015,7.604659635939257
29016,9.0
29017,7.604659635939257
29018,7.604659635939257
29019,7.604659635939257
29020,8.0
29021,7.604659635939257
29022,7.0
29023,8.75
29024,7.604659635939257
29025,7.604659635939257
29026,7.604659635939257
29027,8.285714285510204
29028,8.0
29029,6.649909768742708
29030,7.604659635939257
29031,8.0
29032,9.0
29033,7.604659635939257
29034,9.99999998
29035,8.000000006666667
29036,6.0
29037,7.604659635939257
29038,8.0
29039,9.491823691316068
29040,10.0
29041,7.604659635939257
29042,7.604659635939257
29043,7.604659635939257
29044,7.604659635939257
29045,6.2500000015624995
29046,7.0
29047,7.604659635939257
29048,7.0
29049,7.604659635939257
29050,7.604659635939257
29051,7.604659635939257
29052,7.604659635939257
29053,7.604659635939257
29054,7.604659635939257
29055,8.54545454677686
29056,8.0
29057,8.000000006666667
29058,8.0
29059,7.0
29060,7.604659635939257
29061,7.604659635939257
29062,7.604659635939257
29063,8.0
29064,7.604659635939257
29065,8.0
29066,7.604659635939257
29067,7.604659635939257
29068,2.0
29069,7.604659635939257
29070,7.999999990000002
29071,8.0
29072,7.604659635939257
29073,7.000000019142136
29074,7.692319495003648
29075,7.604659635939257
29076,7.604659635939257
29077,7.604659635939257
29078,7.604659635939257
29079,7.604659635939257
29080,7.604659635939257
29081,9.999999890000005
29082,7.0
29083,8.0
29084,7.604659635939257
29085,7.604659635939257
29086,7.4999999946967
29087,8.0
29088,7.604659635939257
29089,7.604659635939257
29090,7.604659635939257
29091,8.636363638512396
29092,5.0
29093,8.0
29094,9.0
29095,7.604659635939257
29096,7.604659635939257
29097,7.604659635939257
29098,9.999999990000001
29099,7.604659635939257
29100,7.0
29101,7.604659635939257
29102,7.604659635939257
29103,7.0
29104,7.604659635939257
29105,7.604659635939257
29106,7.604659635939257
29107,7.604659635939257
29108,7.604659635939257
29109,7.604659635939257
29110,7.604659635939257
29111,7.604659635939257
29112,7.604659635939257
29113,7.604659635939257
29114,7.604659635939257
29115,7.604659635939257
29116,10.0
29117,7.604659635939257
29118,7.604659635939257
29119,7.604659635939257
29120,8.0
29121,7.604659635939257
29122,7.604659635939257
29123,7.604659635939257
29124,8.0
29125,6.0
29126,7.604659635939257
29127,7.604659635939257
29128,7.604659635939257
29129,7.604659635939257
29130,10.0
29131,7.604659635939257
29132,7.604659635939257
29133,7.604659635939257
29134,8.0
29135,7.604659635939257
29136,7.604659635939257
29137,5.697893789215712
29138,7.604659635939257
29139,8.0
29140,7.604659635939257
29141,7.604659635939257
29142,9.999999955
29143,6.0
29144,7.604659635939257
29145,7.604659635939257
29146,8.49999999
29147,10.0
29148,7.604659635939257
29149,7.604659635939257
29150,7.604659635939257
29151,7.604659635939257
29152,7.604659635939257
29153,7.604659635939257
29154,7.604659635939257
29155,7.0
29156,7.604659635939257
29157,8.0
29158,7.604659635939257
29159,7.604659635939257
29160,7.604659635939257
29161,10.0
29162,6.444724907084126
29163,9.99999999
29164,7.604659635939257
29165,7.604659635939257
29166,9.99999999
29167,7.604659635939257
29168,7.604659635939257
29169,7.604659635939257
29170,8.642857144081633
29171,7.604659635939257
29172,7.604659635939257
29173,7.604659635939257
29174,7.999999995
29175,7.604659635939257
29176,7.9999999975
29177,7.604659635939257
29178,7.604659635939257
29179,6.4298468880528015
29180,7.604659635939257
29181,7.604659635939257
29182,7.604659635939257
29183,7.604659635939257
29184,8.0
29185,7.604659635939257
29186,7.604659635939257
29187,7.604659635939257
29188,6.0
29189,7.604659635939257
29190,7.604659635939257
29191,5.0
29192,7.604659635939257
29193,7.604659635939257
29194,7.604659635939257
29195,7.604659635939257
29196,7.500000004999999
29197,8.0
29198,7.0
29199,7.604659635939257
29200,7.604659635939257
29201,6.0
29202,7.604659635939257
29203,7.604659635939257
29204,9.999999990781898
29205,8.000000001764704
29206,7.604659635939257
29207,7.604659635939257
29208,7.604659635939257
29209,7.604659635939257
29210,7.604659635939257
29211,7.0
29212,9.0
29213,7.75
29214,9.99999998
29215,7.604659635939257
29216,7.604659635939257
29217,9.25
29218,6.3999999996
29219,7.000000000000001
29220,7.604659635939257
29221,8.0
29222,7.604659635939257
29223,7.604659635939257
29224,9.0
29225,7.604659635939257
29226,8.0
29227,10.0
29228,5.000000022508431
29229,7.604659635939257
29230,7.604659635939257
29231,7.604659635939257
29232,7.0
29233,9.5
29234,7.604659635939257
29235,8.0
29236,8.0
29237,9.999999965
29238,8.0
29239,7.604659635939257
29240,7.604659635939257
29241,7.604659635939257
29242,7.604659635939257
29243,7.604659635939257
29244,8.0
29245,7.999999964461162
29246,7.604659635939257
29247,7.604659635939257
29248,3.0
29249,7.604659635939257
29250,8.0
29251,7.604659635939257
29252,8.0
29253,7.604659635939257
29254,7.604659635939257
29255,7.604659635939257
29256,7.604659635939257
29257,7.604659635939257
29258,7.604659635939257
29259,8.0
29260,8.0
29261,8.42124574294474
29262,8.0
29263,8.0
29264,8.568796492041376
29265,8.0
29266,7.604659635939257
29267,8.0
29268,5.000000037109976
29269,7.604659635939257
29270,7.604659635939257
29271,7.154508497777642
29272,7.0
29273,7.604659635939257
29274,7.604659635939257
29275,7.604659635939257
29276,7.604659635939257
29277,7.604659635939257
29278,9.252650309212001
29279,7.999999940000004
29280,9.99999998
29281,7.853193784273984
29282,7.604659635939257
29283,7.604659635939257
29284,9.0
29285,7.604659635939257
29286,10.0
29287,7.604659635939257
29288,7.468827394644077
29289,7.604659635939257
29290,7.604659635939257
29291,7.604659635939257
29292,7.0
29293,7.604659635939257
29294,7.604659635939257
29295,10.0
29296,7.604659635939257
29297,9.999999999999998
29298,7.604659635939257
29299,7.604659635939257
29300,7.604659635939257
29301,7.604659635939257
29302,7.604659635939257
29303,7.604659635939257
29304,7.604659635939257
29305,7.999999993333334
29306,7.604659635939257
29307,7.0
29308,7.604659635939257
29309,7.604659635939257
29310,7.588261503974737
29311,8.0
29312,7.604659635939257
29313,7.604659635939257
29314,7.604659635939257
29315,8.0
29316,7.604659635939257
29317,7.604659635939257
29318,7.604659635939257
29319,7.604659635939257
29320,6.0
29321,7.604659635939257
29322,9.0
29323,8.999999973333335
29324,7.604659635939257
29325,7.604659635939257
29326,6.0
29327,7.0
29328,8.0
29329,7.604659635939257
29330,7.0
29331,8.61803398897532
29332,7.604659635939257
29333,7.604659635939257
29334,8.0
29335,7.0
29336,7.604659635939257
29337,7.604659635939257
29338,8.66666667111111
29339,7.604659635939257
29340,8.0
29341,7.0
29342,7.604659635939257
29343,7.604659635939257
29344,7.604659635939257
29345,7.604659635939257
29346,7.0
29347,7.604659635939257
29348,7.604659635939257
29349,10.0
29350,7.604659635939257
29351,7.604659635939257
29352,7.604659635939257
29353,7.604659635939257
29354,7.604659635939257
29355,7.604659635939257
29356,9.999999920000004
29357,7.604659635939257
29358,8.166666667222222
29359,7.604659635939257
29360,7.604659635939257
29361,7.3714312611304
29362,7.604659635939257
29363,7.0
29364,7.604659635939257
29365,7.0
29366,7.604659635939257
29367,8.843953026075996
29368,6.500000000000001
29369,7.333333332222222
29370,7.604659635939257
29371,7.604659635939257
29372,7.604659635939257
29373,7.604659635939257
29374,7.764825867490067
29375,7.604659635939257
29376,7.604659635939257
29377,8.0
29378,7.604659635939257
29379,7.604659635939257
29380,8.0
29381,8.0
29382,7.604659635939257
29383,7.604659635939257
29384,7.604659635939257
29385,7.604659635939257
29386,7.604659635939257
29387,7.000000000000001
29388,7.0
29389,7.604659635939257
29390,7.604659635939257
29391,8.0
29392,7.604659635939257
29393,7.604659635939257
29394,7.604659635939257
29395,7.604659635939257
29396,7.604659635939257
29397,7.604659635939257
29398,7.604659635939257
29399,8.0
29400,7.604659635939257
29401,7.604659635939257
29402,7.604659635939257
29403,7.604659635939257
29404,7.604659635939257
29405,8.0
29406,10.0
29407,8.75
29408,5.456776439459802
29409,7.604659635939257
29410,7.604659635939257
29411,7.604659635939257
29412,7.604659635939257
29413,7.0
29414,7.604659635939257
29415,5.808467955897262
29416,8.49999999
29417,7.604659635939257
29418,10.0
29419,7.666666666666667
29420,7.604659635939257
29421,8.0
29422,8.0
29423,7.604659635939257
29424,7.604659635939257
29425,8.1249999984375
29426,7.604659635939257
29427,7.604659635939257
29428,7.604659635939257
29429,7.604659635939257
29430,7.604659635939257
29431,8.0
29432,4.000000008478292
29433,7.7527699349571
29434,7.604659635939257
29435,7.6600698328518035
29436,7.604659635939257
29437,7.604659635939257
29438,8.0
29439,7.604659635939257
29440,7.604659635939257
29441,7.604659635939257
29442,7.604659635939257
29443,7.604659635939257
29444,7.604659635939257
29445,7.604659635939257
29446,6.0
29447,10.0
29448,7.604659635939257
29449,8.99999996
29450,7.604659635939257
29451,7.604659635939257
29452,6.999999998571428
29453,7.0
29454,7.604659635939257
29455,6.4285714281632655
29456,7.604659635939257
29457,7.604659635939257
29458,7.604659635939257
29459,7.604659635939257
29460,7.604659635939257
29461,7.604659635939257
29462,7.604659635939257
29463,7.0
29464,7.669014084639952
29465,7.000000000000001
29466,8.5
29467,7.604659635939257
29468,7.604659635939257
29469,8.0
29470,7.604659635939257
29471,7.604659635939257
29472,8.0
29473,4.999999999999999
29474,7.604659635939257
29475,7.604659635939257
29476,7.604659635939257
29477,7.604659635939257
29478,7.604659635939257
29479,7.604659635939257
29480,8.0
29481,8.0
29482,7.604659635939257
29483,7.604659635939257
29484,7.604659635939257
29485,8.0
29486,7.604659635939257
29487,7.604659635939257
29488,9.0
29489,7.604659635939257
29490,7.604659635939257
29491,7.604659635939257
29492,7.604659635939257
29493,7.604659635939257
29494,7.0
29495,10.0
29496,7.604659635939257
29497,9.18251762950808
29498,10.0
29499,8.000000003333334
29500,8.0
29501,4.032467126418827
29502,8.0
29503,7.279174511729512
29504,7.604659635939257
29505,7.0
29506,7.604659635939257
29507,7.604659635939257
29508,8.25
29509,7.604659635939257
29510,8.0
29511,7.604659635939257
29512,7.604659635939257
29513,8.5
29514,8.535047557469449
29515,7.604659635939257
29516,9.999999985
29517,7.604659635939257
29518,7.604659635939257
29519,7.604659635939257
29520,8.0
29521,8.0
29522,7.604659635939257
29523,7.604659635939257
29524,7.604659635939257
29525,7.604659635939257
29526,8.0
29527,7.604659635939257
29528,7.604659635939257
29529,7.604659635939257
29530,8.749999999116117
29531,7.604659635939257
29532,7.604659635939257
29533,7.604659635939257
29534,7.604659635939257
29535,6.690983004444712
29536,5.0
29537,7.604659635939257
29538,7.604659635939257
29539,8.94736842096953
29540,7.42398597478461
29541,7.604659635939257
29542,8.0
29543,7.604659635939257
29544,7.604659635939257
29545,7.604659635939257
29546,7.604659635939257
29547,8.0
29548,7.604659635939257
29549,8.55172971113759
29550,10.0
29551,8.000000002483015
29552,7.604659635939257
29553,7.0
29554,7.604659635939257
29555,7.604659635939257
29556,7.604659635939257
29557,7.604659635939257
29558,7.0
29559,7.0
29560,7.0
29561,7.604659635939257
29562,7.604659635939257
29563,7.604659635939257
29564,6.0
29565,7.604659635939257
29566,8.0
29567,7.604659635939257
29568,7.1715728755838954
29569,7.604659635939257
29570,7.604659635939257
29571,7.604659635939257
29572,7.604659635939257
29573,7.0
29574,7.604659635939257
29575,8.0
29576,6.207106781541887
29577,7.0
29578,7.604659635939257
29579,7.355084915506978
29580,7.604659635939257
29581,7.604659635939257
29582,7.604659635939257
29583,8.0
29584,7.00000002
29585,7.604659635939257
29586,7.604659635939257
29587,8.0
29588,7.604659635939257
29589,7.604659635939257
29590,7.604659635939257
29591,8.0
29592,7.604659635939257
29593,8.0
29594,8.0
29595,7.604659635939257
29596,7.604659635939257
29597,7.604659635939257
29598,7.604659635939257
29599,7.604659635939257
29600,7.604659635939257
29601,7.604659635939257
29602,7.604659635939257
29603,8.0
29604,7.0
29605,7.604659635939257
29606,7.604659635939257
29607,7.604659635939257
29608,7.604659635939257
29609,7.604659635939257
29610,9.999999930000003
29611,7.604659635939257
29612,7.604659635939257
29613,9.333333334444443
29614,8.609475708318115
29615,7.604659635939257
29616,7.604659635939257
29617,7.604659635939257
29618,8.544155877132772
29619,7.604659635939257
29620,7.604659635939257
29621,7.604659635939257
29622,9.0
29623,9.0
29624,7.604659635939257
29625,7.604659635939257
29626,8.50000000375
29627,7.604659635939257
29628,7.604659635939257
29629,7.604659635939257
29630,7.604659635939257
29631,7.604659635939257
29632,7.604659635939257
29633,7.604659635939257
29634,7.604659635939257
29635,8.0
29636,7.604659635939257
29637,7.604659635939257
29638,8.5
29639,7.604659635939257
29640,7.604659635939257
29641,7.604659635939257
29642,7.604659635939257
29643,7.604659635939257
29644,9.49999999875
29645,7.604659635939257
29646,7.604659635939257
29647,8.0
29648,7.0
29649,7.666666664444445
29650,7.604659635939257
29651,7.0
29652,9.0
29653,7.604659635939257
29654,7.604659635939257
29655,7.0
29656,9.0
29657,6.0
29658,7.604659635939257
29659,7.604659635939257
29660,8.2000000012
29661,9.0
29662,7.604659635939257
29663,8.0
29664,7.604659635939257
29665,7.604659635939257
29666,7.604659635939257
29667,7.604659635939257
29668,7.604659635939257
29669,9.0
29670,7.0
29671,8.0
29672,9.510197146712827
29673,8.75
29674,6.4000000004
29675,7.604659635939257
29676,4.0
29677,9.0
29678,8.0
29679,7.604659635939257
29680,7.604659635939257
29681,7.604659635939257
29682,7.604659635939257
29683,7.604659635939257
29684,5.0
29685,7.604659635939257
29686,9.460495713521773
29687,7.604659635939257
29688,7.604659635939257
29689,7.0
29690,8.0
29691,7.604659635939257
29692,7.604659635939257
29693,7.604659635939257
29694,7.604659635939257
29695,7.0
29696,7.604659635939257
29697,7.604659635939257
29698,7.604659635939257
29699,8.0
29700,7.604659635939257
29701,7.604659635939257
29702,7.604659635939257
29703,7.604659635939257
29704,7.604659635939257
29705,9.0
29706,8.0
29707,7.0
29708,7.604659635939257
29709,6.00000001
29710,6.717948723800132
29711,8.0
29712,7.604659635939257
29713,7.604659635939257
29714,8.0
29715,7.604659635939257
29716,8.0
29717,7.604659635939257
29718,7.604659635939257
29719,7.604659635939257
29720,7.604659635939257
29721,7.604659635939257
29722,7.0
29723,7.604659635939257
29724,7.604659635939257
29725,7.604659635939257
29726,7.604659635939257
29727,8.0
29728,7.604659635939257
29729,7.604659635939257
29730,8.0
29731,7.604659635939257
29732,7.604659635939257
29733,7.0
29734,7.604659635939257
29735,7.604659635939257
29736,7.604659635939257
29737,7.604659635939257
29738,7.604659635939257
29739,7.604659635939257
29740,6.0
29741,7.604659635939257
29742,7.604659635939257
29743,7.604659635939257
29744,8.0
29745,6.47732532616412
29746,5.454915022223563
29747,7.604659635939257
29748,7.604659635939257
29749,7.50000001375
29750,8.400162574706918
29751,9.999999993333335
29752,7.0
29753,8.000000003333334
29754,7.604659635939257
29755,4.999999999999999
29756,7.604659635939257
29757,7.604659635939257
29758,7.604659635939257
29759,8.999999995
29760,7.604659635939257
29761,7.604659635939257
29762,8.0
29763,7.604659635939257
29764,7.63157894768698
29765,7.604659635939257
29766,7.0
29767,9.0
29768,6.9209914270435435
29769,7.604659635939257
29770,7.604659635939257
29771,8.0
29772,7.604659635939257
29773,9.0
29774,7.604659635939257
29775,7.604659635939257
29776,7.604659635939257
29777,7.83333333611111
29778,7.604659635939257
29779,7.945996812325443
29780,7.604659635939257
29781,7.0
29782,7.0
29783,6.999999980000001
29784,7.604659635939257
29785,7.604659635939257
29786,7.604659635939257
29787,7.604659635939257
29788,8.0
29789,7.604659635939257
29790,7.604659635939257
29791,7.604659635939257
29792,7.604659635939257
29793,9.999999999999998
29794,7.0
29795,8.058823528114186
29796,8.0
29797,7.604659635939257
29798,8.0
29799,7.604659635939257
29800,7.604659635939257
29801,7.604659635939257
29802,7.604659635939257
29803,7.604659635939257
29804,7.604659635939257
29805,7.604659635939257
29806,7.604659635939257
29807,8.49999999
29808,7.604659635939257
29809,7.604659635939257
29810,7.604659635939257
29811,8.0
29812,7.604659635939257
29813,7.604659635939257
29814,7.604659635939257
29815,7.604659635939257
29816,7.604659635939257
29817,7.604659635939257
29818,7.571428571020407
29819,7.604659635939257
29820,7.604659635939257
29821,7.604659635939257
29822,7.604659635939257
29823,7.604659635939257
29824,7.604659635939257
29825,7.604659635939257
29826,7.604659635939257
29827,8.0
29828,4.000000059999999
29829,7.604659635939257
29830,8.499999994696699
29831,7.604659635939257
29832,7.000000005850714
29833,7.0
29834,7.604659635939257
29835,7.604659635939257
29836,7.604659635939257
29837,8.0
29838,7.604659635939257
29839,8.0
29840,4.371174912063948
29841,7.604659635939257
29842,10.0
29843,5.000000039999999
29844,5.000000069999998
29845,7.604659635939257
29846,7.604659635939257
29847,4.999999999999999
29848,7.604659635939257
29849,9.20214493250664
29850,9.999999950000003
29851,8.5000000025
29852,7.6198490205156615
29853,7.604659635939257
29854,9.0
29855,7.604659635939257
29856,5.4799006292804835
29857,7.604659635939257
29858,7.604659635939257
29859,7.604659635939257
29860,8.0
29861,7.604659635939257
29862,7.604659635939257
29863,7.604659635939257
29864,7.604659635939257
29865,7.0
29866,5.622949188156705
29867,7.604659635939257
29868,8.000000015527865
29869,7.604659635939257
29870,7.604659635939257
29871,7.604659635939257
29872,7.604659635939257
29873,7.759746925399859
29874,8.0
29875,7.604659635939257
29876,7.0
29877,7.604659635939257
29878,7.000000007672612
29879,7.604659635939257
29880,5.0
29881,7.0
29882,7.604659635939257
29883,7.604659635939257
29884,7.604659635939257
29885,7.604659635939257
29886,6.09090909446281
29887,7.0
29888,7.692307691242603
29889,7.999999992115708
29890,7.604659635939257
29891,7.604659635939257
29892,7.604659635939257
29893,7.604659635939257
29894,7.604659635939257
29895,7.604659635939257
29896,8.0
29897,7.604659635939257
29898,7.604659635939257
29899,7.604659635939257
29900,9.448275858977409
29901,7.604659635939257
29902,7.604659635939257
29903,10.0
29904,7.604659635939257
29905,7.818181817933884
29906,7.604659635939257
29907,7.604659635939257
29908,7.604659635939257
29909,7.604659635939257
29910,7.604659635939257
29911,7.604659635939257
29912,8.0
29913,7.604659635939257
29914,7.604659635939257
29915,7.604659635939257
29916,7.0
29917,7.604659635939257
29918,7.604659635939257
29919,6.00000001
29920,7.604659635939257
29921,7.604659635939257
29922,7.604659635939257
29923,7.604659635939257
29924,8.018867925585619
29925,9.000000004999999
29926,7.604659635939257
29927,7.604659635939257
29928,7.604659635939257
29929,7.0
29930,7.604659635939257
29931,8.285714284489798
29932,7.604659635939257
29933,7.604659635939257
29934,7.604659635939257
29935,7.604659635939257
29936,7.604659635939257
29937,9.000000004472136
29938,7.604659635939257
29939,10.0
29940,7.604659635939257
29941,8.0
29942,7.000000000000001
29943,7.604659635939257
29944,8.0
29945,8.0
29946,7.604659635939257
29947,7.99999999
29948,7.604659635939257
29949,7.604659635939257
29950,8.5
29951,7.604659635939257
29952,8.0
29953,8.0
29954,10.0
29955,7.604659635939257
29956,7.604659635939257
29957,7.604659635939257
29958,6.804353205086728
29959,4.25
29960,7.604659635939257
29961,8.0
29962,7.604659635939257
29963,7.999999994999999
29964,8.333333332222223
29965,7.604659635939257
29966,7.604659635939257
29967,7.0
29968,7.604659635939257
29969,5.00000005828427
29970,7.604659635939257
29971,7.604659635939257
29972,7.604659635939257
29973,7.604659635939257
29974,7.604659635939257
29975,7.0
29976,7.604659635939257
29977,7.0
29978,7.604659635939257
29979,10.0
29980,7.604659635939257
29981,7.604659635939257
29982,7.604659635939257
29983,6.779977728910185
29984,4.791271067673249
29985,8.000000009999999
29986,8.0
29987,7.0
29988,7.604659635939257
29989,7.604659635939257
29990,8.0
29991,8.0
29992,9.333333331111112
29993,7.604659635939257
29994,7.604659635939257
29995,10.0
29996,7.604659635939257
29997,7.604659635939257
29998,7.604659635939257
29999,7.604659635939257
30000,7.604659635939257
30001,7.604659635939257
30002,6.000000020833334
30003,7.604659635939257
30004,7.604659635939257
30005,7.604659635939257
30006,7.604659635939257
30007,7.492710180345449
30008,7.604659635939257
30009,9.200000000800001
30010,7.604659635939257
30011,7.604659635939257
30012,7.604659635939257
30013,7.604659635939257
30014,7.604659635939257
30015,7.604659635939257
30016,8.0
30017,7.604659635939257
30018,7.604659635939257
30019,7.604659635939257
30020,7.604659635939257
30021,8.14285714244898
30022,9.49921816688842
30023,7.604659635939257
30024,7.604659635939257
30025,8.18469903170012
30026,7.604659635939257
30027,7.604659635939257
30028,8.000000001428571
30029,8.5000000025
30030,3.749999994375
30031,7.604659635939257
30032,7.560392194430142
30033,7.604659635939257
30034,7.604659635939257
30035,7.604659635939257
30036,7.604659635939257
30037,5.0
30038,7.604659635939257
30039,7.604659635939257
30040,7.604659635939257
30041,8.500000000999998
30042,7.0
30043,7.604659635939257
30044,7.604659635939257
30045,7.604659635939257
30046,9.999999970568254
30047,7.604659635939257
30048,7.604659635939257
30049,7.5
30050,7.0
30051,10.0
30052,7.604659635939257
30053,7.604659635939257
30054,7.604659635939257
30055,10.0
30056,7.604659635939257
30057,7.604659635939257
30058,7.604659635939257
30059,7.604659635939257
30060,7.604659635939257
30061,6.600000001200001
30062,7.604659635939257
30063,7.604659635939257
30064,7.604659635939257
30065,7.604659635939257
30066,7.604659635939257
30067,7.424252743746887
30068,7.0
30069,7.604659635939257
30070,7.604659635939257
30071,7.604659635939257
30072,5.00000001261807
30073,7.604659635939257
30074,8.053705142434652
30075,7.604659635939257
30076,7.604659635939257
30077,7.604659635939257
30078,7.604659635939257
30079,9.063651210680792
30080,7.604659635939257
30081,7.604659635939257
30082,8.0
30083,7.5
30084,7.604659635939257
30085,7.604659635939257
30086,7.604659635939257
30087,7.604659635939257
30088,7.604659635939257
30089,7.604659635939257
30090,7.604659635939257
30091,7.604659635939257
30092,8.0
30093,7.604659635939257
30094,7.604659635939257
30095,7.604659635939257
30096,7.604659635939257
30097,9.0
30098,7.000000039999999
30099,7.604659635939257
30100,7.604659635939257
30101,7.604659635939257
30102,4.000000108284268
30103,7.604659635939257
30104,7.604659635939257
30105,7.604659635939257
30106,7.604659635939257
30107,8.0
30108,7.0
30109,8.0
30110,8.0
30111,10.0
30112,7.604659635939257
30113,8.0
30114,7.604659635939257
30115,7.604659635939257
30116,7.604659635939257
30117,7.604659635939257
30118,7.604659635939257
30119,7.604659635939257
30120,8.0
30121,7.604659635939257
30122,7.604659635939257
30123,7.604659635939257
30124,8.999999998
30125,7.742522252863034
30126,7.0
30127,8.999999979999998
30128,7.604659635939257
30129,7.333333335555555
30130,7.604659635939257
30131,7.604659635939257
30132,7.604659635939257
30133,7.604659635939257
30134,7.604659635939257
30135,7.0
30136,7.604659635939257
30137,7.604659635939257
30138,7.333333332777777
30139,7.456110724698116
30140,7.604659635939257
30141,7.604659635939257
30142,8.0
30143,7.604659635939257
30144,7.604659635939257
30145,7.604659635939257
30146,7.604659635939257
30147,7.604659635939257
30148,7.604659635939257
30149,7.604659635939257
30150,7.0
30151,7.604659635939257
30152,7.604659635939257
30153,7.604659635939257
30154,7.0
30155,7.604659635939257
30156,7.604659635939257
30157,4.0
30158,8.00000002
30159,7.604659635939257
30160,7.604659635939257
30161,7.604659635939257
30162,8.0
30163,7.604659635939257
30164,7.0
30165,7.604659635939257
30166,7.604659635939257
30167,7.604659635939257
30168,7.604659635939257
30169,7.604659635939257
30170,8.999999990000001
30171,7.604659635939257
30172,8.0
30173,8.0
30174,7.604659635939257
30175,7.604659635939257
30176,7.604659635939257
30177,7.604659635939257
30178,7.604659635939257
30179,7.604659635939257
30180,7.604659635939257
30181,7.604659635939257
30182,9.999999965
30183,7.604659635939257
30184,7.661297225641045
30185,7.604659635939257
30186,7.604659635939257
30187,7.604659635939257
30188,7.604659635939257
30189,8.0
30190,8.999999968861198
30191,7.604659635939257
30192,7.0
30193,7.604659635939257
30194,7.604659635939257
30195,8.0
30196,8.666666664444444
30197,7.0
30198,7.25
30199,8.0
30200,7.604659635939257
30201,8.0
30202,8.999999999999998
30203,8.321886521888356
30204,7.604659635939257
30205,8.0
30206,7.604659635939257
30207,7.604659635939257
30208,9.499999975
30209,8.0
30210,7.604659635939257
30211,7.604659635939257
30212,7.0
30213,7.655386992721805
30214,7.604659635939257
30215,7.604659635939257
30216,6.0
30217,7.604659635939257
30218,7.604659635939257
30219,6.999999999999999
30220,7.144676114026986
30221,7.604659635939257
30222,7.604659635939257
30223,7.111111114382715
30224,7.604659635939257
30225,7.604659635939257
30226,7.604659635939257
30227,8.0
30228,7.604659635939257
30229,7.604659635939257
30230,7.604659635939257
30231,7.604659635939257
30232,7.604659635939257
30233,5.0
30234,10.0
30235,7.604659635939257
30236,7.604659635939257
30237,4.000000029144722
30238,9.25
30239,7.604659635939257
30240,7.604659635939257
30241,7.000000000000001
30242,7.604659635939257
30243,7.604659635939257
30244,7.604659635939257
30245,7.604659635939257
30246,8.0
30247,8.0
30248,7.0
30249,7.604659635939257
30250,7.604659635939257
30251,9.368421054265928
30252,7.604659635939257
30253,7.604659635939257
30254,7.604659635939257
30255,7.604659635939257
30256,7.604659635939257
30257,8.0
30258,7.604659635939257
30259,7.604659635939257
30260,7.0
30261,8.0
30262,7.0
30263,5.0
30264,7.604659635939257
30265,7.604659635939257
30266,7.604659635939257
30267,8.0
30268,7.0
30269,7.604659635939257
30270,7.604659635939257
30271,7.604659635939257
30272,7.604659635939257
30273,7.0
30274,7.604659635939257
30275,7.604659635939257
30276,7.604659635939257
30277,7.604659635939257
30278,7.604659635939257
30279,7.604659635939257
30280,9.999999975527865
30281,7.604659635939257
30282,7.604659635939257
30283,9.500000000000002
30284,7.604659635939257
30285,7.604659635939257
30286,8.0
30287,7.604659635939257
30288,7.604659635939257
30289,4.000000040877057
30290,8.0
30291,7.604659635939257
30292,7.604659635939257
30293,7.604659635939257
30294,9.103535916005368
30295,7.604659635939257
30296,7.604659635939257
30297,7.604659635939257
30298,7.604659635939257
30299,7.604659635939257
30300,7.604659635939257
30301,7.604659635939257
30302,7.5000000075
30303,7.604659635939257
30304,7.604659635939257
30305,7.99999997
30306,7.000000000000001
30307,7.604659635939257
30308,7.604659635939257
30309,7.604659635939257
30310,5.6532632697983365
30311,7.604659635939257
30312,8.041268391170327
30313,7.604659635939257
30314,7.604659635939257
30315,7.604659635939257
30316,7.604659635939257
30317,7.604659635939257
30318,7.604659635939257
30319,7.604659635939257
30320,7.604659635939257
30321,7.604659635939257
30322,7.0
30323,8.0
30324,7.604659635939257
30325,7.604659635939257
30326,9.000000000000002
30327,7.604659635939257
30328,7.0
30329,7.604659635939257
30330,7.604659635939257
30331,7.604659635939257
30332,7.604659635939257
30333,7.604659635939257
30334,7.604659635939257
30335,7.604659635939257
30336,6.689025122545792
30337,7.604659635939257
30338,7.604659635939257
30339,7.604659635939257
30340,7.0
30341,9.999999960000004
30342,7.604659635939257
30343,8.0
30344,8.0
30345,9.5
30346,7.604659635939257
30347,4.5000000349999985
30348,7.604659635939257
30349,7.604659635939257
30350,8.0
30351,7.604659635939257
30352,7.604659635939257
30353,7.604659635939257
30354,7.604659635939257
30355,8.461538462366864
30356,8.0
30357,7.000000000000001
30358,7.604659635939257
30359,9.076178728663967
30360,7.604659635939257
30361,7.604659635939257
30362,7.604659635939257
30363,7.604659635939257
30364,7.604659635939257
30365,7.604659635939257
30366,6.666666672222221
30367,7.604659635939257
30368,9.0
30369,7.604659635939257
30370,4.000000039999999
30371,7.604659635939257
30372,7.604659635939257
30373,7.0
30374,7.604659635939257
30375,7.604659635939257
30376,7.604659635939257
30377,8.0
30378,7.0
30379,7.604659635939257
30380,7.604659635939257
30381,7.604659635939257
30382,7.604659635939257
30383,9.0
30384,7.604659635939257
30385,7.604659635939257
30386,7.604659635939257
30387,8.0
30388,8.999999995
30389,7.604659635939257
30390,4.0000000133333335
30391,7.604659635939257
30392,7.604659635939257
30393,8.3999999996
30394,7.604659635939257
30395,7.0
30396,7.604659635939257
30397,9.999999999999998
30398,7.0
30399,7.686508353469121
30400,7.499999999999999
30401,7.604659635939257
30402,7.787251861536126
30403,7.0
30404,7.604659635939257
30405,7.604659635939257
30406,7.604659635939257
30407,7.604659635939257
30408,7.604659635939257
30409,7.604659635939257
30410,7.604659635939257
30411,5.000000010000001
30412,7.604659635939257
30413,7.604659635939257
30414,7.604659635939257
30415,7.604659635939257
30416,7.604659635939257
30417,7.604659635939257
30418,7.604659635939257
30419,9.0
30420,7.604659635939257
30421,8.0
30422,7.0
30423,7.604659635939257
30424,7.604659635939257
30425,9.0
30426,8.0
30427,5.6666666688888885
30428,5.0
30429,7.604659635939257
30430,7.604659635939257
30431,7.604659635939257
30432,7.604659635939257
30433,7.604659635939257
30434,7.604659635939257
30435,8.499999995
30436,7.604659635939257
30437,8.0
30438,7.604659635939257
30439,7.604659635939257
30440,7.604659635939257
30441,8.0
30442,7.604659635939257
30443,8.0
30444,4.0
30445,7.604659635939257
30446,7.604659635939257
30447,7.604659635939257
30448,7.249999999999999
30449,8.0
30450,7.99999999
30451,8.0
30452,7.604659635939257
30453,7.604659635939257
30454,7.0
30455,7.604659635939257
30456,7.604659635939257
30457,7.0
30458,7.604659635939257
30459,7.604659635939257
30460,7.604659635939257
30461,7.604659635939257
30462,7.604659635939257
30463,8.0
30464,8.0
30465,7.604659635939257
30466,7.604659635939257
30467,7.604659635939257
30468,7.604659635939257
30469,7.604659635939257
30470,7.604659635939257
30471,7.604659635939257
30472,7.604659635939257
30473,8.0
30474,7.604659635939257
30475,7.604659635939257
30476,7.999999993571428
30477,7.604659635939257
30478,7.604659635939257
30479,7.604659635939257
30480,7.604659635939257
30481,7.0000000042082045
30482,7.604659635939257
30483,7.604659635939257
30484,8.500000004583333
30485,7.604659635939257
30486,7.333333333333333
30487,7.999999995
30488,7.604659635939257
30489,7.0
30490,6.0
30491,7.604659635939257
30492,9.368421050055403
30493,8.000000015
30494,9.1999999992
30495,7.604659635939257
30496,7.604659635939257
30497,8.0
30498,7.604659635939257
30499,7.0
30500,7.604659635939257
30501,7.604659635939257
30502,7.604659635939257
30503,7.604659635939257
30504,7.604659635939257
30505,7.604659635939257
30506,7.604659635939257
30507,7.604659635939257
30508,7.604659635939257
30509,7.604659635939257
30510,8.0
30511,7.604659635939257
30512,7.604659635939257
30513,7.604659635939257
30514,7.0
30515,9.0
30516,7.604659635939257
30517,7.604659635939257
30518,8.030011547064897
30519,7.604659635939257
30520,9.333333334444443
30521,7.604659635939257
30522,8.817256003959375
30523,7.604659635939257
30524,9.0
30525,8.0
30526,7.604659635939257
30527,7.604659635939257
30528,7.604659635939257
30529,7.604659635939257
30530,7.604659635939257
30531,7.604659635939257
30532,7.604659635939257
30533,7.604659635939257
30534,7.604659635939257
30535,7.604659635939257
30536,8.0
30537,5.0
30538,7.604659635939257
30539,7.604659635939257
30540,7.0
30541,3.0
30542,7.604659635939257
30543,7.604659635939257
30544,7.604659635939257
30545,10.0
30546,7.604659635939257
30547,7.604659635939257
30548,7.604659635939257
30549,8.0
30550,7.604659635939257
30551,7.604659635939257
30552,7.604659635939257
30553,7.604659635939257
30554,7.604659635939257
30555,7.604659635939257
30556,7.604659635939257
30557,7.604659635939257
30558,7.604659635939257
30559,7.604659635939257
30560,7.604659635939257
30561,7.604659635939257
30562,7.604659635939257
30563,7.604659635939257
30564,9.0
30565,7.604659635939257
30566,7.5446573770675505
30567,8.0
30568,7.604659635939257
30569,8.0
30570,7.604659635939257
30571,7.604659635939257
30572,7.604659635939257
30573,7.604659635939257
30574,7.573277504795956
30575,7.604659635939257
30576,10.0
30577,8.0
30578,7.604659635939257
30579,7.604659635939257
30580,7.604659635939257
30581,7.604659635939257
30582,7.604659635939257
30583,7.604659635939257
30584,8.0
30585,10.0
30586,7.0
30587,9.22246476880334
30588,7.374827273595724
30589,7.604659635939257
30590,9.0
30591,7.0
30592,9.182744000126904
30593,7.0
30594,7.604659635939257
30595,7.604659635939257
30596,7.604659635939257
30597,7.9999999775
30598,8.636363635785123
30599,7.604659635939257
30600,7.604659635939257
30601,7.604659635939257
30602,7.604659635939257
30603,8.0
30604,7.604659635939257
30605,7.604659635939257
30606,7.604659635939257
30607,10.0
30608,7.000000044999998
30609,7.604659635939257
30610,7.604659635939257
30611,6.0
30612,7.604659635939257
30613,8.0
30614,7.604659635939257
30615,8.0
30616,7.604659635939257
30617,10.0
30618,8.39484157972228
30619,7.604659635939257
30620,7.604659635939257
30621,8.0
30622,9.999999980000002
30623,7.604659635939257
30624,7.604659635939257
30625,7.604659635939257
30626,8.0
30627,7.604659635939257
30628,8.0
30629,7.604659635939257
30630,7.604659635939257
30631,7.604659635939257
30632,7.999999999999999
30633,8.666666665555555
30634,7.604659635939257
30635,7.7499999996875
30636,6.999999999999999
30637,8.5
30638,7.604659635939257
30639,7.0
30640,7.604659635939257
30641,7.604659635939257
30642,7.604659635939257
30643,7.428571428979591
30644,7.604659635939257
30645,7.604659635939257
30646,7.604659635939257
30647,7.604659635939257
30648,7.0
30649,7.604659635939257
30650,8.0
30651,7.604659635939257
30652,8.714285713673469
30653,8.039638619229219
30654,7.0
30655,7.604659635939257
30656,7.604659635939257
30657,8.0
30658,8.0
30659,7.0
30660,7.604659635939257
30661,7.604659635939257
30662,7.604659635939257
30663,8.0
30664,7.604659635939257
30665,7.604659635939257
30666,7.604659635939257
30667,7.604659635939257
30668,7.604659635939257
30669,6.9637196222549855
30670,7.604659635939257
30671,7.604659635939257
30672,7.604659635939257
30673,8.25
30674,8.0
30675,7.604659635939257
30676,7.604659635939257
30677,7.604659635939257
30678,7.604659635939257
30679,7.604659635939257
30680,7.604659635939257
30681,7.9999999939999995
30682,7.604659635939257
30683,7.604659635939257
30684,7.604659635939257
30685,7.604659635939257
30686,9.5
30687,7.604659635939257
30688,7.604659635939257
30689,5.000000038565518
30690,8.999999965
30691,7.604659635939257
30692,7.604659635939257
30693,7.567771716871621
30694,7.604659635939257
30695,7.604659635939257
30696,7.604659635939257
30697,6.999999994999999
30698,7.604659635939257
30699,9.0
30700,7.604659635939257
30701,8.0
30702,7.666666667777778
30703,7.604659635939257
30704,7.604659635939257
30705,7.604659635939257
30706,7.604659635939257
30707,8.0
30708,7.0
30709,7.604659635939257
30710,7.604659635939257
30711,7.604659635939257
30712,7.604659635939257
30713,7.604659635939257
30714,7.1886378656032806
30715,8.51948051962557
30716,7.604659635939257
30717,7.604659635939257
30718,8.0
30719,7.604659635939257
30720,7.604659635939257
30721,8.261111064497168
30722,5.000000069999998
30723,7.604659635939257
30724,8.499999984999999
30725,9.0
30726,7.604659635939257
30727,8.521432946341056
30728,8.499999995
30729,7.604659635939257
30730,8.0
30731,7.604659635939257
30732,8.0
30733,8.5
30734,5.0
30735,7.604659635939257
30736,8.0
30737,7.604659635939257
30738,7.604659635939257
30739,8.0
30740,8.0
30741,8.587764278103501
30742,7.0
30743,7.604659635939257
30744,8.275862070511296
30745,7.0
30746,9.999999999999998
30747,7.604659635939257
30748,7.604659635939257
30749,7.604659635939257
30750,7.604659635939257
30751,8.0
30752,5.666666667777778
30753,7.604659635939257
30754,8.0
30755,9.0
30756,9.0
30757,7.604659635939257
30758,7.604659635939257
30759,7.604659635939257
30760,8.0
30761,8.0
30762,7.604659635939257
30763,7.604659635939257
30764,8.0
30765,7.604659635939257
30766,7.604659635939257
30767,7.604659635939257
30768,7.604659635939257
30769,7.604659635939257
30770,7.604659635939257
30771,7.604659635939257
30772,7.604659635939257
30773,7.500000014999999
30774,7.727272728925621
30775,8.0
30776,7.604659635939257
30777,7.604659635939257
30778,9.000000003333335
30779,7.0
30780,7.604659635939257
30781,7.604659635939257
30782,7.604659635939257
30783,7.604659635939257
30784,9.333333334444443
30785,8.0
30786,9.7999999988
30787,8.00000002
30788,7.604659635939257
30789,8.0
30790,7.604659635939257
30791,7.604659635939257
30792,7.604659635939257
30793,7.604659635939257
30794,8.0
30795,7.604659635939257
30796,7.604659635939257
30797,7.604659635939257
30798,7.604659635939257
30799,7.0
30800,7.604659635939257
30801,7.604659635939257
30802,7.604659635939257
30803,7.5999999975999994
30804,8.0
30805,8.0
30806,6.5
30807,7.604659635939257
30808,7.604659635939257
30809,7.604659635939257
30810,7.604659635939257
30811,7.604659635939257
30812,7.6529079233895585
30813,7.604659635939257
30814,8.0
30815,7.604659635939257
30816,7.0
30817,9.999999955857866
30818,7.604659635939257
30819,9.0
30820,7.0
30821,8.0
30822,8.49999999
30823,7.604659635939257
30824,7.604659635939257
30825,7.358018604261385
30826,4.840538633292007
30827,7.604659635939257
30828,6.545084977776437
30829,7.604659635939257
30830,7.0000000149999995
30831,8.0
30832,7.604659635939257
30833,8.0
30834,7.604659635939257
30835,7.604659635939257
30836,7.604659635939257
30837,7.0
30838,7.0
30839,7.604659635939257
30840,5.0
30841,7.0
30842,7.604659635939257
30843,8.012656013561044
30844,7.604659635939257
30845,8.0
30846,7.604659635939257
30847,8.99999998625305
30848,8.0
30849,7.604659635939257
30850,8.0
30851,7.0
30852,7.604659635939257
30853,7.604659635939257
30854,6.0
30855,7.604659635939257
30856,8.0
30857,7.0
30858,7.604659635939257
30859,7.0
30860,9.99999999719944
30861,7.604659635939257
30862,6.999999960000003
30863,7.604659635939257
30864,7.604659635939257
30865,7.604659635939257
30866,10.0
30867,9.999999999999998
30868,7.604659635939257
30869,7.604659635939257
30870,6.000000019999999
30871,7.604659635939257
30872,7.604659635939257
30873,7.604659635939257
30874,7.604659635939257
30875,8.0
30876,7.604659635939257
30877,8.0
30878,7.604659635939257
30879,7.0
30880,7.604659635939257
30881,8.0
30882,8.618033991110574
30883,7.604659635939257
30884,7.604659635939257
30885,7.604659635939257
30886,8.0
30887,7.604659635939257
30888,7.604659635939257
30889,7.604659635939257
30890,7.604659635939257
30891,7.604659635939257
30892,9.399418268601604
30893,6.000000049999999
30894,7.000000000000001
30895,7.604659635939257
30896,3.0
30897,7.604659635939257
30898,9.68750000015625
30899,7.604659635939257
30900,7.604659635939257
30901,6.03779023275279
30902,7.604659635939257
30903,7.604659635939257
30904,8.0
30905,7.604659635939257
30906,7.604659635939257
30907,5.0
30908,7.604659635939257
30909,7.604659635939257
30910,7.0
30911,8.999999980000002
30912,5.0
30913,8.142529127915687
30914,8.0
30915,7.604659635939257
30916,8.0
30917,8.999999950000001
30918,7.604659635939257
30919,7.604659635939257
30920,7.604659635939257
30921,7.604659635939257
30922,7.0
30923,7.604659635939257
30924,7.604659635939257
30925,7.604659635939257
30926,7.604659635939257
30927,7.0
30928,7.604659635939257
30929,7.604659635939257
30930,7.604659635939257
30931,6.500000010517768
30932,7.604659635939257
30933,8.127015908061626
30934,4.999999999999999
30935,7.99999999
30936,7.604659635939257
30937,7.604659635939257
30938,7.604659635939257
30939,8.730404792755163
30940,10.0
30941,7.499999999999999
30942,8.0
30943,6.827018846567621
30944,7.604659635939257
30945,9.492422502483834
30946,7.604659635939257
30947,7.5
30948,8.0
30949,8.117062129503555
30950,7.604659635939257
30951,7.604659635939257
30952,7.604659635939257
30953,7.604659635939257
30954,7.604659635939257
30955,7.604659635939257
30956,7.49999999
30957,7.604659635939257
30958,8.0
30959,8.0
30960,9.030639064031838
30961,8.999999981666667
30962,7.604659635939257
30963,7.789473684127424
30964,7.604659635939257
30965,7.604659635939257
30966,9.0
30967,10.000000000000002
30968,7.604659635939257
30969,8.0
30970,7.604659635939257
30971,7.333333335555555
30972,7.0
30973,7.604659635939257
30974,8.999999950000003
30975,8.0
30976,9.0
30977,5.607085808579881
30978,7.882352938235294
30979,9.0
30980,7.604659635939257
30981,7.604659635939257
30982,7.604659635939257
30983,9.0
30984,7.604659635939257
30985,7.604659635939257
30986,7.604659635939257
30987,7.604659635939257
30988,7.604659635939257
30989,7.604659635939257
30990,7.604659635939257
30991,7.604659635939257
30992,7.604659635939257
30993,7.604659635939257
30994,7.604659635939257
30995,7.604659635939257
30996,9.999999950000003
30997,8.0
30998,7.604659635939257
30999,7.604659635939257
31000,7.604659635939257
31001,7.604659635939257
31002,9.999999990000003
31003,8.34876071619557
31004,7.604659635939257
31005,8.0
31006,7.604659635939257
31007,7.604659635939257
31008,7.604659635939257
31009,7.604659635939257
31010,9.0
31011,7.604659635939257
31012,7.604659635939257
31013,7.0
31014,7.604659635939257
31015,7.604659635939257
31016,7.604659635939257
31017,7.604659635939257
31018,7.604659635939257
31019,7.604659635939257
31020,7.0
31021,8.00000001
31022,7.604659635939257
31023,6.1576817481697415
31024,7.604659635939257
31025,7.604659635939257
31026,7.604659635939257
31027,7.604659635939257
31028,7.604659635939257
31029,8.0
31030,9.999999970000001
31031,7.604659635939257
31032,7.604659635939257
31033,7.604659635939257
31034,6.403365921930629
31035,7.604659635939257
31036,8.0
31037,7.0
31038,7.604659635939257
31039,7.604659635939257
31040,7.604659635939257
31041,7.604659635939257
31042,8.0
31043,6.0000000049999995
31044,7.604659635939257
31045,8.0
31046,7.604659635939257
31047,7.604659635939257
31048,7.604659635939257
31049,7.604659635939257
31050,7.604659635939257
31051,7.604659635939257
31052,8.0
31053,7.0
31054,7.604659635939257
31055,9.999999950000003
31056,7.604659635939257
31057,7.604659635939257
31058,7.604659635939257
31059,7.604659635939257
31060,7.604659635939257
31061,9.7999999996
31062,7.604659635939257
31063,7.604659635939257
31064,6.999999999999999
31065,7.604659635939257
31066,8.585786437271565
31067,7.604659635939257
31068,7.604659635939257
31069,7.604659635939257
31070,8.0
31071,7.0
31072,7.604659635939257
31073,9.0
31074,7.604659635939257
31075,8.430500874192658
31076,7.604659635939257
31077,7.604659635939257
31078,7.604659635939257
31079,10.0
31080,7.604659635939257
31081,7.604659635939257
31082,7.604659635939257
31083,7.604659635939257
31084,7.604659635939257
31085,5.0
31086,7.0
31087,7.604659635939257
31088,7.455884540942714
31089,8.0
31090,8.863510611758507
31091,7.604659635939257
31092,6.565237792869372
31093,7.604659635939257
31094,6.000000021338935
31095,8.0
31096,7.604659635939257
31097,7.604659635939257
31098,7.604659635939257
31099,7.604659635939257
31100,8.171572869079053
31101,8.999999976666667
31102,7.604659635939257
31103,7.604659635939257
31104,7.4999999850000005
31105,7.604659635939257
31106,7.604659635939257
31107,9.0
31108,8.0
31109,8.0
31110,8.0
31111,7.604659635939257
31112,9.1999999968
31113,7.604659635939257
31114,7.604659635939257
31115,9.0
31116,7.604659635939257
31117,7.604659635939257
31118,7.604659635939257
31119,7.604659635939257
31120,10.0
31121,7.604659635939257
31122,7.604659635939257
31123,7.604659635939257
31124,7.604659635939257
31125,9.0
31126,8.75
31127,7.604659635939257
31128,7.604659635939257
31129,7.604659635939257
31130,8.5
31131,7.604659635939257
31132,9.0
31133,7.999999972752551
31134,7.604659635939257
31135,7.604659635939257
31136,8.0
31137,7.604659635939257
31138,7.604659635939257
31139,6.874197780583508
31140,8.0
31141,9.999999990000001
31142,7.604659635939257
31143,7.604659635939257
31144,7.604659635939257
31145,7.0
31146,7.604659635939257
31147,7.604659635939257
31148,7.604659635939257
31149,7.604659635939257
31150,8.999999999999998
31151,7.604659635939257
31152,7.604659635939257
31153,9.666666657777778
31154,7.604659635939257
31155,9.0
31156,10.0
31157,7.604659635939257
31158,7.604659635939257
31159,7.604659635939257
31160,7.604659635939257
31161,8.0
31162,7.604659635939257
31163,7.604659635939257
31164,8.0
31165,7.604659635939257
31166,7.604659635939257
31167,7.604659635939257
31168,7.604659635939257
31169,7.604659635939257
31170,7.0
31171,8.0
31172,8.0
31173,5.750000000000001
31174,8.585786437390011
31175,8.000000003333334
31176,7.604659635939257
31177,7.604659635939257
31178,7.604659635939257
31179,7.604659635939257
31180,7.604659635939257
31181,7.604659635939257
31182,7.604659635939257
31183,7.604659635939257
31184,7.604659635939257
31185,7.604659635939257
31186,10.0
31187,7.604659635939257
31188,8.0
31189,7.604659635939257
31190,7.604659635939257
31191,7.604659635939257
31192,8.000000000000002
31193,9.999999995018575
31194,7.604659635939257
31195,7.12772242706941
31196,9.999999965
31197,7.604659635939257
31198,8.0
31199,7.5
31200,8.0
31201,7.604659635939257
31202,8.0
31203,7.604659635939257
31204,8.999999915071179
31205,8.999999995000001
31206,7.604659635939257
31207,7.604659635939257
31208,7.604659635939257
31209,7.604659635939257
31210,7.0
31211,7.976917888644724
31212,8.0
31213,7.0
31214,7.604659635939257
31215,7.604659635939257
31216,7.604659635939257
31217,7.604659635939257
31218,8.0
31219,7.604659635939257
31220,7.604659635939257
31221,7.604659635939257
31222,9.0
31223,7.604659635939257
31224,7.604659635939257
31225,7.999999973333334
31226,4.0
31227,8.0
31228,7.0
31229,7.604659635939257
31230,9.999999999999998
31231,7.604659635939257
31232,7.604659635939257
31233,7.604659635939257
31234,7.04450089159328
31235,6.000000049999999
31236,7.0
31237,7.0
31238,7.604659635939257
31239,7.604659635939257
31240,7.604659635939257
31241,6.5000000025
31242,7.0
31243,7.0
31244,7.604659635939257
31245,7.604659635939257
31246,7.604659635939257
31247,7.604659635939257
31248,8.0
31249,7.604659635939257
31250,8.0
31251,7.604659635939257
31252,8.0
31253,8.0
31254,7.604659635939257
31255,7.0
31256,7.604659635939257
31257,5.0
31258,8.0
31259,7.604659635939257
31260,7.604659635939257
31261,7.604659635939257
31262,6.999999996666666
31263,7.0
31264,5.0
31265,7.604659635939257
31266,7.0
31267,7.604659635939257
31268,7.604659635939257
31269,8.0
31270,7.0
31271,8.0
31272,8.0
31273,7.604659635939257
31274,7.0
31275,8.0
31276,7.604659635939257
31277,6.0
31278,7.00000002
31279,7.604659635939257
31280,7.604659635939257
31281,7.604659635939257
31282,7.0000000144721355
31283,7.604659635939257
31284,7.0
31285,7.604659635939257
31286,7.604659635939257
31287,7.604659635939257
31288,6.782142700253051
31289,7.604659635939257
31290,7.604659635939257
31291,6.999999999999999
31292,7.604659635939257
31293,7.604659635939257
31294,7.604659635939257
31295,7.604659635939257
31296,7.604659635939257
31297,9.999999996464467
31298,7.604659635939257
31299,7.604659635939257
31300,7.604659635939257
31301,9.0
31302,7.604659635939257
31303,7.623821488004096
31304,8.25
31305,9.999999998333333
31306,6.50000000875
31307,7.604659635939257
31308,7.604659635939257
31309,7.604659635939257
31310,9.0
31311,7.604659635939257
31312,7.604659635939257
31313,7.604659635939257
31314,7.5
31315,7.604659635939257
31316,7.604659635939257
31317,7.604659635939257
31318,7.604659635939257
31319,8.545836543263228
31320,7.604659635939257
31321,7.604659635939257
31322,7.0
31323,7.604659635939257
31324,7.604659635939257
31325,9.75
31326,7.604659635939257
31327,7.604659635939257
31328,7.604659635939257
31329,7.604659635939257
31330,6.0
31331,7.604659635939257
31332,7.604659635939257
31333,7.604659635939257
31334,8.0
31335,7.604659635939257
31336,7.604659635939257
31337,7.604659635939257
31338,7.604659635939257
31339,7.604659635939257
31340,7.604659635939257
31341,7.604659635939257
31342,9.0
31343,7.000000000000001
31344,7.604659635939257
31345,7.604659635939257
31346,7.604659635939257
31347,7.604659635939257
31348,7.604659635939257
31349,8.0
31350,7.642615006454667
31351,7.604659635939257
31352,7.604659635939257
31353,7.604659635939257
31354,7.604659635939257
31355,7.604659635939257
31356,7.604659635939257
31357,9.0
31358,7.0
31359,7.604659635939257
31360,7.604659635939257
31361,6.5
31362,7.604659635939257
31363,8.0
31364,8.0
31365,10.0
31366,7.604659635939257
31367,7.050316340637046
31368,7.604659635939257
31369,7.000000005547002
31370,8.499999999999998
31371,9.0
31372,7.604659635939257
31373,6.833333336111111
31374,4.0
31375,7.604659635939257
31376,7.604659635939257
31377,7.000000000000001
31378,8.0
31379,7.604659635939257
31380,7.604659635939257
31381,8.0
31382,7.604659635939257
31383,7.604659635939257
31384,9.0
31385,9.0
31386,7.604659635939257
31387,7.604659635939257
31388,7.604659635939257
31389,7.604659635939257
31390,7.604659635939257
31391,7.604659635939257
31392,9.331620257577187
31393,8.441309653080188
31394,8.0
31395,8.0
31396,7.315341560688105
31397,7.604659635939257
31398,7.604659635939257
31399,7.604659635939257
31400,7.604659635939257
31401,7.49999999875
31402,9.999999940000002
31403,7.604659635939257
31404,7.500000004999999
31405,7.0
31406,8.320377241830878
31407,6.5000000106249995
31408,7.99999998
31409,7.604659635939257
31410,6.67962275840749
31411,7.604659635939257
31412,7.604659635939257
31413,7.0
31414,7.99999999
31415,8.0
31416,7.604659635939257
31417,8.333333330740741
31418,8.0
31419,8.0
31420,7.604659635939257
31421,7.000000034082483
31422,8.0
31423,7.604659635939257
31424,7.604659635939257
31425,9.0
31426,5.0
31427,7.604659635939257
31428,7.604659635939257
31429,7.604659635939257
31430,7.604659635939257
31431,8.434848558024703
31432,7.604659635939257
31433,7.604659635939257
31434,4.470588235882353
31435,8.0
31436,7.000000009902833
31437,7.604659635939257
31438,7.604659635939257
31439,8.055144481553512
31440,7.604659635939257
31441,7.604659635939257
31442,7.604659635939257
31443,7.0
31444,7.0
31445,7.604659635939257
31446,8.637509629789678
31447,6.097336688966181
31448,7.604659635939257
31449,7.0
31450,7.604659635939257
31451,5.00000002
31452,7.604659635939257
31453,8.0
31454,7.244858117803842
31455,7.604659635939257
31456,7.604659635939257
31457,7.604659635939257
31458,7.604659635939257
31459,7.604659635939257
31460,7.0
31461,7.604659635939257
31462,7.604659635939257
31463,7.604659635939257
31464,7.604659635939257
31465,8.0
31466,7.604659635939257
31467,10.0
31468,8.966404078579151
31469,7.0
31470,7.604659635939257
31471,7.604659635939257
31472,7.604659635939257
31473,7.604659635939257
31474,7.604659635939257
31475,5.0
31476,7.00752545952506
31477,7.604659635939257
31478,7.604659635939257
31479,10.0
31480,7.604659635939257
31481,7.604659635939257
31482,8.0
31483,7.604659635939257
31484,7.604659635939257
31485,8.0
31486,7.604659635939257
31487,7.604659635939257
31488,7.604659635939257
31489,8.0
31490,7.604659635939257
31491,10.0
31492,7.604659635939257
31493,6.0
31494,7.604659635939257
31495,7.604659635939257
31496,8.222762540182417
31497,7.604659635939257
31498,7.604659635939257
31499,8.999999982842752
31500,7.5
31501,7.604659635939257
31502,7.604659635939257
31503,8.00000002
31504,7.604659635939257
31505,7.604659635939257
31506,7.604659635939257
31507,7.604659635939257
31508,5.5493129426884185
31509,7.604659635939257
31510,7.604659635939257
31511,7.604659635939257
31512,7.604659635939257
31513,7.102484759997161
31514,7.604659635939257
31515,7.604659635939257
31516,7.604659635939257
31517,7.604659635939257
31518,7.0
31519,8.0
31520,7.604659635939257
31521,7.0
31522,7.604659635939257
31523,7.604659635939257
31524,4.0
31525,7.604659635939257
31526,7.604659635939257
31527,8.000000001428571
31528,7.604659635939257
31529,7.506518930440351
31530,7.604659635939257
31531,7.604659635939257
31532,8.999999995
31533,7.604659635939257
31534,7.604659635939257
31535,7.604659635939257
31536,7.604659635939257
31537,6.7755591363772085
31538,7.604659635939257
31539,8.0
31540,9.999999999999998
31541,7.604659635939257
31542,7.604659635939257
31543,7.604659635939257
31544,8.0
31545,7.604659635939257
31546,7.9999999950000005
31547,7.0
31548,7.604659635939257
31549,7.604659635939257
31550,8.0
31551,7.604659635939257
31552,7.604659635939257
31553,7.0
31554,7.0
31555,8.0
31556,9.528237676187356
31557,8.563508326669952
31558,7.0
31559,7.604659635939257
31560,10.0
31561,7.604659635939257
31562,7.604659635939257
31563,7.0
31564,7.604659635939257
31565,7.604659635939257
31566,7.604659635939257
31567,8.499999995
31568,7.604659635939257
31569,7.604659635939257
31570,8.0
31571,7.604659635939257
31572,7.604659635939257
31573,9.455108383329502
31574,7.604659635939257
31575,8.0
31576,7.604659635939257
31577,7.604659635939257
31578,7.604659635939257
31579,7.604659635939257
31580,7.604659635939257
31581,8.0
31582,7.604659635939257
31583,7.604659635939257
31584,7.454545454710743
31585,7.604659635939257
31586,7.604659635939257
31587,7.604659635939257
31588,7.604659635939257
31589,9.0
31590,8.0
31591,7.604659635939257
31592,7.604659635939257
31593,8.0
31594,7.0
31595,7.604659635939257
31596,7.0
31597,5.0
31598,10.0
31599,7.604659635939257
31600,7.500000004999999
31601,8.000000001796053
31602,8.0
31603,7.604659635939257
31604,7.604659635939257
31605,7.604659635939257
31606,7.604659635939257
31607,10.0
31608,7.604659635939257
31609,7.604659635939257
31610,7.604659635939257
31611,8.211375023804768
31612,9.0
31613,7.604659635939257
31614,8.738796123788768
31615,7.604659635939257
31616,8.007452945701882
31617,7.604659635939257
31618,9.0
31619,7.604659635939257
31620,7.75
31621,7.000000000000001
31622,7.604659635939257
31623,7.646110631790763
31624,7.604659635939257
31625,8.999999990000001
31626,7.604659635939257
31627,7.604659635939257
31628,8.815789472839334
31629,7.604659635939257
31630,7.604659635939257
31631,5.870268091819092
31632,7.604659635939257
31633,9.499999997500002
31634,7.604659635939257
31635,7.604659635939257
31636,7.604659635939257
31637,7.604659635939257
31638,8.310994544154932
31639,7.0
31640,7.604659635939257
31641,7.628517248808507
31642,7.604659635939257
31643,7.604659635939257
31644,7.604659635939257
31645,7.604659635939257
31646,7.604659635939257
31647,7.604659635939257
31648,7.604659635939257
31649,8.75
31650,7.604659635939257
31651,7.604659635939257
31652,7.604659635939257
31653,7.604659635939257
31654,7.604659635939257
31655,7.604659635939257
31656,7.604659635939257
31657,7.0
31658,7.604659635939257
31659,7.604659635939257
31660,7.604659635939257
31661,7.604659635939257
31662,7.604659635939257
31663,7.604659635939257
31664,8.0
31665,8.0
31666,7.604659635939257
31667,7.0
31668,10.0
31669,7.604659635939257
31670,7.604659635939257
31671,10.0
31672,7.604659635939257
31673,8.851063828909009
31674,7.604659635939257
31675,7.604659635939257
31676,7.604659635939257
31677,5.0
31678,7.604659635939257
31679,8.006645734437525
31680,8.75
31681,8.5
31682,7.604659635939257
31683,9.0
31684,6.0000000049999995
31685,8.999999999999998
31686,7.604659635939257
31687,7.604659635939257
31688,7.604659635939257
31689,7.0
31690,8.0
31691,9.246606056106684
31692,8.630751587521948
31693,7.604659635939257
31694,8.0
31695,8.33333333388889
31696,7.604659635939257
31697,7.604659635939257
31698,7.604659635939257
31699,8.0
31700,8.0
31701,6.0000000049999995
31702,7.604659635939257
31703,7.604659635939257
31704,7.99999999
31705,7.604659635939257
31706,7.604659635939257
31707,7.604659635939257
31708,7.0
31709,7.604659635939257
31710,7.604659635939257
31711,7.604659635939257
31712,7.604659635939257
31713,7.0
31714,7.604659635939257
31715,9.0
31716,7.604659635939257
31717,6.0
31718,7.0
31719,8.2000000008
31720,7.604659635939257
31721,8.0
31722,7.604659635939257
31723,7.604659635939257
31724,7.604659635939257
31725,7.604659635939257
31726,7.604659635939257
31727,7.604659635939257
31728,7.604659635939257
31729,7.604659635939257
31730,7.604659635939257
31731,7.604659635939257
31732,7.0
31733,7.604659635939257
31734,7.604659635939257
31735,7.604659635939257
31736,7.604659635939257
31737,7.604659635939257
31738,9.999999935000002
31739,7.604659635939257
31740,7.604659635939257
31741,7.604659635939257
31742,7.604659635939257
31743,9.999999982254034
31744,6.499999993333334
31745,7.604659635939257
31746,7.604659635939257
31747,7.604659635939257
31748,7.604659635939257
31749,8.999999990000001
31750,6.177405329967786
31751,8.0
31752,7.910018872427091
31753,7.604659635939257
31754,8.0
31755,7.604659635939257
31756,7.604659635939257
31757,8.0
31758,7.604659635939257
31759,7.0
31760,9.999999973174258
31761,7.604659635939257
31762,8.0
31763,7.604659635939257
31764,9.0
31765,7.604659635939257
31766,7.604659635939257
31767,7.604659635939257
31768,7.604659635939257
31769,7.604659635939257
31770,7.604659635939257
31771,7.604659635939257
31772,8.999999990000003
31773,7.604659635939257
31774,8.0
31775,7.604659635939257
31776,8.0
31777,7.604659635939257
31778,8.704178767200784
31779,7.604659635939257
31780,7.604659635939257
31781,7.604659635939257
31782,8.0
31783,7.604659635939257
31784,6.0
31785,9.0
31786,9.999999970000001
31787,8.0
31788,7.604659635939257
31789,7.604659635939257
31790,8.0
31791,8.0
31792,7.604659635939257
31793,7.604659635939257
31794,7.604659635939257
31795,7.604659635939257
31796,7.0
31797,7.339968576966858
31798,7.604659635939257
31799,8.5
31800,7.604659635939257
31801,7.604659635939257
31802,7.604659635939257
31803,7.604659635939257
31804,7.0
31805,7.604659635939257
31806,7.604659635939257
31807,7.000000000000001
31808,7.604659635939257
31809,7.604659635939257
31810,7.604659635939257
31811,7.604659635939257
31812,7.604659635939257
31813,7.604659635939257
31814,7.0
31815,9.751724136568372
31816,7.604659635939257
31817,7.0
31818,7.604659635939257
31819,7.604659635939257
31820,6.918318275226011
31821,7.604659635939257
31822,7.999999997771136
31823,7.604659635939257
31824,7.604659635939257
31825,8.0
31826,7.604659635939257
31827,7.604659635939257
31828,8.0
31829,7.604659635939257
31830,6.999999999999999
31831,7.604659635939257
31832,5.000000129999996
31833,7.604659635939257
31834,7.604659635939257
31835,7.604659635939257
31836,8.521942294751442
31837,7.604659635939257
31838,7.604659635939257
31839,8.0
31840,7.604659635939257
31841,7.604659635939257
31842,5.000000054999999
31843,7.604659635939257
31844,7.604659635939257
31845,7.604659635939257
31846,8.0
31847,7.604659635939257
31848,7.604659635939257
31849,7.000000000000001
31850,7.604659635939257
31851,7.604659635939257
31852,7.0000000049999995
31853,7.604659635939257
31854,7.604659635939257
31855,7.604659635939257
31856,7.604659635939257
31857,7.604659635939257
31858,7.666666665555555
31859,7.604659635939257
31860,7.604659635939257
31861,8.000000009999999
31862,7.604659635939257
31863,7.604659635939257
31864,7.0
31865,7.666883478247253
31866,8.0
31867,7.604659635939257
31868,7.604659635939257
31869,7.623821488004096
31870,7.604659635939257
31871,7.604659635939257
31872,7.604659635939257
31873,9.74053618350961
31874,7.604659635939257
31875,10.000000000000002
31876,7.604659635939257
31877,7.604659635939257
31878,7.604659635939257
31879,7.604659635939257
31880,8.0
31881,7.0
31882,7.604659635939257
31883,7.604659635939257
31884,8.0
31885,7.604659635939257
31886,7.604659635939257
31887,7.604659635939257
31888,7.604659635939257
31889,8.4999999975
31890,7.604659635939257
31891,7.0
31892,7.0
31893,7.0
31894,9.749999999687502
31895,9.0
31896,8.0
31897,8.0
31898,7.604659635939257
31899,8.75
31900,7.604659635939257
31901,8.231006562656427
31902,7.604659635939257
31903,8.0
31904,7.604659635939257
31905,7.604659635939257
31906,7.0
31907,8.5
31908,7.000000003333334
31909,7.604659635939257
31910,8.0
31911,8.999999995000001
31912,7.604659635939257
31913,7.604659635939257
31914,7.604659635939257
31915,9.857142856530611
31916,9.039009228629311
31917,7.5
31918,7.604659635939257
31919,7.604659635939257
31920,7.604659635939257
31921,5.0
31922,7.604659635939257
31923,7.604659635939257
31924,7.604659635939257
31925,7.604659635939257
31926,2.0
31927,7.604659635939257
31928,8.0
31929,7.604659635939257
31930,7.604659635939257
31931,9.0
31932,7.500000017803299
31933,7.604659635939257
31934,7.604659635939257
31935,7.604659635939257
31936,7.604659635939257
31937,7.604659635939257
31938,7.0
31939,7.604659635939257
31940,7.604659635939257
31941,7.604659635939257
31942,7.604659635939257
31943,7.604659635939257
31944,7.604659635939257
31945,7.604659635939257
31946,7.604659635939257
31947,7.604659635939257
31948,8.0
31949,7.604659635939257
31950,7.604659635939257
31951,8.0
31952,7.604659635939257
31953,8.0
31954,7.604659635939257
31955,7.604659635939257
31956,7.0
31957,7.604659635939257
31958,8.0
31959,8.0
31960,7.604659635939257
31961,7.604659635939257
31962,7.604659635939257
31963,7.604659635939257
31964,7.604659635939257
31965,8.119880491262741
31966,7.604659635939257
31967,7.604659635939257
31968,8.0
31969,7.833333333611112
31970,7.604659635939257
31971,7.4999999950000005
31972,7.604659635939257
31973,10.0
31974,5.0000000115451995
31975,9.999999968333334
31976,7.604659635939257
31977,7.604659635939257
31978,7.0
31979,7.604659635939257
31980,7.604659635939257
31981,8.0
31982,7.604659635939257
31983,9.0
31984,7.604659635939257
31985,8.499724059642336
31986,8.0
31987,9.333333334444443
31988,7.604659635939257
31989,6.000000000000001
31990,7.604659635939257
31991,7.604659635939257
31992,7.604659635939257
31993,9.0
31994,10.0
31995,7.604659635939257
31996,8.0
31997,8.0
31998,7.604659635939257
31999,8.000000003713907
32000,8.0
32001,8.0
32002,8.333333335
32003,8.20547299369778
32004,7.604659635939257
32005,7.999999995857866
32006,8.0
32007,8.0
32008,8.447125973793822
32009,7.0
32010,8.0
32011,7.551511873079168
32012,8.0
32013,7.604659635939257
32014,7.604659635939257
32015,7.604659635939257
32016,7.604659635939257
32017,10.0
32018,7.604659635939257
32019,7.604659635939257
32020,7.604659635939257
32021,6.0
32022,7.604659635939257
32023,7.604659635939257
32024,7.0
32025,7.604659635939257
32026,7.604659635939257
32027,7.604659635939257
32028,7.604659635939257
32029,7.604659635939257
32030,7.604659635939257
32031,9.0
32032,6.0
32033,7.0
32034,7.0
32035,7.604659635939257
32036,7.604659635939257
32037,8.0
32038,7.604659635939257
32039,7.604659635939257
32040,10.0
32041,7.604659635939257
32042,8.0
32043,9.999999970000001
32044,7.604659635939257
32045,9.0
32046,7.0
32047,6.0
32048,6.999999999999999
32049,7.604659635939257
32050,7.604659635939257
32051,7.604659635939257
32052,8.0
32053,7.0
32054,7.604659635939257
32055,8.99999999
32056,8.0
32057,7.604659635939257
32058,7.604659635939257
32059,7.604659635939257
32060,7.604659635939257
32061,10.0
32062,8.0
32063,8.5
32064,8.0
32065,7.604659635939257
32066,7.604659635939257
32067,7.499999998383882
32068,7.0
32069,7.0000000044721356
32070,7.604659635939257
32071,7.901601903956217
32072,7.499999994999999
32073,7.0
32074,7.604659635939257
32075,2.0
32076,7.604659635939257
32077,6.000000008333332
32078,2.0
32079,8.0
32080,7.604659635939257
32081,7.604659635939257
32082,7.604659635939257
32083,7.604659635939257
32084,3.309016994902811
32085,7.604659635939257
32086,7.604659635939257
32087,7.604659635939257
32088,7.604659635939257
32089,7.604659635939257
32090,8.0
32091,7.604659635939257
32092,9.999999955000002
32093,7.604659635939257
32094,7.604659635939257
32095,9.0
32096,8.5
32097,7.604659635939257
32098,8.0
32099,8.999999970000003
32100,10.0
32101,7.604659635939257
32102,9.0
32103,8.0
32104,8.5
32105,8.0
32106,7.604659635939257
32107,8.99999998666667
32108,9.0
32109,8.333333332777777
32110,7.604659635939257
32111,8.0
32112,5.813756398087915
32113,7.0
32114,7.604659635939257
32115,7.604659635939257
32116,7.604659635939257
32117,8.0
32118,7.604659635939257
32119,7.604659635939257
32120,8.0
32121,8.0
32122,5.0
32123,7.0
32124,7.604659635939257
32125,7.604659635939257
32126,7.604659635939257
32127,8.490090345376665
32128,7.604659635939257
32129,8.0
32130,7.604659635939257
32131,7.604659635939257
32132,5.999999986666667
32133,8.618133819421484
32134,7.604659635939257
32135,9.00000001
32136,8.600908663080618
32137,8.0
32138,7.604659635939257
32139,8.0
32140,7.604659635939257
32141,5.0
32142,7.604659635939257
32143,7.604659635939257
32144,7.604659635939257
32145,7.111225412142536
32146,7.604659635939257
32147,7.604659635939257
32148,8.0
32149,7.604659635939257
32150,10.0
32151,8.999999997763933
32152,7.604659635939257
32153,6.0
32154,7.9999999950000005
32155,7.604659635939257
32156,7.604659635939257
32157,7.604659635939257
32158,8.0
32159,7.604659635939257
32160,8.0
32161,7.604659635939257
32162,7.604659635939257
32163,9.999999950000001
32164,7.604659635939257
32165,7.604659635939257
32166,7.604659635939257
32167,7.604659635939257
32168,7.604659635939257
32169,7.604659635939257
32170,7.604659635939257
32171,8.0
32172,7.604659635939257
32173,10.0
32174,7.0
32175,8.0
32176,7.500000014999999
32177,8.719247979253861
32178,8.000000003333334
32179,7.604659635939257
32180,7.604659635939257
32181,8.0
32182,7.604659635939257
32183,7.604659635939257
32184,7.604659635939257
32185,7.604659635939257
32186,7.604659635939257
32187,8.090909091446282
32188,6.0
32189,7.604659635939257
32190,7.604659635939257
32191,7.604659635939257
32192,8.25
32193,7.604659635939257
32194,7.604659635939257
32195,7.604659635939257
32196,7.604659635939257
32197,8.0
32198,9.999999983333334
32199,7.604659635939257
32200,7.604659635939257
32201,9.49999999
32202,7.604659635939257
32203,7.604659635939257
32204,7.604659635939257
32205,7.604659635939257
32206,8.0
32207,7.604659635939257
32208,8.0
32209,9.999999999999998
32210,7.604659635939257
32211,7.604659635939257
32212,7.604659635939257
32213,6.999999999999999
32214,7.604659635939257
32215,9.0
32216,7.604659635939257
32217,8.99999999741801
32218,8.503525808350703
32219,8.0
32220,7.604659635939257
32221,7.604659635939257
32222,7.604659635939257
32223,7.604659635939257
32224,7.604659635939257
32225,7.604659635939257
32226,7.604659635939257
32227,7.604659635939257
32228,6.0
32229,7.604659635939257
32230,7.604659635939257
32231,7.604659635939257
32232,8.0
32233,7.0
32234,7.604659635939257
32235,7.604659635939257
32236,7.405581585396369
32237,7.604659635939257
32238,7.604659635939257
32239,8.000000005
32240,6.80810066137729
32241,7.604659635939257
32242,8.666666664444444
32243,7.604659635939257
32244,7.604659635939257
32245,7.604659635939257
32246,7.604659635939257
32247,8.0
32248,7.604659635939257
32249,7.604659635939257
32250,7.604659635939257
32251,7.604659635939257
32252,5.333333334444444
32253,7.604659635939257
32254,8.0
32255,7.604659635939257
32256,7.0
32257,8.0
32258,8.0
32259,8.0
32260,7.604659635939257
32261,7.604659635939257
32262,7.604659635939257
32263,8.0
32264,7.604659635939257
32265,7.604659635939257
32266,7.604659635939257
32267,7.999999990000002
32268,7.604659635939257
32269,7.604659635939257
32270,7.604659635939257
32271,9.25
32272,7.604659635939257
32273,7.604659635939257
32274,7.604659635939257
32275,7.604659635939257
32276,7.604659635939257
32277,7.604659635939257
32278,7.604659635939257
32279,7.604659635939257
32280,7.604659635939257
32281,8.0
32282,7.604659635939257
32283,7.604659635939257
32284,9.160836557937442
32285,8.0
32286,8.999999998
32287,8.0
32288,7.604659635939257
32289,7.0
32290,10.0
32291,9.500000000000002
32292,8.0
32293,7.604659635939257
32294,7.604659635939257
32295,7.604659635939257
32296,7.604659635939257
32297,7.0
32298,7.604659635939257
32299,7.0
32300,7.604659635939257
32301,7.604659635939257
32302,7.604659635939257
32303,9.166666661111112
32304,8.0
32305,10.0
32306,7.604659635939257
32307,8.75
32308,7.604659635939257
32309,8.0
32310,7.604659635939257
32311,6.0
32312,6.334388173081451
32313,9.333333318888888
32314,7.604659635939257
32315,7.604659635939257
32316,10.0
32317,7.604659635939257
32318,7.604659635939257
32319,7.604659635939257
32320,7.604659635939257
32321,7.604659635939257
32322,8.0
32323,9.0
32324,8.0
32325,7.604659635939257
32326,7.604659635939257
32327,9.219506220320605
32328,10.0
32329,7.0
32330,5.333333338888889
32331,7.604659635939257
32332,8.999999984999999
32333,7.604659635939257
32334,7.604659635939257
32335,9.499999997500002
32336,7.604659635939257
32337,7.0
32338,7.604659635939257
32339,7.604659635939257
32340,7.604659635939257
32341,7.604659635939257
32342,7.0
32343,7.604659635939257
32344,7.0
32345,7.923937796634815
32346,7.604659635939257
32347,5.0
32348,9.0
32349,7.604659635939257
32350,8.0
32351,8.400000002399999
32352,7.604659635939257
32353,9.999999999999998
32354,8.0
32355,7.604659635939257
32356,7.604659635939257
32357,8.0
32358,7.604659635939257
32359,7.604659635939257
32360,7.604659635939257
32361,8.0
32362,7.604659635939257
32363,7.604659635939257
32364,7.0
32365,7.604659635939257
32366,7.604659635939257
32367,7.604659635939257
32368,7.0
32369,7.0
32370,7.604659635939257
32371,7.0
32372,9.0
32373,7.604659635939257
32374,7.604659635939257
32375,7.604659635939257
32376,7.604659635939257
32377,8.0
32378,8.0
32379,8.279157515686284
32380,7.604659635939257
32381,7.604659635939257
32382,8.0
32383,7.604659635939257
32384,7.604659635939257
32385,8.0
32386,7.604659635939257
32387,8.54076198956369
32388,6.000000033284271
32389,7.604659635939257
32390,9.428571428979591
32391,7.604659635939257
32392,7.604659635939257
32393,7.604659635939257
32394,8.0
32395,8.499999998333333
32396,7.604659635939257
32397,7.604659635939257
32398,5.0
32399,7.604659635939257
32400,7.500000015854102
32401,8.0
32402,7.604659635939257
32403,8.633974595649319
32404,7.604659635939257
32405,7.75
32406,7.604659635939257
32407,9.28571428632653
32408,7.604659635939257
32409,7.604659635939257
32410,7.604659635939257
32411,7.604659635939257
32412,7.604659635939257
32413,8.0
32414,7.604659635939257
32415,8.0
32416,7.604659635939257
32417,7.604659635939257
32418,7.604659635939257
32419,8.333333331518896
32420,7.604659635939257
32421,7.604659635939257
32422,7.604659635939257
32423,7.604659635939257
32424,8.484810563139446
32425,7.604659635939257
32426,7.604659635939257
32427,9.999999970000001
32428,8.688031893053237
32429,7.604659635939257
32430,7.604659635939257
32431,7.604659635939257
32432,7.333921579684134
32433,7.604659635939257
32434,7.604659635939257
32435,8.0
32436,7.604659635939257
32437,8.210896723278953
32438,9.0
32439,8.0
32440,7.0
32441,8.0
32442,8.0
32443,7.000000000000001
32444,8.0
32445,9.0
32446,6.0
32447,7.604659635939257
32448,7.604659635939257
32449,7.604659635939257
32450,7.604659635939257
32451,7.604659635939257
32452,7.604659635939257
32453,7.604659635939257
32454,7.604659635939257
32455,4.999999999999999
32456,7.604659635939257
32457,7.604659635939257
32458,7.604659635939257
32459,7.604659635939257
32460,7.604659635939257
32461,7.604659635939257
32462,7.604659635939257
32463,7.604659635939257
32464,7.604659635939257
32465,7.604659635939257
32466,7.604659635939257
32467,7.604659635939257
32468,7.604659635939257
32469,7.604659635939257
32470,7.604659635939257
32471,8.666666661111112
32472,8.87499999921875
32473,8.0
32474,10.000000000000002
32475,7.604659635939257
32476,7.604659635939257
32477,7.604659635939257
32478,6.807235331784517
32479,7.604659635939257
32480,7.604659635939257
32481,7.604659635939257
32482,7.604659635939257
32483,8.0
32484,7.604659635939257
32485,7.604659635939257
32486,7.0
32487,6.999999999999999
32488,7.604659635939257
32489,7.604659635939257
32490,7.604659635939257
32491,7.604659635939257
32492,7.604659635939257
32493,7.0
32494,7.604659635939257
32495,9.999999999999998
32496,7.604659635939257
32497,10.0
32498,7.604659635939257
32499,7.604659635939257
32500,7.604659635939257
32501,7.0
32502,7.604659635939257
32503,8.0
32504,7.604659635939257
32505,7.776530005347599
32506,7.604659635939257
32507,7.604659635939257
32508,7.604659635939257
32509,8.69955778870489
32510,8.0
32511,7.604659635939257
32512,8.0
32513,6.6999999996
32514,9.084672070445656
32515,7.604659635939257
32516,7.604659635939257
32517,7.604659635939257
32518,7.604659635939257
32519,7.604659635939257
32520,7.604659635939257
32521,7.604659635939257
32522,7.604659635939257
32523,7.604659635939257
32524,7.604659635939257
32525,8.590097423197072
32526,8.0
32527,7.604659635939257
32528,7.604659635939257
32529,7.604659635939257
32530,8.0
32531,7.604659635939257
32532,7.604659635939257
32533,8.774655277011682
32534,7.0
32535,8.42363528798009
32536,7.604659635939257
32537,7.604659635939257
32538,7.604659635939257
32539,7.604659635939257
32540,7.604659635939257
32541,7.604659635939257
32542,7.604659635939257
32543,7.604659635939257
32544,7.0
32545,7.604659635939257
32546,7.604659635939257
32547,7.604659635939257
32548,7.604659635939257
32549,7.604659635939257
32550,5.666666666111111
32551,8.0
32552,7.604659635939257
32553,10.0
32554,8.0
32555,7.604659635939257
32556,8.857448728350642
32557,8.999999975513168
32558,7.0
32559,8.0
32560,8.296431119979225
32561,7.0
32562,7.604659635939257
32563,5.500000028409901
32564,8.0
32565,7.604659635939257
32566,6.3333333311111115
32567,8.363636361818182
32568,7.604659635939257
32569,7.5
32570,7.0
32571,7.604659635939257
32572,7.604659635939257
32573,7.604659635939257
32574,7.604659635939257
32575,7.166666667222222
32576,7.604659635939257
32577,7.357045053468081
32578,7.604659635939257
32579,7.604659635939257
32580,7.0
32581,9.0
32582,10.0
32583,7.0
32584,7.604659635939257
32585,6.000000006
32586,6.499999999
32587,10.0
32588,7.604659635939257
32589,9.75
32590,7.604659635939257
32591,7.604659635939257
32592,7.604659635939257
32593,7.604659635939257
32594,7.604659635939257
32595,7.604659635939257
32596,7.604659635939257
32597,7.604659635939257
32598,8.999999990000001
32599,7.500000008333332
32600,7.0
32601,7.604659635939257
32602,7.604659635939257
32603,7.604659635939257
32604,7.604659635939257
32605,7.604659635939257
32606,8.714285713061225
32607,7.604659635939257
32608,8.0
32609,7.604659635939257
32610,7.604659635939257
32611,8.714285714489794
32612,9.00000001
32613,7.604659635939257
32614,7.604659635939257
32615,7.604659635939257
32616,7.604659635939257
32617,8.0
32618,6.0
32619,7.604659635939257
32620,7.604659635939257
32621,7.604659635939257
32622,8.0
32623,7.0
32624,7.604659635939257
32625,8.999999984999999
32626,7.0
32627,9.411764705294118
32628,7.5
32629,7.604659635939257
32630,7.0
32631,7.604659635939257
32632,8.0
32633,8.818181816859504
32634,8.0
32635,7.604659635939257
32636,7.604659635939257
32637,7.604659635939257
32638,7.604659635939257
32639,8.0
32640,8.5
32641,7.604659635939257
32642,8.612941998883253
32643,8.145898033193035
32644,7.604659635939257
32645,7.999999980000002
32646,7.604659635939257
32647,7.604659635939257
32648,7.604659635939257
32649,8.0
32650,7.604659635939257
32651,7.604659635939257
32652,9.000000006666667
32653,8.0
32654,7.604659635939257
32655,7.604659635939257
32656,7.394037479325892
32657,8.000000015
32658,7.604659635939257
32659,6.0
32660,7.604659635939257
32661,7.604659635939257
32662,7.604659635939257
32663,8.079008574092091
32664,8.0
32665,7.999999998535534
32666,7.604659635939257
32667,7.309016995555287
32668,7.604659635939257
32669,8.0
32670,7.604659635939257
32671,7.604659635939257
32672,7.604659635939257
32673,7.604659635939257
32674,7.604659635939257
32675,7.604659635939257
32676,7.604659635939257
32677,8.0
32678,7.604659635939257
32679,7.604659635939257
32680,7.604659635939257
32681,7.604659635939257
32682,7.604659635939257
32683,8.0
32684,8.0
32685,9.0
32686,9.0
32687,7.604659635939257
32688,7.604659635939257
32689,7.604659635939257
32690,7.604659635939257
32691,7.604659635939257
32692,7.604659635939257
32693,10.0
32694,7.604659635939257
32695,9.0
32696,7.604659635939257
32697,7.604659635939257
32698,8.0
32699,7.000000000000001
32700,7.604659635939257
32701,8.612941998883253
32702,7.604659635939257
32703,7.604659635939257
32704,7.0
32705,7.604659635939257
32706,7.604659635939257
32707,7.604659635939257
32708,7.604659635939257
32709,7.604659635939257
32710,8.0
32711,7.604659635939257
32712,7.604659635939257
32713,8.448526341668908
32714,7.604659635939257
32715,9.0
32716,10.000000000000002
32717,7.604659635939257
32718,8.0
32719,7.604659635939257
32720,7.604659635939257
32721,8.0
32722,7.604659635939257
32723,7.604659635939257
32724,8.0
32725,8.0
32726,7.604659635939257
32727,7.604659635939257
32728,7.604659635939257
32729,9.9999999587868
32730,7.0
32731,7.604659635939257
32732,7.604659635939257
32733,10.0
32734,7.64837129503509
32735,7.604659635939257
32736,7.604659635939257
32737,8.0
32738,8.0
32739,9.999999998333333
32740,10.0
32741,7.604659635939257
32742,7.604659635939257
32743,7.604659635939257
32744,7.604659635939257
32745,8.0
32746,7.604659635939257
32747,7.0
32748,7.604659635939257
32749,7.604659635939257
32750,7.604659635939257
32751,7.604659635939257
32752,7.0
32753,7.604659635939257
32754,7.604659635939257
32755,8.0
32756,7.604659635939257
32757,7.604659635939257
32758,7.604659635939257
32759,7.604659635939257
32760,7.604659635939257
32761,7.604659635939257
32762,7.0
32763,7.0
32764,7.0
32765,8.0
32766,7.604659635939257
32767,7.0
32768,7.604659635939257
32769,7.604659635939257
32770,7.604659635939257
32771,8.0
32772,7.604659635939257
32773,8.0
32774,7.604659635939257
32775,7.604659635939257
32776,7.604659635939257
32777,7.604659635939257
32778,7.604659635939257
32779,7.604659635939257
32780,7.604659635939257
32781,9.25
32782,7.604659635939257
32783,7.604659635939257
32784,7.604659635939257
32785,7.604659635939257
32786,8.23086373324989
32787,9.0
32788,8.0
32789,8.0
32790,8.0
32791,8.0
32792,5.5000000249999985
32793,7.604659635939257
32794,8.0
32795,7.604659635939257
32796,7.604659635939257
32797,7.604659635939257
32798,7.604659635939257
32799,7.604659635939257
32800,7.604659635939257
32801,8.532796860237367
32802,7.604659635939257
32803,9.168046774928904
32804,7.604659635939257
32805,9.999999996755571
32806,7.604659635939257
32807,8.0
32808,7.604659635939257
32809,9.0
32810,7.99999999
32811,7.604659635939257
32812,9.75
32813,7.604659635939257
32814,9.5
32815,5.0000000481649645
32816,7.604659635939257
32817,6.0000000335355335
32818,7.604659635939257
32819,8.0
32820,7.604659635939257
32821,6.297999200191164
32822,7.604659635939257
32823,8.0
32824,7.604659635939257
32825,7.604659635939257
32826,7.483314773608843
32827,7.604659635939257
32828,7.604659635939257
32829,8.0
32830,7.604659635939257
32831,6.0
32832,7.604659635939257
32833,9.0
32834,7.604659635939257
32835,8.0
32836,7.604659635939257
32837,8.0
32838,7.0
32839,8.0
32840,7.604659635939257
32841,7.604659635939257
32842,7.604659635939257
32843,7.0
32844,7.604659635939257
32845,7.604659635939257
32846,10.0
32847,6.6666666744444445
32848,9.99999981000001
32849,7.604659635939257
32850,7.604659635939257
32851,7.604659635939257
32852,7.604659635939257
32853,9.0
32854,5.333333341111111
32855,9.999999984999999
32856,8.499999999999998
32857,7.0
32858,6.50000000625
32859,7.604659635939257
32860,8.00000002
32861,7.604659635939257
32862,7.604659635939257
32863,8.28427124848936
32864,8.333333331111112
32865,7.75
32866,7.604659635939257
32867,10.0
32868,7.5
32869,9.999999992375072
32870,7.604659635939257
32871,6.845187141915558
32872,7.604659635939257
32873,7.604659635939257
32874,8.0
32875,7.604659635939257
32876,7.0
32877,7.604659635939257
32878,7.604659635939257
32879,8.0
32880,7.604659635939257
32881,8.999999995
32882,7.604659635939257
32883,9.0
32884,7.604659635939257
32885,7.604659635939257
32886,7.604659635939257
32887,9.0
32888,9.00000002
32889,8.714285713673469
32890,7.604659635939257
32891,7.604659635939257
32892,7.604659635939257
32893,7.604659635939257
32894,8.666666661111112
32895,7.604659635939257
32896,9.999999989393398
32897,7.604659635939257
32898,7.604659635939257
32899,7.604659635939257
32900,8.0
32901,7.604659635939257
32902,7.604659635939257
32903,8.169918777166433
32904,10.0
32905,7.604659635939257
32906,7.604659635939257
32907,7.604659635939257
32908,9.333333334444443
32909,7.604659635939257
32910,8.0
32911,8.666666667777777
32912,8.2000000004
32913,8.0
32914,7.604659635939257
32915,10.0
32916,7.705163251781546
32917,7.604659635939257
32918,8.84695405868143
32919,7.604659635939257
32920,7.604659635939257
32921,7.604659635939257
32922,2.0
32923,7.604659635939257
32924,7.604659635939257
32925,7.604659635939257
32926,7.604659635939257
32927,8.0
32928,7.604659635939257
32929,7.604659635939257
32930,7.604659635939257
32931,8.0
32932,7.604659635939257
32933,7.604659635939257
32934,7.604659635939257
32935,7.604659635939257
32936,7.604659635939257
32937,10.0
32938,7.0
32939,7.604659635939257
32940,7.604659635939257
32941,7.9999999750000015
32942,7.604659635939257
32943,7.604659635939257
32944,7.604659635939257
32945,7.604659635939257
32946,7.604659635939257
32947,7.604659635939257
32948,7.604659635939257
32949,7.604659635939257
32950,9.0
32951,8.0
32952,7.604659635939257
32953,7.604659635939257
32954,7.166666665555556
32955,9.999999970000001
32956,7.000000000000001
32957,7.604659635939257
32958,7.604659635939257
32959,7.604659635939257
32960,7.604659635939257
32961,8.999999998301366
32962,8.0
32963,7.604659635939257
32964,7.604659635939257
32965,7.604659635939257
32966,8.5
32967,7.604659635939257
32968,7.604659635939257
32969,7.604659635939257
32970,8.0
32971,7.604659635939257
32972,7.604659635939257
32973,7.604659635939257
32974,7.25
32975,7.604659635939257
32976,7.0
32977,7.0
32978,9.0
32979,7.0
32980,7.604659635939257
32981,7.604659635939257
32982,7.604659635939257
32983,7.604659635939257
32984,7.604659635939257
32985,7.604659635939257
32986,7.604659635939257
32987,7.0
32988,7.99999998707107
32989,7.604659635939257
32990,7.0
32991,9.200000000800001
32992,5.000000016666666
32993,8.0
32994,7.604659635939257
32995,7.604659635939257
32996,8.0
32997,1.0
32998,7.604659635939257
32999,7.604659635939257
33000,7.604659635939257
33001,7.604659635939257
33002,7.0
33003,7.604659635939257
33004,7.000000000000001
33005,10.0
33006,8.0
33007,7.0
33008,7.604659635939257
33009,7.604659635939257
33010,7.604659635939257
33011,8.618033991110574
33012,7.604659635939257
33013,7.604659635939257
33014,7.604659635939257
33015,8.0
33016,8.0
33017,7.0
33018,7.604659635939257
33019,9.3750000003125
33020,9.0
33021,9.723552989875541
33022,6.0
33023,7.604659635939257
33024,8.0
33025,8.0
33026,7.604659635939257
33027,7.604659635939257
33028,8.0
33029,9.0
33030,7.604659635939257
33031,7.604659635939257
33032,7.604659635939257
33033,7.604659635939257
33034,8.75
33035,7.604659635939257
33036,7.999999993906102
33037,8.0
33038,7.000000002828426
33039,7.604659635939257
33040,8.0
33041,7.604659635939257
33042,7.604659635939257
33043,7.604659635939257
33044,7.604659635939257
33045,7.0
33046,7.604659635939257
33047,9.0
33048,7.604659635939257
33049,8.0
33050,10.0
33051,7.604659635939257
33052,7.604659635939257
33053,7.604659635939257
33054,7.604659635939257
33055,7.0
33056,7.604659635939257
33057,7.604659635939257
33058,7.604659635939257
33059,5.000000013114846
33060,8.0
33061,7.604659635939257
33062,7.604659635939257
33063,7.604659635939257
33064,7.604659635939257
33065,7.0
33066,7.604659635939257
33067,8.480246885640545
33068,8.0
33069,7.604659635939257
33070,9.0
33071,7.604659635939257
33072,7.604659635939257
33073,7.442334904891022
33074,7.604659635939257
33075,7.604659635939257
33076,9.999999999999998
33077,7.604659635939257
33078,8.372741281385263
33079,8.499999982840098
33080,5.0
33081,8.0
33082,8.0
33083,7.0
33084,7.604659635939257
33085,7.604659635939257
33086,5.0
33087,7.604659635939257
33088,7.0
33089,7.724845545660519
33090,7.604659635939257
33091,7.604659635939257
33092,7.604659635939257
33093,7.0
33094,8.909090908429754
33095,6.903988675730484
33096,7.604659635939257
33097,7.604659635939257
33098,7.604659635939257
33099,7.250000001250001
33100,7.5
33101,7.0
33102,7.604659635939257
33103,8.0
33104,5.000000008219949
33105,7.604659635939257
33106,7.494714791798081
33107,7.604659635939257
33108,7.604659635939257
33109,7.604659635939257
33110,8.0
33111,7.604659635939257
33112,7.0
33113,7.604659635939257
33114,7.604659635939257
33115,7.604659635939257
33116,7.604659635939257
33117,5.000000066213202
33118,8.0
33119,7.604659635939257
33120,7.604659635939257
33121,7.604659635939257
33122,8.0
33123,8.0
33124,9.0
33125,8.0
33126,7.604659635939257
33127,7.604659635939257
33128,8.0
33129,7.604659635939257
33130,7.604659635939257
33131,7.604659635939257
33132,8.00000001
33133,7.604659635939257
33134,7.604659635939257
33135,7.604659635939257
33136,7.604659635939257
33137,7.0
33138,7.514746371456025
33139,6.750000001875
33140,8.0
33141,5.523274890230723
33142,6.6666666744444445
33143,8.999999998571427
33144,7.604659635939257
33145,7.604659635939257
33146,7.0
33147,7.604659635939257
33148,7.604659635939257
33149,7.25
33150,7.999999996666666
33151,7.604659635939257
33152,7.49999999375
33153,7.604659635939257
33154,7.604659635939257
33155,7.604659635939257
33156,7.604659635939257
33157,7.604659635939257
33158,7.604659635939257
33159,9.0
33160,7.604659635939257
33161,7.604659635939257
33162,7.604659635939257
33163,7.604659635939257
33164,8.213761771809791
33165,7.604659635939257
33166,8.0
33167,7.604659635939257
33168,5.851623470825617
33169,7.000000009486833
33170,7.604659635939257
33171,7.604659635939257
33172,8.0
33173,7.604659635939257
33174,7.604659635939257
33175,8.0
33176,8.0
33177,7.604659635939257
33178,7.20972009928728
33179,7.604659635939257
33180,8.499999999999998
33181,7.604659635939257
33182,7.604659635939257
33183,7.604659635939257
33184,7.604659635939257
33185,7.604659635939257
33186,7.604659635939257
33187,7.604659635939257
33188,7.604659635939257
33189,7.604659635939257
33190,8.0
33191,7.604659635939257
33192,8.0
33193,7.604659635939257
33194,7.604659635939257
33195,6.803691347967319
33196,7.604659635939257
33197,7.604659635939257
33198,7.604659635939257
33199,7.0
33200,8.0
33201,8.0
33202,9.999999999999998
33203,7.604659635939257
33204,7.604659635939257
33205,7.604659635939257
33206,8.0
33207,7.604659635939257
33208,7.604659635939257
33209,8.0
33210,7.604659635939257
33211,8.0
33212,7.604659635939257
33213,7.604659635939257
33214,8.918378754604758
33215,7.604659635939257
33216,7.604659635939257
33217,7.500000000000001
33218,8.0
33219,9.499999995
33220,7.604659635939257
33221,7.604659635939257
33222,7.604659635939257
33223,7.604659635939257
33224,7.604659635939257
33225,7.3333333338888895
33226,8.0
33227,7.604659635939257
33228,7.604659635939257
33229,7.604659635939257
33230,7.666666667777778
33231,8.0
33232,7.666666666888889
33233,9.999999975
33234,7.604659635939257
33235,7.604659635939257
33236,7.604659635939257
33237,8.0
33238,7.604659635939257
33239,7.071067814378101
33240,7.0
33241,7.604659635939257
33242,7.604659635939257
33243,7.604659635939257
33244,7.604659635939257
33245,3.0
33246,7.5
33247,7.0
33248,7.604659635939257
33249,8.0
33250,7.604659635939257
33251,2.0
33252,7.604659635939257
33253,9.999999999999998
33254,7.0
33255,7.720566024023423
33256,7.604659635939257
33257,7.999999989999999
33258,7.604659635939257
33259,8.999999992928933
33260,9.0
33261,7.604659635939257
33262,9.999999930000005
33263,7.604659635939257
33264,7.604659635939257
33265,7.0
33266,7.604659635939257
33267,7.604659635939257
33268,7.604659635939257
33269,7.604659635939257
33270,8.0
33271,8.0
33272,7.604659635939257
33273,10.0
33274,7.604659635939257
33275,9.0
33276,7.604659635939257
33277,9.0
33278,7.604659635939257
33279,7.604659635939257
33280,7.000000000000001
33281,6.956202037677851
33282,7.604659635939257
33283,7.604659635939257
33284,7.604659635939257
33285,7.604659635939257
33286,7.604659635939257
33287,7.604659635939257
33288,7.604659635939257
33289,7.604659635939257
33290,7.604659635939257
33291,7.604659635939257
33292,7.604659635939257
33293,7.604659635939257
33294,7.604659635939257
33295,8.0
33296,9.0
33297,8.0
33298,10.0
33299,1.7999999996
33300,4.999999999999999
33301,7.604659635939257
33302,7.604659635939257
33303,7.604659635939257
33304,7.604659635939257
33305,7.604659635939257
33306,7.604659635939257
33307,9.999999999999998
33308,7.604659635939257
33309,7.604659635939257
33310,7.604659635939257
33311,7.604659635939257
33312,7.604659635939257
33313,7.0
33314,7.604659635939257
33315,7.604659635939257
33316,6.807728892079277
33317,7.604659635939257
33318,7.604659635939257
33319,6.3098123280707625
33320,7.0
33321,9.0
33322,7.85714285755102
33323,8.000000015
33324,7.604659635939257
33325,7.0
33326,9.999999938333335
33327,7.604659635939257
33328,8.0
33329,5.339408028474442
33330,7.604659635939257
33331,7.604659635939257
33332,7.604659635939257
33333,7.333333342222222
33334,7.604659635939257
33335,7.604659635939257
33336,10.0
33337,7.604659635939257
33338,7.604659635939257
33339,7.604659635939257
33340,8.217129274183723
33341,7.604659635939257
33342,8.0
33343,7.604659635939257
33344,7.604659635939257
33345,9.608564636666902
33346,9.0
33347,7.604659635939257
33348,7.604659635939257
33349,7.604659635939257
33350,8.25
33351,7.0
33352,10.0
33353,8.0
33354,7.604659635939257
33355,7.124030800433828
33356,7.604659635939257
33357,7.604659635939257
33358,9.99999998
33359,7.604659635939257
33360,7.604659635939257
33361,7.604659635939257
33362,7.604659635939257
33363,7.0
33364,7.604659635939257
33365,7.604659635939257
33366,7.604659635939257
33367,7.604659635939257
33368,7.604659635939257
33369,7.604659635939257
33370,6.000000024999999
33371,7.604659635939257
33372,7.604659635939257
33373,7.604659635939257
33374,8.341463414580607
33375,8.999999967292444
33376,7.604659635939257
33377,7.604659635939257
33378,9.0
33379,7.604659635939257
33380,7.604659635939257
33381,7.604659635939257
33382,7.604659635939257
33383,7.604659635939257
33384,7.604659635939257
33385,7.604659635939257
33386,7.604659635939257
33387,7.604659635939257
33388,7.604659635939257
33389,7.604659635939257
33390,7.000000044142135
33391,5.999999999999999
33392,7.121700720495126
33393,7.604659635939257
33394,7.604659635939257
33395,7.604659635939257
33396,7.480909020734225
33397,7.0
33398,7.604659635939257
33399,6.0
33400,8.0
33401,7.604659635939257
33402,8.999999995
33403,7.604659635939257
33404,7.604659635939257
33405,7.0
33406,7.604659635939257
33407,7.604659635939257
33408,9.0
33409,7.604659635939257
33410,7.604659635939257
33411,7.604659635939257
33412,7.604659635939257
33413,7.00000003
33414,8.999999996666666
33415,7.604659635939257
33416,7.604659635939257
33417,7.604659635939257
33418,7.604659635939257
33419,8.0
33420,10.0
33421,7.604659635939257
33422,10.000000000000002
33423,7.604659635939257
33424,8.0
33425,7.604659635939257
33426,7.604659635939257
33427,9.0
33428,8.000000005236034
33429,7.0
33430,7.604659635939257
33431,5.0
33432,10.0
33433,8.0
33434,7.604659635939257
33435,7.604659635939257
33436,8.0
33437,7.0
33438,7.604659635939257
33439,7.604659635939257
33440,9.0
33441,5.0
33442,5.000000016666667
33443,7.0
33444,7.604659635939257
33445,7.604659635939257
33446,7.604659635939257
33447,7.604659635939257
33448,7.604659635939257
33449,7.604659635939257
33450,7.5999999996
33451,7.604659635939257
33452,7.604659635939257
33453,7.604659635939257
33454,10.0
33455,7.604659635939257
33456,7.604659635939257
33457,7.604659635939257
33458,7.604659635939257
33459,7.604659635939257
33460,7.604659635939257
33461,7.604659635939257
33462,7.604659635939257
33463,7.604659635939257
33464,6.571428569591836
33465,7.604659635939257
33466,7.604659635939257
33467,9.999999999999998
33468,10.0
33469,7.604659635939257
33470,7.899999999399999
33471,7.999999994999999
33472,6.999999999999999
33473,9.000000009999999
33474,7.153356160032584
33475,7.604659635939257
33476,7.0
33477,7.604659635939257
33478,7.604659635939257
33479,8.0
33480,8.0
33481,7.604659635939257
33482,8.112820241006135
33483,7.333333338888889
33484,7.604659635939257
33485,9.999999990000001
33486,8.0
33487,8.0
33488,9.999999999999998
33489,7.604659635939257
33490,7.604659635939257
33491,6.5
33492,7.604659635939257
33493,7.604659635939257
33494,7.604659635939257
33495,7.604659635939257
33496,7.604659635939257
33497,8.0
33498,7.604659635939257
33499,7.604659635939257
33500,7.604659635939257
33501,7.604659635939257
33502,7.604659635939257
33503,7.604659635939257
33504,7.604659635939257
33505,7.604659635939257
33506,7.604659635939257
33507,8.0
33508,7.762559327355934
33509,7.604659635939257
33510,7.604659635939257
33511,10.0
33512,7.00000003
33513,7.604659635939257
33514,7.604659635939257
33515,5.860396005400025
33516,7.604659635939257
33517,7.0
33518,7.604659635939257
33519,7.0
33520,8.0
33521,7.604659635939257
33522,7.604659635939257
33523,7.604659635939257
33524,8.0
33525,7.604659635939257
33526,7.604659635939257
33527,7.604659635939257
33528,6.000000019191443
33529,7.183216397356587
33530,7.604659635939257
33531,7.0
33532,9.000000000000002
33533,7.0
33534,8.66666667111111
33535,4.971745457100093
33536,7.0
33537,7.604659635939257
33538,7.604659635939257
33539,7.604659635939257
33540,7.604659635939257
33541,7.604659635939257
33542,7.604659635939257
33543,7.604659635939257
33544,7.604659635939257
33545,7.604659635939257
33546,7.604659635939257
33547,8.0
33548,7.0
33549,8.859504057211078
33550,7.604659635939257
33551,7.604659635939257
33552,5.0
33553,8.743731739718237
33554,7.604659635939257
33555,7.604659635939257
33556,7.604659635939257
33557,8.999999979999998
33558,7.604659635939257
33559,7.604659635939257
33560,4.0
33561,7.995487801378626
33562,7.604659635939257
33563,10.0
33564,8.0
33565,8.0
33566,7.604659635939257
33567,7.604659635939257
33568,7.604659635939257
33569,9.555555555925924
33570,6.5999999996000005
33571,9.0
33572,7.604659635939257
33573,7.604659635939257
33574,7.0
33575,7.604659635939257
33576,7.604659635939257
33577,8.333333334444443
33578,7.604659635939257
33579,7.604659635939257
33580,7.604659635939257
33581,7.0
33582,7.604659635939257
33583,7.604659635939257
33584,8.0
33585,9.0
33586,7.604659635939257
33587,7.857142857959183
33588,8.0
33589,7.604659635939257
33590,10.0
33591,7.604659635939257
33592,7.604659635939257
33593,7.604659635939257
33594,7.0
33595,7.604659635939257
33596,7.604659635939257
33597,7.604659635939257
33598,7.604659635939257
33599,7.604659635939257
33600,7.604659635939257
33601,7.604659635939257
33602,7.604659635939257
33603,7.604659635939257
33604,8.999999978492443
33605,7.604659635939257
33606,7.604659635939257
33607,7.0
33608,8.0
33609,8.0
33610,7.0
33611,7.604659635939257
33612,7.604659635939257
33613,7.604659635939257
33614,7.604659635939257
33615,7.604659635939257
33616,9.0
33617,7.0
33618,7.604659635939257
33619,8.666666665555555
33620,7.604659635939257
33621,7.604659635939257
33622,7.604659635939257
33623,8.5
33624,7.604659635939257
33625,8.0
33626,6.9999999427735045
33627,7.604659635939257
33628,8.0
33629,7.604659635939257
33630,7.604659635939257
33631,7.604659635939257
33632,7.604659635939257
33633,7.604659635939257
33634,8.0
33635,7.604659635939257
33636,7.604659635939257
33637,8.0
33638,7.604659635939257
33639,7.604659635939257
33640,9.250000000312498
33641,8.0
33642,7.604659635939257
33643,7.603209954276255
33644,9.999999999999998
33645,7.749999999999999
33646,7.604659635939257
33647,7.604659635939257
33648,8.95316938952573
33649,7.604659635939257
33650,7.604659635939257
33651,7.604659635939257
33652,7.604659635939257
33653,7.604659635939257
33654,7.604659635939257
33655,6.00000001
33656,7.9999999850000005
33657,7.0
33658,7.604659635939257
33659,7.604659635939257
33660,7.604659635939257
33661,7.0
33662,7.604659635939257
33663,7.604659635939257
33664,7.604659635939257
33665,8.0
33666,7.604659635939257
33667,7.604659635939257
33668,7.604659635939257
33669,7.604659635939257
33670,5.0
33671,7.604659635939257
33672,7.604659635939257
33673,5.6666666688888885
33674,8.208818210371888
33675,7.604659635939257
33676,7.604659635939257
33677,8.029416521026016
33678,8.000000019142135
33679,6.0
33680,8.999999984999999
33681,7.604659635939257
33682,3.000000090644949
33683,8.545454545371902
33684,7.0
33685,7.604659635939257
33686,7.604659635939257
33687,7.604659635939257
33688,8.0
33689,7.604659635939257
33690,7.604659635939257
33691,7.0
33692,7.604659635939257
33693,7.604659635939257
33694,8.0
33695,7.604659635939257
33696,7.604659635939257
33697,9.392244908101754
33698,8.75
33699,7.604659635939257
33700,7.0
33701,6.0
33702,7.604659635939257
33703,6.6666666676604756
33704,7.604659635939257
33705,8.122576076320966
33706,7.604659635939257
33707,7.604659635939257
33708,7.604659635939257
33709,7.604659635939257
33710,7.604659635939257
33711,7.604659635939257
33712,7.604659635939257
33713,7.604659635939257
33714,9.0
33715,7.604659635939257
33716,7.108434743913269
33717,7.604659635939257
33718,7.50000000625
33719,8.0
33720,7.604659635939257
33721,7.604659635939257
33722,7.604659635939257
33723,7.604659635939257
33724,7.604659635939257
33725,8.0
33726,7.604659635939257
33727,9.0
33728,7.604659635939257
33729,6.0
33730,7.0
33731,7.604659635939257
33732,7.604659635939257
33733,7.604659635939257
33734,7.604659635939257
33735,7.604659635939257
33736,7.604659635939257
33737,4.999999999999999
33738,7.604659635939257
33739,7.0
33740,7.604659635939257
33741,7.604659635939257
33742,7.604659635939257
33743,7.604659635939257
33744,7.604659635939257
33745,7.604659635939257
33746,8.225806452226845
33747,7.604659635939257
33748,7.604659635939257
33749,8.0
33750,7.604659635939257
33751,8.757359312126926
33752,7.604659635939257
33753,7.604659635939257
33754,7.604659635939257
33755,7.604659635939257
33756,7.604659635939257
33757,7.604659635939257
33758,7.604659635939257
33759,9.49999996
33760,9.24999999625
33761,7.604659635939257
33762,7.604659635939257
33763,7.604659635939257
33764,7.604659635939257
33765,8.0
33766,7.604659635939257
33767,7.604659635939257
33768,8.0
33769,8.0
33770,7.604659635939257
33771,8.999999999999998
33772,7.604659635939257
33773,9.999999999191548
33774,8.999999995000001
33775,8.000000000000002
33776,9.999999994
33777,7.604659635939257
33778,7.929034015422208
33779,7.604659635939257
33780,9.0
33781,7.604659635939257
33782,7.604659635939257
33783,10.0
33784,7.604659635939257
33785,7.604659635939257
33786,3.0
33787,8.0
33788,7.604659635939257
33789,7.604659635939257
33790,7.604659635939257
33791,7.604659635939257
33792,7.604659635939257
33793,7.604659635939257
33794,7.0
33795,7.604659635939257
33796,7.604659635939257
33797,7.604659635939257
33798,7.285714285510204
33799,7.604659635939257
33800,7.000000012247449
33801,8.192956995300298
33802,9.0
33803,7.604659635939257
33804,7.604659635939257
33805,7.604659635939257
33806,7.604659635939257
33807,7.604659635939257
33808,8.2000000004
33809,8.0
33810,8.000000016666668
33811,7.0
33812,7.604659635939257
33813,7.604659635939257
33814,7.604659635939257
33815,7.604659635939257
33816,7.604659635939257
33817,7.604659635939257
33818,7.604659635939257
33819,6.0
33820,8.0
33821,7.0
33822,8.0
33823,7.14285714367347
33824,7.604659635939257
33825,7.0
33826,7.604659635939257
33827,7.604659635939257
33828,7.604659635939257
33829,7.604659635939257
33830,7.604659635939257
33831,7.604659635939257
33832,8.0
33833,8.413019188241975
33834,7.604659635939257
33835,7.604659635939257
33836,6.999999980000001
33837,7.604659635939257
33838,7.604659635939257
33839,7.75
33840,7.604659635939257
33841,7.604659635939257
33842,7.604659635939257
33843,6.999999999999999
33844,8.0
33845,9.999999988291796
33846,7.604659635939257
33847,7.604659635939257
33848,9.0
33849,9.464101615330133
33850,7.604659635939257
33851,7.604659635939257
33852,7.604659635939257
33853,7.604659635939257
33854,8.0
33855,7.604659635939257
33856,7.604659635939257
33857,7.604659635939257
33858,7.604659635939257
33859,9.333333335555556
33860,7.604659635939257
33861,7.604659635939257
33862,9.999999940000002
33863,7.604659635939257
33864,8.0
33865,7.604659635939257
33866,7.604659635939257
33867,7.604659635939257
33868,7.604659635939257
33869,7.604659635939257
33870,7.604659635939257
33871,7.999999994082482
33872,7.604659635939257
33873,7.604659635939257
33874,8.0
33875,7.604659635939257
33876,7.604659635939257
33877,7.604659635939257
33878,7.604659635939257
33879,7.0
33880,8.0
33881,5.0
33882,7.604659635939257
33883,7.604659635939257
33884,7.604659635939257
33885,7.604659635939257
33886,7.0
33887,7.604659635939257
33888,8.0
33889,8.0
33890,7.604659635939257
33891,7.604659635939257
33892,7.604659635939257
33893,7.604659635939257
33894,8.0
33895,8.0
33896,7.604659635939257
33897,8.0
33898,7.604659635939257
33899,7.0
33900,7.604659635939257
33901,7.604659635939257
33902,7.604659635939257
33903,7.604659635939257
33904,8.0
33905,7.604659635939257
33906,9.99999997014929
33907,7.604659635939257
33908,7.42857142897959
33909,7.604659635939257
33910,7.604659635939257
33911,7.604659635939257
33912,7.604659635939257
33913,8.0
33914,7.604659635939257
33915,7.604659635939257
33916,7.0
33917,7.352941173737023
33918,8.000000003333335
33919,7.537536098688355
33920,7.604659635939257
33921,8.4999999975
33922,7.604659635939257
33923,7.604659635939257
33924,9.75
33925,7.604659635939257
33926,7.604659635939257
33927,7.604659635939257
33928,7.604659635939257
33929,7.0
33930,7.604659635939257
33931,7.604659635939257
33932,4.999999999999999
33933,7.0
33934,7.604659635939257
33935,7.604659635939257
33936,7.604659635939257
33937,6.999999999999999
33938,7.604659635939257
33939,7.604659635939257
33940,7.604659635939257
33941,6.500000014874369
33942,8.0
33943,7.604659635939257
33944,7.0
33945,7.604659635939257
33946,8.0
33947,7.604659635939257
33948,7.604659635939257
33949,7.604659635939257
33950,7.604659635939257
33951,8.000000009999999
33952,8.0
33953,9.9999999525
33954,10.0
33955,7.604659635939257
33956,7.1218056438330315
33957,8.645161287773153
33958,8.57142857
33959,5.0
33960,7.604659635939257
33961,9.0
33962,8.0
33963,7.604659635939257
33964,7.604659635939257
33965,2.0000000899999977
33966,7.749999999999999
33967,7.604659635939257
33968,7.604659635939257
33969,8.0
33970,7.604659635939257
33971,7.604659635939257
33972,10.0
33973,9.008760036747287
33974,7.0
33975,7.604659635939257
33976,6.999999999999999
33977,7.999999975000001
33978,7.604659635939257
33979,7.999999995
33980,7.604659635939257
33981,7.0
33982,7.287238784742021
33983,7.604659635939257
33984,7.604659635939257
33985,7.604659635939257
33986,4.0
33987,7.604659635939257
33988,8.194529660531465
33989,8.0
33990,7.604659635939257
33991,7.604659635939257
33992,7.6000000016
33993,7.604659635939257
33994,5.000000000404402
33995,10.0
33996,7.604659635939257
33997,7.604659635939257
33998,8.0
33999,7.604659635939257
34000,7.604659635939257
34001,7.0
34002,7.604659635939257
34003,8.999999999999998
34004,7.604659635939257
34005,7.604659635939257
34006,7.604659635939257
34007,7.85233232369943
34008,7.604659635939257
34009,8.0
34010,7.604659635939257
34011,7.604659635939257
34012,7.604659635939257
34013,7.604659635939257
34014,7.604659635939257
34015,8.714285714489794
34016,7.604659635939257
34017,7.604659635939257
34018,8.0
34019,7.604659635939257
34020,7.604659635939257
34021,7.0
34022,7.604659635939257
34023,8.999999996372509
34024,8.75
34025,7.604659635939257
34026,7.5
34027,1.0
34028,6.0
34029,7.604659635939257
34030,7.604659635939257
34031,7.604659635939257
34032,7.9999999850000005
34033,7.604659635939257
34034,7.191396905638044
34035,7.000000001111111
34036,7.604659635939257
34037,4.0
34038,7.604659635939257
34039,6.0
34040,7.604659635939257
34041,9.3750000003125
34042,7.604659635939257
34043,7.604659635939257
34044,10.0
34045,7.604659635939257
34046,7.604659635939257
34047,7.604659635939257
34048,7.604659635939257
34049,7.604659635939257
34050,7.604659635939257
34051,7.604659635939257
34052,7.604659635939257
34053,7.604659635939257
34054,7.604659635939257
34055,8.0
34056,7.604659635939257
34057,7.604659635939257
34058,9.0
34059,7.604659635939257
34060,8.75
34061,7.604659635939257
34062,7.604659635939257
34063,9.999999992928933
34064,7.32013829977848
34065,7.604659635939257
34066,7.604659635939257
34067,7.604659635939257
34068,9.0
34069,8.0
34070,7.99999996
34071,7.0
34072,8.999999985
34073,6.172537797079211
34074,7.0
34075,7.604659635939257
34076,7.000000009999999
34077,7.604659635939257
34078,7.0
34079,9.215490468318697
34080,4.25
34081,7.604659635939257
34082,7.0
34083,8.0
34084,9.999999940000002
34085,7.604659635939257
34086,7.604659635939257
34087,7.604659635939257
34088,6.714285714489796
34089,7.604659635939257
34090,9.365546000040062
34091,7.604659635939257
34092,7.999999999999999
34093,7.0
34094,7.604659635939257
34095,9.0
34096,7.604659635939257
34097,7.604659635939257
34098,7.0
34099,7.999999985
34100,8.666666668888888
34101,8.519493850799716
34102,7.604659635939257
34103,4.0
34104,7.604659635939257
34105,7.604659635939257
34106,8.999999973333335
34107,9.999999940000004
34108,7.604659635939257
34109,7.0
34110,8.0
34111,7.604659635939257
34112,7.604659635939257
34113,7.604659635939257
34114,7.0
34115,5.0
34116,7.604659635939257
34117,7.604659635939257
34118,8.75
34119,7.000000013779271
34120,7.604659635939257
34121,7.604659635939257
34122,7.604659635939257
34123,7.604659635939257
34124,7.604659635939257
34125,7.604659635939257
34126,7.604659635939257
34127,5.0
34128,8.0
34129,7.604659635939257
34130,7.604659635939257
34131,7.604659635939257
34132,7.604659635939257
34133,7.604659635939257
34134,7.604659635939257
34135,7.604659635939257
34136,7.604659635939257
34137,7.356647613692234
34138,7.0
34139,7.604659635939257
34140,7.604659635939257
34141,7.604659635939257
34142,7.604659635939257
34143,7.604659635939257
34144,7.604659635939257
34145,7.604659635939257
34146,10.0
34147,7.604659635939257
34148,7.604659635939257
34149,7.604659635939257
34150,7.604659635939257
34151,7.604659635939257
34152,8.0
34153,8.999999960000002
34154,6.0
34155,7.604659635939257
34156,8.0
34157,7.0
34158,7.604659635939257
34159,7.857142857959183
34160,7.604659635939257
34161,7.604659635939257
34162,7.000000002727273
34163,10.0
34164,7.604659635939257
34165,7.604659635939257
34166,7.604659635939257
34167,8.0
34168,7.604659635939257
34169,7.604659635939257
34170,7.604659635939257
34171,7.604659635939257
34172,7.604659635939257
34173,7.604659635939257
34174,7.604659635939257
34175,9.999999920000002
34176,7.604659635939257
34177,8.0
34178,8.25
34179,8.25
34180,6.666666665740741
34181,7.604659635939257
34182,7.604659635939257
34183,8.0
34184,8.666666658024251
34185,7.604659635939257
34186,7.0
34187,7.604659635939257
34188,7.604659635939257
34189,7.604659635939257
34190,7.604659635939257
34191,7.27739580826414
34192,7.604659635939257
34193,7.604659635939257
34194,6.00000001
34195,7.604659635939257
34196,7.604659635939257
34197,8.0
34198,7.0
34199,7.604659635939257
34200,7.604659635939257
34201,7.604659635939257
34202,7.604659635939257
34203,7.604659635939257
34204,7.604659635939257
34205,7.730247856760885
34206,8.0
34207,8.0
34208,7.604659635939257
34209,8.727272727107437
34210,7.604659635939257
34211,7.0
34212,7.604659635939257
34213,7.604659635939257
34214,8.0
34215,7.604659635939257
34216,7.604659635939257
34217,8.0
34218,7.604659635939257
34219,7.604659635939257
34220,10.0
34221,7.0
34222,7.604659635939257
34223,7.604659635939257
34224,7.0
34225,7.604659635939257
34226,7.604659635939257
34227,7.604659635939257
34228,10.0
34229,7.604659635939257
34230,7.604659635939257
34231,6.2499999993749995
34232,6.0
34233,7.604659635939257
34234,7.604659635939257
34235,7.604659635939257
34236,10.0
34237,7.604659635939257
34238,9.999999999999998
34239,8.728502971541932
34240,7.604659635939257
34241,8.0
34242,7.604659635939257
34243,7.604659635939257
34244,8.0
34245,7.604659635939257
34246,7.0
34247,7.604659635939257
34248,7.604659635939257
34249,7.604659635939257
34250,7.604659635939257
34251,8.0
34252,9.499999998749999
34253,7.604659635939257
34254,7.604659635939257
34255,7.604659635939257
34256,8.29411764782007
34257,7.604659635939257
34258,7.604659635939257
34259,7.0
34260,9.00000001
34261,8.270034285653571
34262,7.604659635939257
34263,8.0
34264,7.604659635939257
34265,7.604659635939257
34266,7.604659635939257
34267,7.499999996666667
34268,7.604659635939257
34269,9.999999999999998
34270,7.0
34271,8.11764706117647
34272,7.604659635939257
34273,7.604659635939257
34274,8.0
34275,8.0
34276,7.604659635939257
34277,8.5
34278,7.604659635939257
34279,8.0
34280,8.0
34281,7.604659635939257
34282,7.604659635939257
34283,8.0
34284,7.604659635939257
34285,7.604659635939257
34286,7.030056707018463
34287,7.604659635939257
34288,5.5
34289,7.604659635939257
34290,7.604659635939257
34291,6.000000039999999
34292,7.604659635939257
34293,7.908795373053872
34294,8.0
34295,8.156614927351137
34296,7.604659635939257
34297,7.604659635939257
34298,7.999999998989847
34299,8.085340079927965
34300,7.0
34301,7.604659635939257
34302,7.604659635939257
34303,7.604659635939257
34304,10.0
34305,9.0
34306,7.604659635939257
34307,7.666666667777778
34308,7.604659635939257
34309,9.0
34310,7.604659635939257
34311,7.604659635939257
34312,7.604659635939257
34313,7.604659635939257
34314,7.604659635939257
34315,8.0
34316,7.604659635939257
34317,7.604659635939257
34318,7.604659635939257
34319,7.604659635939257
34320,7.604659635939257
34321,5.000000014160252
34322,8.0
34323,8.499999990000001
34324,7.0
34325,7.0
34326,7.604659635939257
34327,7.999999994999999
34328,8.0
34329,7.604659635939257
34330,7.604659635939257
34331,7.604659635939257
34332,7.604659635939257
34333,8.0
34334,7.000000029
34335,7.604659635939257
34336,7.604659635939257
34337,7.604659635939257
34338,8.0
34339,7.604659635939257
34340,7.604659635939257
34341,7.0
34342,7.604659635939257
34343,6.392304845746474
34344,8.0
34345,5.000000079999997
34346,7.000000008944273
34347,7.604659635939257
34348,7.604659635939257
34349,7.604659635939257
34350,7.604659635939257
34351,7.0
34352,7.604659635939257
34353,8.5
34354,7.604659635939257
34355,7.604659635939257
34356,8.0
34357,8.0
34358,7.604659635939257
34359,8.999999980000002
34360,7.000000019999999
34361,7.604659635939257
34362,7.604659635939257
34363,9.0
34364,6.599999999866667
34365,9.0
34366,7.604659635939257
34367,7.604659635939257
34368,7.604659635939257
34369,7.604659635939257
34370,8.999999996290743
34371,7.604659635939257
34372,7.604659635939257
34373,7.604659635939257
34374,7.604659635939257
34375,7.0
34376,7.604659635939257
34377,10.0
34378,7.604659635939257
34379,7.604659635939257
34380,8.0
34381,8.0
34382,7.604659635939257
34383,7.604659635939257
34384,7.604659635939257
34385,7.604659635939257
34386,7.604659635939257
34387,7.604659635939257
34388,7.604659635939257
34389,8.0
34390,8.0
34391,7.604659635939257
34392,7.604659635939257
34393,7.000000000000001
34394,8.0
34395,7.604659635939257
34396,7.604659635939257
34397,7.604659635939257
34398,7.604659635939257
34399,7.604659635939257
34400,7.604659635939257
34401,7.604659635939257
34402,7.604659635939257
34403,7.604659635939257
34404,7.604659635939257
34405,7.604659635939257
34406,7.604659635939257
34407,8.528557684628147
34408,7.604659635939257
34409,7.604659635939257
34410,7.604659635939257
34411,7.604659635939257
34412,7.604659635939257
34413,7.604659635939257
34414,8.433344238301832
34415,7.604659635939257
34416,8.11999999692
34417,7.604659635939257
34418,7.604659635939257
34419,7.604659635939257
34420,9.999999999999998
34421,7.604659635939257
34422,7.604659635939257
34423,10.0
34424,5.0
34425,8.99999999
34426,7.604659635939257
34427,7.604659635939257
34428,8.142857142040816
34429,9.0
34430,8.333333327777778
34431,7.604659635939257
34432,9.5
34433,5.5000000278033
34434,7.604659635939257
34435,7.00000001
34436,7.604659635939257
34437,7.604659635939257
34438,9.0
34439,7.604659635939257
34440,10.0
34441,8.0
34442,7.604659635939257
34443,7.604659635939257
34444,7.00000004
34445,7.0
34446,10.0
34447,7.604659635939257
34448,8.999999995
34449,7.604659635939257
34450,7.604659635939257
34451,7.604659635939257
34452,7.604659635939257
34453,8.000000015
34454,7.5
34455,8.99999998
34456,7.604659635939257
34457,8.176470588823529
34458,7.604659635939257
34459,6.99999999
34460,7.604659635939257
34461,7.604659635939257
34462,7.604659635939257
34463,7.0
34464,7.604659635939257
34465,7.604659635939257
34466,6.5
34467,9.38090436292558
34468,7.604659635939257
34469,7.604659635939257
34470,7.604659635939257
34471,7.866265313854426
34472,4.932463054072197
34473,7.604659635939257
34474,7.604659635939257
34475,7.604659635939257
34476,7.604659635939257
34477,7.604659635939257
34478,8.000000049999999
34479,9.999999999999998
34480,7.604659635939257
34481,7.604659635939257
34482,7.604659635939257
34483,7.604659635939257
34484,7.604659635939257
34485,7.463643222136332
34486,7.604659635939257
34487,7.604659635939257
34488,7.604659635939257
34489,7.604659635939257
34490,7.604659635939257
34491,7.000000000000001
34492,10.0
34493,7.604659635939257
34494,5.000000033838835
34495,9.499999983446699
34496,7.604659635939257
34497,7.0
34498,7.0
34499,7.604659635939257
34500,7.604659635939257
34501,7.604659635939257
34502,7.604659635939257
34503,7.604659635939257
34504,7.5
34505,6.024905020560393
34506,8.0
34507,7.604659635939257
34508,7.604659635939257
34509,8.0
34510,7.604659635939257
34511,9.999999968786799
34512,7.604659635939257
34513,8.0
34514,9.0
34515,8.0
34516,7.604659635939257
34517,7.604659635939257
34518,7.604659635939257
34519,7.604659635939257
34520,8.000000000000002
34521,7.604659635939257
34522,8.999999985
34523,8.99999994666667
34524,7.604659635939257
34525,7.604659635939257
34526,7.604659635939257
34527,7.604659635939257
34528,7.604659635939257
34529,7.604659635939257
34530,7.604659635939257
34531,7.604659635939257
34532,7.604659635939257
34533,7.493509818920007
34534,9.0
34535,7.604659635939257
34536,7.604659635939257
34537,7.604659635939257
34538,7.6180339911105746
34539,8.757359310748681
34540,7.9999999975
34541,8.000000000000002
34542,8.0
34543,8.0
34544,7.604659635939257
34545,7.604659635939257
34546,8.0
34547,7.604659635939257
34548,8.0
34549,7.604659635939257
34550,8.0
34551,7.604659635939257
34552,8.181334420890574
34553,7.604659635939257
34554,8.0
34555,9.084337349284365
34556,7.604659635939257
34557,7.604659635939257
34558,7.604659635939257
34559,7.604659635939257
34560,7.604659635939257
34561,7.604659635939257
34562,7.604659635939257
34563,7.604659635939257
34564,7.604659635939257
34565,9.0
34566,7.604659635939257
34567,7.604659635939257
34568,7.71239847145804
34569,4.999999999999999
34570,7.604659635939257
34571,7.604659635939257
34572,7.604659635939257
34573,7.604659635939257
34574,7.604659635939257
34575,8.0
34576,7.604659635939257
34577,7.604659635939257
34578,10.0
34579,7.604659635939257
34580,7.604659635939257
34581,7.604659635939257
34582,8.0
34583,7.604659635939257
34584,7.604659635939257
34585,7.604659635939257
34586,7.604659635939257
34587,7.823651817307155
34588,8.999999970000001
34589,5.0
34590,7.604659635939257
34591,7.604659635939257
34592,7.604659635939257
34593,7.99999999
34594,8.0
34595,9.25
34596,7.604659635939257
34597,7.604659635939257
34598,7.604659635939257
34599,8.0
34600,7.0
34601,9.49999999375
34602,8.0
34603,7.604659635939257
34604,7.0
34605,9.49999997125
34606,7.604659635939257
34607,7.604659635939257
34608,7.604659635939257
34609,10.0
34610,8.0
34611,7.604659635939257
34612,7.604659635939257
34613,7.604659635939257
34614,7.0
34615,7.604659635939257
34616,7.604659635939257
34617,7.604659635939257
34618,7.0
34619,10.0
34620,8.0
34621,7.604659635939257
34622,7.3529411766782005
34623,7.604659635939257
34624,7.604659635939257
34625,7.604659635939257
34626,8.602317463947395
34627,8.000000001
34628,7.0
34629,7.604659635939257
34630,9.0
34631,7.604659635939257
34632,7.604659635939257
34633,8.0
34634,7.604659635939257
34635,4.999999999999999
34636,8.0
34637,7.604659635939257
34638,7.604659635939257
34639,7.604659635939257
34640,7.604659635939257
34641,7.604659635939257
34642,7.604659635939257
34643,7.604659635939257
34644,7.268292035442712
34645,7.604659635939257
34646,10.0
34647,7.604659635939257
34648,7.604659635939257
34649,8.166666667222222
34650,8.210852997676774
34651,7.0
34652,8.000000004999999
34653,7.604659635939257
34654,7.692307691242603
34655,8.0
34656,8.0
34657,7.604659635939257
34658,7.604659635939257
34659,9.0
34660,9.0
34661,7.604659635939257
34662,7.111592677271811
34663,8.0
34664,7.604659635939257
34665,7.604659635939257
34666,7.604659635939257
34667,7.0
34668,7.604659635939257
34669,7.604659635939257
34670,7.604659635939257
34671,8.0
34672,7.604659635939257
34673,7.604659635939257
34674,7.604659635939257
34675,7.604659635939257
34676,8.0
34677,7.0
34678,7.604659635939257
34679,7.604659635939257
34680,7.604659635939257
34681,7.604659635939257
34682,7.604659635939257
34683,6.888543820524542
34684,7.604659635939257
34685,7.604659635939257
34686,7.604659635939257
34687,7.604659635939257
34688,7.604659635939257
34689,7.604659635939257
34690,7.604659635939257
34691,7.604659635939257
34692,8.999999997867993
34693,8.0
34694,7.604659635939257
34695,7.721779525540434
34696,5.0
34697,7.604659635939257
34698,9.0
34699,7.604659635939257
34700,7.0
34701,8.0
34702,7.604659635939257
34703,7.604659635939257
34704,7.604659635939257
34705,7.604659635939257
34706,6.0
34707,9.000000000000002
34708,8.0
34709,7.604659635939257
34710,7.604659635939257
34711,5.0
34712,7.604659635939257
34713,7.604659635939257
34714,8.0
34715,7.604659635939257
34716,7.604659635939257
34717,7.604659635939257
34718,6.6666666744444445
34719,7.604659635939257
34720,7.604659635939257
34721,5.83202781644021
34722,7.604659635939257
34723,7.604659635939257
34724,8.345613831722961
34725,7.604659635939257
34726,8.0
34727,7.604659635939257
34728,5.693496453897133
34729,7.604659635939257
34730,7.604659635939257
34731,7.604659635939257
34732,7.604659635939257
34733,7.604659635939257
34734,7.999999980000002
34735,7.499999998571427
34736,7.604659635939257
34737,6.43688610971717
34738,7.604659635939257
34739,8.0
34740,8.0
34741,7.604659635939257
34742,7.928932187423846
34743,9.0
34744,7.604659635939257
34745,8.499999979999998
34746,5.0
34747,6.0
34748,8.263389195125736
34749,7.604659635939257
34750,8.526087180128215
34751,7.604659635939257
34752,7.604659635939257
34753,7.604659635939257
34754,7.604659635939257
34755,7.604659635939257
34756,8.66666667111111
34757,7.604659635939257
34758,7.0
34759,8.499999996616117
34760,7.604659635939257
34761,7.604659635939257
34762,7.604659635939257
34763,7.604659635939257
34764,7.604659635939257
34765,8.0
34766,8.0
34767,7.604659635939257
34768,8.75
34769,7.604659635939257
34770,5.0000000349999985
34771,10.0
34772,7.604659635939257
34773,7.604659635939257
34774,8.0
34775,7.604659635939257
34776,7.604659635939257
34777,10.0
34778,7.604659635939257
34779,10.0
34780,8.0
34781,7.0
34782,7.604659635939257
34783,8.0
34784,7.604659635939257
34785,9.035821225865305
34786,7.604659635939257
34787,7.604659635939257
34788,7.604659635939257
34789,7.604659635939257
34790,7.604659635939257
34791,7.604659635939257
34792,7.604659635939257
34793,7.604659635939257
34794,7.604659635939257
34795,7.604659635939257
34796,8.0
34797,7.604659635939257
34798,7.0
34799,9.999999933333337
34800,7.604659635939257
34801,7.604659635939257
34802,7.604659635939257
34803,7.604659635939257
34804,7.604659635939257
34805,3.0
34806,7.0
34807,7.604659635939257
34808,7.9329340641709996
34809,8.14621052803409
34810,4.999999999999999
34811,7.604659635939257
34812,8.0
34813,7.604659635939257
34814,7.604659635939257
34815,6.0
34816,7.604659635939257
34817,7.604659635939257
34818,7.604659635939257
34819,7.604659635939257
34820,6.0
34821,8.0
34822,8.0
34823,7.604659635939257
34824,10.0
34825,7.604659635939257
34826,7.604659635939257
34827,7.604659635939257
34828,6.146001148143563
34829,7.604659635939257
34830,7.0
34831,7.604659635939257
34832,7.0
34833,7.604659635939257
34834,8.0
34835,6.886772153992942
34836,7.604659635939257
34837,7.604659635939257
34838,7.0
34839,7.604659635939257
34840,7.604659635939257
34841,7.0
34842,7.604659635939257
34843,8.0
34844,9.0
34845,7.604659635939257
34846,7.604659635939257
34847,7.604659635939257
34848,8.75
34849,7.604659635939257
34850,7.604659635939257
34851,7.604659635939257
34852,7.604659635939257
34853,7.604659635939257
34854,7.604659635939257
34855,7.604659635939257
34856,7.604659635939257
34857,8.000000006495611
34858,7.604659635939257
34859,7.604659635939257
34860,7.604659635939257
34861,7.604659635939257
34862,7.604659635939257
34863,7.245266774979148
34864,6.875455920930258
34865,8.00000000050146
34866,7.604659635939257
34867,7.651387820001407
34868,7.604659635939257
34869,7.604659635939257
34870,7.604659635939257
34871,7.604659635939257
34872,6.0
34873,7.604659635939257
34874,7.604659635939257
34875,7.604659635939257
34876,7.604659635939257
34877,6.0
34878,7.604659635939257
34879,7.472797745177578
34880,7.604659635939257
34881,7.604659635939257
34882,7.0
34883,8.0
34884,8.692858472210919
34885,8.499999999999998
34886,7.604659635939257
34887,8.0
34888,10.0
34889,7.604659635939257
34890,7.604659635939257
34891,7.604659635939257
34892,7.604659635939257
34893,7.604659635939257
34894,8.0
34895,7.604659635939257
34896,7.604659635939257
34897,8.0
34898,7.503826121586424
34899,8.0
34900,7.604659635939257
34901,6.0
34902,7.0
34903,7.604659635939257
34904,7.604659635939257
34905,7.604659635939257
34906,7.604659635939257
34907,8.0
34908,8.0
34909,7.604659635939257
34910,7.604659635939257
34911,7.0
34912,7.604659635939257
34913,4.397365453188945
34914,7.604659635939257
34915,8.0
34916,9.0
34917,8.66666666611111
34918,7.0
34919,7.604659635939257
34920,6.288937929855832
34921,7.604659635939257
34922,7.604659635939257
34923,7.472135955131136
34924,8.999999960000002
34925,7.604659635939257
34926,7.0
34927,8.0
34928,7.604659635939257
34929,7.0
34930,7.604659635939257
34931,7.604659635939257
34932,8.999999970000001
34933,7.604659635939257
34934,7.604659635939257
34935,7.604659635939257
34936,7.2264949178789255
34937,9.999999996666666
34938,7.604659635939257
34939,8.0
34940,8.727272726115704
34941,5.0
34942,8.632861945835796
34943,7.604659635939257
34944,7.604659635939257
34945,7.604659635939257
34946,7.604659635939257
34947,9.0
34948,7.604659635939257
34949,7.604659635939257
34950,7.604659635939257
34951,8.0
34952,7.604659635939257
34953,7.604659635939257
34954,8.0
34955,8.0
34956,6.733333333377778
34957,7.604659635939257
34958,7.0
34959,7.604659635939257
34960,7.999999972223682
34961,8.0
34962,7.604659635939257
34963,7.604659635939257
34964,7.604659635939257
34965,9.0
34966,7.604659635939257
34967,7.604659635939257
34968,8.999999994472137
34969,7.604659635939257
34970,7.604659635939257
34971,7.604659635939257
34972,8.0
34973,7.0
34974,7.604659635939257
34975,7.604659635939257
34976,8.0
34977,8.0
34978,7.0
34979,7.000000002
34980,9.571428568367347
34981,7.604659635939257
34982,7.604659635939257
34983,7.604659635939257
34984,7.604659635939257
34985,7.0
34986,8.0
34987,8.5461067694076
34988,7.604659635939257
34989,7.604659635939257
34990,5.54657397044012
34991,7.604659635939257
34992,7.604659635939257
34993,9.0
34994,7.604659635939257
34995,7.604659635939257
34996,7.604659635939257
34997,8.0
34998,7.604659635939257
34999,7.604659635939257
35000,7.604659635939257
35001,7.604659635939257
35002,7.604659635939257
35003,8.0
35004,7.604659635939257
35005,7.714285714489796
35006,7.604659635939257
35007,7.604659635939257
35008,7.604659635939257
35009,7.604659635939257
35010,7.604659635939257
35011,7.0
35012,7.604659635939257
35013,8.0
35014,7.604659635939257
35015,6.5
35016,7.604659635939257
35017,7.604659635939257
35018,7.604659635939257
35019,7.0
35020,7.604659635939257
35021,7.604659635939257
35022,7.604659635939257
35023,8.370621299557431
35024,7.604659635939257
35025,7.604659635939257
35026,7.75
35027,7.604659635939257
35028,7.604659635939257
35029,7.604659635939257
35030,8.01845478898731
35031,6.0
35032,7.604659635939257
35033,7.604659635939257
35034,8.550510257031446
35035,7.604659635939257
35036,7.604659635939257
35037,9.0
35038,7.604659635939257
35039,7.604659635939257
35040,7.604659635939257
35041,7.604659635939257
35042,7.604659635939257
35043,7.604659635939257
35044,8.999999975000001
35045,8.0
35046,9.0
35047,9.74999999875
35048,7.857142856326531
35049,7.0
35050,6.0
35051,6.0
35052,7.604659635939257
35053,7.604659635939257
35054,8.0
35055,7.604659635939257
35056,7.604659635939257
35057,8.999999978333333
35058,7.604659635939257
35059,7.604659635939257
35060,7.604659635939257
35061,7.604659635939257
35062,7.604659635939257
35063,7.604659635939257
35064,8.000000006666667
35065,7.604659635939257
35066,4.000000007844645
35067,7.604659635939257
35068,8.0
35069,10.0
35070,7.604659635939257
35071,7.0
35072,7.604659635939257
35073,7.604659635939257
35074,8.458039891671362
35075,10.000000000000002
35076,9.205684825888344
35077,8.0
35078,8.0
35079,7.927050986665861
35080,7.604659635939257
35081,7.604659635939257
35082,8.480506149200286
35083,7.604659635939257
35084,7.604659635939257
35085,7.604659635939257
35086,8.0
35087,8.0
35088,7.604659635939257
35089,7.604659635939257
35090,7.999999988164967
35091,7.604659635939257
35092,8.0
35093,7.604659635939257
35094,7.0
35095,7.604659635939257
35096,9.4999999825
35097,6.839642544241212
35098,10.0
35099,8.0
35100,7.604659635939257
35101,7.604659635939257
35102,7.604659635939257
35103,7.604659635939257
35104,8.0
35105,8.33333332888889
35106,7.604659635939257
35107,7.560616868676269
35108,7.604659635939257
35109,7.604659635939257
35110,9.333333332777778
35111,7.000000000000001
35112,7.604659635939257
35113,7.000000011547006
35114,7.604659635939257
35115,7.604659635939257
35116,7.604659635939257
35117,7.500000000000001
35118,7.604659635939257
35119,7.604659635939257
35120,7.604659635939257
35121,9.061177383321562
35122,8.0
35123,6.500000001250001
35124,8.0
35125,7.604659635939257
35126,7.0
35127,7.604659635939257
35128,7.604659635939257
35129,7.0
35130,6.585786436916227
35131,7.604659635939257
35132,7.604659635939257
35133,10.0
35134,7.604659635939257
35135,7.604659635939257
35136,7.604659635939257
35137,7.604659635939257
35138,7.00000001
35139,7.000000010000001
35140,7.604659635939257
35141,8.0000000046913
35142,8.999999985
35143,7.604659635939257
35144,7.604659635939257
35145,7.604659635939257
35146,7.604659635939257
35147,7.999999999999999
35148,9.0
35149,8.0
35150,7.604659635939257
35151,7.604659635939257
35152,7.604659635939257
35153,6.000000024666666
35154,7.999999996767767
35155,8.0
35156,8.0
35157,7.604659635939257
35158,7.604659635939257
35159,9.0
35160,7.604659635939257
35161,6.75
35162,7.604659635939257
35163,8.0
35164,7.000000014999999
35165,7.604659635939257
35166,7.604659635939257
35167,7.604659635939257
35168,8.0
35169,3.000000060355338
35170,7.0
35171,7.469179666830907
35172,7.604659635939257
35173,8.0
35174,7.604659635939257
35175,8.0
35176,7.604659635939257
35177,7.764374172648016
35178,7.604659635939257
35179,7.604659635939257
35180,7.604659635939257
35181,7.604659635939257
35182,7.2374045980479185
35183,7.604659635939257
35184,8.666666665555555
35185,7.604659635939257
35186,7.604659635939257
35187,7.604659635939257
35188,7.604659635939257
35189,7.604659635939257
35190,8.333333335555556
35191,7.604659635939257
35192,6.4852813763706045
35193,9.999999960000002
35194,3.000000046666666
35195,7.000000019472136
35196,8.0
35197,8.0
35198,7.604659635939257
35199,7.604659635939257
35200,7.604659635939257
35201,7.0
35202,9.999999999999998
35203,7.000000000000001
35204,7.604659635939257
35205,7.604659635939257
35206,7.604659635939257
35207,9.0
35208,8.0
35209,8.00000002
35210,7.604659635939257
35211,7.604659635939257
35212,8.333333322222222
35213,7.604659635939257
35214,7.604659635939257
35215,7.999999999999999
35216,7.0
35217,7.604659635939257
35218,7.604659635939257
35219,7.604659635939257
35220,9.0
35221,7.604659635939257
35222,7.604659635939257
35223,8.0
35224,7.604659635939257
35225,7.604659635939257
35226,7.604659635939257
35227,8.333333333333334
35228,7.604659635939257
35229,8.497156271772333
35230,8.0
35231,7.604659635939257
35232,7.604659635939257
35233,6.070367518508876
35234,7.604659635939257
35235,6.0
35236,7.0
35237,7.604659635939257
35238,7.604659635939257
35239,7.604659635939257
35240,7.604659635939257
35241,7.604659635939257
35242,7.604659635939257
35243,7.604659635939257
35244,7.25
35245,7.604659635939257
35246,7.604659635939257
35247,8.28626816165242
35248,10.0
35249,7.604659635939257
35250,7.604659635939257
35251,7.604659635939257
35252,4.999999999999999
35253,6.0
35254,7.0
35255,7.604659635939257
35256,7.604659635939257
35257,7.604659635939257
35258,7.604659635939257
35259,7.604659635939257
35260,7.604659635939257
35261,7.604659635939257
35262,7.604659635939257
35263,7.604659635939257
35264,7.0
35265,8.0
35266,7.604659635939257
35267,8.0
35268,7.604659635939257
35269,9.999999990000001
35270,7.604659635939257
35271,7.604659635939257
35272,8.5000000021875
35273,7.604659635939257
35274,7.604659635939257
35275,8.999999985
35276,7.604659635939257
35277,7.604659635939257
35278,7.604659635939257
35279,7.604659635939257
35280,7.604659635939257
35281,10.0
35282,7.604659635939257
35283,7.604659635939257
35284,7.604659635939257
35285,7.604659635939257
35286,10.0
35287,7.604659635939257
35288,9.0
35289,7.604659635939257
35290,7.604659635939257
35291,7.604659635939257
35292,7.604659635939257
35293,7.604659635939257
35294,7.5
35295,7.0
35296,7.604659635939257
35297,7.604659635939257
35298,7.604659635939257
35299,7.604659635939257
35300,7.604659635939257
35301,8.000000029999999
35302,7.0
35303,7.604659635939257
35304,7.604659635939257
35305,7.604659635939257
35306,5.13796207884513
35307,7.604659635939257
35308,7.8000000008
35309,7.604659635939257
35310,7.604659635939257
35311,7.604659635939257
35312,7.604659635939257
35313,7.604659635939257
35314,7.604659635939257
35315,7.604659635939257
35316,7.604659635939257
35317,7.604659635939257
35318,7.604659635939257
35319,8.0
35320,8.0
35321,7.604659635939257
35322,7.604659635939257
35323,9.0
35324,7.604659635939257
35325,7.604659635939257
35326,8.0
35327,7.604659635939257
35328,7.604659635939257
35329,7.604659635939257
35330,7.604659635939257
35331,7.604659635939257
35332,7.604659635939257
35333,7.604659635939257
35334,8.00000001
35335,7.604659635939257
35336,5.999999995190288
35337,10.0
35338,7.604659635939257
35339,5.0
35340,9.36363636322314
35341,8.166666667222222
35342,9.333333332592593
35343,7.604659635939257
35344,7.604659635939257
35345,7.604659635939257
35346,5.730975993828543
35347,7.604659635939257
35348,7.604659635939257
35349,7.604659635939257
35350,7.604659635939257
35351,7.604659635939257
35352,9.9999999875
35353,9.999999990000001
35354,7.604659635939257
35355,7.604659635939257
35356,8.999999996666666
35357,8.0
35358,8.5
35359,7.604659635939257
35360,8.999999970000003
35361,6.000000000000001
35362,7.604659635939257
35363,5.929115185917298
35364,8.0
35365,7.604659635939257
35366,9.0
35367,7.604659635939257
35368,7.604659635939257
35369,7.588235292941177
35370,7.604659635939257
35371,9.00000001
35372,7.000000000000001
35373,7.604659635939257
35374,9.0
35375,7.604659635939257
35376,7.604659635939257
35377,7.604659635939257
35378,7.604659635939257
35379,7.0
35380,7.604659635939257
35381,8.0
35382,7.604659635939257
35383,6.333333324444444
35384,8.0
35385,7.604659635939257
35386,7.604659635939257
35387,7.604659635939257
35388,7.604659635939257
35389,8.0
35390,7.604659635939257
35391,7.604659635939257
35392,7.604659635939257
35393,9.0
35394,8.0
35395,7.604659635939257
35396,7.604659635939257
35397,7.604659635939257
35398,7.604659635939257
35399,7.604659635939257
35400,7.604659635939257
35401,8.373843444655519
35402,7.604659635939257
35403,7.716490371115068
35404,8.0
35405,8.827805951945614
35406,8.0
35407,9.499999995
35408,7.499999999999999
35409,6.777777778271606
35410,7.604659635939257
35411,7.604659635939257
35412,4.0
35413,9.0
35414,7.604659635939257
35415,7.0
35416,9.999999995
35417,7.604659635939257
35418,7.604659635939257
35419,7.604659635939257
35420,7.604659635939257
35421,7.604659635939257
35422,7.604659635939257
35423,7.0
35424,7.604659635939257
35425,7.604659635939257
35426,8.0
35427,9.999999990000001
35428,7.604659635939257
35429,4.0
35430,6.999999990000002
35431,7.604659635939257
35432,7.604659635939257
35433,7.604659635939257
35434,8.0
35435,7.604659635939257
35436,7.604659635939257
35437,8.0
35438,7.604659635939257
35439,9.0
35440,7.604659635939257
35441,7.604659635939257
35442,7.604659635939257
35443,7.604659635939257
35444,7.604659635939257
35445,7.000000059999998
35446,7.604659635939257
35447,7.604659635939257
35448,7.604659635939257
35449,9.0
35450,7.0
35451,7.604659635939257
35452,7.604659635939257
35453,8.0
35454,7.0
35455,7.604659635939257
35456,7.604659635939257
35457,9.00000002
35458,8.0
35459,8.0
35460,8.0
35461,9.0
35462,7.604659635939257
35463,7.604659635939257
35464,8.0
35465,7.0
35466,7.604659635939257
35467,9.199999998800001
35468,6.0
35469,7.0
35470,7.604659635939257
35471,8.713971154477948
35472,7.604659635939257
35473,7.604659635939257
35474,10.0
35475,8.0
35476,7.604659635939257
35477,7.604659635939257
35478,7.604659635939257
35479,7.604659635939257
35480,8.0
35481,10.0
35482,7.604659635939257
35483,7.0
35484,7.604659635939257
35485,6.9999999972264995
35486,7.604659635939257
35487,8.0
35488,3.5
35489,7.604659635939257
35490,7.604659635939257
35491,7.604659635939257
35492,7.604659635939257
35493,7.604659635939257
35494,5.0
35495,7.604659635939257
35496,7.604659635939257
35497,5.5
35498,9.17157287424876
35499,7.604659635939257
35500,6.0000000249999985
35501,7.604659635939257
35502,10.0
35503,7.604659635939257
35504,7.604659635939257
35505,7.604659635939257
35506,7.604659635939257
35507,6.000000069999998
35508,8.0
35509,7.604659635939257
35510,7.604659635939257
35511,7.604659635939257
35512,7.548583771462341
35513,7.604659635939257
35514,9.999999999999998
35515,7.604659635939257
35516,8.0
35517,7.604659635939257
35518,5.0
35519,9.999999999999998
35520,7.604659635939257
35521,7.604659635939257
35522,7.604659635939257
35523,7.604659635939257
35524,7.604659635939257
35525,8.0
35526,7.604659635939257
35527,7.604659635939257
35528,7.604659635939257
35529,7.0
35530,7.999999955000001
35531,8.0
35532,7.604659635939257
35533,7.604659635939257
35534,7.604659635939257
35535,7.604659635939257
35536,7.604659635939257
35537,7.604659635939257
35538,7.604659635939257
35539,6.323640650782121
35540,8.0
35541,7.604659635939257
35542,7.604659635939257
35543,7.604659635939257
35544,7.604659635939257
35545,7.604659635939257
35546,7.604659635939257
35547,7.0
35548,7.604659635939257
35549,7.604659635939257
35550,8.0
35551,7.604659635939257
35552,7.499999999151461
35553,7.604659635939257
35554,7.604659635939257
35555,7.604659635939257
35556,7.0
35557,7.604659635939257
35558,7.604659635939257
35559,8.0
35560,8.535104905484541
35561,7.604659635939257
35562,7.604659635939257
35563,7.6622912816070885
35564,7.604659635939257
35565,8.000000029999999
35566,7.604659635939257
35567,8.359136443619022
35568,7.604659635939257
35569,7.604659635939257
35570,7.604659635939257
35571,7.604659635939257
35572,8.0
35573,7.604659635939257
35574,7.604659635939257
35575,7.0
35576,7.604659635939257
35577,7.604659635939257
35578,7.604659635939257
35579,7.604659635939257
35580,7.604659635939257
35581,7.604659635939257
35582,7.604659635939257
35583,7.604659635939257
35584,6.000000003333333
35585,9.999999985
35586,9.333333325555556
35587,6.499999999999999
35588,7.604659635939257
35589,8.0
35590,7.604659635939257
35591,7.604659635939257
35592,7.604659635939257
35593,7.604659635939257
35594,7.195242697691007
35595,7.604659635939257
35596,8.0
35597,7.00000002
35598,4.000000008
35599,8.28237139378915
35600,7.604659635939257
35601,7.604659635939257
35602,7.604659635939257
35603,7.604659635939257
35604,7.604659635939257
35605,7.604659635939257
35606,7.604659635939257
35607,7.604659635939257
35608,7.604659635939257
35609,8.0
35610,7.604659635939257
35611,7.604659635939257
35612,8.0
35613,8.634512002417821
35614,5.0
35615,7.604659635939257
35616,7.604659635939257
35617,7.604659635939257
35618,7.604659635939257
35619,9.0
35620,7.604659635939257
35621,8.0
35622,7.604659635939257
35623,7.604659635939257
35624,9.999999987717052
35625,9.390524292355886
35626,7.0000000044721356
35627,7.604659635939257
35628,7.604659635939257
35629,7.604659635939257
35630,8.0
35631,7.604659635939257
35632,7.604659635939257
35633,7.604659635939257
35634,7.604659635939257
35635,6.9999999567157305
35636,7.604659635939257
35637,7.604659635939257
35638,7.0
35639,7.604659635939257
35640,7.604659635939257
35641,7.604659635939257
35642,7.0
35643,9.0
35644,7.604659635939257
35645,8.0
35646,8.728592655196737
35647,7.604659635939257
35648,7.604659635939257
35649,9.999999999999998
35650,9.5
35651,8.0
35652,7.604659635939257
35653,7.604659635939257
35654,7.604659635939257
35655,8.25
35656,7.0
35657,7.604659635939257
35658,7.604659635939257
35659,8.0
35660,7.604659635939257
35661,7.604659635939257
35662,7.604659635939257
35663,8.0
35664,7.604659635939257
35665,7.604659635939257
35666,7.604659635939257
35667,9.0
35668,9.333333335555556
35669,7.604659635939257
35670,7.604659635939257
35671,7.604659635939257
35672,7.604659635939257
35673,7.604659635939257
35674,8.193222034354788
35675,7.450704673423518
35676,7.604659635939257
35677,7.604659635939257
35678,7.604659635939257
35679,7.604659635939257
35680,7.604659635939257
35681,7.604659635939257
35682,7.604659635939257
35683,7.604659635939257
35684,7.604659635939257
35685,7.0
35686,7.604659635939257
35687,7.604659635939257
35688,6.0
35689,7.604659635939257
35690,7.604659635939257
35691,7.604659635939257
35692,7.604659635939257
35693,7.604659635939257
35694,7.604659635939257
35695,7.604659635939257
35696,7.604659635939257
35697,7.0
35698,9.0
35699,6.30366448612582
35700,8.6000000004
35701,7.604659635939257
35702,9.678501785999002
35703,6.000000015
35704,7.604659635939257
35705,7.604659635939257
35706,7.604659635939257
35707,7.604659635939257
35708,7.927050984708433
35709,7.604659635939257
35710,9.552541852813315
35711,7.0
35712,7.604659635939257
35713,7.604659635939257
35714,7.604659635939257
35715,8.999999998509288
35716,7.604659635939257
35717,7.604659635939257
35718,5.999999975000001
35719,7.604659635939257
35720,7.604659635939257
35721,7.604659635939257
35722,7.604659635939257
35723,7.604659635939257
35724,9.0
35725,7.604659635939257
35726,7.604659635939257
35727,7.604659635939257
35728,7.445680901528705
35729,7.604659635939257
35730,7.604659635939257
35731,9.0
35732,7.604659635939257
35733,7.604659635939257
35734,7.604659635939257
35735,7.604659635939257
35736,7.604659635939257
35737,7.604659635939257
35738,7.604659635939257
35739,7.604659635939257
35740,5.753821360726855
35741,7.604659635939257
35742,8.666666667777777
35743,7.604659635939257
35744,7.604659635939257
35745,7.604659635939257
35746,8.222222222592594
35747,7.604659635939257
35748,7.604659635939257
35749,7.604659635939257
35750,7.604659635939257
35751,7.604659635939257
35752,8.0
35753,7.0
35754,7.604659635939257
35755,7.604659635939257
35756,8.0
35757,3.3717499901123937
35758,7.604659635939257
35759,7.428571430408163
35760,7.604659635939257
35761,7.604659635939257
35762,10.0
35763,7.604659635939257
35764,7.604659635939257
35765,9.096579693811439
35766,7.604659635939257
35767,8.0
35768,8.0
35769,7.604659635939257
35770,7.604659635939257
35771,9.0
35772,7.0
35773,8.0
35774,7.604659635939257
35775,7.604659635939257
35776,8.0
35777,7.604659635939257
35778,8.0
35779,7.604659635939257
35780,8.0
35781,6.714285714489796
35782,8.0
35783,8.500000009999999
35784,7.604659635939257
35785,8.0
35786,7.604659635939257
35787,7.604659635939257
35788,9.000000008333334
35789,7.604659635939257
35790,7.333333338888889
35791,7.604659635939257
35792,7.604659635939257
35793,6.292207173988791
35794,7.604659635939257
35795,8.999999990209858
35796,7.604659635939257
35797,7.604659635939257
35798,7.604659635939257
35799,8.0
35800,7.604659635939257
35801,7.604659635939257
35802,9.0
35803,7.604659635939257
35804,8.0
35805,7.604659635939257
35806,6.0
35807,7.604659635939257
35808,7.604659635939257
35809,10.0
35810,7.604659635939257
35811,7.604659635939257
35812,8.0
35813,7.0
35814,7.604659635939257
35815,7.604659635939257
35816,7.604659635939257
35817,7.604659635939257
35818,8.0
35819,7.604659635939257
35820,10.0
35821,7.604659635939257
35822,7.604659635939257
35823,7.604659635939257
35824,8.0
35825,7.604659635939257
35826,7.604659635939257
35827,7.604659635939257
35828,7.604659635939257
35829,7.604659635939257
35830,7.604659635939257
35831,7.604659635939257
35832,7.604659635939257
35833,7.604659635939257
35834,8.273094378622217
35835,7.604659635939257
35836,7.604659635939257
35837,7.604659635939257
35838,7.604659635939257
35839,7.604659635939257
35840,10.0
35841,7.604659635939257
35842,9.566809617628596
35843,8.0
35844,7.604659635939257
35845,6.999999992928933
35846,7.604659635939257
35847,8.146045364383566
35848,8.0
35849,7.604659635939257
35850,7.604659635939257
35851,9.333333335555556
35852,10.0
35853,7.401192369953159
35854,7.604659635939257
35855,7.604659635939257
35856,7.604659635939257
35857,7.604659635939257
35858,7.604659635939257
35859,7.604659635939257
35860,7.604659635939257
35861,7.604659635939257
35862,8.0
35863,10.0
35864,7.604659635939257
35865,8.165083449078983
35866,7.604659635939257
35867,7.604659635939257
35868,8.0
35869,7.604659635939257
35870,9.0
35871,7.604659635939257
35872,7.604659635939257
35873,8.333333338888888
35874,8.0
35875,7.604659635939257
35876,7.604659635939257
35877,7.604659635939257
35878,7.604659635939257
35879,7.604659635939257
35880,7.604659635939257
35881,7.604659635939257
35882,7.604659635939257
35883,7.0
35884,7.604659635939257
35885,7.604659635939257
35886,7.604659635939257
35887,10.0
35888,5.000000049999999
35889,8.0
35890,7.604659635939257
35891,7.604659635939257
35892,7.604659635939257
35893,8.623520658599546
35894,7.604659635939257
35895,7.604659635939257
35896,6.500000004999999
35897,7.604659635939257
35898,7.604659635939257
35899,7.604659635939257
35900,7.604659635939257
35901,8.0
35902,8.309457469765256
35903,7.604659635939257
35904,7.604659635939257
35905,7.604659635939257
35906,7.604659635939257
35907,7.0
35908,7.604659635939257
35909,7.604659635939257
35910,7.604659635939257
35911,7.604659635939257
35912,7.604659635939257
35913,8.0
35914,7.604659635939257
35915,7.604659635939257
35916,9.666666667222222
35917,7.604659635939257
35918,7.604659635939257
35919,7.604659635939257
35920,6.000000013416408
35921,8.0
35922,7.604659635939257
35923,7.604659635939257
35924,8.000000002085143
35925,7.0
35926,8.0
35927,7.604659635939257
35928,8.0
35929,7.000000011213205
35930,7.604659635939257
35931,7.604659635939257
35932,8.0
35933,8.000000011921781
35934,7.604659635939257
35935,7.604659635939257
35936,7.604659635939257
35937,7.0
35938,10.0
35939,9.0
35940,7.604659635939257
35941,7.0
35942,7.604659635939257
35943,8.0
35944,7.604659635939257
35945,7.604659635939257
35946,5.5323807616863725
35947,7.604659635939257
35948,8.0
35949,8.0
35950,7.604659635939257
35951,6.0
35952,7.927050986665861
35953,7.604659635939257
35954,8.0
35955,7.604659635939257
35956,7.666666665555555
35957,7.604659635939257
35958,7.9999999755278655
35959,8.0
35960,7.604659635939257
35961,8.25
35962,7.604659635939257
35963,9.488426808858732
35964,7.604659635939257
35965,7.0
35966,7.604659635939257
35967,7.604659635939257
35968,7.604659635939257
35969,7.604659635939257
35970,7.604659635939257
35971,9.999999997574646
35972,8.0
35973,7.604659635939257
35974,10.0
35975,8.333333334444445
35976,5.000000064999998
35977,7.604659635939257
35978,7.604659635939257
35979,8.0
35980,7.6538461511538465
35981,9.0
35982,7.604659635939257
35983,7.604659635939257
35984,7.604659635939257
35985,7.604659635939257
35986,9.057496692162903
35987,7.604659635939257
35988,9.5
35989,7.604659635939257
35990,7.604659635939257
35991,7.604659635939257
35992,7.604659635939257
35993,7.0
35994,7.604659635939257
35995,9.0
35996,6.0
35997,7.000000000000001
35998,7.604659635939257
35999,7.604659635939257
36000,8.5
36001,7.604659635939257
36002,7.604659635939257
36003,7.604659635939257
36004,7.999999996956244
36005,4.999999999999999
36006,7.500000004340171
36007,7.604659635939257
36008,7.604659635939257
36009,8.0
36010,7.604659635939257
36011,7.604659635939257
36012,7.604659635939257
36013,7.0
36014,7.604659635939257
36015,7.604659635939257
36016,7.604659635939257
36017,6.5000000049999995
36018,7.604659635939257
36019,7.604659635939257
36020,9.0
36021,8.0
36022,7.604659635939257
36023,7.604659635939257
36024,7.604659635939257
36025,7.604659635939257
36026,7.604659635939257
36027,7.604659635939257
36028,6.7499999993749995
36029,7.604659635939257
36030,8.0
36031,7.604659635939257
36032,7.604659635939257
36033,7.604659635939257
36034,7.604659635939257
36035,7.999999960000001
36036,7.0
36037,7.604659635939257
36038,7.604659635939257
36039,8.35798383488514
36040,7.604659635939257
36041,9.999999968333334
36042,7.604659635939257
36043,7.0
36044,7.604659635939257
36045,7.604659635939257
36046,7.604659635939257
36047,7.604659635939257
36048,7.604659635939257
36049,8.0
36050,7.604659635939257
36051,8.0
36052,8.999999997677143
36053,7.604659635939257
36054,7.604659635939257
36055,8.0
36056,8.0
36057,7.604659635939257
36058,8.999999970000001
36059,7.604659635939257
36060,7.604659635939257
36061,7.604659635939257
36062,7.604659635939257
36063,7.604659635939257
36064,8.5
36065,9.0
36066,7.604659635939257
36067,8.0
36068,7.333333338888889
36069,7.604659635939257
36070,7.604659635939257
36071,7.604659635939257
36072,7.604659635939257
36073,7.0000000149999995
36074,7.0
36075,7.604659635939257
36076,7.604659635939257
36077,7.604659635939257
36078,8.0
36079,7.604659635939257
36080,7.411489802116367
36081,6.30489355246792
36082,7.604659635939257
36083,7.604659635939257
36084,8.232331985128043
36085,9.25
36086,7.000000032071067
36087,7.604659635939257
36088,7.604659635939257
36089,7.604659635939257
36090,7.604659635939257
36091,8.0
36092,7.604659635939257
36093,7.604659635939257
36094,5.0
36095,7.0
36096,7.604659635939257
36097,7.604659635939257
36098,8.666666662691433
36099,7.0
36100,7.604659635939257
36101,7.604659635939257
36102,7.604659635939257
36103,7.427769289152027
36104,7.604659635939257
36105,9.0
36106,9.999999990000001
36107,8.5
36108,7.604659635939257
36109,7.604659635939257
36110,7.604659635939257
36111,7.604659635939257
36112,7.5
36113,6.0000000049999995
36114,7.604659635939257
36115,7.604659635939257
36116,7.0
36117,8.0
36118,7.604659635939257
36119,7.604659635939257
36120,7.604659635939257
36121,7.604659635939257
36122,7.604659635939257
36123,5.0
36124,7.604659635939257
36125,7.604659635939257
36126,7.0
36127,8.0
36128,8.428571428061225
36129,7.999493459677218
36130,7.0
36131,7.604659635939257
36132,7.604659635939257
36133,8.0
36134,8.0
36135,9.0
36136,7.604659635939257
36137,8.0
36138,7.604659635939257
36139,7.604659635939257
36140,8.535653167236559
36141,7.604659635939257
36142,8.75
36143,9.0
36144,7.604659635939257
36145,7.999999996765016
36146,7.604659635939257
36147,7.604659635939257
36148,9.999999971055729
36149,7.604659635939257
36150,7.604659635939257
36151,7.604659635939257
36152,7.604659635939257
36153,8.419178580127902
36154,7.604659635939257
36155,7.604659635939257
36156,7.604659635939257
36157,7.604659635939257
36158,7.604659635939257
36159,7.604659635939257
36160,9.999999990000001
36161,10.0
36162,7.604659635939257
36163,7.604659635939257
36164,7.604659635939257
36165,8.5
36166,7.604659635939257
36167,7.604659635939257
36168,7.604659635939257
36169,7.438256184039476
36170,8.0
36171,7.0
36172,7.604659635939257
36173,7.604659635939257
36174,8.499999998160746
36175,7.604659635939257
36176,8.0
36177,7.604659635939257
36178,7.604659635939257
36179,6.000000000000001
36180,8.0
36181,7.604659635939257
36182,7.604659635939257
36183,7.604659635939257
36184,7.604659635939257
36185,10.0
36186,7.691301372688463
36187,7.604659635939257
36188,8.0
36189,7.604659635939257
36190,7.604659635939257
36191,7.604659635939257
36192,7.0
36193,3.0
36194,9.000000000000002
36195,7.604659635939257
36196,10.0
36197,7.604659635939257
36198,7.604659635939257
36199,5.0
36200,8.0
36201,9.5
36202,8.0
36203,7.604659635939257
36204,9.392405062967473
36205,7.604659635939257
36206,7.604659635939257
36207,7.604659635939257
36208,7.604659635939257
36209,7.0
36210,8.157894737243767
36211,7.999999962639322
36212,7.0
36213,7.604659635939257
36214,7.604659635939257
36215,7.604659635939257
36216,8.0
36217,8.0
36218,7.604659635939257
36219,7.604659635939257
36220,7.604659635939257
36221,7.604659635939257
36222,7.000000015
36223,7.604659635939257
36224,7.604659635939257
36225,7.604659635939257
36226,7.604659635939257
36227,7.604659635939257
36228,8.631820125940134
36229,7.999999992071069
36230,7.604659635939257
36231,7.0
36232,7.604659635939257
36233,7.604659635939257
36234,4.000000169999994
36235,7.604659635939257
36236,7.604659635939257
36237,7.604659635939257
36238,7.604659635939257
36239,7.00000001
36240,7.604659635939257
36241,7.604659635939257
36242,7.604659635939257
36243,7.49999999875
36244,6.5518372146337605
36245,7.604659635939257
36246,7.604659635939257
36247,7.052631578601107
36248,8.250000003125
36249,7.604659635939257
36250,6.0
36251,7.604659635939257
36252,7.604659635939257
36253,8.5
36254,9.469117030022764
36255,8.0
36256,7.50000001625
36257,8.0
36258,10.0
36259,7.604659635939257
36260,7.604659635939257
36261,8.0
36262,9.561540945825012
36263,7.604659635939257
36264,8.0
36265,7.604659635939257
36266,7.604659635939257
36267,7.0
36268,10.0
36269,7.604659635939257
36270,7.604659635939257
36271,7.604659635939257
36272,7.604659635939257
36273,7.604659635939257
36274,7.604659635939257
36275,8.0
36276,9.0
36277,8.12499999953125
36278,7.604659635939257
36279,8.0
36280,7.604659635939257
36281,7.604659635939257
36282,7.0
36283,7.604659635939257
36284,7.604659635939257
36285,7.604659635939257
36286,7.604659635939257
36287,7.604659635939257
36288,7.604659635939257
36289,7.604659635939257
36290,7.604659635939257
36291,7.604659635939257
36292,7.604659635939257
36293,7.0
36294,7.604659635939257
36295,7.604659635939257
36296,7.604659635939257
36297,8.333333331851852
36298,7.779518790456935
36299,4.000000089999998
36300,7.0
36301,5.0
36302,8.0
36303,9.0
36304,6.428571432244898
36305,7.604659635939257
36306,7.604659635939257
36307,5.42830783423259
36308,7.604659635939257
36309,7.0
36310,7.604659635939257
36311,7.604659635939257
36312,7.604659635939257
36313,9.0
36314,7.604659635939257
36315,8.999999986666667
36316,7.604659635939257
36317,8.499999999999998
36318,8.0
36319,7.604659635939257
36320,7.604659635939257
36321,8.0
36322,7.604659635939257
36323,8.0
36324,6.730975994378197
36325,7.0
36326,7.604659635939257
36327,7.604659635939257
36328,7.604659635939257
36329,7.604659635939257
36330,8.0
36331,7.604659635939257
36332,9.0
36333,3.571428576938775
36334,7.604659635939257
36335,7.604659635939257
36336,8.999999915000004
36337,10.0
36338,7.604659635939257
36339,7.604659635939257
36340,7.604659635939257
36341,7.604659635939257
36342,7.604659635939257
36343,9.0
36344,7.604659635939257
36345,7.0
36346,7.604659635939257
36347,8.0
36348,8.0
36349,8.0
36350,7.604659635939257
36351,9.999999999999998
36352,7.000000000000001
36353,5.0
36354,7.604659635939257
36355,7.604659635939257
36356,7.0
36357,7.604659635939257
36358,7.604659635939257
36359,7.604659635939257
36360,7.604659635939257
36361,7.604659635939257
36362,7.604659635939257
36363,5.000000000000001
36364,7.604659635939257
36365,8.0
36366,8.0
36367,7.0
36368,8.466666663437037
36369,7.604659635939257
36370,7.604659635939257
36371,7.604659635939257
36372,7.604659635939257
36373,8.0
36374,7.604659635939257
36375,7.604659635939257
36376,7.604659635939257
36377,7.5999999984
36378,7.604659635939257
36379,2.0
36380,7.604659635939257
36381,7.604659635939257
36382,7.604659635939257
36383,7.0
36384,7.604659635939257
36385,7.604659635939257
36386,7.604659635939257
36387,7.604659635939257
36388,7.604659635939257
36389,8.0
36390,8.0
36391,7.604659635939257
36392,7.0
36393,7.604659635939257
36394,7.604659635939257
36395,7.604659635939257
36396,7.604659635939257
36397,7.604659635939257
36398,7.604659635939257
36399,7.604659635939257
36400,8.0
36401,4.85034377111198
36402,7.604659635939257
36403,7.604659635939257
36404,9.0
36405,7.604659635939257
36406,7.604659635939257
36407,8.0
36408,7.604659635939257
36409,8.0
36410,7.604659635939257
36411,9.0
36412,7.604659635939257
36413,7.604659635939257
36414,7.604659635939257
36415,7.604659635939257
36416,7.604659635939257
36417,7.604659635939257
36418,7.604659635939257
36419,7.604659635939257
36420,7.604659635939257
36421,7.604659635939257
36422,8.666666667777777
36423,4.890096888677788
36424,7.604659635939257
36425,7.604659635939257
36426,10.0
36427,9.999999993509288
36428,10.0
36429,10.0
36430,7.604659635939257
36431,7.604659635939257
36432,7.604659635939257
36433,5.829062634525146
36434,7.604659635939257
36435,7.604659635939257
36436,7.604659635939257
36437,8.0
36438,7.0
36439,7.604659635939257
36440,9.999999995
36441,7.604659635939257
36442,7.604659635939257
36443,8.0
36444,7.604659635939257
36445,7.604659635939257
36446,9.999999940000004
36447,7.604659635939257
36448,8.0
36449,7.604659635939257
36450,7.604659635939257
36451,8.0
36452,9.0
36453,7.604659635939257
36454,7.604659635939257
36455,8.0
36456,7.604659635939257
36457,10.0
36458,7.999999976666668
36459,7.604659635939257
36460,7.000000003333334
36461,7.604659635939257
36462,8.000000028618073
36463,7.604659635939257
36464,9.0
36465,9.36351580272277
36466,7.604659635939257
36467,7.604659635939257
36468,7.604659635939257
36469,7.604659635939257
36470,10.0
36471,7.604659635939257
36472,7.604659635939257
36473,7.604659635939257
36474,7.0
36475,7.604659635939257
36476,7.604659635939257
36477,7.604659635939257
36478,7.604659635939257
36479,10.0
36480,8.0
36481,6.857142856530612
36482,9.999999960000002
36483,7.604659635939257
36484,8.00000000365466
36485,8.0
36486,7.604659635939257
36487,7.837508251734741
36488,9.0
36489,7.604659635939257
36490,7.604659635939257
36491,7.604659635939257
36492,7.604659635939257
36493,7.604659635939257
36494,7.604659635939257
36495,9.0
36496,7.604659635939257
36497,8.0
36498,7.75
36499,7.604659635939257
36500,6.00000001
36501,7.604659635939257
36502,8.0
36503,8.0
36504,10.0
36505,7.604659635939257
36506,7.604659635939257
36507,7.604659635939257
36508,7.0
36509,7.604659635939257
36510,7.604659635939257
36511,7.604659635939257
36512,8.0
36513,7.604659635939257
36514,7.604659635939257
36515,7.604659635939257
36516,8.0
36517,7.604659635939257
36518,8.0
36519,7.604659635939257
36520,5.0
36521,8.0
36522,7.0
36523,7.604659635939257
36524,7.604659635939257
36525,7.604659635939257
36526,7.604659635939257
36527,7.604659635939257
36528,7.000000000000001
36529,7.604659635939257
36530,7.311807515870966
36531,8.0
36532,8.666666666666666
36533,7.604659635939257
36534,7.604659635939257
36535,7.604659635939257
36536,7.604659635939257
36537,4.617423835870039
36538,6.333333332222222
36539,7.604659635939257
36540,8.500000001767766
36541,7.604659635939257
36542,7.604659635939257
36543,7.0
36544,7.604659635939257
36545,6.0000000553915696
36546,8.0
36547,7.0
36548,7.604659635939257
36549,7.604659635939257
36550,7.604659635939257
36551,5.35714285377551
36552,7.604659635939257
36553,9.999999993964467
36554,8.0
36555,9.0
36556,7.604659635939257
36557,7.604659635939257
36558,7.0
36559,7.604659635939257
36560,7.604659635939257
36561,7.0
36562,9.0
36563,8.0
36564,7.782751450635164
36565,8.0
36566,7.604659635939257
36567,7.604659635939257
36568,9.0
36569,7.604659635939257
36570,7.604659635939257
36571,10.0
36572,7.604659635939257
36573,8.880555792990883
36574,7.604659635939257
36575,9.0
36576,7.0
36577,7.604659635939257
36578,7.604659635939257
36579,7.604659635939257
36580,7.604659635939257
36581,8.553415373618776
36582,7.604659635939257
36583,7.604659635939257
36584,7.604659635939257
36585,7.604659635939257
36586,7.604659635939257
36587,7.604659635939257
36588,7.604659635939257
36589,7.604659635939257
36590,7.604659635939257
36591,8.961382543707169
36592,7.604659635939257
36593,7.604659635939257
36594,7.604659635939257
36595,7.604659635939257
36596,7.604659635939257
36597,7.89075891450036
36598,7.604659635939257
36599,8.0
36600,7.833943211349389
36601,8.0
36602,7.604659635939257
36603,7.604659635939257
36604,7.604659635939257
36605,7.604659635939257
36606,7.604659635939257
36607,8.0
36608,7.604659635939257
36609,7.0
36610,7.604659635939257
36611,7.77419354715921
36612,7.604659635939257
36613,7.604659635939257
36614,10.0
36615,7.604659635939257
36616,7.604659635939257
36617,7.604659635939257
36618,7.604659635939257
36619,7.0
36620,7.604659635939257
36621,7.604659635939257
36622,9.0
36623,7.604659635939257
36624,8.0
36625,8.0
36626,8.0
36627,7.604659635939257
36628,7.142857141020408
36629,8.66227336884212
36630,8.0
36631,7.75
36632,8.666666664444444
36633,7.604659635939257
36634,7.0
36635,7.604659635939257
36636,7.604659635939257
36637,6.0
36638,7.604659635939257
36639,7.604659635939257
36640,7.604659635939257
36641,8.0
36642,7.604659635939257
36643,7.604659635939257
36644,7.604659635939257
36645,7.604659635939257
36646,7.0
36647,7.4000000024000006
36648,9.0
36649,7.604659635939257
36650,6.689724920462266
36651,8.0
36652,7.55981649409898
36653,7.604659635939257
36654,7.604659635939257
36655,10.0
36656,9.442654097076336
36657,7.604659635939257
36658,7.604659635939257
36659,7.604659635939257
36660,7.604659635939257
36661,7.604659635939257
36662,7.604659635939257
36663,8.393210410278071
36664,7.604659635939257
36665,7.604659635939257
36666,7.604659635939257
36667,7.604659635939257
36668,5.442767366745913
36669,7.604659635939257
36670,7.604659635939257
36671,7.604659635939257
36672,7.604659635939257
36673,10.0
36674,7.0
36675,7.604659635939257
36676,5.00000001
36677,7.604659635939257
36678,7.604659635939257
36679,7.604659635939257
36680,6.000000053333333
36681,7.0
36682,9.0
36683,7.604659635939257
36684,7.604659635939257
36685,7.604659635939257
36686,7.604659635939257
36687,7.604659635939257
36688,8.0
36689,7.604659635939257
36690,8.0
36691,7.604659635939257
36692,7.604659635939257
36693,9.0
36694,8.0
36695,7.604659635939257
36696,7.604659635939257
36697,8.0
36698,7.604659635939257
36699,7.604659635939257
36700,7.0
36701,7.604659635939257
36702,8.343145747664908
36703,7.604659635939257
36704,9.064210100091813
36705,7.604659635939257
36706,8.0
36707,7.604659635939257
36708,7.00000002
36709,8.0
36710,7.604659635939257
36711,7.604659635939257
36712,7.604659635939257
36713,7.604659635939257
36714,7.604659635939257
36715,9.0
36716,9.0
36717,7.604659635939257
36718,7.604659635939257
36719,7.0
36720,8.0
36721,7.604659635939257
36722,8.0
36723,8.0
36724,7.604659635939257
36725,7.0
36726,10.0
36727,8.0
36728,7.604659635939257
36729,7.604659635939257
36730,7.604659635939257
36731,7.604659635939257
36732,7.604659635939257
36733,9.999999999999998
36734,9.0
36735,7.604659635939257
36736,7.604659635939257
36737,8.0
36738,7.604659635939257
36739,7.604659635939257
36740,7.604659635939257
36741,7.0
36742,10.0
36743,7.500000004999999
36744,7.604659635939257
36745,7.604659635939257
36746,7.604659635939257
36747,7.0
36748,7.604659635939257
36749,7.604659635939257
36750,7.604659635939257
36751,7.749999999999999
36752,7.604659635939257
36753,7.604659635939257
36754,7.604659635939257
36755,8.0
36756,5.0
36757,7.604659635939257
36758,7.604659635939257
36759,7.604659635939257
36760,7.604659635939257
36761,7.604659635939257
36762,7.604659635939257
36763,8.0
36764,7.604659635939257
36765,7.604659635939257
36766,8.0
36767,7.604659635939257
36768,6.333333335555555
36769,5.000000011
36770,7.604659635939257
36771,5.0
36772,9.0
36773,8.0
36774,7.0
36775,7.604659635939257
36776,7.111734997100144
36777,9.5
36778,7.604659635939257
36779,7.604659635939257
36780,7.604659635939257
36781,7.604659635939257
36782,8.0
36783,7.604659635939257
36784,8.0
36785,7.604659635939257
36786,7.604659635939257
36787,7.604659635939257
36788,7.604659635939257
36789,7.604659635939257
36790,7.604659635939257
36791,8.0
36792,8.0
36793,6.000000003333333
36794,7.604659635939257
36795,7.604659635939257
36796,7.604659635939257
36797,7.604659635939257
36798,7.604659635939257
36799,7.604659635939257
36800,7.604659635939257
36801,7.604659635939257
36802,7.0
36803,7.604659635939257
36804,7.604659635939257
36805,7.604659635939257
36806,8.0
36807,7.604659635939257
36808,7.604659635939257
36809,7.00000001
36810,7.604659635939257
36811,7.604659635939257
36812,6.0
36813,7.604659635939257
36814,7.604659635939257
36815,7.604659635939257
36816,8.333333332222223
36817,7.604659635939257
36818,7.604659635939257
36819,8.0
36820,8.176778872767253
36821,5.896212450346926
36822,7.604659635939257
36823,7.604659635939257
36824,7.604659635939257
36825,8.0
36826,7.604659635939257
36827,8.0
36828,7.604659635939257
36829,7.604659635939257
36830,7.604659635939257
36831,7.604659635939257
36832,3.0
36833,7.604659635939257
36834,8.199999998800001
36835,8.0
36836,7.604659635939257
36837,7.604659635939257
36838,7.0
36839,8.0
36840,4.999999999999999
36841,7.604659635939257
36842,7.604659635939257
36843,7.604659635939257
36844,7.604659635939257
36845,9.999999999999998
36846,6.999999990000001
36847,7.604659635939257
36848,7.604659635939257
36849,8.000000003333332
36850,9.99999998374457
36851,7.604659635939257
36852,7.604659635939257
36853,7.604659635939257
36854,7.604659635939257
36855,7.738796123106496
36856,7.604659635939257
36857,7.0000000125
36858,7.604659635939257
36859,7.948679209977863
36860,7.604659635939257
36861,7.604659635939257
36862,8.0
36863,7.604659635939257
36864,7.604659635939257
36865,8.0
36866,7.604659635939257
36867,8.0
36868,8.0
36869,7.604659635939257
36870,9.0
36871,7.604659635939257
36872,7.0
36873,7.604659635939257
36874,7.604659635939257
36875,7.604659635939257
36876,7.604659635939257
36877,6.166666667777778
36878,7.604659635939257
36879,6.235294118269897
36880,7.604659635939257
36881,7.661443629483486
36882,7.545260942323728
36883,7.604659635939257
36884,7.604659635939257
36885,7.604659635939257
36886,9.99999997138193
36887,7.604659635939257
36888,7.604659635939257
36889,7.604659635939257
36890,9.999999990000001
36891,7.604659635939257
36892,7.604659635939257
36893,7.999999995280487
36894,7.0
36895,7.604659635939257
36896,8.0
36897,7.604659635939257
36898,7.5
36899,8.000000013333334
36900,7.0
36901,7.604659635939257
36902,7.604659635939257
36903,7.500000009999999
36904,7.604659635939257
36905,7.604659635939257
36906,7.604659635939257
36907,8.25
36908,7.604659635939257
36909,7.604659635939257
36910,7.604659635939257
36911,4.999999999999999
36912,7.604659635939257
36913,7.604659635939257
36914,7.0
36915,7.8788708004187145
36916,7.604659635939257
36917,7.604659635939257
36918,7.0
36919,7.604659635939257
36920,7.577994712583899
36921,8.0
36922,7.5
36923,7.604659635939257
36924,7.604659635939257
36925,7.604659635939257
36926,8.499999985
36927,7.604659635939257
36928,7.999999999999999
36929,10.0
36930,7.604659635939257
36931,7.604659635939257
36932,7.604659635939257
36933,7.604659635939257
36934,9.332362640678674
36935,7.0
36936,7.0
36937,9.0
36938,7.604659635939257
36939,8.42857142755102
36940,8.999999996816314
36941,9.25
36942,7.604659635939257
36943,7.604659635939257
36944,7.604659635939257
36945,7.604659635939257
36946,8.0
36947,10.0
36948,7.604659635939257
36949,7.604659635939257
36950,7.604659635939257
36951,7.604659635939257
36952,7.604659635939257
36953,4.0
36954,7.604659635939257
36955,8.000000004579913
36956,7.604659635939257
36957,7.0
36958,7.604659635939257
36959,7.604659635939257
36960,6.540988180504035
36961,7.642857144081633
36962,7.604659635939257
36963,7.604659635939257
36964,7.0
36965,7.43577049601384
36966,7.604659635939257
36967,7.604659635939257
36968,8.0
36969,7.604659635939257
36970,9.999999950857866
36971,8.034711852022914
36972,7.756583688015214
36973,7.604659635939257
36974,7.604659635939257
36975,8.0
36976,7.604659635939257
36977,7.604659635939257
36978,7.604659635939257
36979,8.0
36980,7.604659635939257
36981,8.0
36982,7.604659635939257
36983,9.0
36984,8.999999995785599
36985,9.0
36986,7.604659635939257
36987,7.604659635939257
36988,7.604659635939257
36989,7.604659635939257
36990,7.604659635939257
36991,7.604659635939257
36992,7.604659635939257
36993,7.604659635939257
36994,7.604659635939257
36995,7.604659635939257
36996,7.604659635939257
36997,9.166666667222222
36998,7.604659635939257
36999,7.604659635939257
37000,7.604659635939257
37001,7.0
37002,7.604659635939257
37003,8.464101615330135
37004,7.604659635939257
37005,7.604659635939257
37006,7.0
37007,7.604659635939257
37008,7.604659635939257
37009,7.604659635939257
37010,7.604659635939257
37011,10.0
37012,9.0
37013,9.0
37014,9.999999999999998
37015,7.0
37016,7.604659635939257
37017,6.0
37018,9.26212112186023
37019,7.604659635939257
37020,7.0
37021,7.0000000133333335
37022,7.604659635939257
37023,8.055728089737729
37024,7.0
37025,7.604659635939257
37026,7.5
37027,7.604659635939257
37028,7.604659635939257
37029,9.0
37030,7.604659635939257
37031,7.604659635939257
37032,7.604659635939257
37033,7.604659635939257
37034,7.604659635939257
37035,7.604659635939257
37036,7.604659635939257
37037,7.604659635939257
37038,7.604659635939257
37039,6.250000000000001
37040,7.837959396596587
37041,7.604659635939257
37042,7.604659635939257
37043,7.0
37044,10.0
37045,7.5
37046,7.5
37047,7.604659635939257
37048,7.999999996666666
37049,8.999999986666667
37050,8.0
37051,7.604659635939257
37052,10.0
37053,7.604659635939257
37054,5.55210505645994
37055,8.0
37056,8.0
37057,7.604659635939257
37058,7.604659635939257
37059,7.604659635939257
37060,7.604659635939257
37061,7.0
37062,7.604659635939257
37063,7.604659635939257
37064,7.0
37065,7.604659635939257
37066,7.604659635939257
37067,8.0
37068,7.604659635939257
37069,7.611444200026155
37070,7.604659635939257
37071,5.0
37072,7.604659635939257
37073,7.604659635939257
37074,7.604659635939257
37075,5.622231080184127
37076,6.336148721822643
37077,9.0
37078,7.604659635939257
37079,8.0
37080,7.604659635939257
37081,8.0
37082,8.030809033580596
37083,8.0
37084,7.604659635939257
37085,7.604659635939257
37086,7.604659635939257
37087,7.604659635939257
37088,7.604659635939257
37089,7.604659635939257
37090,7.0
37091,7.604659635939257
37092,7.054784651920004
37093,7.604659635939257
37094,7.604659635939257
37095,7.604659635939257
37096,7.0
37097,7.0
37098,7.604659635939257
37099,7.604659635939257
37100,10.0
37101,7.604659635939257
37102,7.604659635939257
37103,7.604659635939257
37104,7.604659635939257
37105,7.604659635939257
37106,7.000000059999998
37107,7.604659635939257
37108,7.604659635939257
37109,8.0
37110,7.0
37111,7.604659635939257
37112,7.604659635939257
37113,7.604659635939257
37114,5.0
37115,7.604659635939257
37116,8.999999996666666
37117,7.604659635939257
37118,7.604659635939257
37119,8.0
37120,5.0
37121,7.604659635939257
37122,7.604659635939257
37123,7.604659635939257
37124,8.0
37125,8.0
37126,7.604659635939257
37127,8.0
37128,8.99999997605573
37129,8.333333332777777
37130,8.0
37131,7.604659635939257
37132,7.604659635939257
37133,7.604659635939257
37134,7.604659635939257
37135,7.604659635939257
37136,8.0
37137,7.604659635939257
37138,7.604659635939257
37139,7.604659635939257
37140,7.604659635939257
37141,7.604659635939257
37142,7.604659635939257
37143,7.604659635939257
37144,7.604659635939257
37145,7.604659635939257
37146,7.604659635939257
37147,4.0
37148,9.003314021478333
37149,7.604659635939257
37150,7.604659635939257
37151,7.604659635939257
37152,7.604659635939257
37153,7.604659635939257
37154,7.604659635939257
37155,7.604659635939257
37156,7.604659635939257
37157,7.604659635939257
37158,7.604659635939257
37159,7.0
37160,8.0
37161,7.604659635939257
37162,7.604659635939257
37163,7.0
37164,7.604659635939257
37165,9.0
37166,6.332363139638778
37167,7.604659635939257
37168,8.0
37169,6.984640888377012
37170,7.604659635939257
37171,7.604659635939257
37172,7.604659635939257
37173,5.000000001428571
37174,8.0
37175,7.604659635939257
37176,6.0557280897377295
37177,7.604659635939257
37178,7.604659635939257
37179,7.604659635939257
37180,8.0
37181,8.0
37182,7.0
37183,7.604659635939257
37184,5.74999999875
37185,7.604659635939257
37186,7.604659635939257
37187,9.0
37188,7.604659635939257
37189,7.604659635939257
37190,7.604659635939257
37191,8.0
37192,5.0
37193,7.999999990881744
37194,7.604659635939257
37195,7.604659635939257
37196,6.0
37197,7.604659635939257
37198,8.0
37199,7.604659635939257
37200,7.604659635939257
37201,4.999999999999999
37202,7.604659635939257
37203,7.604659635939257
37204,7.604659635939257
37205,7.604659635939257
37206,7.604659635939257
37207,7.604659635939257
37208,7.604659635939257
37209,9.0
37210,7.604659635939257
37211,7.0
37212,7.604659635939257
37213,7.604659635939257
37214,7.604659635939257
37215,7.604659635939257
37216,7.604659635939257
37217,7.604659635939257
37218,8.0
37219,8.0
37220,7.54777687537169
37221,9.0
37222,7.604659635939257
37223,7.604659635939257
37224,8.837522559032905
37225,7.604659635939257
37226,7.604659635939257
37227,7.604659635939257
37228,8.0
37229,7.0
37230,7.604659635939257
37231,8.0
37232,7.604659635939257
37233,7.604659635939257
37234,7.604659635939257
37235,5.982006319615682
37236,7.604659635939257
37237,7.0
37238,7.604659635939257
37239,7.604659635939257
37240,7.604659635939257
37241,9.45308183838361
37242,7.604659635939257
37243,7.604659635939257
37244,7.604659635939257
37245,7.604659635939257
37246,9.0
37247,10.000000000000002
37248,8.999999996666666
37249,7.604659635939257
37250,7.604659635939257
37251,7.604659635939257
37252,8.0
37253,7.604659635939257
37254,8.0
37255,7.604659635939257
37256,10.0
37257,7.604659635939257
37258,7.604659635939257
37259,7.604659635939257
37260,7.604659635939257
37261,7.604659635939257
37262,7.604659635939257
37263,5.0
37264,7.604659635939257
37265,7.604659635939257
37266,7.604659635939257
37267,8.0
37268,8.0
37269,7.604659635939257
37270,7.604659635939257
37271,7.604659635939257
37272,7.604659635939257
37273,7.0
37274,7.604659635939257
37275,7.604659635939257
37276,5.000000079999998
37277,9.43999999844
37278,7.604659635939257
37279,7.604659635939257
37280,7.604659635939257
37281,8.0
37282,7.0
37283,7.604659635939257
37284,8.666666668888888
37285,7.604659635939257
37286,7.604659635939257
37287,7.604659635939257
37288,7.604659635939257
37289,7.604659635939257
37290,7.604659635939257
37291,8.0
37292,8.0
37293,7.604659635939257
37294,7.604659635939257
37295,7.604659635939257
37296,8.0
37297,7.604659635939257
37298,7.604659635939257
37299,7.0
37300,7.604659635939257
37301,7.604659635939257
37302,8.269752143239113
37303,7.604659635939257
37304,7.604659635939257
37305,7.604659635939257
37306,7.604659635939257
37307,7.604659635939257
37308,6.578729806146041
37309,7.604659635939257
37310,7.604659635939257
37311,7.604659635939257
37312,7.604659635939257
37313,7.604659635939257
37314,7.604659635939257
37315,7.9424328044147625
37316,7.604659635939257
37317,7.604659635939257
37318,7.604659635939257
37319,4.999999999999999
37320,9.49999999818814
37321,4.999999999999999
37322,8.0
37323,6.0
37324,7.604659635939257
37325,7.604659635939257
37326,7.604659635939257
37327,6.333333335555555
37328,7.604659635939257
37329,7.604659635939257
37330,7.604659635939257
37331,7.604659635939257
37332,8.00000001
37333,7.604659635939257
37334,8.624999999687502
37335,7.999999985666667
37336,8.0000000025
37337,7.604659635939257
37338,7.604659635939257
37339,9.49999999
37340,7.265699172887462
37341,7.604659635939257
37342,8.000000006666667
37343,7.604659635939257
37344,7.604659635939257
37345,7.604659635939257
37346,7.604659635939257
37347,10.000000000000002
37348,6.25
37349,7.604659635939257
37350,8.0
37351,8.0
37352,7.604659635939257
37353,7.604659635939257
37354,7.604659635939257
37355,7.604659635939257
37356,7.0
37357,7.604659635939257
37358,9.0
37359,9.0
37360,10.0
37361,7.604659635939257
37362,8.0
37363,7.604659635939257
37364,7.604659635939257
37365,7.0
37366,7.227729999702702
37367,7.604659635939257
37368,7.0
37369,9.200000001111112
37370,7.604659635939257
37371,7.604659635939257
37372,8.0
37373,7.604659635939257
37374,7.604659635939257
37375,7.604659635939257
37376,7.604659635939257
37377,7.604659635939257
37378,9.240691234755513
37379,7.604659635939257
37380,7.604659635939257
37381,8.0
37382,7.604659635939257
37383,10.0
37384,8.0
37385,7.604659635939257
37386,8.64986059692484
37387,7.604659635939257
37388,7.0
37389,7.604659635939257
37390,8.0
37391,7.604659635939257
37392,7.0
37393,7.000000000000001
37394,9.0
37395,7.604659635939257
37396,7.604659635939257
37397,8.333333335555556
37398,6.0
37399,7.604659635939257
37400,7.604659635939257
37401,7.604659635939257
37402,7.000000001666667
37403,7.604659635939257
37404,7.604659635939257
37405,7.604659635939257
37406,10.0
37407,7.000000006666666
37408,8.0
37409,7.604659635939257
37410,7.604659635939257
37411,8.0
37412,7.604659635939257
37413,8.999999990000001
37414,8.0
37415,8.999999999999998
37416,7.604659635939257
37417,7.604659635939257
37418,7.604659635939257
37419,7.604659635939257
37420,10.0
37421,7.604659635939257
37422,7.604659635939257
37423,9.000000002132007
37424,8.0
37425,10.0
37426,9.999999997574644
37427,7.604659635939257
37428,7.604659635939257
37429,7.0
37430,7.604659635939257
37431,7.604659635939257
37432,7.604659635939257
37433,7.604659635939257
37434,7.604659635939257
37435,7.999999970000001
37436,7.604659635939257
37437,5.000000000714285
37438,7.0
37439,7.604659635939257
37440,7.604659635939257
37441,8.4000000004
37442,7.604659635939257
37443,7.604659635939257
37444,7.604659635939257
37445,8.0
37446,7.604659635939257
37447,7.604659635939257
37448,7.604659635939257
37449,7.604659635939257
37450,7.604659635939257
37451,7.604659635939257
37452,7.604659635939257
37453,8.0
37454,7.604659635939257
37455,7.604659635939257
37456,7.604659635939257
37457,9.999999984999999
37458,7.604659635939257
37459,8.0
37460,7.604659635939257
37461,7.604659635939257
37462,7.604659635939257
37463,8.5
37464,7.604659635939257
37465,6.0
37466,7.604659635939257
37467,7.604659635939257
37468,7.604659635939257
37469,7.604659635939257
37470,7.604659635939257
37471,7.604659635939257
37472,8.999999990833333
37473,8.0
37474,7.604659635939257
37475,7.0
37476,8.0
37477,7.604659635939257
37478,7.604659635939257
37479,7.604659635939257
37480,7.604659635939257
37481,8.827586206016647
37482,7.2060920025040165
37483,7.604659635939257
37484,8.24014785380336
37485,8.0
37486,8.0
37487,7.604659635939257
37488,9.000000004999999
37489,7.604659635939257
37490,7.604659635939257
37491,6.999999999999999
37492,7.604659635939257
37493,7.604659635939257
37494,7.604659635939257
37495,7.604659635939257
37496,4.0
37497,7.604659635939257
37498,7.604659635939257
37499,7.604659635939257
37500,7.604659635939257
37501,7.604659635939257
37502,8.636363638512396
37503,8.999999955000002
37504,7.604659635939257
37505,8.0
37506,9.132319965837361
37507,8.9999999825
37508,9.999999985
37509,7.604659635939257
37510,7.604659635939257
37511,7.604659635939257
37512,9.999999970000001
37513,8.000000018333333
37514,9.999999945
37515,7.604659635939257
37516,9.0000000027735
37517,7.604659635939257
37518,7.604659635939257
37519,7.604659635939257
37520,7.604659635939257
37521,6.999999999999999
37522,7.604659635939257
37523,9.3700694852905
37524,7.604659635939257
37525,7.604659635939257
37526,7.604659635939257
37527,7.604659635939257
37528,7.0
37529,7.604659635939257
37530,8.0
37531,8.0
37532,8.0
37533,9.0
37534,7.604659635939257
37535,7.604659635939257
37536,7.604659635939257
37537,10.000000000000002
37538,6.999999999999999
37539,7.919853981084245
37540,7.604659635939257
37541,8.475308239432698
37542,7.604659635939257
37543,7.604659635939257
37544,10.0
37545,7.604659635939257
37546,7.604659635939257
37547,7.604659635939257
37548,7.000000024999999
37549,8.0
37550,7.604659635939257
37551,7.604659635939257
37552,7.604659635939257
37553,7.0
37554,7.604659635939257
37555,7.604659635939257
37556,9.999999975857865
37557,7.604659635939257
37558,7.604659635939257
37559,7.604659635939257
37560,7.604659635939257
37561,8.0
37562,8.49999999625
37563,7.604659635939257
37564,8.54545454677686
37565,7.604659635939257
37566,7.604659635939257
37567,5.000000049999999
37568,7.604659635939257
37569,7.0
37570,8.0
37571,7.604659635939257
37572,8.0
37573,6.428571428979592
37574,7.604659635939257
37575,7.0
37576,7.604659635939257
37577,7.604659635939257
37578,6.999999980000001
37579,6.0
37580,7.604659635939257
37581,7.604659635939257
37582,7.418053344793995
37583,8.5
37584,7.604659635939257
37585,7.604659635939257
37586,7.604659635939257
37587,7.604659635939257
37588,8.000000009999999
37589,7.604659635939257
37590,9.0
37591,7.604659635939257
37592,7.000000009999999
37593,6.319042897644216
37594,7.604659635939257
37595,7.604659635939257
37596,7.604659635939257
37597,7.604659635939257
37598,7.604659635939257
37599,7.687891398191063
37600,9.000000009999999
37601,7.604659635939257
37602,7.604659635939257
37603,7.604659635939257
37604,8.700141483063017
37605,7.604659635939257
37606,7.604659635939257
37607,7.604659635939257
37608,8.0
37609,7.604659635939257
37610,8.0
37611,8.0
37612,8.75
37613,7.604659635939257
37614,7.604659635939257
37615,7.604659635939257
37616,9.999999913333337
37617,8.0
37618,8.0
37619,7.604659635939257
37620,5.0
37621,7.604659635939257
37622,7.604659635939257
37623,7.0
37624,7.604659635939257
37625,7.688192486832182
37626,7.604659635939257
37627,7.604659635939257
37628,7.428571431632653
37629,5.5567418477458785
37630,7.604659635939257
37631,7.604659635939257
37632,7.666666666666667
37633,10.0
37634,3.99999999
37635,10.0
37636,7.604659635939257
37637,8.0
37638,7.604659635939257
37639,7.604659635939257
37640,7.604659635939257
37641,7.604659635939257
37642,7.604659635939257
37643,7.604659635939257
37644,10.0
37645,7.604659635939257
37646,8.0
37647,7.604659635939257
37648,8.49999999875
37649,7.604659635939257
37650,8.0
37651,8.0
37652,7.604659635939257
37653,7.604659635939257
37654,7.9999999850000005
37655,7.604659635939257
37656,7.604659635939257
37657,7.604659635939257
37658,7.604659635939257
37659,7.604659635939257
37660,7.604659635939257
37661,7.604659635939257
37662,7.604659635939257
37663,7.604659635939257
37664,7.604659635939257
37665,10.0
37666,8.0
37667,7.604659635939257
37668,7.604659635939257
37669,7.604659635939257
37670,8.0
37671,7.604659635939257
37672,7.604659635939257
37673,7.604659635939257
37674,7.604659635939257
37675,7.604659635939257
37676,7.604659635939257
37677,7.604659635939257
37678,7.0
37679,7.5
37680,7.604659635939257
37681,7.604659635939257
37682,6.0
37683,8.999999999999998
37684,10.0
37685,9.0
37686,7.604659635939257
37687,7.604659635939257
37688,8.0
37689,7.604659635939257
37690,7.604659635939257
37691,7.604659635939257
37692,7.604659635939257
37693,7.604659635939257
37694,8.0
37695,7.604659635939257
37696,7.604659635939257
37697,8.0
37698,7.604659635939257
37699,8.0
37700,7.604659635939257
37701,7.604659635939257
37702,7.604659635939257
37703,9.99999998
37704,7.604659635939257
37705,6.999999998438263
37706,7.0
37707,7.604659635939257
37708,7.604659635939257
37709,7.846241013587131
37710,7.604659635939257
37711,7.604659635939257
37712,7.604659635939257
37713,7.604659635939257
37714,7.604659635939257
37715,7.604659635939257
37716,7.604659635939257
37717,9.999999992928933
37718,8.0
37719,7.604659635939257
37720,8.0
37721,7.604659635939257
37722,5.0
37723,7.604659635939257
37724,8.0
37725,7.0
37726,7.604659635939257
37727,7.604659635939257
37728,9.0
37729,7.0
37730,7.604659635939257
37731,7.0
37732,7.604659635939257
37733,7.604659635939257
37734,7.604659635939257
37735,7.0
37736,7.604659635939257
37737,7.604659635939257
37738,7.604659635939257
37739,7.604659635939257
37740,7.604659635939257
37741,8.999999999042174
37742,8.0
37743,7.604659635939257
37744,6.999999999999999
37745,7.604659635939257
37746,4.999999999999999
37747,7.0
37748,7.604659635939257
37749,7.604659635939257
37750,7.333333338888889
37751,7.604659635939257
37752,7.604659635939257
37753,8.0
37754,8.0
37755,7.000000000000001
37756,7.604659635939257
37757,7.604659635939257
37758,8.0
37759,7.604659635939257
37760,7.604659635939257
37761,8.000000006666667
37762,7.604659635939257
37763,8.0
37764,7.604659635939257
37765,7.604659635939257
37766,7.604659635939257
37767,6.0
37768,7.604659635939257
37769,7.604659635939257
37770,8.0
37771,7.604659635939257
37772,7.000000000000001
37773,7.604659635939257
37774,8.0
37775,7.604659635939257
37776,7.0
37777,7.604659635939257
37778,8.0
37779,7.0
37780,7.600000000400001
37781,8.0
37782,6.999999999999999
37783,7.604659635939257
37784,8.0
37785,7.604659635939257
37786,7.604659635939257
37787,9.0
37788,8.0
37789,7.604659635939257
37790,7.604659635939257
37791,7.604659635939257
37792,7.604659635939257
37793,7.0
37794,7.604659635939257
37795,7.604659635939257
37796,7.523166374071663
37797,7.604659635939257
37798,10.0
37799,8.0
37800,7.0
37801,7.604659635939257
37802,7.3571428540816335
37803,7.604659635939257
37804,7.0
37805,7.604659635939257
37806,7.604659635939257
37807,8.0
37808,4.999999999999999
37809,7.0
37810,8.0
37811,7.604659635939257
37812,7.604659635939257
37813,7.0
37814,7.0
37815,8.999999975000001
37816,7.604659635939257
37817,7.604659635939257
37818,7.604659635939257
37819,7.604659635939257
37820,7.604659635939257
37821,7.604659635939257
37822,5.999999996726498
37823,8.0
37824,7.604659635939257
37825,8.0
37826,7.604659635939257
37827,7.604659635939257
37828,7.0
37829,6.455844122867231
37830,7.604659635939257
37831,7.5
37832,7.604659635939257
37833,7.604659635939257
37834,8.0
37835,6.0
37836,7.604659635939257
37837,7.604659635939257
37838,7.604659635939257
37839,7.604659635939257
37840,7.604659635939257
37841,7.604659635939257
37842,8.0
37843,10.0
37844,7.604659635939257
37845,7.604659635939257
37846,8.9999999742265
37847,8.499999989482234
37848,7.604659635939257
37849,6.999999998153012
37850,7.604659635939257
37851,7.604659635939257
37852,7.604659635939257
37853,7.500000000000001
37854,7.604659635939257
37855,7.604659635939257
37856,8.0
37857,7.604659635939257
37858,7.604659635939257
37859,7.000000021309859
37860,7.604659635939257
37861,7.604659635939257
37862,7.604659635939257
37863,7.0
37864,7.604659635939257
37865,7.604659635939257
37866,7.604659635939257
37867,7.604659635939257
37868,7.604659635939257
37869,7.604659635939257
37870,7.604659635939257
37871,7.604659635939257
37872,7.604659635939257
37873,7.604659635939257
37874,7.604659635939257
37875,7.604659635939257
37876,8.49999998125
37877,7.25
37878,7.846643842959958
37879,8.0
37880,7.333333333333333
37881,5.0
37882,7.604659635939257
37883,7.604659635939257
37884,7.604659635939257
37885,7.604659635939257
37886,7.604659635939257
37887,7.0
37888,7.604659635939257
37889,7.604659635939257
37890,7.604659635939257
37891,7.604659635939257
37892,7.604659635939257
37893,7.604659635939257
37894,7.604659635939257
37895,6.333333334444443
37896,7.604659635939257
37897,6.5
37898,8.0
37899,8.0
37900,7.604659635939257
37901,7.604659635939257
37902,7.604659635939257
37903,7.604659635939257
37904,7.604659635939257
37905,7.604659635939257
37906,7.604659635939257
37907,7.604659635939257
37908,7.604659635939257
37909,7.604659635939257
37910,7.604659635939257
37911,8.000000009999999
37912,7.604659635939257
37913,7.0
37914,7.999999970000001
37915,7.604659635939257
37916,7.604659635939257
37917,7.604659635939257
37918,10.0
37919,7.604659635939257
37920,7.604659635939257
37921,7.604659635939257
37922,7.604659635939257
37923,7.604659635939257
37924,7.0
37925,7.604659635939257
37926,8.523952947934184
37927,7.604659635939257
37928,8.0
37929,7.604659635939257
37930,9.99999996671573
37931,10.0
37932,6.0
37933,7.604659635939257
37934,7.604659635939257
37935,7.604659635939257
37936,7.604659635939257
37937,7.604659635939257
37938,8.999999995
37939,7.604659635939257
37940,8.0
37941,7.0
37942,7.604659635939257
37943,7.604659635939257
37944,7.604659635939257
37945,6.912417691251181
37946,8.0
37947,7.604659635939257
37948,7.604659635939257
37949,7.0
37950,8.0
37951,7.604659635939257
37952,8.538461536952664
37953,7.604659635939257
37954,8.0
37955,7.604659635939257
37956,7.604659635939257
37957,7.333333332222222
37958,7.604659635939257
37959,7.604659635939257
37960,7.604659635939257
37961,7.604659635939257
37962,7.604659635939257
37963,7.25
37964,7.454193619794299
37965,8.0
37966,8.333333332962964
37967,7.604659635939257
37968,7.604659635939257
37969,7.604659635939257
37970,9.0000000075
37971,9.999999940000004
37972,7.604659635939257
37973,8.99999998
37974,7.604659635939257
37975,7.604659635939257
37976,7.604659635939257
37977,7.0
37978,9.0
37979,8.0
37980,7.5
37981,7.604659635939257
37982,7.604659635939257
37983,8.000000007214046
37984,8.0
37985,9.0
37986,7.0
37987,7.99999998
37988,7.604659635939257
37989,8.554957782493721
37990,7.604659635939257
37991,7.604659635939257
37992,7.604659635939257
37993,7.604659635939257
37994,7.604659635939257
37995,10.0
37996,7.0
37997,8.0
37998,7.604659635939257
37999,7.604659635939257
38000,6.500000009999999
38001,8.6318813081951
38002,7.604659635939257
38003,6.424273128845446
38004,7.604659635939257
38005,7.0
38006,7.604659635939257
38007,7.604659635939257
38008,7.604659635939257
38009,7.604659635939257
38010,8.4000000028
38011,7.604659635939257
38012,7.604659635939257
38013,8.0
38014,7.604659635939257
38015,7.604659635939257
38016,7.604659635939257
38017,7.604659635939257
38018,7.604659635939257
38019,7.604659635939257
38020,7.604659635939257
38021,9.5
38022,8.823529412422143
38023,7.604659635939257
38024,7.604659635939257
38025,7.0
38026,8.00000001
38027,7.604659635939257
38028,8.0000000025
38029,7.604659635939257
38030,7.604659635939257
38031,7.604659635939257
38032,7.604659635939257
38033,9.614193946045065
38034,7.604659635939257
38035,7.604659635939257
38036,7.604659635939257
38037,7.0
38038,7.604659635939257
38039,6.0
38040,7.604659635939257
38041,7.604659635939257
38042,8.988470247956986
38043,8.0
38044,7.604659635939257
38045,7.604659635939257
38046,7.604659635939257
38047,7.604659635939257
38048,7.604659635939257
38049,9.333333332222223
38050,7.604659635939257
38051,9.999999999999998
38052,4.999999999999999
38053,7.604659635939257
38054,7.604659635939257
38055,7.604659635939257
38056,6.2156382124630065
38057,7.604659635939257
38058,7.604659635939257
38059,7.604659635939257
38060,7.604659635939257
38061,10.0
38062,8.0
38063,7.604659635939257
38064,10.0
38065,7.0
38066,7.604659635939257
38067,7.604659635939257
38068,8.0
38069,7.604659635939257
38070,7.604659635939257
38071,7.604659635939257
38072,8.0
38073,7.604659635939257
38074,7.604659635939257
38075,7.604659635939257
38076,7.604659635939257
38077,7.604659635939257
38078,7.604659635939257
38079,8.0
38080,3.0
38081,8.090909094462809
38082,4.000000049999999
38083,7.604659635939257
38084,7.0
38085,7.604659635939257
38086,7.604659635939257
38087,7.0
38088,7.604659635939257
38089,7.604659635939257
38090,7.604659635939257
38091,7.99999999
38092,7.604659635939257
38093,7.604659635939257
38094,7.604659635939257
38095,7.604659635939257
38096,7.604659635939257
38097,8.0
38098,7.604659635939257
38099,7.604659635939257
38100,7.604659635939257
38101,5.000000089999998
38102,5.0
38103,7.604659635939257
38104,7.604659635939257
38105,7.604659635939257
38106,7.604659635939257
38107,8.0
38108,7.604659635939257
38109,7.604659635939257
38110,7.604659635939257
38111,9.0
38112,7.604659635939257
38113,7.604659635939257
38114,7.604659635939257
38115,7.604659635939257
38116,7.604659635939257
38117,8.0
38118,8.0
38119,7.604659635939257
38120,7.604659635939257
38121,8.0
38122,7.604659635939257
38123,8.0
38124,7.604659635939257
38125,9.999999976666668
38126,7.604659635939257
38127,7.604659635939257
38128,7.604659635939257
38129,8.076923077928994
38130,5.774567687658762
38131,8.666666667777777
38132,7.604659635939257
38133,7.604659635939257
38134,7.604659635939257
38135,7.0
38136,8.0
38137,8.999999986666667
38138,7.604659635939257
38139,9.249999998124999
38140,6.120766155421665
38141,7.5
38142,7.604659635939257
38143,7.604659635939257
38144,8.999999990000001
38145,7.604659635939257
38146,7.604659635939257
38147,7.604659635939257
38148,6.999999996666666
38149,7.604659635939257
38150,9.5
38151,7.604659635939257
38152,7.604659635939257
38153,5.500000044999998
38154,9.999999988452995
38155,7.604659635939257
38156,7.604659635939257
38157,8.50000000625
38158,7.604659635939257
38159,9.0
38160,8.0
38161,7.604659635939257
38162,8.738796123788768
38163,7.604659635939257
38164,8.0
38165,7.604659635939257
38166,7.604659635939257
38167,8.0
38168,7.604659635939257
38169,7.604659635939257
38170,7.604659635939257
38171,7.604659635939257
38172,7.604659635939257
38173,8.0
38174,7.467215722750701
38175,7.749999999687501
38176,7.604659635939257
38177,7.604659635939257
38178,7.604659635939257
38179,7.604659635939257
38180,8.0
38181,7.604659635939257
38182,7.604659635939257
38183,7.604659635939257
38184,7.0
38185,8.0
38186,7.604659635939257
38187,7.604659635939257
38188,6.999999999999999
38189,5.0
38190,9.159402655387126
38191,8.000000001666667
38192,6.91421356287562
38193,7.604659635939257
38194,8.676387562556958
38195,8.0
38196,8.0
38197,8.99999999
38198,6.0
38199,7.604659635939257
38200,6.0
38201,8.541506780054794
38202,7.604659635939257
38203,7.604659635939257
38204,7.604659635939257
38205,7.999999995
38206,7.604659635939257
38207,7.604659635939257
38208,7.0
38209,7.604659635939257
38210,7.604659635939257
38211,7.0
38212,8.0
38213,7.604659635939257
38214,8.64881772738511
38215,7.604659635939257
38216,7.604659635939257
38217,7.0
38218,8.0
38219,7.000000000000001
38220,7.604659635939257
38221,8.0
38222,6.716876149365144
38223,8.381966010069766
38224,7.604659635939257
38225,7.604659635939257
38226,7.604659635939257
38227,7.604659635939257
38228,10.0
38229,7.604659635939257
38230,7.604659635939257
38231,7.604659635939257
38232,7.604659635939257
38233,7.604659635939257
38234,7.604659635939257
38235,5.000000000000001
38236,9.999999925857868
38237,7.604659635939257
38238,8.0
38239,9.0
38240,7.000000007071068
38241,8.0
38242,8.5
38243,7.604659635939257
38244,7.604659635939257
38245,7.0
38246,8.0
38247,7.604659635939257
38248,7.604659635939257
38249,7.604659635939257
38250,7.799746726199635
38251,7.604659635939257
38252,8.61656839221082
38253,8.47306368985302
38254,9.0
38255,8.0
38256,8.0
38257,7.604659635939257
38258,7.604659635939257
38259,7.604659635939257
38260,7.604659635939257
38261,7.0
38262,7.604659635939257
38263,7.604659635939257
38264,7.604659635939257
38265,7.604659635939257
38266,8.0
38267,7.604659635939257
38268,8.0
38269,7.604659635939257
38270,8.0
38271,8.0
38272,9.0
38273,7.604659635939257
38274,7.604659635939257
38275,7.604659635939257
38276,7.604659635939257
38277,7.604659635939257
38278,6.889203394776053
38279,8.0
38280,7.604659635939257
38281,7.604659635939257
38282,7.604659635939257
38283,9.999999993333333
38284,7.604659635939257
38285,8.381233016010265
38286,8.0
38287,7.604659635939257
38288,7.604659635939257
38289,8.495247659573305
38290,7.604659635939257
38291,7.604659635939257
38292,8.806267646311492
38293,7.604659635939257
38294,7.604659635939257
38295,7.0
38296,7.604659635939257
38297,6.500000008687184
38298,7.604659635939257
38299,8.0
38300,5.000000025833334
38301,7.604659635939257
38302,8.333333332222223
38303,7.604659635939257
38304,7.604659635939257
38305,7.604659635939257
38306,7.604659635939257
38307,7.604659635939257
38308,10.0
38309,7.604659635939257
38310,7.604659635939257
38311,10.0
38312,7.604659635939257
38313,7.604659635939257
38314,7.604659635939257
38315,8.0
38316,7.604659635939257
38317,7.604659635939257
38318,6.666666667222223
38319,7.604659635939257
38320,8.666666665963938
38321,7.604659635939257
38322,7.604659635939257
38323,5.0
38324,9.0
38325,7.604659635939257
38326,7.604659635939257
38327,7.604659635939257
38328,5.000000053995692
38329,7.604659635939257
38330,8.0
38331,7.604659635939257
38332,7.604659635939257
38333,7.604659635939257
38334,7.0
38335,8.0
38336,8.0
38337,7.604659635939257
38338,7.604659635939257
38339,8.999999975000001
38340,8.0
38341,8.0
38342,7.604659635939257
38343,8.0
38344,7.604659635939257
38345,7.604659635939257
38346,7.894176951184293
38347,10.0
38348,9.0
38349,7.604659635939257
38350,10.0
38351,8.0
38352,7.604659635939257
38353,7.604659635939257
38354,8.666666668888888
38355,7.604659635939257
38356,7.604659635939257
38357,7.604659635939257
38358,7.604659635939257
38359,7.0
38360,8.0
38361,7.00000000142857
38362,10.0
38363,8.0
38364,7.604659635939257
38365,7.604659635939257
38366,7.604659635939257
38367,7.604659635939257
38368,8.0
38369,7.604659635939257
38370,8.0
38371,7.604659635939257
38372,7.604659635939257
38373,6.0
38374,10.0
38375,6.169292804060484
38376,7.604659635939257
38377,8.769136264661926
38378,7.000000006666666
38379,7.604659635939257
38380,7.604659635939257
38381,7.604659635939257
38382,7.604659635939257
38383,8.0
38384,8.0
38385,8.0
38386,8.0
38387,7.99999999
38388,7.604659635939257
38389,7.456571371483235
38390,6.306907586379893
38391,7.0
38392,7.498530825084865
38393,8.0
38394,7.604659635939257
38395,9.0
38396,7.604659635939257
38397,7.604659635939257
38398,10.0
38399,7.604659635939257
38400,7.604659635939257
38401,9.0
38402,5.0
38403,7.604659635939257
38404,7.604659635939257
38405,7.604659635939257
38406,7.604659635939257
38407,7.604659635939257
38408,7.604659635939257
38409,7.604659635939257
38410,7.604659635939257
38411,8.750000000625
38412,8.991006108844175
38413,7.0
38414,7.604659635939257
38415,7.604659635939257
38416,7.604659635939257
38417,7.604659635939257
38418,7.0
38419,7.604659635939257
38420,8.842105265789474
38421,8.0
38422,7.604659635939257
38423,7.604659635939257
38424,7.604659635939257
38425,7.604659635939257
38426,7.604659635939257
38427,7.604659635939257
38428,8.0
38429,8.000000007071067
38430,7.604659635939257
38431,9.0
38432,7.472135955131136
38433,7.604659635939257
38434,8.0
38435,7.604659635939257
38436,7.000000005
38437,10.0
38438,6.000000000000001
38439,7.604659635939257
38440,7.604659635939257
38441,7.604659635939257
38442,7.604659635939257
38443,7.604659635939257
38444,8.0
38445,7.604659635939257
38446,6.0
38447,7.0
38448,7.604659635939257
38449,7.604659635939257
38450,8.0
38451,7.604659635939257
38452,7.0
38453,7.604659635939257
38454,7.604659635939257
38455,7.604659635939257
38456,7.604659635939257
38457,7.604659635939257
38458,7.604659635939257
38459,4.801212994473219
38460,7.604659635939257
38461,7.604659635939257
38462,8.0
38463,7.0
38464,7.604659635939257
38465,7.604659635939257
38466,7.000000000000001
38467,7.604659635939257
38468,5.728256191946352
38469,7.0
38470,7.604659635939257
38471,7.604659635939257
38472,5.0
38473,7.999999996666667
38474,7.604659635939257
38475,7.604659635939257
38476,7.604659635939257
38477,7.604659635939257
38478,7.604659635939257
38479,7.604659635939257
38480,7.604659635939257
38481,7.604659635939257
38482,8.000000009999999
38483,6.256362146422516
38484,7.604659635939257
38485,8.0
38486,7.604659635939257
38487,7.604659635939257
38488,5.479130371610998
38489,7.604659635939257
38490,8.500000009999999
38491,5.0
38492,7.604659635939257
38493,7.000000010917646
38494,7.604659635939257
38495,7.604659635939257
38496,7.604659635939257
38497,7.604659635939257
38498,8.0
38499,8.999999995
38500,7.0
38501,1.000000018973666
38502,7.604659635939257
38503,9.0
38504,7.604659635939257
38505,7.604659635939257
38506,7.604659635939257
38507,7.604659635939257
38508,7.604659635939257
38509,7.604659635939257
38510,7.604659635939257
38511,7.604659635939257
38512,9.999999970000001
38513,7.604659635939257
38514,7.604659635939257
38515,8.0
38516,7.604659635939257
38517,7.0
38518,7.604659635939257
38519,6.000000053416407
38520,7.604659635939257
38521,6.059657363195475
38522,7.604659635939257
38523,8.0
38524,10.0
38525,9.428571427142858
38526,7.604659635939257
38527,7.604659635939257
38528,8.0
38529,8.058823528235296
38530,7.604659635939257
38531,7.604659635939257
38532,7.604659635939257
38533,8.053973134055708
38534,8.000000006666667
38535,7.604659635939257
38536,7.604659635939257
38537,8.909090906735537
38538,8.0
38539,7.604659635939257
38540,7.604659635939257
38541,7.604659635939257
38542,7.604659635939257
38543,7.604659635939257
38544,9.999999940000004
38545,7.604659635939257
38546,9.616841174436045
38547,7.604659635939257
38548,8.0
38549,7.604659635939257
38550,7.604659635939257
38551,7.604659635939257
38552,7.604659635939257
38553,7.604659635939257
38554,8.0
38555,7.604659635939257
38556,8.0
38557,7.604659635939257
38558,7.0
38559,7.0
38560,7.604659635939257
38561,7.604659635939257
38562,7.604659635939257
38563,7.604659635939257
38564,5.0
38565,7.604659635939257
38566,7.0
38567,7.604659635939257
38568,8.0
38569,7.604659635939257
38570,7.604659635939257
38571,7.604659635939257
38572,8.0
38573,7.604659635939257
38574,9.999999986666667
38575,6.000000024999999
38576,7.604659635939257
38577,7.604659635939257
38578,7.604659635939257
38579,7.604659635939257
38580,7.604659635939257
38581,9.999999996666666
38582,7.604659635939257
38583,7.0
38584,7.604659635939257
38585,7.604659635939257
38586,7.604659635939257
38587,6.9830292881944125
38588,7.604659635939257
38589,7.604659635939257
38590,9.527864044868863
38591,7.604659635939257
38592,7.604659635939257
38593,4.999999999999999
38594,7.604659635939257
38595,7.0
38596,7.0
38597,7.604659635939257
38598,5.0
38599,9.25
38600,7.604659635939257
38601,9.39252336202638
38602,8.850549212641278
38603,7.604659635939257
38604,7.604659635939257
38605,7.604659635939257
38606,7.604659635939257
38607,8.0
38608,7.604659635939257
38609,7.0
38610,6.500000000000001
38611,7.0
38612,7.604659635939257
38613,8.0
38614,6.999999998191652
38615,7.604659635939257
38616,7.604659635939257
38617,8.85714285755102
38618,7.604659635939257
38619,7.604659635939257
38620,7.604659635939257
38621,7.5453748211504745
38622,7.604659635939257
38623,7.999999996984886
38624,7.604659635939257
38625,7.604659635939257
38626,8.0
38627,7.604659635939257
38628,7.604659635939257
38629,7.604659635939257
38630,8.99999997707107
38631,7.604659635939257
38632,9.0
38633,7.0
38634,7.604659635939257
38635,8.0
38636,8.0
38637,7.604659635939257
38638,7.604659635939257
38639,7.604659635939257
38640,10.0
38641,7.604659635939257
38642,7.604659635939257
38643,7.604659635939257
38644,6.999999996
38645,8.0
38646,7.604659635939257
38647,7.604659635939257
38648,7.604659635939257
38649,7.604659635939257
38650,7.604659635939257
38651,7.604659635939257
38652,7.604659635939257
38653,6.333333334444443
38654,7.604659635939257
38655,7.604659635939257
38656,7.604659635939257
38657,7.604659635939257
38658,7.604659635939257
38659,9.369398063400238
38660,8.492207310753507
38661,7.857142859183672
38662,7.604659635939257
38663,7.604659635939257
38664,7.604659635939257
38665,7.604659635939257
38666,9.496744005621078
38667,7.0
38668,7.604659635939257
38669,8.0
38670,7.604659635939257
38671,7.604659635939257
38672,9.0
38673,9.47976415043118
38674,7.604659635939257
38675,8.0
38676,7.604659635939257
38677,7.604659635939257
38678,8.0
38679,8.0
38680,7.604659635939257
38681,7.0
38682,7.0
38683,9.0
38684,7.0
38685,8.0
38686,7.604659635939257
38687,7.604659635939257
38688,7.604659635939257
38689,8.999999975000001
38690,8.0
38691,7.604659635939257
38692,7.604659635939257
38693,9.0
38694,7.604659635939257
38695,7.604659635939257
38696,7.604659635939257
38697,7.604659635939257
38698,8.0
38699,8.0
38700,9.999999992928933
38701,4.99999998
38702,9.0
38703,9.0
38704,7.0
38705,7.604659635939257
38706,7.604659635939257
38707,8.0
38708,7.604659635939257
38709,7.604659635939257
38710,7.604659635939257
38711,7.604659635939257
38712,8.0
38713,8.0
38714,7.604659635939257
38715,7.604659635939257
38716,7.604659635939257
38717,5.666666665555555
38718,8.125000000625
38719,7.604659635939257
38720,7.0
38721,8.898275449076513
38722,7.604659635939257
38723,5.0
38724,5.000000000000001
38725,7.604659635939257
38726,7.604659635939257
38727,8.91069864956773
38728,7.604659635939257
38729,8.000000009999999
38730,7.604659635939257
38731,7.604659635939257
38732,7.604659635939257
38733,7.604659635939257
38734,7.604659635939257
38735,8.0
38736,6.9209914270435435
38737,9.999999995
38738,7.604659635939257
38739,9.0
38740,6.0
38741,7.604659635939257
38742,7.604659635939257
38743,7.428571427346938
38744,9.9999999975
38745,7.604659635939257
38746,7.0
38747,5.0
38748,7.0
38749,8.916747259234285
38750,7.604659635939257
38751,9.999999999999998
38752,7.0
38753,7.604659635939257
38754,7.604659635939257
38755,8.999999950000003
38756,7.604659635939257
38757,7.604659635939257
38758,7.604659635939257
38759,6.000000034999999
38760,7.604659635939257
38761,7.604659635939257
38762,7.666666644444445
38763,7.604659635939257
38764,7.604659635939257
38765,7.604659635939257
38766,7.604659635939257
38767,7.99999991666667
38768,10.0
38769,8.0
38770,7.604659635939257
38771,7.604659635939257
38772,7.604659635939257
38773,6.75
38774,10.0
38775,7.604659635939257
38776,8.75
38777,7.604659635939257
38778,7.604659635939257
38779,7.604659635939257
38780,7.604659635939257
38781,7.604659635939257
38782,8.0
38783,7.604659635939257
38784,7.604659635939257
38785,7.500000009267767
38786,7.604659635939257
38787,7.604659635939257
38788,8.0
38789,7.604659635939257
38790,8.0
38791,7.604659635939257
38792,7.604659635939257
38793,7.604659635939257
38794,7.604659635939257
38795,7.604659635939257
38796,4.0
38797,7.604659635939257
38798,7.604659635939257
38799,7.604659635939257
38800,7.003236501944541
38801,7.000000005
38802,7.604659635939257
38803,7.604659635939257
38804,7.604659635939257
38805,7.604659635939257
38806,8.0
38807,7.604659635939257
38808,7.982059519293116
38809,7.0000000049999995
38810,8.489656830749032
38811,7.604659635939257
38812,7.604659635939257
38813,8.0
38814,7.604659635939257
38815,7.604659635939257
38816,7.604659635939257
38817,4.999999999999999
38818,7.604659635939257
38819,7.604659635939257
38820,7.604659635939257
38821,9.999999995
38822,7.604659635939257
38823,7.604659635939257
38824,5.99999999
38825,7.604659635939257
38826,8.75
38827,7.604659635939257
38828,8.0
38829,9.0
38830,9.00000001
38831,7.604659635939257
38832,7.604659635939257
38833,7.604659635939257
38834,7.604659635939257
38835,7.604659635939257
38836,7.0
38837,7.604659635939257
38838,7.604659635939257
38839,8.0
38840,7.604659635939257
38841,7.604659635939257
38842,8.0
38843,8.618033991110574
38844,7.604659635939257
38845,9.0
38846,7.604659635939257
38847,9.999999981175446
38848,7.585786436916228
38849,7.604659635939257
38850,7.604659635939257
38851,3.0
38852,7.604659635939257
38853,7.604659635939257
38854,7.604659635939257
38855,8.0
38856,8.0
38857,10.0
38858,8.372682267511246
38859,7.604659635939257
38860,7.604659635939257
38861,8.0
38862,7.604659635939257
38863,7.604659635939257
38864,7.604659635939257
38865,9.999999986464466
38866,7.604659635939257
38867,5.0
38868,7.604659635939257
38869,7.604659635939257
38870,7.604659635939257
38871,8.0
38872,9.111069340106297
38873,7.604659635939257
38874,9.999999945000003
38875,7.604659635939257
38876,7.604659635939257
38877,9.0
38878,7.604659635939257
38879,7.604659635939257
38880,7.604659635939257
38881,7.604659635939257
38882,7.604659635939257
38883,7.604659635939257
38884,7.604659635939257
38885,7.604659635939257
38886,7.604659635939257
38887,7.604659635939257
38888,8.25
38889,7.0
38890,8.49999999375
38891,7.604659635939257
38892,7.604659635939257
38893,7.0
38894,7.604659635939257
38895,8.076923076804734
38896,9.99999998
38897,7.604659635939257
38898,7.604659635939257
38899,10.0
38900,7.604659635939257
38901,7.604659635939257
38902,7.604659635939257
38903,7.604659635939257
38904,7.604659635939257
38905,7.0
38906,8.0
38907,7.604659635939257
38908,7.604659635939257
38909,7.0
38910,7.604659635939257
38911,7.604659635939257
38912,8.0
38913,9.08794072885832
38914,9.999999986055728
38915,8.0
38916,7.604659635939257
38917,7.604659635939257
38918,7.604659635939257
38919,7.604659635939257
38920,7.604659635939257
38921,8.0
38922,7.0
38923,7.604659635939257
38924,7.604659635939257
38925,8.999999950000003
38926,7.604659635939257
38927,7.604659635939257
38928,8.0
38929,6.000000000000001
38930,7.604659635939257
38931,7.604659635939257
38932,8.339303539057983
38933,7.604659635939257
38934,7.604659635939257
38935,8.0
38936,9.999999970000001
38937,7.604659635939257
38938,7.604659635939257
38939,7.604659635939257
38940,7.604659635939257
38941,7.604659635939257
38942,7.604659635939257
38943,7.604659635939257
38944,7.604659635939257
38945,7.0
38946,7.0
38947,8.0
38948,7.604659635939257
38949,7.604659635939257
38950,7.604659635939257
38951,7.604659635939257
38952,7.0
38953,7.604659635939257
38954,7.0
38955,7.604659635939257
38956,7.604659635939257
38957,10.0
38958,10.0
38959,7.604659635939257
38960,7.604659635939257
38961,7.604659635939257
38962,7.604659635939257
38963,7.604659635939257
38964,7.604659635939257
38965,7.604659635939257
38966,7.604659635939257
38967,7.604659635939257
38968,7.604659635939257
38969,7.604659635939257
38970,7.604659635939257
38971,8.0
38972,7.604659635939257
38973,7.604659635939257
38974,7.357214151142378
38975,7.604659635939257
38976,7.604659635939257
38977,6.903370977966572
38978,7.604659635939257
38979,7.604659635939257
38980,7.604659635939257
38981,7.604659635939257
38982,6.33770533997872
38983,7.604659635939257
38984,7.0
38985,7.0
38986,7.0
38987,7.604659635939257
38988,7.604659635939257
38989,7.604659635939257
38990,7.604659635939257
38991,7.604659635939257
38992,7.604659635939257
38993,7.604659635939257
38994,7.604659635939257
38995,7.604659635939257
38996,7.604659635939257
38997,7.604659635939257
38998,7.604659635939257
38999,7.604659635939257
39000,7.604659635939257
39001,7.604659635939257
39002,7.604659635939257
39003,5.0
39004,4.999999999999999
39005,7.604659635939257
39006,5.584760424834875
39007,7.604659635939257
39008,10.0
39009,7.604659635939257
39010,8.0
39011,9.88220892060112
39012,7.604659635939257
39013,7.0
39014,7.604659635939257
39015,7.654924404711587
39016,7.499299685859509
39017,7.604659635939257
39018,6.00000001
39019,8.0
39020,8.0
39021,7.0
39022,7.604659635939257
39023,7.604659635939257
39024,7.604659635939257
39025,7.604659635939257
39026,9.0
39027,7.399999999599999
39028,7.604659635939257
39029,7.604659635939257
39030,7.000000000000001
39031,7.604659635939257
39032,7.604659635939257
39033,7.604659635939257
39034,7.251140002067838
39035,8.0
39036,7.604659635939257
39037,7.604659635939257
39038,7.604659635939257
39039,7.604659635939257
39040,7.604659635939257
39041,9.0
39042,7.604659635939257
39043,4.0
39044,7.604659635939257
39045,7.604659635939257
39046,7.604659635939257
39047,8.0
39048,6.999999999379827
39049,7.604659635939257
39050,7.0
39051,7.604659635939257
39052,8.0
39053,9.999999945439548
39054,7.604659635939257
39055,7.604659635939257
39056,7.0
39057,7.604659635939257
39058,7.604659635939257
39059,7.604659635939257
39060,7.0
39061,9.117971506876998
39062,7.604659635939257
39063,7.604659635939257
39064,7.604659635939257
39065,7.604659635939257
39066,7.604659635939257
39067,7.604659635939257
39068,7.604659635939257
39069,7.604659635939257
39070,7.604659635939257
39071,7.0
39072,9.0
39073,7.604659635939257
39074,6.500000003333333
39075,7.604659635939257
39076,7.604659635939257
39077,7.604659635939257
39078,10.0
39079,8.0
39080,9.0
39081,7.604659635939257
39082,6.356126475173772
39083,7.604659635939257
39084,7.604659635939257
39085,7.604659635939257
39086,7.604659635939257
39087,4.801378459404117
39088,9.005875793855141
39089,9.999999999999998
39090,7.604659635939257
39091,7.604659635939257
39092,7.604659635939257
39093,7.604659635939257
39094,7.25
39095,7.604659635939257
39096,7.604659635939257
39097,7.604659635939257
39098,7.604659635939257
39099,7.604659635939257
39100,7.604659635939257
39101,7.604659635939257
39102,8.759746925399858
39103,9.034926273595229
39104,5.0
39105,7.604659635939257
39106,7.604659635939257
39107,7.604659635939257
39108,9.0
39109,7.604659635939257
39110,7.604659635939257
39111,6.600000002400001
39112,9.999999956583594
39113,7.604659635939257
39114,9.000000015
39115,7.604659635939257
39116,7.604659635939257
39117,7.604659635939257
39118,7.0
39119,7.604659635939257
39120,8.0
39121,4.0
39122,7.604659635939257
39123,7.604659635939257
39124,7.604659635939257
39125,7.604659635939257
39126,9.0
39127,7.604659635939257
39128,8.0
39129,7.604659635939257
39130,7.604659635939257
39131,7.604659635939257
39132,8.0
39133,7.604659635939257
39134,7.604659635939257
39135,9.0
39136,7.604659635939257
39137,9.0
39138,7.604659635939257
39139,7.604659635939257
39140,7.604659635939257
39141,7.604659635939257
39142,7.604659635939257
39143,8.0
39144,8.0
39145,7.604659635939257
39146,6.000000003431457
39147,7.604659635939257
39148,7.604659635939257
39149,7.604659635939257
39150,7.604659635939257
39151,8.0
39152,7.604659635939257
39153,7.604659635939257
39154,7.847741186846734
39155,7.604659635939257
39156,7.604659635939257
39157,7.604659635939257
39158,7.604659635939257
39159,7.604659635939257
39160,5.000000005547002
39161,7.604659635939257
39162,7.604659635939257
39163,7.604659635939257
39164,7.604659635939257
39165,7.604659635939257
39166,7.604659635939257
39167,7.604659635939257
39168,7.604659635939257
39169,7.604659635939257
39170,7.604659635939257
39171,7.0
39172,7.604659635939257
39173,8.999999973333333
39174,7.604659635939257
39175,6.131005804997759
39176,7.604659635939257
39177,7.604659635939257
39178,7.604659635939257
39179,7.604659635939257
39180,9.000000029999999
39181,7.0
39182,5.0
39183,7.604659635939257
39184,8.0
39185,8.0
39186,7.604659635939257
39187,7.604659635939257
39188,9.0
39189,7.604659635939257
39190,8.0
39191,7.604659635939257
39192,8.0
39193,7.500000000000001
39194,9.0
39195,7.604659635939257
39196,8.36636551521979
39197,10.0
39198,7.0
39199,7.604659635939257
39200,7.000000029999999
39201,6.666666668888888
39202,7.604659635939257
39203,7.604659635939257
39204,7.0
39205,7.499999989999999
39206,8.000000029999999
39207,7.604659635939257
39208,7.604659635939257
39209,7.604659635939257
39210,10.0
39211,7.604659635939257
39212,8.155903758715004
39213,7.604659635939257
39214,7.604659635939257
39215,8.0
39216,7.604659635939257
39217,7.604659635939257
39218,7.604659635939257
39219,4.0
39220,6.728196214652337
39221,5.8423121035670915
39222,8.026844106782294
39223,7.604659635939257
39224,7.0
39225,8.0
39226,7.604659635939257
39227,7.604659635939257
39228,7.604659635939257
39229,7.604659635939257
39230,5.000000026666666
39231,7.604659635939257
39232,7.604659635939257
39233,7.604659635939257
39234,8.00000001
39235,9.0
39236,7.604659635939257
39237,7.604659635939257
39238,7.604659635939257
39239,7.604659635939257
39240,7.0
39241,7.604659635939257
39242,7.9568599921447
39243,8.0
39244,8.0
39245,9.0
39246,7.604659635939257
39247,7.604659635939257
39248,7.604659635939257
39249,7.604659635939257
39250,7.604659635939257
39251,7.604659635939257
39252,7.604659635939257
39253,7.0
39254,8.0
39255,7.604659635939257
39256,7.604659635939257
39257,7.0
39258,7.604659635939257
39259,7.583592134606593
39260,7.604659635939257
39261,7.604659635939257
39262,8.0
39263,7.604659635939257
39264,8.0
39265,7.604659635939257
39266,7.604659635939257
39267,8.00000001
39268,7.604659635939257
39269,7.604659635939257
39270,7.604659635939257
39271,8.0
39272,7.604659635939257
39273,8.0
39274,7.604659635939257
39275,6.0
39276,4.595746864546217
39277,7.604659635939257
39278,8.499999998050802
39279,8.0
39280,8.0
39281,7.0000000125
39282,7.459029062316718
39283,8.0
39284,7.604659635939257
39285,9.0
39286,7.604659635939257
39287,8.75
39288,7.604659635939257
39289,7.604659635939257
39290,7.604659635939257
39291,7.604659635939257
39292,7.604659635939257
39293,7.604659635939257
39294,7.604659635939257
39295,10.0
39296,7.9307240730022
39297,7.604659635939257
39298,7.604659635939257
39299,7.604659635939257
39300,7.604659635939257
39301,7.000000013535534
39302,7.4785797924373165
39303,7.604659635939257
39304,8.0
39305,10.0
39306,8.0
39307,7.604659635939257
39308,7.604659635939257
39309,7.117647061176471
39310,7.604659635939257
39311,7.604659635939257
39312,7.604659635939257
39313,7.604659635939257
39314,7.0
39315,7.604659635939257
39316,7.604659635939257
39317,7.604659635939257
39318,8.0
39319,7.604659635939257
39320,7.604659635939257
39321,7.604659635939257
39322,7.604659635939257
39323,7.604659635939257
39324,7.604659635939257
39325,9.333333331111112
39326,8.0
39327,8.0
39328,7.604659635939257
39329,7.604659635939257
39330,8.000000004999999
39331,9.0
39332,7.604659635939257
39333,8.500000009999999
39334,7.604659635939257
39335,7.604659635939257
39336,7.604659635939257
39337,7.0
39338,7.499999982196699
39339,6.000000059999999
39340,7.604659635939257
39341,5.0
39342,8.0
39343,7.604659635939257
39344,7.604659635939257
39345,8.0
39346,8.0
39347,8.000000009082482
39348,8.651448230638296
39349,5.282375698154075
39350,8.0
39351,7.604659635939257
39352,7.604659635939257
39353,8.0
39354,7.604659635939257
39355,7.604659635939257
39356,7.604659635939257
39357,7.604659635939257
39358,8.0
39359,7.604659635939257
39360,7.604659635939257
39361,9.0
39362,7.604659635939257
39363,8.0
39364,8.0
39365,7.0
39366,7.0
39367,7.604659635939257
39368,7.604659635939257
39369,7.604659635939257
39370,7.604659635939257
39371,9.0
39372,7.00000001
39373,8.0
39374,7.604659635939257
39375,7.604659635939257
39376,8.0
39377,7.604659635939257
39378,8.420339662027914
39379,9.999999999999998
39380,7.604659635939257
39381,7.604659635939257
39382,7.604659635939257
39383,7.604659635939257
39384,7.604659635939257
39385,7.0
39386,7.604659635939257
39387,7.604659635939257
39388,7.604659635939257
39389,7.604659635939257
39390,7.604659635939257
39391,7.0
39392,7.604659635939257
39393,7.604659635939257
39394,7.604659635939257
39395,7.000000033333333
39396,7.604659635939257
39397,7.604659635939257
39398,7.604659635939257
39399,7.604659635939257
39400,7.604659635939257
39401,7.604659635939257
39402,5.0
39403,8.0
39404,7.604659635939257
39405,7.604659635939257
39406,9.33333332888889
39407,7.604659635939257
39408,7.604659635939257
39409,9.0
39410,7.604659635939257
39411,7.604659635939257
39412,7.604659635939257
39413,7.604659635939257
39414,9.0
39415,7.604659635939257
39416,7.604659635939257
39417,8.5
39418,7.604659635939257
39419,8.769230765739644
39420,8.0
39421,7.604659635939257
39422,7.604659635939257
39423,7.604659635939257
39424,7.604659635939257
39425,7.604659635939257
39426,7.000000000000001
39427,7.604659635939257
39428,6.460277173307037
39429,8.000000005
39430,7.604659635939257
39431,7.604659635939257
39432,6.644826926446908
39433,10.0
39434,7.604659635939257
39435,6.0
39436,7.604659635939257
39437,8.999999999999998
39438,7.604659635939257
39439,7.604659635939257
39440,7.604659635939257
39441,9.999999969947963
39442,7.604659635939257
39443,9.52621598297862
39444,7.604659635939257
39445,7.944271910262271
39446,8.044106848847997
39447,7.604659635939257
39448,7.604659635939257
39449,7.604659635939257
39450,7.604659635939257
39451,7.604659635939257
39452,7.604659635939257
39453,7.604659635939257
39454,7.604659635939257
39455,5.6172177810613615
39456,7.604659635939257
39457,7.0
39458,8.000000003333334
39459,8.16227766201877
39460,8.0
39461,7.604659635939257
39462,7.604659635939257
39463,7.604659635939257
39464,7.604659635939257
39465,7.019735023653266
39466,8.0
39467,9.75
39468,7.604659635939257
39469,7.604659635939257
39470,7.0
39471,8.0
39472,8.0
39473,7.604659635939257
39474,7.604659635939257
39475,7.604659635939257
39476,6.333333335555555
39477,7.604659635939257
39478,6.0
39479,7.604659635939257
39480,7.604659635939257
39481,8.0
39482,7.0
39483,7.604659635939257
39484,7.604659635939257
39485,7.0
39486,8.0
39487,9.000000003333332
39488,8.0
39489,8.0
39490,7.604659635939257
39491,7.604659635939257
39492,7.604659635939257
39493,7.604659635939257
39494,7.604659635939257
39495,7.604659635939257
39496,7.604659635939257
39497,8.000000005
39498,7.604659635939257
39499,7.604659635939257
39500,7.604659635939257
39501,7.604659635939257
39502,7.604659635939257
39503,7.604659635939257
39504,8.999999990571911
39505,7.604659635939257
39506,7.604659635939257
39507,8.0
39508,7.604659635939257
39509,7.604659635939257
39510,8.0
39511,8.0
39512,6.500000009999999
39513,5.0
39514,7.604659635939257
39515,7.604659635939257
39516,7.0
39517,7.604659635939257
39518,7.604659635939257
39519,8.0
39520,7.604659635939257
39521,7.541080067657009
39522,7.0
39523,7.604659635939257
39524,7.604659635939257
39525,7.604659635939257
39526,7.604659635939257
39527,7.604659635939257
39528,7.604659635939257
39529,8.0
39530,7.604659635939257
39531,7.604659635939257
39532,8.218678829747239
39533,7.604659635939257
39534,7.0000000249999985
39535,7.001170845682838
39536,7.820356294829637
39537,8.0
39538,7.604659635939257
39539,7.604659635939257
39540,7.604659635939257
39541,7.604659635939257
39542,7.604659635939257
39543,10.0
39544,7.604659635939257
39545,7.604659635939257
39546,7.604659635939257
39547,9.999999999999998
39548,7.604659635939257
39549,7.604659635939257
39550,8.0
39551,7.604659635939257
39552,7.604659635939257
39553,7.604659635939257
39554,8.0
39555,7.604659635939257
39556,7.604659635939257
39557,7.604659635939257
39558,10.0
39559,7.604659635939257
39560,6.0
39561,7.604659635939257
39562,8.365429471712787
39563,9.0
39564,7.604659635939257
39565,7.604659635939257
39566,7.604659635939257
39567,7.604659635939257
39568,7.604659635939257
39569,7.604659635939257
39570,7.604659635939257
39571,7.604659635939257
39572,7.604659635939257
39573,7.000000000000001
39574,7.604659635939257
39575,7.604659635939257
39576,7.604659635939257
39577,7.604659635939257
39578,7.604659635939257
39579,9.999999950000001
39580,7.604659635939257
39581,7.604659635939257
39582,7.604659635939257
39583,7.604659635939257
39584,8.0
39585,9.0
39586,9.0
39587,7.604659635939257
39588,7.604659635939257
39589,7.604659635939257
39590,7.604659635939257
39591,7.604659635939257
39592,7.604659635939257
39593,7.604659635939257
39594,7.604659635939257
39595,7.0
39596,9.000000000000002
39597,7.604659635939257
39598,7.604659635939257
39599,7.604659635939257
39600,7.604659635939257
39601,7.604659635939257
39602,7.604659635939257
39603,7.5
39604,7.604659635939257
39605,8.0
39606,7.604659635939257
39607,7.604659635939257
39608,7.307692308757396
39609,7.604659635939257
39610,7.604659635939257
39611,8.045740655704526
39612,8.0
39613,7.604659635939257
39614,7.99999998514506
39615,7.604659635939257
39616,7.604659635939257
39617,8.0
39618,7.604659635939257
39619,7.604659635939257
39620,7.604659635939257
39621,7.500000009999999
39622,7.0
39623,7.604659635939257
39624,8.0
39625,8.0
39626,6.963870426732698
39627,7.0
39628,7.604659635939257
39629,9.0
39630,7.05983855110472
39631,7.604659635939257
39632,7.604659635939257
39633,7.604659635939257
39634,7.604659635939257
39635,8.521522186560256
39636,7.604659635939257
39637,7.604659635939257
39638,7.681450851193651
39639,7.604659635939257
39640,7.0
39641,8.194063744018905
39642,7.604659635939257
39643,7.604659635939257
39644,7.604659635939257
39645,8.0
39646,7.604659635939257
39647,8.5
39648,7.604659635939257
39649,7.604659635939257
39650,7.604659635939257
39651,7.604659635939257
39652,8.0
39653,7.604659635939257
39654,7.604659635939257
39655,4.99999999
39656,7.604659635939257
39657,7.352479752460713
39658,10.0
39659,7.604659635939257
39660,7.604659635939257
39661,7.604659635939257
39662,7.604659635939257
39663,7.0
39664,8.0
39665,8.0
39666,7.604659635939257
39667,7.142857143469387
39668,7.0
39669,7.604659635939257
39670,7.604659635939257
39671,7.604659635939257
39672,9.999999983333334
39673,7.0
39674,9.809256429943398
39675,9.9999999875
39676,8.0
39677,7.604659635939257
39678,7.604659635939257
39679,7.604659635939257
39680,7.604659635939257
39681,9.0
39682,7.604659635939257
39683,7.604659635939257
39684,8.0
39685,7.604659635939257
39686,7.604659635939257
39687,10.0
39688,7.604659635939257
39689,7.604659635939257
39690,7.604659635939257
39691,7.604659635939257
39692,7.604659635939257
39693,7.604659635939257
39694,7.604659635939257
39695,7.0
39696,7.604659635939257
39697,7.604659635939257
39698,10.0
39699,9.999999999999998
39700,7.604659635939257
39701,7.37617851176301
39702,9.999999983333334
39703,7.0
39704,7.604659635939257
39705,7.604659635939257
39706,7.604659635939257
39707,7.604659635939257
39708,7.604659635939257
39709,8.0
39710,7.604659635939257
39711,7.604659635939257
39712,7.604659635939257
39713,7.604659635939257
39714,7.000000029999999
39715,7.604659635939257
39716,7.604659635939257
39717,9.0
39718,7.604659635939257
39719,7.604659635939257
39720,7.0
39721,7.000000000000001
39722,7.604659635939257
39723,8.666666664444444
39724,7.604659635939257
39725,8.000000000000002
39726,6.75
39727,8.0
39728,7.604659635939257
39729,7.604659635939257
39730,7.604659635939257
39731,7.604659635939257
39732,7.604659635939257
39733,7.604659635939257
39734,7.604659635939257
39735,9.07142857132653
39736,8.5
39737,7.604659635939257
39738,7.604659635939257
39739,7.604659635939257
39740,7.604659635939257
39741,7.604659635939257
39742,7.604659635939257
39743,7.0
39744,7.604659635939257
39745,7.604659635939257
39746,8.0
39747,7.604659635939257
39748,7.604659635939257
39749,7.604659635939257
39750,8.000000039999998
39751,7.604659635939257
39752,7.604659635939257
39753,7.0
39754,7.604659635939257
39755,8.0
39756,7.0
39757,8.04708470497401
39758,8.0
39759,7.604659635939257
39760,7.604659635939257
39761,7.604659635939257
39762,7.000000049999999
39763,10.0
39764,7.604659635939257
39765,7.604659635939257
39766,7.604659635939257
39767,7.0
39768,7.999999975000001
39769,7.0
39770,7.604659635939257
39771,7.604659635939257
39772,8.0
39773,8.0
39774,3.0
39775,7.604659635939257
39776,7.604659635939257
39777,7.604659635939257
39778,8.0
39779,7.604659635939257
39780,7.604659635939257
39781,7.604659635939257
39782,7.604659635939257
39783,7.604659635939257
39784,7.604659635939257
39785,10.000000000000002
39786,7.604659635939257
39787,7.604659635939257
39788,9.5
39789,7.604659635939257
39790,7.604659635939257
39791,8.00000002
39792,7.604659635939257
39793,7.604659635939257
39794,7.604659635939257
39795,7.604659635939257
39796,10.0
39797,7.604659635939257
39798,7.250000001250001
39799,7.604659635939257
39800,7.604659635939257
39801,6.0
39802,10.0
39803,7.604659635939257
39804,7.604659635939257
39805,7.604659635939257
39806,7.604659635939257
39807,7.190743570282657
39808,7.604659635939257
39809,7.604659635939257
39810,8.666666662222223
39811,7.604659635939257
39812,7.604659635939257
39813,8.0
39814,6.0000000133333335
39815,7.976858925596293
39816,7.604659635939257
39817,7.604659635939257
39818,7.604659635939257
39819,7.604659635939257
39820,7.6666666744444445
39821,7.604659635939257
39822,7.0
39823,6.999999993333334
39824,7.604659635939257
39825,7.604659635939257
39826,7.604659635939257
39827,8.666666661111112
39828,7.604659635939257
39829,9.99999998
39830,7.604659635939257
39831,7.604659635939257
39832,8.0
39833,7.604659635939257
39834,7.604659635939257
39835,7.604659635939257
39836,7.604659635939257
39837,7.604659635939257
39838,9.99999996666667
39839,7.604659635939257
39840,7.604659635939257
39841,7.0
39842,7.0
39843,6.546918160377396
39844,6.0
39845,7.604659635939257
39846,7.604659635939257
39847,9.333333325555556
39848,7.604659635939257
39849,7.604659635939257
39850,7.604659635939257
39851,8.387723705817374
39852,7.0
39853,8.0
39854,8.0
39855,7.604659635939257
39856,7.604659635939257
39857,7.604659635939257
39858,7.0
39859,7.604659635939257
39860,7.604659635939257
39861,7.0
39862,6.142857143673469
39863,7.604659635939257
39864,7.604659635939257
39865,6.967273575630255
39866,7.604659635939257
39867,7.604659635939257
39868,7.604659635939257
39869,7.604659635939257
39870,7.604659635939257
39871,7.0000000049999995
39872,7.604659635939257
39873,4.999999999999999
39874,8.0
39875,8.0
39876,8.0
39877,9.0
39878,7.604659635939257
39879,7.604659635939257
39880,8.0
39881,8.000000009999999
39882,7.604659635939257
39883,8.0
39884,7.604659635939257
39885,7.604659635939257
39886,7.604659635939257
39887,7.9999999975
39888,7.604659635939257
39889,6.485847796978114
39890,7.604659635939257
39891,7.604659635939257
39892,7.604659635939257
39893,7.604659635939257
39894,9.999999999999998
39895,7.604659635939257
39896,7.604659635939257
39897,7.604659635939257
39898,6.0
39899,9.999999950000001
39900,7.604659635939257
39901,7.604659635939257
39902,7.000000015917516
39903,5.0
39904,8.999999990000001
39905,7.604659635939257
39906,8.0
39907,7.604659635939257
39908,8.0
39909,5.0
39910,8.0
39911,7.604659635939257
39912,7.604659635939257
39913,7.500000004999999
39914,7.604659635939257
39915,7.604659635939257
39916,7.604659635939257
39917,7.604659635939257
39918,7.604659635939257
39919,8.0
39920,7.604659635939257
39921,8.0
39922,7.604659635939257
39923,8.0
39924,7.604659635939257
39925,7.604659635939257
39926,8.25
39927,7.604659635939257
39928,9.0
39929,7.604659635939257
39930,9.0
39931,8.18749999890625
39932,7.604659635939257
39933,7.604659635939257
39934,10.0
39935,7.604659635939257
39936,8.0
39937,7.604659635939257
39938,7.99999999
39939,7.604659635939257
39940,7.0
39941,7.604659635939257
39942,7.604659635939257
39943,8.0
39944,6.0000000349999985
39945,6.0
39946,7.00000004
39947,7.604659635939257
39948,7.604659635939257
39949,7.604659635939257
39950,7.604659635939257
39951,7.604659635939257
39952,7.604659635939257
39953,8.0
39954,7.604659635939257
39955,7.604659635939257
39956,6.0
39957,7.604659635939257
39958,7.604659635939257
39959,7.656854252335093
39960,7.604659635939257
39961,7.604659635939257
39962,7.604659635939257
39963,7.604659635939257
39964,7.0
39965,7.442222095450372
39966,6.657626181865296
39967,7.604659635939257
39968,8.317817321430429
39969,7.536585241793441
39970,7.604659635939257
39971,8.0
39972,7.604659635939257
39973,8.999999950000003
39974,9.0
39975,7.604659635939257
39976,8.0
39977,7.0
39978,7.604659635939257
39979,7.604659635939257
39980,7.604659635939257
39981,7.604659635939257
39982,7.604659635939257
39983,7.604659635939257
39984,7.604659635939257
39985,8.0
39986,7.0
39987,8.0
39988,9.999999990000001
39989,7.604659635939257
39990,7.75000000375
39991,7.604659635939257
39992,7.604659635939257
39993,7.604659635939257
39994,7.0
39995,8.0
39996,7.000000009999999
39997,7.604659635939257
39998,7.604659635939257
39999,8.0
40000,7.604659635939257
40001,7.604659635939257
40002,8.0
40003,7.604659635939257
40004,7.604659635939257
40005,7.0
40006,8.0
40007,7.000000000000001
40008,7.604659635939257
40009,8.0
40010,9.0
40011,8.0
40012,7.604659635939257
40013,7.604659635939257
40014,7.604659635939257
40015,7.604659635939257
40016,7.604659635939257
40017,7.604659635939257
40018,7.604659635939257
40019,7.604659635939257
40020,7.999999980000002
40021,8.0
40022,7.604659635939257
40023,7.604659635939257
40024,5.0
40025,7.604659635939257
40026,7.604659635939257
40027,7.604659635939257
40028,7.0
40029,7.604659635939257
40030,7.604659635939257
40031,3.0
40032,6.838132624561458
40033,7.604659635939257
40034,7.604659635939257
40035,8.999999999999998
40036,7.604659635939257
40037,8.0
40038,7.604659635939257
40039,8.0
40040,7.000000001035533
40041,7.604659635939257
40042,7.604659635939257
40043,8.49999998625
40044,7.604659635939257
40045,7.604659635939257
40046,7.604659635939257
40047,7.604659635939257
40048,7.0
40049,8.157604238154878
40050,7.604659635939257
40051,7.604659635939257
40052,7.604659635939257
40053,7.604659635939257
40054,7.604659635939257
40055,8.0
40056,7.604659635939257
40057,7.604659635939257
40058,7.604659635939257
40059,7.604659635939257
40060,8.75
40061,6.9526214617794375
40062,7.604659635939257
40063,7.604659635939257
40064,7.604659635939257
40065,7.604659635939257
40066,7.604659635939257
40067,7.604659635939257
40068,7.604659635939257
40069,7.604659635939257
40070,7.604659635939257
40071,7.000000044999998
40072,7.604659635939257
40073,8.597474305487458
40074,7.604659635939257
40075,7.604659635939257
40076,9.25
40077,7.604659635939257
40078,7.604659635939257
40079,8.333333332222223
40080,7.604659635939257
40081,8.0
40082,8.0
40083,7.604659635939257
40084,9.454163456678119
40085,8.0
40086,7.0
40087,7.604659635939257
40088,7.604659635939257
40089,7.604659635939257
40090,7.657100701502789
40091,9.999999970000001
40092,7.604659635939257
40093,7.604659635939257
40094,7.604659635939257
40095,7.604659635939257
40096,7.604659635939257
40097,7.604659635939257
40098,7.604659635939257
40099,7.604659635939257
40100,7.604659635939257
40101,7.604659635939257
40102,7.604659635939257
40103,7.604659635939257
40104,9.0
40105,8.0
40106,7.604659635939257
40107,7.604659635939257
40108,7.604659635939257
40109,7.604659635939257
40110,7.604659635939257
40111,6.494675425129396
40112,6.666666667777778
40113,6.71428571367347
40114,8.0
40115,7.604659635939257
40116,8.0
40117,7.604659635939257
40118,7.604659635939257
40119,8.0
40120,7.604659635939257
40121,8.0
40122,7.604659635939257
40123,7.604659635939257
40124,7.604659635939257
40125,7.604659635939257
40126,7.604659635939257
40127,8.90021726845337
40128,7.604659635939257
40129,7.604659635939257
40130,7.7999999972000005
40131,7.604659635939257
40132,9.0
40133,7.604659635939257
40134,7.690983004444712
40135,7.604659635939257
40136,7.604659635939257
40137,8.0
40138,7.8000000012
40139,7.604659635939257
40140,7.604659635939257
40141,7.604659635939257
40142,7.604659635939257
40143,7.604659635939257
40144,7.604659635939257
40145,7.604659635939257
40146,6.5000000049999995
40147,7.604659635939257
40148,7.604659635939257
40149,7.500000004999999
40150,7.604659635939257
40151,7.604659635939257
40152,8.0
40153,7.604659635939257
40154,7.604659635939257
40155,7.0
40156,9.0
40157,7.604659635939257
40158,8.0
40159,7.604659635939257
40160,7.604659635939257
40161,8.0
40162,8.0
40163,7.604659635939257
40164,7.000000015841764
40165,7.604659635939257
40166,7.0
40167,7.604659635939257
40168,7.604659635939257
40169,8.0
40170,8.0
40171,7.604659635939257
40172,7.604659635939257
40173,8.0
40174,7.279889124551331
40175,7.93143694892857
40176,8.0
40177,7.604659635939257
40178,7.000000054999998
40179,8.0
40180,7.604659635939257
40181,8.0
40182,7.0
40183,7.604659635939257
40184,6.000000003922323
40185,7.604659635939257
40186,7.604659635939257
40187,6.000000001666668
40188,8.0
40189,7.0
40190,8.0
40191,7.604659635939257
40192,7.604659635939257
40193,7.604659635939257
40194,10.0
40195,7.0
40196,8.999999998038838
40197,7.604659635939257
40198,7.604659635939257
40199,7.604659635939257
40200,7.604659635939257
40201,7.604659635939257
40202,7.604659635939257
40203,9.999999880000006
40204,7.604659635939257
40205,9.0
40206,7.604659635939257
40207,9.1230173918351
40208,6.0
40209,7.604659635939257
40210,7.604659635939257
40211,7.604659635939257
40212,8.999999996666666
40213,7.0
40214,7.604659635939257
40215,6.0
40216,8.48683298054787
40217,8.0
40218,7.00000002
40219,7.604659635939257
40220,7.604659635939257
40221,7.0
40222,7.604659635939257
40223,7.604659635939257
40224,10.0
40225,7.604659635939257
40226,9.999999972928933
40227,6.666666668888888
40228,7.604659635939257
40229,7.49618320839112
40230,7.604659635939257
40231,8.999999970000001
40232,7.604659635939257
40233,7.604659635939257
40234,6.0000000149999995
40235,8.0
40236,7.604659635939257
40237,5.71955050078815
40238,8.8749999990625
40239,9.0
40240,7.604659635939257
40241,7.604659635939257
40242,7.604659635939257
40243,7.604659635939257
40244,7.604659635939257
40245,7.604659635939257
40246,7.604659635939257
40247,7.604659635939257
40248,7.0
40249,7.604659635939257
40250,7.604659635939257
40251,7.604659635939257
40252,6.0
40253,9.49999999
40254,9.75
40255,7.604659635939257
40256,7.604659635939257
40257,7.604659635939257
40258,7.0
40259,7.604659635939257
40260,8.0
40261,7.604659635939257
40262,7.604659635939257
40263,7.604659635939257
40264,7.604659635939257
40265,8.333333327777778
40266,7.604659635939257
40267,7.604659635939257
40268,7.604659635939257
40269,8.579567563492079
40270,7.604659635939257
40271,9.99999997
40272,7.0
40273,7.604659635939257
40274,7.0
40275,7.604659635939257
40276,8.0
40277,7.604659635939257
40278,7.604659635939257
40279,7.0
40280,5.000000059999999
40281,5.000000000000001
40282,7.604659635939257
40283,7.604659635939257
40284,7.604659635939257
40285,7.604659635939257
40286,7.604659635939257
40287,7.604659635939257
40288,7.604659635939257
40289,7.604659635939257
40290,8.0
40291,7.604659635939257
40292,7.604659635939257
40293,7.604659635939257
40294,7.604659635939257
40295,8.0
40296,7.604659635939257
40297,7.604659635939257
40298,7.604659635939257
40299,7.999999989461163
40300,7.604659635939257
40301,7.604659635939257
40302,7.604659635939257
40303,7.604659635939257
40304,7.604659635939257
40305,7.604659635939257
40306,7.481186348706166
40307,7.604659635939257
40308,8.0
40309,9.999999925857866
40310,7.604659635939257
40311,7.604659635939257
40312,7.604659635939257
40313,10.0
40314,7.604659635939257
40315,8.0
40316,7.604659635939257
40317,7.604659635939257
40318,7.604659635939257
40319,7.604659635939257
40320,5.42857142877551
40321,7.00000001
40322,8.0
40323,5.00000000942809
40324,7.604659635939257
40325,8.098106365391553
40326,7.999999998381653
40327,6.500000000625
40328,7.604659635939257
40329,7.604659635939257
40330,7.604659635939257
40331,7.613180914065349
40332,8.0
40333,7.604659635939257
40334,7.0
40335,8.000000015
40336,7.604659635939257
40337,7.604659635939257
40338,7.0
40339,7.604659635939257
40340,7.604659635939257
40341,7.604659635939257
40342,7.604659635939257
40343,8.0
40344,7.604659635939257
40345,7.604659635939257
40346,8.0
40347,7.560190952939086
40348,7.604659635939257
40349,7.604659635939257
40350,7.604659635939257
40351,7.604659635939257
40352,7.604659635939257
40353,7.604659635939257
40354,7.604659635939257
40355,7.604659635939257
40356,7.9999999925
40357,7.604659635939257
40358,7.5999999997171575
40359,6.9999999850000005
40360,8.0
40361,7.604659635939257
40362,7.604659635939257
40363,7.604659635939257
40364,7.604659635939257
40365,8.0
40366,8.758291073400763
40367,8.0
40368,7.604659635939257
40369,7.604659635939257
40370,7.604659635939257
40371,7.604659635939257
40372,7.0
40373,7.604659635939257
40374,7.604659635939257
40375,7.604659635939257
40376,7.0
40377,8.713896112833067
40378,7.604659635939257
40379,8.0
40380,7.604659635939257
40381,8.999999982071069
40382,7.604659635939257
40383,7.604659635939257
40384,8.0
40385,7.604659635939257
40386,7.604659635939257
40387,7.0
40388,7.604659635939257
40389,9.0
40390,8.0
40391,9.0
40392,8.0
40393,10.0
40394,7.604659635939257
40395,7.604659635939257
40396,10.0
40397,7.604659635939257
40398,7.604659635939257
40399,7.604659635939257
40400,7.604659635939257
40401,6.0
40402,10.0
40403,7.604659635939257
40404,7.604659635939257
40405,9.999999996666666
40406,9.999999968988998
40407,7.604659635939257
40408,7.604659635939257
40409,7.999999996666666
40410,7.604659635939257
40411,6.0
40412,7.604659635939257
40413,7.604659635939257
40414,8.571428571632651
40415,9.9999999775
40416,7.0
40417,5.0
40418,7.604659635939257
40419,8.49999996
40420,8.0
40421,8.0
40422,7.604659635939257
40423,8.999999999999998
40424,7.604659635939257
40425,8.0
40426,7.604659635939257
40427,8.0
40428,7.604659635939257
40429,7.604659635939257
40430,7.000000000000001
40431,7.604659635939257
40432,8.0
40433,7.0
40434,7.604659635939257
40435,7.0
40436,7.604659635939257
40437,7.604659635939257
40438,7.604659635939257
40439,7.604659635939257
40440,7.604659635939257
40441,7.604659635939257
40442,7.604659635939257
40443,7.604659635939257
40444,7.604659635939257
40445,7.604659635939257
40446,7.604659635939257
40447,7.604659635939257
40448,7.604659635939257
40449,7.604659635939257
40450,7.604659635939257
40451,7.604659635939257
40452,8.0
40453,7.604659635939257
40454,7.120561135601524
40455,7.832336261598382
40456,7.604659635939257
40457,9.999999999999998
40458,7.604659635939257
40459,7.604659635939257
40460,7.604659635939257
40461,7.604659635939257
40462,7.9999999950000005
40463,7.0
40464,7.604659635939257
40465,7.604659635939257
40466,7.604659635939257
40467,8.0
40468,7.604659635939257
40469,7.604659635939257
40470,9.25
40471,7.000000000000001
40472,8.0
40473,7.604659635939257
40474,7.604659635939257
40475,8.016434622307354
40476,4.0
40477,7.604659635939257
40478,7.604659635939257
40479,7.604659635939257
40480,7.604659635939257
40481,7.604659635939257
40482,7.604659635939257
40483,7.0
40484,8.0
40485,8.0
40486,7.604659635939257
40487,7.604659635939257
40488,7.604659635939257
40489,8.0
40490,7.666666664444445
40491,7.604659635939257
40492,5.0
40493,7.604659635939257
40494,7.604659635939257
40495,7.604659635939257
40496,7.0
40497,7.604659635939257
40498,7.604659635939257
40499,8.0
40500,10.0
40501,7.604659635939257
40502,7.604659635939257
40503,8.0
40504,6.99999997
40505,5.000000002357022
40506,7.0
40507,7.604659635939257
40508,7.604659635939257
40509,7.604659635939257
40510,7.000000009999999
40511,7.604659635939257
40512,7.604659635939257
40513,7.604659635939257
40514,8.0
40515,6.0
40516,7.604659635939257
40517,7.604659635939257
40518,7.604659635939257
40519,7.000000009999999
40520,7.604659635939257
40521,7.604659635939257
40522,7.604659635939257
40523,7.604659635939257
40524,7.0
40525,7.604659635939257
40526,7.604659635939257
40527,7.604659635939257
40528,7.604659635939257
40529,7.604659635939257
40530,7.604659635939257
40531,7.604659635939257
40532,7.604659635939257
40533,9.414213562783406
40534,7.604659635939257
40535,8.333333335555556
40536,10.0
40537,9.0
40538,7.604659635939257
40539,7.795685996967016
40540,7.604659635939257
40541,10.0
40542,7.604659635939257
40543,7.604659635939257
40544,9.0
40545,10.0
40546,7.604659635939257
40547,5.0
40548,7.604659635939257
40549,8.0
40550,7.0
40551,7.604659635939257
40552,7.604659635939257
40553,7.604659635939257
40554,9.0
40555,8.999999990000001
40556,7.604659635939257
40557,7.604659635939257
40558,7.604659635939257
40559,7.000000016035534
40560,7.604659635939257
40561,9.75
40562,7.604659635939257
40563,7.604659635939257
40564,8.0
40565,7.604659635939257
40566,8.200000000800001
40567,8.0
40568,7.604659635939257
40569,7.604659635939257
40570,7.604659635939257
40571,7.604659635939257
40572,6.088421440526177
40573,7.0
40574,7.604659635939257
40575,7.604659635939257
40576,7.604659635939257
40577,7.604659635939257
40578,7.604659635939257
40579,9.0
40580,8.000000002132007
40581,8.0
40582,8.999999958779647
40583,7.0
40584,8.166666667777777
40585,7.604659635939257
40586,7.604659635939257
40587,7.604659635939257
40588,7.604659635939257
40589,7.604659635939257
40590,9.348331477883097
40591,7.604659635939257
40592,7.604659635939257
40593,7.604659635939257
40594,8.0
40595,7.604659635939257
40596,7.0
40597,7.604659635939257
40598,7.604659635939257
40599,7.604659635939257
40600,7.604659635939257
40601,7.604659635939257
40602,8.000000009999999
40603,6.000000005345225
40604,8.0
40605,7.604659635939257
40606,8.0
40607,7.604659635939257
40608,7.604659635939257
40609,7.5
40610,7.604659635939257
40611,7.0663258171636505
40612,7.604659635939257
40613,7.604659635939257
40614,7.604659635939257
40615,7.604659635939257
40616,7.604659635939257
40617,8.0
40618,8.0
40619,8.0
40620,7.604659635939257
40621,7.604659635939257
40622,8.999999972928935
40623,7.604659635939257
40624,7.580538747560372
40625,7.0
40626,5.0
40627,8.0
40628,8.999999965
40629,7.604659635939257
40630,7.833333334444444
40631,8.829236489663314
40632,8.0
40633,7.604659635939257
40634,7.604659635939257
40635,6.8000000008
40636,7.604659635939257
40637,8.0
40638,8.0
40639,7.604659635939257
40640,7.5327485829060965
40641,7.604659635939257
40642,4.661443629483486
40643,7.604659635939257
40644,8.0
40645,7.604659635939257
40646,8.618057370236555
40647,7.604659635939257
40648,7.604659635939257
40649,7.604659635939257
40650,7.00000002
40651,7.604659635939257
40652,7.604659635939257
40653,7.0
40654,7.604659635939257
40655,7.604659635939257
40656,7.604659635939257
40657,7.604659635939257
40658,7.604659635939257
40659,7.604659635939257
40660,6.1782129004807205
40661,7.604659635939257
40662,7.604659635939257
40663,7.998109021993213
40664,7.604659635939257
40665,7.604659635939257
40666,7.604659635939257
40667,8.0
40668,7.604659635939257
40669,9.999999999999998
40670,8.9999999825
40671,7.604659635939257
40672,7.604659635939257
40673,7.604659635939257
40674,7.604659635939257
40675,7.999999983977995
40676,7.604659635939257
40677,6.666666666666666
40678,7.604659635939257
40679,7.604659635939257
40680,7.604659635939257
40681,7.604659635939257
40682,7.604659635939257
40683,7.604659635939257
40684,8.337943240600342
40685,7.604659635939257
40686,7.604659635939257
40687,6.198780269151411
40688,7.604659635939257
40689,7.604659635939257
40690,7.604659635939257
40691,7.804679444063947
40692,7.999999960000002
40693,8.0
40694,7.0
40695,7.0
40696,7.604659635939257
40697,8.0
40698,7.0
40699,7.800207921120099
40700,7.604659635939257
40701,5.999999910000003
40702,7.604659635939257
40703,9.2105263166482
40704,7.6666666744444445
40705,7.604659635939257
40706,7.604659635939257
40707,7.604659635939257
40708,7.604659635939257
40709,9.321731160414956
40710,7.604659635939257
40711,7.604659635939257
40712,10.0
40713,7.604659635939257
40714,7.604659635939257
40715,7.604659635939257
40716,7.604659635939257
40717,8.0
40718,7.604659635939257
40719,7.604659635939257
40720,8.0
40721,7.604659635939257
40722,7.888888888148147
40723,8.666666664444444
40724,7.604659635939257
40725,7.604659635939257
40726,7.604659635939257
40727,7.604659635939257
40728,7.604659635939257
40729,7.0
40730,8.169520848031626
40731,7.604659635939257
40732,3.0
40733,7.604659635939257
40734,7.604659635939257
40735,7.604659635939257
40736,7.604659635939257
40737,6.714285713061223
40738,7.604659635939257
40739,7.604659635939257
40740,7.604659635939257
40741,7.604659635939257
40742,7.604659635939257
40743,8.0
40744,8.999999999999998
40745,7.5
40746,7.0
40747,7.604659635939257
40748,7.604659635939257
40749,8.999999970000001
40750,5.000000119999996
40751,7.604659635939257
40752,8.000000000000002
40753,7.604659635939257
40754,7.604659635939257
40755,7.604659635939257
40756,7.604659635939257
40757,7.604659635939257
40758,4.000000069999998
40759,7.604659635939257
40760,5.0000000157896425
40761,8.0
40762,7.604659635939257
40763,7.604659635939257
40764,7.604659635939257
40765,7.604659635939257
40766,7.604659635939257
40767,7.604659635939257
40768,7.604659635939257
40769,7.604659635939257
40770,7.604659635939257
40771,7.604659635939257
40772,7.604659635939257
40773,9.0
40774,7.604659635939257
40775,9.0
40776,7.604659635939257
40777,5.999999970000001
40778,7.604659635939257
40779,7.0
40780,7.604659635939257
40781,10.0
40782,7.604659635939257
40783,7.604659635939257
40784,7.604659635939257
40785,9.0
40786,7.604659635939257
40787,7.604659635939257
40788,7.604659635939257
40789,8.0
40790,8.0
40791,7.604659635939257
40792,7.604659635939257
40793,7.604659635939257
40794,7.604659635939257
40795,7.604659635939257
40796,7.604659635939257
40797,7.604659635939257
40798,8.0
40799,6.972770479671486
40800,7.604659635939257
40801,7.604659635939257
40802,7.604659635939257
40803,7.604659635939257
40804,8.5
40805,8.000000001547006
40806,7.604659635939257
40807,7.604659635939257
40808,7.604659635939257
40809,7.604659635939257
40810,9.25
40811,8.0
40812,5.0
40813,8.0
40814,9.999999970000001
40815,7.604659635939257
40816,7.604659635939257
40817,7.604659635939257
40818,7.604659635939257
40819,8.0
40820,9.999999975000001
40821,10.0
40822,7.604659635939257
40823,10.0
40824,7.604659635939257
40825,7.0
40826,7.227274066494962
40827,8.999999995
40828,8.0
40829,7.604659635939257
40830,7.604659635939257
40831,7.604659635939257
40832,10.0
40833,8.999999999999998
40834,7.604659635939257
40835,10.0
40836,8.500000004583333
40837,7.604659635939257
40838,7.000000003897865
40839,7.604659635939257
40840,7.604659635939257
40841,8.0
40842,9.0
40843,7.604659635939257
40844,8.0
40845,8.0
40846,7.604659635939257
40847,7.0
40848,7.604659635939257
40849,3.0
40850,7.604659635939257
40851,7.604659635939257
40852,7.0
40853,7.604659635939257
40854,7.604659635939257
40855,6.999999993675445
40856,5.00000003
40857,9.0
40858,8.999999930000001
40859,7.604659635939257
40860,7.604659635939257
40861,7.604659635939257
40862,8.0
40863,7.000000003333334
40864,7.604659635939257
40865,7.604659635939257
40866,8.999999990000001
40867,7.604659635939257
40868,7.604659635939257
40869,7.604659635939257
40870,8.0
40871,7.604659635939257
40872,8.999999985513169
40873,7.999999970000001
40874,7.604659635939257
40875,8.0
40876,6.999999999999999
40877,7.604659635939257
40878,7.604659635939257
40879,8.0
40880,7.604659635939257
40881,7.604659635939257
40882,7.604659635939257
40883,7.604659635939257
40884,5.74264068925132
40885,7.604659635939257
40886,10.0
40887,7.604659635939257
40888,6.999999999999999
40889,7.604659635939257
40890,8.0
40891,7.604659635939257
40892,7.604659635939257
40893,8.0
40894,7.0
40895,7.0
40896,7.604659635939257
40897,7.0
40898,7.604659635939257
40899,7.604659635939257
40900,7.604659635939257
40901,7.0
40902,7.604659635939257
40903,6.333333338888889
40904,7.604659635939257
40905,8.0
40906,7.604659635939257
40907,7.604659635939257
40908,6.999999997226498
40909,8.0
40910,7.99999999
40911,9.0
40912,8.0
40913,7.604659635939257
40914,7.604659635939257
40915,7.604659635939257
40916,7.604659635939257
40917,10.0
40918,7.604659635939257
40919,7.604659635939257
40920,7.604659635939257
40921,7.604659635939257
40922,7.604659635939257
40923,8.0
40924,7.604659635939257
40925,8.0
40926,7.604659635939257
40927,7.604659635939257
40928,8.0
40929,8.0
40930,7.604659635939257
40931,7.604659635939257
40932,6.0
40933,7.604659635939257
40934,8.0
40935,7.604659635939257
40936,6.198804919287321
40937,9.0
40938,7.604659635939257
40939,7.604659635939257
40940,9.0
40941,7.604659635939257
40942,9.999999970566245
40943,8.0
40944,7.604659635939257
40945,7.604659635939257
40946,8.663261841560464
40947,7.604659635939257
40948,6.700745814005584
40949,8.0
40950,7.57887197060004
40951,6.0
40952,8.0
40953,7.604659635939257
40954,7.604659635939257
40955,7.604659635939257
40956,7.604659635939257
40957,7.604659635939257
40958,7.604659635939257
40959,7.604659635939257
40960,5.0
40961,7.604659635939257
40962,7.604659635939257
40963,7.604659635939257
40964,8.0
40965,6.0
40966,7.604659635939257
40967,7.604659635939257
40968,7.604659635939257
40969,7.604659635939257
40970,7.604659635939257
40971,7.604659635939257
40972,7.604659635939257
40973,7.604659635939257
40974,7.604659635939257
40975,7.604659635939257
40976,7.604659635939257
40977,8.0
40978,7.604659635939257
40979,7.604659635939257
40980,9.285714285510204
40981,8.0
40982,7.604659635939257
40983,7.604659635939257
40984,10.0
40985,7.604659635939257
40986,8.0
40987,7.604659635939257
40988,7.604659635939257
40989,7.0
40990,10.000000000000002
40991,7.0
40992,7.604659635939257
40993,7.0
40994,7.604659635939257
40995,7.604659635939257
40996,7.604659635939257
40997,7.000000000000002
40998,7.604659635939257
40999,7.0
41000,9.199290400215503
41001,7.604659635939257
41002,7.604659635939257
41003,7.604659635939257
41004,7.604659635939257
41005,7.604659635939257
41006,7.678321701261645
41007,7.604659635939257
41008,4.999999999999999
41009,7.604659635939257
41010,8.0
41011,8.0
41012,7.604659635939257
41013,6.0
41014,7.604659635939257
41015,7.580178727879394
41016,7.604659635939257
41017,7.604659635939257
41018,7.604659635939257
41019,7.604659635939257
41020,5.0
41021,7.604659635939257
41022,8.0
41023,8.0
41024,8.0
41025,7.604659635939257
41026,8.0
41027,7.604659635939257
41028,7.604659635939257
41029,7.0
41030,7.94410857286564
41031,8.0
41032,7.604659635939257
41033,7.604659635939257
41034,7.604659635939257
41035,7.604659635939257
41036,7.604659635939257
41037,7.604659635939257
41038,7.604659635939257
41039,7.604659635939257
41040,7.231253196264647
41041,7.604659635939257
41042,10.0
41043,8.0
41044,7.604659635939257
41045,7.604659635939257
41046,7.604659635939257
41047,9.0
41048,7.0
41049,7.604659635939257
41050,8.0
41051,8.0
41052,7.604659635939257
41053,7.604659635939257
41054,6.600000002400001
41055,7.604659635939257
41056,7.604659635939257
41057,7.0
41058,7.604659635939257
41059,7.604659635939257
41060,8.999999940000004
41061,7.604659635939257
41062,8.0
41063,7.604659635939257
41064,8.0
41065,10.0
41066,9.99999998
41067,7.604659635939257
41068,7.604659635939257
41069,7.604659635939257
41070,7.222622010282961
41071,8.0
41072,7.604659635939257
41073,7.604659635939257
41074,7.604659635939257
41075,9.0
41076,7.604659635939257
41077,7.000000001335972
41078,7.604659635939257
41079,9.99999999
41080,8.0
41081,7.0
41082,7.000000005
41083,7.0
41084,7.604659635939257
41085,7.604659635939257
41086,7.0
41087,7.604659635939257
41088,7.604659635939257
41089,7.604659635939257
41090,7.666666667777778
41091,8.499999999285714
41092,7.604659635939257
41093,7.604659635939257
41094,6.000000000000001
41095,8.0
41096,7.604659635939257
41097,6.585255389695525
41098,7.604659635939257
41099,7.604659635939257
41100,7.604659635939257
41101,10.0
41102,6.999999999999999
41103,8.99999996719944
41104,7.604659635939257
41105,7.604659635939257
41106,7.604659635939257
41107,8.0
41108,8.0
41109,8.0
41110,7.604659635939257
41111,7.604659635939257
41112,7.604659635939257
41113,8.648572462822088
41114,9.0
41115,7.604659635939257
41116,7.604659635939257
41117,7.604659635939257
41118,7.604659635939257
41119,7.0
41120,7.604659635939257
41121,7.604659635939257
41122,7.604659635939257
41123,8.0
41124,7.000000000000001
41125,7.604659635939257
41126,8.999999990000003
41127,8.0
41128,7.604659635939257
41129,7.604659635939257
41130,7.604659635939257
41131,8.0
41132,8.0
41133,7.604659635939257
41134,7.604659635939257
41135,7.604659635939257
41136,7.604659635939257
41137,8.0
41138,8.0
41139,7.604659635939257
41140,7.604659635939257
41141,7.604659635939257
41142,7.604659635939257
41143,7.604659635939257
41144,8.0
41145,7.604659635939257
41146,7.604659635939257
41147,7.640754483661757
41148,9.0
41149,8.0
41150,8.0
41151,8.0
41152,7.0
41153,8.0
41154,7.604659635939257
41155,1.0
41156,7.604659635939257
41157,7.604659635939257
41158,7.0
41159,7.604659635939257
41160,7.333333332222222
41161,7.604659635939257
41162,6.656002854800678
41163,7.604659635939257
41164,7.604659635939257
41165,8.999999970000001
41166,7.604659635939257
41167,8.0
41168,7.5993983685514515
41169,7.604659635939257
41170,7.604659635939257
41171,7.604659635939257
41172,8.0
41173,7.604659635939257
41174,7.604659635939257
41175,7.604659635939257
41176,10.0
41177,7.604659635939257
41178,8.75
41179,3.5
41180,7.604659635939257
41181,9.0
41182,7.604659635939257
41183,6.947793477998326
41184,7.604659635939257
41185,8.0
41186,7.0000000004289324
41187,7.604659635939257
41188,7.604659635939257
41189,7.604659635939257
41190,7.000000049999998
41191,7.604659635939257
41192,7.604659635939257
41193,7.604659635939257
41194,7.604659635939257
41195,8.0
41196,7.0
41197,8.0
41198,6.999999999999999
41199,7.604659635939257
41200,7.604659635939257
41201,8.335213019566785
41202,7.604659635939257
41203,7.604659635939257
41204,9.0
41205,10.0
41206,7.0000000246291
41207,7.0
41208,7.604659635939257
41209,8.152476728349782
41210,8.0
41211,8.9999999975
41212,8.0
41213,7.604659635939257
41214,5.00000003
41215,7.604659635939257
41216,7.604659635939257
41217,7.604659635939257
41218,9.999999999999998
41219,7.604659635939257
41220,8.0
41221,7.604659635939257
41222,7.604659635939257
41223,7.604659635939257
41224,7.604659635939257
41225,7.604659635939257
41226,7.604659635939257
41227,7.604659635939257
41228,8.0
41229,8.999999996666666
41230,7.604659635939257
41231,7.604659635939257
41232,7.604659635939257
41233,9.763174424807499
41234,7.604659635939257
41235,7.0
41236,7.604659635939257
41237,7.604659635939257
41238,9.585786436916226
41239,7.0
41240,7.604659635939257
41241,7.604659635939257
41242,7.0
41243,7.604659635939257
41244,7.604659635939257
41245,7.604659635939257
41246,7.604659635939257
41247,7.604659635939257
41248,7.604659635939257
41249,7.604659635939257
41250,7.604659635939257
41251,7.604659635939257
41252,6.985927868835063
41253,7.0
41254,9.0
41255,7.604659635939257
41256,7.604659635939257
41257,7.604659635939257
41258,7.604659635939257
41259,7.604659635939257
41260,7.0
41261,7.604659635939257
41262,7.604659635939257
41263,9.00000001
41264,6.9029031907752785
41265,7.604659635939257
41266,7.000000000000002
41267,7.604659635939257
41268,7.604659635939257
41269,7.604659635939257
41270,8.0
41271,7.604659635939257
41272,7.604659635939257
41273,7.604659635939257
41274,8.0
41275,9.0
41276,7.604659635939257
41277,10.0
41278,8.728520230864962
41279,7.604659635939257
41280,8.0
41281,7.604659635939257
41282,7.604659635939257
41283,8.0
41284,9.0
41285,7.604659635939257
41286,8.0
41287,7.604659635939257
41288,7.604659635939257
41289,7.604659635939257
41290,7.565805038730936
41291,7.604659635939257
41292,7.0
41293,7.604659635939257
41294,8.348915261848708
41295,8.0
41296,7.604659635939257
41297,7.604659635939257
41298,7.0
41299,7.604659635939257
41300,7.604659635939257
41301,7.604659635939257
41302,7.604659635939257
41303,7.604659635939257
41304,7.604659635939257
41305,7.604659635939257
41306,7.604659635939257
41307,7.604659635939257
41308,8.0
41309,7.604659635939257
41310,7.604659635939257
41311,7.604659635939257
41312,7.604659635939257
41313,7.604659635939257
41314,7.604659635939257
41315,7.604659635939257
41316,4.000000029805807
41317,7.604659635939257
41318,7.604659635939257
41319,7.604659635939257
41320,6.902406851427262
41321,8.0
41322,7.0
41323,7.604659635939257
41324,7.604659635939257
41325,7.604659635939257
41326,7.9999999878934505
41327,7.604659635939257
41328,7.604659635939257
41329,7.4982485774144
41330,8.190743570282658
41331,8.315134191090339
41332,7.604659635939257
41333,6.0
41334,7.604659635939257
41335,7.604659635939257
41336,7.604659635939257
41337,7.604659635939257
41338,4.0
41339,7.604659635939257
41340,8.0
41341,9.000000003015113
41342,7.604659635939257
41343,8.0
41344,6.402378651154498
41345,7.604659635939257
41346,7.604659635939257
41347,7.604659635939257
41348,8.0
41349,7.604659635939257
41350,7.604659635939257
41351,7.604659635939257
41352,7.604659635939257
41353,9.0
41354,8.0
41355,10.0
41356,7.604659635939257
41357,7.604659635939257
41358,8.000000003170769
41359,7.604659635939257
41360,7.604659635939257
41361,9.0
41362,7.604659635939257
41363,7.604659635939257
41364,8.246757427658137
41365,7.0
41366,8.0
41367,7.604659635939257
41368,10.0
41369,9.999999999999998
41370,7.604659635939257
41371,7.0
41372,7.604659635939257
41373,7.604659635939257
41374,8.0
41375,7.604659635939257
41376,7.604659635939257
41377,7.604659635939257
41378,9.0
41379,7.604659635939257
41380,7.604659635939257
41381,7.604659635939257
41382,7.604659635939257
41383,5.4270509833218705
41384,8.857142856326531
41385,9.999999960760507
41386,8.74999999875
41387,7.604659635939257
41388,7.0
41389,9.000000004999999
41390,8.407645068947302
41391,7.604659635939257
41392,10.0
41393,7.0
41394,8.0
41395,7.0
41396,9.0
41397,8.0
41398,7.499999993069018
41399,8.0
41400,7.604659635939257
41401,7.604659635939257
41402,6.0
41403,7.604659635939257
41404,7.000000000000001
41405,5.000000039082482
41406,8.70710678143781
41407,7.604659635939257
41408,7.0
41409,7.604659635939257
41410,8.0
41411,7.604659635939257
41412,8.0
41413,7.604659635939257
41414,8.0
41415,7.604659635939257
41416,7.604659635939257
41417,7.604659635939257
41418,7.604659635939257
41419,7.604659635939257
41420,7.604659635939257
41421,8.0
41422,6.999999999999999
41423,9.504122268413026
41424,7.604659635939257
41425,5.0
41426,7.604659635939257
41427,7.604659635939257
41428,7.604659635939257
41429,7.604659635939257
41430,7.0
41431,7.0
41432,7.604659635939257
41433,7.604659635939257
41434,9.0
41435,7.604659635939257
41436,8.0
41437,7.604659635939257
41438,7.604659635939257
41439,8.999999981583592
41440,7.604659635939257
41441,7.604659635939257
41442,7.999999975000001
41443,9.0
41444,7.0
41445,9.0
41446,9.999999985785015
41447,2.0
41448,7.0
41449,7.346938774477301
41450,7.604659635939257
41451,7.604659635939257
41452,7.604659635939257
41453,7.604659635939257
41454,4.999999999999999
41455,7.604659635939257
41456,7.604659635939257
41457,8.0
41458,7.604659635939257
41459,7.604659635939257
41460,7.604659635939257
41461,7.604659635939257
41462,3.0000000246666665
41463,7.604659635939257
41464,10.0
41465,7.604659635939257
41466,7.604659635939257
41467,7.604659635939257
41468,7.604659635939257
41469,7.604659635939257
41470,7.604659635939257
41471,6.999999999999999
41472,7.0
41473,8.0
41474,8.0514110470021
41475,8.999999998787322
41476,7.604659635939257
41477,7.604659635939257
41478,7.604659635939257
41479,7.386625502896519
41480,8.0
41481,8.0
41482,7.604659635939257
41483,7.857142856530611
41484,7.604659635939257
41485,7.604659635939257
41486,7.604659635939257
41487,7.604659635939257
41488,8.0
41489,7.604659635939257
41490,8.0
41491,8.026011817578551
41492,7.604659635939257
41493,7.200000001199999
41494,7.604659635939257
41495,7.604659635939257
41496,7.604659635939257
41497,9.0
41498,7.604659635939257
41499,8.0
41500,7.604659635939257
41501,7.604659635939257
41502,7.604659635939257
41503,8.0
41504,9.999999990000003
41505,7.604659635939257
41506,7.604659635939257
41507,7.604659635939257
41508,7.604659635939257
41509,8.0
41510,7.604659635939257
41511,10.0
41512,8.0
41513,7.604659635939257
41514,7.604659635939257
41515,7.000000009999999
41516,7.333333337777778
41517,9.00000001
41518,9.0
41519,7.604659635939257
41520,7.604659635939257
41521,7.604659635939257
41522,7.604659635939257
41523,7.604659635939257
41524,7.604659635939257
41525,7.604659635939257
41526,7.604659635939257
41527,7.604659635939257
41528,10.000000000000002
41529,9.0
41530,7.604659635939257
41531,8.0
41532,7.0
41533,7.604659635939257
41534,7.604659635939257
41535,7.604659635939257
41536,8.0
41537,8.0
41538,8.000000019717776
41539,7.604659635939257
41540,7.604659635939257
41541,7.604659635939257
41542,7.604659635939257
41543,5.0
41544,8.0
41545,8.0
41546,8.0
41547,7.604659635939257
41548,7.604659635939257
41549,7.604659635939257
41550,8.0
41551,7.604659635939257
41552,7.604659635939257
41553,7.604659635939257
41554,7.604659635939257
41555,7.604659635939257
41556,7.604659635939257
41557,7.604659635939257
41558,7.604659635939257
41559,7.604659635939257
41560,7.604659635939257
41561,7.604659635939257
41562,7.604659635939257
41563,8.7588284777501
41564,8.0
41565,8.0
41566,10.0
41567,7.604659635939257
41568,7.604659635939257
41569,7.0
41570,7.604659635939257
41571,7.604659635939257
41572,7.604659635939257
41573,7.604659635939257
41574,7.604659635939257
41575,7.0
41576,7.604659635939257
41577,8.5
41578,7.0
41579,7.604659635939257
41580,7.604659635939257
41581,8.799999999799999
41582,7.604659635939257
41583,8.635347507467253
41584,9.0
41585,9.391975243932562
41586,8.0
41587,7.604659635939257
41588,7.604659635939257
41589,3.0
41590,6.7999999988
41591,7.604659635939257
41592,7.604659635939257
41593,9.0
41594,7.604659635939257
41595,7.604659635939257
41596,7.0
41597,8.0
41598,7.000000000000001
41599,8.0
41600,7.604659635939257
41601,7.604659635939257
41602,7.604659635939257
41603,7.604659635939257
41604,7.604659635939257
41605,8.0
41606,7.604659635939257
41607,8.0
41608,7.604659635939257
41609,7.604659635939257
41610,7.604659635939257
41611,10.0
41612,7.604659635939257
41613,7.604659635939257
41614,7.0
41615,7.604659635939257
41616,8.50000000125
41617,5.000000016666666
41618,8.0
41619,5.0
41620,7.99999999
41621,7.604659635939257
41622,8.0
41623,7.604659635939257
41624,7.604659635939257
41625,5.0
41626,7.604659635939257
41627,9.999999940000004
41628,7.604659635939257
41629,7.604659635939257
41630,7.591424654239971
41631,7.604659635939257
41632,8.0
41633,7.0
41634,7.6000000016
41635,9.458373629617142
41636,7.604659635939257
41637,7.000000014999999
41638,7.604659635939257
41639,9.999999999999998
41640,7.0
41641,7.604659635939257
41642,7.5
41643,7.604659635939257
41644,7.0
41645,7.604659635939257
41646,7.604659635939257
41647,8.0
41648,7.604659635939257
41649,6.00000003
41650,10.0
41651,7.604659635939257
41652,8.0
41653,7.604659635939257
41654,7.604659635939257
41655,8.0
41656,7.604659635939257
41657,7.604659635939257
41658,7.604659635939257
41659,7.604659635939257
41660,7.604659635939257
41661,7.604659635939257
41662,7.604659635939257
41663,7.604659635939257
41664,8.0
41665,7.604659635939257
41666,7.0
41667,7.604659635939257
41668,7.604659635939257
41669,7.604659635939257
41670,8.233922660194555
41671,8.0
41672,8.0
41673,8.599837997162545
41674,7.604659635939257
41675,7.604659635939257
41676,7.604659635939257
41677,7.604659635939257
41678,7.604659635939257
41679,7.604659635939257
41680,8.5
41681,7.604659635939257
41682,7.604659635939257
41683,7.604659635939257
41684,5.000000099999998
41685,7.604659635939257
41686,8.0
41687,7.0
41688,5.0
41689,7.604659635939257
41690,7.604659635939257
41691,7.823529410588235
41692,5.0
41693,7.604659635939257
41694,7.604659635939257
41695,7.604659635939257
41696,9.499999984999999
41697,7.604659635939257
41698,7.604659635939257
41699,7.604659635939257
41700,7.604659635939257
41701,7.0
41702,8.75
41703,7.604659635939257
41704,7.000000024142135
41705,7.604659635939257
41706,7.604659635939257
41707,7.604659635939257
41708,8.544776532755762
41709,7.604659635939257
41710,8.0
41711,7.604659635939257
41712,7.604659635939257
41713,7.604659635939257
41714,8.000000005
41715,7.604659635939257
41716,7.604659635939257
41717,7.604659635939257
41718,7.604659635939257
41719,9.999999999999998
41720,7.604659635939257
41721,5.0
41722,7.604659635939257
41723,7.604659635939257
41724,10.0
41725,7.0
41726,7.604659635939257
41727,7.604659635939257
41728,7.604659635939257
41729,7.604659635939257
41730,7.604659635939257
41731,7.604659635939257
41732,7.604659635939257
41733,7.604659635939257
41734,7.0
41735,7.604659635939257
41736,7.999999997826087
41737,6.000000039999998
41738,7.604659635939257
41739,8.0
41740,7.604659635939257
41741,7.604659635939257
41742,7.604659635939257
41743,7.604659635939257
41744,7.604659635939257
41745,6.0
41746,8.5
41747,7.604659635939257
41748,8.999999988055134
41749,5.258951475634025
41750,7.604659635939257
41751,7.604659635939257
41752,7.604659635939257
41753,7.604659635939257
41754,5.500000004999999
41755,7.604659635939257
41756,7.604659635939257
41757,5.0
41758,7.604659635939257
41759,7.604659635939257
41760,8.999999971220356
41761,7.604659635939257
41762,7.604659635939257
41763,7.000000000000001
41764,9.999999935000002
41765,7.604659635939257
41766,6.0128185459544925
41767,7.604659635939257
41768,7.817247760942078
41769,7.604659635939257
41770,7.7041836831823405
41771,7.604659635939257
41772,8.0
41773,7.604659635939257
41774,7.604659635939257
41775,7.604659635939257
41776,7.604659635939257
41777,8.5999999996
41778,7.666666657777778
41779,8.75
41780,7.604659635939257
41781,9.500000000000002
41782,7.604659635939257
41783,7.604659635939257
41784,7.604659635939257
41785,10.0
41786,7.604659635939257
41787,8.282636542430739
41788,7.604659635939257
41789,9.999999995
41790,7.604659635939257
41791,8.0
41792,7.604659635939257
41793,7.0
41794,5.5
41795,7.0
41796,7.604659635939257
41797,7.604659635939257
41798,7.604659635939257
41799,8.0
41800,7.604659635939257
41801,7.604659635939257
41802,5.129032261623309
41803,7.604659635939257
41804,7.604659635939257
41805,7.604659635939257
41806,7.604659635939257
41807,7.604659635939257
41808,7.604659635939257
41809,10.0
41810,7.604659635939257
41811,7.604659635939257
41812,7.604659635939257
41813,7.604659635939257
41814,7.0
41815,7.604659635939257
41816,9.0
41817,7.604659635939257
41818,8.999999990000001
41819,7.604659635939257
41820,7.604659635939257
41821,7.604659635939257
41822,7.604659635939257
41823,8.00000002
41824,10.0
41825,7.604659635939257
41826,7.0
41827,7.604659635939257
41828,7.604659635939257
41829,7.604659635939257
41830,7.604659635939257
41831,7.604659635939257
41832,7.604659635939257
41833,7.604659635939257
41834,7.604659635939257
41835,7.604659635939257
41836,7.604659635939257
41837,7.604659635939257
41838,7.604659635939257
41839,7.604659635939257
41840,7.604659635939257
41841,7.279152001289823
41842,5.00000002
41843,9.56173795041911
41844,7.604659635939257
41845,7.604659635939257
41846,9.5
41847,7.604659635939257
41848,9.162040603403414
41849,10.0
41850,7.604659635939257
41851,7.604659635939257
41852,7.604659635939257
41853,7.0
41854,7.604659635939257
41855,8.000000008591169
41856,8.99999998
41857,9.0
41858,5.857142856122449
41859,7.604659635939257
41860,7.604659635939257
41861,8.0
41862,8.666666667777777
41863,7.604659635939257
41864,7.604659635939257
41865,3.7719354493102415
41866,7.0
41867,8.0
41868,8.0
41869,7.604659635939257
41870,9.999999957500002
41871,6.0
41872,8.383255043219838
41873,2.0000001649999946
41874,8.999999992194532
41875,6.999999982773501
41876,7.604659635939257
41877,7.604659635939257
41878,3.0000001128388183
41879,7.604659635939257
41880,7.604659635939257
41881,7.0000000133333335
41882,5.8000000032
41883,7.604659635939257
41884,7.604659635939257
41885,8.0
41886,7.604659635939257
41887,8.764705881176472
41888,8.0
41889,8.0
41890,5.000000052360679
41891,6.75
41892,10.0
41893,9.0
41894,5.00000001
41895,7.604659635939257
41896,7.604659635939257
41897,7.604659635939257
41898,7.604659635939257
41899,8.0
41900,7.604659635939257
41901,7.604659635939257
41902,7.604659635939257
41903,7.5
41904,8.0
41905,7.604659635939257
41906,7.604659635939257
41907,7.604659635939257
41908,8.0
41909,9.608564636666902
41910,7.604659635939257
41911,7.0
41912,7.604659635939257
41913,7.604659635939257
41914,7.604659635939257
41915,7.604659635939257
41916,7.604659635939257
41917,10.0
41918,7.604659635939257
41919,8.857142855918367
41920,7.604659635939257
41921,8.0
41922,7.604659635939257
41923,8.0
41924,7.604659635939257
41925,7.604659635939257
41926,7.7999999992
41927,7.604659635939257
41928,7.604659635939257
41929,8.0
41930,9.999999992284833
41931,7.604659635939257
41932,7.0
41933,7.604659635939257
41934,8.0
41935,8.0
41936,8.0
41937,5.000000024999999
41938,7.604659635939257
41939,7.604659635939257
41940,7.604659635939257
41941,10.0
41942,7.604659635939257
41943,7.6116052308539635
41944,7.604659635939257
41945,8.0
41946,7.604659635939257
41947,7.604659635939257
41948,7.604659635939257
41949,8.0
41950,7.604659635939257
41951,7.604659635939257
41952,7.0
41953,7.0
41954,7.604659635939257
41955,7.0
41956,7.604659635939257
41957,7.000000017653835
41958,8.0
41959,9.142857142040816
41960,7.604659635939257
41961,7.0
41962,9.25
41963,8.0
41964,7.474974458285181
41965,7.604659635939257
41966,7.604659635939257
41967,8.0
41968,7.604659635939257
41969,7.604659635939257
41970,7.604659635939257
41971,7.604659635939257
41972,8.0
41973,9.999999966666667
41974,7.604659635939257
41975,7.604659635939257
41976,7.25
41977,7.604659635939257
41978,7.604659635939257
41979,8.700880526097357
41980,7.604659635939257
41981,7.604659635939257
41982,7.604659635939257
41983,6.00000001
41984,9.5
41985,7.604659635939257
41986,7.604659635939257
41987,8.0
41988,9.333333318888888
41989,7.604659635939257
41990,7.604659635939257
41991,8.999999995
41992,9.5
41993,8.50000000125
41994,7.604659635939257
41995,9.315675238470998
41996,7.499999998999999
41997,4.999999999999999
41998,7.604659635939257
41999,7.604659635939257
42000,7.604659635939257
42001,7.0
42002,7.0
42003,7.604659635939257
42004,7.604659635939257
42005,7.604659635939257
42006,7.604659635939257
42007,9.539504286478229
42008,7.604659635939257
42009,7.604659635939257
42010,8.0
42011,7.0
42012,6.999999997926096
42013,7.604659635939257
42014,6.550106074048526
42015,7.604659635939257
42016,7.604659635939257
42017,7.604659635939257
42018,7.604659635939257
42019,7.0
42020,7.604659635939257
42021,7.604659635939257
42022,9.142857143469387
42023,7.604659635939257
42024,8.0
42025,7.604659635939257
42026,7.604659635939257
42027,7.0
42028,7.604659635939257
42029,7.549912078796854
42030,7.604659635939257
42031,8.0
42032,7.604659635939257
42033,7.604659635939257
42034,4.333333333148148
42035,7.604659635939257
42036,8.0
42037,7.604659635939257
42038,8.08937525620465
42039,7.604659635939257
42040,8.0
42041,8.99999999
42042,7.604659635939257
42043,7.604659635939257
42044,7.604659635939257
42045,7.604659635939257
42046,7.604659635939257
42047,7.604659635939257
42048,7.604659635939257
42049,7.604659635939257
42050,7.604659635939257
42051,9.999999965857867
42052,7.604659635939257
42053,8.02662198419244
42054,7.604659635939257
42055,8.0
42056,7.604659635939257
42057,8.0
42058,8.0
42059,7.604659635939257
42060,7.604659635939257
42061,7.999999994116516
42062,7.604659635939257
42063,5.000000010000001
42064,7.604659635939257
42065,7.604659635939257
42066,7.604659635939257
42067,7.604659635939257
42068,7.947988715192423
42069,7.604659635939257
42070,8.355596236027186
42071,7.604659635939257
42072,7.604659635939257
42073,7.75
42074,7.604659635939257
42075,7.0
42076,7.604659635939257
42077,8.0
42078,7.604659635939257
42079,7.0
42080,9.0
42081,7.604659635939257
42082,10.0
42083,7.604659635939257
42084,7.0
42085,7.604659635939257
42086,9.74999999875
42087,7.604659635939257
42088,7.0
42089,7.0
42090,7.99999997
42091,7.000000017071067
42092,7.0
42093,8.0
42094,7.0
42095,9.27548413022652
42096,6.580884829426566
42097,7.604659635939257
42098,8.0017086245578
42099,7.604659635939257
42100,7.604659635939257
42101,8.714285713061225
42102,7.604659635939257
42103,7.604659635939257
42104,8.0
42105,7.604659635939257
42106,7.604659635939257
42107,7.604659635939257
42108,7.604659635939257
42109,7.604659635939257
42110,7.604659635939257
42111,7.604659635939257
42112,7.604659635939257
42113,7.604659635939257
42114,7.604659635939257
42115,9.285714284081633
42116,7.604659635939257
42117,7.0
42118,7.604659635939257
42119,10.0
42120,7.604659635939257
42121,8.0
42122,7.604659635939257
42123,8.0
42124,6.0
42125,7.604659635939257
42126,7.604659635939257
42127,7.604659635939257
42128,7.75
42129,8.999999991679497
42130,7.0
42131,7.604659635939257
42132,10.000000000000002
42133,7.0
42134,8.00000002
42135,7.604659635939257
42136,9.9999999925
42137,7.0
42138,7.0
42139,7.604659635939257
42140,7.604659635939257
42141,7.0
42142,6.110013735798215
42143,7.604659635939257
42144,7.604659635939257
42145,7.604659635939257
42146,7.604659635939257
42147,7.604659635939257
42148,8.049129711600425
42149,7.604659635939257
42150,7.604659635939257
42151,7.604659635939257
42152,6.000000079999998
42153,8.0
42154,7.604659635939257
42155,7.604659635939257
42156,8.0
42157,9.999999980000002
42158,7.604659635939257
42159,7.604659635939257
42160,7.604659635939257
42161,7.604659635939257
42162,7.604659635939257
42163,7.604659635939257
42164,7.604659635939257
42165,7.604659635939257
42166,7.675542777603586
42167,7.604659635939257
42168,9.524303735772643
42169,7.604659635939257
42170,7.604659635939257
42171,8.0
42172,9.374999999453125
42173,7.604659635939257
42174,7.604659635939257
42175,7.604659635939257
42176,8.0
42177,7.0
42178,7.604659635939257
42179,9.0
42180,2.0000001599999937
42181,7.604659635939257
42182,7.604659635939257
42183,7.604659635939257
42184,7.604659635939257
42185,9.999999999999998
42186,8.0
42187,7.604659635939257
42188,7.604659635939257
42189,7.604659635939257
42190,8.0
42191,7.604659635939257
42192,7.604659635939257
42193,7.604659635939257
42194,9.999999980000002
42195,8.0
42196,7.604659635939257
42197,7.604659635939257
42198,7.440488751752054
42199,7.604659635939257
42200,7.604659635939257
42201,7.604659635939257
42202,7.0
42203,7.604659635939257
42204,7.604659635939257
42205,7.604659635939257
42206,8.333333338888888
42207,7.0
42208,7.604659635939257
42209,8.0
42210,9.49999996375
42211,7.604659635939257
42212,7.604659635939257
42213,7.604659635939257
42214,7.604659635939257
42215,7.604659635939257
42216,7.604659635939257
42217,7.604659635939257
42218,7.604659635939257
42219,7.604659635939257
42220,8.0
42221,7.604659635939257
42222,7.604659635939257
42223,9.500000004999999
42224,7.604659635939257
42225,7.604659635939257
42226,7.604659635939257
42227,7.604659635939257
42228,7.604659635939257
42229,7.604659635939257
42230,8.0
42231,7.604659635939257
42232,7.604659635939257
42233,2.0000001149999966
42234,7.604659635939257
42235,8.0
42236,7.604659635939257
42237,7.604659635939257
42238,7.0
42239,7.604659635939257
42240,7.604659635939257
42241,7.604659635939257
42242,8.0
42243,7.604659635939257
42244,7.604659635939257
42245,7.604659635939257
42246,7.604659635939257
42247,7.604659635939257
42248,7.604659635939257
42249,7.604659635939257
42250,7.604659635939257
42251,7.604659635939257
42252,8.0
42253,7.604659635939257
42254,6.6923076948520706
42255,7.604659635939257
42256,6.99999999
42257,7.604659635939257
42258,7.604659635939257
42259,8.0
42260,8.0
42261,7.604659635939257
42262,7.0
42263,7.604659635939257
42264,7.604659635939257
42265,8.0
42266,10.0
42267,8.0
42268,7.604659635939257
42269,7.604659635939257
42270,7.604659635939257
42271,7.604659635939257
42272,8.0
42273,7.0
42274,7.0
42275,4.400000008399999
42276,7.604659635939257
42277,7.604659635939257
42278,7.604659635939257
42279,6.0
42280,7.000000044142134
42281,9.0
42282,7.604659635939257
42283,7.604659635939257
42284,7.604659635939257
42285,8.0
42286,7.604659635939257
42287,10.0
42288,8.0
42289,9.0
42290,7.604659635939257
42291,8.0
42292,7.604659635939257
42293,8.0
42294,7.604659635939257
42295,7.604659635939257
42296,7.0
42297,7.604659635939257
42298,7.0
42299,8.235294120588236
42300,9.292514624698203
42301,7.604659635939257
42302,7.0
42303,9.0
42304,7.604659635939257
42305,7.604659635939257
42306,8.726817979134998
42307,7.604659635939257
42308,9.0
42309,7.604659635939257
42310,7.604659635939257
42311,8.000000003333334
42312,9.400000000399999
42313,7.604659635939257
42314,8.0
42315,7.604659635939257
42316,7.604659635939257
42317,7.604659635939257
42318,7.604659635939257
42319,7.604659635939257
42320,9.999999995
42321,7.604659635939257
42322,9.003435405265536
42323,7.00000001
42324,7.604659635939257
42325,7.604659635939257
42326,7.604659635939257
42327,9.000000000000002
42328,7.604659635939257
42329,7.604659635939257
42330,10.0
42331,9.142857143877551
42332,10.0
42333,7.604659635939257
42334,7.604659635939257
42335,7.604659635939257
42336,6.891872161048976
42337,8.0
42338,7.604659635939257
42339,8.0
42340,7.604659635939257
42341,7.604659635939257
42342,8.0
42343,7.604659635939257
42344,7.604659635939257
42345,7.604659635939257
42346,8.0
42347,7.604659635939257
42348,7.604659635939257
42349,7.604659635939257
42350,8.0
42351,9.99999994992689
42352,8.0
42353,7.604659635939257
42354,7.604659635939257
42355,7.604659635939257
42356,6.0
42357,7.0
42358,7.604659635939257
42359,7.604659635939257
42360,7.604659635939257
42361,10.0
42362,7.604659635939257
42363,8.0
42364,7.604659635939257
42365,7.000000020999999
42366,7.604659635939257
42367,7.0
42368,5.5
42369,6.505539869914199
42370,7.604659635939257
42371,7.604659635939257
42372,7.604659635939257
42373,7.604659635939257
42374,7.604659635939257
42375,7.604659635939257
42376,7.604659635939257
42377,8.999999972236068
42378,7.604659635939257
42379,7.604659635939257
42380,7.604659635939257
42381,7.604659635939257
42382,7.604659635939257
42383,7.604659635939257
42384,7.604659635939257
42385,7.604659635939257
42386,6.000000014630357
42387,7.604659635939257
42388,7.604659635939257
42389,7.500000008618034
42390,8.0
42391,9.0
42392,7.604659635939257
42393,8.379557261563807
42394,7.604659635939257
42395,7.604659635939257
42396,4.828427126167546
42397,7.604659635939257
42398,7.474977901715463
42399,6.348469227174784
42400,7.0
42401,7.604659635939257
42402,9.499999999
42403,7.799999998799999
42404,7.604659635939257
42405,7.604659635939257
42406,7.604659635939257
42407,7.604659635939257
42408,7.604659635939257
42409,7.604659635939257
42410,7.604659635939257
42411,7.604659635939257
42412,7.604659635939257
42413,7.0
42414,7.604659635939257
42415,7.604659635939257
42416,9.0
42417,7.604659635939257
42418,7.604659635939257
42419,7.604659635939257
42420,7.604659635939257
42421,8.0
42422,7.604659635939257
42423,7.604659635939257
42424,7.604659635939257
42425,4.000000003885144
42426,6.000000015
42427,7.604659635939257
42428,3.0
42429,10.0
42430,9.99999999
42431,7.604659635939257
42432,7.604659635939257
42433,7.604659635939257
42434,7.604659635939257
42435,9.071952241276984
42436,7.604659635939257
42437,7.604659635939257
42438,1.0000000099999997
42439,8.0
42440,7.604659635939257
42441,7.571428569591837
42442,7.604659635939257
42443,7.0
42444,7.604659635939257
42445,7.096079811986834
42446,6.999999950000002
42447,7.604659635939257
42448,8.0
42449,9.0
42450,7.604659635939257
42451,8.0
42452,7.604659635939257
42453,7.604659635939257
42454,7.604659635939257
42455,7.604659635939257
42456,7.604659635939257
42457,7.604659635939257
42458,9.0
42459,7.0
42460,7.0
42461,7.000000038944271
42462,7.604659635939257
42463,7.0
42464,7.604659635939257
42465,7.604659635939257
42466,8.5
42467,7.604659635939257
42468,7.604659635939257
42469,7.604659635939257
42470,7.8750000004687495
42471,7.0
42472,7.604659635939257
42473,7.604659635939257
42474,7.604659635939257
42475,7.604659635939257
42476,7.604659635939257
42477,7.604659635939257
42478,9.0
42479,7.604659635939257
42480,7.604659635939257
42481,6.829995683565956
42482,7.000000069999998
42483,8.0
42484,8.333333332222223
42485,7.604659635939257
42486,8.000000003333334
42487,7.604659635939257
42488,7.604659635939257
42489,7.604659635939257
42490,7.604659635939257
42491,8.000000000000002
42492,7.604659635939257
42493,4.0
42494,7.604659635939257
42495,7.604659635939257
42496,10.0
42497,5.0
42498,7.604659635939257
42499,7.604659635939257
42500,9.0
42501,7.604659635939257
42502,7.604659635939257
42503,7.604659635939257
42504,7.604659635939257
42505,7.604659635939257
42506,8.0
42507,7.0
42508,7.0
42509,6.6233030279051714
42510,7.604659635939257
42511,7.604659635939257
42512,7.604659635939257
42513,7.604659635939257
42514,7.5
42515,7.604659635939257
42516,7.604659635939257
42517,7.604659635939257
42518,7.604659635939257
42519,7.604659635939257
42520,8.0
42521,7.604659635939257
42522,7.604659635939257
42523,8.0
42524,6.25
42525,8.0
42526,7.604659635939257
42527,7.604659635939257
42528,9.0
42529,7.604659635939257
42530,7.604659635939257
42531,7.604659635939257
42532,7.604659635939257
42533,6.04033898417392
42534,7.604659635939257
42535,7.604659635939257
42536,9.0
42537,7.999999991055728
42538,7.604659635939257
42539,8.0
42540,7.604659635939257
42541,7.604659635939257
42542,8.357774721409406
42543,7.604659635939257
42544,7.604659635939257
42545,7.604659635939257
42546,7.604659635939257
42547,7.0
42548,7.604659635939257
42549,7.604659635939257
42550,8.0
42551,7.604659635939257
42552,7.604659635939257
42553,8.0
42554,7.604659635939257
42555,7.604659635939257
42556,7.604659635939257
42557,8.0
42558,7.604659635939257
42559,9.666666665555555
42560,5.000000018944272
42561,7.604659635939257
42562,7.604659635939257
42563,8.38629287906163
42564,8.0
42565,7.0
42566,7.604659635939257
42567,7.604659635939257
42568,7.120598090256925
42569,9.999999995
42570,7.604659635939257
42571,7.604659635939257
42572,7.604659635939257
42573,9.999999983333337
42574,8.0
42575,9.470720136650554
42576,8.0
42577,7.375000001875001
42578,7.604659635939257
42579,7.604659635939257
42580,7.604659635939257
42581,10.0
42582,7.604659635939257
42583,7.604659635939257
42584,9.499999978750001
42585,7.604659635939257
42586,9.0
42587,8.0
42588,7.604659635939257
42589,7.604659635939257
42590,7.604659635939257
42591,7.777755813710106
42592,7.604659635939257
42593,7.5194938507997175
42594,8.0
42595,8.0
42596,7.604659635939257
42597,7.0
42598,9.5
42599,8.999999995
42600,7.999999980857863
42601,7.0
42602,4.817256001542865
42603,7.5
42604,7.0
42605,7.604659635939257
42606,7.604659635939257
42607,7.604659635939257
42608,8.0
42609,7.604659635939257
42610,7.604659635939257
42611,7.604659635939257
42612,7.0
42613,5.0
42614,7.604659635939257
42615,7.604659635939257
42616,8.0
42617,10.0
42618,5.0
42619,7.0
42620,10.0
42621,7.604659635939257
42622,7.604659635939257
42623,8.0
42624,9.000000003779645
42625,8.0
42626,7.604659635939257
42627,7.604659635939257
42628,5.82276973961052
42629,7.803968436279787
42630,10.0
42631,9.999999999999998
42632,8.0
42633,8.0
42634,7.0
42635,8.0
42636,7.604659635939257
42637,7.604659635939257
42638,7.604659635939257
42639,4.000000032499999
42640,7.604659635939257
42641,7.604659635939257
42642,7.604659635939257
42643,7.604659635939257
42644,7.604659635939257
42645,7.604659635939257
42646,7.604659635939257
42647,7.0
42648,7.604659635939257
42649,8.0
42650,7.604659635939257
42651,7.604659635939257
42652,7.604659635939257
42653,8.99999998
42654,7.0
42655,7.0
42656,8.0
42657,8.886495838360617
42658,6.690524980134458
42659,7.604659635939257
42660,7.604659635939257
42661,7.340112185625714
42662,7.604659635939257
42663,7.0
42664,7.604659635939257
42665,7.604659635939257
42666,7.604659635939257
42667,7.604659635939257
42668,7.604659635939257
42669,7.000000000000001
42670,7.604659635939257
42671,7.604659635939257
42672,7.604659635939257
42673,7.0
42674,7.604659635939257
42675,7.604659635939257
42676,7.604659635939257
42677,7.604659635939257
42678,8.764705880000001
42679,7.604659635939257
42680,7.604659635939257
42681,7.604659635939257
42682,5.0
42683,8.999999980000002
42684,7.604659635939257
42685,7.9999999950000005
42686,8.999999994645714
42687,7.604659635939257
42688,8.0
42689,7.604659635939257
42690,7.604659635939257
42691,8.0
42692,7.604659635939257
42693,7.604659635939257
42694,7.604659635939257
42695,8.0
42696,7.604659635939257
42697,7.604659635939257
42698,10.0
42699,7.604659635939257
42700,7.604659635939257
42701,8.749999996875
42702,7.604659635939257
42703,7.0
42704,7.0
42705,10.0
42706,9.104296920606258
42707,8.771954850851705
42708,7.604659635939257
42709,7.604659635939257
42710,8.0
42711,8.000000015000001
42712,7.604659635939257
42713,8.0
42714,7.604659635939257
42715,7.604659635939257
42716,7.604659635939257
42717,7.604659635939257
42718,7.604659635939257
42719,8.0
42720,7.604659635939257
42721,7.604659635939257
42722,9.999999980000002
42723,8.0
42724,9.000000000000002
42725,7.604659635939257
42726,7.604659635939257
42727,7.604659635939257
42728,7.604659635939257
42729,7.0
42730,8.0
42731,8.0
42732,8.064577452085066
42733,7.488922353393548
42734,7.604659635939257
42735,7.604659635939257
42736,6.227665302076399
42737,7.604659635939257
42738,7.557937022478919
42739,9.999999990000001
42740,7.0
42741,7.604659635939257
42742,8.0
42743,7.604659635939257
42744,7.604659635939257
42745,7.666666671111111
42746,8.0
42747,10.0
42748,8.0
42749,7.604659635939257
42750,8.0
42751,7.604659635939257
42752,8.0
42753,7.604659635939257
42754,7.604659635939257
42755,7.604659635939257
42756,7.604659635939257
42757,7.000000000000001
42758,7.411764707647059
42759,6.0
42760,7.604659635939257
42761,7.604659635939257
42762,8.0
42763,7.0
42764,10.0
42765,7.999999990000001
42766,7.604659635939257
42767,7.604659635939257
42768,7.604659635939257
42769,9.0
42770,7.604659635939257
42771,7.604659635939257
42772,7.604659635939257
42773,8.0
42774,9.999999999999998
42775,7.604659635939257
42776,7.604659635939257
42777,8.350159208164406
42778,8.459029062316718
42779,7.604659635939257
42780,4.999999999999999
42781,7.604659635939257
42782,8.0
42783,8.378135809250116
42784,7.604659635939257
42785,7.604659635939257
42786,7.029198679016358
42787,7.604659635939257
42788,7.604659635939257
42789,7.604659635939257
42790,7.604659635939257
42791,7.604659635939257
42792,8.0
42793,9.6275161263154
42794,7.604659635939257
42795,8.0
42796,8.5
42797,7.000000000000001
42798,8.666666668888888
42799,8.208712151971577
42800,8.666666664444444
42801,8.0
42802,7.604659635939257
42803,7.604659635939257
42804,7.604659635939257
42805,5.0
42806,7.604659635939257
42807,7.604659635939257
42808,8.500000004999999
42809,7.604659635939257
42810,9.0
42811,7.604659635939257
42812,7.714285714489796
42813,7.604659635939257
42814,7.604659635939257
42815,7.604659635939257
42816,7.604659635939257
42817,9.999999999999998
42818,6.532288725414034
42819,7.604659635939257
42820,7.604659635939257
42821,6.0000000616666656
42822,9.000000004999999
42823,7.604659635939257
42824,7.604659635939257
42825,7.604659635939257
42826,7.405156666203713
42827,7.604659635939257
42828,7.857142856530611
42829,7.604659635939257
42830,7.604659635939257
42831,9.0
42832,7.604659635939257
42833,9.75
42834,7.604659635939257
42835,7.604659635939257
42836,8.0
42837,8.0
42838,7.604659635939257
42839,9.499999995
42840,8.0
42841,9.000000000000002
42842,7.0
42843,8.5
42844,7.0
42845,7.604659635939257
42846,7.604659635939257
42847,8.999999965
42848,6.629744688883899
42849,7.604659635939257
42850,8.0
42851,5.9999999966666655
42852,7.604659635939257
42853,7.604659635939257
42854,7.0
42855,7.604659635939257
42856,10.0
42857,7.604659635939257
42858,7.604659635939257
42859,7.0
42860,10.0
42861,7.604659635939257
42862,7.604659635939257
42863,7.604659635939257
42864,7.604659635939257
42865,7.604659635939257
42866,7.604659635939257
42867,7.604659635939257
42868,7.604659635939257
42869,7.604659635939257
42870,7.604659635939257
42871,6.360679775655678
42872,7.000000000000001
42873,7.604659635939257
42874,7.604659635939257
42875,8.0
42876,7.604659635939257
42877,5.799999999200001
42878,7.604659635939257
42879,7.604659635939257
42880,7.604659635939257
42881,7.604659635939257
42882,7.604659635939257
42883,7.604659635939257
42884,7.604659635939257
42885,7.604659635939257
42886,7.604659635939257
42887,7.604659635939257
42888,7.604659635939257
42889,7.604659635939257
42890,3.000000084999998
42891,7.809016995555287
42892,7.604659635939257
42893,8.0
42894,3.0000000000000004
42895,7.604659635939257
42896,7.604659635939257
42897,8.0
42898,7.604659635939257
42899,7.9999999875
42900,7.604659635939257
42901,7.604659635939257
42902,7.604659635939257
42903,7.604659635939257
42904,7.604659635939257
42905,7.604659635939257
42906,7.604659635939257
42907,7.604659635939257
42908,10.0
42909,7.604659635939257
42910,7.604659635939257
42911,8.0
42912,8.373651560552553
42913,7.604659635939257
42914,8.0
42915,7.604659635939257
42916,7.604659635939257
42917,7.604659635939257
42918,4.999999999999999
42919,8.999999979
42920,7.604659635939257
42921,7.604659635939257
42922,7.604659635939257
42923,7.604659635939257
42924,6.75
42925,7.604659635939257
42926,8.0
42927,7.604659635939257
42928,7.604659635939257
42929,7.604659635939257
42930,7.604659635939257
42931,7.604659635939257
42932,7.604659635939257
42933,7.604659635939257
42934,9.999999995
42935,7.604659635939257
42936,7.604659635939257
42937,7.604659635939257
42938,7.604659635939257
42939,8.0
42940,7.604659635939257
42941,7.604659635939257
42942,7.604659635939257
42943,7.604659635939257
42944,7.604659635939257
42945,7.604659635939257
42946,7.604659635939257
42947,7.604659635939257
42948,7.604659635939257
42949,7.604659635939257
42950,7.0
42951,7.604659635939257
42952,8.0
42953,7.604659635939257
42954,7.604659635939257
42955,7.604659635939257
42956,7.604659635939257
42957,7.604659635939257
42958,7.604659635939257
42959,8.0
42960,7.666666664444445
42961,8.0
42962,3.000000015
42963,7.0
42964,7.604659635939257
42965,8.00000002
42966,8.58578643547534
42967,9.523432648593582
42968,7.604659635939257
42969,10.0
42970,7.604659635939257
42971,7.604659635939257
42972,8.0
42973,7.604659635939257
42974,7.0
42975,7.604659635939257
42976,7.0
42977,7.604659635939257
42978,7.604659635939257
42979,7.604659635939257
42980,8.000000039999998
42981,7.604659635939257
42982,7.604659635939257
42983,7.0
42984,8.499999984999999
42985,7.604659635939257
42986,7.604659635939257
42987,7.604659635939257
42988,8.000000029999999
42989,7.604659635939257
42990,9.190743569981251
42991,7.604659635939257
42992,6.559037577795793
42993,7.604659635939257
42994,7.3333333338888895
42995,8.999999965
42996,7.604659635939257
42997,7.604659635939257
42998,7.0
42999,7.604659635939257
43000,7.604659635939257
43001,5.776952473029867
43002,8.0
43003,7.964379793972772
43004,7.0
43005,8.612605619933914
43006,7.604659635939257
43007,5.792795510507735
43008,7.604659635939257
43009,7.604659635939257
43010,7.604659635939257
43011,7.604659635939257
43012,7.604659635939257
43013,7.604659635939257
43014,7.604659635939257
43015,7.000000003333334
43016,7.604659635939257
43017,7.604659635939257
43018,8.0
43019,7.604659635939257
43020,7.9999999850000005
43021,8.428571428979591
43022,7.604659635939257
43023,7.604659635939257
43024,7.604659635939257
43025,7.604659635939257
43026,7.604659635939257
43027,7.0
43028,7.0
43029,7.604659635939257
43030,7.604659635939257
43031,8.000000008333334
43032,7.604659635939257
43033,7.604659635939257
43034,7.604659635939257
43035,7.604659635939257
43036,7.604659635939257
43037,7.604659635939257
43038,7.604659635939257
43039,7.604659635939257
43040,7.604659635939257
43041,7.604659635939257
43042,7.604659635939257
43043,7.604659635939257
43044,7.604659635939257
43045,8.0
43046,7.604659635939257
43047,7.999999995
43048,7.604659635939257
43049,9.0
43050,7.604659635939257
43051,7.604659635939257
43052,7.604659635939257
43053,8.0
43054,7.604659635939257
43055,7.604659635939257
43056,7.604659635939257
43057,7.604659635939257
43058,7.604659635939257
43059,7.604659635939257
43060,7.604659635939257
43061,6.999999999999999
43062,7.604659635939257
43063,7.604659635939257
43064,7.749999999999999
43065,8.0
43066,7.604659635939257
43067,9.0
43068,7.604659635939257
43069,7.000000000000001
43070,7.604659635939257
43071,4.999999999999999
43072,8.0
43073,8.0
43074,7.604659635939257
43075,7.604659635939257
43076,9.0
43077,7.604659635939257
43078,7.604659635939257
43079,7.604659635939257
43080,7.604659635939257
43081,7.604659635939257
43082,9.0
43083,7.604659635939257
43084,7.604659635939257
43085,7.604659635939257
43086,7.604659635939257
43087,8.0
43088,7.604659635939257
43089,8.4999999821967
43090,7.604659635939257
43091,7.604659635939257
43092,7.604659635939257
43093,7.604659635939257
43094,7.604659635939257
43095,7.604659635939257
43096,9.0
43097,7.604659635939257
43098,7.604659635939257
43099,8.999999995527865
43100,7.50000001875
43101,7.604659635939257
43102,7.604659635939257
43103,7.604659635939257
43104,7.604659635939257
43105,7.604659635939257
43106,7.604659635939257
43107,7.604659635939257
43108,7.604659635939257
43109,7.604659635939257
43110,7.604659635939257
43111,7.604659635939257
43112,8.408599512256759
43113,7.999999989999999
43114,7.604659635939257
43115,7.604659635939257
43116,7.604659635939257
43117,7.604659635939257
43118,7.604659635939257
43119,7.604659635939257
43120,7.0
43121,7.0
43122,7.00000003
43123,5.0
43124,7.604659635939257
43125,7.604659635939257
43126,5.0
43127,7.604659635939257
43128,7.604659635939257
43129,8.0
43130,7.604659635939257
43131,7.604659635939257
43132,9.999999988624548
43133,7.604659635939257
43134,10.0
43135,7.604659635939257
43136,7.604659635939257
43137,7.604659635939257
43138,7.604659635939257
43139,7.0
43140,7.000000044999998
43141,7.0
43142,7.604659635939257
43143,6.857009445436989
43144,8.0
43145,9.999999976666668
43146,7.604659635939257
43147,8.0
43148,9.54443092724376
43149,7.604659635939257
43150,7.604659635939257
43151,7.604659635939257
43152,7.604659635939257
43153,9.0
43154,10.0
43155,9.117647054705882
43156,7.604659635939257
43157,6.0
43158,7.604659635939257
43159,8.0
43160,7.604659635939257
43161,5.0
43162,8.499999999999998
43163,7.604659635939257
43164,7.604659635939257
43165,7.604659635939257
43166,7.604659635939257
43167,7.604659635939257
43168,5.0
43169,5.000000027071067
43170,7.604659635939257
43171,7.604659635939257
43172,9.999999997763933
43173,7.999999999999999
43174,8.0
43175,7.604659635939257
43176,8.0
43177,7.232317482153186
43178,7.604659635939257
43179,7.604659635939257
43180,7.604659635939257
43181,8.74637371722589
43182,7.604659635939257
43183,7.0
43184,7.604659635939257
43185,7.242640687873072
43186,7.604659635939257
43187,4.0
43188,10.0
43189,7.0
43190,7.604659635939257
43191,8.6723372191806
43192,8.0
43193,7.604659635939257
43194,8.999999968027275
43195,7.0
43196,7.604659635939257
43197,8.356789172836292
43198,7.604659635939257
43199,3.0000000649999987
43200,7.604659635939257
43201,7.604659635939257
43202,9.49999998375
43203,7.604659635939257
43204,7.604659635939257
43205,7.604659635939257
43206,8.25
43207,7.604659635939257
43208,9.999999995527864
43209,8.0
43210,7.7142857116326535
43211,7.604659635939257
43212,7.0
43213,7.604659635939257
43214,7.604659635939257
43215,7.604659635939257
43216,7.604659635939257
43217,7.604659635939257
43218,9.99999999
43219,7.604659635939257
43220,7.604659635939257
43221,7.604659635939257
43222,7.604659635939257
43223,7.604659635939257
43224,8.93640486768921
43225,7.604659635939257
43226,8.49999998
43227,7.604659635939257
43228,10.000000000000002
43229,7.604659635939257
43230,8.532909313319978
43231,9.666666665555555
43232,7.604659635939257
43233,8.0
43234,7.604659635939257
43235,7.0
43236,7.604659635939257
43237,9.0
43238,8.0
43239,7.666666671111111
43240,7.0
43241,7.604659635939257
43242,7.604659635939257
43243,7.0
43244,7.604659635939257
43245,9.0
43246,7.604659635939257
43247,7.0
43248,7.604659635939257
43249,8.49999998
43250,7.604659635939257
43251,7.604659635939257
43252,7.604659635939257
43253,8.000000007041242
43254,7.604659635939257
43255,7.604659635939257
43256,8.300000000799999
43257,8.000000039999998
43258,7.0
43259,7.604659635939257
43260,7.604659635939257
43261,7.604659635939257
43262,7.604659635939257
43263,7.604659635939257
43264,7.604659635939257
43265,7.604659635939257
43266,7.604659635939257
43267,7.604659635939257
43268,7.604659635939257
43269,7.604659635939257
43270,7.604659635939257
43271,7.604659635939257
43272,8.0
43273,8.0
43274,7.604659635939257
43275,10.0
43276,8.0
43277,8.0
43278,7.0
43279,7.0
43280,9.999999950000003
43281,7.604659635939257
43282,7.604659635939257
43283,7.0
43284,6.0
43285,8.0
43286,10.0
43287,7.2499999953125
43288,7.604659635939257
43289,7.604659635939257
43290,7.604659635939257
43291,7.604659635939257
43292,7.604659635939257
43293,7.604659635939257
43294,8.0
43295,9.0
43296,7.604659635939257
43297,8.0
43298,7.0
43299,7.604659635939257
43300,7.604659635939257
43301,7.604659635939257
43302,7.604659635939257
43303,7.604659635939257
43304,8.0
43305,7.604659635939257
43306,7.604659635939257
43307,9.0
43308,7.0
43309,9.0
43310,7.604659635939257
43311,8.999999990000003
43312,7.604659635939257
43313,7.604659635939257
43314,7.604659635939257
43315,7.604659635939257
43316,7.604659635939257
43317,7.604659635939257
43318,7.604659635939257
43319,7.604659635939257
