ID,rating
0,7.75
1,7.6018
2,7.6018
3,8.2109
4,7.6018
5,8.6667
6,7.6018
7,7.918
8,7.6018
9,6.9737
10,7.6018
11,8.8556
12,8.0294
13,9.5
14,7.6018
15,7.15
16,8.6879
17,7.6018
18,4.3333
19,7.6018
20,7.7009
21,7.5
22,8.8302
23,7.3333
24,7.7897
25,8.619
26,7.3835
27,5.0752
28,7.6018
29,7.6018
30,8.5833
31,7.918
32,9.25
33,5.0752
34,7.6018
35,7.6018
36,7.2727
37,7.6018
38,9.6216
39,7.6018
40,7.6018
41,7.6018
42,7.6018
43,7.6018
44,7.9375
45,7.6018
46,7.5556
47,5.6348
48,7.6018
49,7.6018
50,7.6018
51,9.0262
52,7.6018
53,7.6018
54,7.7236
55,8.7835
56,8.275
57,5.5682
58,7.4
59,6.8182
60,7.6018
61,8.3971
62,8.3333
63,8.0
64,7.0
65,8.2
66,7.6018
67,7.2846
68,7.0
69,8.8556
70,7.6018
71,7.6018
72,7.6018
73,7.6018
74,7.6018
75,7.6018
76,6.8889
77,8.2857
78,7.2595
79,8.7273
80,7.6018
81,7.6018
82,8.8556
83,5.5
84,8.1579
85,7.6018
86,7.6018
87,7.6018
88,9.3077
89,10.0
90,7.6018
91,6.0
92,8.8556
93,6.795
94,8.8556
95,7.6018
96,7.6018
97,9.375
98,6.0
99,8.4634
100,7.6018
101,7.6018
102,7.6018
103,7.7778
104,7.6018
105,7.815
106,7.0
107,7.2
108,7.6018
109,8.5422
110,10.0
111,7.6018
112,6.8984
113,7.6018
114,8.8556
115,7.8594
116,7.6018
117,7.6018
118,7.6018
119,8.4906
120,7.6018
121,7.6018
122,7.6018
123,10.0
124,7.6018
125,7.75
126,7.6018
127,7.6268
128,7.6018
129,8.577
130,7.6018
131,7.6018
132,7.6018
133,6.5294
134,8.9315
135,8.3571
136,7.1689
137,8.8556
138,7.75
139,7.6018
140,8.4286
141,7.6018
142,7.6018
143,7.6018
144,7.6018
145,7.6018
146,7.6018
147,7.9837
148,8.4091
149,7.6018
150,7.6018
151,7.6018
152,7.6018
153,7.6018
154,5.0
155,7.9231
156,8.1389
157,7.6018
158,9.6429
159,7.1111
160,7.6018
161,7.6018
162,6.0
163,7.6018
164,7.6018
165,8.2368
166,7.8148
167,9.3333
168,7.6018
169,7.4184
170,6.4545
171,8.4906
172,7.6018
173,7.6018
174,7.6018
175,7.6018
176,7.6018
177,7.6018
178,8.418
179,9.0
180,5.5401
181,9.3333
182,7.6018
183,8.25
184,7.3333
185,8.1111
186,6.9333
187,8.8
188,7.6018
189,8.1818
190,7.5714
191,7.6018
192,7.9565
193,7.6018
194,7.6018
195,7.6
196,10.0
197,8.1053
198,4.9189
199,7.6018
200,7.6018
201,4.2857
202,8.9796
203,7.6018
204,7.141
205,7.2595
206,7.6018
207,7.2595
208,8.2368
209,7.6018
210,7.6018
211,7.6018
212,7.6018
213,6.5
214,6.3559
215,7.6018
216,7.3333
217,7.6018
218,9.5
219,7.6018
220,7.8431
221,7.6018
222,7.6018
223,7.6018
224,7.5714
225,7.2
226,7.6018
227,7.6018
228,7.6018
229,7.6018
230,10.0
231,6.9688
232,7.2917
233,7.6018
234,7.6018
235,7.8941
236,7.6018
237,7.6018
238,7.6018
239,5.0
240,7.6018
241,7.6018
242,6.9167
243,8.4474
244,7.8941
245,7.6018
246,8.0819
247,7.0
248,8.05
249,7.3478
250,7.815
251,8.069
252,7.6018
253,7.6018
254,8.0
255,7.6018
256,7.6018
257,7.6018
258,7.6018
259,7.9273
260,6.8462
261,7.6018
262,8.2353
263,6.7403
264,7.6018
265,7.6018
266,7.6018
267,6.6642
268,8.5
269,7.6018
270,7.6018
271,9.8571
272,7.6018
273,7.6018
274,7.6018
275,7.6018
276,8.541
277,7.6018
278,7.6018
279,6.6314
280,9.0
281,7.6018
282,7.6018
283,8.1111
284,9.4841
285,7.6018
286,7.6018
287,9.4286
288,7.2595
289,7.6018
290,6.1
291,8.75
292,7.6018
293,7.6018
294,6.0909
295,9.1333
296,7.6018
297,7.6018
298,7.6018
299,7.1689
300,7.6018
301,7.7486
302,7.6018
303,7.2595
304,8.5753
305,7.6018
306,8.8556
307,7.6018
308,6.9524
309,7.4746
310,7.6018
311,7.6018
312,8.0
313,5.7778
314,9.3333
315,7.0714
316,5.1
317,7.6018
318,7.6018
319,7.6018
320,7.6018
321,7.6018
322,9.134
323,9.3158
324,7.6018
325,7.6018
326,7.6018
327,7.2595
328,7.6018
329,7.6018
330,9.0262
331,7.6018
332,7.6018
333,7.875
334,7.6018
335,7.1429
336,7.375
337,7.6018
338,7.6018
339,7.6018
340,7.6018
341,6.0226
342,7.7838
343,7.9298
344,7.6018
345,7.6018
346,7.6018
347,7.3846
348,9.134
349,7.6018
350,7.6018
351,7.78
352,6.8333
353,7.6018
354,7.53
355,7.6018
356,7.069
357,8.1852
358,7.6018
359,9.8571
360,7.6018
361,7.6018
362,7.6018
363,6.7581
364,6.0226
365,9.1111
366,7.3929
367,7.6018
368,8.7
369,7.6018
370,7.6018
371,7.0
372,7.6018
373,7.6018
374,7.6018
375,7.6018
376,7.6018
377,8.3382
378,8.9956
379,7.6018
380,5.0
381,7.6018
382,5.0
383,7.4167
384,7.6018
385,9.2105
386,5.1
387,7.6268
388,7.6018
389,9.1373
390,8.8556
391,7.6018
392,8.9403
393,7.6018
394,7.6018
395,7.6018
396,7.6018
397,7.6018
398,6.0226
399,7.6018
400,7.6018
401,7.6018
402,7.2174
403,7.6018
404,7.6018
405,7.6018
406,7.9226
407,7.6018
408,7.1429
409,8.42
410,7.6018
411,8.0238
412,7.6018
413,8.2
414,7.6018
415,7.6018
416,7.6018
417,9.0
418,7.75
419,7.6018
420,7.6018
421,7.6018
422,6.326
423,9.4841
424,10.0
425,7.2595
426,7.141
427,10.0
428,7.2595
429,6.5
430,6.0
431,7.6018
432,7.3793
433,7.069
434,7.1689
435,7.6018
436,5.6667
437,7.6018
438,6.1639
439,8.7482
440,7.6018
441,7.6018
442,7.2595
443,7.6018
444,7.6018
445,8.1829
446,7.069
447,7.6018
448,7.9091
449,7.6018
450,7.6018
451,6.7619
452,7.6018
453,7.6018
454,9.2144
455,9.1786
456,7.6018
457,8.3683
458,7.6018
459,7.6018
460,8.1111
461,7.7
462,7.6018
463,7.6018
464,7.6018
465,6.5068
466,7.6018
467,7.6018
468,6.7
469,7.6018
470,7.6018
471,7.6018
472,7.6018
473,5.8519
474,7.8333
475,5.0
476,7.6018
477,7.6018
478,6.0769
479,7.6018
480,7.9452
481,8.7368
482,7.6018
483,7.9565
484,7.6018
485,7.6018
486,7.1689
487,7.6018
488,8.9905
489,2.0
490,7.6018
491,8.1538
492,9.3333
493,7.6809
494,8.3333
495,7.6018
496,7.6018
497,9.3455
498,7.9
499,7.6018
500,7.6018
501,9.1395
502,7.9
503,6.2381
504,7.6018
505,7.6018
506,7.1429
507,7.3913
508,8.2222
509,7.6018
510,7.6018
511,7.6018
512,7.6018
513,8.8556
514,7.8947
515,7.25
516,7.6018
517,7.9947
518,7.6018
519,8.2128
520,6.2143
521,7.2595
522,7.6018
523,6.25
524,9.1667
525,7.6018
526,6.0226
527,7.6018
528,7.8941
529,8.6567
530,7.3913
531,7.6018
532,7.6018
533,7.6018
534,7.6207
535,7.6018
536,7.7762
537,7.6018
538,7.6018
539,7.6018
540,6.9583
541,7.6018
542,7.6018
543,9.3333
544,7.6018
545,8.7903
546,7.6018
547,7.6018
548,7.6018
549,7.0484
550,9.6216
551,7.8812
552,7.9375
553,7.6018
554,7.6018
555,7.6018
556,7.6018
557,7.8947
558,8.9714
559,7.6018
560,7.6018
561,7.6018
562,7.5476
563,7.6018
564,8.3719
565,7.5
566,8.1389
567,7.5
568,7.5333
569,7.6018
570,7.6018
571,4.0
572,7.6018
573,9.0
574,7.6018
575,7.6018
576,7.3523
577,7.6018
578,6.5862
579,7.6018
580,7.6018
581,8.2368
582,7.6018
583,7.0
584,7.6018
585,7.2
586,7.6018
587,7.6018
588,7.6018
589,8.2222
590,7.6018
591,7.6
592,5.0
593,7.6018
594,8.1136
595,9.0
596,7.8966
597,7.6018
598,7.6018
599,8.8556
600,7.9535
601,7.0
602,8.1976
603,8.2416
604,6.5
605,7.6018
606,7.6018
607,7.6018
608,7.6018
609,7.6018
610,7.6018
611,7.6018
612,7.1429
613,9.0
614,7.6018
615,7.6018
616,8.8333
617,8.1667
618,7.6018
619,7.0
620,7.9
621,7.625
622,7.6018
623,8.5385
624,6.8667
625,7.3846
626,7.6018
627,7.6018
628,6.25
629,7.5505
630,7.6018
631,7.6018
632,6.8
633,7.6018
634,8.283
635,7.619
636,7.6018
637,7.6018
638,6.9091
639,8.8556
640,7.0
641,8.1786
642,6.6452
643,7.6018
644,7.6018
645,8.2828
646,7.6018
647,7.6018
648,7.6018
649,6.7129
650,7.6018
651,7.6018
652,7.6018
653,7.6018
654,8.125
655,7.0
656,7.7009
657,7.9412
658,7.6018
659,7.6018
660,7.6018
661,7.6018
662,7.6018
663,7.6018
664,8.5
665,7.6018
666,7.6018
667,7.0345
668,7.6018
669,8.0429
670,8.0
671,7.6018
672,7.0577
673,7.6018
674,10.0
675,7.6018
676,5.9
677,7.6018
678,7.6018
679,7.6018
680,7.6018
681,7.2595
682,7.4146
683,7.6018
684,7.2595
685,8.7029
686,7.9738
687,9.125
688,7.6018
689,5.0478
690,8.0
691,6.5403
692,7.6018
693,7.4146
694,7.6018
695,9.6216
696,9.7907
697,8.1818
698,7.6018
699,7.6018
700,8.4444
701,7.5
702,7.0
703,7.6018
704,7.6018
705,6.6875
706,7.6018
707,8.8556
708,7.0818
709,8.1111
710,7.5862
711,7.6018
712,7.6
713,8.8556
714,8.3971
715,7.6018
716,7.6018
717,7.6018
718,5.8571
719,8.2128
720,8.6
721,7.6018
722,7.0
723,7.8333
724,7.2595
725,7.6018
726,7.6018
727,7.6018
728,8.0
729,7.6018
730,8.5556
731,7.6018
732,8.2676
733,7.6018
734,7.6018
735,7.6268
736,7.6018
737,7.6018
738,6.5769
739,7.6018
740,8.5
741,7.6018
742,9.0
743,7.2595
744,7.6018
745,7.6018
746,8.5769
747,7.6018
748,7.885
749,7.6018
750,7.6018
751,7.2595
752,8.069
753,7.3523
754,7.6018
755,6.64
756,6.5
757,8.6667
758,7.4286
759,8.3
760,7.1053
761,7.6018
762,7.5254
763,7.6018
764,7.0
765,6.0
766,7.6018
767,9.16
768,7.6018
769,8.0426
770,6.6923
771,7.5339
772,7.6018
773,7.6667
774,7.5278
775,8.0
776,7.6018
777,7.2595
778,5.0
779,6.0
780,7.6018
781,7.6018
782,10.0
783,7.75
784,5.1611
785,7.6018
786,7.6018
787,7.0484
788,7.6018
789,7.5882
790,7.6018
791,7.6018
792,7.6018
793,6.0226
794,9.4878
795,6.2
796,7.6018
797,7.7105
798,7.5566
799,7.6018
800,7.6018
801,5.1355
802,7.6018
803,5.8333
804,8.875
805,7.6018
806,7.5952
807,8.8556
808,7.9286
809,7.6018
810,7.2
811,7.6018
812,7.6018
813,7.6018
814,7.6018
815,7.6018
816,7.6018
817,7.6018
818,7.6018
819,7.6018
820,7.0345
821,7.6018
822,7.6018
823,7.6018
824,6.0
825,7.2595
826,7.6018
827,7.0577
828,7.6018
829,7.1689
830,7.9375
831,7.6018
832,7.6018
833,7.6018
834,8.0
835,7.3523
836,8.8556
837,7.6018
838,7.6018
839,7.6018
840,7.0
841,7.6018
842,7.6018
843,7.6018
844,7.6018
845,8.8556
846,6.2778
847,7.0
848,8.8556
849,7.6018
850,7.6018
851,8.6316
852,7.6018
853,7.7857
854,7.6018
855,7.5065
856,7.6018
857,7.6018
858,7.1039
859,7.6018
860,7.55
861,7.6018
862,8.5714
863,7.5
864,8.1043
865,7.6018
866,7.6018
867,8.2857
868,7.6018
869,7.6018
870,7.4
871,8.275
872,6.6957
873,7.1667
874,7.6018
875,7.7449
876,7.8941
877,6.2143
878,7.6087
879,8.9565
880,7.6018
881,6.3514
882,7.6018
883,5.8571
884,8.0
885,7.6018
886,6.3333
887,7.7779
888,5.0
889,8.4615
890,9.1304
891,7.6018
892,7.3893
893,8.375
894,6.2381
895,7.6018
896,8.5
897,7.6018
898,7.6695
899,7.6018
900,7.6018
901,7.6018
902,7.8889
903,7.76
904,7.6018
905,7.6018
906,7.6667
907,7.0
908,9.0
909,7.6018
910,7.3796
911,7.0
912,8.4091
913,9.3077
914,5.6909
915,7.6018
916,7.6018
917,7.6018
918,8.0857
919,8.8556
920,7.6018
921,8.7143
922,8.0238
923,7.3404
924,7.6018
925,8.0833
926,7.6268
927,7.2595
928,7.6018
929,8.5
930,7.6018
931,7.6018
932,7.4444
933,7.6018
934,7.6018
935,7.6018
936,7.6018
937,9.5
938,7.6018
939,8.6667
940,9.1913
941,7.6018
942,8.1538
943,7.6018
944,8.9796
945,7.6018
946,7.3523
947,6.0
948,7.6018
949,7.6018
950,7.4
951,7.3796
952,7.6018
953,7.6018
954,5.0
955,7.6018
956,7.6018
957,8.8556
958,7.6018
959,7.6018
960,7.6018
961,8.2977
962,7.6018
963,7.6018
964,9.6
965,7.6018
966,7.5065
967,7.6018
968,7.6018
969,10.0
970,7.6018
971,7.6923
972,5.5556
973,7.4339
974,8.0
975,7.6018
976,7.6018
977,7.6018
978,7.6714
979,7.6018
980,7.6018
981,7.6018
982,7.6018
983,7.6018
984,7.6809
985,7.7009
986,7.6018
987,8.8556
988,8.3939
989,8.1538
990,7.6018
991,7.5455
992,7.6018
993,7.1689
994,8.873
995,7.6018
996,7.4848
997,7.6018
998,9.134
999,7.6018
1000,7.5
1001,7.6018
1002,7.4878
1003,7.6018
1004,6.7778
1005,6.6667
1006,6.7887
1007,7.6018
1008,7.6018
1009,10.0
1010,7.6018
1011,7.6018
1012,6.6522
1013,7.2595
1014,7.6018
1015,6.5833
1016,7.8723
1017,7.6018
1018,7.1687
1019,7.6154
1020,9.0262
1021,7.6018
1022,7.6018
1023,7.6538
1024,7.3103
1025,6.7403
1026,7.6018
1027,9.375
1028,7.6018
1029,7.6018
1030,7.6018
1031,7.6018
1032,7.4286
1033,6.9091
1034,9.6111
1035,7.6018
1036,7.6018
1037,7.0
1038,7.6018
1039,7.0
1040,8.5
1041,7.2595
1042,7.6018
1043,7.6923
1044,7.4483
1045,8.6667
1046,5.9474
1047,7.6018
1048,7.6018
1049,8.0
1050,6.25
1051,7.6018
1052,8.3649
1053,6.9231
1054,7.4118
1055,9.2
1056,7.0
1057,8.0
1058,7.6471
1059,7.5476
1060,8.8556
1061,8.7091
1062,7.6018
1063,7.6018
1064,7.6018
1065,8.7029
1066,7.6018
1067,8.1955
1068,7.6018
1069,7.6018
1070,7.7895
1071,8.1486
1072,8.0
1073,7.6018
1074,7.6018
1075,6.56
1076,7.6471
1077,7.6018
1078,7.6018
1079,7.6429
1080,4.9032
1081,7.6018
1082,7.6018
1083,7.6018
1084,7.3523
1085,7.6018
1086,9.0
1087,7.6018
1088,8.0
1089,7.5574
1090,7.6018
1091,7.6018
1092,7.6018
1093,8.3333
1094,7.6018
1095,7.6364
1096,7.6018
1097,7.6018
1098,7.0
1099,7.6018
1100,8.1667
1101,7.6018
1102,7.6018
1103,8.5556
1104,6.9259
1105,7.6018
1106,7.0
1107,7.6018
1108,7.6018
1109,7.6018
1110,7.6018
1111,7.6018
1112,7.6018
1113,7.8
1114,7.0
1115,7.6757
1116,4.0
1117,7.6018
1118,7.6018
1119,10.0
1120,7.6018
1121,7.2595
1122,7.6018
1123,8.75
1124,7.6018
1125,7.8
1126,7.6429
1127,7.6018
1128,7.9577
1129,7.6018
1130,7.2595
1131,8.3194
1132,7.6018
1133,7.6018
1134,7.6018
1135,6.0
1136,7.6018
1137,7.5802
1138,7.6018
1139,8.92
1140,7.6018
1141,8.7048
1142,8.7404
1143,7.6018
1144,7.6018
1145,7.1689
1146,5.1355
1147,7.6018
1148,6.3889
1149,8.1955
1150,7.53
1151,7.6018
1152,7.6018
1153,7.7762
1154,6.9333
1155,7.9947
1156,7.0
1157,7.6018
1158,5.1355
1159,7.6018
1160,7.6018
1161,7.6018
1162,7.8333
1163,7.6018
1164,7.6018
1165,8.875
1166,6.0958
1167,5.95
1168,7.6018
1169,7.6018
1170,7.6018
1171,7.1429
1172,7.6018
1173,7.6364
1174,7.5333
1175,7.6018
1176,7.6018
1177,6.6875
1178,7.6018
1179,7.6018
1180,7.6018
1181,7.8
1182,8.0
1183,7.6018
1184,8.2368
1185,8.2222
1186,8.2109
1187,7.6018
1188,7.8889
1189,6.0
1190,7.1667
1191,7.6018
1192,6.0
1193,7.6018
1194,8.75
1195,7.6018
1196,7.6018
1197,8.7368
1198,7.3523
1199,7.6018
1200,7.6018
1201,7.6018
1202,8.8556
1203,7.6018
1204,7.1039
1205,7.871
1206,8.0455
1207,7.6018
1208,7.6018
1209,8.2
1210,7.6018
1211,7.0
1212,5.0
1213,7.6018
1214,7.6018
1215,7.6018
1216,7.6018
1217,7.6018
1218,7.6268
1219,7.6018
1220,8.0
1221,9.3077
1222,7.6018
1223,7.875
1224,7.6018
1225,7.6018
1226,7.6018
1227,7.6018
1228,8.6
1229,7.6018
1230,7.6018
1231,7.6018
1232,7.6018
1233,7.6018
1234,6.3333
1235,7.6018
1236,7.6018
1237,7.6018
1238,7.6018
1239,8.1905
1240,7.6018
1241,7.6
1242,5.75
1243,8.8333
1244,8.5
1245,7.6018
1246,7.6018
1247,8.1072
1248,7.6018
1249,7.6018
1250,6.6708
1251,7.0
1252,7.6018
1253,7.6018
1254,7.6018
1255,7.6018
1256,7.6018
1257,7.6018
1258,9.6667
1259,7.6018
1260,8.1111
1261,7.6018
1262,9.1
1263,7.6061
1264,7.6018
1265,7.6018
1266,7.8
1267,6.5
1268,7.6018
1269,7.6018
1270,5.8214
1271,8.6719
1272,8.1886
1273,8.2
1274,7.0882
1275,7.6018
1276,7.6018
1277,7.6018
1278,7.15
1279,7.6018
1280,7.8612
1281,7.6018
1282,7.6018
1283,10.0
1284,7.3523
1285,7.0
1286,7.6018
1287,7.6018
1288,7.6018
1289,7.6018
1290,8.4118
1291,8.8556
1292,7.5
1293,8.8556
1294,8.0
1295,7.6018
1296,8.2991
1297,7.6018
1298,7.6018
1299,8.4474
1300,7.6018
1301,8.4906
1302,9.6216
1303,6.6364
1304,6.736
1305,7.6018
1306,7.6018
1307,7.6018
1308,7.6018
1309,7.6018
1310,7.6018
1311,7.6018
1312,7.6018
1313,7.6018
1314,7.6429
1315,7.6018
1316,7.6018
1317,7.1364
1318,7.6018
1319,6.0
1320,7.6018
1321,7.6018
1322,8.6842
1323,7.6018
1324,5.3333
1325,5.25
1326,7.9231
1327,7.6018
1328,7.6018
1329,7.6018
1330,9.0
1331,8.8556
1332,7.9947
1333,7.6018
1334,8.0
1335,8.0714
1336,7.6018
1337,7.6429
1338,9.0262
1339,9.1667
1340,9.1667
1341,9.1657
1342,7.6018
1343,7.6018
1344,7.6018
1345,7.6018
1346,8.8556
1347,7.2595
1348,7.6018
1349,7.6018
1350,7.6018
1351,7.2
1352,7.5339
1353,7.6018
1354,7.6018
1355,7.6018
1356,8.0
1357,7.6018
1358,7.6018
1359,7.6018
1360,5.5
1361,7.6018
1362,9.0
1363,8.0
1364,7.8924
1365,7.2595
1366,7.6018
1367,9.0
1368,7.6018
1369,7.6018
1370,7.6018
1371,8.6
1372,7.75
1373,7.6018
1374,7.2595
1375,6.9091
1376,8.5
1377,8.2222
1378,7.4865
1379,10.0
1380,8.0
1381,6.0
1382,7.7692
1383,7.2595
1384,7.1689
1385,7.6018
1386,7.2595
1387,6.4532
1388,7.6018
1389,7.6018
1390,7.8824
1391,7.6018
1392,7.6018
1393,7.2595
1394,7.6018
1395,7.6018
1396,7.875
1397,7.6018
1398,5.4444
1399,7.6018
1400,7.0
1401,7.6018
1402,8.8556
1403,7.3333
1404,7.6018
1405,7.6018
1406,7.6018
1407,6.7328
1408,9.1667
1409,8.1875
1410,7.6018
1411,8.7692
1412,7.6018
1413,7.6018
1414,8.0
1415,8.25
1416,8.5833
1417,6.9233
1418,7.95
1419,7.2846
1420,8.75
1421,8.25
1422,8.8462
1423,7.6018
1424,7.6018
1425,7.6018
1426,7.6018
1427,7.6018
1428,8.1955
1429,7.6018
1430,7.6018
1431,7.6018
1432,8.6833
1433,8.0
1434,7.6018
1435,6.6
1436,7.2595
1437,8.4474
1438,7.6018
1439,7.6018
1440,7.6018
1441,9.1786
1442,7.8
1443,7.6018
1444,7.0345
1445,7.6018
1446,7.6018
1447,7.6018
1448,7.6018
1449,7.6018
1450,7.6018
1451,7.7
1452,5.0
1453,9.3455
1454,7.0
1455,6.5
1456,5.5
1457,7.55
1458,8.5769
1459,7.6018
1460,7.6018
1461,7.6018
1462,10.0
1463,7.815
1464,7.6018
1465,7.125
1466,7.6018
1467,8.3953
1468,7.6018
1469,6.9583
1470,7.6018
1471,8.7404
1472,8.4286
1473,7.6018
1474,7.2917
1475,8.9828
1476,7.2857
1477,7.7236
1478,7.6018
1479,6.3333
1480,7.6018
1481,7.6018
1482,7.6018
1483,7.9231
1484,7.6018
1485,7.8074
1486,8.75
1487,7.6018
1488,5.0752
1489,7.2595
1490,8.5036
1491,5.7826
1492,7.6018
1493,7.6018
1494,7.6018
1495,7.6018
1496,7.6268
1497,7.6018
1498,7.6018
1499,6.0
1500,7.6018
1501,10.0
1502,7.3973
1503,6.3636
1504,8.8333
1505,9.0
1506,8.5657
1507,7.6018
1508,8.0
1509,7.6018
1510,7.6018
1511,7.6018
1512,7.6018
1513,7.7727
1514,7.6018
1515,7.6018
1516,8.8556
1517,7.6018
1518,7.9524
1519,7.6018
1520,7.0714
1521,7.6667
1522,7.2846
1523,8.4
1524,6.2308
1525,7.6018
1526,7.6018
1527,7.6018
1528,7.6018
1529,7.6018
1530,9.4545
1531,6.4286
1532,7.6018
1533,7.6018
1534,7.6018
1535,7.6018
1536,7.6018
1537,7.6018
1538,7.3846
1539,7.6018
1540,7.6018
1541,8.0833
1542,7.6018
1543,8.8556
1544,7.2595
1545,8.5
1546,7.6018
1547,7.2857
1548,6.5
1549,9.1429
1550,7.6018
1551,7.6018
1552,10.0
1553,8.0833
1554,7.6018
1555,7.6018
1556,7.6018
1557,7.6018
1558,7.6018
1559,7.875
1560,7.1689
1561,7.6018
1562,7.6018
1563,7.1212
1564,7.2595
1565,9.075
1566,7.6018
1567,8.3731
1568,7.6018
1569,7.7236
1570,7.0
1571,8.6667
1572,7.6018
1573,7.6018
1574,7.6018
1575,7.0
1576,7.8947
1577,7.6018
1578,7.6018
1579,7.6018
1580,7.6018
1581,7.96
1582,7.8675
1583,7.2595
1584,7.6018
1585,7.6018
1586,7.2857
1587,8.8333
1588,7.6018
1589,7.6667
1590,7.6018
1591,7.0
1592,7.6018
1593,8.2111
1594,6.9375
1595,7.2595
1596,8.0556
1597,7.6018
1598,7.6018
1599,5.4
1600,7.6018
1601,8.7463
1602,7.6018
1603,7.6018
1604,6.8571
1605,3.0
1606,6.8333
1607,7.6018
1608,7.6018
1609,8.0
1610,7.6018
1611,7.6018
1612,8.0
1613,7.6018
1614,7.6018
1615,9.2857
1616,7.6018
1617,8.25
1618,7.5556
1619,7.6018
1620,8.7368
1621,7.6018
1622,8.0
1623,7.9947
1624,5.1385
1625,7.6018
1626,7.6018
1627,7.6018
1628,7.6018
1629,7.2595
1630,6.6364
1631,7.6018
1632,8.2692
1633,7.0
1634,9.4839
1635,7.6018
1636,7.6018
1637,7.6018
1638,7.6018
1639,7.6018
1640,7.6018
1641,7.6018
1642,7.3523
1643,7.6018
1644,9.125
1645,7.543
1646,7.6018
1647,7.6018
1648,7.6018
1649,8.7143
1650,8.4546
1651,7.6018
1652,7.9452
1653,7.5476
1654,5.0
1655,6.0226
1656,7.6018
1657,8.6667
1658,7.6018
1659,8.0455
1660,7.6018
1661,8.375
1662,7.6018
1663,7.2595
1664,7.2595
1665,7.9667
1666,7.6018
1667,7.6018
1668,8.9905
1669,7.6018
1670,6.6214
1671,7.7971
1672,6.375
1673,7.6018
1674,5.0
1675,8.4091
1676,7.6018
1677,7.6018
1678,7.6018
1679,6.7368
1680,7.9947
1681,7.6018
1682,8.2353
1683,7.6018
1684,7.6018
1685,7.6018
1686,8.0
1687,7.6018
1688,7.4339
1689,7.6018
1690,6.4459
1691,7.6018
1692,7.8527
1693,7.6018
1694,7.6018
1695,7.9947
1696,7.6018
1697,7.6018
1698,8.2222
1699,6.25
1700,6.0
1701,7.6018
1702,8.6667
1703,7.6018
1704,8.1111
1705,7.0
1706,5.2
1707,7.6018
1708,8.5
1709,8.375
1710,7.6018
1711,6.7358
1712,7.5714
1713,7.6018
1714,7.75
1715,7.6018
1716,9.0
1717,7.6018
1718,8.0622
1719,8.8556
1720,8.3
1721,7.6018
1722,7.0
1723,7.4167
1724,5.8529
1725,8.1829
1726,7.6018
1727,8.8556
1728,7.6018
1729,7.6018
1730,7.6018
1731,6.8276
1732,7.6018
1733,7.6018
1734,7.6018
1735,5.5401
1736,7.6018
1737,7.6018
1738,7.6018
1739,7.6018
1740,7.0
1741,7.6018
1742,7.6018
1743,8.0
1744,7.5
1745,5.0
1746,7.6018
1747,8.2857
1748,6.5
1749,7.2595
1750,9.0
1751,7.6018
1752,7.6018
1753,6.6522
1754,9.5161
1755,7.6018
1756,10.0
1757,7.6018
1758,7.7236
1759,7.6429
1760,7.6018
1761,8.0294
1762,7.141
1763,8.5714
1764,8.9796
1765,7.6018
1766,7.4421
1767,7.6018
1768,9.1333
1769,7.2595
1770,7.6018
1771,7.6018
1772,7.6018
1773,7.6018
1774,7.6018
1775,7.5263
1776,5.9286
1777,7.6018
1778,7.6154
1779,8.2109
1780,8.7029
1781,7.6018
1782,8.3714
1783,7.6018
1784,7.6018
1785,7.6018
1786,6.5
1787,7.6018
1788,8.0
1789,7.875
1790,4.5
1791,8.7109
1792,7.8889
1793,9.0
1794,7.6018
1795,7.96
1796,8.4906
1797,9.4632
1798,8.873
1799,9.5
1800,8.88
1801,9.4462
1802,7.6018
1803,7.2595
1804,8.0426
1805,7.6018
1806,8.9315
1807,7.9645
1808,7.6018
1809,8.5866
1810,7.2595
1811,9.0262
1812,8.1667
1813,7.0
1814,7.6471
1815,7.6018
1816,7.3636
1817,6.9556
1818,7.8333
1819,7.6018
1820,7.6018
1821,7.9143
1822,7.3333
1823,7.6018
1824,8.0
1825,7.6018
1826,9.5
1827,7.6
1828,6.6742
1829,7.6018
1830,7.2595
1831,7.6018
1832,7.6018
1833,7.828
1834,7.6018
1835,9.75
1836,7.4151
1837,8.6924
1838,7.2595
1839,8.2222
1840,9.28
1841,8.8556
1842,7.5185
1843,6.1667
1844,7.6018
1845,5.2
1846,8.2
1847,9.0
1848,7.6018
1849,7.1667
1850,7.6018
1851,7.3182
1852,7.3333
1853,8.3333
1854,8.0909
1855,6.1
1856,7.5
1857,7.6018
1858,7.6018
1859,6.4118
1860,7.6018
1861,7.8
1862,7.6018
1863,7.6875
1864,6.8889
1865,7.6018
1866,7.75
1867,7.6018
1868,6.5
1869,7.6018
1870,7.6018
1871,7.6018
1872,7.6018
1873,8.122
1874,7.6018
1875,7.6018
1876,8.5
1877,8.25
1878,7.6018
1879,6.7917
1880,7.6018
1881,7.6018
1882,7.4
1883,4.9718
1884,5.25
1885,10.0
1886,7.6018
1887,7.6018
1888,5.5
1889,7.6018
1890,10.0
1891,6.9263
1892,7.6897
1893,7.6018
1894,7.9273
1895,7.2595
1896,7.6018
1897,7.6018
1898,7.6018
1899,8.7805
1900,8.1928
1901,7.6018
1902,9.2095
1903,7.3571
1904,5.0752
1905,7.8889
1906,7.6018
1907,7.1321
1908,8.5
1909,7.7449
1910,7.2595
1911,7.6018
1912,7.6018
1913,7.6018
1914,7.6018
1915,8.1486
1916,7.6018
1917,7.6018
1918,7.9231
1919,7.6018
1920,7.6018
1921,7.6018
1922,7.6018
1923,8.0
1924,7.6018
1925,7.0
1926,7.6018
1927,7.3
1928,8.1043
1929,7.6018
1930,7.6018
1931,7.6018
1932,6.0
1933,8.7874
1934,7.5
1935,5.4
1936,7.2595
1937,7.6018
1938,6.5
1939,7.6018
1940,7.6018
1941,8.1794
1942,8.0
1943,7.6018
1944,7.6018
1945,7.6018
1946,7.6018
1947,7.75
1948,7.6018
1949,7.6018
1950,7.8333
1951,7.6018
1952,8.0
1953,7.7105
1954,7.6018
1955,7.6018
1956,7.6018
1957,8.7029
1958,7.7105
1959,7.6018
1960,5.9286
1961,7.6018
1962,7.6018
1963,7.6018
1964,7.6018
1965,7.6018
1966,7.6018
1967,8.1538
1968,7.6018
1969,7.6018
1970,7.6018
1971,5.25
1972,7.6018
1973,7.6268
1974,8.0
1975,7.6018
1976,7.2595
1977,7.6018
1978,8.9828
1979,7.6018
1980,7.6018
1981,7.0
1982,7.6018
1983,8.3158
1984,5.0
1985,7.6018
1986,7.6018
1987,7.1321
1988,7.6018
1989,9.2777
1990,7.6018
1991,8.0
1992,7.6018
1993,7.6018
1994,7.6018
1995,7.6018
1996,8.5769
1997,8.1955
1998,7.6018
1999,7.6018
2000,7.6018
2001,8.6
2002,8.2857
2003,6.0226
2004,7.6018
2005,5.6379
2006,7.6018
2007,7.1152
2008,9.0
2009,7.3846
2010,8.0
2011,7.6018
2012,8.0
2013,7.6018
2014,7.6018
2015,8.1579
2016,8.8556
2017,7.6018
2018,7.6018
2019,7.1613
2020,7.2595
2021,7.6061
2022,8.2353
2023,6.7767
2024,7.6018
2025,7.6018
2026,7.6018
2027,8.0883
2028,7.6018
2029,6.25
2030,7.6018
2031,7.6018
2032,7.6018
2033,7.6018
2034,7.6018
2035,7.7895
2036,7.8916
2037,7.6018
2038,6.0226
2039,7.6018
2040,7.6018
2041,7.6018
2042,8.5667
2043,5.3182
2044,9.5925
2045,8.0
2046,7.6018
2047,10.0
2048,7.8077
2049,9.5
2050,7.6018
2051,7.0667
2052,7.6018
2053,8.8556
2054,6.5333
2055,7.6018
2056,7.7009
2057,7.6018
2058,7.6018
2059,7.2258
2060,7.6018
2061,8.7619
2062,7.6018
2063,7.918
2064,8.1111
2065,8.9655
2066,7.6018
2067,8.5714
2068,6.5
2069,7.6018
2070,7.2
2071,7.15
2072,9.2897
2073,7.6018
2074,8.3333
2075,8.2222
2076,6.5
2077,7.6018
2078,8.75
2079,7.5714
2080,7.6018
2081,7.6018
2082,7.6018
2083,7.2857
2084,10.0
2085,7.6018
2086,7.6018
2087,7.6018
2088,6.6842
2089,7.6018
2090,7.6018
2091,7.6018
2092,7.6018
2093,7.6575
2094,7.6018
2095,7.6018
2096,8.8333
2097,7.6018
2098,7.6018
2099,8.8556
2100,6.1765
2101,7.6018
2102,6.4733
2103,7.6018
2104,7.6018
2105,8.0556
2106,7.5
2107,7.6018
2108,7.6018
2109,8.7
2110,8.6667
2111,7.6122
2112,7.6018
2113,7.0
2114,6.2632
2115,6.625
2116,7.96
2117,7.6018
2118,7.6018
2119,7.8182
2120,7.6018
2121,8.0
2122,7.6018
2123,7.6018
2124,7.6471
2125,7.6018
2126,7.6018
2127,7.2595
2128,6.0
2129,7.1463
2130,8.1
2131,6.8824
2132,7.6018
2133,8.8556
2134,7.375
2135,7.6018
2136,7.6018
2137,6.7143
2138,7.6018
2139,7.6018
2140,7.6018
2141,7.6018
2142,7.6018
2143,5.0
2144,7.2595
2145,7.6018
2146,7.6018
2147,7.6018
2148,7.6018
2149,7.6018
2150,5.0
2151,7.6018
2152,7.6018
2153,8.5
2154,7.75
2155,5.2728
2156,7.6018
2157,9.5624
2158,9.0
2159,7.6018
2160,7.6018
2161,7.0
2162,7.6018
2163,9.1786
2164,7.6018
2165,9.1667
2166,7.8812
2167,7.5636
2168,7.6018
2169,7.2
2170,7.6018
2171,7.5
2172,7.6
2173,7.6018
2174,7.7
2175,4.7059
2176,7.6018
2177,6.0
2178,7.2595
2179,8.3333
2180,6.8333
2181,7.6018
2182,7.6018
2183,7.45
2184,7.6018
2185,7.6018
2186,8.023
2187,7.6018
2188,8.8556
2189,7.5938
2190,7.6018
2191,7.6018
2192,7.6018
2193,6.0226
2194,7.6018
2195,5.0752
2196,7.6018
2197,9.0
2198,7.6018
2199,7.2595
2200,7.1944
2201,7.6018
2202,7.6018
2203,7.6018
2204,6.1071
2205,7.2595
2206,7.6018
2207,7.6018
2208,7.6018
2209,7.6018
2210,7.6018
2211,9.4583
2212,7.7762
2213,7.6018
2214,7.6018
2215,6.2
2216,7.6018
2217,7.6018
2218,7.6018
2219,7.6018
2220,6.9091
2221,7.6018
2222,8.8556
2223,7.9
2224,7.5065
2225,7.6018
2226,7.6018
2227,7.6018
2228,6.0
2229,7.2595
2230,7.3846
2231,6.875
2232,7.6018
2233,7.2595
2234,7.6018
2235,7.6018
2236,7.6018
2237,7.5965
2238,9.4583
2239,8.75
2240,7.6018
2241,8.9714
2242,7.6018
2243,8.875
2244,8.0
2245,7.6018
2246,7.6018
2247,7.6018
2248,7.6018
2249,5.0752
2250,7.6018
2251,8.4286
2252,6.0
2253,7.6018
2254,7.6018
2255,7.6018
2256,7.0
2257,7.6018
2258,7.6018
2259,8.1277
2260,9.25
2261,7.6018
2262,6.0909
2263,7.6018
2264,7.6018
2265,7.6018
2266,8.375
2267,7.6018
2268,7.6018
2269,7.6018
2270,7.6018
2271,7.6152
2272,6.75
2273,6.0714
2274,7.6018
2275,9.3832
2276,7.6268
2277,7.5
2278,5.0
2279,7.6018
2280,7.2595
2281,7.1026
2282,7.6018
2283,7.6018
2284,8.3
2285,7.6018
2286,7.6018
2287,7.6018
2288,7.0
2289,8.1667
2290,7.3913
2291,7.6018
2292,7.0
2293,7.6018
2294,7.6018
2295,7.6018
2296,7.6018
2297,8.0833
2298,7.6018
2299,6.6842
2300,8.8556
2301,7.6018
2302,7.6018
2303,7.6018
2304,6.6
2305,7.5455
2306,7.3182
2307,7.087
2308,7.9947
2309,7.6018
2310,7.6018
2311,8.8556
2312,6.9091
2313,8.1136
2314,7.6018
2315,6.6364
2316,7.6018
2317,7.6018
2318,6.5
2319,7.25
2320,6.3333
2321,7.4286
2322,7.6018
2323,7.6018
2324,9.0262
2325,3.6667
2326,7.6018
2327,7.6018
2328,7.8723
2329,8.0755
2330,8.3636
2331,7.8916
2332,7.6018
2333,5.6124
2334,7.6018
2335,7.6018
2336,8.1486
2337,7.5556
2338,7.6018
2339,7.6018
2340,7.6018
2341,8.4906
2342,6.2778
2343,8.2353
2344,7.6018
2345,9.0
2346,7.6018
2347,8.0
2348,7.6018
2349,7.6018
2350,5.1355
2351,8.2109
2352,7.6018
2353,8.8556
2354,8.1955
2355,8.5753
2356,7.6018
2357,7.6018
2358,7.6018
2359,9.0
2360,7.6018
2361,8.5165
2362,7.6018
2363,7.6018
2364,7.6667
2365,10.0
2366,7.2
2367,6.6667
2368,7.25
2369,7.6018
2370,8.5
2371,7.6018
2372,8.8556
2373,7.6018
2374,8.1043
2375,7.6018
2376,7.6018
2377,7.6018
2378,7.2595
2379,7.6018
2380,4.5455
2381,7.6018
2382,7.6018
2383,6.0226
2384,7.6018
2385,7.6018
2386,7.0
2387,7.4
2388,7.6018
2389,7.6018
2390,7.6018
2391,7.6018
2392,7.6018
2393,7.6018
2394,8.7903
2395,6.5
2396,7.6018
2397,7.2595
2398,7.2595
2399,7.6018
2400,9.0
2401,7.5
2402,8.5
2403,7.2258
2404,7.6018
2405,7.6018
2406,7.7009
2407,7.6018
2408,7.6018
2409,5.3636
2410,8.5294
2411,6.0
2412,8.0
2413,6.988
2414,7.6018
2415,7.6018
2416,7.6018
2417,6.8
2418,7.6018
2419,7.7
2420,7.6018
2421,7.6018
2422,7.6018
2423,8.3333
2424,8.0833
2425,7.6018
2426,7.6018
2427,7.6018
2428,8.92
2429,7.2632
2430,7.6018
2431,7.1689
2432,7.6018
2433,7.6018
2434,5.0
2435,7.6018
2436,7.6018
2437,7.6809
2438,8.3382
2439,7.0
2440,7.6018
2441,6.5714
2442,7.6018
2443,8.0
2444,7.2857
2445,9.2857
2446,6.0
2447,6.875
2448,7.8916
2449,7.5
2450,5.0
2451,7.6018
2452,7.1579
2453,7.9878
2454,7.5339
2455,6.375
2456,7.5
2457,7.6018
2458,7.5
2459,6.1667
2460,7.6268
2461,7.6018
2462,7.2963
2463,7.6018
2464,7.9947
2465,7.6018
2466,7.6122
2467,6.7323
2468,7.6018
2469,7.3158
2470,7.6018
2471,7.5472
2472,6.7403
2473,7.6018
2474,7.6018
2475,7.6018
2476,7.6018
2477,7.6018
2478,7.6018
2479,7.6018
2480,7.6018
2481,7.6018
2482,7.6018
2483,8.0556
2484,7.6018
2485,7.6018
2486,7.6018
2487,7.6018
2488,7.6018
2489,7.6018
2490,7.5065
2491,8.1111
2492,8.8556
2493,7.6018
2494,7.6122
2495,7.6018
2496,8.5
2497,7.6018
2498,7.6018
2499,8.0455
2500,7.6018
2501,6.1765
2502,7.6018
2503,6.8
2504,6.25
2505,7.6018
2506,5.1385
2507,6.5
2508,7.6018
2509,6.0958
2510,7.6018
2511,7.6018
2512,7.6018
2513,8.5165
2514,7.2595
2515,7.6018
2516,7.3333
2517,8.1928
2518,7.6018
2519,7.6018
2520,7.875
2521,7.6018
2522,7.6018
2523,7.6018
2524,8.8556
2525,7.6018
2526,7.6018
2527,9.0262
2528,7.6018
2529,7.2595
2530,7.6018
2531,7.6018
2532,7.6018
2533,7.6018
2534,7.5161
2535,8.8235
2536,8.1111
2537,7.6018
2538,6.6214
2539,7.6018
2540,8.1579
2541,7.6018
2542,7.1429
2543,7.6018
2544,8.9828
2545,7.6018
2546,10.0
2547,7.6018
2548,7.6018
2549,7.6018
2550,7.7009
2551,7.6018
2552,8.8556
2553,7.6018
2554,8.8556
2555,7.6018
2556,7.6268
2557,7.6018
2558,8.42
2559,9.0
2560,7.6018
2561,7.8667
2562,7.6
2563,7.6018
2564,7.6018
2565,3.7273
2566,7.6018
2567,7.6018
2568,7.6268
2569,7.6018
2570,7.6018
2571,7.6018
2572,7.8941
2573,7.6018
2574,7.6018
2575,6.9655
2576,7.6018
2577,7.6018
2578,7.6018
2579,10.0
2580,8.3382
2581,7.6018
2582,8.1786
2583,7.4286
2584,6.5
2585,7.6018
2586,9.25
2587,7.6018
2588,7.6018
2589,7.6018
2590,6.0
2591,7.6018
2592,8.4
2593,8.6667
2594,7.6018
2595,7.6018
2596,7.6018
2597,7.6
2598,7.6018
2599,7.2595
2600,6.5
2601,7.6018
2602,7.1429
2603,6.0
2604,7.6018
2605,8.8556
2606,7.5938
2607,8.037
2608,5.2023
2609,7.6018
2610,7.6018
2611,6.0
2612,7.6018
2613,7.6018
2614,7.6018
2615,7.6018
2616,6.5
2617,9.6139
2618,7.6018
2619,8.1765
2620,7.6018
2621,7.6018
2622,7.6018
2623,7.6018
2624,6.6
2625,7.6018
2626,8.1856
2627,8.0
2628,7.6018
2629,7.2727
2630,6.9483
2631,8.5
2632,7.6018
2633,7.6018
2634,7.6018
2635,6.6154
2636,7.3571
2637,7.8667
2638,7.6018
2639,7.6018
2640,5.0
2641,7.6018
2642,7.6018
2643,8.1053
2644,7.6018
2645,5.1
2646,9.0262
2647,8.5833
2648,7.6018
2649,9.0262
2650,7.6018
2651,7.6018
2652,7.6018
2653,7.2595
2654,7.6018
2655,7.6018
2656,7.6018
2657,9.643
2658,6.9
2659,7.6018
2660,7.6018
2661,7.6018
2662,7.9
2663,7.2941
2664,9.25
2665,7.6018
2666,6.7143
2667,7.6018
2668,7.6667
2669,7.6018
2670,7.6018
2671,7.6018
2672,7.6018
2673,6.7358
2674,6.8689
2675,7.8594
2676,9.1667
2677,7.6018
2678,7.4167
2679,7.6018
2680,7.6018
2681,7.6018
2682,7.9559
2683,7.6018
2684,7.2595
2685,7.5065
2686,8.0909
2687,7.6018
2688,7.6018
2689,5.0
2690,7.6018
2691,8.25
2692,7.6018
2693,7.6018
2694,7.6268
2695,7.6018
2696,7.5405
2697,7.6018
2698,8.0714
2699,7.6018
2700,8.5
2701,8.3731
2702,7.6018
2703,6.7129
2704,7.6018
2705,8.3714
2706,7.6018
2707,7.6018
2708,7.625
2709,7.6018
2710,8.5833
2711,7.6018
2712,7.087
2713,7.6018
2714,7.6018
2715,8.3649
2716,7.6018
2717,8.8556
2718,7.5505
2719,8.25
2720,7.6667
2721,6.6364
2722,7.6018
2723,9.0011
2724,7.6018
2725,5.9743
2726,7.6018
2727,7.6018
2728,7.6018
2729,7.6018
2730,7.6018
2731,8.2727
2732,7.6018
2733,8.0
2734,7.6018
2735,10.0
2736,9.2398
2737,8.7273
2738,9.0262
2739,7.2222
2740,7.6018
2741,8.3333
2742,8.875
2743,7.6018
2744,7.6018
2745,10.0
2746,7.6855
2747,7.6018
2748,7.6018
2749,7.6018
2750,7.7009
2751,6.3
2752,7.6018
2753,9.6503
2754,7.6018
2755,7.6018
2756,7.6018
2757,7.8888
2758,7.8889
2759,7.9696
2760,7.6018
2761,7.6018
2762,7.0
2763,7.6018
2764,7.4074
2765,5.0
2766,7.0484
2767,8.2727
2768,8.2
2769,7.6018
2770,7.6018
2771,7.4375
2772,7.6018
2773,7.6018
2774,9.0262
2775,9.0
2776,7.6018
2777,9.1373
2778,7.0484
2779,7.6018
2780,7.6018
2781,7.2595
2782,7.6018
2783,8.7234
2784,4.5556
2785,7.3148
2786,7.6018
2787,7.6018
2788,8.0
2789,5.4
2790,6.8689
2791,7.3333
2792,7.0
2793,8.6111
2794,5.0
2795,7.6018
2796,7.5926
2797,7.6018
2798,7.6018
2799,7.25
2800,8.8114
2801,7.3333
2802,7.6018
2803,7.069
2804,7.6018
2805,6.25
2806,6.8462
2807,9.2619
2808,6.9091
2809,7.6018
2810,6.8276
2811,7.6018
2812,7.6018
2813,6.3333
2814,2.6224
2815,7.6018
2816,7.6018
2817,7.6018
2818,7.6018
2819,7.6018
2820,7.2595
2821,7.9286
2822,7.2595
2823,7.6018
2824,7.6018
2825,4.0
2826,7.6018
2827,9.5
2828,7.8235
2829,7.6018
2830,7.4146
2831,7.6018
2832,8.4634
2833,7.4824
2834,9.3333
2835,8.9403
2836,6.817
2837,7.6018
2838,7.6018
2839,7.6018
2840,7.6018
2841,7.6018
2842,7.6018
2843,8.3333
2844,5.9091
2845,10.0
2846,7.6018
2847,7.6018
2848,7.2595
2849,7.2595
2850,6.7
2851,7.6018
2852,6.7
2853,8.5
2854,7.6018
2855,7.75
2856,7.918
2857,7.6018
2858,7.6018
2859,7.6018
2860,7.6018
2861,8.8556
2862,7.6018
2863,6.8333
2864,7.6018
2865,7.5
2866,7.6018
2867,7.6018
2868,7.6018
2869,7.6018
2870,7.6018
2871,7.6018
2872,6.7857
2873,7.6018
2874,7.6571
2875,8.5036
2876,7.6018
2877,10.0
2878,7.6018
2879,7.6018
2880,7.6018
2881,10.0
2882,9.3333
2883,8.0
2884,7.1455
2885,7.15
2886,8.926
2887,7.6018
2888,7.2857
2889,8.0
2890,7.6018
2891,7.2595
2892,10.0
2893,7.6018
2894,7.4339
2895,6.875
2896,9.0
2897,7.7533
2898,7.2941
2899,9.3333
2900,7.6018
2901,7.6018
2902,7.6018
2903,7.6018
2904,9.0
2905,7.6018
2906,7.6018
2907,7.6018
2908,7.1689
2909,7.6018
2910,7.6018
2911,7.2243
2912,8.6667
2913,7.6018
2914,8.0385
2915,7.6018
2916,7.6018
2917,8.0
2918,7.6018
2919,9.0
2920,7.6018
2921,7.6018
2922,7.6018
2923,7.6018
2924,7.2561
2925,7.6018
2926,7.6018
2927,9.0
2928,7.6018
2929,7.6018
2930,7.6018
2931,7.6018
2932,6.8182
2933,7.55
2934,7.6018
2935,7.6018
2936,7.6018
2937,7.6018
2938,7.6018
2939,7.6018
2940,7.6018
2941,7.6018
2942,9.075
2943,7.6018
2944,7.6018
2945,7.2595
2946,7.1333
2947,6.875
2948,7.1517
2949,8.6667
2950,9.0
2951,7.6018
2952,8.1111
2953,8.1829
2954,9.4545
2955,7.6018
2956,7.6018
2957,7.6018
2958,8.2764
2959,6.3333
2960,8.7234
2961,7.6018
2962,7.6268
2963,7.1429
2964,6.8571
2965,6.76
2966,7.6018
2967,8.1976
2968,7.6471
2969,6.25
2970,7.6018
2971,7.6018
2972,7.4074
2973,8.9714
2974,7.2595
2975,7.6018
2976,7.6018
2977,7.2595
2978,7.6018
2979,7.6018
2980,7.6018
2981,6.9388
2982,7.6018
2983,6.2
2984,7.6018
2985,7.6018
2986,7.6018
2987,7.6018
2988,8.8556
2989,7.6018
2990,8.64
2991,9.5
2992,7.6018
2993,7.6018
2994,7.6018
2995,7.6018
2996,7.2595
2997,8.8556
2998,7.6018
2999,7.7762
3000,8.2
3001,6.5714
3002,7.6018
3003,7.3571
3004,7.6018
3005,7.8182
3006,10.0
3007,7.6429
3008,8.0
3009,8.0755
3010,7.6018
3011,7.6026
3012,7.6018
3013,7.6018
3014,7.6018
3015,7.6018
3016,7.6018
3017,6.5161
3018,7.6018
3019,7.6018
3020,7.2857
3021,7.6018
3022,7.6018
3023,7.6018
3024,8.0
3025,7.6018
3026,7.3744
3027,7.3462
3028,7.6018
3029,7.5556
3030,7.6018
3031,7.6018
3032,7.6018
3033,6.7917
3034,7.6018
3035,7.6018
3036,7.6018
3037,7.2595
3038,7.6018
3039,7.6018
3040,7.6018
3041,7.3571
3042,7.6018
3043,7.6018
3044,7.1579
3045,7.6018
3046,7.6018
3047,7.6018
3048,6.5
3049,7.6018
3050,7.6018
3051,7.2595
3052,7.2857
3053,7.6018
3054,8.2353
3055,7.6018
3056,7.6018
3057,7.0
3058,7.069
3059,8.1577
3060,7.6018
3061,7.6018
3062,8.1
3063,7.6018
3064,7.2595
3065,7.6018
3066,7.6018
3067,7.3438
3068,7.6018
3069,7.6018
3070,7.6018
3071,7.0
3072,6.5
3073,7.0
3074,7.2595
3075,9.0
3076,7.1321
3077,7.6018
3078,7.0
3079,7.6018
3080,8.8556
3081,7.6018
3082,8.8556
3083,7.6018
3084,6.6214
3085,6.7403
3086,7.6018
3087,7.6018
3088,7.2595
3089,7.5505
3090,7.6018
3091,7.6018
3092,7.5
3093,7.6018
3094,7.6018
3095,7.6018
3096,7.8889
3097,7.6018
3098,7.6018
3099,7.6018
3100,7.7105
3101,7.6018
3102,7.6018
3103,9.125
3104,7.0
3105,7.6018
3106,7.8
3107,6.6
3108,7.7009
3109,8.0
3110,6.4375
3111,8.9091
3112,6.5667
3113,8.1429
3114,7.0
3115,7.6018
3116,7.6018
3117,7.6018
3118,7.6018
3119,6.3333
3120,8.0
3121,7.6018
3122,5.0
3123,4.0
3124,7.6018
3125,7.6018
3126,7.6018
3127,7.0818
3128,7.0
3129,7.6018
3130,7.1212
3131,7.6018
3132,7.6018
3133,8.0435
3134,7.2174
3135,7.6018
3136,7.6018
3137,6.5333
3138,6.6667
3139,7.6018
3140,6.0
3141,7.6018
3142,10.0
3143,7.6018
3144,7.6018
3145,7.6018
3146,7.6018
3147,8.6719
3148,7.6018
3149,7.2846
3150,7.6018
3151,7.6018
3152,8.0909
3153,7.6018
3154,6.8377
3155,7.6018
3156,7.7775
3157,7.3333
3158,7.2595
3159,9.6429
3160,7.6018
3161,7.55
3162,8.2
3163,7.6018
3164,8.2857
3165,5.4074
3166,7.0
3167,7.6018
3168,7.125
3169,6.0
3170,8.0
3171,7.6018
3172,7.6018
3173,7.6018
3174,7.6018
3175,7.6018
3176,7.6018
3177,7.6018
3178,7.6018
3179,6.9
3180,7.2429
3181,7.6018
3182,6.5628
3183,7.6018
3184,7.6018
3185,7.6018
3186,6.7328
3187,7.5385
3188,7.6018
3189,7.6018
3190,6.9333
3191,7.6875
3192,7.6018
3193,8.1781
3194,7.0882
3195,9.4444
3196,7.2429
3197,6.9583
3198,7.6018
3199,8.0
3200,7.6018
3201,7.6018
3202,7.6018
3203,7.6018
3204,7.6018
3205,7.6018
3206,7.6018
3207,7.6018
3208,8.1976
3209,9.5
3210,7.2595
3211,8.05
3212,7.3438
3213,7.8182
3214,7.6018
3215,7.6018
3216,8.0833
3217,7.6018
3218,8.5
3219,9.134
3220,7.6018
3221,7.6018
3222,7.6018
3223,7.6018
3224,7.6018
3225,7.6018
3226,7.6282
3227,8.5036
3228,7.6018
3229,6.5238
3230,7.6018
3231,8.0882
3232,7.6018
3233,7.7009
3234,7.9167
3235,10.0
3236,8.7404
3237,7.6018
3238,7.4167
3239,7.6018
3240,7.6018
3241,7.2595
3242,7.6018
3243,6.0
3244,7.6018
3245,7.6268
3246,7.2
3247,7.6018
3248,7.6018
3249,7.6018
3250,7.6018
3251,7.6018
3252,7.6018
3253,7.6018
3254,7.6018
3255,7.6018
3256,7.75
3257,8.3953
3258,7.6018
3259,7.6018
3260,7.6018
3261,7.9286
3262,7.6018
3263,7.6018
3264,7.6018
3265,7.2595
3266,7.6018
3267,7.6018
3268,7.9091
3269,7.6018
3270,7.6018
3271,7.8824
3272,7.6018
3273,7.72
3274,8.8556
3275,7.6018
3276,8.2109
3277,7.6018
3278,7.6018
3279,7.6018
3280,9.0
3281,7.6018
3282,7.3523
3283,7.6667
3284,7.6018
3285,6.9
3286,5.0
3287,8.8667
3288,7.6018
3289,7.5681
3290,7.4824
3291,8.0
3292,7.6018
3293,9.0262
3294,6.8125
3295,7.6018
3296,7.9947
3297,8.8556
3298,8.037
3299,7.6018
3300,8.0
3301,6.0
3302,7.6018
3303,8.2353
3304,7.6018
3305,7.6018
3306,7.6018
3307,8.1818
3308,7.6471
3309,7.6018
3310,7.6018
3311,7.6018
3312,7.4339
3313,9.9488
3314,8.037
3315,7.6018
3316,7.6471
3317,8.0588
3318,7.6018
3319,7.5574
3320,7.6018
3321,8.8556
3322,9.0
3323,7.6018
3324,7.6018
3325,7.2595
3326,7.6018
3327,7.6018
3328,8.3939
3329,7.6018
3330,7.6018
3331,6.75
3332,7.8182
3333,8.7391
3334,7.6018
3335,8.7805
3336,9.4583
3337,7.2857
3338,7.6018
3339,7.6018
3340,7.3523
3341,6.8689
3342,9.2667
3343,7.6018
3344,7.6018
3345,7.6018
3346,7.6018
3347,8.0
3348,7.6018
3349,7.6018
3350,7.6018
3351,7.6018
3352,7.6018
3353,7.6018
3354,7.3478
3355,7.6018
3356,7.6018
3357,7.6018
3358,7.6018
3359,7.95
3360,7.6018
3361,5.1
3362,7.6018
3363,7.6018
3364,7.6018
3365,8.2903
3366,10.0
3367,7.5
3368,7.6018
3369,7.6018
3370,7.6018
3371,9.5
3372,7.6018
3373,8.0455
3374,8.96
3375,7.6018
3376,7.4167
3377,7.6018
3378,6.7778
3379,7.6018
3380,8.8556
3381,7.7009
3382,7.6018
3383,7.6018
3384,7.4074
3385,5.7
3386,8.1875
3387,8.0
3388,7.6018
3389,7.6018
3390,8.8556
3391,7.8667
3392,6.9655
3393,8.375
3394,7.3973
3395,7.6018
3396,7.6018
3397,8.9979
3398,8.7048
3399,7.6018
3400,7.1321
3401,7.6018
3402,8.0094
3403,7.4421
3404,8.0
3405,7.6018
3406,7.6018
3407,7.6018
3408,6.7581
3409,7.6018
3410,7.6018
3411,7.6018
3412,7.5882
3413,7.6018
3414,7.6018
3415,7.6018
3416,7.6018
3417,9.4
3418,7.6018
3419,7.6018
3420,7.6018
3421,6.8889
3422,7.8
3423,7.6018
3424,7.6018
3425,8.8556
3426,8.8065
3427,7.6018
3428,7.6018
3429,7.814
3430,4.0
3431,7.6018
3432,7.6018
3433,6.5
3434,8.0
3435,8.1829
3436,9.2857
3437,5.0
3438,7.6018
3439,7.6018
3440,7.6018
3441,7.7449
3442,7.6018
3443,9.0
3444,9.0
3445,7.6018
3446,9.0
3447,7.5
3448,7.6018
3449,6.2381
3450,8.0
3451,7.5952
3452,7.6018
3453,5.5
3454,9.3091
3455,6.8
3456,9.0
3457,7.4545
3458,7.6018
3459,7.6018
3460,7.6018
3461,7.6018
3462,7.6018
3463,9.0
3464,7.1039
3465,6.6875
3466,7.0
3467,7.6018
3468,7.9231
3469,7.6018
3470,6.0
3471,7.6018
3472,7.6018
3473,7.6018
3474,7.6018
3475,8.4667
3476,7.6018
3477,6.5161
3478,7.6018
3479,6.7358
3480,7.2857
3481,8.2222
3482,7.6018
3483,7.6018
3484,5.1355
3485,8.5625
3486,7.6018
3487,6.7581
3488,8.0
3489,7.1039
3490,7.5
3491,6.0556
3492,7.6018
3493,8.2857
3494,7.6018
3495,8.3814
3496,5.0
3497,7.6018
3498,8.1538
3499,7.6018
3500,6.8689
3501,7.6018
3502,9.0
3503,7.6018
3504,7.6018
3505,7.6018
3506,7.6018
3507,7.6018
3508,7.1429
3509,7.6018
3510,7.6018
3511,6.7143
3512,8.05
3513,7.6018
3514,7.6018
3515,7.6018
3516,8.4634
3517,5.9006
3518,7.6018
3519,7.6018
3520,7.6018
3521,8.0455
3522,7.6018
3523,7.6018
3524,7.6018
3525,7.2595
3526,7.6018
3527,5.9286
3528,7.6018
3529,7.6018
3530,7.6018
3531,9.6141
3532,8.0
3533,8.1667
3534,8.1111
3535,7.6018
3536,8.0
3537,7.6018
3538,7.828
3539,8.8556
3540,10.0
3541,7.6018
3542,8.8333
3543,7.25
3544,7.6018
3545,7.2595
3546,6.7403
3547,7.6018
3548,7.6018
3549,7.6018
3550,7.3523
3551,7.6018
3552,6.75
3553,7.6018
3554,7.6018
3555,6.5
3556,7.6667
3557,7.6018
3558,8.6567
3559,7.2595
3560,7.6018
3561,7.6018
3562,7.6018
3563,7.9
3564,8.8556
3565,7.6018
3566,6.4602
3567,7.6018
3568,6.0
3569,6.5
3570,7.5789
3571,5.0
3572,7.6018
3573,7.3333
3574,6.9375
3575,9.5
3576,7.6018
3577,7.6018
3578,7.3333
3579,8.2
3580,6.9691
3581,9.5
3582,7.6018
3583,7.6018
3584,7.6018
3585,7.6018
3586,7.6018
3587,7.8
3588,7.6667
3589,8.6237
3590,8.92
3591,7.6018
3592,8.4634
3593,7.6018
3594,7.6018
3595,8.9959
3596,7.6018
3597,7.6018
3598,7.6018
3599,7.5505
3600,7.6018
3601,7.6018
3602,7.6018
3603,5.0
3604,7.6018
3605,8.0
3606,7.6018
3607,8.5
3608,7.6018
3609,7.6018
3610,8.5
3611,7.6018
3612,8.5909
3613,7.6018
3614,7.6018
3615,7.6018
3616,7.6018
3617,7.2006
3618,9.0
3619,7.7407
3620,8.5
3621,7.0
3622,7.6018
3623,6.6214
3624,7.3523
3625,7.6018
3626,6.5
3627,7.6018
3628,6.4118
3629,7.6018
3630,7.6018
3631,7.6018
3632,7.6018
3633,7.6018
3634,6.9737
3635,7.1689
3636,6.0667
3637,7.9
3638,7.6018
3639,7.6018
3640,8.0
3641,7.6018
3642,7.6018
3643,7.9695
3644,7.6018
3645,7.6018
3646,6.0
3647,7.2595
3648,7.6018
3649,8.0
3650,6.861
3651,7.6018
3652,7.6018
3653,7.0
3654,7.4545
3655,9.75
3656,7.6018
3657,7.6018
3658,7.6018
3659,7.6018
3660,6.0
3661,7.0294
3662,8.6111
3663,8.7091
3664,7.2595
3665,7.6018
3666,7.6018
3667,8.2
3668,8.0841
3669,10.0
3670,7.8333
3671,7.6018
3672,7.6018
3673,8.0
3674,7.2595
3675,7.8916
3676,7.6018
3677,5.0
3678,6.1667
3679,6.4
3680,7.8077
3681,8.3
3682,7.3523
3683,5.5
3684,8.4
3685,7.8812
3686,7.4824
3687,7.6018
3688,7.2595
3689,7.6018
3690,7.6018
3691,7.2595
3692,7.4286
3693,7.0
3694,7.6018
3695,7.6018
3696,7.6018
3697,7.6018
3698,8.8556
3699,7.6018
3700,7.6018
3701,5.0
3702,7.6018
3703,7.6018
3704,7.0
3705,5.4074
3706,7.2595
3707,6.8182
3708,7.6018
3709,7.2595
3710,7.6018
3711,7.5
3712,7.6018
3713,7.6018
3714,7.6018
3715,7.3333
3716,7.3796
3717,7.6018
3718,6.56
3719,7.6018
3720,7.6842
3721,7.1026
3722,8.7368
3723,7.3523
3724,7.6018
3725,7.375
3726,7.6018
3727,7.9091
3728,8.3939
3729,4.8462
3730,7.2595
3731,7.6018
3732,7.5
3733,7.6018
3734,8.0
3735,5.0
3736,7.0818
3737,7.6018
3738,8.0
3739,7.069
3740,7.6018
3741,7.6018
3742,7.2595
3743,9.075
3744,7.6018
3745,6.3333
3746,7.6018
3747,9.0641
3748,7.6018
3749,8.2174
3750,7.6018
3751,5.0752
3752,7.6018
3753,7.6018
3754,8.3333
3755,7.6018
3756,7.6018
3757,7.6018
3758,6.3
3759,7.6018
3760,8.8556
3761,8.2128
3762,8.2105
3763,6.5
3764,6.7374
3765,9.3455
3766,7.6018
3767,7.6018
3768,7.6018
3769,7.7762
3770,7.6018
3771,5.0
3772,8.0
3773,7.6018
3774,7.6018
3775,7.6018
3776,7.2595
3777,6.8334
3778,10.0
3779,8.8556
3780,7.6018
3781,7.9452
3782,7.6018
3783,8.1875
3784,7.6018
3785,8.2692
3786,6.0
3787,7.7009
3788,7.6018
3789,7.6018
3790,7.6667
3791,7.6018
3792,7.6018
3793,7.6018
3794,7.6018
3795,8.2105
3796,8.2609
3797,8.3333
3798,9.3333
3799,4.4071
3800,7.6018
3801,7.6018
3802,7.6018
3803,7.3342
3804,7.2178
3805,8.0
3806,6.4
3807,7.6018
3808,7.1818
3809,7.6018
3810,6.0
3811,7.828
3812,7.6018
3813,8.375
3814,7.6018
3815,7.3796
3816,7.6018
3817,7.6018
3818,7.6018
3819,7.6018
3820,7.8941
3821,7.6018
3822,7.6018
3823,7.9286
3824,7.6018
3825,8.2109
3826,7.6018
3827,8.0
3828,7.6018
3829,7.6018
3830,7.6018
3831,7.4824
3832,7.6018
3833,7.6018
3834,8.9714
3835,7.6018
3836,5.7692
3837,7.4054
3838,7.814
3839,7.6018
3840,7.6018
3841,7.814
3842,7.8916
3843,7.6018
3844,9.2481
3845,7.6018
3846,7.6018
3847,8.1111
3848,7.6237
3849,7.6018
3850,7.6018
3851,7.6018
3852,8.5556
3853,8.2368
3854,7.6018
3855,7.6018
3856,7.6018
3857,6.8
3858,7.6018
3859,7.2595
3860,7.6018
3861,7.6018
3862,6.7857
3863,7.6018
3864,5.0
3865,6.5
3866,6.7143
3867,7.6018
3868,7.2595
3869,5.0
3870,7.6018
3871,7.6018
3872,8.875
3873,7.6018
3874,7.6018
3875,7.6018
3876,7.6018
3877,7.6018
3878,7.6018
3879,6.8889
3880,7.4167
3881,7.6018
3882,7.6018
3883,7.9947
3884,7.6018
3885,7.6018
3886,7.4209
3887,7.6018
3888,8.0352
3889,8.541
3890,7.6018
3891,7.6018
3892,7.6018
3893,7.6018
3894,10.0
3895,7.5263
3896,7.6018
3897,7.6018
3898,7.6018
3899,7.6667
3900,7.6018
3901,7.6018
3902,7.4151
3903,7.6018
3904,7.6018
3905,7.6018
3906,7.6018
3907,6.3
3908,8.0
3909,7.1463
3910,7.6018
3911,7.6018
3912,10.0
3913,7.9524
3914,6.75
3915,7.8571
3916,7.5
3917,7.2595
3918,7.6018
3919,6.0226
3920,7.6018
3921,9.3158
3922,7.6018
3923,9.0
3924,7.6018
3925,7.6018
3926,6.7358
3927,7.1455
3928,7.6018
3929,9.0
3930,7.2963
3931,7.6018
3932,7.6018
3933,7.6018
3934,7.6018
3935,7.6018
3936,7.6018
3937,8.7179
3938,7.6018
3939,5.9825
3940,8.0
3941,7.6018
3942,7.6018
3943,10.0
3944,7.1429
3945,5.0
3946,8.0
3947,7.1667
3948,7.6018
3949,7.6018
3950,6.9091
3951,7.6018
3952,7.5
3953,6.3524
3954,7.6018
3955,7.6018
3956,8.8556
3957,6.25
3958,7.6018
3959,9.6111
3960,7.0
3961,7.6018
3962,7.6018
3963,7.2243
3964,7.6018
3965,7.6018
3966,8.8556
3967,7.8571
3968,7.9452
3969,7.6018
3970,7.6018
3971,8.5
3972,7.3308
3973,8.0
3974,7.6018
3975,7.2595
3976,7.6018
3977,7.6018
3978,7.6018
3979,8.3731
3980,7.6018
3981,7.6018
3982,7.6018
3983,7.6018
3984,7.6018
3985,7.6018
3986,7.6018
3987,7.6018
3988,7.6018
3989,7.6018
3990,7.6018
3991,7.6018
3992,7.6018
3993,7.6018
3994,7.6018
3995,7.6018
3996,6.7778
3997,7.6018
3998,9.0978
3999,7.6018
4000,7.2595
4001,7.087
4002,7.6018
4003,7.6018
4004,7.1364
4005,7.6018
4006,6.9667
4007,6.9091
4008,8.8727
4009,7.6018
4010,7.9162
4011,8.0426
4012,8.0
4013,7.6018
4014,6.8
4015,7.6018
4016,7.6018
4017,7.6018
4018,7.6018
4019,7.6018
4020,9.4841
4021,7.72
4022,6.0
4023,9.3158
4024,7.4074
4025,8.2019
4026,7.6018
4027,7.6018
4028,7.6018
4029,8.8889
4030,3.3333
4031,7.6018
4032,7.0
4033,7.2595
4034,7.6018
4035,7.6018
4036,8.1111
4037,8.3571
4038,8.8253
4039,7.6018
4040,7.6018
4041,9.5
4042,7.6018
4043,7.6018
4044,7.6018
4045,7.3523
4046,8.3464
4047,6.0226
4048,9.1786
4049,7.6018
4050,7.6018
4051,7.6018
4052,7.6018
4053,6.9091
4054,7.5065
4055,7.8
4056,5.1385
4057,9.2857
4058,7.8918
4059,7.2595
4060,7.3523
4061,7.6018
4062,6.25
4063,7.6018
4064,7.6018
4065,7.2595
4066,7.6018
4067,9.3333
4068,9.0
4069,7.6018
4070,7.6018
4071,7.6018
4072,7.2595
4073,8.0
4074,7.6018
4075,8.0
4076,7.6018
4077,7.7236
4078,8.3158
4079,6.5
4080,7.6018
4081,7.6018
4082,7.9231
4083,7.2595
4084,6.875
4085,7.6018
4086,7.6018
4087,9.7907
4088,6.2
4089,7.6018
4090,7.8947
4091,7.6018
4092,8.1043
4093,7.6018
4094,7.6018
4095,8.0455
4096,7.6018
4097,7.6018
4098,5.95
4099,7.6018
4100,7.6018
4101,7.6018
4102,7.6018
4103,7.6018
4104,8.873
4105,7.2595
4106,7.6018
4107,10.0
4108,6.3333
4109,7.6018
4110,7.7449
4111,7.6018
4112,7.6018
4113,7.2595
4114,8.0
4115,8.7273
4116,7.6018
4117,7.6018
4118,7.1689
4119,9.0262
4120,7.6018
4121,7.619
4122,7.6018
4123,7.6018
4124,8.45
4125,7.6018
4126,7.6018
4127,7.6018
4128,7.2595
4129,7.6018
4130,7.6018
4131,7.6018
4132,7.6018
4133,8.6111
4134,7.6667
4135,7.6018
4136,7.6018
4137,8.4286
4138,7.6018
4139,7.6018
4140,7.6018
4141,7.6018
4142,7.6018
4143,7.2595
4144,8.8667
4145,8.2158
4146,7.3939
4147,7.6018
4148,7.6018
4149,7.6018
4150,7.6018
4151,7.6018
4152,7.0818
4153,8.3382
4154,5.0
4155,7.9947
4156,7.6018
4157,7.6018
4158,7.6018
4159,7.2595
4160,7.4962
4161,7.6018
4162,8.0
4163,7.6018
4164,8.8556
4165,7.6018
4166,10.0
4167,7.6018
4168,7.9947
4169,7.6018
4170,7.6018
4171,7.6018
4172,7.6018
4173,7.125
4174,8.5
4175,7.6018
4176,8.1429
4177,7.6018
4178,6.0
4179,7.6018
4180,5.5385
4181,8.0
4182,7.6018
4183,7.9286
4184,7.1818
4185,7.6018
4186,7.6018
4187,8.7404
4188,9.6364
4189,7.6018
4190,7.6018
4191,9.0
4192,8.7029
4193,7.6018
4194,7.6018
4195,7.6018
4196,8.125
4197,8.8556
4198,7.0
4199,7.6018
4200,7.6018
4201,6.7619
4202,8.45
4203,8.8556
4204,10.0
4205,8.5291
4206,7.6018
4207,7.6018
4208,7.6018
4209,7.4074
4210,7.5952
4211,7.6018
4212,7.6018
4213,8.6316
4214,7.6018
4215,7.6018
4216,7.6018
4217,8.8556
4218,6.2667
4219,7.6
4220,7.6018
4221,8.5753
4222,7.4146
4223,9.0
4224,7.6268
4225,8.8556
4226,7.6018
4227,7.6018
4228,7.6923
4229,7.6018
4230,6.0
4231,7.6018
4232,7.6018
4233,7.5254
4234,7.6018
4235,7.3523
4236,7.5952
4237,8.4286
4238,7.6018
4239,8.8556
4240,7.6018
4241,7.6018
4242,7.0
4243,7.6
4244,8.0714
4245,8.1111
4246,7.2595
4247,7.25
4248,7.6018
4249,8.8556
4250,7.2
4251,7.6018
4252,7.1039
4253,8.5833
4254,7.6018
4255,8.0
4256,7.6018
4257,8.6
4258,5.0
4259,7.6018
4260,7.6018
4261,7.6018
4262,8.122
4263,7.6018
4264,7.6018
4265,6.25
4266,8.2019
4267,7.6018
4268,7.5065
4269,8.6111
4270,7.9947
4271,7.6018
4272,7.2595
4273,9.3832
4274,7.0
4275,7.0
4276,8.8333
4277,5.0
4278,8.2109
4279,7.6018
4280,6.9109
4281,7.2595
4282,7.6018
4283,8.8333
4284,6.56
4285,8.3953
4286,5.0752
4287,7.6
4288,7.6018
4289,7.6018
4290,5.8214
4291,7.6018
4292,7.6018
4293,9.0
4294,6.75
4295,7.069
4296,7.0
4297,7.2222
4298,7.6018
4299,7.2
4300,7.918
4301,7.6018
4302,6.6316
4303,8.2109
4304,7.8889
4305,8.6777
4306,8.5
4307,7.6018
4308,7.6018
4309,5.1355
4310,7.6018
4311,7.95
4312,8.8556
4313,7.7826
4314,7.4184
4315,8.3192
4316,10.0
4317,7.6018
4318,7.6018
4319,7.6018
4320,7.6018
4321,7.6018
4322,7.6018
4323,2.0
4324,7.6018
4325,9.3662
4326,6.5
4327,7.6018
4328,9.0
4329,7.6018
4330,7.6018
4331,7.2595
4332,7.6018
4333,6.5
4334,7.6018
4335,7.76
4336,7.0
4337,7.6018
4338,8.3333
4339,7.6018
4340,7.6018
4341,7.6018
4342,7.2459
4343,7.6018
4344,7.6018
4345,4.0
4346,7.6018
4347,7.6018
4348,7.6018
4349,7.3333
4350,9.5894
4351,7.6018
4352,8.0238
4353,7.6018
4354,7.6018
4355,7.7944
4356,7.6018
4357,7.6018
4358,8.2812
4359,6.7778
4360,8.0
4361,7.2
4362,7.6018
4363,8.5
4364,6.0226
4365,3.6766
4366,7.6018
4367,7.6018
4368,5.125
4369,7.3523
4370,7.6018
4371,7.6018
4372,9.375
4373,7.6018
4374,7.6018
4375,7.6018
4376,6.3333
4377,7.6018
4378,5.3636
4379,8.4667
4380,7.2368
4381,7.6018
4382,7.6018
4383,7.96
4384,7.6018
4385,7.6018
4386,7.6018
4387,7.6018
4388,7.6018
4389,5.9161
4390,7.7762
4391,9.0262
4392,6.8
4393,8.0
4394,7.6018
4395,7.1818
4396,7.6018
4397,7.4848
4398,7.1429
4399,7.354
4400,7.3973
4401,8.8387
4402,8.873
4403,7.6018
4404,7.0
4405,7.6018
4406,7.6018
4407,7.6018
4408,8.7404
4409,7.6018
4410,9.0
4411,8.0588
4412,7.6018
4413,7.1039
4414,7.6018
4415,6.1818
4416,6.0
4417,8.16
4418,7.6018
4419,7.6018
4420,7.6018
4421,7.6018
4422,7.6018
4423,7.6018
4424,9.4482
4425,7.7236
4426,7.6018
4427,7.6018
4428,7.6018
4429,8.8
4430,7.6018
4431,6.6
4432,7.6018
4433,7.6018
4434,7.6018
4435,7.6018
4436,6.9333
4437,7.9947
4438,7.6018
4439,7.6018
4440,8.1111
4441,10.0
4442,6.5
4443,7.6018
4444,7.6018
4445,7.6018
4446,8.2109
4447,7.6018
4448,7.1429
4449,8.7778
4450,9.0196
4451,7.0
4452,7.3182
4453,7.6018
4454,7.6018
4455,7.885
4456,7.6018
4457,7.6018
4458,8.1842
4459,6.8667
4460,8.5
4461,7.6018
4462,7.6018
4463,7.6018
4464,7.6018
4465,7.6018
4466,8.0
4467,8.873
4468,7.6018
4469,7.3523
4470,7.6018
4471,7.7778
4472,6.0
4473,7.6018
4474,7.6018
4475,7.6018
4476,7.6018
4477,7.6018
4478,6.0958
4479,7.918
4480,6.7619
4481,7.6018
4482,7.6018
4483,7.6018
4484,7.6018
4485,9.119
4486,7.6018
4487,5.0
4488,8.0
4489,7.0
4490,8.8556
4491,8.6567
4492,7.2941
4493,7.6018
4494,7.6018
4495,7.6018
4496,7.0333
4497,7.6018
4498,8.9905
4499,7.6018
4500,6.9375
4501,7.2941
4502,7.5278
4503,7.6018
4504,7.6018
4505,7.7895
4506,8.5
4507,7.6018
4508,6.3746
4509,7.6018
4510,7.0
4511,7.6018
4512,7.6018
4513,5.8462
4514,5.0
4515,8.0
4516,5.0
4517,7.6018
4518,7.6018
4519,7.6018
4520,8.0385
4521,7.815
4522,7.6018
4523,7.6018
4524,7.6018
4525,7.6018
4526,4.8
4527,7.6018
4528,7.6018
4529,7.8531
4530,7.1689
4531,7.6018
4532,7.6018
4533,8.0
4534,7.6018
4535,6.9667
4536,7.6018
4537,7.7188
4538,8.3333
4539,7.9167
4540,7.6018
4541,7.6018
4542,7.6018
4543,7.6018
4544,7.6018
4545,9.0
4546,5.5
4547,5.0
4548,6.7273
4549,7.0
4550,8.75
4551,7.6018
4552,7.6018
4553,7.8
4554,7.5
4555,8.0
4556,7.6018
4557,7.6018
4558,7.6018
4559,8.1829
4560,7.6018
4561,8.0
4562,7.0
4563,7.6018
4564,7.6018
4565,7.6018
4566,7.4146
4567,8.8556
4568,7.6018
4569,7.2432
4570,9.1651
4571,7.1455
4572,7.6018
4573,8.0
4574,5.5
4575,9.3077
4576,7.6018
4577,9.0262
4578,7.6018
4579,10.0
4580,7.0492
4581,8.2557
4582,7.2595
4583,6.8
4584,5.8214
4585,8.8727
4586,7.6018
4587,7.6018
4588,7.6018
4589,7.0
4590,7.6018
4591,8.5833
4592,7.9452
4593,7.6018
4594,6.4546
4595,7.6018
4596,7.0
4597,8.5753
4598,7.6018
4599,7.6018
4600,7.5
4601,7.15
4602,7.6018
4603,9.0
4604,9.7242
4605,7.6018
4606,7.25
4607,9.6364
4608,8.28
4609,8.9091
4610,6.5
4611,7.6018
4612,7.4375
4613,8.0
4614,7.6018
4615,7.6018
4616,7.6018
4617,9.2
4618,6.25
4619,7.4146
4620,8.9722
4621,7.6018
4622,10.0
4623,7.6018
4624,7.0
4625,8.6
4626,7.6018
4627,7.6018
4628,7.6018
4629,7.6018
4630,7.6018
4631,7.6018
4632,7.6018
4633,7.6018
4634,7.6018
4635,6.0303
4636,7.6018
4637,7.6018
4638,8.8556
4639,8.0758
4640,6.8182
4641,7.6018
4642,7.9273
4643,9.6139
4644,6.75
4645,8.0385
4646,7.141
4647,7.6018
4648,8.3714
4649,6.875
4650,8.2857
4651,7.5
4652,6.75
4653,6.0
4654,9.3333
4655,5.0
4656,7.6018
4657,7.6018
4658,8.25
4659,7.6018
4660,7.6018
4661,7.6018
4662,7.6018
4663,7.2595
4664,4.6
4665,7.6018
4666,7.6018
4667,8.5
4668,7.6018
4669,7.6018
4670,7.9193
4671,7.1321
4672,7.5684
4673,9.2353
4674,7.6018
4675,7.6018
4676,6.5429
4677,7.6018
4678,7.6018
4679,7.6018
4680,7.6018
4681,7.6018
4682,7.6018
4683,7.6018
4684,8.0
4685,6.6667
4686,7.6018
4687,7.4118
4688,7.6018
4689,7.0
4690,7.6018
4691,7.6018
4692,7.6018
4693,7.0
4694,7.6018
4695,7.6018
4696,7.6018
4697,8.0
4698,7.3269
4699,8.0455
4700,8.0857
4701,7.8457
4702,9.6667
4703,7.6018
4704,7.6018
4705,7.2595
4706,7.6018
4707,8.2368
4708,7.8333
4709,9.134
4710,7.6018
4711,7.6018
4712,8.2174
4713,7.6018
4714,7.8916
4715,7.6018
4716,7.6018
4717,4.0
4718,5.9
4719,7.6018
4720,7.6018
4721,5.5
4722,7.6018
4723,7.6018
4724,7.6018
4725,9.5914
4726,7.6018
4727,7.6018
4728,7.6667
4729,6.9091
4730,7.0
4731,7.1429
4732,7.6018
4733,7.6018
4734,7.6018
4735,7.6018
4736,7.6018
4737,7.6018
4738,4.8358
4739,7.6018
4740,8.0
4741,7.6018
4742,5.9375
4743,8.0
4744,7.8
4745,7.6018
4746,7.828
4747,7.6018
4748,7.6018
4749,8.3571
4750,7.918
4751,7.6018
4752,7.6018
4753,7.6018
4754,7.8
4755,5.8214
4756,9.0
4757,7.6018
4758,6.4074
4759,8.0
4760,7.6018
4761,7.6018
4762,7.8617
4763,7.8941
4764,9.25
4765,7.6018
4766,6.6364
4767,7.6018
4768,7.3523
4769,10.0
4770,7.6018
4771,6.0556
4772,7.6018
4773,7.6018
4774,6.75
4775,5.0
4776,7.6018
4777,7.6018
4778,7.6018
4779,6.6842
4780,9.6667
4781,7.4286
4782,7.6018
4783,7.6018
4784,7.6018
4785,7.6018
4786,8.7091
4787,7.6018
4788,7.6018
4789,8.2105
4790,8.125
4791,6.5179
4792,7.6018
4793,7.6018
4794,7.6018
4795,7.6018
4796,7.6018
4797,7.6018
4798,7.6018
4799,7.6018
4800,7.6018
4801,7.6018
4802,7.6018
4803,7.2258
4804,7.828
4805,7.6018
4806,7.5
4807,6.1429
4808,6.0
4809,7.4821
4810,8.5
4811,7.6018
4812,7.6018
4813,7.2857
4814,7.6018
4815,7.6018
4816,8.2128
4817,8.4444
4818,8.1852
4819,7.6018
4820,7.6018
4821,8.8556
4822,7.6018
4823,9.0262
4824,7.6018
4825,7.7037
4826,7.1667
4827,7.6018
4828,9.25
4829,7.6018
4830,8.7
4831,7.6018
4832,7.6018
4833,5.75
4834,7.6018
4835,7.9231
4836,7.6018
4837,7.6018
4838,6.6214
4839,7.2595
4840,7.6018
4841,7.6018
4842,7.6018
4843,7.6018
4844,5.0
4845,10.0
4846,7.6018
4847,7.6018
4848,6.5
4849,7.3523
4850,7.6018
4851,8.3333
4852,7.6018
4853,7.6667
4854,6.7
4855,6.2778
4856,7.6018
4857,6.9
4858,7.6018
4859,7.6018
4860,7.6018
4861,7.0
4862,7.6018
4863,8.1429
4864,7.6018
4865,7.6018
4866,8.0
4867,7.6018
4868,6.6214
4869,7.6018
4870,7.5
4871,7.6018
4872,7.6018
4873,7.2595
4874,7.6018
4875,7.0
4876,7.3523
4877,7.6018
4878,8.9403
4879,6.9483
4880,7.6018
4881,8.1
4882,7.75
4883,5.5401
4884,7.5476
4885,7.6018
4886,8.2572
4887,7.6018
4888,7.1212
4889,7.6018
4890,7.6018
4891,7.0
4892,7.0
4893,7.6018
4894,7.6018
4895,7.1
4896,7.4339
4897,7.6018
4898,7.6018
4899,8.8556
4900,7.6018
4901,7.6018
4902,7.6018
4903,10.0
4904,10.0
4905,7.6018
4906,9.0
4907,7.0
4908,7.6018
4909,5.6667
4910,9.0262
4911,9.0
4912,7.6018
4913,5.7692
4914,7.0484
4915,7.6018
4916,7.6018
4917,7.6018
4918,7.4824
4919,7.5417
4920,7.6018
4921,7.2963
4922,7.6018
4923,5.3333
4924,7.6018
4925,7.375
4926,5.2396
4927,9.5385
4928,8.3846
4929,8.0
4930,7.1429
4931,7.75
4932,7.6018
4933,7.2595
4934,7.6018
4935,7.6018
4936,7.8431
4937,7.6018
4938,8.8556
4939,7.6018
4940,6.3333
4941,6.0
4942,8.0455
4943,8.4
4944,7.6018
4945,7.2595
4946,7.6018
4947,7.6018
4948,7.6018
4949,7.3404
4950,7.6018
4951,7.6018
4952,7.6018
4953,7.6018
4954,7.6018
4955,7.6018
4956,6.9259
4957,4.0
4958,7.5
4959,7.6018
4960,6.3999
4961,7.9947
4962,9.0
4963,7.6018
4964,7.6018
4965,7.6018
4966,7.6018
4967,7.6018
4968,8.8556
4969,7.6018
4970,7.25
4971,7.8404
4972,7.2595
4973,9.6
4974,7.0
4975,7.5
4976,7.6018
4977,8.25
4978,7.6018
4979,7.6018
4980,7.2595
4981,7.6018
4982,7.6018
4983,7.6018
4984,7.6018
4985,7.6018
4986,8.0
4987,6.5311
4988,7.6018
4989,7.6018
4990,7.0
4991,10.0
4992,4.5556
4993,8.1429
4994,6.6921
4995,6.4794
4996,7.6018
4997,7.6018
4998,7.6018
4999,7.6018
5000,7.6018
5001,7.8
5002,7.4746
5003,7.6018
5004,7.6018
5005,7.6018
5006,7.8571
5007,8.0
5008,9.786
5009,7.6018
5010,8.4091
5011,6.375
5012,7.0
5013,7.6018
5014,2.5
5015,7.6018
5016,8.3333
5017,8.0588
5018,7.6018
5019,6.6842
5020,6.2055
5021,7.6018
5022,7.6018
5023,7.6018
5024,7.6018
5025,8.6667
5026,7.6018
5027,8.8
5028,7.6018
5029,7.4914
5030,7.6018
5031,7.6018
5032,7.6018
5033,7.4848
5034,7.4444
5035,7.6018
5036,7.6018
5037,10.0
5038,7.6018
5039,7.6018
5040,7.6018
5041,7.7105
5042,7.6018
5043,7.0345
5044,7.6018
5045,7.6018
5046,9.7525
5047,8.8571
5048,7.6018
5049,7.6018
5050,7.1
5051,8.5
5052,7.6018
5053,7.6018
5054,8.3939
5055,5.0752
5056,7.6018
5057,7.6018
5058,7.2595
5059,6.375
5060,7.6018
5061,7.2595
5062,7.6667
5063,8.75
5064,7.6018
5065,7.3333
5066,8.1875
5067,7.6018
5068,8.0
5069,7.6018
5070,7.6018
5071,6.0226
5072,7.6018
5073,7.6018
5074,7.6018
5075,7.6018
5076,7.6018
5077,7.3333
5078,7.6018
5079,7.6018
5080,6.8327
5081,7.6018
5082,7.1734
5083,7.6018
5084,7.6018
5085,7.6018
5086,7.6018
5087,7.2595
5088,8.6
5089,8.42
5090,6.0226
5091,9.134
5092,7.6018
5093,7.6018
5094,7.6018
5095,7.6018
5096,7.6018
5097,7.4286
5098,7.0
5099,7.6018
5100,5.3333
5101,8.0
5102,7.6018
5103,8.5667
5104,8.0
5105,7.814
5106,7.2595
5107,7.6018
5108,8.3333
5109,7.7143
5110,7.6018
5111,7.2595
5112,7.6018
5113,7.6018
5114,7.6018
5115,7.6018
5116,5.0752
5117,7.6018
5118,8.0
5119,5.8571
5120,7.6018
5121,7.6018
5122,8.1955
5123,7.6018
5124,7.2595
5125,6.0
5126,7.6018
5127,7.9577
5128,7.75
5129,5.0752
5130,7.6018
5131,7.7407
5132,7.6364
5133,7.6018
5134,5.9091
5135,8.25
5136,7.6018
5137,7.6018
5138,7.6018
5139,7.6018
5140,7.7898
5141,8.8556
5142,7.6018
5143,7.6018
5144,8.0
5145,7.6018
5146,8.069
5147,8.5625
5148,7.1026
5149,7.2727
5150,7.5333
5151,4.4138
5152,7.1465
5153,7.6018
5154,7.6018
5155,8.8302
5156,7.5938
5157,7.7762
5158,7.3929
5159,7.6018
5160,5.4
5161,7.2391
5162,5.6667
5163,7.6018
5164,8.541
5165,7.6018
5166,7.75
5167,6.6875
5168,7.6018
5169,7.6018
5170,9.1395
5171,9.0
5172,7.6018
5173,7.6018
5174,7.6018
5175,7.6018
5176,7.6018
5177,8.5
5178,6.6667
5179,7.6018
5180,7.6018
5181,7.6018
5182,5.8214
5183,7.6018
5184,10.0
5185,7.6018
5186,7.6018
5187,7.3
5188,8.2676
5189,7.6018
5190,7.6018
5191,7.6018
5192,7.828
5193,8.0
5194,7.6018
5195,8.2368
5196,7.6018
5197,7.3
5198,7.5455
5199,7.6018
5200,7.6018
5201,6.5161
5202,5.0752
5203,7.6018
5204,8.8556
5205,6.16
5206,7.75
5207,7.6018
5208,8.8556
5209,7.6018
5210,7.6018
5211,7.6018
5212,6.25
5213,7.6018
5214,8.0429
5215,7.6018
5216,8.2109
5217,7.6018
5218,8.5
5219,7.6018
5220,7.6018
5221,8.4091
5222,8.7234
5223,6.7143
5224,7.8594
5225,5.4
5226,7.4865
5227,7.6018
5228,8.5556
5229,8.0
5230,7.6018
5231,9.2222
5232,7.6018
5233,7.0
5234,7.9577
5235,7.6018
5236,7.6018
5237,6.6885
5238,6.8571
5239,7.6018
5240,7.6018
5241,7.7188
5242,7.6018
5243,7.6018
5244,9.4935
5245,7.6018
5246,6.4074
5247,6.4318
5248,7.4146
5249,7.6018
5250,5.4444
5251,5.0
5252,7.2595
5253,7.6018
5254,7.6018
5255,7.6018
5256,7.2595
5257,9.0262
5258,7.6018
5259,7.8889
5260,5.1355
5261,5.6667
5262,5.0
5263,7.6018
5264,7.6018
5265,7.3973
5266,7.0
5267,9.3333
5268,7.4074
5269,8.9286
5270,5.0
5271,7.6018
5272,8.75
5273,7.6018
5274,8.1976
5275,7.25
5276,8.8556
5277,8.6073
5278,8.1111
5279,7.6018
5280,7.7778
5281,7.4
5282,7.6018
5283,7.2595
5284,7.6018
5285,7.6018
5286,7.6018
5287,6.2
5288,6.75
5289,7.7449
5290,7.0
5291,7.75
5292,10.0
5293,7.2
5294,6.1077
5295,6.75
5296,7.6018
5297,9.3158
5298,7.5
5299,7.6018
5300,7.6018
5301,5.8217
5302,7.53
5303,7.6018
5304,8.0
5305,7.6018
5306,7.6018
5307,7.0
5308,7.6018
5309,7.6018
5310,7.6018
5311,7.6018
5312,8.2222
5313,7.6018
5314,9.28
5315,7.8
5316,7.6018
5317,7.5065
5318,7.6018
5319,7.8056
5320,7.6018
5321,7.6018
5322,7.6018
5323,7.6018
5324,8.25
5325,7.6018
5326,7.6018
5327,7.9947
5328,8.2222
5329,6.5
5330,7.6018
5331,7.6018
5332,8.6241
5333,7.6018
5334,7.6018
5335,7.4828
5336,7.6018
5337,7.875
5338,7.6018
5339,7.0833
5340,7.6018
5341,8.5
5342,7.6018
5343,7.6018
5344,7.6018
5345,5.2857
5346,8.0
5347,7.6018
5348,6.3786
5349,7.6018
5350,7.6018
5351,7.6018
5352,7.6018
5353,8.8431
5354,8.6316
5355,7.6018
5356,7.6018
5357,8.1818
5358,7.6018
5359,7.4
5360,9.6429
5361,7.6018
5362,7.6018
5363,6.6364
5364,7.6018
5365,7.6018
5366,7.6018
5367,7.6018
5368,7.6018
5369,7.6018
5370,7.6018
5371,7.6018
5372,7.6018
5373,5.0
5374,7.6018
5375,7.6018
5376,7.6018
5377,7.6018
5378,9.16
5379,7.6018
5380,7.6
5381,7.6018
5382,5.0752
5383,7.6018
5384,7.6018
5385,7.6018
5386,6.6214
5387,7.6018
5388,7.6018
5389,7.6018
5390,7.6018
5391,7.3523
5392,7.6018
5393,9.0
5394,7.6018
5395,7.6018
5396,8.9655
5397,7.2595
5398,7.1321
5399,7.6018
5400,7.8
5401,7.6018
5402,7.6842
5403,8.8556
5404,7.6018
5405,8.0
5406,7.6018
5407,7.6667
5408,7.6018
5409,7.6018
5410,7.6018
5411,7.6018
5412,7.96
5413,7.6018
5414,7.6018
5415,8.25
5416,8.0
5417,7.0
5418,7.6018
5419,7.6018
5420,7.6018
5421,7.2
5422,7.6018
5423,7.6018
5424,7.6018
5425,7.6018
5426,7.7838
5427,7.6018
5428,7.6018
5429,7.6018
5430,7.6018
5431,5.9037
5432,8.8556
5433,7.619
5434,8.0893
5435,7.6018
5436,7.2595
5437,7.6018
5438,8.7273
5439,7.0
5440,7.6268
5441,7.6018
5442,7.6018
5443,6.7129
5444,8.7091
5445,7.918
5446,7.2595
5447,7.6018
5448,7.6018
5449,7.5
5450,7.6018
5451,6.2381
5452,6.7328
5453,5.7143
5454,6.4722
5455,8.9796
5456,7.6018
5457,7.6018
5458,7.6018
5459,7.6018
5460,6.0
5461,6.0
5462,7.6018
5463,5.0
5464,7.6018
5465,7.6018
5466,7.6018
5467,8.0909
5468,7.6018
5469,6.0
5470,6.8
5471,7.6018
5472,8.5875
5473,8.5
5474,7.7778
5475,6.0
5476,7.6268
5477,7.6018
5478,7.6018
5479,7.6018
5480,8.2857
5481,7.5574
5482,7.2941
5483,6.9556
5484,7.2595
5485,7.6018
5486,5.0
5487,1.0
5488,8.6471
5489,7.6018
5490,9.024
5491,7.6018
5492,7.2595
5493,7.4167
5494,6.0
5495,8.8556
5496,6.88
5497,7.6018
5498,7.6018
5499,7.6018
5500,7.2857
5501,7.6018
5502,8.4634
5503,8.25
5504,7.6018
5505,7.6018
5506,7.6018
5507,7.6018
5508,7.6018
5509,7.6018
5510,8.0
5511,8.8556
5512,7.6018
5513,7.375
5514,7.6018
5515,7.6018
5516,7.0
5517,7.6018
5518,7.6018
5519,8.5556
5520,7.6018
5521,7.6018
5522,7.6018
5523,8.8556
5524,7.6018
5525,7.3523
5526,6.9
5527,7.4865
5528,7.6018
5529,7.6018
5530,7.7143
5531,7.6018
5532,9.0
5533,6.7328
5534,8.0
5535,7.6018
5536,7.6018
5537,7.6018
5538,7.619
5539,7.8077
5540,7.6018
5541,7.6018
5542,8.2727
5543,7.6018
5544,8.0
5545,7.6018
5546,7.6018
5547,6.7143
5548,9.0
5549,7.6667
5550,9.1176
5551,7.6018
5552,8.0
5553,7.75
5554,9.0
5555,6.2381
5556,9.25
5557,7.6018
5558,7.6018
5559,7.6018
5560,7.6018
5561,6.0
5562,7.6018
5563,7.3404
5564,7.6018
5565,6.7581
5566,7.9574
5567,7.6018
5568,7.6018
5569,7.5065
5570,7.6018
5571,7.25
5572,5.0
5573,8.1111
5574,5.0
5575,6.7368
5576,8.0857
5577,9.0
5578,8.1111
5579,7.6018
5580,7.6018
5581,7.6018
5582,7.6018
5583,7.6018
5584,7.0
5585,7.6018
5586,7.6018
5587,7.5
5588,8.0
5589,7.6018
5590,7.4339
5591,8.8556
5592,8.2105
5593,7.3333
5594,7.1429
5595,6.5
5596,7.6018
5597,7.6018
5598,7.6
5599,7.6018
5600,7.6018
5601,7.815
5602,7.6018
5603,5.8
5604,7.4688
5605,5.8529
5606,6.7581
5607,7.6018
5608,6.6154
5609,7.25
5610,7.6018
5611,7.6018
5612,6.625
5613,7.7188
5614,8.4286
5615,7.0
5616,7.2595
5617,9.6216
5618,8.3342
5619,8.5
5620,7.6018
5621,7.5065
5622,7.6018
5623,9.0
5624,7.6018
5625,7.6018
5626,7.6018
5627,7.2595
5628,8.8958
5629,7.8182
5630,7.6018
5631,7.1321
5632,8.7798
5633,7.6018
5634,7.6018
5635,7.6018
5636,7.6018
5637,5.1667
5638,9.6667
5639,7.6018
5640,7.9688
5641,7.6018
5642,7.8182
5643,7.5505
5644,7.6018
5645,6.8889
5646,7.6018
5647,7.6018
5648,8.3649
5649,7.6018
5650,5.3333
5651,7.6018
5652,7.6018
5653,8.2109
5654,7.5505
5655,7.6018
5656,8.1429
5657,7.6018
5658,7.6018
5659,7.6018
5660,7.6018
5661,7.0
5662,6.8182
5663,7.6018
5664,7.1212
5665,7.6018
5666,7.6018
5667,7.6018
5668,7.6018
5669,7.828
5670,7.2595
5671,7.2429
5672,7.6018
5673,7.6018
5674,7.6018
5675,7.6018
5676,7.2595
5677,7.6018
5678,7.6018
5679,8.0
5680,7.25
5681,7.3333
5682,7.6018
5683,7.6018
5684,7.5333
5685,7.6018
5686,7.6018
5687,7.6018
5688,7.0
5689,7.6018
5690,9.3158
5691,7.6018
5692,8.875
5693,7.6018
5694,7.6018
5695,7.6018
5696,7.6018
5697,7.6018
5698,7.6018
5699,7.8916
5700,7.6018
5701,7.6018
5702,7.6018
5703,7.5
5704,6.875
5705,8.3571
5706,8.1818
5707,7.5556
5708,8.25
5709,7.2595
5710,7.6018
5711,7.6018
5712,7.6018
5713,7.6018
5714,7.8267
5715,8.5
5716,8.0556
5717,7.6018
5718,7.6018
5719,7.6018
5720,8.0
5721,7.0333
5722,7.6018
5723,7.6018
5724,7.9
5725,7.6018
5726,7.3478
5727,5.1355
5728,7.3158
5729,7.6018
5730,7.6018
5731,7.6018
5732,7.6018
5733,7.0132
5734,6.6667
5735,7.6018
5736,7.6018
5737,7.6018
5738,7.6018
5739,7.6018
5740,7.6018
5741,7.6018
5742,7.6018
5743,8.0
5744,7.6018
5745,7.2595
5746,6.4921
5747,7.5
5748,7.6018
5749,8.0667
5750,2.0
5751,7.5
5752,8.1852
5753,7.7236
5754,7.6018
5755,7.6018
5756,8.275
5757,5.7778
5758,8.7404
5759,7.6018
5760,8.3333
5761,7.6018
5762,5.9286
5763,7.6018
5764,7.6018
5765,7.72
5766,5.2857
5767,6.25
5768,7.2243
5769,7.6268
5770,7.5556
5771,7.3846
5772,7.1429
5773,7.6018
5774,7.85
5775,8.1429
5776,6.1
5777,7.6018
5778,6.4074
5779,7.6018
5780,7.6018
5781,9.0
5782,7.0
5783,7.6018
5784,9.0
5785,8.0
5786,7.6018
5787,6.9483
5788,8.0952
5789,7.6018
5790,7.6018
5791,7.6018
5792,7.4828
5793,7.6018
5794,8.9905
5795,7.6018
5796,7.6018
5797,8.0
5798,4.0
5799,6.0
5800,9.0
5801,6.56
5802,5.0752
5803,8.0
5804,7.6018
5805,7.6018
5806,7.6018
5807,7.4
5808,7.6018
5809,8.4091
5810,9.3333
5811,9.0
5812,7.6018
5813,6.8084
5814,7.6018
5815,7.6018
5816,7.1463
5817,8.9444
5818,7.6018
5819,7.6018
5820,7.8966
5821,7.4483
5822,10.0
5823,7.6018
5824,7.2595
5825,7.6018
5826,7.6018
5827,7.6018
5828,7.6018
5829,7.6018
5830,7.6018
5831,6.2381
5832,7.6018
5833,7.6018
5834,7.5065
5835,7.6018
5836,7.6018
5837,7.6018
5838,6.75
5839,9.4841
5840,7.0941
5841,9.0262
5842,5.5
5843,8.8556
5844,8.3333
5845,7.6018
5846,7.6018
5847,7.6018
5848,7.6018
5849,8.418
5850,7.6018
5851,7.6018
5852,7.6018
5853,7.2595
5854,7.6018
5855,8.5
5856,8.5833
5857,7.6268
5858,7.6018
5859,5.1355
5860,7.6018
5861,2.9873
5862,7.6018
5863,7.6018
5864,7.6018
5865,6.0
5866,9.1373
5867,7.6018
5868,9.0
5869,7.6018
5870,7.6018
5871,7.6018
5872,6.0
5873,8.8556
5874,7.6018
5875,5.0
5876,7.8667
5877,7.6018
5878,8.0919
5879,8.3636
5880,6.5833
5881,9.0274
5882,7.6018
5883,6.5625
5884,9.1765
5885,7.6018
5886,7.6018
5887,6.25
5888,7.4421
5889,7.6018
5890,7.1818
5891,6.8462
5892,7.125
5893,7.6875
5894,7.6018
5895,8.3333
5896,10.0
5897,7.9947
5898,7.6018
5899,7.2243
5900,7.6018
5901,8.64
5902,8.2222
5903,8.6579
5904,7.6018
5905,7.0
5906,6.8
5907,7.6018
5908,4.6667
5909,6.0
5910,6.3333
5911,9.7059
5912,7.6018
5913,7.6018
5914,8.184
5915,8.5
5916,7.6018
5917,7.6018
5918,7.6018
5919,8.5
5920,7.6018
5921,10.0
5922,9.3333
5923,6.6522
5924,7.6018
5925,7.6018
5926,5.9825
5927,7.6575
5928,7.6018
5929,7.6018
5930,7.6018
5931,5.5
5932,8.3382
5933,7.6018
5934,7.6018
5935,7.9452
5936,9.0293
5937,9.0262
5938,9.3455
5939,6.7273
5940,7.0
5941,5.0
5942,6.6667
5943,7.5476
5944,7.7105
5945,5.0
5946,7.2143
5947,7.6018
5948,7.6018
5949,8.9905
5950,7.6018
5951,8.0
5952,7.3158
5953,7.6018
5954,7.6667
5955,7.6018
5956,7.3333
5957,7.7
5958,8.25
5959,7.5
5960,7.7
5961,6.0
5962,7.0
5963,7.6018
5964,8.7029
5965,7.6018
5966,7.6018
5967,8.3333
5968,7.6018
5969,7.6018
5970,7.2595
5971,7.6122
5972,7.5405
5973,8.2308
5974,7.6018
5975,5.7918
5976,6.7358
5977,8.1389
5978,7.6018
5979,7.2595
5980,8.0
5981,7.6018
5982,7.6018
5983,7.6018
5984,7.6018
5985,7.6018
5986,6.7
5987,6.5807
5988,7.4167
5989,6.6364
5990,8.1829
5991,8.25
5992,7.6018
5993,7.6018
5994,7.6018
5995,8.3543
5996,9.0
5997,7.6018
5998,9.0
5999,8.0
6000,5.1385
6001,8.4444
6002,7.0
6003,7.6018
6004,7.6018
6005,6.9737
6006,7.9947
6007,7.6018
6008,7.6018
6009,7.6018
6010,7.3333
6011,8.2676
6012,8.1111
6013,7.6018
6014,7.6018
6015,8.5556
6016,7.3913
6017,8.0426
6018,7.1463
6019,7.2595
6020,7.6018
6021,6.0588
6022,8.9333
6023,10.0
6024,7.6018
6025,7.6018
6026,7.6018
6027,7.6018
6028,7.7667
6029,7.6018
6030,7.6018
6031,7.6018
6032,8.873
6033,8.0
6034,8.8354
6035,7.6018
6036,7.9559
6037,7.6018
6038,7.6018
6039,7.6018
6040,7.6018
6041,6.0303
6042,9.6667
6043,7.6018
6044,7.6018
6045,6.0226
6046,6.6667
6047,7.4054
6048,7.6018
6049,7.6018
6050,7.7236
6051,6.4921
6052,8.0
6053,7.6018
6054,7.5
6055,7.6018
6056,7.6018
6057,7.6018
6058,7.3438
6059,6.75
6060,7.6018
6061,7.6018
6062,6.35
6063,7.6018
6064,7.6018
6065,7.6018
6066,7.6018
6067,7.6018
6068,7.6018
6069,7.6018
6070,6.875
6071,9.0
6072,4.7059
6073,7.6018
6074,7.0871
6075,7.6018
6076,8.6667
6077,7.1321
6078,6.0289
6079,7.6018
6080,7.6018
6081,8.1389
6082,8.8958
6083,7.5278
6084,8.5
6085,7.2595
6086,5.5401
6087,7.6018
6088,7.6018
6089,7.6018
6090,7.6018
6091,7.6018
6092,7.6018
6093,7.6018
6094,6.5161
6095,7.6018
6096,6.3896
6097,7.6018
6098,7.6018
6099,7.0
6100,7.6018
6101,8.1818
6102,10.0
6103,7.125
6104,8.7091
6105,5.0
6106,8.5
6107,7.6018
6108,6.7
6109,7.3333
6110,7.6018
6111,8.122
6112,7.4
6113,7.3333
6114,9.4632
6115,7.6018
6116,7.5
6117,9.134
6118,7.6018
6119,8.3913
6120,7.6018
6121,7.2595
6122,7.6018
6123,5.0752
6124,7.6018
6125,7.6018
6126,7.0667
6127,7.2595
6128,5.8889
6129,7.6018
6130,7.6018
6131,7.6018
6132,7.2857
6133,8.6
6134,8.2105
6135,7.6018
6136,7.0
6137,7.2595
6138,7.3913
6139,7.6018
6140,7.6018
6141,9.1081
6142,8.4
6143,7.2595
6144,7.6018
6145,5.5401
6146,7.45
6147,7.6018
6148,7.9947
6149,7.6018
6150,6.5
6151,6.6885
6152,8.4906
6153,7.6018
6154,8.1955
6155,7.2
6156,3.0
6157,7.4151
6158,7.6018
6159,8.0
6160,7.6018
6161,8.0
6162,7.6018
6163,7.9577
6164,5.0
6165,7.6018
6166,7.6018
6167,8.9905
6168,7.6018
6169,8.6567
6170,9.5
6171,6.6667
6172,7.6018
6173,8.4091
6174,7.6018
6175,7.6018
6176,7.6018
6177,7.6018
6178,7.918
6179,7.0
6180,7.6018
6181,7.2595
6182,8.5
6183,8.0
6184,7.6268
6185,7.6364
6186,7.6018
6187,6.875
6188,7.0
6189,8.8556
6190,7.6018
6191,7.7778
6192,7.6018
6193,7.5
6194,7.3846
6195,7.0958
6196,10.0
6197,6.0
6198,7.6018
6199,8.8556
6200,7.2595
6201,7.8812
6202,7.6018
6203,8.8556
6204,7.6018
6205,7.6018
6206,7.0
6207,7.6018
6208,8.8889
6209,8.1429
6210,6.8086
6211,7.45
6212,7.6018
6213,7.6018
6214,7.2243
6215,7.4421
6216,7.6018
6217,5.6667
6218,7.6018
6219,7.8621
6220,7.6018
6221,7.6018
6222,7.6018
6223,7.6018
6224,7.8
6225,7.2274
6226,7.6018
6227,7.6018
6228,7.6018
6229,8.0455
6230,6.9483
6231,6.6897
6232,6.7328
6233,7.6018
6234,7.2595
6235,9.2105
6236,7.4211
6237,7.6018
6238,5.0
6239,7.6018
6240,7.6018
6241,6.9583
6242,6.3333
6243,9.3272
6244,7.6018
6245,7.2857
6246,7.0
6247,8.0455
6248,7.6018
6249,7.5
6250,7.6018
6251,9.5
6252,8.3333
6253,7.6018
6254,6.7403
6255,7.6018
6256,7.6018
6257,7.6018
6258,8.0
6259,6.5
6260,7.6268
6261,7.6018
6262,9.0
6263,7.2236
6264,7.9947
6265,7.6018
6266,8.6421
6267,8.8556
6268,8.5
6269,8.3731
6270,7.6018
6271,8.0
6272,7.6018
6273,7.6018
6274,8.0227
6275,7.6018
6276,7.6018
6277,6.3333
6278,6.5
6279,6.5
6280,7.5556
6281,9.4561
6282,7.6018
6283,7.6018
6284,7.3796
6285,7.6018
6286,8.0588
6287,7.6018
6288,7.6018
6289,4.0
6290,7.8941
6291,7.6018
6292,6.9167
6293,7.6018
6294,7.5333
6295,7.6018
6296,8.4766
6297,7.3796
6298,7.6018
6299,7.1429
6300,7.9167
6301,7.0
6302,8.8556
6303,7.6667
6304,8.6567
6305,7.6018
6306,8.8556
6307,5.8077
6308,7.6018
6309,7.6018
6310,7.2595
6311,7.6018
6312,7.2168
6313,5.8661
6314,7.6018
6315,7.6018
6316,7.6018
6317,7.6018
6318,7.6018
6319,7.5263
6320,8.0857
6321,7.4194
6322,7.6018
6323,8.3971
6324,7.6018
6325,7.1455
6326,7.25
6327,7.6018
6328,7.0
6329,8.6667
6330,6.3889
6331,7.6018
6332,7.6018
6333,7.6018
6334,8.0
6335,7.2595
6336,7.6018
6337,7.6018
6338,6.8689
6339,7.6018
6340,5.0752
6341,7.0
6342,7.2595
6343,8.7692
6344,7.6018
6345,7.7449
6346,6.4286
6347,7.6018
6348,8.0426
6349,7.6018
6350,5.7
6351,6.0961
6352,6.6522
6353,9.2105
6354,9.6667
6355,7.6018
6356,7.6018
6357,7.6018
6358,8.0
6359,7.6018
6360,7.6018
6361,7.6018
6362,7.6018
6363,7.6018
6364,7.6018
6365,7.2595
6366,7.6018
6367,7.6018
6368,7.6018
6369,8.122
6370,7.6018
6371,8.0238
6372,8.0
6373,9.3333
6374,7.6018
6375,7.6018
6376,7.6018
6377,7.6018
6378,7.6018
6379,7.6018
6380,7.6018
6381,6.0958
6382,7.6018
6383,7.6018
6384,7.6018
6385,8.5625
6386,7.2595
6387,7.25
6388,7.6018
6389,7.6018
6390,7.2846
6391,7.5476
6392,8.5875
6393,6.6316
6394,7.6018
6395,10.0
6396,4.6
6397,10.0
6398,7.6018
6399,7.6018
6400,5.5401
6401,8.0
6402,7.2595
6403,8.0333
6404,8.0
6405,7.6018
6406,8.8302
6407,7.6018
6408,7.6667
6409,7.6018
6410,7.6018
6411,7.9559
6412,7.6018
6413,7.6018
6414,7.6018
6415,8.7404
6416,7.6018
6417,7.2595
6418,7.6018
6419,6.6667
6420,7.6018
6421,7.7143
6422,7.6018
6423,7.6018
6424,7.6018
6425,7.6018
6426,9.6562
6427,8.8333
6428,7.4091
6429,8.2
6430,7.2595
6431,7.6018
6432,5.0
6433,7.0
6434,6.5429
6435,7.6538
6436,7.6018
6437,7.6018
6438,7.6018
6439,7.6018
6440,7.6018
6441,7.6018
6442,7.6944
6443,7.6018
6444,8.0238
6445,7.6018
6446,7.4339
6447,7.2595
6448,7.2595
6449,7.6018
6450,7.6018
6451,10.0
6452,8.2
6453,7.6018
6454,7.6018
6455,7.5
6456,8.7374
6457,7.6018
6458,7.6018
6459,7.6018
6460,7.6018
6461,7.6018
6462,7.72
6463,7.875
6464,8.0
6465,7.6018
6466,7.6018
6467,7.6018
6468,7.5065
6469,7.6018
6470,7.0
6471,7.6018
6472,7.6018
6473,5.0752
6474,8.931
6475,6.0667
6476,7.6018
6477,7.6018
6478,7.6018
6479,7.6018
6480,7.6018
6481,9.4632
6482,8.5769
6483,7.6018
6484,7.9577
6485,6.8
6486,8.8333
6487,7.6018
6488,7.6018
6489,7.6018
6490,5.8214
6491,7.6018
6492,5.5797
6493,7.6018
6494,7.6018
6495,7.8889
6496,7.8431
6497,7.6018
6498,7.6018
6499,8.7894
6500,5.625
6501,8.1053
6502,7.6018
6503,7.6018
6504,8.023
6505,7.6018
6506,8.5
6507,6.9737
6508,7.8889
6509,8.8556
6510,7.6018
6511,5.0
6512,7.9452
6513,7.6018
6514,7.7236
6515,7.6018
6516,7.6018
6517,7.6018
6518,8.25
6519,5.8214
6520,7.6018
6521,7.6018
6522,7.64
6523,7.6018
6524,7.6018
6525,7.0
6526,7.6018
6527,7.6018
6528,7.6018
6529,7.6018
6530,7.6018
6531,7.6018
6532,8.1043
6533,7.6018
6534,7.6018
6535,7.2595
6536,4.0
6537,7.5882
6538,8.0
6539,7.6018
6540,7.6018
6541,7.6018
6542,5.4
6543,7.6018
6544,7.6018
6545,7.6018
6546,7.6018
6547,8.1043
6548,7.2595
6549,9.1818
6550,8.3333
6551,7.96
6552,8.8556
6553,7.6018
6554,7.4118
6555,7.6018
6556,6.9167
6557,7.6018
6558,7.4824
6559,7.6018
6560,7.6018
6561,7.8812
6562,7.6018
6563,7.6018
6564,7.3955
6565,7.6
6566,8.1579
6567,7.6018
6568,6.0
6569,7.6018
6570,10.0
6571,8.8556
6572,9.0
6573,7.6018
6574,7.6018
6575,6.875
6576,7.6018
6577,7.6018
6578,7.6018
6579,6.1667
6580,7.1613
6581,7.6018
6582,9.1667
6583,7.7143
6584,7.6674
6585,7.6018
6586,7.8333
6587,7.6018
6588,7.2432
6589,8.0833
6590,7.6018
6591,7.6018
6592,7.6018
6593,7.6018
6594,7.6018
6595,6.6
6596,7.6018
6597,7.6018
6598,7.6018
6599,7.6018
6600,7.2595
6601,7.6018
6602,5.0
6603,8.0
6604,7.6018
6605,7.6018
6606,7.6018
6607,7.6018
6608,7.6018
6609,7.6018
6610,7.6018
6611,5.0
6612,7.6018
6613,7.6018
6614,4.0
6615,6.625
6616,7.6018
6617,7.6018
6618,9.4632
6619,7.6018
6620,7.6018
6621,7.6018
6622,8.2676
6623,8.8556
6624,7.7037
6625,8.6842
6626,7.6018
6627,8.5625
6628,7.8
6629,7.6018
6630,7.1689
6631,9.0
6632,7.6018
6633,7.6018
6634,7.6018
6635,9.7885
6636,7.6018
6637,7.6018
6638,7.9947
6639,6.4906
6640,7.6018
6641,5.8889
6642,8.1619
6643,7.55
6644,7.6018
6645,6.0
6646,7.6018
6647,9.7158
6648,7.15
6649,6.0909
6650,7.9947
6651,7.6018
6652,7.6018
6653,7.5278
6654,7.875
6655,7.6018
6656,8.25
6657,7.4
6658,7.4074
6659,7.6018
6660,7.6018
6661,7.6018
6662,9.0
6663,7.2595
6664,7.6018
6665,6.7
6666,7.7105
6667,7.6018
6668,7.6018
6669,7.6018
6670,7.6018
6671,7.6018
6672,7.6018
6673,7.6018
6674,7.1667
6675,8.8556
6676,5.8571
6677,9.0
6678,7.2429
6679,7.6018
6680,7.6018
6681,7.8824
6682,6.8125
6683,7.6018
6684,7.5976
6685,7.6018
6686,9.0262
6687,8.0238
6688,7.6018
6689,8.541
6690,7.6018
6691,5.5
6692,6.0
6693,8.7091
6694,6.65
6695,7.6018
6696,7.6018
6697,6.9583
6698,8.8556
6699,7.6018
6700,4.7261
6701,7.6018
6702,8.0
6703,7.6018
6704,7.6018
6705,7.5
6706,8.283
6707,8.2812
6708,7.8889
6709,7.6018
6710,7.6018
6711,7.5476
6712,7.6018
6713,7.6018
6714,6.3
6715,7.5065
6716,7.6018
6717,7.6018
6718,7.6018
6719,7.6018
6720,7.5
6721,7.7449
6722,7.6018
6723,8.0435
6724,6.1538
6725,7.3333
6726,7.6018
6727,9.4286
6728,6.1667
6729,7.6018
6730,7.6018
6731,7.6018
6732,7.6667
6733,7.6018
6734,7.3333
6735,7.0
6736,8.2857
6737,7.6018
6738,6.0
6739,7.6018
6740,7.6018
6741,9.0
6742,8.8556
6743,7.3333
6744,8.8571
6745,7.9286
6746,10.0
6747,8.3714
6748,6.0958
6749,7.6018
6750,7.6018
6751,7.6018
6752,7.5505
6753,7.6018
6754,7.6018
6755,8.7029
6756,8.0
6757,9.0262
6758,7.6018
6759,7.6018
6760,8.7048
6761,6.5
6762,9.3333
6763,7.6018
6764,5.0
6765,7.8076
6766,8.1264
6767,7.6018
6768,7.5
6769,7.6018
6770,8.1875
6771,7.0
6772,7.6018
6773,6.7129
6774,5.0
6775,7.6018
6776,7.6018
6777,5.5
6778,7.6018
6779,8.5455
6780,8.0294
6781,7.6018
6782,6.0
6783,7.6018
6784,7.6018
6785,7.4074
6786,8.875
6787,8.2
6788,7.6018
6789,7.6018
6790,7.6018
6791,9.6
6792,8.1786
6793,7.6018
6794,7.6018
6795,7.6018
6796,7.6018
6797,6.1667
6798,7.6018
6799,7.6018
6800,7.6018
6801,6.7328
6802,7.6018
6803,8.0
6804,6.5769
6805,7.6018
6806,7.6018
6807,7.6018
6808,8.7029
6809,7.6018
6810,8.7692
6811,7.6018
6812,7.6018
6813,7.625
6814,7.6018
6815,7.6018
6816,7.2595
6817,7.8
6818,7.9667
6819,7.6018
6820,6.0
6821,7.6018
6822,10.0
6823,8.4564
6824,7.6018
6825,7.6018
6826,8.0727
6827,8.25
6828,8.8556
6829,7.6018
6830,8.4634
6831,7.6018
6832,7.6018
6833,8.0
6834,7.6018
6835,8.4444
6836,6.3571
6837,7.6018
6838,7.6018
6839,7.6018
6840,9.3455
6841,7.6018
6842,6.875
6843,7.6018
6844,7.6018
6845,7.6018
6846,8.25
6847,8.0
6848,6.0226
6849,7.6018
6850,7.6018
6851,8.0
6852,7.8617
6853,10.0
6854,6.4
6855,7.2941
6856,7.6018
6857,8.6111
6858,6.0
6859,7.6018
6860,9.6429
6861,7.6018
6862,7.6018
6863,7.6018
6864,6.3786
6865,7.6018
6866,7.6018
6867,8.4892
6868,7.6018
6869,7.4444
6870,7.6018
6871,7.6018
6872,7.6018
6873,9.0
6874,7.6018
6875,7.6018
6876,7.6018
6877,7.9091
6878,8.3971
6879,7.6018
6880,7.6018
6881,7.7236
6882,7.7692
6883,5.1355
6884,8.0795
6885,7.6018
6886,7.0
6887,7.6018
6888,4.7059
6889,8.8556
6890,6.2055
6891,7.6018
6892,7.6018
6893,7.9545
6894,7.814
6895,7.6018
6896,8.5667
6897,5.9825
6898,7.6018
6899,7.1364
6900,7.6018
6901,6.0
6902,7.6018
6903,7.6018
6904,5.0752
6905,7.6018
6906,6.6842
6907,7.125
6908,7.6018
6909,6.2222
6910,8.4118
6911,7.6018
6912,8.3333
6913,7.2595
6914,9.0262
6915,7.6018
6916,8.8431
6917,8.0094
6918,8.0
6919,9.0
6920,8.4788
6921,6.3943
6922,7.1212
6923,7.6018
6924,7.6018
6925,7.7589
6926,9.0411
6927,7.6018
6928,7.6018
6929,7.6018
6930,7.6018
6931,7.6018
6932,7.6268
6933,7.2595
6934,6.4444
6935,9.0
6936,7.6018
6937,8.3333
6938,5.25
6939,8.0
6940,7.6018
6941,7.6018
6942,10.0
6943,7.6018
6944,7.6018
6945,7.6018
6946,7.6018
6947,7.8889
6948,7.25
6949,7.6018
6950,9.0227
6951,7.6018
6952,7.6018
6953,8.0426
6954,7.5
6955,8.5
6956,8.7234
6957,7.6018
6958,7.6018
6959,8.8556
6960,9.2
6961,8.3636
6962,7.6018
6963,7.2368
6964,7.5
6965,6.0006
6966,9.4583
6967,7.3333
6968,7.6667
6969,7.6018
6970,7.6018
6971,7.6018
6972,7.6018
6973,9.3832
6974,6.0
6975,7.6018
6976,8.3333
6977,8.0
6978,7.8333
6979,6.0
6980,7.2595
6981,7.3009
6982,6.9167
6983,7.6018
6984,7.2595
6985,9.0
6986,7.6018
6987,7.6018
6988,5.0
6989,7.6018
6990,7.6018
6991,8.4444
6992,7.069
6993,7.2222
6994,7.6018
6995,9.1111
6996,10.0
6997,8.0094
6998,7.6018
6999,6.875
7000,7.6018
7001,7.6018
7002,7.2243
7003,7.6018
7004,7.6018
7005,7.6018
7006,7.6018
7007,8.2903
7008,7.6018
7009,8.9315
7010,7.6018
7011,6.5
7012,7.5965
7013,7.6018
7014,7.3301
7015,7.6018
7016,7.6018
7017,7.6018
7018,7.6018
7019,8.6
7020,8.5
7021,8.0
7022,7.6018
7023,7.6018
7024,7.6018
7025,6.5161
7026,5.1355
7027,6.2859
7028,7.6018
7029,7.6018
7030,8.5875
7031,6.65
7032,7.3523
7033,7.6
7034,7.6018
7035,7.6018
7036,8.1579
7037,6.7581
7038,5.0
7039,7.6018
7040,5.625
7041,7.6018
7042,7.6018
7043,6.5429
7044,7.6018
7045,7.2595
7046,7.6018
7047,7.3
7048,7.1689
7049,6.6667
7050,5.5401
7051,8.0
7052,7.6018
7053,7.2595
7054,7.6018
7055,7.6018
7056,8.2109
7057,6.8125
7058,7.6018
7059,7.6018
7060,8.0
7061,6.6842
7062,7.6018
7063,7.6018
7064,8.4234
7065,7.6018
7066,6.4545
7067,7.3846
7068,7.1212
7069,7.1689
7070,8.4091
7071,6.0268
7072,7.6018
7073,7.1333
7074,7.9
7075,7.6018
7076,7.6018
7077,8.0909
7078,7.6018
7079,7.72
7080,7.6018
7081,7.95
7082,8.2676
7083,8.9
7084,7.9545
7085,5.0
7086,8.8556
7087,7.0
7088,6.9781
7089,8.5714
7090,5.0
7091,8.1538
7092,7.5505
7093,7.6018
7094,5.0
7095,7.6018
7096,8.8556
7097,7.6018
7098,6.7727
7099,7.6018
7100,7.6018
7101,7.0
7102,8.4286
7103,7.6018
7104,7.6018
7105,6.0
7106,7.6018
7107,7.6018
7108,7.6018
7109,7.6018
7110,8.3333
7111,7.6018
7112,9.0
7113,5.8519
7114,8.9905
7115,7.5065
7116,8.6135
7117,7.6018
7118,7.6018
7119,7.6061
7120,8.3318
7121,7.6018
7122,7.3333
7123,7.6018
7124,7.6018
7125,7.6018
7126,7.6018
7127,7.5968
7128,7.6018
7129,7.6018
7130,7.3523
7131,8.0
7132,7.6018
7133,7.6018
7134,6.5
7135,8.0
7136,7.6018
7137,7.2595
7138,6.7143
7139,7.6018
7140,8.2105
7141,6.6
7142,7.6018
7143,7.3288
7144,7.6018
7145,4.0
7146,8.0
7147,8.1976
7148,6.75
7149,7.6122
7150,7.6018
7151,7.5517
7152,7.6018
7153,8.75
7154,7.6018
7155,7.3523
7156,7.6018
7157,7.9947
7158,7.6018
7159,7.6018
7160,6.875
7161,7.6018
7162,7.3333
7163,7.6018
7164,7.2
7165,7.8824
7166,7.6018
7167,7.8108
7168,7.6018
7169,8.8556
7170,10.0
7171,7.6018
7172,7.6018
7173,7.6018
7174,8.375
7175,7.5
7176,10.0
7177,6.2055
7178,7.6018
7179,9.0
7180,7.6018
7181,7.6018
7182,7.2595
7183,7.6018
7184,4.1715
7185,7.6018
7186,6.3786
7187,7.6018
7188,8.0
7189,9.0227
7190,9.0625
7191,7.6018
7192,7.7667
7193,7.2196
7194,7.4483
7195,7.6018
7196,7.6018
7197,6.0
7198,7.6018
7199,7.6018
7200,9.5
7201,9.134
7202,7.6018
7203,7.2595
7204,7.6018
7205,7.6018
7206,7.6018
7207,7.6875
7208,7.2595
7209,8.0909
7210,7.2595
7211,7.7009
7212,7.6018
7213,7.6
7214,8.1136
7215,7.6018
7216,7.6018
7217,7.2595
7218,7.5
7219,8.5
7220,7.6018
7221,7.3811
7222,9.1765
7223,7.1429
7224,7.8571
7225,8.0429
7226,7.6018
7227,8.2754
7228,7.6018
7229,7.6018
7230,7.0
7231,7.6018
7232,9.075
7233,7.6018
7234,7.6018
7235,7.6018
7236,7.6018
7237,7.815
7238,7.1429
7239,7.6018
7240,7.6018
7241,7.6018
7242,7.6018
7243,7.6018
7244,7.6018
7245,6.0
7246,7.6018
7247,7.6018
7248,7.6018
7249,7.2846
7250,7.6018
7251,7.0484
7252,8.1955
7253,7.6018
7254,7.6018
7255,7.6018
7256,8.5137
7257,8.0
7258,7.6018
7259,8.7029
7260,7.6018
7261,9.0
7262,7.6364
7263,7.5
7264,9.0
7265,7.2595
7266,7.1463
7267,7.6018
7268,7.6018
7269,7.6018
7270,7.6018
7271,5.875
7272,9.3455
7273,5.0752
7274,7.6018
7275,8.5
7276,9.075
7277,7.6018
7278,7.6018
7279,7.6018
7280,5.0752
7281,7.6018
7282,7.6018
7283,7.6018
7284,8.1111
7285,9.0
7286,7.6018
7287,7.6018
7288,7.6018
7289,8.0
7290,8.3913
7291,8.0
7292,7.6018
7293,8.1
7294,7.0
7295,7.0
7296,7.6018
7297,6.1818
7298,8.5818
7299,8.873
7300,7.5505
7301,7.6018
7302,8.8556
7303,7.125
7304,7.6018
7305,7.6018
7306,6.0
7307,7.0476
7308,8.2676
7309,7.9112
7310,8.8556
7311,5.0
7312,8.6471
7313,7.6018
7314,7.6018
7315,7.6181
7316,6.3333
7317,8.7404
7318,8.0
7319,7.9143
7320,8.5
7321,7.6018
7322,9.1176
7323,7.6018
7324,6.7403
7325,8.9315
7326,8.0
7327,7.6018
7328,5.5
7329,8.5818
7330,7.6018
7331,8.8556
7332,7.6018
7333,7.5556
7334,7.6018
7335,7.8941
7336,7.9273
7337,7.3333
7338,7.4286
7339,7.6018
7340,5.7059
7341,7.6018
7342,7.6018
7343,6.6667
7344,8.0
7345,7.6018
7346,7.6018
7347,8.5
7348,9.0262
7349,7.6018
7350,7.25
7351,7.1689
7352,7.6018
7353,7.6018
7354,7.6018
7355,7.85
7356,7.6018
7357,7.8617
7358,8.2143
7359,7.6923
7360,6.0226
7361,7.6018
7362,9.1395
7363,7.2941
7364,7.6339
7365,8.0
7366,7.6018
7367,7.6018
7368,7.141
7369,8.7029
7370,7.6018
7371,7.5952
7372,7.6018
7373,8.2
7374,7.6018
7375,7.6018
7376,7.6018
7377,7.2595
7378,7.0
7379,8.8556
7380,7.6018
7381,7.6018
7382,7.6018
7383,7.6018
7384,5.6667
7385,7.0841
7386,7.6018
7387,7.6018
7388,7.6018
7389,7.6018
7390,7.6018
7391,7.6018
7392,7.6018
7393,7.6018
7394,7.6018
7395,6.5
7396,7.6018
7397,8.2
7398,9.0
7399,7.6018
7400,8.4667
7401,7.6018
7402,9.4583
7403,5.0
7404,7.6018
7405,7.6018
7406,7.6018
7407,7.9947
7408,7.6018
7409,9.075
7410,7.5
7411,7.5254
7412,7.6018
7413,8.2368
7414,8.3867
7415,7.6018
7416,7.6538
7417,8.1111
7418,7.3523
7419,5.4074
7420,7.6018
7421,7.0
7422,8.0
7423,9.5
7424,7.6018
7425,7.6018
7426,8.8556
7427,7.1667
7428,10.0
7429,7.6018
7430,8.0
7431,7.6018
7432,7.1429
7433,6.1034
7434,7.6018
7435,7.6018
7436,7.6018
7437,7.6018
7438,6.0
7439,7.6018
7440,7.7971
7441,7.6018
7442,7.6018
7443,7.6018
7444,7.6018
7445,7.0
7446,7.6364
7447,7.6018
7448,7.6018
7449,7.6018
7450,6.2
7451,7.6018
7452,7.5758
7453,7.6018
7454,7.6018
7455,7.6018
7456,8.2019
7457,7.6018
7458,5.5
7459,8.1928
7460,7.6018
7461,7.6018
7462,7.6018
7463,6.6667
7464,7.6018
7465,7.6018
7466,7.9143
7467,7.6018
7468,7.9
7469,7.6018
7470,7.6018
7471,6.625
7472,7.6018
7473,7.6018
7474,7.6018
7475,7.0909
7476,7.2595
7477,7.7449
7478,7.6018
7479,8.4545
7480,9.0262
7481,7.6018
7482,7.6018
7483,9.0262
7484,7.6018
7485,7.6018
7486,5.7059
7487,8.2
7488,7.6018
7489,7.6018
7490,6.3786
7491,7.8916
7492,7.6018
7493,7.6018
7494,5.0752
7495,8.75
7496,8.92
7497,7.6018
7498,7.2595
7499,6.0405
7500,6.5161
7501,6.4
7502,7.5
7503,7.6018
7504,7.2595
7505,10.0
7506,7.6018
7507,7.6018
7508,7.6018
7509,7.6018
7510,7.2595
7511,7.6018
7512,7.6018
7513,7.6018
7514,7.6018
7515,7.3523
7516,7.6018
7517,5.8214
7518,7.6018
7519,6.5
7520,8.0455
7521,7.6471
7522,7.6018
7523,7.6018
7524,7.6018
7525,7.2595
7526,7.6018
7527,6.0
7528,7.6018
7529,7.6018
7530,8.8556
7531,7.6018
7532,7.6018
7533,9.0
7534,7.6018
7535,7.6018
7536,7.6018
7537,9.3455
7538,7.9947
7539,8.4634
7540,7.6018
7541,7.6018
7542,9.4632
7543,8.8556
7544,4.2125
7545,7.7009
7546,7.6018
7547,9.6667
7548,7.7188
7549,7.2595
7550,8.8556
7551,8.2667
7552,7.6018
7553,7.5714
7554,7.6018
7555,7.2595
7556,7.6018
7557,6.1818
7558,7.6018
7559,7.6018
7560,7.5714
7561,8.8556
7562,7.6018
7563,7.2941
7564,7.1212
7565,7.6018
7566,9.0625
7567,7.6018
7568,8.023
7569,6.6875
7570,7.6018
7571,8.3953
7572,6.6364
7573,6.0226
7574,7.6018
7575,6.0
7576,9.6177
7577,7.6018
7578,7.6018
7579,7.6018
7580,7.6018
7581,7.6018
7582,6.5625
7583,7.6018
7584,7.6018
7585,7.6018
7586,8.2857
7587,9.4545
7588,7.125
7589,7.6018
7590,7.6018
7591,7.6018
7592,7.5455
7593,7.2308
7594,8.873
7595,8.5
7596,7.6018
7597,7.2595
7598,7.25
7599,8.4444
7600,7.9091
7601,7.6018
7602,7.6018
7603,8.9714
7604,7.6018
7605,10.0
7606,7.5556
7607,7.2595
7608,7.6018
7609,7.6018
7610,7.6018
7611,8.023
7612,7.6018
7613,8.1955
7614,7.828
7615,7.6018
7616,7.6018
7617,8.0755
7618,7.6018
7619,7.6018
7620,6.1
7621,7.4151
7622,7.6018
7623,6.56
7624,8.0455
7625,7.6018
7626,7.6018
7627,6.6667
7628,7.6018
7629,7.4891
7630,9.3333
7631,7.6018
7632,7.5589
7633,7.6018
7634,7.7826
7635,8.5753
7636,7.8465
7637,7.5
7638,7.6018
7639,6.0226
7640,10.0
7641,7.6018
7642,7.8723
7643,8.6579
7644,6.2727
7645,7.6018
7646,7.6018
7647,7.6018
7648,9.1481
7649,6.56
7650,7.6018
7651,7.6018
7652,7.2143
7653,7.9061
7654,7.6018
7655,7.6018
7656,7.4339
7657,7.3571
7658,9.4841
7659,7.6018
7660,7.6018
7661,7.6018
7662,8.8556
7663,7.6018
7664,6.5
7665,5.1355
7666,7.6018
7667,7.6018
7668,6.0226
7669,8.8556
7670,7.1579
7671,7.6018
7672,7.6018
7673,8.4634
7674,6.9667
7675,8.0833
7676,8.4634
7677,7.6018
7678,7.6018
7679,7.8824
7680,7.6018
7681,7.6018
7682,7.6018
7683,8.25
7684,8.1578
7685,6.2
7686,7.2
7687,9.16
7688,5.7
7689,7.3333
7690,7.6018
7691,7.6018
7692,8.8
7693,7.6018
7694,7.6018
7695,7.6018
7696,7.0
7697,8.8556
7698,7.6018
7699,7.6018
7700,7.6018
7701,6.4074
7702,7.6018
7703,7.6018
7704,7.3297
7705,7.2595
7706,7.6018
7707,7.6018
7708,7.2595
7709,7.6018
7710,7.8125
7711,9.0
7712,7.6018
7713,7.6018
7714,7.6018
7715,7.6018
7716,6.25
7717,10.0
7718,8.0265
7719,7.6018
7720,7.6018
7721,7.6018
7722,7.6018
7723,7.6018
7724,7.6018
7725,7.6018
7726,7.6018
7727,9.1667
7728,7.6018
7729,6.9333
7730,8.0
7731,7.5405
7732,9.0
7733,7.3158
7734,7.6018
7735,7.3333
7736,7.6018
7737,8.1829
7738,7.6018
7739,9.6667
7740,8.3333
7741,7.6018
7742,7.6018
7743,7.6471
7744,7.6018
7745,8.3558
7746,7.6018
7747,7.6018
7748,8.25
7749,7.7009
7750,7.6018
7751,7.6018
7752,7.6018
7753,6.1034
7754,8.0
7755,6.1538
7756,7.6018
7757,7.6018
7758,7.6018
7759,7.6018
7760,8.5157
7761,7.6018
7762,6.1043
7763,9.0
7764,6.7273
7765,6.9667
7766,6.0226
7767,8.5
7768,8.0
7769,8.0
7770,7.76
7771,8.2105
7772,7.6018
7773,10.0
7774,8.45
7775,7.6018
7776,9.0
7777,7.6018
7778,7.6018
7779,7.6018
7780,7.6018
7781,7.6018
7782,7.6018
7783,7.6018
7784,7.6018
7785,7.069
7786,7.6018
7787,7.6018
7788,8.8055
7789,7.6018
7790,7.6018
7791,7.2595
7792,7.6018
7793,7.0
7794,8.023
7795,6.0
7796,7.6018
7797,7.6364
7798,7.6018
7799,7.6018
7800,7.6018
7801,9.0
7802,9.0462
7803,9.4878
7804,6.3
7805,7.6018
7806,7.6018
7807,7.5
7808,7.9452
7809,7.6018
7810,7.6018
7811,7.6018
7812,7.9577
7813,6.2308
7814,6.5429
7815,7.6018
7816,5.0144
7817,7.6018
7818,9.4969
7819,9.4118
7820,6.625
7821,5.25
7822,7.7971
7823,7.0
7824,5.6667
7825,8.5
7826,8.5625
7827,7.2174
7828,7.6018
7829,7.6018
7830,7.3158
7831,7.6018
7832,7.6018
7833,7.8
7834,7.2243
7835,7.6018
7836,7.6018
7837,8.997
7838,7.6018
7839,8.5833
7840,7.6018
7841,7.0
7842,7.6018
7843,7.6018
7844,7.5254
7845,7.6018
7846,8.0094
7847,7.6018
7848,7.6018
7849,7.9714
7850,7.6018
7851,7.1039
7852,7.6018
7853,7.9947
7854,7.75
7855,8.25
7856,6.9091
7857,7.6018
7858,7.885
7859,7.0
7860,7.2595
7861,7.6018
7862,7.6667
7863,7.6018
7864,7.6018
7865,7.6018
7866,8.418
7867,7.9947
7868,6.9
7869,8.0094
7870,8.0
7871,7.6018
7872,7.2595
7873,8.0294
7874,8.2
7875,9.0262
7876,7.6018
7877,7.6018
7878,7.6018
7879,4.6667
7880,8.0
7881,8.4545
7882,7.6018
7883,6.3333
7884,9.1642
7885,7.6018
7886,7.6018
7887,7.6018
7888,7.6018
7889,8.2
7890,5.5714
7891,7.6018
7892,8.3571
7893,6.5833
7894,7.2595
7895,6.7403
7896,7.5185
7897,7.6018
7898,7.6018
7899,7.6018
7900,7.3148
7901,8.0
7902,7.6018
7903,9.0262
7904,7.6018
7905,7.5952
7906,7.2595
7907,7.6018
7908,7.6018
7909,6.25
7910,7.6018
7911,7.6018
7912,7.5476
7913,8.2903
7914,8.9092
7915,7.6018
7916,8.125
7917,7.6018
7918,8.0
7919,6.25
7920,7.375
7921,7.8947
7922,7.6018
7923,7.6018
7924,7.6018
7925,8.1928
7926,7.6018
7927,6.8
7928,8.8556
7929,5.5
7930,7.6018
7931,8.6567
7932,8.4007
7933,7.6018
7934,7.6018
7935,6.0226
7936,7.0
7937,7.75
7938,7.6018
7939,7.6018
7940,7.2595
7941,7.4054
7942,6.7
7943,7.6018
7944,8.0
7945,8.5818
7946,7.0
7947,7.6018
7948,8.2019
7949,7.6018
7950,7.6018
7951,9.25
7952,7.6018
7953,7.6018
7954,7.3276
7955,7.6018
7956,9.0
7957,7.6018
7958,7.6018
7959,7.6018
7960,7.5556
7961,8.7778
7962,7.6018
7963,8.0
7964,7.6018
7965,7.5556
7966,7.6018
7967,8.8556
7968,5.0752
7969,7.6018
7970,7.6018
7971,7.5472
7972,8.8556
7973,7.6018
7974,5.0
7975,7.6018
7976,7.6018
7977,7.6018
7978,7.6018
7979,9.0
7980,7.6018
7981,6.4
7982,6.0226
7983,7.6018
7984,7.6018
7985,7.4
7986,7.6018
7987,7.6122
7988,7.6018
7989,10.0
7990,7.6018
7991,3.0
7992,7.6018
7993,7.6018
7994,7.6018
7995,7.6018
7996,7.6018
7997,7.6018
7998,7.6018
7999,9.0
8000,10.0
8001,6.129
8002,7.375
8003,7.6018
8004,7.6018
8005,7.2595
8006,8.0
8007,7.2595
8008,7.6018
8009,7.6018
8010,7.6018
8011,7.6018
8012,8.0
8013,7.6018
8014,8.023
8015,7.6018
8016,7.6018
8017,7.6018
8018,7.6018
8019,7.6018
8020,7.6018
8021,7.6018
8022,7.6018
8023,7.6018
8024,10.0
8025,7.6018
8026,8.3731
8027,8.3953
8028,7.25
8029,7.6018
8030,9.1786
8031,6.1
8032,10.0
8033,7.1463
8034,7.3913
8035,9.75
8036,7.6018
8037,7.6018
8038,8.7048
8039,8.0
8040,8.5875
8041,7.6018
8042,6.0
8043,8.5833
8044,8.7598
8045,6.25
8046,7.6018
8047,6.6667
8048,6.75
8049,7.6018
8050,7.6018
8051,6.7358
8052,7.5
8053,7.6018
8054,9.5455
8055,8.7
8056,10.0
8057,8.0761
8058,7.6018
8059,7.6018
8060,6.8333
8061,7.6018
8062,6.4444
8063,8.5714
8064,7.6018
8065,9.0
8066,7.0
8067,7.6018
8068,7.6018
8069,7.4211
8070,7.6018
8071,9.0
8072,7.9708
8073,7.6018
8074,6.6667
8075,7.6018
8076,9.4878
8077,9.5
8078,7.6018
8079,7.6018
8080,7.6018
8081,8.6719
8082,7.6018
8083,8.0
8084,8.7404
8085,7.6018
8086,9.0
8087,7.6018
8088,8.0
8089,7.1321
8090,7.6018
8091,8.8556
8092,8.5
8093,7.75
8094,9.6216
8095,7.6018
8096,7.0818
8097,6.5429
8098,6.1667
8099,8.8716
8100,7.6018
8101,8.5
8102,6.2632
8103,7.6018
8104,7.6018
8105,7.6018
8106,7.6018
8107,7.6018
8108,7.6018
8109,7.2595
8110,8.7903
8111,6.25
8112,7.6018
8113,7.6018
8114,9.375
8115,7.6018
8116,7.6018
8117,7.6018
8118,7.6018
8119,7.6018
8120,7.6018
8121,6.8571
8122,7.6018
8123,7.6018
8124,6.7273
8125,7.6018
8126,6.9556
8127,7.6018
8128,7.6018
8129,8.7143
8130,7.9
8131,7.375
8132,9.75
8133,8.5
8134,7.6018
8135,7.6018
8136,7.6018
8137,7.4444
8138,8.7029
8139,7.6018
8140,7.6018
8141,10.0
8142,7.6018
8143,7.125
8144,8.1111
8145,5.4
8146,7.6018
8147,7.6018
8148,7.2595
8149,7.6018
8150,7.5333
8151,7.6018
8152,7.6018
8153,7.6018
8154,7.6018
8155,7.6018
8156,7.6018
8157,7.6018
8158,7.6018
8159,8.6667
8160,7.6
8161,7.6018
8162,7.5339
8163,7.6018
8164,7.5185
8165,7.4
8166,7.6018
8167,7.6018
8168,7.6018
8169,7.6018
8170,7.6018
8171,7.6018
8172,7.0333
8173,8.9905
8174,7.6018
8175,9.0
8176,7.6018
8177,7.6018
8178,7.6018
8179,7.6018
8180,7.2595
8181,7.5278
8182,7.5
8183,7.6018
8184,6.1818
8185,7.9569
8186,8.418
8187,7.0
8188,7.6018
8189,6.5
8190,7.6018
8191,8.0
8192,8.5
8193,7.6018
8194,7.6018
8195,7.2595
8196,9.4025
8197,7.6018
8198,7.6018
8199,9.075
8200,6.9231
8201,6.1034
8202,7.6018
8203,8.3333
8204,7.6018
8205,7.6018
8206,7.6018
8207,7.6018
8208,7.375
8209,7.6018
8210,6.0
8211,8.0
8212,7.7449
8213,7.6018
8214,7.6018
8215,8.5
8216,8.0
8217,7.6018
8218,7.6018
8219,7.6018
8220,10.0
8221,7.2595
8222,7.6018
8223,7.6018
8224,7.6018
8225,7.6018
8226,7.6667
8227,7.8
8228,7.6018
8229,8.5
8230,6.5333
8231,7.6018
8232,7.6018
8233,7.5
8234,5.0
8235,7.7105
8236,7.5
8237,8.9333
8238,7.6018
8239,7.6018
8240,8.8556
8241,7.6018
8242,7.6018
8243,7.6018
8244,7.5339
8245,9.6667
8246,7.8947
8247,7.6018
8248,7.6018
8249,8.75
8250,7.6018
8251,8.2128
8252,7.6018
8253,7.6018
8254,9.0811
8255,7.6018
8256,7.6018
8257,7.9559
8258,7.6018
8259,5.6154
8260,8.9091
8261,7.6018
8262,7.6018
8263,6.7
8264,7.6018
8265,8.1429
8266,7.6018
8267,8.05
8268,7.6018
8269,9.0
8270,7.6667
8271,7.6018
8272,7.6018
8273,7.6018
8274,5.9825
8275,10.0
8276,7.1039
8277,7.6018
8278,7.6018
8279,7.6018
8280,9.1395
8281,7.6018
8282,6.8689
8283,7.3523
8284,7.9677
8285,7.5714
8286,8.5
8287,7.815
8288,9.1429
8289,7.6018
8290,8.1823
8291,8.8556
8292,7.2595
8293,7.9148
8294,8.9905
8295,6.3333
8296,7.6018
8297,8.2019
8298,7.6018
8299,6.6957
8300,7.6018
8301,7.6018
8302,7.25
8303,7.6018
8304,5.75
8305,7.6018
8306,7.6018
8307,7.6018
8308,7.2595
8309,7.6018
8310,8.2903
8311,8.3649
8312,7.25
8313,7.6018
8314,7.6018
8315,7.6018
8316,8.122
8317,8.2857
8318,7.6018
8319,7.6018
8320,8.8556
8321,7.2595
8322,7.6018
8323,7.6018
8324,7.6575
8325,7.625
8326,8.5
8327,7.6018
8328,9.2857
8329,7.6018
8330,7.8812
8331,7.2595
8332,7.6018
8333,7.7971
8334,7.6018
8335,6.0
8336,7.6018
8337,7.6018
8338,6.9091
8339,7.6018
8340,7.0
8341,7.6018
8342,9.0
8343,8.8556
8344,8.5714
8345,7.6018
8346,8.1111
8347,9.25
8348,5.1355
8349,7.6018
8350,10.0
8351,9.5
8352,7.6018
8353,7.1463
8354,6.3786
8355,6.625
8356,7.6018
8357,7.5263
8358,8.0
8359,7.6018
8360,7.6018
8361,6.6842
8362,7.6018
8363,6.25
8364,7.6018
8365,8.4286
8366,7.6018
8367,8.1928
8368,7.2727
8369,7.6018
8370,7.45
8371,9.2105
8372,7.6018
8373,7.2595
8374,7.6018
8375,7.6018
8376,10.0
8377,5.75
8378,7.6018
8379,7.6018
8380,7.6018
8381,7.6018
8382,7.6018
8383,7.9947
8384,6.0
8385,8.8556
8386,7.6018
8387,7.6018
8388,7.6018
8389,7.6018
8390,10.0
8391,7.6018
8392,7.6018
8393,7.6018
8394,5.8529
8395,7.087
8396,7.6018
8397,6.6842
8398,7.6018
8399,9.4936
8400,7.75
8401,7.5
8402,8.8556
8403,7.6018
8404,8.5625
8405,8.5
8406,8.0
8407,7.5
8408,7.6018
8409,9.0262
8410,7.6018
8411,7.5862
8412,7.0
8413,9.5
8414,8.6728
8415,7.6018
8416,7.6018
8417,6.0
8418,7.6087
8419,7.6018
8420,8.2105
8421,7.5556
8422,8.4091
8423,7.2595
8424,5.1667
8425,7.2595
8426,6.2857
8427,7.6018
8428,7.5472
8429,5.5753
8430,7.0
8431,7.6667
8432,7.6018
8433,7.6018
8434,7.6018
8435,7.8462
8436,7.6018
8437,7.6018
8438,7.6207
8439,7.4865
8440,7.6018
8441,7.6018
8442,7.7667
8443,7.6018
8444,7.6018
8445,6.4686
8446,7.2595
8447,6.1818
8448,7.6018
8449,7.6018
8450,9.0
8451,6.7581
8452,7.6018
8453,5.8675
8454,7.1667
8455,9.625
8456,7.6018
8457,7.6018
8458,8.6842
8459,7.7187
8460,7.0
8461,7.6018
8462,9.0
8463,8.1486
8464,7.0714
8465,7.828
8466,7.6018
8467,7.6018
8468,7.6018
8469,9.0
8470,7.6018
8471,7.6018
8472,7.6018
8473,10.0
8474,7.6018
8475,7.6018
8476,7.6018
8477,7.6018
8478,8.2019
8479,7.6018
8480,8.4
8481,8.9828
8482,7.6018
8483,7.4746
8484,7.6018
8485,7.6018
8486,7.6018
8487,9.6204
8488,5.0
8489,7.3523
8490,7.6018
8491,7.8824
8492,8.8556
8493,7.8
8494,8.88
8495,7.6018
8496,9.6216
8497,8.42
8498,8.5
8499,7.6018
8500,7.9
8501,7.6
8502,7.6018
8503,9.25
8504,7.6018
8505,7.2143
8506,7.6018
8507,6.0
8508,7.6018
8509,7.6018
8510,7.2595
8511,7.6018
8512,7.6018
8513,8.1277
8514,9.7059
8515,7.6018
8516,7.9167
8517,7.3902
8518,7.6018
8519,9.2418
8520,9.134
8521,7.6018
8522,7.7429
8523,6.875
8524,7.6018
8525,7.9143
8526,7.6018
8527,7.6018
8528,7.6018
8529,7.6018
8530,7.3116
8531,7.6018
8532,7.6018
8533,7.6018
8534,6.75
8535,7.7
8536,7.6018
8537,7.6018
8538,7.6018
8539,7.5
8540,7.6018
8541,6.7328
8542,7.6018
8543,6.7273
8544,7.5714
8545,8.9834
8546,7.6018
8547,7.6018
8548,7.6018
8549,7.6018
8550,7.2595
8551,8.75
8552,6.3
8553,7.6018
8554,7.6018
8555,7.1053
8556,7.6018
8557,7.6667
8558,7.6018
8559,7.6018
8560,5.0
8561,5.8
8562,8.1043
8563,7.6018
8564,7.6471
8565,8.3636
8566,10.0
8567,7.6018
8568,7.4
8569,7.6667
8570,7.0
8571,7.6018
8572,7.3571
8573,7.6018
8574,7.6018
8575,8.0294
8576,7.0
8577,7.6875
8578,7.6018
8579,7.5248
8580,7.6018
8581,7.6018
8582,7.6018
8583,8.2222
8584,8.8556
8585,6.8333
8586,9.5
8587,7.6018
8588,7.6268
8589,8.1928
8590,7.6018
8591,7.6018
8592,7.6018
8593,6.25
8594,7.6018
8595,7.6018
8596,7.6018
8597,7.6018
8598,7.6018
8599,7.6018
8600,7.6018
8601,9.8571
8602,6.3723
8603,6.0
8604,7.3523
8605,9.16
8606,7.6018
8607,10.0
8608,7.6018
8609,7.0
8610,7.5065
8611,7.6018
8612,7.6018
8613,7.6018
8614,7.6018
8615,7.8862
8616,8.8727
8617,5.881
8618,9.0262
8619,7.6018
8620,9.6216
8621,7.4824
8622,7.8077
8623,7.6018
8624,6.4444
8625,9.25
8626,7.6018
8627,6.9091
8628,7.6018
8629,7.6018
8630,7.6018
8631,8.0
8632,7.6018
8633,8.0
8634,7.6018
8635,7.6018
8636,7.4444
8637,7.9118
8638,7.1039
8639,7.6018
8640,5.5401
8641,9.4841
8642,8.25
8643,7.6018
8644,7.6018
8645,7.5896
8646,6.7917
8647,7.6018
8648,7.6018
8649,7.6018
8650,7.6018
8651,7.6018
8652,8.5875
8653,7.6018
8654,7.2595
8655,6.4545
8656,7.2909
8657,5.375
8658,6.0
8659,8.3571
8660,7.6018
8661,6.0
8662,7.5065
8663,7.75
8664,7.6018
8665,8.5447
8666,9.0811
8667,8.6
8668,7.2595
8669,7.6018
8670,7.6018
8671,7.6018
8672,7.8947
8673,7.6018
8674,7.6018
8675,7.3333
8676,6.0226
8677,7.6018
8678,7.6018
8679,8.0
8680,7.6018
8681,7.6018
8682,7.6018
8683,9.5385
8684,7.6018
8685,7.6018
8686,7.6018
8687,5.0
8688,5.5
8689,9.0
8690,6.7857
8691,8.1852
8692,7.4074
8693,7.6018
8694,7.6018
8695,7.6018
8696,7.6018
8697,5.1355
8698,7.6018
8699,7.6018
8700,8.8556
8701,7.6018
8702,7.6018
8703,7.6018
8704,7.6018
8705,7.2595
8706,7.5476
8707,7.6018
8708,7.15
8709,8.8556
8710,7.6018
8711,7.6018
8712,8.2778
8713,7.6018
8714,7.4286
8715,5.4286
8716,7.6018
8717,7.6018
8718,8.0
8719,8.1786
8720,7.0
8721,9.0
8722,7.6018
8723,7.6018
8724,7.6018
8725,7.6018
8726,6.8857
8727,7.6018
8728,7.58
8729,7.75
8730,6.7014
8731,8.0667
8732,7.1667
8733,7.6018
8734,7.6018
8735,7.6018
8736,7.6018
8737,7.6018
8738,9.28
8739,8.05
8740,7.5339
8741,7.6018
8742,8.8556
8743,7.6018
8744,5.5833
8745,7.6018
8746,8.5
8747,7.6018
8748,7.5926
8749,8.8834
8750,5.5401
8751,7.0786
8752,7.6018
8753,7.9947
8754,7.6018
8755,7.6018
8756,6.8689
8757,9.0
8758,10.0
8759,7.6018
8760,7.6667
8761,7.6018
8762,7.6018
8763,7.6018
8764,7.6018
8765,7.6018
8766,7.2
8767,6.7403
8768,7.6018
8769,9.0262
8770,7.5714
8771,7.6018
8772,8.7029
8773,7.7236
8774,7.6018
8775,8.5385
8776,8.1486
8777,7.6018
8778,7.6018
8779,7.6018
8780,7.6018
8781,9.7059
8782,7.6018
8783,7.6018
8784,8.9799
8785,7.1321
8786,7.6018
8787,7.6018
8788,8.0294
8789,9.2105
8790,8.75
8791,7.6018
8792,7.3514
8793,8.9286
8794,8.0
8795,7.6018
8796,7.6018
8797,8.0
8798,8.2109
8799,7.6018
8800,9.5455
8801,7.6018
8802,7.6018
8803,7.6018
8804,8.0
8805,5.25
8806,7.0818
8807,5.5145
8808,7.2857
8809,5.8529
8810,7.6018
8811,7.9231
8812,7.3846
8813,7.6018
8814,7.6018
8815,6.7328
8816,7.6018
8817,7.6018
8818,6.0
8819,7.4848
8820,7.6018
8821,6.88
8822,7.6018
8823,7.6018
8824,6.4545
8825,7.6018
8826,7.6018
8827,7.6018
8828,7.6018
8829,7.2595
8830,6.9412
8831,7.6018
8832,7.6018
8833,5.0752
8834,9.0262
8835,8.875
8836,7.6018
8837,7.1689
8838,7.6018
8839,7.6018
8840,8.0
8841,7.6018
8842,8.8556
8843,7.6018
8844,7.6018
8845,7.6018
8846,6.9667
8847,7.6018
8848,7.6018
8849,7.2193
8850,7.6018
8851,8.2109
8852,7.6018
8853,8.8727
8854,7.6018
8855,8.4444
8856,7.6018
8857,7.6018
8858,9.134
8859,8.0294
8860,6.6667
8861,7.5065
8862,7.6018
8863,7.8148
8864,7.6018
8865,8.1829
8866,7.6667
8867,9.0262
8868,8.1429
8869,7.7
8870,7.6018
8871,7.6018
8872,7.6018
8873,7.6018
8874,5.0752
8875,7.2632
8876,7.6018
8877,7.7236
8878,7.6018
8879,7.6018
8880,7.9947
8881,7.6018
8882,8.0426
8883,7.6018
8884,7.5965
8885,8.2778
8886,7.0
8887,8.3714
8888,7.0
8889,7.6018
8890,7.2595
8891,8.5036
8892,6.0
8893,7.1818
8894,7.6667
8895,7.625
8896,7.6018
8897,7.2595
8898,7.6018
8899,7.5
8900,6.0
8901,8.0417
8902,7.6018
8903,7.6018
8904,7.2595
8905,8.0
8906,7.6018
8907,7.6018
8908,7.6018
8909,7.7188
8910,7.6018
8911,7.2595
8912,9.3349
8913,7.6018
8914,8.5625
8915,8.0
8916,7.6018
8917,7.6018
8918,5.1355
8919,8.5626
8920,7.6018
8921,7.6018
8922,7.375
8923,7.6018
8924,8.7091
8925,7.5646
8926,7.6018
8927,7.6018
8928,8.0294
8929,7.6018
8930,7.6018
8931,7.6018
8932,7.6018
8933,7.6018
8934,7.6018
8935,7.6018
8936,7.6018
8937,7.6018
8938,8.0
8939,7.6018
8940,5.0
8941,7.3523
8942,7.6018
8943,6.2667
8944,7.6018
8945,7.6018
8946,7.45
8947,8.6567
8948,7.2595
8949,7.6018
8950,7.8889
8951,7.6018
8952,7.815
8953,7.6018
8954,7.6154
8955,7.5278
8956,7.6018
8957,7.2595
8958,9.0
8959,7.2595
8960,7.6018
8961,5.3622
8962,7.7037
8963,8.0
8964,7.4483
8965,6.0
8966,7.6018
8967,7.6018
8968,7.6018
8969,7.8333
8970,7.6018
8971,7.6018
8972,7.2595
8973,7.0
8974,7.651
8975,7.6018
8976,7.6018
8977,6.6896
8978,7.6018
8979,7.6018
8980,7.6018
8981,4.5455
8982,7.6018
8983,7.0
8984,7.6809
8985,8.0
8986,7.6018
8987,7.0
8988,7.6018
8989,5.1
8990,9.4286
8991,7.6018
8992,7.6018
8993,7.6018
8994,7.6018
8995,7.4421
8996,7.5263
8997,7.6018
8998,9.3455
8999,6.3333
9000,7.6018
9001,5.8214
9002,8.4772
9003,7.6018
9004,6.8809
9005,6.0
9006,7.6018
9007,7.6018
9008,7.6018
9009,7.6018
9010,7.6018
9011,7.6018
9012,7.7188
9013,7.6018
9014,8.1955
9015,7.6018
9016,8.4
9017,7.2595
9018,7.5
9019,7.6018
9020,7.6575
9021,4.7059
9022,7.6018
9023,6.6667
9024,7.6018
9025,7.9412
9026,7.6018
9027,6.9667
9028,6.2616
9029,7.1429
9030,7.6018
9031,9.4444
9032,7.6018
9033,6.8
9034,7.6018
9035,8.4634
9036,9.7679
9037,7.2595
9038,6.1818
9039,7.6018
9040,7.2595
9041,6.0226
9042,8.8556
9043,7.6018
9044,7.815
9045,7.6018
9046,5.0752
9047,7.6018
9048,7.6018
9049,7.9947
9050,7.6018
9051,7.6018
9052,8.7091
9053,4.25
9054,8.0
9055,7.6018
9056,7.6018
9057,8.7029
9058,7.6018
9059,7.6018
9060,7.6018
9061,7.6018
9062,8.0429
9063,7.6018
9064,8.8889
9065,7.6018
9066,7.6018
9067,7.6018
9068,6.2727
9069,6.0
9070,7.6018
9071,8.0
9072,7.6018
9073,7.815
9074,7.6018
9075,7.815
9076,7.6018
9077,10.0
9078,6.6667
9079,7.6018
9080,7.1667
9081,5.0752
9082,9.6429
9083,5.8077
9084,8.8333
9085,7.6018
9086,7.0909
9087,8.58
9088,7.3438
9089,7.6018
9090,5.5
9091,6.9412
9092,8.1976
9093,7.6018
9094,7.2595
9095,7.7105
9096,7.7236
9097,6.3786
9098,10.0
9099,7.6018
9100,7.6018
9101,5.5
9102,9.0262
9103,7.0
9104,9.134
9105,7.6018
9106,6.3333
9107,8.2353
9108,7.6018
9109,7.6018
9110,9.3039
9111,8.7391
9112,7.6575
9113,9.16
9114,5.2
9115,7.6018
9116,7.6018
9117,7.6018
9118,7.2595
9119,3.0
9120,7.6018
9121,8.9231
9122,7.6018
9123,5.3182
9124,7.6018
9125,7.6018
9126,7.6018
9127,7.9947
9128,7.6018
9129,7.6018
9130,7.6018
9131,7.6018
9132,7.6018
9133,5.0
9134,7.6018
9135,9.125
9136,7.6018
9137,9.5441
9138,5.0752
9139,8.8556
9140,7.6018
9141,7.6018
9142,7.6018
9143,7.6018
9144,9.0
9145,10.0
9146,7.4286
9147,7.6018
9148,7.6018
9149,9.0262
9150,7.6018
9151,7.6018
9152,7.6018
9153,7.6018
9154,6.4
9155,6.1071
9156,7.6018
9157,9.0
9158,7.6018
9159,8.6567
9160,8.6111
9161,7.6018
9162,7.6018
9163,7.6018
9164,10.0
9165,8.8516
9166,7.6018
9167,7.3913
9168,7.6268
9169,7.8431
9170,7.625
9171,7.6018
9172,8.0714
9173,7.0
9174,7.9947
9175,8.8556
9176,7.6018
9177,7.6018
9178,7.6575
9179,7.6018
9180,7.2857
9181,7.6018
9182,7.8947
9183,7.6018
9184,7.6018
9185,7.6018
9186,8.6111
9187,7.6018
9188,9.3158
9189,7.6018
9190,7.6018
9191,7.6018
9192,7.6018
9193,5.0752
9194,6.6885
9195,7.6018
9196,7.6018
9197,7.8
9198,2.4015
9199,7.6018
9200,7.6018
9201,8.0
9202,6.0667
9203,7.8
9204,6.0
9205,7.6018
9206,7.6018
9207,7.6018
9208,7.6018
9209,7.6018
9210,8.7048
9211,7.6018
9212,7.4074
9213,7.2595
9214,7.3523
9215,8.541
9216,7.6018
9217,7.5849
9218,9.7226
9219,7.6018
9220,8.1111
9221,8.0
9222,8.023
9223,5.1355
9224,7.6018
9225,6.7129
9226,9.0
9227,5.6667
9228,7.6018
9229,6.3889
9230,9.3832
9231,7.6018
9232,7.6018
9233,7.6018
9234,7.6018
9235,9.3956
9236,8.6567
9237,8.0
9238,7.6018
9239,7.6018
9240,7.6018
9241,6.0
9242,7.6018
9243,7.6018
9244,7.5
9245,8.2778
9246,2.5
9247,8.3636
9248,7.6018
9249,7.6018
9250,7.6018
9251,7.6018
9252,7.4421
9253,5.0752
9254,7.6018
9255,7.6018
9256,8.0273
9257,7.6018
9258,7.0
9259,7.7
9260,7.6018
9261,7.6018
9262,7.6018
9263,8.122
9264,7.6018
9265,7.6018
9266,7.6018
9267,7.5
9268,7.6018
9269,7.7236
9270,7.6018
9271,8.0
9272,7.3796
9273,8.0
9274,7.6018
9275,7.6018
9276,7.6018
9277,7.6018
9278,7.6018
9279,7.2595
9280,5.2727
9281,7.6018
9282,6.8
9283,7.6018
9284,7.6018
9285,7.6018
9286,7.6018
9287,7.6018
9288,7.6018
9289,7.6268
9290,7.6018
9291,7.6018
9292,7.6018
9293,9.4444
9294,7.6018
9295,7.6018
9296,5.573
9297,7.9444
9298,7.6018
9299,6.0
9300,7.6018
9301,8.0
9302,7.2595
9303,7.6018
9304,7.6018
9305,7.6018
9306,8.6667
9307,6.9667
9308,7.2595
9309,7.6018
9310,7.6018
9311,7.6018
9312,8.8556
9313,6.0
9314,8.5
9315,7.6018
9316,7.9091
9317,8.4378
9318,7.0
9319,7.2595
9320,8.3333
9321,7.6018
9322,8.8387
9323,8.7049
9324,8.0238
9325,7.6018
9326,7.6018
9327,5.25
9328,7.6061
9329,5.5385
9330,7.6018
9331,7.6018
9332,7.141
9333,7.6018
9334,9.4583
9335,6.6
9336,7.6018
9337,7.3333
9338,7.6018
9339,7.6018
9340,8.5714
9341,7.6018
9342,7.6018
9343,7.5
9344,6.4074
9345,7.6018
9346,5.0
9347,7.6018
9348,7.2595
9349,7.9231
9350,8.8556
9351,6.7358
9352,7.5333
9353,7.6018
9354,7.9947
9355,7.6018
9356,8.2857
9357,5.0
9358,7.6018
9359,7.6018
9360,7.4151
9361,8.2109
9362,8.0094
9363,7.5714
9364,7.6018
9365,7.6018
9366,7.6018
9367,7.6018
9368,7.6018
9369,7.6
9370,7.6018
9371,9.0
9372,9.5
9373,9.5525
9374,7.6018
9375,9.0262
9376,7.6018
9377,7.6575
9378,7.5
9379,7.6018
9380,6.6667
9381,7.7
9382,7.6018
9383,7.6018
9384,7.8617
9385,8.3636
9386,9.6665
9387,9.0227
9388,7.6018
9389,6.0
9390,9.5369
9391,7.1053
9392,8.0816
9393,8.2222
9394,8.25
9395,7.6018
9396,7.6018
9397,7.6018
9398,7.6018
9399,7.4286
9400,7.6018
9401,7.6018
9402,7.6018
9403,7.6018
9404,7.6018
9405,7.2143
9406,8.6571
9407,7.6018
9408,7.6018
9409,8.5714
9410,7.6018
9411,7.5952
9412,8.8686
9413,7.2595
9414,6.3333
9415,7.6018
9416,6.56
9417,7.6018
9418,7.1455
9419,6.4
9420,7.6018
9421,7.0
9422,7.6018
9423,7.6018
9424,7.6018
9425,7.6018
9426,7.2595
9427,7.6018
9428,6.0769
9429,7.0
9430,7.6018
9431,7.6575
9432,7.6018
9433,7.8125
9434,7.6018
9435,5.0
9436,7.6018
9437,7.6018
9438,7.6018
9439,6.0
9440,8.9
9441,8.1429
9442,6.0556
9443,8.0094
9444,8.8556
9445,7.6018
9446,9.0
9447,6.0
9448,7.6018
9449,7.9298
9450,7.6018
9451,7.8941
9452,7.6018
9453,7.6018
9454,7.6018
9455,7.6018
9456,7.6018
9457,8.25
9458,7.6018
9459,7.6714
9460,7.6018
9461,7.6018
9462,7.1039
9463,7.25
9464,7.6018
9465,7.6018
9466,7.0
9467,6.8689
9468,7.6018
9469,5.4545
9470,7.6018
9471,7.6018
9472,7.7429
9473,6.7358
9474,7.0769
9475,7.6018
9476,7.6018
9477,10.0
9478,7.6018
9479,9.0
9480,9.6216
9481,8.6567
9482,7.6018
9483,7.6018
9484,7.6018
9485,8.9333
9486,6.6364
9487,7.6018
9488,6.3786
9489,7.6018
9490,9.0
9491,9.7907
9492,6.25
9493,7.6018
9494,7.6018
9495,6.733
9496,7.5758
9497,7.8462
9498,6.92
9499,6.8667
9500,8.2237
9501,6.9
9502,7.6018
9503,7.0
9504,7.5556
9505,6.8571
9506,7.6018
9507,7.6018
9508,9.6667
9509,7.6018
9510,7.25
9511,7.6018
9512,7.6018
9513,7.6018
9514,7.6018
9515,7.6018
9516,7.6018
9517,5.0
9518,10.0
9519,7.6018
9520,6.0
9521,8.0714
9522,7.6018
9523,7.3
9524,10.0
9525,7.6018
9526,7.2595
9527,6.6667
9528,8.6328
9529,7.6018
9530,8.5
9531,6.8889
9532,8.0009
9533,6.9375
9534,7.6364
9535,9.5015
9536,8.275
9537,7.6018
9538,7.6018
9539,8.0
9540,6.3786
9541,7.6018
9542,7.9947
9543,7.2595
9544,7.6018
9545,7.6018
9546,7.6018
9547,7.6018
9548,7.6667
9549,6.7778
9550,7.6018
9551,7.6018
9552,7.6018
9553,7.6018
9554,8.1579
9555,7.2368
9556,6.3333
9557,5.8
9558,8.05
9559,9.0262
9560,5.7143
9561,9.2857
9562,8.8125
9563,7.6018
9564,7.6018
9565,7.6018
9566,7.3523
9567,7.6018
9568,8.2676
9569,7.2595
9570,7.6018
9571,7.5
9572,7.6018
9573,7.5455
9574,8.0094
9575,7.6018
9576,7.6018
9577,6.5429
9578,7.6018
9579,8.2353
9580,5.1385
9581,6.5161
9582,7.8723
9583,5.0
9584,7.6018
9585,7.6018
9586,6.7549
9587,7.6018
9588,7.5065
9589,8.5036
9590,8.0
9591,7.6018
9592,7.6018
9593,7.6018
9594,7.6018
9595,7.6018
9596,9.3158
9597,7.6018
9598,6.4921
9599,7.6018
9600,8.7091
9601,7.7667
9602,7.6018
9603,8.6111
9604,7.1579
9605,7.9559
9606,5.3333
9607,8.3158
9608,8.2222
9609,7.6018
9610,6.4916
9611,8.3333
9612,5.0752
9613,7.8889
9614,7.3103
9615,7.6018
9616,8.7
9617,7.6018
9618,7.6018
9619,8.1852
9620,5.9389
9621,7.6018
9622,7.6018
9623,7.7449
9624,7.2174
9625,8.5875
9626,7.6018
9627,6.6364
9628,8.0714
9629,6.6
9630,7.4146
9631,8.0
9632,6.8
9633,7.6018
9634,7.2595
9635,7.6018
9636,9.0
9637,8.9828
9638,7.6
9639,9.8571
9640,7.6018
9641,7.6018
9642,6.125
9643,8.1852
9644,9.0
9645,4.0
9646,7.625
9647,8.7029
9648,7.6018
9649,6.6214
9650,8.8556
9651,8.3333
9652,7.6018
9653,8.8556
9654,7.7762
9655,7.6018
9656,7.5
9657,7.3333
9658,9.0
9659,8.7777
9660,8.6667
9661,7.2595
9662,7.6018
9663,7.6018
9664,7.6018
9665,7.2595
9666,7.6018
9667,7.6018
9668,7.6018
9669,8.1928
9670,9.75
9671,7.6018
9672,7.6018
9673,8.8615
9674,7.6018
9675,5.6667
9676,7.6018
9677,7.6018
9678,7.6018
9679,6.75
9680,7.7762
9681,7.6018
9682,7.6018
9683,7.6018
9684,8.5
9685,6.64
9686,6.3
9687,7.96
9688,7.9204
9689,7.2432
9690,7.6018
9691,7.6018
9692,7.6018
9693,7.6018
9694,7.6018
9695,7.7727
9696,8.2353
9697,5.9091
9698,8.8556
9699,7.6018
9700,7.6018
9701,7.6018
9702,7.6018
9703,7.6018
9704,7.6018
9705,7.3462
9706,7.6018
9707,9.3333
9708,6.8182
9709,7.6018
9710,7.2595
9711,8.1852
9712,7.6018
9713,7.6018
9714,7.6018
9715,8.8556
9716,7.6018
9717,7.96
9718,9.0262
9719,7.6018
9720,7.6018
9721,7.2595
9722,7.6018
9723,7.6018
9724,7.6018
9725,7.6018
9726,7.2857
9727,7.6018
9728,7.871
9729,7.6018
9730,6.7273
9731,6.75
9732,8.2368
9733,6.7358
9734,7.6018
9735,7.6018
9736,7.6714
9737,7.6018
9738,7.7115
9739,7.6018
9740,7.6018
9741,6.6667
9742,7.0
9743,7.0818
9744,7.7009
9745,7.6018
9746,7.6018
9747,8.5818
9748,5.3333
9749,7.0946
9750,7.6018
9751,8.0455
9752,10.0
9753,7.0
9754,8.1429
9755,7.0
9756,7.6018
9757,6.7403
9758,7.6018
9759,7.6018
9760,7.6018
9761,9.0
9762,7.2846
9763,8.0417
9764,7.6018
9765,5.25
9766,7.3404
9767,7.6018
9768,7.6018
9769,7.6018
9770,7.6018
9771,8.0124
9772,7.6018
9773,8.7091
9774,7.6018
9775,7.0
9776,8.3042
9777,8.3953
9778,8.0556
9779,9.0811
9780,7.6018
9781,7.6018
9782,7.6018
9783,7.2595
9784,7.6018
9785,6.7857
9786,8.275
9787,7.2595
9788,7.6018
9789,7.6018
9790,7.6018
9791,7.6018
9792,9.0
9793,7.6018
9794,8.2187
9795,8.5
9796,7.6018
9797,7.2595
9798,7.6018
9799,7.6018
9800,7.6018
9801,7.815
9802,8.2174
9803,8.1111
9804,7.6018
9805,7.6018
9806,9.3158
9807,8.1429
9808,7.0
9809,5.1667
9810,7.4286
9811,7.6018
9812,7.6018
9813,7.6018
9814,5.0
9815,7.6018
9816,7.6018
9817,7.6018
9818,8.9796
9819,8.541
9820,7.7236
9821,7.6018
9822,7.6018
9823,7.4339
9824,6.1034
9825,7.6018
9826,7.6018
9827,8.0294
9828,9.6216
9829,9.0262
9830,8.8556
9831,7.6018
9832,7.6018
9833,7.7838
9834,7.0818
9835,8.1111
9836,7.6018
9837,5.0
9838,6.25
9839,10.0
9840,8.1
9841,5.75
9842,7.6018
9843,10.0
9844,7.6018
9845,6.875
9846,8.0667
9847,10.0
9848,7.6018
9849,7.6018
9850,7.6018
9851,8.4474
9852,7.7449
9853,8.5714
9854,5.1355
9855,8.3971
9856,6.8182
9857,7.6018
9858,7.6018
9859,8.6111
9860,7.6018
9861,7.6018
9862,7.6018
9863,7.6018
9864,7.3793
9865,7.2595
9866,8.7105
9867,7.6018
9868,7.6018
9869,7.6018
9870,7.6018
9871,7.1667
9872,7.6018
9873,7.2595
9874,6.7358
9875,7.6018
9876,6.8571
9877,7.6018
9878,7.8571
9879,7.6018
9880,9.0
9881,7.0
9882,7.5339
9883,8.1232
9884,7.6018
9885,7.6018
9886,7.6018
9887,7.6018
9888,8.3333
9889,8.05
9890,7.6018
9891,6.8
9892,7.6018
9893,7.6018
9894,7.5714
9895,7.4074
9896,7.6018
9897,7.0
9898,9.0
9899,8.9905
9900,9.3333
9901,7.6018
9902,8.8556
9903,7.6018
9904,8.7903
9905,7.6018
9906,7.6
9907,7.0818
9908,5.9023
9909,7.6018
9910,7.6018
9911,7.6018
9912,7.6667
9913,7.6018
9914,10.0
9915,7.2595
9916,8.2222
9917,7.6018
9918,7.8617
9919,7.6018
9920,7.2595
9921,7.6018
9922,8.1429
9923,5.25
9924,7.6018
9925,7.5278
9926,5.7059
9927,6.9737
9928,7.6018
9929,7.6018
9930,7.6018
9931,8.0
9932,7.6018
9933,7.6018
9934,8.5063
9935,7.6018
9936,7.9087
9937,7.6018
9938,7.6018
9939,7.6018
9940,7.6018
9941,8.0
9942,7.6018
9943,9.6667
9944,7.6018
9945,7.6018
9946,7.6018
9947,7.6018
9948,7.6018
9949,7.6018
9950,7.8571
9951,7.6018
9952,9.4205
9953,5.0752
9954,7.6018
9955,6.8333
9956,7.6018
9957,8.4091
9958,7.2595
9959,7.6018
9960,8.0
9961,7.2391
9962,9.0
9963,9.075
9964,7.6018
9965,8.5
9966,7.6018
9967,7.6018
9968,7.6018
9969,7.6018
9970,8.1905
9971,5.0
9972,7.5
9973,6.9591
9974,7.6018
9975,7.6018
9976,9.0111
9977,6.7358
9978,7.1689
9979,7.6018
9980,7.6
9981,7.6018
9982,7.6018
9983,5.5
9984,7.6018
9985,7.6018
9986,8.5385
9987,7.6018
9988,8.0094
9989,7.6018
9990,6.9556
9991,7.6018
9992,7.6018
9993,7.1689
9994,9.0
9995,7.6429
9996,7.6018
9997,8.7091
9998,9.134
9999,7.6018
10000,7.6018
10001,7.6018
10002,7.6018
10003,7.2595
10004,7.6018
10005,7.6018
10006,8.8824
10007,7.6018
10008,7.6018
10009,7.6018
10010,7.6018
10011,9.4583
10012,7.5714
10013,7.6018
10014,8.64
10015,7.6018
10016,7.1667
10017,8.0
10018,7.3913
10019,8.3939
10020,7.0
10021,7.6018
10022,7.6018
10023,7.6018
10024,7.6018
10025,7.6018
10026,8.4444
10027,7.6018
10028,8.9
10029,7.6018
10030,7.828
10031,7.6018
10032,7.5965
10033,7.6018
10034,5.8571
10035,7.6018
10036,7.6018
10037,7.6018
10038,7.6018
10039,7.918
10040,7.9167
10041,7.6018
10042,5.0
10043,7.6018
10044,7.6018
10045,7.5185
10046,7.6018
10047,7.1429
10048,7.6018
10049,7.6018
10050,7.5065
10051,7.6018
10052,7.6018
10053,7.6018
10054,7.6018
10055,7.6018
10056,5.0
10057,8.6
10058,7.6018
10059,7.6018
10060,9.1411
10061,7.6018
10062,7.6018
10063,7.6018
10064,7.2595
10065,9.0
10066,7.6018
10067,7.6018
10068,7.6018
10069,7.6018
10070,7.6018
10071,7.6018
10072,7.6018
10073,9.0
10074,7.6018
10075,7.6018
10076,7.6018
10077,8.3158
10078,7.6018
10079,7.6018
10080,8.5165
10081,5.5753
10082,7.6018
10083,7.6018
10084,8.4
10085,7.6018
10086,7.6018
10087,8.0385
10088,7.6018
10089,8.5
10090,7.076
10091,7.6018
10092,6.0
10093,7.6957
10094,7.6018
10095,7.6018
10096,4.0
10097,9.134
10098,7.6018
10099,7.5476
10100,7.6018
10101,7.6018
10102,9.2318
10103,6.25
10104,7.6018
10105,7.2487
10106,9.0
10107,7.84
10108,7.6018
10109,7.6018
10110,8.2
10111,7.6018
10112,7.6018
10113,7.6018
10114,8.0
10115,7.6018
10116,7.6018
10117,6.4346
10118,7.6018
10119,7.6667
10120,7.8333
10121,8.0294
10122,7.6018
10123,7.1212
10124,7.6018
10125,7.0
10126,6.9449
10127,9.406
10128,7.6018
10129,7.6018
10130,7.6018
10131,5.0
10132,7.6018
10133,7.6018
10134,7.8889
10135,7.6018
10136,8.0
10137,7.6018
10138,7.6018
10139,7.6018
10140,8.0
10141,7.6018
10142,7.6087
10143,7.6018
10144,6.6667
10145,8.4286
10146,7.2595
10147,7.2595
10148,8.2
10149,7.6018
10150,6.9583
10151,7.5714
10152,6.3623
10153,5.0
10154,7.6018
10155,7.815
10156,7.6018
10157,7.6018
10158,7.875
10159,10.0
10160,7.6018
10161,8.122
10162,5.5
10163,8.0588
10164,7.5333
10165,7.6018
10166,5.5632
10167,9.0
10168,7.8617
10169,7.6018
10170,7.6018
10171,7.6018
10172,7.6018
10173,7.6018
10174,7.8667
10175,7.6018
10176,6.0
10177,8.2353
10178,7.6018
10179,7.0
10180,7.6018
10181,9.1373
10182,8.0
10183,7.6018
10184,7.6018
10185,8.0
10186,7.6087
10187,7.2595
10188,7.8
10189,7.6018
10190,7.6018
10191,7.6018
10192,7.6018
10193,7.4824
10194,7.6018
10195,7.6018
10196,7.6018
10197,7.6018
10198,9.3158
10199,5.6667
10200,7.6018
10201,7.6018
10202,7.6018
10203,8.3971
10204,8.5875
10205,7.6018
10206,6.1034
10207,6.9333
10208,7.6018
10209,7.6018
10210,7.6018
10211,7.3529
10212,7.6018
10213,5.6667
10214,9.0227
10215,5.8214
10216,8.3571
10217,7.6018
10218,7.6667
10219,7.6018
10220,8.0
10221,6.0741
10222,7.7838
10223,8.873
10224,6.7129
10225,7.6018
10226,9.1389
10227,7.6018
10228,7.6018
10229,7.7762
10230,8.375
10231,7.6018
10232,7.6018
10233,8.0
10234,6.0
10235,7.6018
10236,7.6018
10237,7.6018
10238,7.6018
10239,7.6018
10240,7.6018
10241,7.6018
10242,7.9
10243,7.2368
10244,7.6018
10245,8.1111
10246,7.6018
10247,7.6018
10248,7.6018
10249,7.679
10250,7.6018
10251,7.0
10252,9.0
10253,4.5
10254,7.6018
10255,7.6018
10256,9.7492
10257,7.6018
10258,8.75
10259,7.6018
10260,8.1818
10261,7.6018
10262,8.7222
10263,9.1
10264,7.6018
10265,7.6018
10266,7.6
10267,7.6018
10268,7.6018
10269,7.6018
10270,7.2642
10271,8.1277
10272,8.8556
10273,7.6018
10274,7.6018
10275,7.6018
10276,6.0
10277,7.1818
10278,7.6018
10279,7.6018
10280,7.8431
10281,7.6018
10282,7.6018
10283,7.6018
10284,7.6018
10285,7.0
10286,7.75
10287,7.6018
10288,7.6018
10289,7.5968
10290,7.6018
10291,7.6018
10292,7.6018
10293,9.5
10294,7.6018
10295,7.6018
10296,10.0
10297,7.3148
10298,7.6018
10299,7.0
10300,7.6018
10301,9.075
10302,7.6018
10303,7.6018
10304,7.6018
10305,8.2353
10306,7.6018
10307,7.6018
10308,7.6018
10309,6.1538
10310,7.6018
10311,7.5556
10312,9.0
10313,7.9947
10314,7.2595
10315,7.3333
10316,6.8
10317,7.6018
10318,6.4
10319,5.0
10320,7.6018
10321,7.6018
10322,7.6018
10323,7.6018
10324,7.6018
10325,7.6018
10326,7.6018
10327,7.7429
10328,7.6018
10329,7.6018
10330,7.6018
10331,6.0
10332,7.6018
10333,7.6018
10334,7.6018
10335,9.1234
10336,7.6018
10337,7.6018
10338,6.8889
10339,7.6018
10340,7.6018
10341,6.0226
10342,7.6018
10343,8.8556
10344,7.6018
10345,4.7778
10346,8.0
10347,7.6018
10348,7.6018
10349,8.2353
10350,5.5401
10351,8.1111
10352,7.6018
10353,7.0714
10354,8.7391
10355,7.6018
10356,7.6018
10357,9.4878
10358,6.5
10359,7.6018
10360,6.0
10361,7.6018
10362,7.6018
10363,7.6018
10364,7.6227
10365,7.2846
10366,7.2595
10367,6.5
10368,7.6018
10369,7.6018
10370,7.0
10371,7.2595
10372,7.6018
10373,7.9688
10374,6.4375
10375,7.6018
10376,6.9091
10377,7.6018
10378,7.6018
10379,6.1538
10380,5.5
10381,8.0
10382,7.6018
10383,7.0
10384,7.6018
10385,7.6018
10386,7.6018
10387,7.375
10388,8.0769
10389,7.6018
10390,6.3333
10391,6.25
10392,8.1976
10393,8.8556
10394,9.3077
10395,8.8556
10396,7.6018
10397,8.4
10398,7.1429
10399,7.6018
10400,9.0
10401,7.6018
10402,7.18
10403,7.0
10404,8.1429
10405,7.5065
10406,7.6018
10407,7.6018
10408,7.6018
10409,7.6018
10410,7.6018
10411,8.2676
10412,8.2222
10413,7.6018
10414,7.6018
10415,7.6018
10416,7.6018
10417,7.6018
10418,6.4545
10419,5.4
10420,5.1667
10421,7.6018
10422,7.6018
10423,7.6018
10424,10.0
10425,8.8556
10426,7.9667
10427,7.6018
10428,8.0429
10429,8.9872
10430,7.75
10431,8.2963
10432,8.0
10433,7.0
10434,5.0752
10435,9.4545
10436,8.1043
10437,7.6018
10438,7.6018
10439,7.6018
10440,7.9947
10441,8.0
10442,6.5
10443,9.0116
10444,7.6018
10445,7.6018
10446,7.6018
10447,7.6018
10448,8.0
10449,6.8931
10450,7.5065
10451,7.6018
10452,7.6018
10453,9.1373
10454,7.6018
10455,7.2595
10456,7.6018
10457,7.6018
10458,7.2595
10459,9.2
10460,7.6018
10461,7.6018
10462,7.6018
10463,7.0
10464,7.6018
10465,8.0
10466,7.6018
10467,8.6567
10468,7.6018
10469,7.6018
10470,7.6018
10471,6.875
10472,7.6018
10473,7.6018
10474,8.1429
10475,7.6018
10476,7.6018
10477,7.6018
10478,8.0857
10479,8.6665
10480,7.6018
10481,7.5385
10482,6.6667
10483,7.6018
10484,7.6018
10485,7.6018
10486,7.6018
10487,6.0
10488,7.3913
10489,7.6018
10490,8.1829
10491,9.3333
10492,7.6018
10493,7.6018
10494,7.9
10495,7.6018
10496,7.6018
10497,7.6018
10498,7.6018
10499,7.6018
10500,7.6018
10501,6.6667
10502,6.4
10503,7.6018
10504,10.0
10505,7.8
10506,7.6018
10507,7.5333
10508,7.6018
10509,6.3889
10510,7.712
10511,7.6018
10512,8.5165
10513,7.6018
10514,8.4055
10515,7.6018
10516,7.3404
10517,7.6018
10518,8.0
10519,7.6018
10520,7.6018
10521,8.2764
10522,7.3158
10523,8.0
10524,7.6018
10525,8.8556
10526,7.6018
10527,7.6018
10528,7.6018
10529,6.6885
10530,5.4
10531,9.5
10532,7.6667
10533,7.375
10534,7.6018
10535,6.0
10536,7.9444
10537,7.6018
10538,6.6667
10539,7.6018
10540,8.1429
10541,8.8556
10542,8.1111
10543,7.6018
10544,7.6018
10545,7.9
10546,7.1212
10547,7.6018
10548,8.8556
10549,7.6018
10550,7.6018
10551,8.92
10552,6.0958
10553,7.6018
10554,7.6018
10555,5.5753
10556,6.4
10557,7.6018
10558,9.5
10559,7.6018
10560,7.6018
10561,8.1667
10562,7.6018
10563,9.0262
10564,7.6018
10565,7.6018
10566,7.0
10567,7.6018
10568,7.6018
10569,7.6018
10570,7.0
10571,6.8182
10572,7.6018
10573,7.6018
10574,6.6214
10575,4.25
10576,7.6018
10577,7.64
10578,7.6018
10579,6.6663
10580,6.6667
10581,7.125
10582,7.6018
10583,7.6018
10584,7.6018
10585,6.0
10586,7.6018
10587,7.6429
10588,7.6018
10589,7.6018
10590,7.6018
10591,8.0
10592,7.6018
10593,7.6018
10594,10.0
10595,7.6018
10596,7.6018
10597,8.7091
10598,6.3514
10599,7.6018
10600,7.2318
10601,9.6
10602,7.2405
10603,8.0
10604,9.375
10605,7.6018
10606,7.6018
10607,7.6018
10608,6.25
10609,6.4848
10610,8.0
10611,8.6567
10612,7.6018
10613,7.6018
10614,7.6018
10615,7.0
10616,7.1667
10617,7.6018
10618,9.5
10619,9.4632
10620,8.9091
10621,7.6018
10622,7.6018
10623,7.2
10624,6.8621
10625,7.6018
10626,8.1429
10627,8.761
10628,8.0588
10629,5.9091
10630,7.6018
10631,7.75
10632,7.6018
10633,7.9452
10634,7.75
10635,8.0385
10636,7.8812
10637,7.6018
10638,7.6018
10639,9.3529
10640,7.6018
10641,8.5859
10642,7.6018
10643,7.6018
10644,7.9565
10645,7.6018
10646,7.6018
10647,7.6018
10648,7.1321
10649,7.6018
10650,7.6018
10651,7.6018
10652,7.4167
10653,8.8
10654,7.6018
10655,8.0
10656,7.6018
10657,7.3846
10658,7.7778
10659,8.7091
10660,7.6018
10661,7.4
10662,6.8621
10663,6.6667
10664,9.3333
10665,7.2595
10666,10.0
10667,7.375
10668,7.6018
10669,7.6018
10670,8.5
10671,8.2109
10672,7.6018
10673,7.6018
10674,7.6018
10675,6.0
10676,4.6667
10677,7.6018
10678,7.6538
10679,7.6018
10680,7.6018
10681,9.2857
10682,7.5065
10683,7.0
10684,7.9091
10685,8.4286
10686,7.6018
10687,7.6018
10688,7.6018
10689,7.1429
10690,7.6018
10691,7.6018
10692,7.8594
10693,8.5875
10694,7.6018
10695,7.6018
10696,7.2857
10697,8.8556
10698,5.0752
10699,7.6018
10700,8.0667
10701,7.6018
10702,7.2595
10703,7.6018
10704,7.6018
10705,5.5753
10706,7.6018
10707,7.6018
10708,7.6018
10709,7.0
10710,8.4
10711,8.3333
10712,6.25
10713,7.6018
10714,9.25
10715,7.6018
10716,7.6018
10717,8.0
10718,7.6018
10719,7.0
10720,7.6018
10721,7.2595
10722,7.6018
10723,7.6018
10724,7.9577
10725,7.6018
10726,7.6018
10727,8.5
10728,7.4421
10729,8.1538
10730,5.0
10731,7.0
10732,7.6018
10733,7.3333
10734,8.3636
10735,7.6018
10736,7.6018
10737,7.6018
10738,7.6018
10739,7.6018
10740,7.6018
10741,7.6018
10742,7.6018
10743,7.6018
10744,7.75
10745,7.2595
10746,7.2595
10747,7.4824
10748,8.1111
10749,7.6018
10750,7.6018
10751,7.6018
10752,6.0958
10753,7.1429
10754,9.0262
10755,7.2595
10756,7.6018
10757,8.4118
10758,8.6471
10759,9.3077
10760,7.6018
10761,7.6018
10762,6.0
10763,7.6018
10764,7.6018
10765,7.2595
10766,7.6018
10767,6.3514
10768,7.6018
10769,7.0
10770,7.6018
10771,7.6018
10772,7.6018
10773,7.6018
10774,7.6018
10775,7.0
10776,7.6018
10777,7.6018
10778,7.8
10779,7.6667
10780,7.6018
10781,7.6018
10782,5.9474
10783,8.4
10784,7.6018
10785,8.8462
10786,7.6018
10787,8.8556
10788,7.6018
10789,7.6018
10790,7.7
10791,7.6154
10792,7.6018
10793,6.8689
10794,9.4865
10795,6.7143
10796,7.6018
10797,7.8333
10798,7.6018
10799,7.6018
10800,7.6018
10801,7.6018
10802,7.6018
10803,7.6018
10804,7.6018
10805,7.625
10806,9.0
10807,7.0818
10808,7.6018
10809,5.0
10810,7.6018
10811,7.5
10812,7.5
10813,7.6018
10814,8.7048
10815,7.6018
10816,7.1212
10817,8.0
10818,6.7619
10819,7.6018
10820,9.0811
10821,7.6018
10822,7.4583
10823,7.0
10824,7.5254
10825,7.6018
10826,7.6018
10827,7.6018
10828,7.6018
10829,7.6018
10830,7.6018
10831,7.6018
10832,7.6018
10833,7.0
10834,7.6018
10835,7.8333
10836,7.2595
10837,7.6018
10838,7.6018
10839,7.6018
10840,7.6018
10841,7.6018
10842,7.6018
10843,7.6018
10844,7.6018
10845,9.0
10846,7.6018
10847,8.5
10848,7.0
10849,10.0
10850,7.3
10851,7.6018
10852,7.6018
10853,6.875
10854,7.6018
10855,7.6018
10856,8.7903
10857,7.6018
10858,6.75
10859,7.6018
10860,7.5263
10861,9.075
10862,7.6018
10863,9.0
10864,7.6018
10865,7.6018
10866,9.8571
10867,7.6018
10868,7.0
10869,8.6
10870,7.6018
10871,7.6018
10872,8.5
10873,7.6018
10874,10.0
10875,7.9231
10876,8.0
10877,8.4
10878,8.5
10879,7.6018
10880,7.6018
10881,8.0
10882,8.4118
10883,7.6018
10884,6.6214
10885,7.7
10886,7.6018
10887,7.0
10888,7.6018
10889,8.2
10890,7.7009
10891,7.6018
10892,7.6018
10893,7.6018
10894,7.2391
10895,7.6018
10896,8.9403
10897,9.0
10898,7.6018
10899,7.25
10900,7.6018
10901,7.6018
10902,7.6018
10903,7.6018
10904,7.6018
10905,7.625
10906,9.1176
10907,7.6018
10908,8.625
10909,9.25
10910,7.6018
10911,7.6018
10912,7.6018
10913,7.6364
10914,7.6018
10915,3.0
10916,8.5833
10917,7.6018
10918,7.6018
10919,7.6018
10920,7.6018
10921,7.6018
10922,7.6018
10923,9.0
10924,5.1385
10925,8.7778
10926,7.2632
10927,7.6018
10928,7.6018
10929,7.6018
10930,9.5
10931,7.6018
10932,7.6018
10933,7.6018
10934,7.6018
10935,8.2222
10936,5.0752
10937,9.9643
10938,8.0857
10939,8.2222
10940,9.0
10941,7.6018
10942,7.6018
10943,7.6018
10944,7.3523
10945,7.6018
10946,8.0
10947,7.6018
10948,7.6018
10949,7.6018
10950,7.2595
10951,7.6018
10952,8.5
10953,8.875
10954,7.0
10955,7.6018
10956,7.6018
10957,7.96
10958,7.2595
10959,8.6316
10960,7.6018
10961,5.0752
10962,7.7
10963,7.6018
10964,7.6018
10965,7.2595
10966,7.6018
10967,7.6018
10968,7.6018
10969,7.0
10970,7.6018
10971,7.6018
10972,7.6018
10973,7.6018
10974,7.0
10975,7.6018
10976,7.6018
10977,7.6667
10978,8.8556
10979,7.6018
10980,8.0
10981,7.6018
10982,6.3786
10983,6.3333
10984,7.6018
10985,7.6018
10986,7.6018
10987,7.6018
10988,9.5
10989,7.6018
10990,6.3786
10991,7.6018
10992,7.6018
10993,5.0
10994,7.5476
10995,7.6018
10996,7.25
10997,8.0
10998,8.4118
10999,7.6018
11000,7.0
11001,8.5714
11002,7.6018
11003,7.2857
11004,5.8755
11005,8.0
11006,7.6018
11007,7.6018
11008,7.2595
11009,10.0
11010,9.6667
11011,8.48
11012,7.6018
11013,3.8194
11014,7.6018
11015,7.6018
11016,7.6018
11017,7.6018
11018,8.4634
11019,7.6018
11020,7.72
11021,7.5455
11022,7.6018
11023,6.5
11024,8.8333
11025,7.6018
11026,8.6176
11027,8.875
11028,7.4339
11029,7.6018
11030,7.6018
11031,7.6018
11032,7.6018
11033,6.0
11034,7.6018
11035,8.023
11036,6.0
11037,7.6018
11038,8.6111
11039,9.8125
11040,7.2595
11041,7.6018
11042,9.3832
11043,7.6018
11044,7.6018
11045,6.3786
11046,7.0
11047,6.4
11048,7.5065
11049,7.6018
11050,6.1758
11051,7.8
11052,7.0818
11053,7.5381
11054,8.6111
11055,7.6018
11056,7.6018
11057,7.6018
11058,8.375
11059,7.4
11060,7.6018
11061,7.6923
11062,7.6018
11063,6.1034
11064,6.9
11065,7.6018
11066,7.6018
11067,9.0
11068,7.8462
11069,6.375
11070,7.6018
11071,7.6471
11072,7.6018
11073,7.0
11074,6.6
11075,7.6018
11076,9.1176
11077,8.1429
11078,7.0
11079,6.9556
11080,7.6018
11081,6.5238
11082,7.2595
11083,7.619
11084,7.6018
11085,8.5
11086,7.6018
11087,7.6087
11088,7.6018
11089,7.5
11090,7.6018
11091,7.1463
11092,7.6018
11093,7.6018
11094,7.6018
11095,7.0
11096,7.2222
11097,7.6018
11098,7.6018
11099,7.6018
11100,7.6018
11101,7.72
11102,8.0
11103,8.4286
11104,7.6018
11105,6.56
11106,7.6018
11107,9.0
11108,7.6018
11109,7.6018
11110,9.0262
11111,7.5
11112,7.6018
11113,6.3333
11114,7.6018
11115,7.6018
11116,8.1429
11117,7.6018
11118,7.6018
11119,8.7091
11120,7.6018
11121,8.0
11122,8.5
11123,8.8556
11124,7.6018
11125,7.6018
11126,7.6018
11127,7.6018
11128,7.6018
11129,7.6018
11130,7.6018
11131,7.6018
11132,7.6122
11133,8.8454
11134,9.0
11135,7.6018
11136,8.0
11137,5.0
11138,7.1
11139,7.6018
11140,7.814
11141,7.6018
11142,7.7826
11143,9.0262
11144,7.6018
11145,7.4421
11146,8.6667
11147,7.6018
11148,7.6018
11149,8.2353
11150,7.6667
11151,7.6018
11152,7.9
11153,7.6018
11154,6.7129
11155,7.6018
11156,7.6018
11157,7.6018
11158,6.56
11159,8.375
11160,7.6018
11161,7.6018
11162,6.75
11163,8.0
11164,6.5
11165,7.6018
11166,9.1395
11167,7.6018
11168,7.6018
11169,7.2595
11170,8.0238
11171,8.0294
11172,8.0
11173,7.6268
11174,6.9167
11175,8.1955
11176,7.1689
11177,7.6018
11178,7.6018
11179,5.4
11180,8.8556
11181,7.6018
11182,7.6018
11183,7.0
11184,7.6018
11185,8.874
11186,8.0
11187,7.6018
11188,7.2243
11189,6.3514
11190,7.6018
11191,7.6018
11192,7.6018
11193,8.6667
11194,7.6018
11195,7.6018
11196,8.0909
11197,7.6018
11198,8.0833
11199,7.3902
11200,8.1111
11201,6.88
11202,9.1111
11203,7.6018
11204,7.6018
11205,7.1429
11206,7.8812
11207,6.8125
11208,7.6018
11209,8.7805
11210,9.1373
11211,7.6018
11212,7.6018
11213,6.5294
11214,8.3971
11215,7.6018
11216,8.0
11217,7.8799
11218,7.6018
11219,7.6018
11220,9.0575
11221,8.2625
11222,7.6018
11223,7.6018
11224,7.6018
11225,7.0
11226,7.2
11227,7.25
11228,8.9167
11229,8.0
11230,6.0
11231,7.6018
11232,7.6018
11233,7.6018
11234,7.5505
11235,7.6018
11236,7.6018
11237,7.6018
11238,7.6018
11239,7.6018
11240,7.6018
11241,10.0
11242,8.122
11243,7.6018
11244,7.6018
11245,7.6018
11246,7.0648
11247,8.4634
11248,8.1111
11249,7.2595
11250,8.0
11251,7.6018
11252,7.6018
11253,8.8556
11254,9.3455
11255,7.3155
11256,7.6018
11257,7.75
11258,7.6018
11259,7.6018
11260,7.1039
11261,8.2857
11262,7.6018
11263,6.0
11264,5.0
11265,8.0857
11266,7.6018
11267,7.768
11268,8.3333
11269,7.5
11270,7.6018
11271,5.25
11272,7.6018
11273,7.6018
11274,7.6018
11275,7.6018
11276,7.6018
11277,7.6018
11278,7.6018
11279,7.6018
11280,7.6018
11281,7.2595
11282,5.0
11283,5.8529
11284,8.1043
11285,7.875
11286,7.6018
11287,7.6018
11288,7.6018
11289,7.0345
11290,6.5
11291,8.8431
11292,7.6018
11293,9.08
11294,6.784
11295,7.6018
11296,7.6018
11297,8.579
11298,8.2764
11299,7.6018
11300,7.6018
11301,7.6018
11302,7.6018
11303,7.6018
11304,8.8556
11305,7.6018
11306,7.4286
11307,7.6018
11308,10.0
11309,8.8571
11310,7.2462
11311,7.6018
11312,10.0
11313,7.2595
11314,7.6018
11315,6.0
11316,7.6018
11317,7.4074
11318,7.6018
11319,7.6018
11320,7.6018
11321,8.375
11322,7.8
11323,7.4483
11324,7.6018
11325,7.6018
11326,6.75
11327,7.6923
11328,9.075
11329,6.6667
11330,7.6018
11331,8.2857
11332,9.0559
11333,7.6018
11334,7.1463
11335,8.0385
11336,7.4545
11337,8.0385
11338,7.6018
11339,7.6018
11340,7.6018
11341,7.8
11342,7.6018
11343,7.3333
11344,7.6018
11345,7.6018
11346,8.6667
11347,7.6018
11348,6.5714
11349,7.6018
11350,9.3158
11351,7.9947
11352,8.4249
11353,10.0
11354,7.4146
11355,6.9167
11356,6.0226
11357,7.6018
11358,7.2595
11359,8.0
11360,7.7
11361,8.1829
11362,7.6018
11363,8.92
11364,7.6018
11365,7.6018
11366,7.6018
11367,8.0
11368,7.6018
11369,7.6018
11370,8.3382
11371,7.6018
11372,7.6018
11373,8.0553
11374,9.0262
11375,7.6018
11376,7.6018
11377,7.6018
11378,7.7115
11379,7.2595
11380,7.6018
11381,7.6018
11382,6.6214
11383,7.6018
11384,9.6216
11385,8.3333
11386,7.6018
11387,4.8333
11388,7.6018
11389,6.6214
11390,7.6018
11391,7.6018
11392,6.9667
11393,7.6018
11394,7.6018
11395,9.0
11396,6.2
11397,7.4444
11398,7.6018
11399,7.6018
11400,7.6018
11401,7.6018
11402,7.6018
11403,7.6018
11404,7.6018
11405,8.0
11406,7.5965
11407,7.6018
11408,7.2595
11409,7.8182
11410,7.6018
11411,7.6018
11412,8.9542
11413,8.8556
11414,7.6018
11415,7.6018
11416,7.6018
11417,6.7778
11418,8.2772
11419,7.6018
11420,7.6018
11421,9.1111
11422,5.0
11423,7.6018
11424,7.6018
11425,7.6018
11426,7.6018
11427,7.6018
11428,7.6018
11429,5.1355
11430,7.6018
11431,7.3902
11432,7.6018
11433,8.8556
11434,6.0667
11435,7.6018
11436,7.6018
11437,6.9091
11438,7.8182
11439,8.45
11440,7.6018
11441,6.3333
11442,7.6018
11443,7.2595
11444,7.6018
11445,7.6018
11446,7.6018
11447,7.6018
11448,7.6018
11449,7.6018
11450,6.0
11451,7.6018
11452,7.2222
11453,6.3333
11454,7.5505
11455,7.6018
11456,7.6018
11457,7.6018
11458,7.6018
11459,10.0
11460,7.6018
11461,7.5847
11462,9.1481
11463,7.6018
11464,7.4444
11465,7.6018
11466,7.6018
11467,9.3832
11468,9.5122
11469,7.6018
11470,7.6018
11471,7.6018
11472,9.6216
11473,6.6316
11474,7.6018
11475,7.6018
11476,7.7778
11477,7.1429
11478,7.6018
11479,6.7778
11480,4.7059
11481,8.0385
11482,7.6018
11483,7.0476
11484,7.6018
11485,7.0
11486,7.6018
11487,7.6018
11488,7.6018
11489,7.2595
11490,7.6018
11491,7.6018
11492,7.6018
11493,8.8556
11494,7.5
11495,6.9583
11496,6.6809
11497,7.6018
11498,7.6018
11499,7.1429
11500,7.4339
11501,8.2222
11502,6.7917
11503,6.7129
11504,6.9091
11505,7.5
11506,7.7778
11507,6.0
11508,5.0
11509,7.6018
11510,7.6018
11511,7.6018
11512,7.6018
11513,6.8125
11514,7.6018
11515,7.2
11516,7.6018
11517,8.0
11518,7.6018
11519,7.3182
11520,7.6018
11521,7.6018
11522,7.84
11523,7.6018
11524,8.1829
11525,7.625
11526,8.0
11527,7.6018
11528,7.6018
11529,7.6571
11530,8.1895
11531,7.0
11532,8.7179
11533,7.6018
11534,7.6018
11535,8.0
11536,6.0
11537,7.5556
11538,7.6018
11539,7.6018
11540,9.2355
11541,7.6018
11542,5.1385
11543,7.6018
11544,7.3158
11545,7.6018
11546,7.6018
11547,10.0
11548,7.6018
11549,7.6018
11550,7.6018
11551,7.6018
11552,7.6018
11553,9.1786
11554,7.6018
11555,7.6018
11556,9.1111
11557,7.84
11558,7.6018
11559,9.0
11560,6.7328
11561,7.2595
11562,7.6018
11563,7.6018
11564,6.8333
11565,5.5401
11566,7.6018
11567,7.8812
11568,8.2222
11569,7.6018
11570,7.85
11571,6.434
11572,7.6018
11573,6.2381
11574,7.9452
11575,8.0
11576,7.4146
11577,8.3333
11578,8.5
11579,10.0
11580,7.6018
11581,7.6018
11582,7.6018
11583,7.6018
11584,7.0
11585,7.2595
11586,7.2595
11587,7.4
11588,8.9521
11589,7.6018
11590,7.4194
11591,5.4
11592,9.3333
11593,6.4286
11594,7.6018
11595,7.0915
11596,7.6018
11597,7.2595
11598,7.6018
11599,8.2388
11600,8.8556
11601,7.6018
11602,7.6018
11603,7.6018
11604,7.6018
11605,7.2595
11606,7.6018
11607,8.0
11608,7.6018
11609,7.6018
11610,7.0
11611,7.6018
11612,7.6018
11613,7.6018
11614,7.0
11615,7.3523
11616,6.1034
11617,6.7129
11618,5.0
11619,4.0
11620,6.3846
11621,8.1765
11622,7.6018
11623,7.6018
11624,8.5
11625,7.1429
11626,7.0
11627,7.6018
11628,8.1976
11629,10.0
11630,7.6018
11631,9.4632
11632,7.6018
11633,7.4746
11634,9.0977
11635,7.6018
11636,7.6018
11637,6.8377
11638,7.6018
11639,7.5968
11640,7.6018
11641,7.6018
11642,7.6018
11643,6.0
11644,7.6018
11645,7.6018
11646,8.122
11647,9.0
11648,6.6667
11649,7.6018
11650,7.6018
11651,7.6018
11652,7.6018
11653,7.6018
11654,9.1765
11655,7.3103
11656,8.5818
11657,8.8
11658,7.4146
11659,7.6018
11660,7.6018
11661,6.6809
11662,7.6018
11663,7.6018
11664,7.6018
11665,8.8889
11666,9.0
11667,7.6018
11668,6.75
11669,6.6
11670,7.6018
11671,7.5185
11672,7.6018
11673,6.8621
11674,7.9299
11675,7.6018
11676,6.2
11677,8.0
11678,6.6667
11679,6.5
11680,7.6018
11681,7.6018
11682,7.6018
11683,7.6018
11684,6.4074
11685,7.6018
11686,7.8148
11687,7.6018
11688,8.5
11689,7.2595
11690,7.6018
11691,7.8889
11692,4.7059
11693,8.0
11694,7.2595
11695,8.2963
11696,7.6018
11697,8.023
11698,8.6667
11699,7.0769
11700,9.0
11701,7.6018
11702,7.6018
11703,7.6018
11704,7.75
11705,7.6
11706,6.2
11707,7.3523
11708,7.6018
11709,6.8
11710,7.6018
11711,7.8
11712,7.6018
11713,7.1429
11714,7.6018
11715,7.6018
11716,9.3158
11717,7.6018
11718,8.75
11719,7.6018
11720,7.5
11721,7.6018
11722,10.0
11723,7.6018
11724,7.7407
11725,7.6018
11726,7.6018
11727,9.1481
11728,7.6018
11729,7.6018
11730,7.6018
11731,9.1519
11732,8.2
11733,7.6018
11734,7.6018
11735,7.6018
11736,8.0094
11737,7.6018
11738,7.6018
11739,7.9947
11740,8.7143
11741,8.8556
11742,7.6018
11743,7.0
11744,8.0
11745,7.6018
11746,7.6018
11747,9.3158
11748,7.6018
11749,7.2186
11750,7.6018
11751,7.6018
11752,5.25
11753,7.6018
11754,8.6
11755,6.8182
11756,7.6018
11757,7.6018
11758,8.2353
11759,7.6018
11760,7.6667
11761,9.0
11762,7.6018
11763,7.6018
11764,9.1429
11765,9.0
11766,6.7129
11767,8.5455
11768,8.9373
11769,7.6809
11770,7.6018
11771,7.6018
11772,5.8077
11773,7.6018
11774,6.6364
11775,7.6018
11776,6.3333
11777,7.6018
11778,8.7143
11779,7.58
11780,7.6018
11781,7.6018
11782,7.5003
11783,7.0
11784,7.6018
11785,7.6018
11786,7.6018
11787,7.8333
11788,9.1081
11789,7.6018
11790,8.0
11791,7.6018
11792,7.6018
11793,7.6018
11794,8.4336
11795,7.6018
11796,7.6018
11797,7.1689
11798,5.5
11799,7.7449
11800,7.9
11801,7.3529
11802,7.6018
11803,9.25
11804,7.6667
11805,7.5556
11806,7.6018
11807,7.6018
11808,7.125
11809,8.0385
11810,7.6018
11811,7.3529
11812,7.6018
11813,8.5818
11814,7.6018
11815,7.6018
11816,7.6018
11817,6.6214
11818,7.6018
11819,9.0
11820,7.6018
11821,8.0
11822,7.8333
11823,6.6667
11824,7.6018
11825,5.2857
11826,7.0
11827,7.6018
11828,7.6018
11829,7.6018
11830,8.7404
11831,4.0
11832,7.6018
11833,7.6018
11834,7.375
11835,6.0
11836,7.6018
11837,7.96
11838,6.25
11839,7.6018
11840,8.4091
11841,7.3523
11842,7.6018
11843,7.6018
11844,6.4921
11845,7.6087
11846,6.2857
11847,9.5
11848,7.6018
11849,7.6018
11850,7.6018
11851,7.7236
11852,7.6018
11853,8.8
11854,7.8
11855,7.6018
11856,7.6018
11857,7.6018
11858,7.6018
11859,6.8571
11860,7.9444
11861,7.6018
11862,7.6018
11863,7.6018
11864,7.6018
11865,7.6018
11866,7.6018
11867,7.6018
11868,7.4146
11869,7.6018
11870,7.8889
11871,6.4118
11872,7.6018
11873,7.6018
11874,7.6018
11875,7.6018
11876,4.0
11877,7.6018
11878,7.6018
11879,9.28
11880,7.6018
11881,7.6018
11882,5.5671
11883,7.6018
11884,9.0
11885,6.625
11886,7.815
11887,7.4339
11888,7.75
11889,7.6018
11890,7.6018
11891,7.6018
11892,7.6018
11893,7.5
11894,7.6018
11895,8.023
11896,7.9559
11897,7.2595
11898,7.5505
11899,7.6018
11900,7.2595
11901,7.6018
11902,7.6018
11903,7.6018
11904,7.6018
11905,7.6018
11906,7.6018
11907,7.6018
11908,7.6018
11909,7.0909
11910,8.2353
11911,6.9
11912,7.6018
11913,8.3684
11914,7.6018
11915,6.8621
11916,7.6018
11917,8.0
11918,7.6018
11919,7.6018
11920,7.6018
11921,7.6018
11922,7.0
11923,7.6018
11924,7.6018
11925,6.7273
11926,7.6018
11927,8.4118
11928,7.0
11929,7.6018
11930,7.6018
11931,7.6018
11932,9.28
11933,6.5429
11934,7.6018
11935,7.6018
11936,2.75
11937,7.6018
11938,7.6018
11939,7.5505
11940,7.6018
11941,7.6018
11942,7.6018
11943,7.6018
11944,7.6018
11945,7.6018
11946,7.6018
11947,7.6018
11948,7.6018
11949,7.6018
11950,7.6018
11951,7.6018
11952,7.0476
11953,8.0238
11954,7.6018
11955,7.6018
11956,7.6018
11957,7.6018
11958,7.6018
11959,5.8529
11960,7.8108
11961,6.6
11962,7.7778
11963,7.6018
11964,7.0
11965,7.6018
11966,7.8
11967,7.6018
11968,8.5
11969,7.4821
11970,7.6018
11971,8.2857
11972,7.6018
11973,7.6538
11974,8.8889
11975,7.6018
11976,7.6018
11977,7.6018
11978,7.6018
11979,7.6018
11980,9.1495
11981,9.3333
11982,7.6018
11983,7.6018
11984,7.6018
11985,7.6018
11986,7.6018
11987,7.9375
11988,7.6018
11989,7.6018
11990,7.6018
11991,7.6018
11992,7.6018
11993,7.6018
11994,10.0
11995,6.1667
11996,7.6018
11997,4.0
11998,7.6018
11999,7.4375
12000,7.5065
12001,7.0769
12002,7.6018
12003,7.6018
12004,7.6018
12005,6.25
12006,7.6018
12007,8.7143
12008,7.6018
12009,7.6018
12010,7.6018
12011,7.6018
12012,8.122
12013,7.6018
12014,7.6018
12015,8.8333
12016,7.25
12017,5.3478
12018,7.6018
12019,7.6018
12020,7.6018
12021,8.0
12022,6.7143
12023,7.6018
12024,7.6018
12025,7.6018
12026,8.7903
12027,7.9286
12028,7.6018
12029,7.6018
12030,8.0
12031,7.6018
12032,7.6018
12033,7.815
12034,7.6018
12035,9.7885
12036,7.6018
12037,8.0
12038,7.5
12039,7.619
12040,7.2595
12041,7.6018
12042,7.6018
12043,6.0226
12044,7.6018
12045,7.6018
12046,7.6159
12047,7.7
12048,8.0417
12049,8.7234
12050,7.0714
12051,7.6018
12052,7.6018
12053,7.6018
12054,6.9737
12055,7.6018
12056,8.2353
12057,7.6018
12058,5.6667
12059,7.3478
12060,6.3684
12061,7.6018
12062,7.6018
12063,7.2857
12064,7.6018
12065,7.6018
12066,7.8333
12067,7.6018
12068,7.6018
12069,8.0755
12070,7.6018
12071,7.6018
12072,7.619
12073,6.6667
12074,7.25
12075,9.1373
12076,7.0
12077,7.6018
12078,7.5065
12079,8.5
12080,7.6018
12081,7.6018
12082,7.6018
12083,7.6018
12084,7.3902
12085,5.1538
12086,6.7143
12087,7.6018
12088,7.3507
12089,8.6471
12090,8.7903
12091,9.0
12092,7.6018
12093,7.6018
12094,7.25
12095,5.0
12096,8.0
12097,7.6018
12098,7.6018
12099,7.0
12100,7.6018
12101,8.3913
12102,7.6018
12103,7.6018
12104,7.815
12105,9.0
12106,8.3684
12107,8.3636
12108,7.9947
12109,7.6018
12110,7.2592
12111,7.5065
12112,7.6018
12113,7.6944
12114,7.6018
12115,7.6018
12116,7.2595
12117,7.8077
12118,6.0
12119,8.2105
12120,7.0712
12121,7.6018
12122,7.6018
12123,6.9483
12124,6.9091
12125,7.6087
12126,7.6018
12127,8.25
12128,9.5256
12129,7.6018
12130,7.6018
12131,7.875
12132,7.6018
12133,7.6018
12134,7.6018
12135,8.75
12136,7.6018
12137,7.6018
12138,5.0
12139,7.6018
12140,7.2846
12141,7.6018
12142,7.2595
12143,6.5161
12144,9.5833
12145,7.6018
12146,7.6018
12147,7.125
12148,7.6018
12149,7.6018
12150,7.0
12151,7.6018
12152,7.6018
12153,7.6018
12154,8.0
12155,7.2429
12156,6.7235
12157,7.6018
12158,7.6018
12159,7.6018
12160,7.75
12161,7.6018
12162,8.2727
12163,8.0437
12164,7.5
12165,8.8571
12166,7.6018
12167,7.6018
12168,7.6018
12169,7.6018
12170,7.7105
12171,7.6018
12172,7.2
12173,8.931
12174,7.6018
12175,7.25
12176,8.0
12177,7.6018
12178,8.0
12179,7.0
12180,7.6018
12181,9.1176
12182,7.6018
12183,7.0484
12184,7.6018
12185,7.6018
12186,8.8556
12187,7.6018
12188,7.6018
12189,7.4286
12190,7.6018
12191,7.9273
12192,4.1407
12193,6.0
12194,7.6018
12195,9.0
12196,7.9947
12197,7.6018
12198,2.5
12199,5.8
12200,7.3333
12201,7.6018
12202,7.6018
12203,8.5165
12204,7.6018
12205,7.4
12206,7.6018
12207,7.8056
12208,9.6111
12209,7.6018
12210,10.0
12211,7.2595
12212,6.0
12213,7.6018
12214,7.6018
12215,7.6018
12216,6.0667
12217,8.0
12218,7.6018
12219,7.6018
12220,8.0
12221,6.3514
12222,7.6018
12223,7.8812
12224,7.3
12225,7.6018
12226,5.0
12227,7.4821
12228,7.6018
12229,7.0
12230,7.4286
12231,5.5
12232,7.6018
12233,7.9375
12234,7.6018
12235,7.6018
12236,5.0
12237,7.5476
12238,7.6018
12239,8.1714
12240,7.6018
12241,6.3
12242,7.6018
12243,8.25
12244,7.6018
12245,6.25
12246,7.6018
12247,6.5
12248,7.6018
12249,7.6018
12250,8.541
12251,7.6018
12252,7.6018
12253,7.6018
12254,8.2222
12255,8.2353
12256,9.5
12257,8.625
12258,7.6667
12259,7.6018
12260,8.0
12261,7.6018
12262,6.8
12263,8.5833
12264,7.6018
12265,7.6018
12266,7.6018
12267,7.6018
12268,7.6018
12269,8.5833
12270,7.6018
12271,8.8556
12272,7.6018
12273,7.6018
12274,7.6018
12275,6.3345
12276,7.6018
12277,7.6018
12278,7.6018
12279,9.8182
12280,7.6018
12281,7.6018
12282,7.6018
12283,8.1976
12284,8.28
12285,7.6018
12286,7.484
12287,7.6018
12288,7.6018
12289,7.6018
12290,7.6018
12291,7.6018
12292,7.6018
12293,7.6018
12294,7.2595
12295,7.6018
12296,9.4118
12297,7.6018
12298,5.8519
12299,7.6018
12300,8.8556
12301,7.6122
12302,7.6018
12303,8.0
12304,7.6018
12305,7.0
12306,7.6
12307,7.6018
12308,7.6018
12309,9.1786
12310,6.6667
12311,7.6018
12312,6.9525
12313,9.3333
12314,7.6018
12315,10.0
12316,7.6018
12317,7.6018
12318,6.1765
12319,7.6018
12320,7.3304
12321,7.6018
12322,6.9483
12323,7.6018
12324,7.6018
12325,3.8
12326,7.6018
12327,7.6
12328,8.0094
12329,7.6018
12330,7.0
12331,6.4118
12332,7.2595
12333,7.6018
12334,7.6018
12335,7.6018
12336,8.5
12337,7.8667
12338,7.6018
12339,7.6268
12340,7.6018
12341,9.375
12342,8.4
12343,8.0429
12344,7.6018
12345,7.6018
12346,7.6018
12347,7.0
12348,7.7115
12349,6.9091
12350,7.2243
12351,7.6018
12352,7.8404
12353,8.8556
12354,7.6018
12355,7.6018
12356,7.6018
12357,7.6018
12358,7.6018
12359,7.6018
12360,7.6018
12361,7.6018
12362,6.8571
12363,7.6018
12364,7.6018
12365,7.1429
12366,8.0
12367,7.2595
12368,7.6018
12369,3.0
12370,7.6018
12371,7.6018
12372,5.0752
12373,8.4444
12374,5.5401
12375,7.3713
12376,9.8224
12377,7.6471
12378,7.6018
12379,8.0294
12380,7.6018
12381,7.6018
12382,7.6018
12383,7.6018
12384,7.6018
12385,7.6018
12386,7.6018
12387,8.1523
12388,7.8163
12389,7.6018
12390,10.0
12391,6.25
12392,7.9545
12393,7.6018
12394,7.1689
12395,7.6018
12396,10.0
12397,6.9182
12398,6.3809
12399,7.0
12400,7.6018
12401,7.25
12402,7.6018
12403,6.0
12404,7.6018
12405,7.6018
12406,7.6018
12407,8.7234
12408,7.6018
12409,7.6018
12410,7.6018
12411,8.8556
12412,7.6018
12413,7.6018
12414,7.6018
12415,8.3158
12416,7.6018
12417,7.2595
12418,7.6018
12419,7.4545
12420,7.6018
12421,7.2595
12422,7.6018
12423,7.6018
12424,9.4632
12425,6.8333
12426,7.6018
12427,8.9333
12428,7.6018
12429,7.6018
12430,5.0
12431,7.3523
12432,7.6018
12433,7.0
12434,7.6018
12435,7.8723
12436,6.7129
12437,8.6667
12438,7.6018
12439,6.9091
12440,7.6018
12441,8.9905
12442,7.6018
12443,8.8556
12444,7.6018
12445,7.6018
12446,7.6018
12447,7.6018
12448,8.4074
12449,8.25
12450,8.1486
12451,9.4839
12452,5.0752
12453,9.134
12454,9.134
12455,9.0
12456,10.0
12457,7.6018
12458,7.6018
12459,7.6018
12460,7.814
12461,7.2917
12462,6.5
12463,8.3731
12464,8.5
12465,7.6018
12466,7.7188
12467,7.6018
12468,7.0
12469,7.6018
12470,7.6018
12471,10.0
12472,8.418
12473,6.4348
12474,8.1786
12475,7.6018
12476,8.0
12477,7.6018
12478,7.6018
12479,8.1136
12480,7.6018
12481,7.6018
12482,7.6018
12483,7.2898
12484,8.8889
12485,7.6018
12486,7.6018
12487,7.6018
12488,7.474
12489,7.6018
12490,8.2764
12491,7.6018
12492,7.8824
12493,7.815
12494,8.0
12495,6.4545
12496,6.816
12497,7.3249
12498,7.6429
12499,6.8
12500,8.8556
12501,7.6018
12502,7.6018
12503,8.8431
12504,8.3731
12505,6.5862
12506,7.2595
12507,7.6018
12508,7.6018
12509,7.6018
12510,7.2595
12511,7.6018
12512,7.2595
12513,8.1111
12514,7.6018
12515,7.6018
12516,8.7048
12517,7.6018
12518,7.6018
12519,7.6018
12520,8.2019
12521,7.6018
12522,8.8556
12523,5.3846
12524,8.1405
12525,7.2595
12526,7.2727
12527,7.9577
12528,5.25
12529,6.1538
12530,8.7234
12531,7.3404
12532,7.6018
12533,7.6018
12534,7.6018
12535,7.6077
12536,7.6018
12537,7.7778
12538,8.9796
12539,7.2429
12540,7.6018
12541,7.6018
12542,4.7059
12543,3.0
12544,7.8863
12545,7.6018
12546,7.6018
12547,7.256
12548,7.6018
12549,8.6635
12550,7.3846
12551,7.8225
12552,7.6018
12553,7.6018
12554,7.9091
12555,7.6018
12556,8.7048
12557,7.6018
12558,7.6018
12559,7.6018
12560,7.6018
12561,9.9889
12562,6.4375
12563,7.0
12564,7.6018
12565,6.1538
12566,7.5714
12567,7.6018
12568,7.5476
12569,6.5
12570,7.6018
12571,7.6018
12572,8.125
12573,7.6018
12574,7.6018
12575,7.6018
12576,5.0
12577,7.6018
12578,7.0
12579,7.6018
12580,7.375
12581,8.0833
12582,9.0
12583,6.4
12584,6.3333
12585,7.6667
12586,7.6018
12587,7.6018
12588,7.6018
12589,7.6018
12590,7.6018
12591,8.8556
12592,7.6018
12593,7.6018
12594,7.6018
12595,7.6018
12596,7.6018
12597,7.6018
12598,7.5333
12599,7.6018
12600,5.1355
12601,7.6018
12602,8.4545
12603,8.7789
12604,7.6018
12605,7.6018
12606,7.0
12607,7.6018
12608,7.1429
12609,8.3302
12610,8.9714
12611,7.6018
12612,8.5
12613,7.6018
12614,7.6018
12615,6.7917
12616,7.6018
12617,6.9483
12618,7.6018
12619,7.6018
12620,7.6018
12621,7.1039
12622,7.6018
12623,8.2
12624,7.2595
12625,8.0
12626,7.6018
12627,6.7358
12628,8.873
12629,7.6018
12630,7.6018
12631,7.6018
12632,7.6018
12633,7.6018
12634,7.5952
12635,7.375
12636,8.0
12637,8.0
12638,7.6018
12639,5.9091
12640,7.6018
12641,7.6018
12642,7.6018
12643,7.375
12644,7.6018
12645,8.2857
12646,7.1111
12647,7.6471
12648,7.6018
12649,7.6018
12650,7.6018
12651,9.6667
12652,7.6018
12653,8.2258
12654,7.6018
12655,8.8333
12656,6.875
12657,7.2595
12658,7.75
12659,8.5
12660,8.8556
12661,7.1429
12662,7.6018
12663,9.2857
12664,7.6018
12665,7.6018
12666,8.75
12667,8.5
12668,7.6018
12669,7.6018
12670,7.6018
12671,7.0345
12672,7.6018
12673,7.6018
12674,5.0752
12675,7.6018
12676,7.6018
12677,8.9091
12678,7.6018
12679,7.3523
12680,7.6018
12681,2.0
12682,6.5
12683,7.6018
12684,7.0
12685,7.6018
12686,7.6018
12687,10.0
12688,7.6018
12689,7.6018
12690,9.042
12691,7.6018
12692,7.6018
12693,7.2595
12694,7.6018
12695,7.6018
12696,7.5
12697,7.5
12698,5.1122
12699,7.9744
12700,7.6018
12701,7.6018
12702,8.0
12703,7.6018
12704,7.6538
12705,7.6018
12706,7.6018
12707,7.6018
12708,6.8667
12709,9.25
12710,7.2391
12711,7.6018
12712,7.6018
12713,9.3832
12714,7.6018
12715,7.6018
12716,6.8182
12717,7.6018
12718,6.875
12719,8.5165
12720,7.6018
12721,7.6018
12722,7.6364
12723,7.9688
12724,8.4091
12725,5.9474
12726,7.6018
12727,7.6018
12728,6.0958
12729,7.6018
12730,8.6667
12731,7.9231
12732,7.6018
12733,7.0
12734,8.0238
12735,7.6018
12736,7.2595
12737,6.0
12738,8.5714
12739,7.6018
12740,8.1
12741,7.6018
12742,9.0
12743,7.2595
12744,8.4118
12745,7.0
12746,7.64
12747,8.4243
12748,8.9091
12749,6.625
12750,7.6018
12751,7.6018
12752,8.5
12753,9.5
12754,7.6018
12755,7.6018
12756,7.3973
12757,5.0
12758,5.5789
12759,9.6216
12760,6.9375
12761,7.6018
12762,7.6018
12763,7.6018
12764,7.6018
12765,7.6923
12766,7.6018
12767,7.6018
12768,7.6018
12769,8.5875
12770,7.6018
12771,7.6018
12772,7.6018
12773,7.6018
12774,7.4746
12775,7.6018
12776,7.6018
12777,10.0
12778,8.5165
12779,7.0
12780,5.1355
12781,8.45
12782,7.76
12783,7.8889
12784,7.8182
12785,7.6018
12786,8.7404
12787,5.5714
12788,7.6018
12789,7.6429
12790,7.6
12791,7.6018
12792,7.6018
12793,7.6018
12794,8.1538
12795,7.2595
12796,7.0
12797,8.0
12798,8.875
12799,8.7091
12800,8.0857
12801,8.0
12802,7.6667
12803,7.6018
12804,7.1667
12805,6.2055
12806,8.0
12807,7.625
12808,7.6018
12809,7.6018
12810,7.2595
12811,6.0226
12812,8.2857
12813,7.6018
12814,7.2595
12815,7.6018
12816,7.6018
12817,7.6018
12818,7.6018
12819,7.6018
12820,7.6018
12821,7.4824
12822,7.5556
12823,7.6018
12824,9.0262
12825,7.6018
12826,7.5
12827,7.6018
12828,9.3832
12829,8.5714
12830,7.6018
12831,7.6018
12832,7.6018
12833,7.6018
12834,6.875
12835,7.6018
12836,8.1471
12837,7.6018
12838,7.6018
12839,7.6018
12840,7.1232
12841,8.2737
12842,7.6018
12843,6.7358
12844,7.6018
12845,7.6018
12846,7.6667
12847,7.6018
12848,7.6018
12849,7.6018
12850,7.6018
12851,7.6018
12852,7.815
12853,7.6018
12854,4.0
12855,7.6122
12856,7.0
12857,7.2
12858,7.6018
12859,5.1267
12860,9.0
12861,7.6018
12862,7.7
12863,7.4421
12864,7.6018
12865,7.3796
12866,7.6018
12867,7.6018
12868,7.6018
12869,7.6018
12870,9.0
12871,7.6018
12872,7.5065
12873,6.0
12874,7.3333
12875,7.6018
12876,9.1
12877,6.9333
12878,7.6018
12879,7.6018
12880,8.8333
12881,7.6018
12882,7.5185
12883,7.6018
12884,7.5
12885,7.1667
12886,10.0
12887,7.6018
12888,7.6018
12889,6.8221
12890,7.6018
12891,8.875
12892,8.3333
12893,7.6018
12894,7.6018
12895,4.8333
12896,7.6018
12897,7.6018
12898,6.5
12899,7.6018
12900,7.5714
12901,6.7129
12902,7.6018
12903,7.12
12904,7.2194
12905,7.6018
12906,6.7129
12907,7.6667
12908,9.0262
12909,9.4878
12910,6.0
12911,5.8966
12912,7.6018
12913,7.8812
12914,9.0
12915,7.6018
12916,7.6018
12917,7.6018
12918,7.6018
12919,7.6018
12920,7.5263
12921,7.6018
12922,7.6018
12923,7.8
12924,8.3918
12925,7.6018
12926,7.6018
12927,7.0
12928,7.6018
12929,5.25
12930,7.6018
12931,7.8182
12932,8.2
12933,9.6429
12934,7.6018
12935,7.6018
12936,6.3707
12937,7.6018
12938,7.6018
12939,5.0
12940,7.6018
12941,7.6018
12942,8.75
12943,7.7143
12944,7.6018
12945,7.6018
12946,7.0
12947,6.3333
12948,5.25
12949,7.6018
12950,7.6018
12951,7.6018
12952,7.1689
12953,7.6018
12954,7.6018
12955,7.6018
12956,4.4
12957,7.8333
12958,7.6018
12959,7.125
12960,7.6018
12961,7.6018
12962,8.3913
12963,6.6809
12964,6.7536
12965,7.6018
12966,8.0
12967,7.6018
12968,8.4906
12969,7.6018
12970,8.7091
12971,7.2595
12972,4.7059
12973,7.6018
12974,7.6018
12975,7.0
12976,7.6018
12977,7.6018
12978,5.0
12979,5.75
12980,7.6018
12981,7.6018
12982,6.3196
12983,7.6018
12984,7.6018
12985,7.6018
12986,7.6018
12987,7.6018
12988,10.0
12989,7.6018
12990,7.8889
12991,7.6018
12992,7.5
12993,8.75
12994,7.6018
12995,8.6162
12996,7.6018
12997,7.0
12998,7.6018
12999,7.6018
13000,7.6018
13001,8.4286
13002,7.6018
13003,7.8125
13004,4.9099
13005,7.6018
13006,7.6018
13007,9.0
13008,7.0
13009,7.2595
13010,7.8431
13011,7.6018
13012,7.6018
13013,7.9
13014,8.0755
13015,7.6018
13016,7.6018
13017,9.0262
13018,7.2429
13019,8.8556
13020,7.815
13021,7.0435
13022,9.5474
13023,7.6018
13024,7.6018
13025,7.6018
13026,7.6018
13027,6.2
13028,8.1955
13029,6.0226
13030,9.1111
13031,8.5882
13032,7.6018
13033,8.1829
13034,7.6018
13035,7.6018
13036,6.6364
13037,7.6018
13038,7.6018
13039,7.6018
13040,7.6018
13041,7.6018
13042,7.6018
13043,7.6018
13044,7.6018
13045,7.9
13046,7.4
13047,7.6018
13048,7.8594
13049,7.6018
13050,8.0
13051,7.6018
13052,7.6018
13053,7.9444
13054,7.1613
13055,8.6667
13056,7.6018
13057,7.6018
13058,7.6018
13059,7.1429
13060,7.6018
13061,8.1429
13062,7.2595
13063,7.2595
13064,7.6018
13065,8.0667
13066,7.6018
13067,8.5
13068,7.1667
13069,7.6018
13070,10.0
13071,7.5833
13072,9.0
13073,7.6018
13074,7.6018
13075,10.0
13076,7.8617
13077,7.6018
13078,6.5
13079,8.875
13080,7.5556
13081,7.6018
13082,7.6018
13083,5.0
13084,7.2595
13085,8.5556
13086,7.6018
13087,8.2109
13088,7.6018
13089,8.4444
13090,7.6018
13091,7.6018
13092,6.875
13093,7.6018
13094,7.3523
13095,7.6018
13096,7.6018
13097,7.6018
13098,8.029
13099,5.0
13100,8.8667
13101,7.6018
13102,7.5
13103,7.6571
13104,7.6018
13105,7.6018
13106,7.6018
13107,7.6018
13108,7.6018
13109,7.0
13110,8.8784
13111,7.6018
13112,7.6018
13113,8.0
13114,7.6018
13115,9.1081
13116,8.037
13117,7.6018
13118,7.6889
13119,7.6018
13120,7.6018
13121,7.6018
13122,6.5
13123,7.6018
13124,7.6018
13125,7.6667
13126,7.6018
13127,7.8333
13128,7.6018
13129,6.5
13130,8.1538
13131,7.6018
13132,7.6018
13133,7.6018
13134,3.5
13135,7.5
13136,7.6018
13137,7.6018
13138,8.0238
13139,7.9273
13140,7.6018
13141,7.6018
13142,8.6571
13143,7.6018
13144,7.875
13145,7.6018
13146,7.9947
13147,7.6018
13148,7.6018
13149,9.6
13150,7.3571
13151,7.9286
13152,7.6018
13153,7.6018
13154,7.52
13155,7.6018
13156,7.9559
13157,7.6018
13158,7.6018
13159,7.6018
13160,9.3529
13161,7.5
13162,7.6018
13163,7.5
13164,5.4
13165,7.125
13166,7.6018
13167,8.2353
13168,7.6018
13169,7.6018
13170,7.2941
13171,6.8889
13172,5.0752
13173,7.6018
13174,7.6018
13175,8.8556
13176,10.0
13177,7.6018
13178,7.2174
13179,7.6018
13180,7.6018
13181,7.9273
13182,8.5
13183,9.8571
13184,7.6018
13185,7.6018
13186,7.6018
13187,7.6018
13188,8.5165
13189,8.0
13190,7.3333
13191,8.1043
13192,8.7588
13193,7.6018
13194,8.75
13195,7.6018
13196,7.6018
13197,8.8556
13198,8.6567
13199,9.1395
13200,7.6018
13201,7.6018
13202,8.2
13203,7.0
13204,7.6018
13205,5.0
13206,7.6018
13207,7.6018
13208,7.3929
13209,8.9333
13210,7.6018
13211,7.6018
13212,7.6018
13213,8.5036
13214,7.6018
13215,8.9655
13216,7.6018
13217,7.3158
13218,7.6018
13219,7.6018
13220,5.4784
13221,7.6018
13222,6.7273
13223,7.6018
13224,7.6667
13225,7.6018
13226,7.6018
13227,6.2
13228,7.0909
13229,7.6018
13230,7.6018
13231,8.9317
13232,7.6018
13233,7.6018
13234,7.6018
13235,8.1976
13236,9.1094
13237,7.6018
13238,7.6018
13239,7.6018
13240,7.6018
13241,7.6018
13242,7.6018
13243,7.6018
13244,5.3851
13245,8.2353
13246,8.8556
13247,7.6018
13248,7.6018
13249,7.6018
13250,7.6018
13251,8.0
13252,7.6018
13253,7.6018
13254,7.6018
13255,7.6018
13256,7.6018
13257,8.875
13258,7.6018
13259,7.5
13260,7.6018
13261,8.0238
13262,6.3333
13263,7.2595
13264,6.8
13265,9.0
13266,7.6018
13267,7.6714
13268,7.8
13269,7.3333
13270,9.3158
13271,7.2595
13272,7.6018
13273,8.5833
13274,7.4339
13275,7.375
13276,7.6018
13277,7.0
13278,7.2595
13279,7.2391
13280,7.6018
13281,7.2595
13282,8.8235
13283,8.6111
13284,7.6018
13285,7.5
13286,7.6018
13287,9.6
13288,7.918
13289,6.3333
13290,7.6018
13291,7.6018
13292,7.6018
13293,8.1976
13294,8.3
13295,8.2109
13296,7.6018
13297,7.6018
13298,6.4074
13299,7.6018
13300,7.6018
13301,8.5333
13302,7.15
13303,7.6018
13304,7.6018
13305,7.6018
13306,7.6018
13307,6.5
13308,9.075
13309,7.6018
13310,5.8
13311,8.8556
13312,7.5968
13313,7.6018
13314,7.6018
13315,7.6
13316,7.6018
13317,9.0
13318,7.2595
13319,7.6018
13320,5.5753
13321,7.4968
13322,7.6018
13323,7.6018
13324,8.8065
13325,6.8
13326,7.0
13327,7.6018
13328,6.4
13329,7.4286
13330,8.8571
13331,7.6018
13332,7.6018
13333,7.1944
13334,7.6018
13335,7.6018
13336,8.1429
13337,8.3846
13338,6.5
13339,5.0
13340,6.1667
13341,7.0
13342,7.5
13343,7.6018
13344,7.6018
13345,7.6018
13346,8.0
13347,6.1667
13348,7.6018
13349,5.6
13350,7.6018
13351,7.6018
13352,7.6018
13353,5.5753
13354,7.6018
13355,7.5065
13356,7.9286
13357,7.6018
13358,7.6018
13359,7.6018
13360,7.6018
13361,7.6018
13362,7.6018
13363,7.6018
13364,6.5
13365,8.25
13366,7.6018
13367,7.6018
13368,7.2595
13369,7.75
13370,7.6018
13371,7.2595
13372,7.8617
13373,8.7234
13374,7.6018
13375,7.25
13376,6.9583
13377,7.6018
13378,7.6018
13379,7.6018
13380,6.6957
13381,8.9655
13382,7.069
13383,7.6018
13384,7.6018
13385,6.2055
13386,6.8571
13387,7.069
13388,7.6018
13389,7.6018
13390,8.0
13391,7.6018
13392,7.4167
13393,6.3786
13394,7.6018
13395,8.0
13396,7.6018
13397,7.3404
13398,7.6018
13399,7.6018
13400,9.0
13401,7.6018
13402,7.6018
13403,7.6018
13404,7.3973
13405,8.6567
13406,8.4
13407,7.6018
13408,9.6
13409,5.0
13410,6.7273
13411,6.2667
13412,7.6018
13413,6.2
13414,7.6018
13415,7.6018
13416,7.6018
13417,7.6018
13418,7.6018
13419,7.6018
13420,7.6018
13421,8.1111
13422,7.6018
13423,6.9667
13424,7.6667
13425,7.6018
13426,7.6018
13427,7.6
13428,7.6018
13429,8.1538
13430,7.6018
13431,5.0
13432,7.6018
13433,7.0
13434,7.6018
13435,7.6018
13436,6.25
13437,9.6139
13438,7.6018
13439,7.6018
13440,5.1355
13441,7.0
13442,7.6018
13443,7.2595
13444,6.6364
13445,7.6018
13446,7.7
13447,7.6018
13448,5.9825
13449,7.6018
13450,10.0
13451,7.6018
13452,7.6018
13453,7.6018
13454,7.6018
13455,7.6018
13456,7.6018
13457,7.6018
13458,8.8571
13459,7.6018
13460,6.5
13461,7.6018
13462,7.6018
13463,7.6018
13464,7.6018
13465,9.0
13466,5.5604
13467,7.6018
13468,9.0
13469,8.2353
13470,8.2764
13471,7.6018
13472,7.6018
13473,7.6018
13474,7.6018
13475,7.918
13476,8.0
13477,7.885
13478,7.6018
13479,7.6018
13480,7.6018
13481,7.2595
13482,8.1576
13483,7.1944
13484,7.6018
13485,5.4444
13486,7.6018
13487,7.6018
13488,8.9403
13489,6.9
13490,7.6018
13491,7.828
13492,7.2857
13493,7.6018
13494,7.6018
13495,7.6018
13496,7.6018
13497,7.6018
13498,5.0
13499,7.6018
13500,8.8
13501,7.6018
13502,7.6018
13503,7.6018
13504,7.5862
13505,7.6018
13506,9.4583
13507,7.2595
13508,7.6018
13509,7.7449
13510,10.0
13511,7.6018
13512,7.6018
13513,9.6667
13514,7.6018
13515,6.1953
13516,8.6615
13517,7.0625
13518,8.0
13519,7.6018
13520,8.873
13521,6.3786
13522,7.2595
13523,6.7778
13524,8.9796
13525,7.6018
13526,4.7778
13527,9.1304
13528,5.7778
13529,7.6018
13530,7.0
13531,8.0556
13532,7.6018
13533,9.1373
13534,7.4
13535,7.6018
13536,7.2595
13537,7.6018
13538,9.3529
13539,7.0
13540,7.6018
13541,7.6018
13542,6.3786
13543,7.6018
13544,8.1486
13545,7.6018
13546,7.6018
13547,7.0
13548,9.4041
13549,7.6018
13550,7.6018
13551,8.9
13552,7.6018
13553,8.2857
13554,6.75
13555,8.8556
13556,5.8529
13557,7.6018
13558,7.5065
13559,6.8125
13560,7.6009
13561,7.6018
13562,7.6018
13563,8.8556
13564,5.8529
13565,7.5185
13566,7.6018
13567,7.5065
13568,6.56
13569,7.6018
13570,8.3636
13571,7.2595
13572,6.0
13573,7.1613
13574,7.6018
13575,8.3382
13576,7.6018
13577,7.6018
13578,7.6018
13579,8.0755
13580,8.7368
13581,8.5863
13582,7.6018
13583,7.6018
13584,7.0
13585,7.6018
13586,7.6018
13587,7.6018
13588,7.6018
13589,7.6018
13590,7.6018
13591,8.7179
13592,7.6018
13593,7.6018
13594,8.0
13595,7.25
13596,7.6018
13597,7.6018
13598,5.5753
13599,7.2222
13600,7.1429
13601,6.75
13602,7.6018
13603,7.6018
13604,7.6018
13605,7.3571
13606,6.5
13607,7.4421
13608,8.1538
13609,7.6659
13610,6.9143
13611,7.6018
13612,7.6018
13613,6.5
13614,7.6018
13615,5.0
13616,7.2379
13617,8.7105
13618,10.0
13619,7.6018
13620,7.0738
13621,7.2595
13622,7.6018
13623,6.7619
13624,7.6018
13625,7.375
13626,8.0
13627,7.6018
13628,7.9947
13629,7.141
13630,7.6018
13631,7.6018
13632,7.6018
13633,7.3333
13634,7.2595
13635,7.1689
13636,7.6018
13637,7.7273
13638,9.6029
13639,7.6018
13640,8.0
13641,7.5968
13642,7.6018
13643,8.5
13644,7.6018
13645,6.3333
13646,7.6018
13647,7.6018
13648,7.6018
13649,7.6018
13650,7.2595
13651,7.6018
13652,8.4
13653,8.873
13654,7.6018
13655,9.6292
13656,7.6018
13657,7.6018
13658,7.6018
13659,6.7129
13660,7.6018
13661,7.3333
13662,6.5
13663,8.9796
13664,7.6018
13665,8.8333
13666,6.0
13667,8.9714
13668,4.3333
13669,7.3333
13670,8.2667
13671,7.6018
13672,7.6018
13673,8.1437
13674,7.6018
13675,7.6667
13676,7.6018
13677,7.2595
13678,7.6018
13679,7.4151
13680,7.55
13681,7.6018
13682,7.6018
13683,7.6018
13684,7.0
13685,7.0
13686,8.2676
13687,7.6018
13688,8.5
13689,7.6018
13690,8.42
13691,8.7903
13692,7.6018
13693,7.6923
13694,7.6018
13695,7.6018
13696,8.7048
13697,7.6018
13698,6.2667
13699,7.6018
13700,5.5
13701,7.6018
13702,6.875
13703,7.6018
13704,7.6018
13705,7.2595
13706,7.4146
13707,7.7188
13708,8.0
13709,7.6018
13710,6.9483
13711,7.6018
13712,8.8556
13713,7.6667
13714,7.6018
13715,6.4286
13716,7.6018
13717,7.6018
13718,7.6018
13719,9.0
13720,7.6018
13721,7.6018
13722,7.6018
13723,8.9091
13724,7.6018
13725,7.3333
13726,7.6018
13727,6.4
13728,7.6018
13729,9.5827
13730,7.2595
13731,7.6018
13732,7.6018
13733,7.6018
13734,7.6018
13735,9.0
13736,8.3333
13737,8.0
13738,5.5714
13739,7.4211
13740,7.6018
13741,7.6018
13742,9.28
13743,7.6018
13744,8.3913
13745,7.6018
13746,7.6018
13747,7.6018
13748,9.75
13749,7.6018
13750,7.6018
13751,8.7029
13752,7.6018
13753,6.754
13754,8.7091
13755,7.2595
13756,7.6018
13757,8.3382
13758,7.6018
13759,7.6018
13760,6.5
13761,7.6018
13762,7.6018
13763,7.6018
13764,7.6018
13765,8.7105
13766,8.3
13767,7.6018
13768,7.2595
13769,7.6018
13770,9.0227
13771,7.4211
13772,7.0
13773,7.6018
13774,6.2308
13775,7.0
13776,7.6
13777,7.6018
13778,10.0
13779,7.6018
13780,7.0
13781,7.9524
13782,9.1176
13783,8.1
13784,7.1637
13785,8.0
13786,7.6018
13787,7.6018
13788,7.6018
13789,7.3913
13790,7.6018
13791,7.1818
13792,9.1111
13793,8.5
13794,7.6018
13795,7.6018
13796,7.6018
13797,6.8857
13798,5.1355
13799,8.8333
13800,7.6018
13801,6.5
13802,7.6018
13803,7.6018
13804,7.2429
13805,7.6018
13806,9.4583
13807,7.3523
13808,7.6018
13809,7.6018
13810,8.375
13811,7.2595
13812,7.6018
13813,7.2595
13814,6.6667
13815,7.6018
13816,7.0
13817,7.25
13818,7.6018
13819,8.0094
13820,7.6018
13821,7.6018
13822,8.7456
13823,7.625
13824,7.6018
13825,7.6018
13826,7.6018
13827,7.6268
13828,7.6018
13829,7.6018
13830,7.6018
13831,8.6667
13832,7.6018
13833,7.6018
13834,7.6018
13835,8.0
13836,7.8
13837,7.6018
13838,7.6018
13839,7.0
13840,8.0429
13841,6.6
13842,6.7374
13843,6.9667
13844,7.6018
13845,7.6018
13846,7.6018
13847,5.0
13848,8.9796
13849,6.0
13850,8.2105
13851,8.8421
13852,8.7091
13853,7.6018
13854,5.2606
13855,7.6018
13856,7.6018
13857,7.0
13858,7.8125
13859,7.4211
13860,9.1667
13861,9.0
13862,6.2222
13863,7.6018
13864,7.6018
13865,7.1516
13866,7.6018
13867,7.5714
13868,7.6185
13869,7.25
13870,7.6018
13871,6.0
13872,7.6018
13873,6.0909
13874,6.0
13875,7.8
13876,7.6018
13877,5.25
13878,7.0577
13879,6.4
13880,7.6018
13881,7.6018
13882,7.6018
13883,7.6018
13884,7.6018
13885,7.6018
13886,7.6018
13887,6.1429
13888,7.4444
13889,5.0752
13890,8.0
13891,7.6162
13892,7.4656
13893,7.6018
13894,7.7757
13895,7.2595
13896,6.0
13897,7.5
13898,7.6018
13899,7.6018
13900,7.2595
13901,8.5
13902,8.4634
13903,7.6018
13904,7.2595
13905,7.9493
13906,7.6018
13907,7.6018
13908,7.6018
13909,7.6018
13910,7.6018
13911,7.6018
13912,7.6018
13913,8.1136
13914,7.6018
13915,7.6018
13916,8.1111
13917,7.6018
13918,7.5938
13919,7.6018
13920,7.6018
13921,7.3333
13922,7.6018
13923,7.6018
13924,7.6018
13925,7.6018
13926,8.0294
13927,6.5
13928,7.5049
13929,8.375
13930,7.9
13931,6.8
13932,9.1667
13933,7.6018
13934,7.6018
13935,7.6018
13936,8.5753
13937,8.0238
13938,7.6018
13939,7.6018
13940,7.6018
13941,7.6018
13942,7.6018
13943,7.6018
13944,7.6018
13945,8.3333
13946,7.6018
13947,7.6018
13948,7.6018
13949,7.3571
13950,7.6018
13951,7.0
13952,7.6018
13953,8.5
13954,7.6018
13955,7.2595
13956,7.6018
13957,7.6018
13958,6.9
13959,6.3423
13960,9.0
13961,7.6018
13962,6.7328
13963,6.6667
13964,7.6018
13965,9.0
13966,7.6018
13967,6.0
13968,7.6018
13969,7.6018
13970,7.6018
13971,7.7365
13972,7.6018
13973,6.0226
13974,7.6018
13975,7.6018
13976,7.6018
13977,9.0
13978,7.6018
13979,9.181
13980,7.6018
13981,7.3902
13982,7.5065
13983,7.6667
13984,7.6018
13985,7.0818
13986,7.3523
13987,7.6018
13988,7.6018
13989,7.6018
13990,7.6018
13991,7.6018
13992,6.8333
13993,7.6018
13994,8.75
13995,8.8185
13996,7.6018
13997,7.6018
13998,7.6018
13999,8.1017
14000,9.3333
14001,7.6018
14002,7.6018
14003,6.3786
14004,7.6018
14005,7.6018
14006,7.6018
14007,6.1667
14008,7.6018
14009,5.0
14010,6.5
14011,7.6018
14012,8.5833
14013,6.0
14014,9.0
14015,7.6018
14016,8.4091
14017,7.7
14018,7.6018
14019,7.6018
14020,7.3333
14021,8.5
14022,8.8556
14023,7.6018
14024,8.0
14025,7.6018
14026,3.5
14027,8.8462
14028,7.6018
14029,7.6018
14030,8.0
14031,7.9947
14032,8.9828
14033,7.6018
14034,8.2692
14035,8.0
14036,7.6018
14037,7.6018
14038,7.6018
14039,7.6018
14040,7.6018
14041,7.2595
14042,6.8131
14043,7.6018
14044,7.7037
14045,8.1111
14046,6.0
14047,7.6018
14048,6.7619
14049,5.0
14050,7.6018
14051,8.3015
14052,4.0
14053,8.5164
14054,7.6018
14055,8.6
14056,7.815
14057,6.9737
14058,7.6018
14059,7.2595
14060,7.6018
14061,7.6018
14062,7.8636
14063,9.7059
14064,7.125
14065,7.6018
14066,7.6018
14067,7.1429
14068,7.6018
14069,7.8571
14070,8.125
14071,7.6018
14072,5.5
14073,8.0
14074,7.6018
14075,8.0
14076,7.6018
14077,7.6018
14078,8.28
14079,9.8571
14080,7.0838
14081,7.6018
14082,7.2595
14083,8.5
14084,6.75
14085,7.6667
14086,7.6018
14087,7.6018
14088,8.0
14089,7.6018
14090,7.6018
14091,8.1389
14092,7.6018
14093,7.64
14094,7.6018
14095,7.0
14096,7.6018
14097,7.1689
14098,7.6018
14099,7.4824
14100,7.6018
14101,7.2222
14102,7.6018
14103,6.5
14104,8.0
14105,7.6018
14106,5.8333
14107,7.5263
14108,8.0
14109,7.6018
14110,7.9577
14111,8.4286
14112,7.6018
14113,7.6018
14114,7.6018
14115,7.6018
14116,7.6018
14117,7.9286
14118,6.0303
14119,7.6018
14120,7.6018
14121,8.8333
14122,7.1689
14123,8.0
14124,7.6018
14125,5.5
14126,7.6018
14127,7.6018
14128,8.8218
14129,8.8556
14130,7.2595
14131,7.6018
14132,7.6018
14133,7.6018
14134,7.6018
14135,8.2368
14136,8.0385
14137,8.9655
14138,7.2595
14139,7.6018
14140,7.6018
14141,7.45
14142,10.0
14143,7.0
14144,7.2595
14145,7.6018
14146,7.6018
14147,7.6018
14148,7.6018
14149,7.6018
14150,7.6018
14151,7.6018
14152,6.9259
14153,7.6018
14154,7.6018
14155,6.0
14156,7.5
14157,8.96
14158,7.2008
14159,7.6018
14160,7.6018
14161,6.6667
14162,7.6018
14163,7.6018
14164,8.0837
14165,7.6018
14166,7.6018
14167,7.6018
14168,7.6018
14169,7.6018
14170,7.2595
14171,7.6018
14172,8.8333
14173,7.6842
14174,7.6018
14175,7.6018
14176,7.6018
14177,6.9483
14178,7.6018
14179,9.2222
14180,5.0
14181,7.6018
14182,8.1905
14183,7.6018
14184,7.1212
14185,7.6018
14186,6.3786
14187,7.5065
14188,7.6018
14189,6.7328
14190,7.0833
14191,7.2243
14192,9.0227
14193,7.2595
14194,8.4444
14195,7.6018
14196,8.8556
14197,8.5165
14198,7.6018
14199,7.6018
14200,7.6575
14201,8.6667
14202,7.6018
14203,7.6018
14204,8.2353
14205,7.6018
14206,7.6018
14207,7.6018
14208,7.6018
14209,7.6018
14210,7.6018
14211,8.0
14212,7.6018
14213,7.6018
14214,6.0226
14215,7.6018
14216,5.1385
14217,7.1818
14218,7.0
14219,7.6018
14220,8.1573
14221,8.42
14222,7.6018
14223,7.6018
14224,7.6018
14225,7.2595
14226,8.873
14227,7.6018
14228,7.6018
14229,7.6018
14230,7.9095
14231,8.7048
14232,7.6018
14233,5.0
14234,9.0
14235,7.4545
14236,7.6018
14237,7.6018
14238,7.6268
14239,7.557
14240,7.087
14241,5.0752
14242,7.6667
14243,7.6018
14244,7.3796
14245,7.1429
14246,7.6018
14247,5.0
14248,7.8889
14249,7.0
14250,7.6018
14251,7.1667
14252,7.4339
14253,7.15
14254,7.0
14255,7.6018
14256,6.6364
14257,7.6018
14258,7.6018
14259,7.5714
14260,7.6018
14261,6.6667
14262,9.0
14263,7.6018
14264,7.6018
14265,7.6018
14266,9.0811
14267,8.2353
14268,8.0
14269,7.4167
14270,7.2595
14271,7.6018
14272,7.1689
14273,6.8276
14274,8.0
14275,7.6018
14276,9.0
14277,8.5911
14278,7.6018
14279,5.3333
14280,6.0
14281,7.6018
14282,7.6018
14283,7.7857
14284,7.6018
14285,7.6018
14286,7.6018
14287,7.6018
14288,7.0
14289,7.6018
14290,7.6018
14291,7.6018
14292,6.6364
14293,7.6018
14294,7.0
14295,6.0714
14296,7.6018
14297,7.6667
14298,6.8571
14299,7.6018
14300,7.6018
14301,7.6018
14302,7.6018
14303,7.6018
14304,7.9577
14305,8.2
14306,7.0841
14307,7.6018
14308,7.5952
14309,7.0
14310,6.8889
14311,7.9143
14312,7.6018
14313,6.2
14314,9.0
14315,6.0226
14316,7.0
14317,7.2595
14318,5.2427
14319,7.6018
14320,7.6018
14321,8.48
14322,7.5472
14323,7.6018
14324,7.6018
14325,7.6018
14326,7.6018
14327,7.875
14328,7.75
14329,7.6018
14330,7.6018
14331,7.9
14332,7.3523
14333,7.6018
14334,6.5
14335,7.6018
14336,7.6018
14337,5.0
14338,8.8462
14339,7.9231
14340,7.5278
14341,7.5263
14342,8.7391
14343,5.0
14344,6.3333
14345,7.9947
14346,8.0882
14347,7.3793
14348,5.9375
14349,8.1875
14350,6.9583
14351,7.6018
14352,7.3796
14353,7.6018
14354,7.375
14355,7.6018
14356,8.0
14357,7.7449
14358,8.9286
14359,7.6018
14360,7.6018
14361,7.2595
14362,7.6018
14363,7.6018
14364,7.0909
14365,10.0
14366,7.2917
14367,8.3731
14368,7.5714
14369,7.6018
14370,7.0
14371,7.6018
14372,7.6018
14373,7.6018
14374,7.6018
14375,7.6018
14376,7.2595
14377,7.4074
14378,8.6546
14379,7.3523
14380,7.0
14381,7.6018
14382,7.6018
14383,7.6018
14384,7.8812
14385,7.6018
14386,7.6018
14387,7.6018
14388,7.2595
14389,7.6471
14390,7.9143
14391,8.2222
14392,8.8333
14393,8.1667
14394,7.6018
14395,6.5347
14396,8.8556
14397,8.3953
14398,7.6018
14399,7.2222
14400,6.0
14401,7.6018
14402,7.6018
14403,8.3953
14404,7.2595
14405,6.9688
14406,7.6018
14407,7.6018
14408,6.25
14409,7.6018
14410,7.6018
14411,7.6018
14412,7.6018
14413,7.6018
14414,7.6499
14415,7.6018
14416,7.0
14417,6.3333
14418,7.6018
14419,7.6018
14420,7.6087
14421,7.6018
14422,7.6018
14423,7.6429
14424,8.25
14425,7.6018
14426,7.2595
14427,5.9286
14428,5.0
14429,7.6018
14430,6.0
14431,7.1429
14432,7.6018
14433,7.6018
14434,6.0
14435,7.6018
14436,7.6018
14437,6.8377
14438,7.2222
14439,7.58
14440,8.5833
14441,6.8
14442,7.6018
14443,8.8757
14444,7.6018
14445,7.6018
14446,7.6018
14447,7.6018
14448,7.6018
14449,7.5926
14450,7.6018
14451,7.0577
14452,7.6897
14453,7.0
14454,8.0882
14455,6.6
14456,7.6018
14457,7.6018
14458,9.3455
14459,10.0
14460,6.8333
14461,7.6018
14462,6.3534
14463,6.0
14464,7.6018
14465,7.6018
14466,7.6018
14467,7.6018
14468,7.6018
14469,7.6018
14470,7.1689
14471,7.6018
14472,7.6018
14473,7.6018
14474,7.2595
14475,7.6018
14476,7.6018
14477,7.6018
14478,7.6018
14479,7.5
14480,8.8556
14481,7.6018
14482,7.6018
14483,9.6216
14484,7.6018
14485,7.6018
14486,7.6018
14487,6.0714
14488,8.25
14489,7.6018
14490,7.5
14491,7.2595
14492,7.6018
14493,9.0
14494,8.0
14495,8.2353
14496,7.5065
14497,7.6018
14498,7.6018
14499,8.1667
14500,7.6018
14501,7.3103
14502,8.1955
14503,7.6018
14504,8.3971
14505,7.6018
14506,9.5
14507,8.8
14508,8.8667
14509,7.2595
14510,7.6018
14511,8.3133
14512,7.6018
14513,7.6018
14514,7.6018
14515,7.8916
14516,7.6018
14517,5.0
14518,7.8
14519,7.6018
14520,7.6018
14521,7.2595
14522,7.75
14523,8.0
14524,9.75
14525,7.6018
14526,7.6018
14527,7.6018
14528,7.6018
14529,6.9375
14530,7.6018
14531,8.6829
14532,7.1689
14533,7.6018
14534,7.6018
14535,7.125
14536,8.0755
14537,7.6018
14538,8.8556
14539,7.6018
14540,6.5
14541,8.3143
14542,7.6018
14543,8.1955
14544,7.6018
14545,8.8188
14546,7.6018
14547,7.6018
14548,7.6018
14549,7.6018
14550,8.5
14551,7.4091
14552,7.6018
14553,7.6018
14554,7.6018
14555,7.6018
14556,9.2353
14557,9.0
14558,7.6018
14559,7.6018
14560,7.6018
14561,7.6018
14562,6.0303
14563,7.6018
14564,8.0
14565,7.6018
14566,7.6018
14567,5.25
14568,7.6018
14569,7.6018
14570,7.6018
14571,7.6018
14572,8.2222
14573,8.5014
14574,7.6018
14575,7.6018
14576,7.6018
14577,7.6018
14578,5.65
14579,7.625
14580,7.6018
14581,7.6018
14582,7.9947
14583,7.2595
14584,7.5751
14585,7.4
14586,7.9947
14587,7.6018
14588,7.6018
14589,10.0
14590,8.0
14591,7.9
14592,6.3514
14593,9.0
14594,8.2222
14595,6.3333
14596,8.75
14597,7.6018
14598,8.0385
14599,7.6018
14600,7.6018
14601,5.1355
14602,7.6018
14603,7.6018
14604,7.6018
14605,7.5505
14606,9.9643
14607,8.4646
14608,7.3846
14609,8.0
14610,8.9714
14611,6.6667
14612,7.815
14613,7.6018
14614,7.6018
14615,6.6667
14616,7.6018
14617,7.6018
14618,7.6018
14619,7.8916
14620,7.6018
14621,7.6018
14622,7.6018
14623,8.5036
14624,7.6018
14625,7.6018
14626,7.5333
14627,7.4074
14628,5.5
14629,7.6018
14630,7.6018
14631,7.828
14632,7.6018
14633,8.75
14634,7.6018
14635,7.5
14636,7.6018
14637,7.58
14638,7.6018
14639,7.8182
14640,10.0
14641,8.8
14642,7.6018
14643,8.0
14644,7.6018
14645,7.6364
14646,6.0
14647,7.6018
14648,8.4091
14649,7.6018
14650,7.6018
14651,7.6018
14652,7.6018
14653,7.6018
14654,7.913
14655,7.6018
14656,7.7009
14657,7.55
14658,7.6018
14659,8.16
14660,7.6018
14661,7.6018
14662,6.0588
14663,7.6018
14664,9.4632
14665,6.75
14666,7.6018
14667,7.6018
14668,6.7358
14669,7.6018
14670,6.8235
14671,6.0741
14672,8.1383
14673,7.6018
14674,7.6018
14675,7.6018
14676,8.069
14677,7.2258
14678,7.6018
14679,7.6018
14680,7.5065
14681,7.6018
14682,10.0
14683,7.6018
14684,7.6018
14685,7.6018
14686,7.6018
14687,8.25
14688,7.6018
14689,8.5036
14690,10.0
14691,8.122
14692,10.0
14693,7.6018
14694,7.0
14695,8.0
14696,5.875
14697,8.8556
14698,7.9091
14699,7.875
14700,9.5
14701,7.6018
14702,7.6018
14703,7.8431
14704,10.0
14705,7.6018
14706,7.7
14707,7.6018
14708,8.8556
14709,7.6018
14710,7.6018
14711,7.6018
14712,7.6018
14713,7.2595
14714,7.6018
14715,7.6018
14716,7.6018
14717,7.6018
14718,7.6667
14719,7.6018
14720,5.0
14721,7.6018
14722,7.918
14723,7.6018
14724,6.6214
14725,7.6018
14726,7.6018
14727,7.0
14728,7.6018
14729,7.6018
14730,7.6018
14731,7.6018
14732,7.6018
14733,7.1039
14734,7.6018
14735,8.8556
14736,7.8148
14737,7.6018
14738,8.1714
14739,7.2595
14740,8.8431
14741,7.6018
14742,7.6018
14743,7.6018
14744,7.6018
14745,7.4
14746,6.6842
14747,9.0262
14748,6.0
14749,7.6018
14750,6.0
14751,7.6018
14752,5.8154
14753,8.2353
14754,7.6018
14755,7.6018
14756,7.6018
14757,6.8499
14758,8.3649
14759,7.625
14760,6.0
14761,7.6018
14762,9.1667
14763,7.6018
14764,7.6018
14765,7.6018
14766,7.6018
14767,6.4375
14768,7.6018
14769,5.125
14770,7.6018
14771,7.6018
14772,6.6364
14773,7.6018
14774,6.25
14775,8.5753
14776,9.1373
14777,8.0625
14778,6.7403
14779,7.6018
14780,7.6018
14781,7.6018
14782,7.2595
14783,7.6018
14784,7.6018
14785,8.8556
14786,6.8689
14787,7.9375
14788,7.6018
14789,7.6018
14790,8.5875
14791,7.8333
14792,7.2595
14793,7.6018
14794,7.6018
14795,7.6018
14796,7.6018
14797,7.6018
14798,7.2243
14799,7.6018
14800,7.6018
14801,7.2083
14802,7.6018
14803,7.3796
14804,6.0
14805,7.6018
14806,7.6018
14807,7.6
14808,7.6018
14809,8.4423
14810,7.8
14811,7.6018
14812,7.6018
14813,8.1818
14814,7.6018
14815,7.2595
14816,8.0
14817,7.6018
14818,7.2595
14819,7.6018
14820,8.023
14821,7.3103
14822,6.5714
14823,9.1786
14824,7.6018
14825,8.7619
14826,7.6018
14827,5.5
14828,6.0
14829,7.6018
14830,7.6018
14831,3.0
14832,7.6018
14833,7.6018
14834,7.6018
14835,8.375
14836,6.8947
14837,7.3
14838,5.5401
14839,7.6018
14840,7.2857
14841,7.6018
14842,7.2595
14843,7.6018
14844,7.6018
14845,7.7236
14846,7.6018
14847,10.0
14848,8.2128
14849,7.6018
14850,8.5
14851,7.6018
14852,7.6018
14853,7.6018
14854,7.6018
14855,7.9677
14856,7.6018
14857,7.6018
14858,7.6018
14859,7.8594
14860,7.6018
14861,7.8125
14862,7.4583
14863,7.8552
14864,7.6018
14865,7.6018
14866,7.6018
14867,7.2595
14868,7.6018
14869,7.6018
14870,7.6018
14871,7.6018
14872,8.8556
14873,7.6018
14874,9.5179
14875,7.1053
14876,7.6018
14877,7.2595
14878,7.6018
14879,7.6018
14880,8.4825
14881,5.1355
14882,9.6216
14883,7.2595
14884,9.0
14885,7.6018
14886,7.1667
14887,7.6018
14888,6.5
14889,6.9375
14890,7.6018
14891,7.6018
14892,7.6018
14893,7.2595
14894,5.0
14895,9.6216
14896,7.6018
14897,7.6018
14898,7.6018
14899,6.6
14900,7.6018
14901,8.0
14902,7.6018
14903,7.3796
14904,6.3333
14905,7.6018
14906,8.1111
14907,8.1486
14908,9.3333
14909,8.8624
14910,7.7115
14911,7.6018
14912,7.6018
14913,7.6018
14914,7.6018
14915,8.5
14916,7.6018
14917,8.0455
14918,7.6018
14919,7.6018
14920,7.6018
14921,7.6018
14922,8.5
14923,5.0
14924,7.6018
14925,7.6018
14926,9.0227
14927,7.6018
14928,7.2
14929,9.2313
14930,7.6018
14931,8.5714
14932,7.6018
14933,7.4151
14934,7.0
14935,7.6018
14936,7.6018
14937,7.2909
14938,7.6018
14939,8.3333
14940,7.6018
14941,6.6667
14942,8.0179
14943,7.6018
14944,7.6018
14945,7.75
14946,8.8556
14947,7.6018
14948,7.3843
14949,7.6018
14950,9.1481
14951,7.6122
14952,7.6018
14953,7.6154
14954,7.6018
14955,6.7619
14956,7.9577
14957,7.0
14958,8.0
14959,7.6018
14960,7.1681
14961,7.5
14962,7.6018
14963,7.6018
14964,7.6018
14965,8.1852
14966,7.3973
14967,8.3636
14968,7.6018
14969,7.6018
14970,7.3523
14971,7.6018
14972,6.6214
14973,7.6018
14974,7.6018
14975,7.6667
14976,8.5
14977,9.0
14978,5.65
14979,7.6018
14980,8.1829
14981,7.0
14982,7.6018
14983,8.6667
14984,7.6018
14985,8.1111
14986,8.0
14987,8.8556
14988,7.1689
14989,7.6018
14990,7.6018
14991,8.5
14992,8.1136
14993,7.6018
14994,8.2778
14995,7.6018
14996,7.8824
14997,7.5065
14998,9.3333
14999,7.4151
15000,7.6364
15001,7.6018
15002,7.6018
15003,7.5185
15004,8.0
15005,7.6018
15006,7.6018
15007,7.2595
15008,7.6018
15009,8.1955
15010,7.6018
15011,7.6018
15012,6.4074
15013,7.6018
15014,5.2182
15015,8.2105
15016,7.6018
15017,7.6018
15018,7.4421
15019,7.3
15020,7.6
15021,7.3523
15022,5.6667
15023,9.1081
15024,7.814
15025,7.6018
15026,7.8636
15027,7.6018
15028,7.6018
15029,8.4
15030,7.6018
15031,7.6018
15032,7.6018
15033,8.3649
15034,7.2595
15035,6.1538
15036,7.6018
15037,7.6018
15038,7.0
15039,9.0
15040,7.3523
15041,8.0909
15042,7.6018
15043,7.6018
15044,7.7804
15045,7.6018
15046,8.0
15047,7.6018
15048,8.0
15049,7.375
15050,8.125
15051,7.6018
15052,7.6018
15053,7.6018
15054,8.2
15055,7.507
15056,6.0
15057,7.6018
15058,7.6667
15059,7.6018
15060,7.6018
15061,8.2105
15062,7.6018
15063,7.0
15064,7.6018
15065,7.2
15066,7.6018
15067,8.5
15068,7.6018
15069,7.7938
15070,7.6018
15071,7.6018
15072,7.6018
15073,7.6018
15074,7.6018
15075,6.25
15076,9.0
15077,7.1613
15078,7.6018
15079,5.9474
15080,7.5
15081,7.0
15082,7.6018
15083,7.6018
15084,7.6018
15085,7.6018
15086,9.4583
15087,7.74
15088,7.6018
15089,7.6018
15090,7.6018
15091,7.2308
15092,7.6018
15093,8.1617
15094,4.3333
15095,8.2523
15096,7.3745
15097,7.6018
15098,7.6018
15099,7.6018
15100,7.2595
15101,6.9091
15102,7.6018
15103,7.6018
15104,7.6018
15105,8.5667
15106,7.3158
15107,9.25
15108,7.6018
15109,7.6018
15110,7.9452
15111,7.0
15112,8.0
15113,8.541
15114,7.3
15115,7.6018
15116,7.6018
15117,7.6018
15118,7.6018
15119,5.875
15120,7.6018
15121,7.8333
15122,7.6018
15123,5.9091
15124,7.6018
15125,7.1689
15126,6.0667
15127,6.5
15128,7.6018
15129,7.6018
15130,7.6018
15131,7.2391
15132,8.0477
15133,7.6018
15134,7.6018
15135,7.6018
15136,7.6018
15137,7.6018
15138,7.6018
15139,7.6018
15140,7.6018
15141,7.96
15142,7.6018
15143,7.6018
15144,8.1111
15145,7.6018
15146,7.6018
15147,7.8
15148,7.5
15149,7.6018
15150,7.6018
15151,8.6
15152,7.6018
15153,7.6018
15154,7.6018
15155,9.4615
15156,7.6018
15157,7.6018
15158,7.1212
15159,7.6018
15160,7.6018
15161,7.815
15162,7.6018
15163,8.0426
15164,7.6018
15165,8.1887
15166,7.6018
15167,9.2857
15168,7.6018
15169,7.5278
15170,7.9577
15171,9.0
15172,7.6018
15173,7.6018
15174,7.6018
15175,7.6897
15176,7.6018
15177,7.6018
15178,7.6018
15179,10.0
15180,7.6018
15181,9.0
15182,7.6018
15183,7.6018
15184,7.3973
15185,9.6724
15186,7.6018
15187,10.0
15188,7.6018
15189,9.6216
15190,6.0226
15191,7.6018
15192,7.6018
15193,9.9643
15194,7.6018
15195,7.1689
15196,7.6018
15197,7.6018
15198,6.875
15199,7.6018
15200,4.2857
15201,6.0226
15202,7.6018
15203,6.75
15204,7.2595
15205,7.2595
15206,7.8
15207,7.6018
15208,7.6018
15209,8.0
15210,7.6018
15211,7.6018
15212,6.5429
15213,7.6018
15214,7.6018
15215,7.6018
15216,7.8087
15217,9.1429
15218,7.6018
15219,7.6018
15220,7.6018
15221,7.6018
15222,7.6018
15223,8.0
15224,8.5
15225,7.6018
15226,8.2222
15227,7.6018
15228,7.6018
15229,9.4058
15230,7.6018
15231,7.1463
15232,7.4167
15233,8.36
15234,6.5
15235,7.6018
15236,7.885
15237,9.8571
15238,7.8824
15239,6.4286
15240,7.2595
15241,7.6018
15242,7.6018
15243,7.6018
15244,7.7
15245,7.5816
15246,7.6018
15247,7.6018
15248,7.6018
15249,7.2909
15250,7.6018
15251,7.8824
15252,8.7903
15253,7.6018
15254,7.6018
15255,7.6018
15256,7.6018
15257,8.2109
15258,7.875
15259,7.7
15260,7.6018
15261,7.6018
15262,7.6018
15263,6.5
15264,6.8
15265,7.6018
15266,7.4074
15267,8.1918
15268,7.6018
15269,8.0
15270,8.6567
15271,7.6018
15272,7.6018
15273,7.6018
15274,8.375
15275,7.0
15276,7.6018
15277,7.6018
15278,7.6018
15279,7.6018
15280,7.6018
15281,6.5493
15282,7.6018
15283,7.6018
15284,7.6018
15285,8.2857
15286,7.3333
15287,6.8689
15288,7.0
15289,6.8
15290,8.2222
15291,7.6018
15292,7.2595
15293,7.6018
15294,7.6018
15295,7.6018
15296,7.6018
15297,7.6018
15298,7.2595
15299,7.6018
15300,7.2595
15301,9.1429
15302,7.6018
15303,7.6018
15304,7.6018
15305,8.2353
15306,7.4286
15307,8.8556
15308,7.6018
15309,7.6018
15310,7.6018
15311,7.6018
15312,8.5625
15313,6.8125
15314,7.9231
15315,7.6018
15316,6.375
15317,7.75
15318,7.6018
15319,6.6842
15320,7.6018
15321,6.1667
15322,7.2243
15323,7.6018
15324,7.6018
15325,7.6018
15326,9.0262
15327,5.3846
15328,7.6018
15329,7.6018
15330,5.98
15331,6.4
15332,7.6018
15333,6.9688
15334,7.6018
15335,9.4583
15336,7.6018
15337,9.28
15338,9.3832
15339,9.8571
15340,6.375
15341,7.6018
15342,7.6018
15343,7.6018
15344,7.5505
15345,7.1176
15346,7.6018
15347,4.0
15348,7.2595
15349,7.8333
15350,8.5753
15351,7.6018
15352,7.6018
15353,7.3103
15354,7.6018
15355,7.6
15356,7.6018
15357,7.6018
15358,7.2997
15359,7.6018
15360,7.6018
15361,7.0
15362,7.6018
15363,10.0
15364,7.6018
15365,8.0
15366,5.6667
15367,6.1667
15368,7.6018
15369,7.6018
15370,7.9286
15371,8.8556
15372,10.0
15373,7.6
15374,6.599
15375,7.6018
15376,8.6364
15377,5.0
15378,7.3148
15379,9.2
15380,7.6018
15381,7.6018
15382,9.0811
15383,7.1212
15384,7.069
15385,9.0
15386,7.3648
15387,7.6018
15388,7.6018
15389,7.6018
15390,8.3731
15391,6.125
15392,7.6018
15393,7.4
15394,9.1176
15395,7.6018
15396,7.6018
15397,7.6018
15398,7.6018
15399,9.0
15400,8.1818
15401,7.4194
15402,7.6018
15403,7.6018
15404,7.0
15405,8.5833
15406,7.6018
15407,7.6018
15408,7.2595
15409,8.8556
15410,6.9
15411,7.6018
15412,7.6018
15413,7.6018
15414,9.25
15415,8.3939
15416,6.7358
15417,7.6018
15418,9.2857
15419,7.6018
15420,8.7234
15421,7.6
15422,8.3913
15423,7.6018
15424,9.6073
15425,8.5036
15426,7.6714
15427,7.0
15428,7.0482
15429,8.3333
15430,7.4146
15431,7.2595
15432,8.1667
15433,7.6018
15434,7.828
15435,7.6667
15436,7.8182
15437,7.6018
15438,7.6018
15439,7.6018
15440,7.6018
15441,7.6018
15442,9.0
15443,7.6018
15444,7.6018
15445,7.6364
15446,7.6018
15447,7.6018
15448,7.3158
15449,7.6018
15450,7.6018
15451,7.6018
15452,7.9
15453,7.6018
15454,7.5938
15455,7.6667
15456,7.6018
15457,5.0752
15458,5.0752
15459,7.6018
15460,7.6018
15461,9.0
15462,7.6018
15463,7.6018
15464,9.3333
15465,6.7857
15466,9.8125
15467,7.6018
15468,8.25
15469,7.6018
15470,7.6018
15471,7.6018
15472,8.1765
15473,7.2595
15474,7.6018
15475,7.6018
15476,7.6018
15477,7.6018
15478,7.6018
15479,5.25
15480,7.6667
15481,9.125
15482,5.0
15483,7.5965
15484,9.0262
15485,7.6018
15486,6.0
15487,1.9828
15488,7.6018
15489,7.2903
15490,7.8966
15491,7.85
15492,7.6018
15493,8.2368
15494,7.6018
15495,7.9298
15496,7.6018
15497,7.6018
15498,7.6018
15499,6.0
15500,7.6018
15501,7.6018
15502,7.6018
15503,7.6018
15504,8.25
15505,2.7153
15506,7.9744
15507,6.0
15508,7.6018
15509,7.6018
15510,7.5333
15511,7.6018
15512,7.5574
15513,7.6018
15514,8.6719
15515,7.6018
15516,6.4654
15517,7.6018
15518,7.2595
15519,7.6018
15520,8.6567
15521,5.1355
15522,7.5
15523,7.6018
15524,7.6018
15525,8.7404
15526,8.5385
15527,7.6018
15528,7.6018
15529,7.6018
15530,7.6429
15531,7.6018
15532,6.4667
15533,7.6018
15534,7.6018
15535,6.25
15536,7.6018
15537,7.2595
15538,10.0
15539,7.5278
15540,6.3514
15541,5.5678
15542,6.0
15543,7.6018
15544,7.6018
15545,7.0
15546,5.65
15547,9.0262
15548,7.6018
15549,7.6018
15550,5.25
15551,7.6018
15552,5.8214
15553,7.6018
15554,6.7857
15555,7.8594
15556,7.6018
15557,8.3714
15558,7.6018
15559,7.6018
15560,7.6018
15561,6.7778
15562,8.1955
15563,7.6018
15564,5.9375
15565,8.0
15566,7.6018
15567,7.6018
15568,7.6018
15569,7.6018
15570,7.0
15571,7.6018
15572,7.0345
15573,9.0
15574,7.6018
15575,8.25
15576,7.6018
15577,7.9688
15578,7.6018
15579,8.1111
15580,7.6018
15581,7.6018
15582,7.6018
15583,7.6018
15584,8.0
15585,8.25
15586,8.5818
15587,8.7029
15588,8.5
15589,7.6018
15590,7.6018
15591,6.0
15592,7.2595
15593,8.7179
15594,7.6018
15595,8.0909
15596,7.0
15597,7.6018
15598,6.875
15599,7.0
15600,9.0
15601,7.6018
15602,7.6018
15603,7.6018
15604,7.2595
15605,7.814
15606,7.4211
15607,7.6018
15608,8.75
15609,7.6018
15610,8.7405
15611,8.6185
15612,9.5
15613,7.6018
15614,7.6018
15615,8.8556
15616,7.815
15617,7.6018
15618,7.6018
15619,7.6018
15620,6.0
15621,7.6018
15622,8.8556
15623,6.0
15624,8.8556
15625,7.6018
15626,7.6018
15627,7.6018
15628,9.0
15629,7.6018
15630,7.6018
15631,8.2353
15632,7.6018
15633,7.6018
15634,2.0
15635,7.6018
15636,7.2595
15637,9.5905
15638,8.2078
15639,7.6018
15640,10.0
15641,8.1955
15642,8.1818
15643,6.6
15644,8.7404
15645,7.6018
15646,7.6018
15647,7.5431
15648,8.4091
15649,7.6018
15650,7.6018
15651,7.6018
15652,7.6018
15653,8.8556
15654,7.3523
15655,8.0
15656,7.4151
15657,8.5714
15658,8.2676
15659,7.1689
15660,7.6018
15661,7.6018
15662,7.6018
15663,9.375
15664,8.2109
15665,7.6018
15666,7.45
15667,7.6018
15668,7.6018
15669,7.84
15670,7.6018
15671,9.3832
15672,8.2222
15673,8.418
15674,7.6018
15675,7.6018
15676,7.2243
15677,7.6018
15678,7.6018
15679,7.3523
15680,7.2857
15681,9.0262
15682,7.0
15683,8.5
15684,7.6018
15685,4.0
15686,7.6268
15687,8.2764
15688,8.0354
15689,5.65
15690,7.1818
15691,7.2143
15692,7.6018
15693,7.6018
15694,7.2595
15695,7.6018
15696,7.6018
15697,7.85
15698,7.6018
15699,7.6018
15700,5.0
15701,7.6018
15702,8.3636
15703,8.2222
15704,8.9663
15705,7.6018
15706,7.5833
15707,7.6018
15708,7.6018
15709,7.6018
15710,7.6018
15711,7.6018
15712,5.2086
15713,7.5333
15714,7.6018
15715,10.0
15716,7.6018
15717,7.6018
15718,7.5278
15719,6.7273
15720,7.6018
15721,7.6018
15722,7.5
15723,7.2595
15724,5.0
15725,6.2001
15726,8.8556
15727,7.6018
15728,7.6018
15729,7.6018
15730,7.2857
15731,9.0
15732,7.6
15733,7.6018
15734,8.2857
15735,7.3523
15736,7.6667
15737,7.6018
15738,8.3333
15739,7.6018
15740,7.3792
15741,8.0755
15742,7.6018
15743,7.6018
15744,8.5556
15745,6.3333
15746,7.6018
15747,5.0
15748,7.6018
15749,7.6018
15750,7.6018
15751,7.6018
15752,8.4563
15753,7.6018
15754,7.6018
15755,7.6018
15756,7.4824
15757,5.9286
15758,7.4118
15759,4.5455
15760,7.6018
15761,7.6018
15762,7.6018
15763,7.5952
15764,7.8314
15765,7.6018
15766,5.5401
15767,6.2109
15768,6.4545
15769,8.8556
15770,4.7408
15771,7.5505
15772,7.6018
15773,7.125
15774,7.6667
15775,7.6018
15776,7.6018
15777,7.5
15778,7.6018
15779,7.6018
15780,7.6018
15781,7.2595
15782,8.8556
15783,7.6018
15784,6.1111
15785,7.6018
15786,7.9667
15787,7.6018
15788,7.6018
15789,7.6018
15790,7.6018
15791,7.2595
15792,7.3523
15793,7.6018
15794,7.6018
15795,7.7105
15796,6.2143
15797,7.6018
15798,8.45
15799,7.6018
15800,7.6018
15801,7.6018
15802,7.6018
15803,7.6018
15804,7.6018
15805,7.6018
15806,7.6018
15807,7.6018
15808,10.0
15809,7.6018
15810,7.6018
15811,8.0
15812,7.0
15813,7.6018
15814,9.0701
15815,8.8556
15816,7.6018
15817,7.3333
15818,8.8556
15819,7.6018
15820,7.4074
15821,7.5
15822,8.1136
15823,7.6018
15824,7.6018
15825,7.6018
15826,5.4
15827,8.6667
15828,7.6018
15829,7.6018
15830,8.8958
15831,7.7009
15832,7.6018
15833,8.1471
15834,7.6018
15835,7.6018
15836,7.0714
15837,7.6018
15838,7.6018
15839,8.4
15840,8.1486
15841,7.9947
15842,7.6018
15843,7.6018
15844,8.8302
15845,8.6454
15846,7.6018
15847,7.6018
15848,7.6018
15849,7.4688
15850,8.6567
15851,7.6018
15852,7.4583
15853,7.6018
15854,7.6018
15855,7.6018
15856,6.7143
15857,6.0741
15858,7.75
15859,7.6018
15860,7.3462
15861,7.0
15862,7.6018
15863,7.3846
15864,8.0455
15865,7.6018
15866,7.6018
15867,8.3778
15868,8.4182
15869,7.6018
15870,7.6018
15871,7.6018
15872,10.0
15873,7.1429
15874,8.873
15875,6.7
15876,7.6018
15877,7.6018
15878,7.6018
15879,7.6018
15880,7.5185
15881,6.9417
15882,7.6018
15883,6.8333
15884,4.0
15885,7.6018
15886,8.42
15887,7.2595
15888,7.6562
15889,7.6018
15890,7.6018
15891,7.9
15892,7.6018
15893,7.6018
15894,7.6018
15895,7.3333
15896,6.9294
15897,7.6944
15898,7.6018
15899,7.6018
15900,7.6018
15901,8.5
15902,7.1667
15903,7.6018
15904,7.6018
15905,8.0
15906,7.6018
15907,7.6018
15908,7.6018
15909,6.0
15910,8.8333
15911,7.53
15912,7.5833
15913,7.2243
15914,7.6268
15915,7.6018
15916,8.0
15917,5.5401
15918,8.2857
15919,7.6018
15920,7.6018
15921,9.3455
15922,7.6018
15923,7.8
15924,7.6018
15925,7.6018
15926,8.5036
15927,9.6667
15928,7.7826
15929,6.7358
15930,8.4286
15931,7.0
15932,8.1136
15933,5.6667
15934,8.3333
15935,7.6018
15936,7.6018
15937,8.1486
15938,5.0
15939,9.4841
15940,7.6018
15941,7.2595
15942,7.6018
15943,7.6018
15944,7.6018
15945,8.7029
15946,7.6018
15947,7.6018
15948,7.6018
15949,9.0262
15950,9.134
15951,8.6567
15952,6.6522
15953,7.6018
15954,6.6667
15955,7.6018
15956,7.6018
15957,7.1689
15958,7.6018
15959,7.6018
15960,7.6018
15961,7.6018
15962,7.5
15963,9.125
15964,7.7692
15965,7.7236
15966,7.6018
15967,6.8889
15968,8.6667
15969,6.6842
15970,8.8571
15971,7.0
15972,5.5
15973,5.4074
15974,9.16
15975,7.6018
15976,7.6018
15977,7.6018
15978,8.6842
15979,7.5
15980,7.8
15981,7.6018
15982,7.6018
15983,8.0
15984,8.1579
15985,7.6018
15986,7.5952
15987,7.6018
15988,7.8889
15989,8.5133
15990,7.0345
15991,9.3158
15992,6.9259
15993,7.6018
15994,7.6018
15995,7.6018
15996,7.6018
15997,7.5
15998,7.6018
15999,7.6018
16000,7.6018
16001,7.6018
16002,7.6018
16003,6.2381
16004,7.6018
16005,8.2764
16006,6.875
16007,7.2595
16008,9.2222
16009,7.6018
16010,7.1667
16011,7.6018
16012,5.9825
16013,8.7937
16014,8.5031
16015,7.6018
16016,7.7037
16017,7.6018
16018,7.6018
16019,7.6018
16020,9.0
16021,6.9333
16022,7.2595
16023,7.6018
16024,7.6018
16025,6.5429
16026,7.6018
16027,7.828
16028,7.6018
16029,8.2353
16030,7.6018
16031,8.9403
16032,7.6018
16033,7.7762
16034,7.3523
16035,6.0
16036,8.0
16037,7.6018
16038,7.6018
16039,7.0
16040,7.8
16041,7.6018
16042,7.6018
16043,7.2595
16044,7.6018
16045,9.818
16046,8.3333
16047,5.5881
16048,6.1
16049,6.1667
16050,7.2595
16051,7.0
16052,7.4824
16053,7.6018
16054,8.3333
16055,7.6018
16056,7.6018
16057,7.6018
16058,6.7
16059,7.6018
16060,5.9286
16061,8.5833
16062,6.2623
16063,8.5
16064,7.2595
16065,7.6018
16066,7.6667
16067,7.6018
16068,6.6214
16069,7.6018
16070,7.6018
16071,7.6018
16072,6.5
16073,7.6018
16074,7.0818
16075,8.0755
16076,7.6018
16077,7.5
16078,7.6018
16079,7.6018
16080,7.6018
16081,7.6018
16082,8.1976
16083,7.6018
16084,7.2595
16085,9.0
16086,7.6018
16087,7.6018
16088,7.6018
16089,7.6018
16090,9.375
16091,7.6018
16092,7.6018
16093,7.6018
16094,8.122
16095,7.6018
16096,7.6018
16097,8.2174
16098,8.5769
16099,8.3939
16100,7.6018
16101,7.0
16102,7.6018
16103,7.6018
16104,7.2595
16105,6.9743
16106,7.6018
16107,6.5
16108,7.6018
16109,7.6018
16110,4.6225
16111,7.6018
16112,7.5311
16113,7.6018
16114,7.6018
16115,7.6018
16116,7.6018
16117,8.9655
16118,7.6018
16119,7.5065
16120,7.6018
16121,5.0
16122,8.6645
16123,7.2595
16124,7.6018
16125,7.6018
16126,7.6268
16127,7.6018
16128,7.6018
16129,7.0
16130,7.6018
16131,9.1304
16132,6.0
16133,8.5714
16134,7.6018
16135,8.8419
16136,6.3724
16137,6.5
16138,7.6018
16139,8.2222
16140,8.9774
16141,7.6018
16142,8.5
16143,7.6018
16144,7.6268
16145,7.6018
16146,7.6018
16147,6.3
16148,7.6018
16149,7.6018
16150,7.76
16151,7.6018
16152,6.9737
16153,8.3143
16154,7.6018
16155,9.0
16156,7.6018
16157,7.2595
16158,7.6018
16159,7.6018
16160,7.6018
16161,7.6018
16162,4.7059
16163,7.6018
16164,7.6018
16165,7.6018
16166,7.6018
16167,7.9577
16168,7.6018
16169,8.0385
16170,7.6018
16171,7.6018
16172,7.6667
16173,7.6018
16174,8.8556
16175,7.6018
16176,7.6018
16177,9.3333
16178,7.5968
16179,5.0
16180,7.9947
16181,9.0
16182,9.3662
16183,7.6667
16184,7.6018
16185,7.6018
16186,6.8
16187,7.6018
16188,8.0
16189,7.6018
16190,7.6018
16191,7.6018
16192,7.6018
16193,7.6018
16194,9.6667
16195,7.5
16196,7.6018
16197,7.6018
16198,7.2595
16199,7.6018
16200,7.6018
16201,6.5
16202,7.5952
16203,7.5574
16204,7.8
16205,8.0
16206,7.8862
16207,7.5
16208,7.6018
16209,7.6018
16210,7.1998
16211,5.0
16212,3.0
16213,7.6018
16214,5.5
16215,7.6018
16216,7.6018
16217,7.5
16218,7.6018
16219,7.6018
16220,7.2595
16221,7.6018
16222,7.8182
16223,7.0
16224,7.6018
16225,7.6838
16226,8.1471
16227,7.6018
16228,7.6018
16229,8.0
16230,7.6018
16231,7.6018
16232,7.0
16233,6.5
16234,6.3333
16235,7.6018
16236,7.6018
16237,7.6018
16238,7.6018
16239,8.0755
16240,8.0909
16241,7.6018
16242,7.6018
16243,8.0
16244,7.6923
16245,7.6018
16246,7.6018
16247,7.3343
16248,7.6667
16249,7.4339
16250,7.6018
16251,5.6185
16252,7.0
16253,10.0
16254,7.6018
16255,7.3514
16256,7.6018
16257,7.6018
16258,7.6018
16259,7.6018
16260,7.4074
16261,8.0588
16262,7.6018
16263,7.6018
16264,7.6018
16265,5.0
16266,7.0
16267,7.0625
16268,9.0
16269,7.2595
16270,7.6018
16271,8.3953
16272,8.5
16273,8.0
16274,7.6018
16275,7.6018
16276,7.8966
16277,7.0769
16278,7.6018
16279,7.6018
16280,7.6018
16281,7.6018
16282,8.9403
16283,7.5476
16284,5.5833
16285,7.6018
16286,7.6018
16287,5.25
16288,6.0
16289,7.6667
16290,8.539
16291,7.6018
16292,7.2595
16293,8.8556
16294,7.6018
16295,7.6018
16296,8.0
16297,7.5714
16298,7.6018
16299,6.0
16300,8.0
16301,7.5882
16302,7.6018
16303,7.6018
16304,8.3382
16305,7.6018
16306,7.125
16307,7.125
16308,8.58
16309,7.2595
16310,7.6018
16311,7.6018
16312,7.6018
16313,7.6018
16314,7.6018
16315,8.3731
16316,9.6216
16317,7.6018
16318,7.6018
16319,7.6018
16320,7.6018
16321,7.0
16322,8.375
16323,5.0
16324,7.6018
16325,7.6018
16326,7.6018
16327,7.6018
16328,7.6018
16329,7.6018
16330,6.3786
16331,6.5
16332,7.6018
16333,7.6018
16334,7.6018
16335,6.5
16336,8.2764
16337,10.0
16338,7.2143
16339,7.6018
16340,7.5065
16341,7.6018
16342,6.875
16343,7.6018
16344,7.6018
16345,7.5505
16346,7.0
16347,5.7143
16348,9.4878
16349,5.3333
16350,7.6018
16351,7.6018
16352,7.6018
16353,8.2692
16354,7.6018
16355,7.6018
16356,7.6018
16357,6.7129
16358,7.6018
16359,6.0
16360,7.6018
16361,7.6018
16362,7.6018
16363,7.6018
16364,7.6018
16365,7.6018
16366,7.6018
16367,7.6018
16368,7.6018
16369,7.6018
16370,9.0262
16371,7.5
16372,7.6018
16373,7.6018
16374,7.6018
16375,7.6018
16376,5.8604
16377,7.6018
16378,7.6018
16379,7.6018
16380,7.0
16381,7.6018
16382,7.8571
16383,7.6018
16384,7.2595
16385,8.5823
16386,7.6018
16387,7.1429
16388,7.6018
16389,7.6018
16390,8.8556
16391,7.6018
16392,7.6018
16393,7.6018
16394,10.0
16395,7.6018
16396,7.8008
16397,7.6018
16398,7.6018
16399,7.6018
16400,7.3077
16401,7.2595
16402,6.7778
16403,6.875
16404,7.6018
16405,9.6111
16406,7.5599
16407,7.6018
16408,7.6018
16409,7.7727
16410,9.1176
16411,7.6018
16412,7.6018
16413,7.6018
16414,7.6018
16415,7.0
16416,7.6018
16417,8.8556
16418,7.6018
16419,7.5314
16420,7.1996
16421,7.1282
16422,6.5333
16423,7.2595
16424,7.6018
16425,7.6018
16426,4.75
16427,7.6018
16428,7.6018
16429,7.6018
16430,7.6018
16431,7.6018
16432,8.283
16433,7.7273
16434,7.6018
16435,7.2
16436,7.5
16437,7.6
16438,9.0299
16439,7.6018
16440,6.25
16441,7.1579
16442,8.1852
16443,7.6018
16444,7.6018
16445,8.0
16446,8.7091
16447,7.6018
16448,7.6018
16449,8.9403
16450,8.5
16451,7.6018
16452,7.6018
16453,7.6018
16454,7.6018
16455,6.4074
16456,8.8556
16457,7.6018
16458,7.4483
16459,7.6018
16460,7.6018
16461,5.3333
16462,7.6018
16463,7.6667
16464,7.2595
16465,7.6018
16466,7.6018
16467,7.6018
16468,8.8556
16469,8.0658
16470,7.2595
16471,7.6018
16472,7.6018
16473,5.0
16474,8.2368
16475,7.6018
16476,7.6018
16477,7.6018
16478,7.6018
16479,7.6018
16480,8.8387
16481,8.8556
16482,6.5
16483,7.6018
16484,8.25
16485,9.2
16486,7.6018
16487,7.6018
16488,7.6018
16489,7.0
16490,7.6018
16491,7.6018
16492,7.6018
16493,7.828
16494,8.6667
16495,7.6018
16496,8.0
16497,7.9973
16498,7.6018
16499,7.6018
16500,7.6018
16501,7.6018
16502,7.6018
16503,7.5862
16504,7.3514
16505,7.2595
16506,8.3333
16507,7.6018
16508,7.6018
16509,7.6018
16510,7.6018
16511,8.8431
16512,8.9905
16513,7.6018
16514,9.6795
16515,7.6018
16516,7.6018
16517,7.6667
16518,7.6018
16519,5.3636
16520,7.6018
16521,8.6842
16522,7.2595
16523,7.6018
16524,7.2595
16525,8.1389
16526,7.0
16527,7.6018
16528,8.3333
16529,7.6018
16530,7.5862
16531,7.8333
16532,9.25
16533,7.6018
16534,7.8
16535,7.4421
16536,7.9947
16537,7.6018
16538,7.6018
16539,7.3523
16540,7.6018
16541,7.6018
16542,7.5714
16543,9.4878
16544,7.6018
16545,7.6018
16546,7.6018
16547,8.0
16548,9.6216
16549,6.9749
16550,7.5
16551,7.2595
16552,7.6018
16553,7.6018
16554,8.8
16555,9.0
16556,6.8857
16557,7.6018
16558,7.55
16559,7.0
16560,8.8556
16561,7.5
16562,8.2019
16563,7.6018
16564,7.6018
16565,5.8333
16566,7.6018
16567,9.1333
16568,5.1355
16569,7.6018
16570,6.0
16571,7.2243
16572,5.0752
16573,6.6667
16574,7.3333
16575,6.7143
16576,7.6018
16577,7.6018
16578,7.6018
16579,7.6018
16580,7.2857
16581,8.5165
16582,7.6018
16583,7.6018
16584,7.6018
16585,7.0769
16586,8.0
16587,7.6018
16588,8.6404
16589,7.6018
16590,7.6018
16591,7.9412
16592,7.6018
16593,7.6018
16594,7.6018
16595,7.6018
16596,7.6018
16597,7.6018
16598,7.087
16599,7.7894
16600,7.6018
16601,7.6018
16602,6.0
16603,7.6018
16604,8.0
16605,7.6018
16606,8.3731
16607,7.6018
16608,7.6144
16609,7.2595
16610,8.5875
16611,7.5
16612,7.6018
16613,8.7029
16614,5.6667
16615,7.2595
16616,7.6018
16617,7.1258
16618,7.7236
16619,7.6018
16620,7.6018
16621,7.6018
16622,7.6018
16623,8.8296
16624,7.8
16625,8.8333
16626,7.6018
16627,8.1579
16628,9.0
16629,10.0
16630,7.6018
16631,5.8214
16632,8.6579
16633,7.5
16634,8.0
16635,7.6667
16636,7.6018
16637,7.0
16638,7.6018
16639,8.1111
16640,5.8214
16641,7.6018
16642,7.0
16643,7.5
16644,7.6018
16645,8.3444
16646,7.0909
16647,7.6
16648,7.6018
16649,6.6667
16650,7.2595
16651,7.6018
16652,7.6018
16653,7.6018
16654,7.6018
16655,6.25
16656,7.0
16657,7.6018
16658,8.4286
16659,7.6018
16660,9.0
16661,7.5
16662,7.6018
16663,7.6018
16664,7.6667
16665,7.6018
16666,7.6667
16667,7.7
16668,7.6018
16669,5.7059
16670,7.6714
16671,7.6018
16672,9.0
16673,7.6018
16674,7.6018
16675,8.0
16676,7.6018
16677,7.6018
16678,10.0
16679,7.6018
16680,7.6018
16681,7.6897
16682,7.6018
16683,8.4
16684,7.6018
16685,9.3333
16686,7.2595
16687,7.6018
16688,7.3523
16689,7.6018
16690,7.3846
16691,8.0385
16692,7.2917
16693,8.7091
16694,6.6
16695,7.6018
16696,7.9
16697,8.8556
16698,7.4497
16699,7.6018
16700,9.0
16701,7.6018
16702,8.6667
16703,7.8333
16704,7.6018
16705,7.0
16706,7.6018
16707,7.6018
16708,8.5
16709,8.0181
16710,7.6018
16711,7.6018
16712,5.0752
16713,7.6018
16714,7.6018
16715,7.6018
16716,7.9494
16717,7.6018
16718,7.6018
16719,7.2595
16720,6.0226
16721,8.8556
16722,8.0
16723,7.6018
16724,7.6018
16725,7.6018
16726,6.25
16727,7.6018
16728,8.5627
16729,7.6018
16730,5.1385
16731,7.6018
16732,7.6018
16733,7.58
16734,7.6018
16735,7.6
16736,7.6018
16737,8.4444
16738,7.6018
16739,7.6018
16740,7.6018
16741,7.6018
16742,8.92
16743,7.9273
16744,7.6018
16745,7.6018
16746,7.6018
16747,9.6667
16748,7.6018
16749,8.5714
16750,7.6018
16751,7.6018
16752,7.6018
16753,8.8556
16754,7.6018
16755,7.5455
16756,7.2846
16757,7.6018
16758,7.6897
16759,7.6018
16760,7.2595
16761,8.1852
16762,7.6018
16763,6.5
16764,7.6018
16765,7.0
16766,7.9091
16767,6.0226
16768,7.9559
16769,7.6018
16770,8.0
16771,7.3333
16772,7.5
16773,7.6018
16774,8.3333
16775,9.7907
16776,7.6018
16777,7.6018
16778,9.2389
16779,7.6018
16780,7.6018
16781,5.0752
16782,7.6018
16783,5.5385
16784,7.4
16785,8.7048
16786,7.6018
16787,7.6018
16788,5.5
16789,4.0
16790,6.6154
16791,7.6018
16792,6.0
16793,7.6018
16794,9.4632
16795,7.6018
16796,7.6018
16797,7.6018
16798,7.6018
16799,7.25
16800,7.6018
16801,7.6018
16802,9.6
16803,8.8556
16804,7.6018
16805,7.6018
16806,7.6018
16807,8.6667
16808,7.6018
16809,7.2595
16810,6.9091
16811,7.6018
16812,7.2595
16813,8.8889
16814,7.0
16815,4.9167
16816,8.4906
16817,7.6018
16818,7.6018
16819,5.75
16820,6.5
16821,7.6018
16822,7.6018
16823,7.6018
16824,7.6018
16825,10.0
16826,7.6018
16827,9.125
16828,7.6018
16829,8.2222
16830,7.6018
16831,7.6018
16832,7.6018
16833,7.375
16834,7.2857
16835,8.8824
16836,7.9672
16837,8.7222
16838,8.7234
16839,7.5882
16840,7.6018
16841,10.0
16842,7.4326
16843,7.6667
16844,5.25
16845,7.0
16846,7.6018
16847,7.8889
16848,7.6018
16849,7.6018
16850,7.4746
16851,6.375
16852,7.5257
16853,6.9667
16854,7.6018
16855,7.6018
16856,7.6018
16857,8.2857
16858,9.0227
16859,7.6018
16860,7.5339
16861,7.6018
16862,7.7188
16863,7.6018
16864,7.6018
16865,7.8
16866,7.6018
16867,10.0
16868,7.6018
16869,7.3462
16870,7.6018
16871,7.5862
16872,8.7778
16873,7.2595
16874,7.6018
16875,7.6018
16876,7.6018
16877,7.6018
16878,7.6018
16879,7.6018
16880,7.6018
16881,7.6018
16882,7.6018
16883,7.9
16884,8.1111
16885,7.6667
16886,8.7143
16887,7.9091
16888,7.6018
16889,7.6018
16890,7.6018
16891,7.6018
16892,7.0
16893,7.6018
16894,7.6018
16895,7.1022
16896,7.6018
16897,7.6018
16898,7.6018
16899,7.6018
16900,7.6018
16901,7.6018
16902,7.6018
16903,7.6018
16904,7.6018
16905,8.0755
16906,6.6214
16907,7.25
16908,7.6018
16909,7.2143
16910,6.8333
16911,7.6018
16912,6.2222
16913,8.3571
16914,7.6018
16915,7.6018
16916,7.0
16917,7.6018
16918,7.6018
16919,8.75
16920,7.6018
16921,7.6018
16922,6.0303
16923,7.2595
16924,7.6018
16925,6.4118
16926,7.6018
16927,7.6714
16928,7.8598
16929,7.6018
16930,7.6018
16931,7.9688
16932,7.6018
16933,5.65
16934,6.9375
16935,7.6018
16936,7.2595
16937,7.2595
16938,7.6018
16939,7.6018
16940,7.069
16941,7.6018
16942,7.6018
16943,7.6018
16944,7.6018
16945,5.9091
16946,7.6018
16947,8.5343
16948,8.0426
16949,8.8556
16950,7.6018
16951,8.8556
16952,6.75
16953,7.0
16954,7.2595
16955,6.8621
16956,7.6018
16957,7.6018
16958,6.6621
16959,7.6018
16960,7.6018
16961,6.0
16962,3.0
16963,7.6018
16964,7.0
16965,7.6018
16966,7.6018
16967,6.7
16968,9.0
16969,6.0
16970,8.5039
16971,7.6018
16972,6.0
16973,8.3077
16974,6.1013
16975,8.6316
16976,8.9536
16977,7.6018
16978,8.0
16979,9.5
16980,7.6018
16981,6.3333
16982,7.6018
16983,6.2617
16984,6.0
16985,7.2595
16986,7.6018
16987,7.815
16988,7.6018
16989,7.6575
16990,7.6018
16991,7.6018
16992,7.6018
16993,6.6667
16994,7.4865
16995,8.0952
16996,7.5
16997,6.875
16998,7.125
16999,9.1667
17000,7.6018
17001,8.2109
17002,7.6018
17003,8.3333
17004,7.6018
17005,7.7037
17006,7.6018
17007,7.6018
17008,7.6018
17009,8.5294
17010,8.3953
17011,7.6018
17012,7.6018
17013,7.5472
17014,7.6018
17015,7.6018
17016,7.6018
17017,7.6018
17018,6.7917
17019,7.6018
17020,8.8333
17021,7.6018
17022,7.0492
17023,7.9577
17024,9.1481
17025,7.2
17026,7.6018
17027,6.9201
17028,7.4118
17029,7.6018
17030,8.9444
17031,7.6018
17032,5.9091
17033,8.25
17034,7.6018
17035,7.6018
17036,7.6018
17037,8.0
17038,7.6018
17039,7.6018
17040,7.375
17041,7.6018
17042,7.6018
17043,6.8125
17044,4.096
17045,7.6018
17046,6.7809
17047,6.4
17048,7.6018
17049,7.6018
17050,7.6018
17051,8.7048
17052,7.6018
17053,8.375
17054,10.0
17055,7.1039
17056,8.1111
17057,7.6018
17058,7.6018
17059,7.6018
17060,7.5574
17061,6.1826
17062,6.9091
17063,7.6018
17064,7.6018
17065,8.75
17066,6.5
17067,7.25
17068,8.375
17069,7.6018
17070,7.1039
17071,8.45
17072,7.6018
17073,7.2595
17074,8.8556
17075,6.5
17076,8.2222
17077,8.7091
17078,7.6018
17079,7.2595
17080,7.6018
17081,7.6018
17082,7.6018
17083,7.0
17084,7.2595
17085,7.6018
17086,7.6018
17087,6.7857
17088,5.1355
17089,6.8125
17090,6.2306
17091,7.1429
17092,7.4545
17093,8.6
17094,7.6018
17095,7.6018
17096,7.6018
17097,7.6018
17098,5.0752
17099,7.6018
17100,7.6018
17101,7.6018
17102,7.6018
17103,7.6018
17104,7.6018
17105,7.8431
17106,8.25
17107,7.4339
17108,9.125
17109,7.2846
17110,5.0
17111,7.6018
17112,7.6018
17113,7.6018
17114,7.6018
17115,7.6018
17116,7.6018
17117,7.4828
17118,7.6018
17119,7.4052
17120,5.5
17121,7.6018
17122,6.0
17123,7.2528
17124,9.6216
17125,8.5556
17126,7.6018
17127,7.6018
17128,8.5
17129,6.3333
17130,9.4878
17131,8.9091
17132,6.0
17133,7.6018
17134,5.888
17135,7.6018
17136,7.6018
17137,7.6018
17138,8.1875
17139,7.6018
17140,7.2595
17141,7.6018
17142,7.6018
17143,7.6018
17144,5.1
17145,7.6018
17146,7.6018
17147,7.6667
17148,7.4167
17149,7.6018
17150,8.375
17151,8.92
17152,7.2595
17153,7.5652
17154,7.6018
17155,7.6018
17156,7.6018
17157,7.75
17158,7.1053
17159,7.6018
17160,7.6018
17161,7.6018
17162,7.7009
17163,7.8941
17164,5.0
17165,7.6018
17166,7.6018
17167,7.6018
17168,7.6018
17169,7.6018
17170,8.0
17171,8.88
17172,7.6018
17173,7.6018
17174,7.6018
17175,8.8333
17176,7.6018
17177,7.6018
17178,7.6018
17179,8.4286
17180,7.6018
17181,7.6018
17182,7.2595
17183,7.6018
17184,7.4848
17185,8.0417
17186,7.6018
17187,10.0
17188,7.8
17189,7.6018
17190,7.6018
17191,7.6018
17192,8.0766
17193,7.6018
17194,8.1905
17195,7.9206
17196,7.0909
17197,9.0
17198,7.9231
17199,8.0625
17200,8.75
17201,7.6061
17202,7.6018
17203,6.7403
17204,7.125
17205,7.6018
17206,7.6018
17207,7.6018
17208,9.0
17209,7.6018
17210,7.6018
17211,7.6018
17212,8.1429
17213,7.6018
17214,7.2595
17215,7.4146
17216,7.6018
17217,7.6018
17218,7.6018
17219,8.2
17220,7.2595
17221,8.75
17222,7.2857
17223,7.6018
17224,7.6018
17225,7.9667
17226,6.2308
17227,6.6
17228,7.6018
17229,7.6018
17230,7.2595
17231,7.6018
17232,7.2
17233,7.6018
17234,9.6139
17235,6.2857
17236,7.6018
17237,7.0
17238,6.5
17239,8.2368
17240,7.5476
17241,7.9744
17242,9.075
17243,7.6018
17244,7.6018
17245,6.3889
17246,7.6018
17247,7.0
17248,7.8824
17249,7.2595
17250,7.6018
17251,7.6018
17252,4.5683
17253,7.9
17254,7.8667
17255,5.5401
17256,8.0455
17257,7.6018
17258,7.6018
17259,7.5
17260,8.2857
17261,7.9286
17262,8.28
17263,7.6018
17264,7.6018
17265,8.0882
17266,6.6757
17267,6.3889
17268,10.0
17269,7.6018
17270,7.0
17271,7.6018
17272,8.4444
17273,7.6018
17274,10.0
17275,6.0
17276,8.1928
17277,7.0
17278,7.6018
17279,7.2595
17280,7.6018
17281,7.2595
17282,8.3333
17283,7.25
17284,7.6018
17285,7.6018
17286,6.9259
17287,7.6018
17288,7.6018
17289,6.8
17290,7.6018
17291,8.0
17292,7.1667
17293,8.7778
17294,7.6018
17295,4.7733
17296,7.3514
17297,7.0345
17298,6.0929
17299,7.6018
17300,7.6018
17301,7.6667
17302,7.6018
17303,7.0882
17304,8.8556
17305,8.5455
17306,8.7404
17307,7.6018
17308,4.0
17309,7.6018
17310,7.2595
17311,7.0577
17312,7.6018
17313,7.6018
17314,6.25
17315,6.4474
17316,10.0
17317,7.5714
17318,9.0
17319,7.6018
17320,8.9655
17321,8.0333
17322,6.4167
17323,7.6018
17324,7.6018
17325,7.6018
17326,8.0
17327,7.2595
17328,9.5031
17329,7.6018
17330,8.3731
17331,8.4634
17332,7.8361
17333,7.6018
17334,7.6018
17335,7.6018
17336,7.6018
17337,7.6018
17338,7.6018
17339,6.6522
17340,6.0
17341,7.6018
17342,6.7328
17343,7.1944
17344,7.6018
17345,8.3971
17346,7.6018
17347,7.6018
17348,7.6018
17349,7.1
17350,7.6018
17351,9.6814
17352,6.6
17353,7.6018
17354,7.4146
17355,7.6018
17356,8.4091
17357,7.6018
17358,7.4688
17359,7.6018
17360,7.6018
17361,7.6018
17362,8.0
17363,7.6018
17364,7.9565
17365,7.1689
17366,8.5
17367,8.0
17368,7.6018
17369,7.6018
17370,7.6018
17371,7.5476
17372,6.5
17373,8.2353
17374,7.4167
17375,7.6018
17376,7.6018
17377,8.0
17378,7.6018
17379,7.5339
17380,9.2857
17381,7.0333
17382,7.6018
17383,7.6018
17384,7.6018
17385,7.6018
17386,7.2857
17387,6.4
17388,8.2174
17389,7.6018
17390,7.6018
17391,7.6018
17392,7.6018
17393,7.6018
17394,7.3333
17395,7.4054
17396,9.3333
17397,10.0
17398,8.2109
17399,7.6018
17400,7.6018
17401,7.6018
17402,4.6547
17403,7.8916
17404,9.16
17405,7.5
17406,7.6018
17407,7.6018
17408,8.023
17409,8.6111
17410,7.8462
17411,9.4632
17412,8.6154
17413,7.6018
17414,7.5278
17415,7.6018
17416,7.6018
17417,8.9905
17418,5.0
17419,6.3131
17420,7.6018
17421,8.5
17422,3.8154
17423,5.0
17424,7.6018
17425,2.75
17426,7.6018
17427,10.0
17428,7.6018
17429,7.3333
17430,8.2222
17431,7.6018
17432,7.6018
17433,9.0
17434,7.9947
17435,9.25
17436,8.3333
17437,8.8556
17438,7.6018
17439,7.6018
17440,7.6018
17441,7.6
17442,9.7599
17443,7.6018
17444,7.6018
17445,8.0
17446,7.6018
17447,7.6018
17448,7.6018
17449,7.6018
17450,7.6018
17451,8.0882
17452,8.25
17453,5.0733
17454,10.0
17455,7.6018
17456,7.6018
17457,7.6018
17458,7.0
17459,7.6018
17460,7.0
17461,7.0484
17462,7.6018
17463,7.6018
17464,7.6018
17465,8.0
17466,8.3953
17467,7.6018
17468,7.9947
17469,7.6429
17470,7.3523
17471,8.1944
17472,7.6018
17473,7.5
17474,7.6018
17475,7.6018
17476,7.6018
17477,6.9231
17478,7.8
17479,7.6018
17480,7.6018
17481,7.6018
17482,8.0
17483,7.6018
17484,7.6018
17485,8.5
17486,7.6018
17487,7.6018
17488,7.7849
17489,7.6018
17490,7.6018
17491,7.6018
17492,7.6018
17493,8.3333
17494,8.6147
17495,8.3333
17496,6.6809
17497,9.0
17498,10.0
17499,7.2595
17500,7.6018
17501,10.0
17502,8.3
17503,10.0
17504,6.806
17505,10.0
17506,7.6018
17507,7.6018
17508,7.6018
17509,7.6018
17510,7.7449
17511,10.0
17512,7.0
17513,7.6018
17514,6.7358
17515,8.6667
17516,7.6018
17517,7.6018
17518,6.8689
17519,7.6018
17520,7.6018
17521,8.5714
17522,9.075
17523,7.6018
17524,7.75
17525,8.1429
17526,8.8556
17527,8.5
17528,9.3333
17529,6.5429
17530,7.6018
17531,5.0
17532,9.9738
17533,7.6018
17534,9.4841
17535,6.9583
17536,7.6018
17537,9.0
17538,7.6018
17539,8.6471
17540,7.6018
17541,7.6018
17542,8.8556
17543,7.6018
17544,8.375
17545,7.6018
17546,7.6018
17547,7.6018
17548,7.6018
17549,7.3333
17550,7.6018
17551,7.6018
17552,7.6018
17553,8.6719
17554,7.6018
17555,8.0
17556,7.6018
17557,7.6018
17558,7.6018
17559,7.5926
17560,8.5875
17561,7.6018
17562,8.4482
17563,7.4
17564,7.0
17565,7.6018
17566,7.6018
17567,7.6018
17568,7.6018
17569,7.6018
17570,6.7358
17571,7.6
17572,6.8889
17573,6.5
17574,7.6018
17575,7.6018
17576,7.2595
17577,7.2783
17578,8.5
17579,7.2595
17580,7.0
17581,7.8667
17582,10.0
17583,7.6018
17584,7.6018
17585,7.6018
17586,7.6018
17587,7.6018
17588,7.6018
17589,9.3333
17590,7.6018
17591,7.1667
17592,6.7652
17593,7.2595
17594,7.6018
17595,8.6
17596,7.6018
17597,7.7667
17598,7.5505
17599,8.0
17600,7.6018
17601,7.6018
17602,8.5714
17603,7.6018
17604,7.6018
17605,5.6332
17606,8.2
17607,7.6018
17608,7.6018
17609,7.6018
17610,7.6018
17611,7.6018
17612,6.75
17613,6.3786
17614,10.0
17615,9.3158
17616,7.6018
17617,7.5263
17618,7.6018
17619,7.6018
17620,7.6018
17621,7.5
17622,7.6018
17623,8.9315
17624,7.2243
17625,7.6018
17626,8.1429
17627,4.6786
17628,8.4286
17629,6.125
17630,7.6018
17631,7.6018
17632,8.8556
17633,7.6018
17634,6.4197
17635,7.625
17636,7.6018
17637,8.489
17638,7.6018
17639,7.2595
17640,7.6018
17641,7.6018
17642,7.25
17643,6.6214
17644,7.6018
17645,8.0
17646,8.3971
17647,7.6018
17648,8.0
17649,7.6018
17650,7.6018
17651,5.5714
17652,6.7403
17653,7.6018
17654,9.0
17655,7.5065
17656,8.2353
17657,7.6018
17658,7.6018
17659,7.6018
17660,7.6018
17661,10.0
17662,6.5
17663,7.6018
17664,7.6018
17665,7.6018
17666,7.6018
17667,7.6667
17668,7.6018
17669,6.8
17670,8.3649
17671,7.6018
17672,8.7048
17673,7.6018
17674,8.2857
17675,9.1176
17676,6.9667
17677,7.0
17678,7.6018
17679,7.6018
17680,7.6471
17681,7.6018
17682,7.6018
17683,7.6018
17684,7.6268
17685,5.0
17686,7.9947
17687,7.6018
17688,8.4906
17689,7.6018
17690,7.6018
17691,7.6018
17692,7.6268
17693,7.6018
17694,7.6018
17695,6.8667
17696,8.42
17697,7.6018
17698,6.0226
17699,9.0
17700,7.6018
17701,7.6018
17702,8.1852
17703,7.6018
17704,8.0
17705,7.6018
17706,7.6018
17707,7.6018
17708,7.3
17709,4.25
17710,7.2595
17711,8.1
17712,8.1479
17713,7.2595
17714,7.6018
17715,7.6018
17716,7.6018
17717,7.6018
17718,8.0094
17719,7.6018
17720,7.6018
17721,8.8556
17722,7.6018
17723,7.3333
17724,7.6018
17725,7.6018
17726,7.6018
17727,10.0
17728,8.8556
17729,7.125
17730,8.8421
17731,8.2334
17732,7.6018
17733,7.6018
17734,7.1039
17735,6.658
17736,6.8333
17737,7.871
17738,7.6018
17739,7.6018
17740,7.6018
17741,7.6018
17742,7.0
17743,7.5405
17744,7.6018
17745,7.6018
17746,8.0667
17747,6.75
17748,7.4146
17749,8.2105
17750,8.8556
17751,7.6018
17752,7.6018
17753,8.8556
17754,7.6018
17755,7.6018
17756,7.6018
17757,7.6018
17758,7.5
17759,6.0363
17760,8.0755
17761,7.6018
17762,7.6018
17763,7.5333
17764,6.4545
17765,7.6018
17766,8.4091
17767,7.619
17768,7.6018
17769,7.6018
17770,7.7236
17771,7.6018
17772,7.6018
17773,6.5429
17774,6.0
17775,7.6018
17776,7.4167
17777,7.6018
17778,6.6809
17779,7.8527
17780,8.1569
17781,7.6018
17782,7.1689
17783,7.6018
17784,7.5
17785,7.6018
17786,9.6888
17787,7.6018
17788,4.0
17789,10.0
17790,5.0752
17791,7.1613
17792,7.6018
17793,7.6018
17794,10.0
17795,8.3953
17796,6.6214
17797,7.6018
17798,8.5
17799,7.2595
17800,7.6018
17801,7.6018
17802,7.6018
17803,7.5574
17804,7.6018
17805,7.6018
17806,7.6018
17807,9.3301
17808,7.6018
17809,7.6018
17810,7.6018
17811,7.2595
17812,7.6018
17813,7.6018
17814,7.6018
17815,7.5065
17816,7.6018
17817,5.8519
17818,8.8556
17819,8.25
17820,7.6018
17821,7.6018
17822,7.6018
17823,7.2595
17824,7.6018
17825,7.6018
17826,7.6018
17827,7.6018
17828,7.6018
17829,7.6018
17830,7.9559
17831,9.2857
17832,7.6018
17833,7.6018
17834,8.5
17835,7.5339
17836,8.2222
17837,7.6018
17838,7.6018
17839,8.1486
17840,7.6018
17841,7.6018
17842,6.6667
17843,7.6018
17844,6.4444
17845,8.2019
17846,7.6018
17847,7.6018
17848,8.0909
17849,7.6018
17850,7.6018
17851,7.6018
17852,5.0
17853,7.6018
17854,6.3846
17855,7.6018
17856,8.7179
17857,7.6018
17858,8.5
17859,7.6018
17860,7.6018
17861,6.0226
17862,7.815
17863,7.6018
17864,6.125
17865,6.7328
17866,7.2595
17867,7.6018
17868,7.6018
17869,6.171
17870,8.5
17871,7.6018
17872,7.75
17873,7.7838
17874,7.141
17875,8.0
17876,5.5
17877,7.0
17878,7.8108
17879,6.16
17880,7.6018
17881,7.6018
17882,7.6018
17883,7.6018
17884,7.6018
17885,7.6018
17886,6.3333
17887,9.6216
17888,7.6018
17889,7.6018
17890,8.3333
17891,9.0
17892,6.0
17893,8.6
17894,7.1667
17895,6.3333
17896,7.25
17897,7.6018
17898,7.6018
17899,7.6018
17900,7.6018
17901,7.6
17902,8.5833
17903,7.6018
17904,7.6018
17905,7.6018
17906,6.5714
17907,7.2595
17908,7.3
17909,7.6018
17910,8.2
17911,7.6018
17912,6.3333
17913,7.6018
17914,7.6018
17915,7.6018
17916,8.5625
17917,7.1039
17918,7.6018
17919,7.0
17920,6.3333
17921,7.6018
17922,7.6018
17923,7.2595
17924,8.75
17925,5.0
17926,7.4146
17927,5.5
17928,8.0
17929,7.2823
17930,5.5
17931,8.0909
17932,7.6018
17933,6.8663
17934,9.0811
17935,7.6018
17936,9.1059
17937,7.6018
17938,6.2138
17939,7.4
17940,7.2595
17941,7.2595
17942,6.5189
17943,7.4211
17944,4.0
17945,7.6018
17946,7.6018
17947,9.25
17948,7.6018
17949,7.6018
17950,7.6018
17951,10.0
17952,7.6018
17953,7.5714
17954,8.0
17955,7.6018
17956,6.0226
17957,7.6018
17958,7.6018
17959,7.6018
17960,9.3333
17961,7.6018
17962,8.5
17963,7.4824
17964,7.6018
17965,7.2595
17966,7.6018
17967,7.6018
17968,7.6018
17969,6.0
17970,6.3333
17971,7.2595
17972,7.6018
17973,7.6018
17974,7.6018
17975,7.6018
17976,8.682
17977,7.6018
17978,8.0
17979,7.6018
17980,6.3636
17981,7.6018
17982,7.6018
17983,7.6018
17984,7.6018
17985,7.6018
17986,8.0729
17987,7.6018
17988,7.4688
17989,8.7692
17990,7.6018
17991,6.4
17992,4.0
17993,7.6018
17994,9.4632
17995,6.8571
17996,8.5
17997,7.6018
17998,8.2258
17999,8.5
18000,7.6018
18001,8.4444
18002,7.1538
18003,7.6018
18004,7.6018
18005,7.7778
18006,7.6018
18007,6.8
18008,7.6018
18009,8.9403
18010,6.8889
18011,7.918
18012,7.25
18013,7.0
18014,6.7403
18015,7.6018
18016,7.6018
18017,7.75
18018,8.1043
18019,8.1875
18020,7.6429
18021,7.6018
18022,8.1
18023,8.7029
18024,9.1176
18025,7.6018
18026,7.58
18027,5.0
18028,5.0
18029,7.6018
18030,7.6018
18031,5.0
18032,7.6018
18033,8.6842
18034,7.6018
18035,7.1053
18036,6.6667
18037,7.6018
18038,7.7417
18039,7.6018
18040,7.6018
18041,7.6018
18042,8.0
18043,7.6018
18044,6.0
18045,7.6018
18046,7.6018
18047,7.6018
18048,7.6018
18049,7.1039
18050,7.6018
18051,10.0
18052,7.2595
18053,7.6018
18054,7.5
18055,6.64
18056,7.7778
18057,7.3
18058,7.6018
18059,7.2595
18060,6.8824
18061,7.6018
18062,1.0
18063,7.6018
18064,7.6018
18065,7.6018
18066,7.6018
18067,7.6018
18068,8.6667
18069,8.0094
18070,7.95
18071,7.5
18072,7.6018
18073,7.6018
18074,7.6018
18075,7.6018
18076,7.6018
18077,7.6018
18078,7.6018
18079,7.0
18080,7.6018
18081,7.6018
18082,6.4118
18083,9.6667
18084,7.6018
18085,5.6667
18086,7.6018
18087,7.6018
18088,6.4894
18089,7.6018
18090,6.1818
18091,7.1026
18092,9.288
18093,6.875
18094,7.6018
18095,7.6018
18096,7.6018
18097,5.3636
18098,5.0
18099,7.2368
18100,7.6018
18101,7.6018
18102,5.1355
18103,7.6018
18104,8.8556
18105,8.75
18106,7.6018
18107,8.0
18108,7.6018
18109,7.6018
18110,7.6018
18111,7.6018
18112,7.6018
18113,7.6018
18114,7.814
18115,7.6018
18116,7.6018
18117,7.6018
18118,7.4485
18119,9.25
18120,7.8
18121,7.6018
18122,9.8182
18123,8.4
18124,7.4167
18125,7.6018
18126,6.875
18127,7.8889
18128,9.28
18129,6.6522
18130,8.1928
18131,7.8148
18132,7.6018
18133,8.2128
18134,7.6018
18135,7.6018
18136,8.375
18137,8.75
18138,7.6018
18139,5.25
18140,7.6018
18141,7.6018
18142,7.0909
18143,10.0
18144,4.3333
18145,7.2857
18146,7.6018
18147,7.6018
18148,8.0
18149,8.8452
18150,7.6018
18151,7.2
18152,7.6018
18153,7.5385
18154,8.7029
18155,4.3333
18156,7.1321
18157,7.6018
18158,7.6018
18159,7.6018
18160,7.75
18161,7.6018
18162,7.6018
18163,7.6018
18164,7.6018
18165,7.6268
18166,7.6018
18167,7.0
18168,9.3333
18169,8.0882
18170,6.0
18171,7.6018
18172,9.0
18173,7.2595
18174,7.6018
18175,7.6018
18176,7.9
18177,7.2595
18178,8.3333
18179,7.9452
18180,7.6018
18181,7.6018
18182,8.8556
18183,7.6018
18184,7.6018
18185,6.5429
18186,7.9
18187,6.7778
18188,7.8462
18189,8.45
18190,8.2764
18191,6.3514
18192,7.6018
18193,7.6018
18194,7.6018
18195,7.5333
18196,7.9559
18197,7.6018
18198,9.6
18199,7.6018
18200,7.6018
18201,7.6018
18202,7.6667
18203,7.1818
18204,7.6018
18205,7.6667
18206,7.9286
18207,8.4634
18208,9.0
18209,7.25
18210,8.0238
18211,7.6018
18212,5.9825
18213,8.907
18214,5.75
18215,8.6667
18216,7.6018
18217,7.6018
18218,7.6018
18219,5.7059
18220,7.6018
18221,8.3731
18222,7.6018
18223,8.0667
18224,8.3333
18225,7.6018
18226,7.6018
18227,7.6018
18228,7.6018
18229,7.6018
18230,7.069
18231,7.6018
18232,8.1
18233,7.5952
18234,6.0714
18235,7.6018
18236,7.6018
18237,7.6018
18238,7.6018
18239,6.7328
18240,9.0
18241,6.3333
18242,8.1829
18243,7.6018
18244,7.6018
18245,7.375
18246,8.8556
18247,8.0
18248,7.6018
18249,7.6018
18250,7.6018
18251,7.6268
18252,7.6018
18253,6.5833
18254,7.6018
18255,8.75
18256,7.9565
18257,7.6018
18258,7.6018
18259,7.6018
18260,7.6018
18261,9.7769
18262,8.0
18263,6.5
18264,7.7105
18265,6.6957
18266,8.7029
18267,7.6018
18268,7.6018
18269,7.2123
18270,5.5401
18271,7.6018
18272,7.6018
18273,9.0
18274,7.6018
18275,7.6018
18276,7.6018
18277,6.3333
18278,7.6018
18279,7.6018
18280,5.0
18281,6.6214
18282,6.8182
18283,5.7059
18284,7.2429
18285,7.5339
18286,7.6018
18287,7.6018
18288,6.125
18289,7.2595
18290,7.6018
18291,7.2595
18292,7.6018
18293,8.9
18294,5.0
18295,7.6018
18296,6.8182
18297,8.58
18298,7.6018
18299,8.1579
18300,7.5134
18301,8.0
18302,7.0
18303,7.6018
18304,7.4865
18305,5.5401
18306,6.6522
18307,7.6018
18308,7.6018
18309,7.6018
18310,7.6018
18311,8.6
18312,6.6667
18313,7.6018
18314,7.6018
18315,7.6018
18316,8.0
18317,8.0
18318,7.3835
18319,7.6018
18320,7.6018
18321,7.6018
18322,8.3913
18323,7.6018
18324,7.6018
18325,7.6018
18326,7.4411
18327,7.6018
18328,7.6018
18329,7.6667
18330,9.0
18331,7.6018
18332,8.7091
18333,7.6018
18334,6.9737
18335,6.9556
18336,10.0
18337,7.6018
18338,7.6018
18339,7.6018
18340,8.2857
18341,7.6018
18342,9.4444
18343,7.6018
18344,8.122
18345,8.0
18346,7.6018
18347,7.6018
18348,7.6018
18349,7.6018
18350,8.7179
18351,9.0
18352,7.8125
18353,7.6018
18354,8.25
18355,7.9559
18356,7.6018
18357,8.125
18358,7.6018
18359,7.6018
18360,7.6018
18361,6.6842
18362,7.6018
18363,7.6018
18364,7.6018
18365,6.6875
18366,7.6018
18367,7.6018
18368,7.0333
18369,7.25
18370,7.913
18371,8.7404
18372,7.6154
18373,10.0
18374,7.5339
18375,7.6018
18376,7.8
18377,8.8556
18378,7.6018
18379,7.6018
18380,9.0
18381,7.6268
18382,6.0
18383,7.6018
18384,7.6018
18385,7.5952
18386,7.64
18387,5.0
18388,8.5
18389,7.5
18390,7.2595
18391,7.6018
18392,10.0
18393,7.6018
18394,9.0811
18395,9.25
18396,7.6018
18397,7.6018
18398,8.2999
18399,7.5065
18400,7.6018
18401,7.6018
18402,6.25
18403,6.7358
18404,7.4545
18405,8.4634
18406,8.1875
18407,7.6018
18408,7.2595
18409,8.8556
18410,7.6018
18411,8.5
18412,7.5714
18413,7.6018
18414,7.6018
18415,8.8556
18416,8.5
18417,7.6018
18418,8.8556
18419,6.25
18420,7.6018
18421,7.6018
18422,7.9412
18423,6.8667
18424,9.134
18425,7.6018
18426,8.0333
18427,7.6018
18428,7.2595
18429,6.8876
18430,7.6018
18431,7.6018
18432,7.375
18433,7.6018
18434,7.6018
18435,6.0226
18436,7.2595
18437,7.2595
18438,8.0
18439,7.6018
18440,5.25
18441,7.0
18442,8.3913
18443,7.6018
18444,7.6018
18445,7.55
18446,7.6018
18447,7.6018
18448,7.6018
18449,7.6018
18450,7.6018
18451,8.5909
18452,7.2595
18453,8.2214
18454,8.7029
18455,7.5
18456,7.6018
18457,8.8556
18458,7.6018
18459,7.6018
18460,7.5
18461,7.6018
18462,7.6018
18463,7.6018
18464,7.2595
18465,7.3333
18466,7.1667
18467,7.3523
18468,8.2404
18469,8.9136
18470,7.6018
18471,9.1429
18472,7.6018
18473,7.6018
18474,6.6364
18475,7.6018
18476,7.6018
18477,8.7091
18478,9.4841
18479,7.6093
18480,7.6018
18481,7.6018
18482,7.4286
18483,6.5161
18484,6.6957
18485,7.6018
18486,7.6018
18487,6.0667
18488,10.0
18489,7.6018
18490,8.5
18491,7.6018
18492,7.3523
18493,7.3148
18494,7.6018
18495,7.6018
18496,8.3333
18497,8.8556
18498,7.6018
18499,7.6018
18500,7.871
18501,7.6018
18502,7.6018
18503,7.6018
18504,7.6018
18505,8.7234
18506,6.4
18507,7.6018
18508,7.6018
18509,7.6018
18510,7.4194
18511,7.6018
18512,7.6018
18513,7.6018
18514,7.6018
18515,7.6018
18516,8.4444
18517,7.6018
18518,7.9364
18519,8.0833
18520,7.6018
18521,9.4583
18522,7.6018
18523,8.1429
18524,7.6018
18525,7.58
18526,7.6018
18527,8.25
18528,7.0
18529,7.6018
18530,7.6018
18531,7.1507
18532,7.3523
18533,7.375
18534,9.0147
18535,7.6018
18536,7.6018
18537,6.9091
18538,7.6018
18539,7.6018
18540,7.6018
18541,7.6018
18542,6.0
18543,8.9883
18544,5.9825
18545,7.6018
18546,7.6018
18547,9.2
18548,7.2595
18549,7.6018
18550,7.6351
18551,7.6018
18552,7.6018
18553,7.6018
18554,8.4015
18555,9.2
18556,7.6018
18557,7.0
18558,7.6018
18559,7.5065
18560,7.6018
18561,7.6018
18562,7.6018
18563,7.6018
18564,7.6018
18565,4.0
18566,8.5036
18567,6.875
18568,9.4583
18569,7.6018
18570,6.6667
18571,7.2595
18572,6.3333
18573,7.95
18574,7.6018
18575,7.6018
18576,7.8182
18577,7.6018
18578,7.6018
18579,8.3913
18580,7.9452
18581,8.8556
18582,6.0
18583,7.6018
18584,9.075
18585,7.6018
18586,7.6018
18587,7.6018
18588,7.6018
18589,7.2595
18590,6.9556
18591,7.6018
18592,8.0
18593,7.6018
18594,7.6018
18595,8.0
18596,7.5405
18597,7.0
18598,5.9474
18599,6.2
18600,7.3333
18601,7.6018
18602,8.2667
18603,6.0958
18604,7.6018
18605,7.6018
18606,7.6018
18607,7.6018
18608,7.9286
18609,7.6018
18610,8.8889
18611,5.0
18612,8.0909
18613,8.6
18614,7.6018
18615,7.8
18616,7.6018
18617,7.6018
18618,7.9
18619,6.9655
18620,7.6018
18621,8.64
18622,9.075
18623,5.6667
18624,6.0
18625,7.6018
18626,7.15
18627,7.7353
18628,7.7762
18629,7.6018
18630,6.5194
18631,7.5574
18632,6.5
18633,7.2595
18634,7.6018
18635,8.8
18636,7.6018
18637,7.6018
18638,7.6018
18639,7.6018
18640,7.6018
18641,8.067
18642,7.6018
18643,7.6018
18644,7.5505
18645,5.5401
18646,7.6018
18647,7.6018
18648,7.6018
18649,7.6018
18650,7.6018
18651,7.6018
18652,8.3731
18653,7.6018
18654,7.4118
18655,7.6018
18656,7.6018
18657,7.0
18658,7.75
18659,7.15
18660,7.6018
18661,7.9947
18662,7.6018
18663,9.0625
18664,8.0455
18665,7.6018
18666,7.6018
18667,8.4906
18668,7.6018
18669,7.6018
18670,8.3649
18671,7.6018
18672,8.0
18673,7.6018
18674,8.1579
18675,7.6018
18676,8.8333
18677,7.6018
18678,6.9737
18679,9.2857
18680,7.6018
18681,5.1355
18682,7.6018
18683,7.6018
18684,7.6018
18685,7.6018
18686,7.6018
18687,7.6018
18688,8.2222
18689,8.2353
18690,7.6018
18691,7.4286
18692,8.0
18693,6.5
18694,6.8824
18695,7.3333
18696,7.6018
18697,8.0
18698,7.6018
18699,8.6111
18700,7.6018
18701,8.8
18702,7.6018
18703,7.4286
18704,7.4091
18705,7.6018
18706,9.0
18707,7.6018
18708,8.7048
18709,7.6018
18710,7.6018
18711,9.1304
18712,7.6018
18713,6.5714
18714,7.6018
18715,7.6018
18716,9.0
18717,7.3
18718,8.7404
18719,7.6018
18720,7.6018
18721,7.3846
18722,7.6018
18723,9.5
18724,7.6018
18725,7.3913
18726,7.6018
18727,7.6018
18728,7.6018
18729,7.6018
18730,8.9975
18731,7.6018
18732,7.6018
18733,8.6667
18734,7.0
18735,7.8889
18736,7.6018
18737,7.6018
18738,7.6018
18739,5.7059
18740,8.3333
18741,8.0
18742,7.875
18743,7.6018
18744,7.8966
18745,8.6667
18746,7.6018
18747,7.6018
18748,7.6018
18749,7.6018
18750,7.6018
18751,7.6018
18752,7.6018
18753,7.6018
18754,8.3953
18755,8.1905
18756,7.8824
18757,9.075
18758,7.6018
18759,7.9565
18760,7.6018
18761,8.5875
18762,7.6018
18763,7.6018
18764,8.0
18765,7.58
18766,5.5714
18767,7.6018
18768,6.1464
18769,7.3
18770,7.6018
18771,7.6018
18772,6.9333
18773,8.5
18774,6.8571
18775,7.5
18776,6.0
18777,7.6018
18778,7.6018
18779,7.9677
18780,7.6018
18781,6.6928
18782,7.2595
18783,7.6018
18784,7.6018
18785,7.6
18786,6.5
18787,9.0
18788,7.2595
18789,7.6018
18790,7.6018
18791,7.6018
18792,7.6018
18793,7.6018
18794,8.0055
18795,7.6018
18796,6.7143
18797,7.6018
18798,8.7091
18799,8.0294
18800,7.6018
18801,7.6018
18802,7.6018
18803,7.815
18804,2.792
18805,7.4746
18806,7.6018
18807,7.6018
18808,7.6018
18809,7.2595
18810,7.0
18811,7.9452
18812,7.6018
18813,7.6018
18814,8.3913
18815,8.8556
18816,9.0
18817,7.6018
18818,7.6018
18819,7.2595
18820,7.6018
18821,7.1944
18822,7.6018
18823,7.6018
18824,8.0
18825,7.6018
18826,7.6018
18827,7.6018
18828,7.2595
18829,6.0226
18830,7.6018
18831,7.6018
18832,7.6018
18833,8.8125
18834,7.9118
18835,7.6018
18836,7.6018
18837,7.6018
18838,5.5753
18839,7.1667
18840,7.9
18841,7.6018
18842,7.6018
18843,8.3649
18844,7.6018
18845,8.8333
18846,8.0882
18847,7.6018
18848,7.6018
18849,6.0
18850,7.2595
18851,7.6018
18852,5.0
18853,7.6018
18854,9.4583
18855,7.6018
18856,7.6018
18857,8.2447
18858,6.3786
18859,7.6018
18860,7.6018
18861,7.6018
18862,7.9273
18863,7.6018
18864,6.6667
18865,7.6018
18866,7.0
18867,7.6018
18868,7.6018
18869,7.7449
18870,7.6018
18871,7.75
18872,7.6018
18873,8.0
18874,7.6018
18875,7.6018
18876,7.6018
18877,7.6018
18878,7.6018
18879,7.6018
18880,8.1667
18881,6.8333
18882,6.5
18883,7.6268
18884,9.7284
18885,6.0
18886,6.875
18887,7.95
18888,8.5833
18889,7.6018
18890,7.6018
18891,7.6018
18892,6.7581
18893,7.6018
18894,7.6018
18895,7.6018
18896,9.0
18897,7.6018
18898,7.6018
18899,7.6018
18900,7.6018
18901,7.6018
18902,9.0262
18903,6.5
18904,7.3097
18905,7.6018
18906,7.6018
18907,7.6018
18908,8.9775
18909,7.6018
18910,7.6018
18911,7.3523
18912,7.6018
18913,7.6018
18914,8.0
18915,7.5339
18916,7.3438
18917,7.6018
18918,7.75
18919,7.6018
18920,7.6018
18921,6.3333
18922,7.6018
18923,7.6018
18924,7.6018
18925,7.6018
18926,5.8
18927,7.6018
18928,9.0
18929,7.6018
18930,8.3333
18931,9.788
18932,7.2595
18933,7.1689
18934,7.8812
18935,6.3786
18936,8.6571
18937,7.5926
18938,10.0
18939,6.9333
18940,7.6018
18941,8.7391
18942,7.6018
18943,7.6018
18944,7.0
18945,7.6018
18946,7.9091
18947,6.0226
18948,8.875
18949,8.7105
18950,7.6018
18951,7.6018
18952,9.3832
18953,8.25
18954,7.6018
18955,7.6018
18956,7.6018
18957,7.2595
18958,6.25
18959,7.6018
18960,7.6018
18961,5.25
18962,7.6018
18963,8.8071
18964,7.6018
18965,7.1689
18966,7.0345
18967,7.6018
18968,10.0
18969,7.72
18970,8.3
18971,7.6018
18972,7.6018
18973,8.9905
18974,7.6018
18975,7.6018
18976,6.1
18977,7.0818
18978,7.2595
18979,9.0
18980,7.6018
18981,7.6018
18982,7.6018
18983,8.8556
18984,7.8594
18985,7.4545
18986,7.6018
18987,8.1955
18988,8.0333
18989,7.4828
18990,7.6018
18991,7.6018
18992,7.6018
18993,7.6018
18994,7.0
18995,7.6018
18996,7.6018
18997,7.6018
18998,7.6018
18999,9.635
19000,7.6018
19001,7.6018
19002,7.1026
19003,7.6018
19004,7.6018
19005,8.92
19006,7.6809
19007,7.6018
19008,7.6018
19009,9.1429
19010,7.6667
19011,7.2243
19012,7.6018
19013,7.6018
19014,7.6018
19015,6.0
19016,8.1486
19017,9.0
19018,9.7003
19019,5.75
19020,7.6018
19021,8.2019
19022,10.0
19023,9.0
19024,9.75
19025,9.075
19026,8.0
19027,7.6018
19028,8.4199
19029,8.0
19030,7.6018
19031,7.686
19032,7.6018
19033,7.6018
19034,7.6018
19035,7.2909
19036,8.5556
19037,7.6018
19038,9.0
19039,7.6018
19040,7.4339
19041,5.0
19042,7.1151
19043,6.6471
19044,5.5
19045,5.1385
19046,7.6018
19047,7.6018
19048,7.6018
19049,7.5
19050,7.6018
19051,8.0
19052,7.6018
19053,7.0
19054,8.1
19055,8.9565
19056,7.3636
19057,8.4091
19058,7.6018
19059,7.6018
19060,7.8148
19061,8.25
19062,8.1277
19063,7.6018
19064,7.6018
19065,7.6018
19066,8.25
19067,7.6018
19068,7.55
19069,5.0752
19070,7.6018
19071,8.0667
19072,7.2595
19073,7.6018
19074,7.6018
19075,6.7205
19076,7.6018
19077,5.0752
19078,5.8077
19079,7.6018
19080,7.6018
19081,7.6018
19082,7.6018
19083,7.6018
19084,6.88
19085,4.1301
19086,7.6018
19087,9.1279
19088,7.6018
19089,7.6018
19090,7.5405
19091,7.6018
19092,7.6
19093,7.6018
19094,7.6268
19095,7.6018
19096,7.6018
19097,6.6364
19098,8.9828
19099,7.6018
19100,7.5
19101,5.1355
19102,7.5
19103,7.6018
19104,7.6018
19105,7.6018
19106,9.0
19107,8.8556
19108,7.6018
19109,7.6018
19110,7.8235
19111,7.6018
19112,6.5
19113,7.8824
19114,7.0
19115,7.6018
19116,7.2595
19117,6.7
19118,9.1081
19119,7.6018
19120,7.6018
19121,8.0
19122,6.625
19123,7.6018
19124,7.6018
19125,7.6018
19126,7.6018
19127,7.6018
19128,7.2595
19129,9.125
19130,7.6809
19131,7.6018
19132,7.6018
19133,7.2595
19134,7.4
19135,7.6018
19136,7.6018
19137,7.6018
19138,7.6018
19139,7.6018
19140,10.0
19141,7.6018
19142,7.6018
19143,7.6018
19144,8.0
19145,7.3333
19146,5.8
19147,7.6018
19148,8.0909
19149,8.125
19150,7.6018
19151,7.6018
19152,10.0
19153,6.7085
19154,7.9231
19155,7.6018
19156,7.6018
19157,8.9087
19158,7.2595
19159,7.6018
19160,6.5
19161,7.0
19162,8.2019
19163,7.6018
19164,7.7236
19165,7.5065
19166,5.1667
19167,9.0
19168,7.6268
19169,7.6
19170,6.7917
19171,7.6018
19172,7.6018
19173,7.5
19174,8.6316
19175,7.6018
19176,7.6018
19177,7.6018
19178,7.6018
19179,8.4444
19180,7.4211
19181,7.6018
19182,9.0
19183,7.2462
19184,8.023
19185,7.6018
19186,8.1822
19187,8.1429
19188,7.6018
19189,7.6018
19190,7.6018
19191,6.3333
19192,7.6018
19193,7.6018
19194,7.6018
19195,9.0
19196,7.6018
19197,5.0752
19198,8.2109
19199,9.3534
19200,7.6018
19201,10.0
19202,7.6018
19203,8.9796
19204,7.6018
19205,7.0
19206,8.8556
19207,7.0821
19208,7.6018
19209,6.8
19210,7.6018
19211,7.6667
19212,8.7091
19213,7.6018
19214,7.3796
19215,7.5417
19216,7.6018
19217,7.6018
19218,7.6018
19219,7.6018
19220,7.6018
19221,7.6018
19222,7.6018
19223,7.6018
19224,10.0
19225,7.6018
19226,8.2353
19227,7.625
19228,7.6018
19229,7.6018
19230,10.0
19231,7.6018
19232,7.2258
19233,6.6667
19234,7.6018
19235,7.6018
19236,7.4151
19237,7.6018
19238,7.6018
19239,7.6018
19240,7.6018
19241,7.6018
19242,7.6018
19243,8.8986
19244,7.6018
19245,7.6018
19246,7.6018
19247,7.9286
19248,7.6018
19249,7.6018
19250,7.6018
19251,8.0294
19252,7.6018
19253,9.0
19254,8.1579
19255,7.6018
19256,7.2595
19257,7.5065
19258,7.6018
19259,8.2732
19260,6.8
19261,6.0
19262,5.9091
19263,7.6018
19264,7.6018
19265,7.6018
19266,7.2
19267,7.6018
19268,7.6018
19269,5.8
19270,7.3302
19271,7.6018
19272,7.6018
19273,7.6018
19274,7.5
19275,5.0752
19276,7.6018
19277,9.5689
19278,7.6667
19279,7.6018
19280,7.6268
19281,7.6018
19282,8.1
19283,7.6018
19284,7.9
19285,7.6018
19286,7.5574
19287,6.4289
19288,7.6018
19289,7.6018
19290,7.6018
19291,6.0958
19292,7.4286
19293,6.5
19294,8.1111
19295,7.0
19296,7.6018
19297,9.0079
19298,7.6018
19299,7.6018
19300,8.0
19301,7.6018
19302,7.6018
19303,7.6018
19304,7.0
19305,7.6018
19306,7.6018
19307,7.2595
19308,7.6018
19309,7.6018
19310,7.6018
19311,7.6018
19312,6.25
19313,7.6018
19314,7.6018
19315,8.0
19316,5.5
19317,8.1905
19318,7.6018
19319,7.0
19320,7.6018
19321,7.6018
19322,8.75
19323,8.037
19324,7.2595
19325,7.6018
19326,6.75
19327,8.2353
19328,7.6018
19329,7.9947
19330,7.6018
19331,7.6018
19332,7.6018
19333,7.6018
19334,7.6018
19335,7.6018
19336,8.3382
19337,9.0
19338,7.2857
19339,8.8556
19340,6.7116
19341,8.4444
19342,7.6667
19343,8.0
19344,5.2
19345,7.6018
19346,8.8556
19347,7.6018
19348,7.5
19349,7.2595
19350,8.8556
19351,8.8556
19352,7.6018
19353,7.6018
19354,8.7038
19355,7.6018
19356,8.5
19357,7.2595
19358,7.2595
19359,7.9286
19360,7.6018
19361,7.6018
19362,7.6018
19363,7.2727
19364,7.6018
19365,7.6018
19366,7.6018
19367,8.9796
19368,7.5556
19369,7.6018
19370,7.6018
19371,7.5666
19372,7.6018
19373,6.9142
19374,6.1765
19375,7.4286
19376,7.6018
19377,7.6018
19378,7.8
19379,7.2432
19380,7.6018
19381,7.6018
19382,7.6018
19383,7.6018
19384,7.6087
19385,7.6018
19386,7.6018
19387,7.6018
19388,7.6636
19389,8.8431
19390,7.6018
19391,7.6018
19392,7.6018
19393,7.2595
19394,7.6018
19395,7.6018
19396,7.6018
19397,6.3
19398,7.6018
19399,7.6018
19400,7.6018
19401,7.1667
19402,7.6018
19403,8.5
19404,7.368
19405,8.5753
19406,8.8556
19407,7.6018
19408,6.6875
19409,8.25
19410,7.8824
19411,7.6018
19412,6.5
19413,8.3333
19414,7.6018
19415,8.5
19416,7.6018
19417,7.6018
19418,6.7121
19419,7.6018
19420,7.6018
19421,7.6018
19422,7.6018
19423,8.1429
19424,7.2595
19425,7.6018
19426,8.8556
19427,7.2595
19428,7.6018
19429,7.7762
19430,7.6018
19431,8.2368
19432,8.0333
19433,8.7692
19434,7.6429
19435,8.6842
19436,9.0
19437,7.6018
19438,7.0
19439,8.5
19440,7.6018
19441,7.6018
19442,7.5263
19443,7.6018
19444,8.5
19445,7.6018
19446,7.6018
19447,7.6018
19448,7.6018
19449,5.8077
19450,9.0
19451,5.0
19452,7.4746
19453,7.6018
19454,7.6018
19455,7.8916
19456,7.4821
19457,7.6018
19458,6.6
19459,7.6018
19460,7.8941
19461,7.6018
19462,8.8556
19463,4.5556
19464,9.1373
19465,7.6018
19466,7.6018
19467,7.5968
19468,10.0
19469,7.6018
19470,7.6018
19471,8.0
19472,7.5
19473,7.0
19474,8.3333
19475,8.1111
19476,7.6018
19477,7.6018
19478,7.6018
19479,6.8462
19480,8.0
19481,7.4286
19482,8.8556
19483,7.6018
19484,7.6018
19485,7.6018
19486,4.8372
19487,8.2353
19488,7.6268
19489,7.6018
19490,7.6429
19491,7.6018
19492,8.926
19493,8.0385
19494,7.6018
19495,7.6018
19496,7.6018
19497,8.0
19498,7.6018
19499,7.6018
19500,7.6018
19501,7.6018
19502,7.2
19503,7.6018
19504,7.6018
19505,7.3796
19506,8.7234
19507,7.2595
19508,7.6018
19509,8.2109
19510,7.6018
19511,7.6018
19512,7.6018
19513,7.2595
19514,7.6018
19515,7.6018
19516,7.6018
19517,7.6018
19518,7.9118
19519,7.8824
19520,7.6018
19521,6.56
19522,7.6018
19523,7.4211
19524,6.8689
19525,7.6018
19526,7.2432
19527,8.3517
19528,6.097
19529,8.48
19530,7.6018
19531,7.75
19532,7.6018
19533,7.6018
19534,8.7404
19535,7.9559
19536,9.16
19537,7.6018
19538,7.6018
19539,9.0
19540,7.6018
19541,6.0
19542,7.6018
19543,7.1463
19544,10.0
19545,7.6018
19546,8.2109
19547,7.6018
19548,9.0006
19549,7.6018
19550,8.1538
19551,7.84
19552,7.6018
19553,6.1818
19554,7.6018
19555,6.75
19556,7.6018
19557,6.7374
19558,5.5711
19559,8.6667
19560,7.6018
19561,7.1463
19562,7.6018
19563,7.6018
19564,7.1572
19565,7.0
19566,7.6018
19567,9.0262
19568,7.6018
19569,7.6018
19570,6.8
19571,7.6018
19572,6.6364
19573,7.2595
19574,8.2
19575,6.0
19576,7.6018
19577,7.6018
19578,7.6018
19579,6.0
19580,7.2595
19581,7.6018
19582,7.6018
19583,7.6018
19584,8.0
19585,7.6268
19586,7.625
19587,8.25
19588,7.6018
19589,8.8889
19590,5.0
19591,7.6018
19592,7.3523
19593,7.6018
19594,7.6018
19595,9.2694
19596,7.6018
19597,7.6018
19598,7.871
19599,7.0
19600,7.6018
19601,7.6018
19602,7.6018
19603,8.8556
19604,8.0
19605,7.6018
19606,7.6018
19607,6.8947
19608,8.7091
19609,10.0
19610,7.9947
19611,7.5405
19612,7.6018
19613,7.6018
19614,7.96
19615,8.0
19616,6.6667
19617,8.7368
19618,7.6018
19619,7.0577
19620,7.6018
19621,8.5202
19622,8.8
19623,7.6018
19624,7.9091
19625,7.7407
19626,7.6018
19627,7.6018
19628,7.6018
19629,7.6018
19630,8.2667
19631,7.6018
19632,7.6018
19633,9.9409
19634,7.6018
19635,7.6018
19636,7.3462
19637,7.6018
19638,7.6018
19639,7.6018
19640,7.6018
19641,7.6018
19642,8.8556
19643,7.6018
19644,7.6018
19645,7.6018
19646,7.6018
19647,7.6018
19648,7.4074
19649,7.2595
19650,8.0
19651,6.4
19652,7.5385
19653,8.9809
19654,7.6018
19655,9.896
19656,6.6885
19657,7.6018
19658,8.3109
19659,7.6018
19660,7.8
19661,7.4824
19662,7.6018
19663,8.8556
19664,7.6018
19665,7.0
19666,9.3455
19667,7.6018
19668,7.6018
19669,7.6018
19670,6.8343
19671,7.1053
19672,7.2595
19673,8.0
19674,9.25
19675,7.6018
19676,8.5
19677,9.5455
19678,7.6018
19679,6.1667
19680,6.1818
19681,7.5065
19682,7.6018
19683,7.6018
19684,7.3333
19685,7.6018
19686,7.6018
19687,7.6018
19688,7.6018
19689,9.6216
19690,7.6018
19691,6.719
19692,7.2857
19693,7.6018
19694,7.6018
19695,7.6018
19696,7.6018
19697,6.6667
19698,9.3333
19699,7.6018
19700,7.6018
19701,7.6018
19702,7.6018
19703,7.6018
19704,7.7349
19705,7.6018
19706,7.6018
19707,7.6018
19708,9.0
19709,7.6018
19710,7.6018
19711,8.303
19712,7.4
19713,7.5965
19714,7.6018
19715,7.6268
19716,3.5
19717,7.4286
19718,7.6018
19719,8.0
19720,7.6018
19721,4.7059
19722,8.0294
19723,7.5938
19724,7.513
19725,7.6018
19726,7.6018
19727,8.0
19728,7.6018
19729,7.6018
19730,7.6018
19731,7.6018
19732,7.15
19733,7.0
19734,6.9259
19735,7.6018
19736,8.8
19737,7.2595
19738,6.0958
19739,9.0256
19740,5.8
19741,7.6018
19742,7.6018
19743,7.6018
19744,7.6018
19745,7.6018
19746,7.4074
19747,8.0
19748,7.2941
19749,7.6018
19750,3.0
19751,7.5472
19752,6.9667
19753,7.6667
19754,7.6018
19755,7.5476
19756,7.6018
19757,8.375
19758,7.6018
19759,7.6018
19760,8.5
19761,7.6018
19762,9.0
19763,7.6018
19764,7.2595
19765,7.4167
19766,7.6018
19767,8.5
19768,8.75
19769,7.6018
19770,5.5
19771,7.6018
19772,8.8333
19773,7.4828
19774,5.5401
19775,7.2595
19776,7.6018
19777,7.6018
19778,7.6018
19779,7.6018
19780,8.8556
19781,7.6018
19782,8.303
19783,7.6018
19784,10.0
19785,7.6018
19786,6.8667
19787,7.6018
19788,7.6018
19789,7.6018
19790,7.7009
19791,5.25
19792,7.6018
19793,5.0
19794,7.6018
19795,7.15
19796,7.6018
19797,7.9559
19798,5.7059
19799,8.0
19800,7.6018
19801,9.0262
19802,6.0226
19803,7.4821
19804,7.8636
19805,7.6018
19806,8.0
19807,7.6018
19808,7.6018
19809,7.6018
19810,7.6018
19811,6.5
19812,7.6018
19813,7.6018
19814,7.6018
19815,7.6018
19816,7.6018
19817,7.5065
19818,7.6018
19819,7.0
19820,7.3333
19821,7.6018
19822,6.4667
19823,7.6018
19824,7.6018
19825,9.0
19826,8.25
19827,7.6018
19828,7.6018
19829,6.7358
19830,4.0378
19831,8.1818
19832,7.6018
19833,7.6018
19834,7.6018
19835,7.6018
19836,7.7778
19837,7.2903
19838,7.6018
19839,7.6018
19840,8.0
19841,7.4118
19842,7.6018
19843,6.6296
19844,7.6018
19845,8.0
19846,6.25
19847,7.6018
19848,7.6018
19849,7.5
19850,8.7404
19851,5.8529
19852,7.6018
19853,7.6018
19854,7.3103
19855,7.1321
19856,7.6018
19857,6.0909
19858,7.6018
19859,7.6018
19860,8.2692
19861,7.4194
19862,8.7903
19863,8.5833
19864,7.1667
19865,8.0
19866,5.0
19867,7.6018
19868,7.6018
19869,8.1818
19870,7.4
19871,7.6018
19872,7.5556
19873,7.4824
19874,7.6018
19875,7.0
19876,7.6018
19877,6.0
19878,9.5773
19879,8.9201
19880,6.0303
19881,7.6018
19882,6.7328
19883,7.6018
19884,7.6018
19885,7.5
19886,7.6018
19887,7.6018
19888,7.6018
19889,6.0
19890,7.6018
19891,7.6018
19892,7.6018
19893,7.6018
19894,7.6018
19895,8.5753
19896,7.6018
19897,7.6018
19898,7.6018
19899,7.6018
19900,8.8556
19901,7.6018
19902,7.6018
19903,7.6018
19904,8.8556
19905,7.6018
19906,7.6018
19907,5.0752
19908,7.6018
19909,7.6018
19910,6.7094
19911,7.6018
19912,8.1538
19913,7.6018
19914,7.6018
19915,7.6018
19916,8.7234
19917,6.8377
19918,7.6018
19919,6.8689
19920,7.6018
19921,7.6018
19922,7.6018
19923,7.6018
19924,7.6018
19925,7.6018
19926,7.5339
19927,7.3973
19928,7.6018
19929,7.6018
19930,6.875
19931,7.2595
19932,7.6018
19933,7.6018
19934,5.5401
19935,6.1034
19936,7.6018
19937,7.885
19938,10.0
19939,9.0
19940,7.6018
19941,8.4906
19942,7.6018
19943,7.6018
19944,6.1111
19945,6.8824
19946,9.0262
19947,8.2056
19948,7.3462
19949,7.6018
19950,7.75
19951,7.6018
19952,7.6018
19953,7.6018
19954,7.6018
19955,7.0
19956,7.6018
19957,7.5
19958,7.6018
19959,7.6018
19960,9.0
19961,7.2595
19962,7.6018
19963,7.6018
19964,7.6018
19965,7.6018
19966,5.1355
19967,7.6018
19968,7.6018
19969,7.6575
19970,7.6018
19971,8.0455
19972,7.6018
19973,7.6018
19974,7.2595
19975,7.6018
19976,8.4
19977,7.6018
19978,8.0
19979,7.6018
19980,7.6018
19981,7.6018
19982,8.384
19983,8.1875
19984,7.6018
19985,9.0
19986,9.5
19987,7.1429
19988,7.6018
19989,7.1689
19990,7.6018
19991,7.6018
19992,8.4
19993,7.1818
19994,10.0
19995,7.6018
19996,7.6018
19997,7.6018
19998,9.0
19999,7.8056
20000,8.0755
20001,8.8556
20002,7.6018
20003,7.6018
20004,7.6018
20005,9.8182
20006,8.1111
20007,7.6018
20008,9.0
20009,8.2
20010,7.6018
20011,7.7762
20012,7.6018
20013,7.6018
20014,7.5
20015,7.6018
20016,7.6018
20017,7.6018
20018,7.6018
20019,7.0
20020,7.0
20021,8.4444
20022,7.1689
20023,7.6018
20024,8.0
20025,7.6018
20026,8.3913
20027,8.2857
20028,8.4091
20029,7.6018
20030,7.9545
20031,9.25
20032,7.6018
20033,7.2308
20034,7.6018
20035,7.6018
20036,7.3846
20037,8.05
20038,7.6018
20039,8.2692
20040,7.9231
20041,7.6018
20042,7.6018
20043,8.0385
20044,7.6018
20045,7.7895
20046,7.6018
20047,7.0
20048,8.1852
20049,7.6018
20050,7.6018
20051,7.6018
20052,7.5497
20053,7.6018
20054,7.6018
20055,4.75
20056,8.7619
20057,6.0
20058,9.0
20059,7.6018
20060,7.6018
20061,9.4765
20062,7.6018
20063,8.5
20064,7.6018
20065,9.0262
20066,7.6018
20067,7.6018
20068,7.1429
20069,6.2222
20070,7.6018
20071,7.6268
20072,6.0226
20073,8.0909
20074,8.2857
20075,6.3948
20076,7.6018
20077,7.3285
20078,9.0
20079,7.6018
20080,7.375
20081,7.6018
20082,7.6018
20083,7.3571
20084,7.4286
20085,7.3
20086,5.0
20087,10.0
20088,7.9
20089,7.6018
20090,9.0262
20091,7.5
20092,7.2595
20093,7.1039
20094,7.2846
20095,7.6018
20096,7.6018
20097,7.6018
20098,7.6018
20099,7.6018
20100,8.0
20101,7.6018
20102,7.6018
20103,7.1667
20104,7.9
20105,8.3333
20106,7.6
20107,9.0
20108,7.5
20109,7.6018
20110,7.2595
20111,9.16
20112,7.6018
20113,9.2
20114,7.6018
20115,7.6018
20116,7.6018
20117,7.6018
20118,6.0
20119,7.4286
20120,7.6018
20121,8.8556
20122,7.6018
20123,7.6018
20124,7.6667
20125,8.5
20126,7.9273
20127,8.8
20128,10.0
20129,7.6018
20130,8.023
20131,7.6018
20132,5.7059
20133,7.5
20134,8.8556
20135,7.6018
20136,10.0
20137,7.0865
20138,7.6018
20139,8.75
20140,7.0
20141,7.5
20142,8.45
20143,9.6364
20144,7.6018
20145,7.6018
20146,8.5
20147,7.6018
20148,7.6018
20149,7.6018
20150,7.6018
20151,7.6018
20152,7.6018
20153,8.8556
20154,7.6018
20155,8.0667
20156,8.0
20157,8.8556
20158,7.6018
20159,8.0094
20160,7.6018
20161,7.6018
20162,4.7059
20163,7.3462
20164,7.6018
20165,7.6667
20166,7.4615
20167,7.6018
20168,8.625
20169,6.5
20170,7.8338
20171,7.6018
20172,7.6018
20173,7.2
20174,7.6018
20175,7.6018
20176,7.0
20177,7.0
20178,7.6018
20179,8.3778
20180,7.6018
20181,7.6018
20182,7.6018
20183,7.8947
20184,7.1912
20185,7.6018
20186,7.3
20187,7.6018
20188,8.7404
20189,6.9467
20190,9.55
20191,8.0667
20192,6.0
20193,8.6667
20194,7.6018
20195,7.6018
20196,7.6018
20197,7.2917
20198,6.6
20199,7.0492
20200,7.7407
20201,8.8765
20202,7.963
20203,7.6018
20204,7.6018
20205,7.6018
20206,8.5753
20207,7.2595
20208,9.7692
20209,7.6018
20210,6.6
20211,7.875
20212,7.6018
20213,7.1689
20214,6.0226
20215,7.9745
20216,7.6018
20217,7.1053
20218,7.5505
20219,7.6018
20220,7.7778
20221,6.0
20222,7.6018
20223,8.8556
20224,8.1471
20225,7.6018
20226,7.4286
20227,9.0
20228,7.6018
20229,9.0
20230,8.3649
20231,7.6018
20232,6.0
20233,7.6018
20234,7.6018
20235,7.6018
20236,7.6018
20237,7.6018
20238,5.25
20239,7.6018
20240,7.9947
20241,8.2019
20242,7.6018
20243,7.5065
20244,7.6018
20245,7.6018
20246,7.0
20247,7.6018
20248,7.6018
20249,8.1111
20250,8.375
20251,8.4
20252,6.7581
20253,8.4
20254,5.7778
20255,7.6018
20256,7.6018
20257,7.6018
20258,7.6018
20259,7.6018
20260,7.875
20261,7.6018
20262,7.6
20263,7.8
20264,5.5
20265,7.6018
20266,7.3462
20267,7.6018
20268,7.6018
20269,10.0
20270,7.6018
20271,6.624
20272,7.2595
20273,7.2
20274,7.6018
20275,9.0
20276,7.6018
20277,5.7778
20278,7.141
20279,7.6018
20280,7.5505
20281,8.122
20282,7.4118
20283,7.2595
20284,7.6018
20285,7.6018
20286,7.6018
20287,5.8214
20288,7.6018
20289,7.6018
20290,6.5
20291,7.5339
20292,8.7029
20293,7.6018
20294,7.6018
20295,7.6018
20296,7.6018
20297,7.6018
20298,7.3333
20299,5.0
20300,7.6018
20301,9.0
20302,7.6018
20303,8.0
20304,6.0
20305,7.6018
20306,8.9153
20307,8.8556
20308,7.6018
20309,9.0
20310,7.6018
20311,9.0252
20312,7.6018
20313,7.6018
20314,7.6018
20315,7.4151
20316,7.9513
20317,7.6018
20318,7.1429
20319,7.0
20320,5.0
20321,7.6018
20322,7.5455
20323,7.6018
20324,8.0
20325,6.6957
20326,8.375
20327,8.5753
20328,7.9
20329,8.88
20330,7.6018
20331,7.9
20332,6.5
20333,8.2692
20334,7.2595
20335,8.5
20336,7.6018
20337,7.6018
20338,8.375
20339,8.5314
20340,7.6018
20341,7.3404
20342,7.6018
20343,7.6018
20344,7.375
20345,7.2595
20346,7.6018
20347,7.6018
20348,10.0
20349,8.1429
20350,9.0
20351,7.4421
20352,7.815
20353,7.5833
20354,7.2595
20355,7.6018
20356,8.2105
20357,7.6018
20358,7.6018
20359,7.6018
20360,6.6
20361,7.6018
20362,8.0
20363,7.6018
20364,7.6018
20365,8.5
20366,6.9412
20367,7.6018
20368,7.6018
20369,9.1786
20370,7.6018
20371,9.0
20372,7.6018
20373,8.5385
20374,7.0434
20375,7.5065
20376,7.6018
20377,6.9091
20378,7.6018
20379,7.6018
20380,6.6
20381,8.8333
20382,7.6018
20383,7.6018
20384,9.0
20385,7.6018
20386,8.25
20387,7.6018
20388,7.6018
20389,7.6018
20390,7.6018
20391,8.1667
20392,8.1429
20393,9.0
20394,7.6018
20395,8.0
20396,7.9231
20397,6.75
20398,5.25
20399,7.6018
20400,7.6018
20401,7.6018
20402,7.6018
20403,7.6018
20404,7.087
20405,7.2595
20406,6.4
20407,7.6018
20408,7.6018
20409,6.0
20410,7.6018
20411,7.6018
20412,7.6018
20413,7.6018
20414,8.8958
20415,8.0
20416,7.4286
20417,7.6667
20418,8.4444
20419,7.6018
20420,7.6018
20421,6.6667
20422,7.6018
20423,7.6018
20424,7.6667
20425,8.0667
20426,6.7727
20427,7.6018
20428,7.6018
20429,8.2353
20430,7.1333
20431,7.2595
20432,7.6018
20433,7.6018
20434,7.6018
20435,7.5476
20436,7.0
20437,7.6018
20438,7.2595
20439,7.6018
20440,8.2353
20441,7.6018
20442,7.8182
20443,5.0
20444,7.6018
20445,8.8958
20446,7.6018
20447,8.8333
20448,6.5286
20449,7.6018
20450,7.2595
20451,8.3333
20452,10.0
20453,7.6018
20454,7.815
20455,7.6018
20456,7.6018
20457,7.6018
20458,8.0
20459,7.6018
20460,7.375
20461,8.8556
20462,7.6018
20463,7.6018
20464,8.28
20465,7.6018
20466,7.1944
20467,7.6018
20468,7.8667
20469,7.6018
20470,7.6018
20471,7.6018
20472,7.6018
20473,8.1277
20474,8.5714
20475,7.6018
20476,7.6018
20477,7.6018
20478,7.6018
20479,6.8857
20480,7.8889
20481,7.4857
20482,7.6018
20483,7.6018
20484,7.6018
20485,7.1689
20486,7.25
20487,7.6018
20488,6.875
20489,7.6018
20490,9.075
20491,7.6018
20492,8.0
20493,6.75
20494,7.0
20495,7.6018
20496,7.6875
20497,8.5
20498,7.6018
20499,8.6
20500,7.6018
20501,7.9947
20502,7.6018
20503,7.6018
20504,7.6018
20505,7.6018
20506,7.6018
20507,7.6018
20508,7.5968
20509,7.6018
20510,7.6018
20511,7.9255
20512,7.6018
20513,9.2
20514,6.8571
20515,7.6018
20516,7.6018
20517,7.2857
20518,7.6018
20519,7.6018
20520,8.7524
20521,5.8811
20522,7.6018
20523,7.6018
20524,7.6018
20525,7.6018
20526,7.8
20527,8.7179
20528,7.6018
20529,9.1176
20530,9.2435
20531,7.6018
20532,7.6018
20533,7.6018
20534,7.6018
20535,7.6018
20536,8.1667
20537,6.3786
20538,7.6018
20539,8.7143
20540,7.6122
20541,7.6018
20542,6.65
20543,7.6757
20544,7.6018
20545,7.2595
20546,7.6018
20547,6.35
20548,6.0
20549,7.6018
20550,7.6018
20551,7.6018
20552,6.0
20553,8.6471
20554,7.6018
20555,9.0
20556,9.0
20557,8.7105
20558,7.6018
20559,9.3832
20560,7.6018
20561,7.6018
20562,7.5254
20563,7.8571
20564,7.6268
20565,7.3523
20566,7.6018
20567,7.6018
20568,7.6018
20569,7.6018
20570,7.6018
20571,9.1786
20572,7.6018
20573,7.2595
20574,7.6018
20575,7.6018
20576,7.5714
20577,7.6897
20578,8.2676
20579,6.0
20580,7.6018
20581,7.6018
20582,8.5
20583,7.1818
20584,7.9298
20585,9.0
20586,7.5
20587,6.0958
20588,9.0
20589,9.0
20590,7.6018
20591,8.0
20592,8.1538
20593,8.0755
20594,7.6018
20595,6.3571
20596,6.7778
20597,6.0
20598,7.6018
20599,7.6018
20600,7.6018
20601,7.6018
20602,4.0
20603,7.6018
20604,7.6018
20605,7.6018
20606,6.9
20607,7.6018
20608,7.6018
20609,7.6018
20610,7.6018
20611,7.6018
20612,7.6018
20613,7.2595
20614,7.6018
20615,7.45
20616,7.0
20617,7.913
20618,7.6018
20619,7.6018
20620,9.1081
20621,6.4667
20622,7.6018
20623,8.931
20624,6.0
20625,7.6018
20626,8.6047
20627,7.5952
20628,5.3333
20629,7.6018
20630,5.75
20631,7.6018
20632,7.6018
20633,7.6018
20634,8.8958
20635,9.7
20636,8.3971
20637,7.6018
20638,9.6216
20639,7.6018
20640,7.6018
20641,7.6018
20642,7.6018
20643,7.2632
20644,9.0
20645,7.6018
20646,7.6018
20647,7.6018
20648,7.3793
20649,7.6018
20650,7.2617
20651,7.8956
20652,8.2353
20653,5.5
20654,7.6018
20655,7.0
20656,7.6018
20657,8.5
20658,7.6018
20659,7.6018
20660,7.6018
20661,7.6018
20662,7.6018
20663,7.2595
20664,7.6018
20665,7.6018
20666,7.6018
20667,7.6018
20668,7.25
20669,7.6018
20670,10.0
20671,5.0
20672,8.8556
20673,9.25
20674,7.6018
20675,7.6018
20676,5.375
20677,7.6018
20678,7.6018
20679,8.25
20680,7.6018
20681,7.6018
20682,9.3158
20683,7.9231
20684,7.6018
20685,10.0
20686,8.2222
20687,7.6018
20688,7.6018
20689,7.2595
20690,7.6018
20691,6.0588
20692,7.6018
20693,7.6018
20694,8.9403
20695,7.6018
20696,7.75
20697,7.6018
20698,10.0
20699,7.6018
20700,7.2595
20701,5.0752
20702,7.6018
20703,9.1786
20704,6.7
20705,7.6018
20706,8.3571
20707,7.2
20708,7.7778
20709,7.6018
20710,7.6018
20711,7.6018
20712,7.6018
20713,6.375
20714,7.5333
20715,7.6018
20716,5.0752
20717,8.0
20718,9.0
20719,6.7619
20720,7.6018
20721,8.5818
20722,7.6018
20723,7.6018
20724,8.9905
20725,7.6
20726,7.6018
20727,6.0
20728,7.6018
20729,7.6018
20730,6.5
20731,9.5833
20732,7.6018
20733,7.6018
20734,5.781
20735,6.8
20736,7.5263
20737,7.6018
20738,7.6018
20739,7.4483
20740,7.6018
20741,8.0
20742,7.6018
20743,6.2222
20744,7.2595
20745,7.6018
20746,8.0
20747,7.6018
20748,7.6018
20749,7.1689
20750,7.6018
20751,6.6214
20752,7.6018
20753,9.5
20754,7.2595
20755,7.6018
20756,8.9464
20757,7.3404
20758,7.2857
20759,7.6018
20760,7.6018
20761,7.6018
20762,7.5065
20763,4.6968
20764,7.6018
20765,7.6018
20766,7.6018
20767,7.6018
20768,7.6018
20769,6.7143
20770,7.6018
20771,8.1667
20772,8.873
20773,7.6018
20774,7.2595
20775,7.5758
20776,7.6018
20777,7.9532
20778,7.2595
20779,5.2857
20780,7.0
20781,7.6018
20782,7.6018
20783,7.6018
20784,7.6018
20785,7.6018
20786,7.6018
20787,7.6018
20788,7.6087
20789,7.6018
20790,7.1026
20791,8.3649
20792,7.6018
20793,8.5
20794,9.6429
20795,7.6018
20796,7.6018
20797,7.6018
20798,7.6018
20799,7.6018
20800,7.6018
20801,6.6364
20802,8.0
20803,7.8594
20804,7.815
20805,8.8681
20806,7.6018
20807,7.4167
20808,7.6018
20809,7.6018
20810,7.6018
20811,8.2109
20812,7.7143
20813,7.6018
20814,7.6018
20815,6.9199
20816,8.8333
20817,7.6018
20818,7.2662
20819,7.6018
20820,7.6018
20821,7.6018
20822,7.6018
20823,8.8824
20824,9.4583
20825,7.7643
20826,7.6018
20827,7.2595
20828,8.8556
20829,7.0291
20830,7.0
20831,7.6018
20832,7.8889
20833,5.1385
20834,7.2595
20835,7.6018
20836,7.6018
20837,7.6018
20838,8.0
20839,7.6018
20840,7.6018
20841,7.6018
20842,7.0
20843,7.6018
20844,7.2595
20845,7.2595
20846,7.6018
20847,7.9744
20848,7.6018
20849,5.9091
20850,8.0
20851,7.2
20852,7.5467
20853,7.5505
20854,5.4074
20855,8.3333
20856,8.103
20857,9.0
20858,7.6018
20859,7.6018
20860,7.6018
20861,7.7762
20862,7.3902
20863,7.6018
20864,7.6018
20865,8.5667
20866,7.6018
20867,7.8365
20868,7.6018
20869,8.023
20870,7.0
20871,7.6018
20872,7.5
20873,8.1875
20874,7.6018
20875,7.6018
20876,6.4
20877,7.6018
20878,6.0226
20879,8.0
20880,7.6018
20881,7.0
20882,7.6018
20883,7.6018
20884,7.6018
20885,7.6018
20886,7.6018
20887,7.6018
20888,7.6018
20889,7.7762
20890,7.6018
20891,7.6018
20892,7.6018
20893,7.6018
20894,7.2595
20895,6.8
20896,6.0
20897,5.8077
20898,5.0
20899,7.6018
20900,7.6018
20901,8.5165
20902,7.6018
20903,7.6018
20904,7.2595
20905,5.7143
20906,7.6018
20907,7.2595
20908,8.7368
20909,7.9412
20910,8.1
20911,7.6018
20912,7.6018
20913,8.4118
20914,7.4286
20915,8.4
20916,9.0
20917,7.6018
20918,8.0
20919,7.4583
20920,7.2595
20921,7.6018
20922,7.1429
20923,7.6018
20924,7.6018
20925,7.7762
20926,8.4
20927,7.6018
20928,7.6018
20929,7.6018
20930,8.25
20931,7.6018
20932,7.6667
20933,7.6018
20934,7.6018
20935,7.6018
20936,7.6018
20937,6.7917
20938,7.6018
20939,6.1667
20940,5.0
20941,7.6018
20942,7.6018
20943,7.5385
20944,7.6018
20945,7.6018
20946,8.875
20947,10.0
20948,9.8692
20949,7.0
20950,8.7029
20951,7.6868
20952,7.6018
20953,7.6018
20954,7.6018
20955,8.2019
20956,7.6018
20957,7.2595
20958,7.6018
20959,8.7903
20960,7.2556
20961,7.6018
20962,8.4444
20963,7.6018
20964,8.0385
20965,6.9583
20966,7.2595
20967,6.7
20968,7.6018
20969,7.0
20970,7.9947
20971,7.6018
20972,7.6018
20973,7.1
20974,7.6018
20975,7.6018
20976,7.3
20977,6.75
20978,8.2812
20979,7.7188
20980,6.5833
20981,9.9088
20982,7.6018
20983,6.6364
20984,7.2595
20985,7.6018
20986,4.8462
20987,7.6018
20988,6.5
20989,7.6018
20990,7.6018
20991,7.2595
20992,7.6018
20993,7.6018
20994,7.5417
20995,3.579
20996,7.6018
20997,6.4167
20998,7.6018
20999,7.6018
21000,10.0
21001,8.6571
21002,8.0
21003,7.6018
21004,7.6061
21005,7.6018
21006,7.6018
21007,7.0333
21008,7.6018
21009,8.5294
21010,6.7
21011,7.6018
21012,4.0
21013,7.6897
21014,8.3778
21015,7.6018
21016,7.6018
21017,7.6018
21018,7.0
21019,7.6018
21020,6.3333
21021,7.6018
21022,7.6018
21023,8.7091
21024,5.0752
21025,8.9828
21026,7.6018
21027,7.6018
21028,7.6018
21029,9.9478
21030,10.0
21031,7.6018
21032,4.25
21033,5.2857
21034,8.4634
21035,7.2595
21036,9.1786
21037,7.6018
21038,7.6018
21039,7.0769
21040,7.6018
21041,9.0262
21042,7.6018
21043,7.6018
21044,7.6018
21045,7.6018
21046,7.6018
21047,7.6018
21048,7.6018
21049,7.6018
21050,7.5
21051,7.6018
21052,7.6018
21053,8.25
21054,7.6018
21055,8.375
21056,9.0039
21057,7.5
21058,6.9583
21059,7.6018
21060,7.6018
21061,7.6018
21062,8.9444
21063,7.7762
21064,7.6018
21065,7.6018
21066,7.6018
21067,8.8695
21068,8.7091
21069,7.6018
21070,8.0
21071,8.4634
21072,9.25
21073,8.3636
21074,7.6018
21075,9.0
21076,8.0833
21077,7.6018
21078,7.6018
21079,5.1385
21080,7.6018
21081,7.6018
21082,7.6018
21083,7.8947
21084,8.25
21085,6.5
21086,7.6018
21087,6.6316
21088,7.6018
21089,8.2676
21090,7.6018
21091,5.6667
21092,7.6018
21093,7.6018
21094,7.0
21095,7.6018
21096,9.4841
21097,7.6018
21098,9.2
21099,7.6018
21100,7.6018
21101,8.2676
21102,6.66
21103,7.6018
21104,7.2909
21105,7.5527
21106,7.6667
21107,7.6018
21108,7.6018
21109,7.6018
21110,7.4286
21111,7.4339
21112,6.2
21113,7.6018
21114,7.6018
21115,10.0
21116,8.3731
21117,8.8556
21118,7.1053
21119,7.6018
21120,7.6018
21121,7.918
21122,7.5
21123,7.2595
21124,7.1667
21125,3.0
21126,7.6018
21127,5.0
21128,7.6018
21129,7.6018
21130,7.4746
21131,5.0
21132,7.6018
21133,7.6018
21134,7.6018
21135,6.375
21136,7.6018
21137,7.6018
21138,7.75
21139,8.7778
21140,7.2903
21141,6.8333
21142,5.0752
21143,7.6018
21144,7.6018
21145,7.6018
21146,7.6018
21147,7.6018
21148,7.5
21149,7.6018
21150,7.6018
21151,7.6018
21152,9.6216
21153,7.6018
21154,8.2609
21155,7.6018
21156,10.0
21157,7.6018
21158,7.6018
21159,7.5476
21160,7.828
21161,7.125
21162,7.6018
21163,7.6429
21164,7.6018
21165,7.6018
21166,8.5
21167,6.3514
21168,7.2143
21169,7.6018
21170,7.6018
21171,7.6018
21172,6.375
21173,5.0752
21174,7.6018
21175,8.8772
21176,8.0
21177,7.6018
21178,7.6018
21179,5.2
21180,7.6018
21181,8.7029
21182,7.6018
21183,7.6018
21184,10.0
21185,7.6018
21186,7.6018
21187,7.6018
21188,7.0
21189,8.2109
21190,7.5
21191,7.6018
21192,6.5
21193,6.56
21194,7.6018
21195,8.3158
21196,5.4269
21197,7.2
21198,7.6018
21199,8.7029
21200,7.4167
21201,7.6018
21202,7.8333
21203,6.6154
21204,6.7143
21205,7.6018
21206,9.5455
21207,8.1927
21208,8.0
21209,7.6018
21210,7.2941
21211,6.6667
21212,7.1579
21213,8.2019
21214,7.6018
21215,8.0
21216,7.6018
21217,7.3
21218,8.6719
21219,7.6018
21220,7.6018
21221,6.5862
21222,7.5065
21223,7.6018
21224,7.6018
21225,7.6018
21226,7.75
21227,8.0
21228,7.6018
21229,8.0
21230,7.5
21231,7.4746
21232,7.5
21233,8.023
21234,7.6018
21235,7.6018
21236,8.0
21237,7.6018
21238,7.6018
21239,7.5919
21240,7.6018
21241,7.6018
21242,9.3455
21243,8.3382
21244,7.6018
21245,7.6018
21246,7.3333
21247,7.6018
21248,8.3382
21249,7.05
21250,8.25
21251,7.3523
21252,7.6018
21253,7.6018
21254,8.9714
21255,7.25
21256,7.6018
21257,7.6667
21258,7.6018
21259,7.2857
21260,7.6018
21261,5.4444
21262,7.6018
21263,7.6018
21264,7.6018
21265,7.6018
21266,7.6018
21267,8.4
21268,8.5208
21269,7.9286
21270,7.6018
21271,7.6018
21272,7.6018
21273,7.6018
21274,8.375
21275,8.8556
21276,8.5165
21277,7.6018
21278,7.6018
21279,8.8556
21280,8.2222
21281,7.6018
21282,8.6571
21283,7.815
21284,7.6018
21285,7.2595
21286,7.5333
21287,8.5
21288,7.6018
21289,7.5
21290,7.6018
21291,7.6018
21292,7.6018
21293,8.0
21294,7.6018
21295,7.6018
21296,8.7662
21297,7.6018
21298,7.3103
21299,7.6018
21300,7.6018
21301,6.56
21302,8.1667
21303,7.7449
21304,6.8667
21305,7.6018
21306,7.6018
21307,7.53
21308,8.7029
21309,8.5
21310,7.9231
21311,7.6018
21312,8.05
21313,7.5
21314,9.0
21315,7.6018
21316,7.7762
21317,7.0
21318,8.1429
21319,7.6018
21320,10.0
21321,8.2
21322,7.6018
21323,6.7273
21324,7.6018
21325,7.6018
21326,7.6018
21327,7.1111
21328,9.6216
21329,7.6364
21330,6.0226
21331,7.6018
21332,7.5
21333,7.6018
21334,7.1455
21335,7.6018
21336,7.53
21337,5.5
21338,7.6667
21339,7.6018
21340,8.875
21341,6.6667
21342,8.25
21343,7.6018
21344,7.4339
21345,7.6018
21346,7.6018
21347,7.6018
21348,7.6018
21349,7.6018
21350,7.0
21351,7.6018
21352,7.6018
21353,8.0
21354,7.6018
21355,7.9375
21356,7.6018
21357,6.0226
21358,8.5753
21359,6.8
21360,7.6018
21361,7.6018
21362,7.6897
21363,7.6018
21364,7.6018
21365,8.0
21366,7.6018
21367,7.6018
21368,6.3333
21369,7.6018
21370,5.8462
21371,7.6018
21372,7.6018
21373,7.6018
21374,7.6018
21375,7.2595
21376,7.6018
21377,7.6018
21378,7.6018
21379,7.5574
21380,7.6018
21381,7.6018
21382,7.6018
21383,7.6018
21384,8.5625
21385,7.2632
21386,7.8122
21387,8.5
21388,7.8125
21389,7.6018
21390,7.0
21391,7.9577
21392,7.0
21393,8.0333
21394,8.0714
21395,7.6018
21396,5.75
21397,7.6018
21398,10.0
21399,10.0
21400,7.6018
21401,5.0
21402,7.6018
21403,7.6018
21404,7.6018
21405,7.6018
21406,7.1689
21407,6.3333
21408,7.6923
21409,7.2857
21410,6.7
21411,7.6018
21412,7.6018
21413,7.7778
21414,7.6018
21415,8.5488
21416,7.6018
21417,7.6018
21418,8.8556
21419,7.6018
21420,7.6018
21421,6.8333
21422,7.6018
21423,7.6018
21424,7.6018
21425,7.6018
21426,6.9737
21427,7.6714
21428,7.25
21429,7.6018
21430,9.25
21431,7.6018
21432,7.6018
21433,7.6018
21434,8.2
21435,8.5
21436,8.5875
21437,7.0
21438,7.6018
21439,7.6018
21440,9.3333
21441,7.5
21442,7.6018
21443,5.5401
21444,7.6018
21445,7.6018
21446,7.0
21447,7.4545
21448,7.9947
21449,7.6018
21450,4.7059
21451,7.5882
21452,7.6018
21453,7.6018
21454,7.2595
21455,7.0
21456,7.9916
21457,7.6018
21458,7.6018
21459,8.1136
21460,7.6018
21461,7.0224
21462,7.6018
21463,7.6018
21464,7.6018
21465,6.8462
21466,7.6018
21467,8.0
21468,7.6018
21469,7.6018
21470,7.6018
21471,7.6018
21472,9.2
21473,7.0
21474,7.6018
21475,7.3404
21476,8.1111
21477,7.6018
21478,7.6018
21479,7.9565
21480,7.6018
21481,7.6018
21482,7.6018
21483,7.6018
21484,8.2258
21485,8.1829
21486,7.3333
21487,9.4583
21488,5.0
21489,7.6018
21490,7.6018
21491,7.6018
21492,5.1355
21493,7.4286
21494,8.8556
21495,7.6018
21496,6.5
21497,7.0
21498,8.5714
21499,7.6018
21500,8.0
21501,7.6018
21502,7.6018
21503,7.6018
21504,7.6018
21505,7.6018
21506,7.6018
21507,7.6018
21508,7.2
21509,7.6018
21510,7.5339
21511,7.7009
21512,4.0
21513,7.2595
21514,7.7936
21515,8.375
21516,7.6018
21517,9.1395
21518,7.6018
21519,7.6018
21520,8.0
21521,7.5254
21522,7.6018
21523,5.3333
21524,7.0
21525,7.6563
21526,7.6018
21527,7.6018
21528,8.0
21529,7.5
21530,6.7328
21531,8.8556
21532,7.7182
21533,8.4
21534,7.6018
21535,7.8814
21536,7.6018
21537,7.6018
21538,7.6018
21539,6.7778
21540,7.6018
21541,7.6018
21542,8.9934
21543,7.6018
21544,7.6018
21545,8.0
21546,8.8556
21547,8.0769
21548,7.6018
21549,7.6018
21550,7.0
21551,8.1944
21552,7.6018
21553,7.6018
21554,7.6018
21555,7.6018
21556,8.8556
21557,7.6018
21558,7.6018
21559,7.6018
21560,7.6018
21561,7.6018
21562,7.6018
21563,8.7903
21564,6.75
21565,7.6018
21566,4.0
21567,7.6018
21568,7.6018
21569,7.6018
21570,7.6018
21571,7.6018
21572,7.6018
21573,7.6018
21574,7.6018
21575,7.6018
21576,7.6018
21577,7.6018
21578,7.6018
21579,7.0833
21580,8.8556
21581,8.2676
21582,7.7009
21583,7.6018
21584,8.7048
21585,7.6018
21586,8.0
21587,10.0
21588,8.25
21589,7.6018
21590,7.6018
21591,7.5882
21592,6.0
21593,7.6018
21594,7.6018
21595,7.5
21596,8.0
21597,7.6018
21598,7.9947
21599,7.6018
21600,7.6018
21601,9.3663
21602,8.5
21603,7.6018
21604,7.0
21605,7.6018
21606,7.6018
21607,7.6018
21608,7.6018
21609,9.3333
21610,7.6018
21611,7.6018
21612,7.6471
21613,7.6018
21614,7.6268
21615,8.5769
21616,8.4545
21617,7.625
21618,8.16
21619,7.6018
21620,8.0
21621,7.1689
21622,7.6018
21623,7.6018
21624,7.6018
21625,7.8333
21626,7.6018
21627,7.0
21628,10.0
21629,7.6018
21630,7.6018
21631,7.9091
21632,7.1667
21633,8.1829
21634,7.6018
21635,7.0
21636,7.6018
21637,7.25
21638,7.1667
21639,7.2595
21640,7.6018
21641,7.6018
21642,7.5065
21643,7.6018
21644,7.6018
21645,7.6018
21646,7.2595
21647,6.0
21648,7.6018
21649,7.6018
21650,7.6018
21651,7.6018
21652,7.6018
21653,5.5
21654,7.6018
21655,7.6018
21656,7.6018
21657,5.75
21658,8.0625
21659,7.6018
21660,7.6018
21661,7.6018
21662,7.4194
21663,7.6018
21664,7.3913
21665,7.6018
21666,7.6018
21667,8.5
21668,8.1486
21669,7.2917
21670,9.0262
21671,7.6018
21672,7.5278
21673,10.0
21674,7.6018
21675,7.6018
21676,7.6018
21677,7.1364
21678,7.2595
21679,7.6018
21680,7.6018
21681,7.6018
21682,7.5
21683,7.3158
21684,7.25
21685,7.6018
21686,7.6018
21687,7.2595
21688,7.6018
21689,7.6018
21690,7.9452
21691,7.6018
21692,7.6018
21693,8.5556
21694,7.25
21695,7.6018
21696,7.6018
21697,7.2857
21698,6.1
21699,7.6667
21700,7.6018
21701,8.2105
21702,7.6018
21703,7.6018
21704,6.0958
21705,7.6018
21706,7.6018
21707,7.2391
21708,7.6018
21709,8.1928
21710,7.6018
21711,7.6018
21712,7.6018
21713,4.5
21714,5.5401
21715,5.3636
21716,6.5429
21717,7.6018
21718,8.0
21719,8.0
21720,7.6018
21721,7.1126
21722,7.6018
21723,7.6018
21724,7.2595
21725,7.6018
21726,5.0752
21727,7.6018
21728,8.0
21729,7.6018
21730,7.2595
21731,7.6018
21732,5.0
21733,7.6018
21734,7.6018
21735,7.6018
21736,7.6018
21737,7.6018
21738,5.0
21739,7.6018
21740,7.6018
21741,7.6018
21742,7.6018
21743,7.1613
21744,7.6018
21745,7.6018
21746,5.25
21747,7.6018
21748,7.6018
21749,7.6018
21750,6.1429
21751,5.0
21752,8.75
21753,7.6018
21754,8.2128
21755,7.9947
21756,5.6667
21757,8.8556
21758,7.6018
21759,7.6
21760,8.9905
21761,6.7358
21762,7.6018
21763,10.0
21764,7.6018
21765,7.375
21766,7.6018
21767,7.6018
21768,7.6018
21769,7.6018
21770,7.6018
21771,7.6018
21772,7.6018
21773,7.3148
21774,8.0625
21775,8.2692
21776,8.0
21777,7.6018
21778,7.6018
21779,7.6018
21780,7.9947
21781,7.6018
21782,7.2595
21783,7.6018
21784,6.7
21785,6.9231
21786,7.6018
21787,7.6018
21788,6.7778
21789,7.6018
21790,6.7917
21791,6.1755
21792,8.0
21793,7.6018
21794,7.6018
21795,7.6018
21796,7.4
21797,7.3333
21798,7.6018
21799,7.5
21800,7.6018
21801,7.6018
21802,7.6018
21803,7.6429
21804,7.6018
21805,7.6018
21806,7.2
21807,8.0625
21808,7.6018
21809,8.541
21810,7.2595
21811,8.3333
21812,8.1286
21813,6.25
21814,7.6018
21815,8.0
21816,6.1414
21817,7.875
21818,7.6018
21819,8.7619
21820,7.6667
21821,6.0
21822,7.6018
21823,7.6018
21824,6.5
21825,7.3333
21826,7.6018
21827,7.6018
21828,7.6018
21829,8.8333
21830,7.6018
21831,7.2595
21832,7.6018
21833,10.0
21834,7.7009
21835,5.8529
21836,6.6842
21837,7.6018
21838,9.6352
21839,7.6018
21840,7.6018
21841,7.815
21842,7.6018
21843,9.125
21844,7.6018
21845,7.2595
21846,7.6018
21847,7.6018
21848,8.5294
21849,5.75
21850,7.6018
21851,7.6018
21852,5.0752
21853,7.6018
21854,8.2105
21855,7.6018
21856,7.6018
21857,7.0
21858,7.5
21859,7.6018
21860,7.5938
21861,6.1613
21862,7.3333
21863,5.75
21864,7.6018
21865,8.2368
21866,7.1463
21867,7.6018
21868,7.6018
21869,7.6018
21870,10.0
21871,7.1212
21872,7.6018
21873,7.6018
21874,7.6018
21875,8.875
21876,7.6018
21877,6.3333
21878,7.6018
21879,7.6018
21880,7.6018
21881,8.1111
21882,9.0
21883,7.9577
21884,7.6018
21885,7.5
21886,6.1934
21887,7.2846
21888,7.6018
21889,7.6018
21890,7.6018
21891,7.6018
21892,7.2595
21893,7.6018
21894,7.6018
21895,7.6018
21896,7.6018
21897,8.1429
21898,8.3731
21899,7.6018
21900,7.3148
21901,6.5
21902,7.5339
21903,7.1429
21904,7.1667
21905,9.0
21906,7.6018
21907,7.7429
21908,7.6018
21909,8.4615
21910,7.6
21911,7.6018
21912,8.8556
21913,8.0
21914,4.4
21915,7.6018
21916,7.6018
21917,7.3333
21918,7.2595
21919,6.8582
21920,7.6018
21921,7.6018
21922,8.0
21923,5.0
21924,7.6018
21925,7.6018
21926,7.0
21927,7.6018
21928,7.1818
21929,7.6018
21930,7.6018
21931,7.6018
21932,7.6018
21933,7.6018
21934,7.8941
21935,7.6018
21936,7.6018
21937,7.6018
21938,7.6018
21939,7.6018
21940,8.2857
21941,8.375
21942,8.5997
21943,7.75
21944,7.6018
21945,6.5625
21946,5.8311
21947,7.58
21948,7.6897
21949,7.3333
21950,7.8333
21951,8.2222
21952,7.6018
21953,7.6018
21954,7.6018
21955,5.5
21956,7.6018
21957,7.6018
21958,7.6018
21959,7.5065
21960,7.6018
21961,8.2676
21962,7.9559
21963,7.6018
21964,7.6018
21965,7.6018
21966,7.6018
21967,8.0
21968,7.9231
21969,9.0
21970,7.6018
21971,7.6018
21972,7.6378
21973,7.6018
21974,7.6018
21975,7.6018
21976,7.6018
21977,7.6018
21978,8.1277
21979,7.625
21980,7.6018
21981,7.7971
21982,7.6018
21983,7.6018
21984,7.069
21985,7.6018
21986,7.8966
21987,7.6018
21988,7.6018
21989,8.8556
21990,9.4583
21991,8.375
21992,7.2595
21993,7.6018
21994,7.6018
21995,7.6018
21996,7.6018
21997,7.625
21998,6.8333
21999,7.6018
22000,7.2595
22001,8.8556
22002,7.6018
22003,7.6018
22004,7.6018
22005,7.6018
22006,4.0737
22007,6.6364
22008,10.0
22009,7.6018
22010,7.6018
22011,7.5
22012,7.2595
22013,7.7236
22014,7.6018
22015,7.815
22016,7.6018
22017,7.6018
22018,8.2353
22019,5.0
22020,8.25
22021,7.125
22022,7.2595
22023,8.4444
22024,5.0
22025,7.6018
22026,8.1755
22027,7.0
22028,10.0
22029,7.6018
22030,8.1429
22031,8.9515
22032,9.3832
22033,7.6018
22034,7.6018
22035,7.3333
22036,8.1538
22037,7.6018
22038,7.6018
22039,7.2595
22040,7.6018
22041,7.8333
22042,7.55
22043,7.6018
22044,6.6316
22045,7.6667
22046,7.6018
22047,8.0
22048,7.6018
22049,7.2595
22050,7.6018
22051,7.5
22052,9.2105
22053,7.6018
22054,7.6018
22055,7.6018
22056,7.6018
22057,6.0
22058,7.6018
22059,7.6018
22060,7.6018
22061,7.6018
22062,7.6018
22063,7.6018
22064,7.6018
22065,8.25
22066,9.0
22067,6.8843
22068,7.6018
22069,7.6018
22070,7.6018
22071,8.6667
22072,5.2128
22073,9.5898
22074,8.25
22075,7.6018
22076,7.2595
22077,9.2381
22078,5.8529
22079,7.6018
22080,8.7589
22081,7.6018
22082,7.6018
22083,7.6018
22084,9.6667
22085,8.8556
22086,8.1429
22087,6.7619
22088,7.6667
22089,7.6018
22090,7.6018
22091,7.6018
22092,7.6018
22093,7.6018
22094,7.6018
22095,7.7778
22096,5.0
22097,7.6018
22098,8.125
22099,7.6018
22100,7.6018
22101,7.25
22102,7.6018
22103,5.6154
22104,8.0588
22105,7.6018
22106,7.6018
22107,7.6018
22108,7.5
22109,9.4878
22110,7.2512
22111,7.6018
22112,6.0303
22113,6.8689
22114,7.5065
22115,8.25
22116,7.6018
22117,7.6018
22118,7.6018
22119,9.0
22120,7.6018
22121,7.4848
22122,8.6567
22123,5.0
22124,6.5769
22125,7.6018
22126,9.0
22127,7.6018
22128,7.6018
22129,7.6018
22130,6.6214
22131,9.4878
22132,7.6018
22133,8.4764
22134,7.2595
22135,7.2595
22136,7.2595
22137,8.1429
22138,7.6018
22139,7.1689
22140,7.1689
22141,7.3333
22142,9.4615
22143,7.6018
22144,7.6018
22145,7.6018
22146,7.9
22147,4.0
22148,7.6018
22149,5.0
22150,6.1765
22151,6.4667
22152,6.5
22153,5.5
22154,7.6018
22155,7.3
22156,7.6018
22157,7.3158
22158,7.6018
22159,7.0476
22160,6.6667
22161,7.6018
22162,6.8
22163,6.5
22164,7.6018
22165,7.6018
22166,8.8556
22167,7.6018
22168,8.4988
22169,7.6018
22170,7.6018
22171,7.9091
22172,6.7778
22173,7.2857
22174,8.3426
22175,6.0783
22176,7.6018
22177,8.0
22178,8.2222
22179,7.2595
22180,6.7374
22181,7.6018
22182,7.6018
22183,7.6018
22184,7.25
22185,7.6018
22186,7.0
22187,7.1455
22188,7.6018
22189,7.6018
22190,7.6018
22191,7.6018
22192,7.6018
22193,7.0
22194,8.8462
22195,5.0
22196,8.5
22197,7.6018
22198,7.55
22199,7.6018
22200,9.0
22201,9.4583
22202,7.6018
22203,7.6018
22204,7.9412
22205,7.6018
22206,7.281
22207,7.6018
22208,8.8065
22209,7.6018
22210,8.7404
22211,7.5065
22212,7.6018
22213,8.5833
22214,8.5
22215,6.8
22216,7.6018
22217,7.6018
22218,7.7009
22219,7.6018
22220,7.6018
22221,7.6018
22222,9.0
22223,8.0
22224,7.6018
22225,7.7762
22226,7.4612
22227,7.6018
22228,8.1944
22229,7.6018
22230,7.6018
22231,9.1667
22232,6.375
22233,8.8556
22234,7.6018
22235,8.1928
22236,8.0
22237,7.6018
22238,7.2
22239,7.6018
22240,7.6018
22241,7.6018
22242,7.15
22243,7.6018
22244,9.1171
22245,7.6018
22246,7.6018
22247,7.6018
22248,7.6018
22249,8.8556
22250,5.7014
22251,9.2
22252,8.2109
22253,6.5
22254,6.3
22255,6.5
22256,7.6018
22257,7.3333
22258,7.6018
22259,7.2595
22260,7.6018
22261,7.6018
22262,7.6667
22263,7.5714
22264,8.5005
22265,8.873
22266,7.6018
22267,7.6018
22268,6.9091
22269,7.4375
22270,7.0484
22271,7.0
22272,7.6018
22273,7.6018
22274,7.815
22275,7.6018
22276,7.6018
22277,7.6018
22278,7.6018
22279,7.0
22280,9.28
22281,7.6018
22282,7.6018
22283,7.6018
22284,7.0
22285,8.2353
22286,7.6018
22287,7.6018
22288,7.6018
22289,7.5
22290,8.3333
22291,7.6018
22292,7.6018
22293,6.4
22294,7.6018
22295,7.6018
22296,7.6018
22297,7.875
22298,7.5417
22299,6.56
22300,7.6018
22301,7.6018
22302,9.3333
22303,7.8431
22304,7.6018
22305,8.9403
22306,7.6018
22307,7.6087
22308,7.6018
22309,7.6018
22310,6.6957
22311,7.6018
22312,8.8889
22313,7.6018
22314,7.6018
22315,7.6018
22316,8.037
22317,7.5065
22318,8.375
22319,7.6018
22320,8.8556
22321,8.2778
22322,7.6018
22323,9.16
22324,9.1667
22325,7.1463
22326,7.6018
22327,7.6018
22328,7.6018
22329,7.6018
22330,7.6018
22331,8.7548
22332,7.5
22333,6.0
22334,7.3712
22335,7.2595
22336,6.7358
22337,7.6018
22338,7.6018
22339,7.3333
22340,7.6018
22341,7.5254
22342,7.9286
22343,5.1385
22344,6.0556
22345,7.6018
22346,6.4348
22347,7.6018
22348,6.4074
22349,7.4339
22350,7.2917
22351,7.6018
22352,6.88
22353,8.8
22354,7.55
22355,7.9734
22356,7.6364
22357,8.9939
22358,7.6018
22359,5.0
22360,7.6018
22361,6.3333
22362,7.6018
22363,8.0
22364,7.6018
22365,7.6018
22366,7.5
22367,7.1579
22368,5.0
22369,7.6667
22370,7.6018
22371,7.2595
22372,7.6018
22373,7.6018
22374,7.0
22375,7.6018
22376,7.6018
22377,7.6018
22378,6.9375
22379,7.6018
22380,8.8387
22381,7.6018
22382,7.2595
22383,7.6018
22384,6.7358
22385,7.6018
22386,9.149
22387,7.2595
22388,8.2128
22389,7.2368
22390,7.6018
22391,6.5049
22392,9.5
22393,8.4
22394,7.6018
22395,7.6018
22396,7.6018
22397,7.6018
22398,7.6018
22399,7.6018
22400,8.6842
22401,7.6018
22402,7.8916
22403,7.6018
22404,7.6018
22405,7.6018
22406,7.6018
22407,7.8889
22408,7.7429
22409,7.6018
22410,9.0
22411,7.6018
22412,6.75
22413,7.9577
22414,7.6018
22415,7.3523
22416,7.6018
22417,7.6018
22418,7.6018
22419,8.0
22420,5.8077
22421,7.3846
22422,7.6018
22423,8.3382
22424,7.6018
22425,7.6018
22426,8.0
22427,8.5036
22428,7.6018
22429,7.75
22430,8.6567
22431,7.875
22432,7.9677
22433,7.6018
22434,9.0
22435,8.8556
22436,7.6018
22437,7.2391
22438,8.1852
22439,6.5
22440,6.6667
22441,7.5833
22442,7.6018
22443,7.6018
22444,8.1875
22445,7.6018
22446,7.6018
22447,7.6018
22448,7.2595
22449,7.6018
22450,7.5556
22451,7.6018
22452,7.6018
22453,7.6018
22454,8.6316
22455,8.2353
22456,7.6018
22457,7.6018
22458,7.6018
22459,7.6018
22460,7.6018
22461,7.2
22462,7.6018
22463,8.3971
22464,6.6667
22465,5.0752
22466,7.75
22467,7.6018
22468,6.6
22469,7.875
22470,9.6
22471,7.6018
22472,5.125
22473,7.6018
22474,7.6018
22475,5.7143
22476,8.6719
22477,7.6018
22478,8.6667
22479,7.6018
22480,7.6018
22481,6.3786
22482,7.6018
22483,2.75
22484,9.0
22485,7.6018
22486,7.6018
22487,6.6923
22488,7.6018
22489,7.6018
22490,7.1667
22491,7.6018
22492,7.6018
22493,6.7619
22494,7.4421
22495,7.6018
22496,7.6018
22497,7.6018
22498,6.7917
22499,7.4601
22500,6.8889
22501,7.0
22502,7.6667
22503,8.0
22504,7.6018
22505,7.3158
22506,4.7059
22507,6.0
22508,7.6018
22509,5.5
22510,7.6018
22511,7.6018
22512,7.6018
22513,8.0583
22514,7.9
22515,8.0833
22516,8.375
22517,7.6018
22518,9.1081
22519,7.6018
22520,7.6018
22521,7.6018
22522,7.6018
22523,7.6018
22524,5.0
22525,7.6018
22526,7.6944
22527,7.6018
22528,7.6018
22529,5.6667
22530,7.0769
22531,6.5075
22532,5.25
22533,7.6018
22534,8.0294
22535,7.6018
22536,6.9688
22537,7.125
22538,7.2595
22539,5.0
22540,7.6018
22541,9.1395
22542,7.2143
22543,7.6268
22544,9.7206
22545,6.3333
22546,7.2595
22547,8.1486
22548,7.6018
22549,7.58
22550,8.4091
22551,10.0
22552,8.0556
22553,7.6018
22554,7.6018
22555,7.6018
22556,7.6018
22557,8.0
22558,7.6018
22559,8.0
22560,7.6018
22561,7.9667
22562,7.6018
22563,8.0
22564,7.6018
22565,7.6018
22566,7.6018
22567,7.3182
22568,7.6018
22569,8.6791
22570,7.6018
22571,10.0
22572,7.6018
22573,8.0
22574,7.0769
22575,7.5505
22576,6.16
22577,7.6018
22578,7.6018
22579,7.6018
22580,9.6216
22581,7.6018
22582,7.6
22583,7.6018
22584,7.6018
22585,6.0
22586,7.2243
22587,7.2174
22588,6.4074
22589,7.6018
22590,6.9667
22591,7.6018
22592,8.6579
22593,7.6018
22594,7.6018
22595,8.9905
22596,6.3626
22597,5.1355
22598,7.6018
22599,7.6018
22600,7.6018
22601,7.6018
22602,7.8916
22603,3.0
22604,8.2
22605,7.3523
22606,5.5753
22607,7.6018
22608,9.0262
22609,9.0
22610,5.0
22611,7.6018
22612,7.6018
22613,8.0
22614,9.4632
22615,8.88
22616,7.6018
22617,7.6018
22618,7.6018
22619,7.6667
22620,8.6667
22621,7.6018
22622,6.7403
22623,7.2595
22624,7.6018
22625,7.7449
22626,8.2353
22627,7.8431
22628,7.6018
22629,7.0
22630,8.4444
22631,7.6018
22632,7.6018
22633,8.0
22634,7.2595
22635,9.0
22636,7.6018
22637,6.6
22638,7.5065
22639,7.6018
22640,7.6018
22641,7.6667
22642,5.1385
22643,7.6018
22644,6.2222
22645,8.0238
22646,7.7009
22647,7.6018
22648,8.7903
22649,7.6018
22650,7.6018
22651,7.6018
22652,7.6018
22653,7.6018
22654,7.6757
22655,7.4421
22656,9.8571
22657,7.3148
22658,7.6018
22659,8.3686
22660,7.6667
22661,7.6018
22662,7.6018
22663,7.3333
22664,7.6018
22665,7.8617
22666,9.3333
22667,7.6018
22668,7.5574
22669,7.6018
22670,7.6018
22671,7.6018
22672,10.0
22673,7.6018
22674,5.25
22675,7.6018
22676,5.0
22677,7.5065
22678,5.8667
22679,8.505
22680,7.6018
22681,7.6018
22682,7.6018
22683,7.1579
22684,7.6018
22685,8.8302
22686,6.9256
22687,7.6018
22688,7.6018
22689,6.5
22690,8.4545
22691,7.6018
22692,7.6018
22693,7.6018
22694,7.2595
22695,9.3158
22696,7.6018
22697,7.6018
22698,7.6018
22699,9.0827
22700,7.6018
22701,7.6018
22702,7.1111
22703,7.6018
22704,7.6018
22705,7.6018
22706,8.4
22707,7.6018
22708,6.7
22709,7.6018
22710,7.6018
22711,6.0
22712,7.6018
22713,7.8889
22714,7.2595
22715,7.6018
22716,9.0
22717,7.6018
22718,7.6018
22719,7.5936
22720,6.9091
22721,8.8556
22722,7.6018
22723,7.6018
22724,7.6018
22725,2.3416
22726,6.6667
22727,7.8333
22728,7.6018
22729,6.0
22730,9.0
22731,7.6018
22732,8.5
22733,7.5
22734,7.6018
22735,6.0
22736,7.2258
22737,7.6018
22738,7.6018
22739,10.0
22740,7.6018
22741,9.0262
22742,8.0
22743,7.3973
22744,8.75
22745,7.6018
22746,5.1355
22747,8.2676
22748,5.0
22749,7.6018
22750,7.6018
22751,7.6018
22752,7.6018
22753,8.0
22754,7.6018
22755,7.6018
22756,7.6018
22757,6.5
22758,7.6018
22759,8.0
22760,7.7236
22761,7.6018
22762,7.828
22763,7.6018
22764,7.6018
22765,7.6018
22766,7.6018
22767,7.7143
22768,8.0
22769,7.6018
22770,5.8667
22771,7.6018
22772,7.6018
22773,7.6018
22774,8.2128
22775,7.6018
22776,7.6018
22777,8.1852
22778,7.6018
22779,7.6018
22780,7.6018
22781,6.6667
22782,7.6018
22783,8.5
22784,7.6018
22785,7.6018
22786,7.6018
22787,7.6018
22788,9.6667
22789,6.9333
22790,5.4074
22791,7.4167
22792,7.6018
22793,7.7778
22794,7.6018
22795,7.7778
22796,8.2109
22797,7.5
22798,6.8333
22799,8.5833
22800,7.6575
22801,9.55
22802,7.6018
22803,7.6018
22804,7.6018
22805,7.6018
22806,8.5
22807,7.6018
22808,8.0
22809,6.2
22810,6.875
22811,7.6018
22812,7.6018
22813,7.6471
22814,7.6018
22815,7.6018
22816,7.5339
22817,7.6018
22818,7.6018
22819,6.7143
22820,8.8556
22821,7.6018
22822,7.6018
22823,7.6018
22824,7.6018
22825,7.6018
22826,7.6018
22827,7.6018
22828,7.6018
22829,8.5
22830,7.6018
22831,9.0
22832,7.6018
22833,7.6018
22834,6.0958
22835,7.6018
22836,7.6018
22837,8.75
22838,8.8556
22839,7.6018
22840,8.076
22841,7.6018
22842,7.0769
22843,5.25
22844,7.6018
22845,7.5476
22846,8.122
22847,6.6667
22848,7.6018
22849,7.6018
22850,9.8667
22851,7.6018
22852,7.6018
22853,8.8556
22854,9.4019
22855,7.6018
22856,7.6018
22857,7.6018
22858,7.6018
22859,7.8
22860,8.5
22861,7.6018
22862,6.75
22863,6.5
22864,7.6415
22865,9.0
22866,8.1829
22867,7.6018
22868,7.6018
22869,7.6018
22870,7.6018
22871,8.2353
22872,8.2676
22873,7.6018
22874,7.6018
22875,8.25
22876,8.0198
22877,7.6018
22878,7.6018
22879,6.9655
22880,7.6018
22881,7.2595
22882,7.0
22883,7.6018
22884,7.6018
22885,5.7692
22886,7.7105
22887,7.6018
22888,7.6018
22889,6.7374
22890,5.1355
22891,7.6018
22892,8.2019
22893,7.2799
22894,6.1385
22895,7.5505
22896,7.6018
22897,7.2595
22898,7.6018
22899,8.7222
22900,8.8556
22901,7.6018
22902,7.3158
22903,7.6018
22904,7.6018
22905,7.6018
22906,7.6018
22907,8.8556
22908,7.6018
22909,7.6018
22910,7.6018
22911,7.9286
22912,7.8333
22913,7.6018
22914,7.6018
22915,7.64
22916,7.6018
22917,7.2595
22918,7.0
22919,7.6018
22920,9.0
22921,7.2595
22922,7.6018
22923,7.6018
22924,7.6018
22925,8.2128
22926,7.6018
22927,7.6018
22928,6.0688
22929,7.6018
22930,7.1026
22931,7.087
22932,7.9
22933,7.6018
22934,7.6018
22935,6.5161
22936,7.6018
22937,8.7143
22938,7.6018
22939,7.6018
22940,10.0
22941,7.6018
22942,7.6018
22943,7.6018
22944,9.4444
22945,8.8556
22946,7.6018
22947,7.2595
22948,8.58
22949,7.6018
22950,7.6018
22951,7.7509
22952,7.6018
22953,7.6018
22954,7.2595
22955,5.1355
22956,7.2595
22957,6.4
22958,7.6018
22959,7.1689
22960,6.1667
22961,7.5333
22962,8.275
22963,7.3523
22964,7.6018
22965,7.6018
22966,6.3333
22967,7.25
22968,7.6018
22969,9.0
22970,7.6018
22971,7.6018
22972,5.3333
22973,8.3
22974,7.6018
22975,9.47
22976,5.0
22977,9.25
22978,7.6018
22979,5.0
22980,6.375
22981,7.0
22982,8.5
22983,7.6018
22984,7.0
22985,7.6018
22986,5.0
22987,8.8556
22988,7.0
22989,6.7987
22990,7.6018
22991,7.2595
22992,7.6018
22993,6.8889
22994,7.76
22995,8.1043
22996,5.0752
22997,7.2595
22998,7.2595
22999,10.0
23000,7.5505
23001,7.6018
23002,7.1026
23003,6.25
23004,7.6018
23005,5.0
23006,7.6018
23007,7.2595
23008,7.6018
23009,7.6018
23010,7.0
23011,8.0
23012,9.3272
23013,7.4151
23014,7.1921
23015,7.2595
23016,8.0238
23017,7.6018
23018,5.2
23019,7.6018
23020,7.6018
23021,8.1955
23022,7.6018
23023,8.0
23024,7.6018
23025,7.4
23026,7.5574
23027,9.0
23028,7.6018
23029,7.6018
23030,7.6018
23031,7.6018
23032,7.6018
23033,7.6018
23034,7.2595
23035,6.0
23036,5.8571
23037,8.0
23038,8.0
23039,7.6018
23040,7.6018
23041,8.0
23042,8.75
23043,7.6018
23044,6.2778
23045,8.25
23046,8.2857
23047,7.6018
23048,9.3333
23049,7.2595
23050,7.0
23051,7.6018
23052,8.4444
23053,7.6018
23054,7.5
23055,7.6364
23056,7.6018
23057,9.1429
23058,7.6018
23059,7.6018
23060,7.6018
23061,7.6018
23062,7.6018
23063,7.6018
23064,6.25
23065,7.6018
23066,7.2857
23067,8.4091
23068,8.5556
23069,6.8333
23070,7.6018
23071,7.6018
23072,8.1486
23073,7.6018
23074,7.4
23075,8.2105
23076,7.6018
23077,6.9091
23078,7.6018
23079,6.5
23080,4.5
23081,7.6018
23082,7.2909
23083,7.2595
23084,7.6018
23085,7.6018
23086,6.0
23087,7.3333
23088,7.6018
23089,7.6018
23090,7.0
23091,7.7
23092,7.6018
23093,7.6018
23094,9.2
23095,8.6667
23096,9.0
23097,8.0
23098,7.6018
23099,7.6018
23100,7.6018
23101,7.6018
23102,7.6018
23103,7.815
23104,7.6018
23105,7.4375
23106,7.6018
23107,7.6018
23108,7.9143
23109,7.2595
23110,7.2595
23111,8.7692
23112,9.0
23113,7.6018
23114,7.6018
23115,7.6018
23116,8.1818
23117,8.122
23118,7.6018
23119,9.0
23120,7.6018
23121,7.6018
23122,7.6018
23123,7.2595
23124,6.75
23125,8.0426
23126,7.6018
23127,8.023
23128,7.6018
23129,8.0
23130,7.53
23131,9.7121
23132,7.4074
23133,7.6018
23134,6.7129
23135,7.6018
23136,7.6018
23137,7.6018
23138,8.8571
23139,8.8235
23140,8.1579
23141,7.6018
23142,7.6018
23143,7.6018
23144,7.6018
23145,4.6667
23146,7.6018
23147,7.6018
23148,6.5
23149,7.6018
23150,8.0
23151,7.6018
23152,6.6364
23153,9.3832
23154,5.3333
23155,8.8556
23156,7.0
23157,5.6995
23158,7.6018
23159,7.6018
23160,7.2857
23161,6.9556
23162,7.6018
23163,7.1667
23164,7.6018
23165,7.6018
23166,6.7328
23167,6.4
23168,7.6018
23169,7.0
23170,7.6923
23171,7.6018
23172,6.4286
23173,7.6018
23174,7.8571
23175,4.0
23176,7.6018
23177,8.534
23178,7.6018
23179,7.7236
23180,8.5313
23181,8.0
23182,7.6018
23183,7.6018
23184,7.6018
23185,7.0
23186,7.6018
23187,7.6018
23188,7.2857
23189,7.9273
23190,7.6018
23191,7.6018
23192,7.6018
23193,7.0
23194,8.7029
23195,7.6018
23196,7.6018
23197,7.6018
23198,7.6018
23199,7.6018
23200,7.6018
23201,7.0
23202,10.0
23203,7.6018
23204,8.0
23205,6.25
23206,7.6018
23207,7.6018
23208,5.0
23209,7.6018
23210,8.0
23211,7.6018
23212,7.6018
23213,8.0
23214,8.0363
23215,7.9
23216,7.6018
23217,6.8571
23218,7.75
23219,7.4421
23220,7.375
23221,6.6214
23222,6.25
23223,7.6018
23224,7.0882
23225,7.7009
23226,8.8556
23227,7.3793
23228,5.8519
23229,8.8081
23230,7.6018
23231,7.8947
23232,7.6018
23233,7.6018
23234,8.4091
23235,7.0
23236,8.2105
23237,7.6018
23238,7.3333
23239,7.885
23240,9.0
23241,7.6018
23242,7.5
23243,7.6018
23244,7.6018
23245,7.3846
23246,7.6018
23247,9.0
23248,8.6579
23249,7.6018
23250,7.2595
23251,7.5714
23252,6.6
23253,7.6018
23254,7.0
23255,7.6875
23256,8.375
23257,7.5
23258,7.9947
23259,7.6018
23260,7.2595
23261,7.6018
23262,7.1689
23263,7.3478
23264,6.7917
23265,6.0226
23266,8.7029
23267,8.122
23268,7.0
23269,7.6018
23270,8.7692
23271,7.6018
23272,7.9167
23273,7.317
23274,7.6018
23275,7.6018
23276,7.6018
23277,7.6018
23278,8.1786
23279,10.0
23280,7.6018
23281,7.6018
23282,8.0094
23283,7.6018
23284,7.6018
23285,7.6018
23286,7.6018
23287,7.6
23288,7.6018
23289,7.6018
23290,6.5
23291,8.907
23292,6.1429
23293,7.6018
23294,9.0262
23295,7.6018
23296,8.608
23297,5.25
23298,9.0
23299,6.75
23300,7.8812
23301,7.6018
23302,6.0958
23303,7.7838
23304,7.6018
23305,7.6018
23306,7.0
23307,9.0
23308,7.6018
23309,7.3333
23310,7.6018
23311,7.6018
23312,7.6018
23313,7.6018
23314,7.6018
23315,7.7762
23316,7.6018
23317,7.6429
23318,9.7467
23319,9.28
23320,8.0
23321,7.6018
23322,7.2368
23323,7.2595
23324,7.6018
23325,8.7143
23326,7.6018
23327,7.6018
23328,7.6018
23329,10.0
23330,9.0734
23331,6.6667
23332,7.5772
23333,7.6018
23334,7.6018
23335,7.3929
23336,7.6018
23337,7.6018
23338,7.6018
23339,6.8333
23340,7.2595
23341,8.9403
23342,7.6018
23343,7.6018
23344,8.3731
23345,7.6018
23346,8.0
23347,7.6018
23348,7.6018
23349,7.2595
23350,6.5
23351,7.0345
23352,6.0667
23353,7.0
23354,9.0
23355,7.6018
23356,6.5293
23357,9.5174
23358,7.9947
23359,8.2019
23360,7.75
23361,7.6018
23362,7.6018
23363,7.6018
23364,7.0
23365,9.0
23366,7.6018
23367,7.6018
23368,7.3523
23369,7.6018
23370,9.5
23371,8.132
23372,7.5
23373,9.0766
23374,8.5333
23375,7.6018
23376,8.4286
23377,9.55
23378,8.7404
23379,8.6567
23380,7.1532
23381,10.0
23382,9.4632
23383,7.6018
23384,8.8556
23385,7.6018
23386,9.6379
23387,7.6018
23388,7.6018
23389,7.6429
23390,10.0
23391,7.5505
23392,7.6018
23393,7.6018
23394,8.1829
23395,7.6018
23396,7.6018
23397,7.6018
23398,7.6018
23399,7.8
23400,7.7762
23401,7.6018
23402,7.6018
23403,9.0
23404,8.4444
23405,7.4
23406,7.6018
23407,7.6018
23408,7.6018
23409,7.2595
23410,7.53
23411,7.6018
23412,7.6018
23413,7.6018
23414,7.6018
23415,7.6018
23416,7.1932
23417,8.8556
23418,8.7091
23419,8.037
23420,7.6018
23421,7.6059
23422,5.65
23423,7.6018
23424,9.0
23425,7.1429
23426,7.6018
23427,7.6
23428,6.5
23429,9.3333
23430,7.6018
23431,7.6018
23432,8.5882
23433,7.2595
23434,7.6018
23435,9.5
23436,7.9444
23437,7.6018
23438,7.6018
23439,7.6018
23440,7.6018
23441,7.5
23442,7.6018
23443,8.2222
23444,7.8077
23445,7.6018
23446,8.0
23447,7.6018
23448,8.4286
23449,7.5065
23450,5.0
23451,6.4173
23452,7.0
23453,6.75
23454,7.6018
23455,7.6018
23456,8.5
23457,7.6018
23458,7.6018
23459,7.4824
23460,7.6018
23461,8.7368
23462,6.3846
23463,7.6018
23464,8.4634
23465,10.0
23466,7.2595
23467,7.6018
23468,6.1875
23469,7.828
23470,7.8333
23471,7.8255
23472,7.6
23473,7.6018
23474,8.8462
23475,7.2595
23476,7.3333
23477,7.6667
23478,7.2595
23479,7.6018
23480,7.6923
23481,8.4545
23482,7.6018
23483,7.4167
23484,7.1667
23485,8.8556
23486,8.0
23487,7.8889
23488,7.6018
23489,7.6018
23490,6.1916
23491,7.6018
23492,7.6018
23493,8.9565
23494,7.2595
23495,9.1429
23496,7.6018
23497,7.6018
23498,7.6018
23499,7.6018
23500,7.6018
23501,7.6018
23502,6.8182
23503,7.6018
23504,7.6018
23505,7.5278
23506,8.0
23507,7.6018
23508,6.4074
23509,7.6018
23510,7.0
23511,9.0227
23512,7.6018
23513,7.6018
23514,7.6018
23515,5.875
23516,7.2595
23517,6.2841
23518,7.6018
23519,7.0132
23520,7.6018
23521,8.0755
23522,6.8571
23523,7.6018
23524,7.6018
23525,7.6018
23526,7.2595
23527,9.0
23528,6.5238
23529,7.2595
23530,8.2353
23531,7.6018
23532,7.6018
23533,7.6018
23534,7.6018
23535,8.0416
23536,7.6018
23537,7.6018
23538,7.6018
23539,8.6667
23540,5.5
23541,7.5476
23542,5.0752
23543,7.9118
23544,7.6018
23545,8.7091
23546,9.3555
23547,7.6018
23548,7.6018
23549,7.2595
23550,7.6714
23551,7.4821
23552,7.6018
23553,9.0
23554,8.6842
23555,7.6018
23556,7.6018
23557,8.8727
23558,7.6018
23559,8.2109
23560,5.9286
23561,6.4
23562,5.0
23563,6.7403
23564,7.2595
23565,7.6018
23566,6.0226
23567,7.6018
23568,7.6018
23569,7.2595
23570,8.0
23571,8.4906
23572,7.6018
23573,7.6018
23574,7.7762
23575,7.6018
23576,6.9667
23577,7.6018
23578,7.6018
23579,6.4921
23580,9.0
23581,7.0
23582,7.6018
23583,7.125
23584,7.6018
23585,8.6
23586,7.6018
23587,7.6018
23588,7.0571
23589,7.6018
23590,8.5875
23591,8.8
23592,7.6018
23593,7.6018
23594,7.6018
23595,7.0
23596,7.6018
23597,7.1429
23598,6.0
23599,8.4
23600,8.6111
23601,8.5
23602,7.6018
23603,9.7398
23604,7.6018
23605,7.6018
23606,7.6018
23607,9.5
23608,6.6
23609,7.6018
23610,6.2055
23611,8.5
23612,7.6018
23613,7.6018
23614,7.6018
23615,7.6018
23616,8.0
23617,7.6018
23618,7.8889
23619,9.8571
23620,7.6018
23621,7.6018
23622,7.2595
23623,7.6018
23624,7.6018
23625,7.6018
23626,8.8556
23627,7.6018
23628,8.8556
23629,7.6018
23630,9.9369
23631,9.0747
23632,7.2595
23633,9.375
23634,7.6018
23635,7.6018
23636,7.5965
23637,7.6018
23638,8.48
23639,7.6018
23640,8.9315
23641,7.6018
23642,7.6018
23643,7.6018
23644,7.6018
23645,7.6018
23646,8.0833
23647,7.6018
23648,7.6018
23649,9.0262
23650,7.7143
23651,7.6018
23652,8.1606
23653,7.1429
23654,7.6018
23655,6.5714
23656,7.6018
23657,7.6018
23658,8.4906
23659,7.6018
23660,8.3664
23661,7.6018
23662,9.0895
23663,8.7903
23664,9.3832
23665,8.8556
23666,6.9688
23667,7.6018
23668,8.2019
23669,5.5
23670,7.2595
23671,9.0
23672,7.6018
23673,9.2222
23674,7.6018
23675,7.6
23676,7.6018
23677,7.5065
23678,7.6018
23679,7.2595
23680,7.3462
23681,8.4
23682,7.6018
23683,7.2243
23684,7.6018
23685,7.2595
23686,9.0
23687,6.3786
23688,7.6018
23689,8.8556
23690,7.6018
23691,8.3953
23692,7.6018
23693,2.0
23694,7.6018
23695,7.3846
23696,6.7778
23697,5.6667
23698,5.0752
23699,8.0
23700,7.9444
23701,6.5
23702,7.6018
23703,8.0598
23704,8.8
23705,7.0818
23706,7.6018
23707,6.6154
23708,5.0
23709,6.1034
23710,8.1955
23711,7.6018
23712,7.6018
23713,7.6018
23714,7.0437
23715,7.9947
23716,7.6018
23717,7.6018
23718,7.6018
23719,7.5385
23720,7.6018
23721,7.6018
23722,8.3
23723,8.4737
23724,6.5
23725,7.6018
23726,7.6018
23727,7.4167
23728,7.2909
23729,6.4667
23730,7.6018
23731,6.0
23732,7.6018
23733,7.6018
23734,7.6018
23735,7.6018
23736,7.5472
23737,6.6875
23738,7.6018
23739,7.6018
23740,8.64
23741,6.0909
23742,7.6018
23743,7.0
23744,7.6018
23745,8.0
23746,6.88
23747,7.6018
23748,7.5965
23749,7.6018
23750,8.1429
23751,8.949
23752,7.7166
23753,10.0
23754,7.6667
23755,6.0
23756,6.0853
23757,7.6018
23758,7.6018
23759,7.2595
23760,7.6018
23761,5.5
23762,7.6018
23763,7.6018
23764,7.5455
23765,8.9905
23766,7.6018
23767,8.7029
23768,7.6018
23769,6.0
23770,5.0
23771,6.25
23772,4.199
23773,7.2941
23774,7.6018
23775,7.6018
23776,5.0752
23777,8.5333
23778,7.6018
23779,7.6018
23780,7.6018
23781,7.6018
23782,7.6018
23783,7.0
23784,7.6018
23785,7.6018
23786,8.2308
23787,7.6018
23788,7.3333
23789,7.6018
23790,7.6018
23791,7.6018
23792,7.2595
23793,9.4632
23794,7.6018
23795,7.7692
23796,7.4
23797,7.4444
23798,8.875
23799,9.0625
23800,7.6018
23801,7.6018
23802,6.0226
23803,5.6819
23804,7.6018
23805,7.6018
23806,7.5
23807,7.6018
23808,7.6018
23809,9.0
23810,7.6018
23811,5.0
23812,5.1429
23813,7.6018
23814,7.6018
23815,7.0
23816,7.8235
23817,7.6018
23818,7.6018
23819,7.6018
23820,8.8556
23821,7.6018
23822,7.6018
23823,7.6018
23824,7.6018
23825,4.7059
23826,7.6018
23827,8.8387
23828,7.2595
23829,7.6018
23830,9.2381
23831,7.6018
23832,7.9593
23833,7.6018
23834,7.6018
23835,7.2368
23836,6.2667
23837,9.1786
23838,7.6018
23839,4.5
23840,7.4286
23841,7.6018
23842,7.6018
23843,7.6018
23844,7.6018
23845,6.9259
23846,7.6018
23847,7.2595
23848,7.6018
23849,9.0
23850,7.6018
23851,7.6018
23852,8.8556
23853,7.6018
23854,6.2433
23855,7.6018
23856,9.5
23857,8.023
23858,7.0
23859,8.2903
23860,8.4849
23861,6.0
23862,7.6018
23863,5.5
23864,9.0
23865,8.8235
23866,6.1034
23867,7.6018
23868,7.1667
23869,7.6018
23870,7.6018
23871,7.6018
23872,4.8975
23873,7.2595
23874,7.6018
23875,7.6
23876,6.5864
23877,7.6018
23878,7.6018
23879,7.6018
23880,7.6018
23881,7.6018
23882,7.2963
23883,7.6018
23884,6.0
23885,8.4748
23886,7.4146
23887,4.7778
23888,7.5
23889,8.375
23890,8.3939
23891,6.5429
23892,7.6018
23893,7.6667
23894,7.6018
23895,7.6018
23896,8.0455
23897,8.082
23898,7.8941
23899,7.6018
23900,7.6018
23901,7.6018
23902,7.6018
23903,8.4237
23904,6.5808
23905,7.9452
23906,9.5723
23907,8.8556
23908,8.0
23909,6.2
23910,9.6364
23911,8.6571
23912,7.6018
23913,7.6018
23914,5.0
23915,7.6018
23916,8.6
23917,7.6018
23918,7.25
23919,8.0909
23920,9.3333
23921,10.0
23922,7.6018
23923,7.6
23924,7.6018
23925,7.6018
23926,7.3478
23927,8.0
23928,6.6667
23929,7.6018
23930,7.6018
23931,10.0
23932,6.1853
23933,7.6018
23934,6.3889
23935,7.6018
23936,7.6018
23937,6.2699
23938,9.6
23939,5.0
23940,7.6018
23941,8.0
23942,7.6018
23943,8.0
23944,7.3481
23945,7.5206
23946,7.6018
23947,7.5
23948,6.875
23949,7.2429
23950,7.5065
23951,7.6018
23952,8.122
23953,8.8556
23954,7.6018
23955,7.6018
23956,8.0455
23957,7.828
23958,7.4
23959,8.1429
23960,7.6018
23961,8.0
23962,7.5938
23963,5.375
23964,7.6018
23965,5.1385
23966,7.6018
23967,6.8689
23968,7.2143
23969,7.6018
23970,7.6018
23971,7.6018
23972,7.6018
23973,7.1689
23974,7.6018
23975,7.6018
23976,7.9559
23977,7.6018
23978,7.6018
23979,7.6018
23980,8.0093
23981,8.6567
23982,7.6018
23983,7.2595
23984,6.0
23985,6.9375
23986,7.6018
23987,7.6018
23988,7.6018
23989,7.7838
23990,8.25
23991,7.6018
23992,7.3158
23993,7.6018
23994,7.5
23995,7.6018
23996,7.6018
23997,7.6018
23998,7.2595
23999,7.6018
24000,7.6018
24001,7.6018
24002,7.05
24003,7.6018
24004,7.6018
24005,7.2917
24006,7.3523
24007,8.3953
24008,6.0
24009,8.8556
24010,7.8333
24011,8.5
24012,8.1667
24013,6.25
24014,9.7865
24015,5.0
24016,5.0
24017,7.6018
24018,7.6667
24019,9.0
24020,7.6018
24021,7.6018
24022,7.5455
24023,7.6018
24024,6.8
24025,7.6018
24026,9.0
24027,7.6018
24028,7.2
24029,7.6018
24030,8.6
24031,7.6018
24032,7.5
24033,5.25
24034,7.6018
24035,7.6018
24036,7.6018
24037,8.5165
24038,7.5833
24039,7.6018
24040,8.5
24041,9.0
24042,7.6018
24043,7.3288
24044,8.3333
24045,9.4583
24046,7.0
24047,7.6018
24048,8.1316
24049,7.6018
24050,5.0
24051,8.4074
24052,7.6018
24053,7.6018
24054,7.6018
24055,7.6018
24056,6.1313
24057,8.625
24058,7.6018
24059,7.6018
24060,7.6018
24061,7.5333
24062,8.8333
24063,7.6018
24064,7.0411
24065,7.6018
24066,7.6018
24067,7.1429
24068,8.7029
24069,7.3846
24070,7.6018
24071,7.7449
24072,7.6667
24073,7.6018
24074,7.6018
24075,7.6018
24076,9.0
24077,7.6018
24078,7.2595
24079,7.7668
24080,8.0
24081,7.55
24082,9.0
24083,7.6018
24084,7.7188
24085,8.4815
24086,7.6018
24087,7.6018
24088,7.6018
24089,6.2
24090,7.6018
24091,7.6018
24092,7.6018
24093,7.6018
24094,8.8556
24095,7.6018
24096,7.6018
24097,7.6018
24098,8.2109
24099,7.6018
24100,5.5753
24101,7.4421
24102,7.6018
24103,7.6018
24104,7.6018
24105,7.6018
24106,7.6018
24107,7.815
24108,7.6018
24109,7.6018
24110,7.9
24111,7.6018
24112,7.6018
24113,7.6018
24114,7.9
24115,7.75
24116,7.4821
24117,7.6018
24118,7.6018
24119,7.6018
24120,9.4841
24121,8.7048
24122,5.5
24123,8.4118
24124,8.5
24125,7.6018
24126,6.8689
24127,7.6018
24128,7.6018
24129,7.6018
24130,7.6018
24131,9.6
24132,7.7449
24133,7.6018
24134,8.0
24135,6.25
24136,7.6018
24137,8.0094
24138,8.0755
24139,7.6018
24140,7.6018
24141,7.6018
24142,9.5098
24143,8.2019
24144,7.7236
24145,7.9286
24146,7.6018
24147,6.1215
24148,8.2109
24149,5.8
24150,8.2368
24151,7.6018
24152,7.6018
24153,6.0
24154,7.5
24155,7.6
24156,7.6018
24157,7.0484
24158,7.6667
24159,7.918
24160,8.7143
24161,8.418
24162,8.0
24163,8.75
24164,7.6018
24165,7.6018
24166,7.6018
24167,7.6018
24168,7.6018
24169,8.3939
24170,7.6018
24171,8.8556
24172,7.6018
24173,7.6018
24174,7.3523
24175,9.4841
24176,7.6018
24177,9.0
24178,7.7692
24179,7.6018
24180,9.4878
24181,7.6018
24182,7.6018
24183,5.4
24184,8.9905
24185,8.2857
24186,5.0
24187,7.2595
24188,6.0
24189,7.6018
24190,8.3939
24191,7.6018
24192,7.6018
24193,7.6018
24194,6.4
24195,8.0
24196,8.4
24197,8.5036
24198,8.28
24199,7.6018
24200,6.5
24201,7.6018
24202,8.7692
24203,6.4074
24204,7.6018
24205,7.7236
24206,7.6018
24207,7.6018
24208,8.2727
24209,6.0909
24210,7.6018
24211,7.6018
24212,8.2109
24213,6.7403
24214,6.0958
24215,8.0294
24216,7.6018
24217,9.0
24218,7.6018
24219,7.6018
24220,8.3333
24221,7.1785
24222,7.3158
24223,7.7407
24224,7.6018
24225,7.6018
24226,7.0
24227,7.6018
24228,7.6018
24229,7.8182
24230,7.0
24231,7.8916
24232,9.7907
24233,7.1667
24234,9.0
24235,8.0909
24236,7.6667
24237,7.6018
24238,7.6018
24239,7.6018
24240,7.2963
24241,9.6332
24242,6.375
24243,8.5667
24244,7.6667
24245,7.6018
24246,7.3973
24247,7.6018
24248,7.6018
24249,8.7234
24250,9.5
24251,8.6567
24252,7.8916
24253,7.6018
24254,7.6018
24255,6.25
24256,8.1
24257,8.4934
24258,7.0484
24259,7.6018
24260,7.6018
24261,8.873
24262,7.6018
24263,7.6018
24264,7.6018
24265,7.9577
24266,7.6018
24267,8.0
24268,10.0
24269,7.1111
24270,7.6018
24271,7.6018
24272,7.6018
24273,7.0
24274,8.0094
24275,7.9545
24276,8.7048
24277,7.6018
24278,7.2595
24279,7.6018
24280,8.0
24281,7.0676
24282,7.2595
24283,8.9714
24284,8.75
24285,6.3786
24286,8.0
24287,7.7449
24288,5.5401
24289,8.0094
24290,8.6316
24291,7.5
24292,7.6018
24293,7.6018
24294,6.0
24295,7.6018
24296,9.5556
24297,7.6018
24298,7.2595
24299,7.2595
24300,7.25
24301,8.0
24302,7.6018
24303,7.4421
24304,7.6018
24305,7.6018
24306,8.1667
24307,5.0
24308,7.6018
24309,7.6018
24310,7.2595
24311,7.6018
24312,7.2595
24313,7.6018
24314,5.65
24315,7.6018
24316,6.4375
24317,8.0
24318,9.4004
24319,7.2595
24320,7.6018
24321,7.6018
24322,8.8556
24323,2.0
24324,7.6018
24325,7.6018
24326,8.2903
24327,6.7403
24328,7.6018
24329,9.3529
24330,7.6018
24331,8.0426
24332,7.6018
24333,6.2778
24334,7.875
24335,6.0
24336,7.6018
24337,7.8667
24338,6.8182
24339,9.0
24340,7.6018
24341,5.5
24342,6.3333
24343,7.6018
24344,7.918
24345,7.6018
24346,7.6018
24347,9.4841
24348,7.6018
24349,7.6018
24350,8.2727
24351,7.6018
24352,5.5401
24353,7.6018
24354,7.6018
24355,8.0
24356,7.1429
24357,7.6018
24358,7.6018
24359,8.873
24360,7.3846
24361,7.6018
24362,7.6018
24363,7.6018
24364,7.4286
24365,9.5
24366,7.6018
24367,6.6667
24368,7.6018
24369,7.6018
24370,7.3514
24371,7.918
24372,7.6018
24373,7.9091
24374,7.6018
24375,8.0
24376,6.4375
24377,6.5238
24378,7.6018
24379,7.6018
24380,7.6018
24381,9.3256
24382,7.6018
24383,7.6018
24384,8.0294
24385,7.6018
24386,8.0
24387,6.6364
24388,7.6667
24389,7.6018
24390,7.6018
24391,7.6018
24392,7.8441
24393,7.6018
24394,7.6018
24395,5.8077
24396,7.6018
24397,7.0
24398,7.6018
24399,7.6018
24400,9.3333
24401,7.2595
24402,7.6018
24403,7.6018
24404,7.6018
24405,7.6018
24406,6.7727
24407,7.4821
24408,7.6018
24409,7.6018
24410,7.6018
24411,8.9796
24412,7.0
24413,7.6018
24414,7.6018
24415,7.6018
24416,7.6018
24417,6.7143
24418,7.6018
24419,6.4245
24420,7.6018
24421,6.6522
24422,7.6018
24423,8.1111
24424,7.6018
24425,8.25
24426,7.8594
24427,7.6018
24428,8.5
24429,7.6018
24430,10.0
24431,7.6018
24432,7.6018
24433,8.2676
24434,10.0
24435,7.6018
24436,7.2595
24437,8.0
24438,8.5625
24439,6.2727
24440,7.6018
24441,7.6018
24442,7.6018
24443,7.6018
24444,7.6018
24445,6.0
24446,7.6018
24447,8.6154
24448,7.1689
24449,7.6018
24450,7.6018
24451,7.6018
24452,9.0262
24453,7.9947
24454,5.1355
24455,6.0
24456,7.6018
24457,7.6018
24458,7.2174
24459,7.6018
24460,7.8617
24461,7.2595
24462,7.0
24463,7.6018
24464,8.7029
24465,7.1039
24466,9.0
24467,7.6018
24468,7.6018
24469,7.6018
24470,7.6018
24471,7.6018
24472,6.56
24473,8.1667
24474,7.6018
24475,7.6809
24476,7.6018
24477,7.3514
24478,7.6018
24479,7.6018
24480,7.6018
24481,8.7143
24482,7.6018
24483,6.4
24484,7.6018
24485,7.814
24486,6.1104
24487,5.0
24488,9.0
24489,7.6018
24490,7.6018
24491,7.7236
24492,7.6018
24493,7.6667
24494,7.7023
24495,7.6018
24496,8.6
24497,9.9997
24498,8.9
24499,8.6667
24500,9.3344
24501,7.6018
24502,5.5753
24503,7.6018
24504,7.6018
24505,7.6018
24506,7.2595
24507,7.6018
24508,7.6018
24509,7.6018
24510,7.6018
24511,9.3158
24512,7.6018
24513,7.6018
24514,7.6018
24515,7.6018
24516,7.2595
24517,7.2595
24518,7.6018
24519,7.6018
24520,7.6018
24521,7.6018
24522,7.6018
24523,9.0
24524,7.6018
24525,10.0
24526,7.6018
24527,7.6018
24528,7.6018
24529,7.6018
24530,8.7091
24531,6.125
24532,7.2917
24533,7.6018
24534,7.6018
24535,7.6018
24536,7.6018
24537,7.6018
24538,7.6018
24539,7.6018
24540,9.7873
24541,7.6018
24542,8.6076
24543,7.6018
24544,8.997
24545,7.8
24546,7.6018
24547,6.0226
24548,7.6018
24549,7.6018
24550,7.6018
24551,8.4444
24552,7.6268
24553,7.6018
24554,7.6018
24555,7.6018
24556,7.6018
24557,7.5943
24558,9.1081
24559,7.6018
24560,7.6018
24561,7.0909
24562,6.8571
24563,7.3333
24564,7.6018
24565,7.0
24566,5.8889
24567,9.6
24568,8.0
24569,8.0
24570,7.8333
24571,7.9545
24572,7.1689
24573,7.0
24574,7.4421
24575,7.9286
24576,7.6018
24577,7.2595
24578,7.6018
24579,7.6018
24580,7.6018
24581,7.6018
24582,7.6018
24583,7.6018
24584,7.9112
24585,7.6018
24586,6.9655
24587,7.4824
24588,8.8958
24589,7.6018
24590,7.6018
24591,7.6018
24592,7.6018
24593,7.5455
24594,8.0
24595,8.1955
24596,8.9403
24597,6.0
24598,7.5952
24599,7.8947
24600,7.0577
24601,7.6018
24602,7.6018
24603,8.3333
24604,7.6018
24605,7.3902
24606,7.6018
24607,9.4583
24608,7.6018
24609,7.6018
24610,7.6018
24611,8.8556
24612,7.9231
24613,6.3636
24614,7.6018
24615,7.6018
24616,7.6018
24617,6.8333
24618,7.6018
24619,7.6018
24620,5.6154
24621,7.8889
24622,7.6018
24623,7.6018
24624,9.6216
24625,7.6018
24626,7.9947
24627,4.8
24628,7.6018
24629,7.6018
24630,5.0
24631,7.4444
24632,7.6018
24633,8.2
24634,6.4545
24635,7.6018
24636,8.0429
24637,7.6018
24638,7.6018
24639,8.0909
24640,7.6667
24641,7.6018
24642,7.6018
24643,7.3333
24644,7.6018
24645,8.25
24646,7.6018
24647,7.6018
24648,7.6018
24649,7.6018
24650,7.6018
24651,7.6018
24652,7.6018
24653,7.7971
24654,7.2595
24655,7.6018
24656,7.6018
24657,7.6018
24658,8.0
24659,7.6018
24660,6.5
24661,6.9737
24662,7.2
24663,10.0
24664,7.6018
24665,7.6018
24666,7.6018
24667,10.0
24668,7.6018
24669,8.0755
24670,7.6018
24671,7.6018
24672,8.25
24673,9.0
24674,7.6018
24675,7.0
24676,8.0
24677,7.6018
24678,7.6018
24679,7.9577
24680,7.6018
24681,7.6018
24682,7.6018
24683,7.6018
24684,7.6018
24685,7.6018
24686,8.4286
24687,7.6018
24688,7.6018
24689,7.0
24690,7.6018
24691,7.6018
24692,7.6018
24693,7.4312
24694,7.6018
24695,7.5
24696,7.2595
24697,7.6018
24698,7.6018
24699,7.6018
24700,7.6018
24701,7.5
24702,6.7581
24703,7.6018
24704,7.6018
24705,7.6018
24706,8.3
24707,7.6018
24708,7.6018
24709,7.6018
24710,7.6018
24711,8.5
24712,8.6
24713,8.4444
24714,6.8667
24715,7.2595
24716,7.6018
24717,7.6018
24718,7.1396
24719,7.6018
24720,7.6018
24721,7.6018
24722,7.6018
24723,7.6018
24724,7.6018
24725,7.6018
24726,7.5
24727,7.6018
24728,8.9905
24729,7.6018
24730,7.6018
24731,7.6018
24732,6.0
24733,7.6018
24734,7.6018
24735,8.7048
24736,5.0
24737,7.6018
24738,7.2595
24739,7.6018
24740,7.5862
24741,7.6018
24742,9.6774
24743,5.793
24744,9.15
24745,7.6154
24746,7.6018
24747,7.6018
24748,8.1111
24749,6.5
24750,7.6018
24751,7.6667
24752,7.6018
24753,7.6018
24754,8.2222
24755,7.6018
24756,5.7826
24757,8.1429
24758,7.6018
24759,7.8889
24760,7.918
24761,10.0
24762,7.6018
24763,8.0
24764,6.3333
24765,7.0
24766,7.6018
24767,10.0
24768,7.8
24769,8.5625
24770,7.6018
24771,7.6018
24772,7.6018
24773,7.6575
24774,5.8519
24775,7.6018
24776,7.6018
24777,7.6018
24778,7.4824
24779,7.6018
24780,7.6018
24781,7.6018
24782,7.6018
24783,7.6018
24784,7.6018
24785,7.6018
24786,6.3333
24787,7.6018
24788,8.2128
24789,7.6018
24790,6.0958
24791,8.2857
24792,9.1625
24793,7.6018
24794,7.6018
24795,7.6018
24796,7.2595
24797,7.1689
24798,6.0
24799,7.6018
24800,8.1786
24801,7.4091
24802,6.9817
24803,7.6018
24804,7.6018
24805,7.8966
24806,7.6018
24807,7.6018
24808,7.6018
24809,7.7067
24810,9.0
24811,8.2368
24812,7.4
24813,7.2595
24814,7.6018
24815,7.6018
24816,7.6018
24817,7.6018
24818,7.6018
24819,6.6885
24820,8.1394
24821,7.6018
24822,8.5
24823,8.75
24824,8.75
24825,7.6018
24826,7.7236
24827,7.6018
24828,7.2429
24829,7.6018
24830,7.6018
24831,6.0
24832,8.375
24833,7.6018
24834,7.4339
24835,3.0
24836,7.6018
24837,8.3164
24838,7.2595
24839,7.6018
24840,7.6018
24841,5.0752
24842,6.6923
24843,7.6018
24844,7.6018
24845,7.6018
24846,7.6018
24847,8.92
24848,7.3333
24849,7.8
24850,7.1667
24851,8.8302
24852,8.6111
24853,7.6018
24854,7.6018
24855,8.3333
24856,7.0
24857,7.6018
24858,7.6
24859,7.6018
24860,5.0
24861,7.6018
24862,7.6018
24863,7.6018
24864,7.6018
24865,7.6018
24866,7.6018
24867,8.0
24868,7.6018
24869,7.6018
24870,8.3764
24871,6.0226
24872,7.6018
24873,5.1355
24874,7.6018
24875,7.6018
24876,8.7029
24877,8.288
24878,9.75
24879,7.6018
24880,6.7358
24881,6.0
24882,9.1176
24883,7.815
24884,9.0811
24885,7.6018
24886,7.6018
24887,7.0577
24888,7.8966
24889,7.6018
24890,7.6018
24891,7.6018
24892,7.2595
24893,6.4
24894,7.3333
24895,7.6018
24896,7.6018
24897,6.0
24898,7.885
24899,7.6018
24900,7.6018
24901,8.0
24902,7.6018
24903,8.6667
24904,7.6944
24905,7.3438
24906,4.0
24907,7.6018
24908,10.0
24909,7.6018
24910,6.6214
24911,7.815
24912,7.4339
24913,7.6018
24914,7.1613
24915,10.0
24916,6.7619
24917,8.6
24918,9.7692
24919,7.6018
24920,7.6018
24921,7.6018
24922,7.6018
24923,8.0
24924,6.0
24925,6.3636
24926,5.3766
24927,7.96
24928,8.25
24929,7.6018
24930,7.6018
24931,7.2595
24932,7.6018
24933,9.0
24934,8.0
24935,7.6018
24936,4.3333
24937,7.6018
24938,7.6018
24939,7.6018
24940,7.6018
24941,8.7903
24942,8.0385
24943,7.6018
24944,7.6018
24945,7.6018
24946,7.6018
24947,7.6018
24948,7.1689
24949,9.3681
24950,7.6018
24951,7.6018
24952,8.0
24953,7.6018
24954,8.5465
24955,8.0
24956,6.1753
24957,9.2857
24958,7.0437
24959,7.6018
24960,7.9118
24961,7.6667
24962,9.5846
24963,7.6018
24964,9.0811
24965,8.6
24966,7.6018
24967,8.25
24968,7.6268
24969,7.6018
24970,7.6018
24971,7.0
24972,8.0
24973,8.4118
24974,7.6018
24975,8.0
24976,6.0
24977,7.5
24978,7.6018
24979,7.5938
24980,7.6018
24981,5.4
24982,7.6018
24983,7.6018
24984,7.6018
24985,7.6018
24986,7.6018
24987,7.6018
24988,7.3152
24989,7.6018
24990,9.0
24991,7.6018
24992,6.875
24993,7.6018
24994,7.6018
24995,7.6018
24996,7.6018
24997,7.3333
24998,7.6018
24999,7.6018
25000,7.6018
25001,7.1039
25002,7.6018
25003,8.8556
25004,7.6018
25005,7.1944
25006,7.6018
25007,7.8687
25008,7.6018
25009,9.7
25010,7.6018
25011,7.6018
25012,7.6018
25013,8.1486
25014,8.7368
25015,7.6018
25016,7.6
25017,8.8
25018,7.6018
25019,7.6018
25020,7.6018
25021,7.6018
25022,7.6018
25023,7.8
25024,7.087
25025,7.6018
25026,7.6018
25027,7.6018
25028,7.6018
25029,7.6018
25030,7.6018
25031,6.75
25032,7.6018
25033,5.75
25034,6.6
25035,7.6018
25036,7.2595
25037,7.6018
25038,6.6364
25039,7.2595
25040,8.1111
25041,6.0226
25042,7.6018
25043,7.6018
25044,7.6018
25045,7.6018
25046,8.6483
25047,7.9947
25048,7.72
25049,7.6018
25050,7.9947
25051,8.9167
25052,5.5484
25053,7.2595
25054,7.6018
25055,7.6018
25056,7.6018
25057,7.6944
25058,8.6667
25059,7.9454
25060,4.0
25061,7.2243
25062,7.0
25063,7.6018
25064,8.0
25065,7.6018
25066,7.2595
25067,8.8556
25068,6.6364
25069,7.8889
25070,7.6575
25071,4.25
25072,10.0
25073,7.6018
25074,7.6018
25075,6.9667
25076,8.3333
25077,8.6667
25078,8.1136
25079,7.2595
25080,7.6496
25081,7.6018
25082,7.6018
25083,6.6842
25084,7.6018
25085,5.75
25086,8.9403
25087,7.885
25088,7.6018
25089,4.0
25090,5.0
25091,7.6018
25092,7.6018
25093,7.3796
25094,7.1333
25095,7.6018
25096,7.6018
25097,7.2857
25098,7.6018
25099,7.4824
25100,8.8556
25101,7.6018
25102,7.2595
25103,7.4146
25104,7.6036
25105,6.875
25106,6.0
25107,7.6018
25108,7.6018
25109,7.5505
25110,7.6018
25111,5.1355
25112,6.9171
25113,7.6018
25114,7.0
25115,6.8623
25116,7.6018
25117,9.0
25118,7.7143
25119,7.6018
25120,6.375
25121,7.6018
25122,7.6018
25123,7.8049
25124,7.6018
25125,7.4583
25126,7.6018
25127,7.6018
25128,7.6018
25129,7.6018
25130,9.2105
25131,7.6018
25132,7.6018
25133,6.9655
25134,10.0
25135,7.6018
25136,5.8077
25137,7.6018
25138,7.0
25139,9.8594
25140,7.6018
25141,7.2632
25142,6.8889
25143,7.6018
25144,8.5165
25145,7.6018
25146,7.6018
25147,7.6018
25148,7.6018
25149,7.76
25150,9.4636
25151,8.442
25152,7.6018
25153,9.4632
25154,7.6018
25155,7.6018
25156,7.12
25157,7.3
25158,7.6018
25159,9.0262
25160,8.88
25161,7.6018
25162,8.0
25163,7.0368
25164,7.4
25165,7.6018
25166,7.72
25167,7.6018
25168,6.0
25169,6.9375
25170,7.6018
25171,7.2857
25172,7.5333
25173,5.0
25174,7.6018
25175,7.9
25176,7.6018
25177,8.1905
25178,6.0
25179,7.0
25180,8.2764
25181,7.0
25182,7.6018
25183,7.6018
25184,7.6018
25185,7.6018
25186,7.6018
25187,7.2308
25188,6.1034
25189,7.5
25190,8.3317
25191,7.6018
25192,5.0
25193,8.8333
25194,7.6018
25195,7.6018
25196,7.6018
25197,8.4
25198,7.6018
25199,7.5
25200,7.6018
25201,8.8
25202,7.6018
25203,7.6018
25204,7.6018
25205,7.6018
25206,7.6897
25207,8.3114
25208,8.0755
25209,7.6018
25210,5.0
25211,7.6018
25212,9.5
25213,7.6018
25214,7.6018
25215,7.885
25216,7.8824
25217,7.6018
25218,7.6018
25219,7.6018
25220,8.0385
25221,7.6018
25222,7.6018
25223,7.6018
25224,6.2055
25225,7.76
25226,8.5714
25227,7.6018
25228,8.8556
25229,7.6018
25230,7.6018
25231,7.6018
25232,8.3913
25233,7.6018
25234,7.8947
25235,7.2659
25236,7.6018
25237,7.815
25238,8.0
25239,7.6018
25240,7.6018
25241,5.9286
25242,7.2595
25243,9.75
25244,7.4286
25245,6.8824
25246,7.6018
25247,7.6018
25248,7.6018
25249,7.3523
25250,7.6018
25251,7.6018
25252,7.6018
25253,7.6018
25254,7.6
25255,7.6018
25256,5.0
25257,7.6018
25258,8.4
25259,7.6018
25260,8.8333
25261,7.6018
25262,7.2595
25263,7.6018
25264,8.2857
25265,7.2595
25266,7.6018
25267,7.1321
25268,7.5758
25269,7.0476
25270,7.6018
25271,5.4015
25272,7.6018
25273,7.6018
25274,7.6018
25275,5.0
25276,7.6018
25277,8.5
25278,8.8556
25279,7.0882
25280,7.6018
25281,8.4091
25282,7.3913
25283,7.2595
25284,7.6018
25285,7.6018
25286,7.0
25287,7.6018
25288,5.0
25289,8.1976
25290,7.6018
25291,7.6018
25292,7.3077
25293,8.0
25294,7.6018
25295,7.8462
25296,7.8333
25297,8.878
25298,7.6018
25299,7.6018
25300,8.2903
25301,7.6018
25302,7.6018
25303,7.6018
25304,7.6018
25305,7.6018
25306,7.3846
25307,7.6018
25308,7.6018
25309,7.828
25310,7.6018
25311,8.5714
25312,7.6018
25313,8.3297
25314,7.913
25315,8.8556
25316,7.6018
25317,8.6396
25318,5.9091
25319,7.0
25320,7.6018
25321,8.8556
25322,7.1212
25323,9.2857
25324,8.5
25325,7.2595
25326,6.1538
25327,7.5
25328,7.7188
25329,9.5714
25330,9.0
25331,8.0556
25332,8.3731
25333,7.6018
25334,7.6018
25335,8.1829
25336,7.6018
25337,6.5455
25338,7.2595
25339,7.6018
25340,7.6018
25341,8.0
25342,7.141
25343,8.5529
25344,7.6018
25345,7.6018
25346,7.6018
25347,6.7581
25348,7.25
25349,7.6018
25350,7.6018
25351,8.1538
25352,7.8667
25353,7.6018
25354,7.6018
25355,8.5
25356,7.6018
25357,7.6018
25358,7.6018
25359,7.6018
25360,7.6018
25361,7.6018
25362,8.3158
25363,7.2595
25364,7.7407
25365,7.6018
25366,10.0
25367,7.6018
25368,7.6018
25369,7.6018
25370,8.3333
25371,8.2353
25372,7.9744
25373,7.6018
25374,7.53
25375,7.5278
25376,6.3333
25377,8.6567
25378,5.7103
25379,7.2595
25380,7.7692
25381,8.8556
25382,7.6018
25383,7.6018
25384,7.6923
25385,7.6018
25386,6.6917
25387,7.6018
25388,8.4444
25389,6.0
25390,7.6667
25391,7.6018
25392,7.8182
25393,10.0
25394,7.6018
25395,7.6018
25396,7.6018
25397,5.3333
25398,7.4339
25399,7.6018
25400,7.6018
25401,7.6018
25402,7.85
25403,4.9189
25404,8.2019
25405,7.2595
25406,7.6018
25407,7.6018
25408,7.6018
25409,7.6018
25410,7.2595
25411,7.2174
25412,7.6018
25413,7.9545
25414,6.7143
25415,7.6018
25416,6.9259
25417,5.0
25418,8.1579
25419,7.6018
25420,6.6842
25421,7.6018
25422,7.2595
25423,7.8594
25424,7.6018
25425,7.6018
25426,9.2335
25427,5.3333
25428,9.1373
25429,7.6018
25430,7.6018
25431,7.6018
25432,8.2918
25433,6.9259
25434,7.55
25435,7.6018
25436,5.1355
25437,7.6018
25438,7.7692
25439,6.6885
25440,6.8889
25441,7.5
25442,7.6018
25443,6.3333
25444,8.5833
25445,7.6018
25446,7.6018
25447,8.8556
25448,9.7591
25449,7.3523
25450,8.0294
25451,7.6018
25452,7.6018
25453,7.3523
25454,6.9231
25455,5.1538
25456,6.7581
25457,7.6018
25458,7.6018
25459,7.6018
25460,7.7
25461,9.0
25462,7.6018
25463,7.9091
25464,7.6018
25465,6.7581
25466,7.6018
25467,6.0
25468,8.0667
25469,7.6018
25470,7.6018
25471,7.6018
25472,8.5399
25473,8.0
25474,7.6018
25475,7.815
25476,8.5714
25477,8.0333
25478,7.0
25479,8.25
25480,7.5457
25481,7.3846
25482,7.6018
25483,7.6018
25484,8.0
25485,7.6018
25486,8.0
25487,8.6567
25488,2.0
25489,7.6018
25490,7.6018
25491,9.25
25492,7.6018
25493,6.3333
25494,9.4841
25495,7.6018
25496,8.8
25497,7.6018
25498,10.0
25499,7.1455
25500,7.6018
25501,8.1579
25502,7.2595
25503,7.0
25504,8.023
25505,7.7449
25506,7.6018
25507,5.4462
25508,7.6018
25509,8.9403
25510,7.6018
25511,7.6018
25512,7.6018
25513,8.9796
25514,7.2595
25515,7.6018
25516,7.6018
25517,7.6018
25518,7.0882
25519,7.6018
25520,7.0
25521,7.55
25522,9.0
25523,4.8
25524,6.1765
25525,7.6018
25526,7.6018
25527,7.6018
25528,7.6018
25529,7.6018
25530,6.2222
25531,7.6018
25532,7.1321
25533,7.6018
25534,9.2
25535,7.6018
25536,7.6018
25537,7.6018
25538,10.0
25539,7.2243
25540,7.6018
25541,8.3913
25542,7.6018
25543,7.6018
25544,7.5065
25545,7.6018
25546,7.0
25547,7.6018
25548,7.6018
25549,7.6018
25550,8.1852
25551,7.6018
25552,8.1829
25553,8.5
25554,7.4117
25555,7.3973
25556,7.6018
25557,7.6018
25558,7.6018
25559,7.6018
25560,8.8556
25561,7.6018
25562,9.25
25563,7.6018
25564,8.8727
25565,7.2941
25566,7.6018
25567,7.6018
25568,7.6018
25569,7.6471
25570,7.4054
25571,9.0
25572,7.8
25573,7.6018
25574,8.0
25575,6.4
25576,7.6018
25577,7.6018
25578,7.6018
25579,6.0
25580,8.0
25581,7.6018
25582,7.6018
25583,7.6087
25584,8.45
25585,7.2595
25586,8.5
25587,7.6018
25588,7.6018
25589,8.5556
25590,7.0
25591,6.8125
25592,8.0
25593,7.2595
25594,9.2329
25595,9.0
25596,7.6018
25597,9.4632
25598,7.6018
25599,7.6018
25600,7.6018
25601,7.6018
25602,7.6018
25603,7.6018
25604,7.2595
25605,9.075
25606,7.0
25607,9.1333
25608,7.6018
25609,7.6018
25610,7.6018
25611,7.375
25612,7.6018
25613,7.6018
25614,8.0
25615,7.6018
25616,7.6018
25617,8.6567
25618,7.6018
25619,7.6018
25620,7.6018
25621,7.2595
25622,6.0769
25623,7.6018
25624,8.1786
25625,10.0
25626,7.6018
25627,7.6018
25628,6.5
25629,7.6018
25630,7.6018
25631,9.125
25632,7.0
25633,7.6018
25634,7.6018
25635,7.6018
25636,7.6018
25637,7.6018
25638,6.875
25639,6.5
25640,9.1429
25641,8.1471
25642,7.6018
25643,7.0
25644,7.6018
25645,7.6018
25646,7.6018
25647,7.6018
25648,7.6018
25649,7.6018
25650,5.3333
25651,7.9231
25652,7.6018
25653,8.7404
25654,8.7812
25655,7.6018
25656,7.2595
25657,7.6018
25658,7.6018
25659,6.625
25660,7.6018
25661,7.828
25662,8.0
25663,7.9947
25664,7.5556
25665,8.0
25666,7.6018
25667,7.6018
25668,7.6809
25669,7.6018
25670,7.9091
25671,7.2595
25672,8.6667
25673,8.7482
25674,7.2917
25675,8.1905
25676,7.6018
25677,7.0
25678,8.0
25679,6.4
25680,8.3
25681,8.25
25682,7.6018
25683,7.6471
25684,9.4841
25685,7.2595
25686,7.6018
25687,8.0
25688,7.6018
25689,7.6018
25690,7.6018
25691,7.6018
25692,7.6018
25693,7.6018
25694,7.6018
25695,5.9091
25696,7.1212
25697,7.6018
25698,7.7895
25699,9.134
25700,7.6018
25701,7.6018
25702,7.6018
25703,7.069
25704,7.6018
25705,7.6018
25706,7.2429
25707,7.6018
25708,7.6018
25709,7.6018
25710,7.9947
25711,7.6018
25712,7.6018
25713,8.2222
25714,7.8333
25715,7.6018
25716,7.6018
25717,7.4
25718,8.5833
25719,7.6018
25720,7.6018
25721,7.6018
25722,7.6018
25723,7.6018
25724,7.6018
25725,7.6018
25726,7.5405
25727,5.0752
25728,8.75
25729,8.375
25730,7.6018
25731,7.0
25732,8.9403
25733,7.2595
25734,8.1538
25735,7.1667
25736,7.6018
25737,7.2595
25738,7.6018
25739,7.6018
25740,7.6018
25741,10.0
25742,7.6018
25743,8.0294
25744,7.6018
25745,8.5
25746,8.0429
25747,8.2903
25748,7.8947
25749,7.6018
25750,7.6018
25751,7.4545
25752,7.2595
25753,8.4906
25754,7.6018
25755,7.6018
25756,7.6018
25757,7.0
25758,8.0
25759,7.1667
25760,7.6018
25761,7.6018
25762,7.8947
25763,7.6018
25764,7.6018
25765,7.6018
25766,6.0226
25767,7.6018
25768,7.0
25769,8.0238
25770,7.2595
25771,6.4545
25772,7.6018
25773,7.6018
25774,7.5065
25775,7.6018
25776,9.6216
25777,7.6018
25778,8.1579
25779,9.0262
25780,7.0
25781,8.1486
25782,6.2055
25783,7.6018
25784,7.6018
25785,7.6018
25786,7.25
25787,7.0
25788,9.0
25789,7.6018
25790,7.6018
25791,8.1976
25792,7.7188
25793,7.6018
25794,7.6018
25795,8.8958
25796,8.1714
25797,7.6018
25798,8.75
25799,9.7287
25800,7.75
25801,8.0
25802,7.9663
25803,7.6018
25804,7.6018
25805,7.6018
25806,7.2595
25807,7.6018
25808,7.6018
25809,7.6018
25810,7.0
25811,9.0262
25812,7.6018
25813,7.6018
25814,8.1765
25815,7.6018
25816,7.6018
25817,7.1463
25818,5.9623
25819,7.6018
25820,6.6
25821,7.3
25822,8.5
25823,7.5556
25824,7.6037
25825,7.6018
25826,7.6018
25827,7.6018
25828,7.6018
25829,7.6018
25830,7.6018
25831,7.6018
25832,5.9091
25833,7.5
25834,7.2595
25835,7.2595
25836,6.5
25837,7.871
25838,7.6018
25839,6.75
25840,9.16
25841,7.6018
25842,7.6018
25843,7.5417
25844,7.6018
25845,7.6018
25846,7.6018
25847,6.8333
25848,7.6018
25849,7.6018
25850,7.6018
25851,7.6018
25852,5.4587
25853,7.6018
25854,8.85
25855,6.3333
25856,7.6018
25857,7.6018
25858,5.2857
25859,8.873
25860,7.6018
25861,7.6018
25862,8.6364
25863,5.0
25864,7.6018
25865,7.3794
25866,7.6018
25867,8.7234
25868,9.4901
25869,6.875
25870,10.0
25871,5.1385
25872,7.3333
25873,8.8
25874,7.6018
25875,7.6018
25876,7.6018
25877,7.8
25878,7.6018
25879,7.3077
25880,7.375
25881,7.8617
25882,7.6018
25883,7.6018
25884,7.0
25885,7.6018
25886,7.6018
25887,7.6268
25888,7.7971
25889,6.8182
25890,7.6018
25891,8.2883
25892,7.6018
25893,7.6018
25894,7.6018
25895,6.6364
25896,7.6018
25897,7.6667
25898,7.6018
25899,7.0
25900,6.8571
25901,7.6018
25902,7.6018
25903,8.45
25904,7.6018
25905,7.3523
25906,7.6018
25907,7.6018
25908,6.0
25909,8.4444
25910,7.9744
25911,7.6018
25912,7.6018
25913,6.0
25914,8.5
25915,7.6018
25916,8.4991
25917,7.3973
25918,7.6018
25919,7.6018
25920,7.55
25921,7.6018
25922,7.6018
25923,6.0
25924,7.6018
25925,7.1429
25926,7.3182
25927,7.6018
25928,7.6018
25929,7.5714
25930,7.6018
25931,7.6018
25932,7.6268
25933,7.6018
25934,7.6018
25935,7.6018
25936,7.6018
25937,9.0
25938,7.9
25939,7.6018
25940,8.997
25941,7.6018
25942,7.2595
25943,7.6018
25944,7.6471
25945,8.8043
25946,7.6018
25947,7.6018
25948,7.2243
25949,7.6018
25950,7.5065
25951,7.6018
25952,7.6018
25953,7.6018
25954,7.6018
25955,7.6018
25956,7.6018
25957,7.1321
25958,7.6018
25959,7.6018
25960,7.8812
25961,7.6018
25962,8.6567
25963,7.6018
25964,7.15
25965,7.6018
25966,7.6018
25967,8.8556
25968,7.0909
25969,9.28
25970,7.8617
25971,7.6061
25972,7.6018
25973,7.6018
25974,6.6667
25975,8.2778
25976,7.6018
25977,7.6018
25978,7.6018
25979,7.6018
25980,7.6018
25981,8.5
25982,7.6018
25983,7.6018
25984,6.7403
25985,9.0979
25986,7.5
25987,7.6018
25988,7.6268
25989,7.6018
25990,6.7143
25991,7.6018
25992,7.6018
25993,7.6018
25994,7.913
25995,7.6018
25996,7.0
25997,8.0
25998,7.2595
25999,8.1928
26000,6.7328
26001,7.6018
26002,7.2595
26003,5.7143
26004,7.6018
26005,7.6018
26006,7.6018
26007,6.3333
26008,7.6018
26009,6.4074
26010,7.6018
26011,7.6018
26012,7.6018
26013,7.6018
26014,7.6018
26015,7.6018
26016,4.3333
26017,7.64
26018,7.9167
26019,7.5952
26020,9.4583
26021,7.6018
26022,7.5294
26023,9.0
26024,7.6018
26025,7.4375
26026,7.2595
26027,9.4718
26028,7.8333
26029,7.6018
26030,5.7059
26031,7.6018
26032,7.9375
26033,7.6018
26034,8.1852
26035,6.875
26036,6.2308
26037,7.4074
26038,8.6667
26039,7.6018
26040,7.6018
26041,7.6018
26042,7.6018
26043,7.6268
26044,7.6575
26045,6.5
26046,6.6214
26047,8.3382
26048,8.9714
26049,7.6018
26050,7.6018
26051,7.6018
26052,6.8571
26053,7.6018
26054,7.6018
26055,7.2595
26056,8.1905
26057,7.6018
26058,8.25
26059,7.6018
26060,8.1429
26061,7.6018
26062,7.6018
26063,7.6018
26064,7.087
26065,7.3523
26066,7.2595
26067,7.6018
26068,7.2595
26069,8.3077
26070,7.6018
26071,7.6018
26072,7.2595
26073,8.2857
26074,7.1036
26075,7.6268
26076,8.122
26077,7.4421
26078,7.6018
26079,7.6018
26080,6.8889
26081,6.8689
26082,7.6
26083,7.2595
26084,10.0
26085,8.8387
26086,7.6018
26087,7.6018
26088,7.6018
26089,7.3333
26090,6.25
26091,7.2595
26092,7.6018
26093,7.6018
26094,7.913
26095,7.5952
26096,6.0
26097,6.8032
26098,7.6018
26099,7.75
26100,8.8556
26101,7.6018
26102,7.6018
26103,7.52
26104,7.2595
26105,6.5
26106,6.6667
26107,7.6018
26108,7.6018
26109,7.2
26110,7.2595
26111,7.6018
26112,7.6018
26113,7.6018
26114,7.871
26115,10.0
26116,7.2595
26117,7.4375
26118,8.0429
26119,7.6018
26120,7.9994
26121,6.0
26122,7.6268
26123,7.6018
26124,7.6018
26125,7.6018
26126,6.6667
26127,8.3731
26128,7.2595
26129,7.25
26130,7.2595
26131,7.6018
26132,8.4
26133,9.0655
26134,7.6018
26135,7.6268
26136,7.592
26137,3.6667
26138,7.6018
26139,7.5952
26140,7.6018
26141,7.6018
26142,7.2595
26143,7.6018
26144,7.3333
26145,7.6018
26146,7.9444
26147,7.6018
26148,7.6018
26149,9.0262
26150,7.6018
26151,7.6018
26152,7.6018
26153,7.0
26154,8.5714
26155,7.6018
26156,7.6018
26157,7.6018
26158,7.6018
26159,7.6757
26160,7.2595
26161,5.9825
26162,10.0
26163,8.375
26164,7.6018
26165,8.2828
26166,7.6018
26167,7.6667
26168,7.6018
26169,8.0
26170,8.9
26171,7.6018
26172,8.0
26173,7.6018
26174,7.0
26175,8.0
26176,8.0
26177,7.6018
26178,7.6018
26179,7.6018
26180,7.8462
26181,2.75
26182,7.6018
26183,6.4
26184,7.6018
26185,7.6018
26186,7.6018
26187,7.6018
26188,7.6018
26189,7.6018
26190,7.4444
26191,9.0
26192,7.6018
26193,7.6018
26194,7.6018
26195,7.2595
26196,7.6018
26197,7.6018
26198,7.6018
26199,7.25
26200,6.9
26201,7.6018
26202,7.3
26203,8.0238
26204,5.0
26205,7.6018
26206,7.6018
26207,7.6018
26208,6.5625
26209,7.6018
26210,8.3
26211,7.6018
26212,7.0345
26213,7.6018
26214,7.6018
26215,7.6018
26216,8.4962
26217,7.2222
26218,5.8529
26219,10.0
26220,8.2727
26221,7.4375
26222,7.2909
26223,7.6018
26224,7.7905
26225,8.283
26226,7.6018
26227,9.125
26228,6.5
26229,7.2595
26230,7.6018
26231,7.6018
26232,7.6944
26233,7.2595
26234,7.6018
26235,8.8556
26236,7.0
26237,7.9947
26238,7.6018
26239,8.1538
26240,7.6018
26241,8.1538
26242,7.4175
26243,7.6018
26244,7.6018
26245,7.5714
26246,7.6018
26247,7.6018
26248,7.6018
26249,8.0
26250,5.0
26251,7.6018
26252,7.6923
26253,7.5476
26254,8.0
26255,7.6018
26256,9.3832
26257,7.6018
26258,8.1111
26259,7.6018
26260,7.6018
26261,7.2595
26262,8.0
26263,7.6018
26264,7.6018
26265,7.6018
26266,7.6018
26267,7.6018
26268,4.0
26269,7.5
26270,8.0
26271,7.6018
26272,8.2222
26273,7.1579
26274,9.0
26275,8.8556
26276,7.6018
26277,7.2429
26278,7.6667
26279,5.0752
26280,7.6018
26281,10.0
26282,7.125
26283,8.7029
26284,7.6018
26285,7.6018
26286,8.3953
26287,9.3333
26288,7.6018
26289,7.6018
26290,7.6
26291,7.6018
26292,7.2595
26293,7.6018
26294,7.875
26295,7.6018
26296,9.125
26297,7.6018
26298,7.3523
26299,7.6018
26300,7.6018
26301,5.8214
26302,8.0484
26303,8.873
26304,6.5
26305,9.0
26306,7.6018
26307,8.418
26308,6.0
26309,7.6018
26310,6.3889
26311,7.9565
26312,7.4286
26313,7.5952
26314,5.875
26315,7.6018
26316,7.6018
26317,7.6018
26318,7.6018
26319,7.6
26320,8.2019
26321,7.839
26322,7.6018
26323,7.6018
26324,7.4146
26325,7.885
26326,6.3333
26327,7.6018
26328,7.6018
26329,7.6018
26330,7.8824
26331,8.873
26332,7.8889
26333,7.6018
26334,7.9947
26335,7.6018
26336,7.867
26337,7.6018
26338,7.3148
26339,7.6018
26340,7.6018
26341,6.3333
26342,7.5
26343,6.6667
26344,7.6018
26345,7.6018
26346,7.6018
26347,6.1667
26348,7.6018
26349,8.9091
26350,7.9452
26351,7.1727
26352,7.4421
26353,7.0
26354,5.5401
26355,7.25
26356,8.7404
26357,7.6018
26358,7.6018
26359,7.6018
26360,7.2595
26361,8.9091
26362,7.6018
26363,7.6018
26364,7.6018
26365,7.7692
26366,7.6018
26367,3.6093
26368,7.3548
26369,7.6018
26370,7.6018
26371,7.6018
26372,7.0909
26373,7.6018
26374,7.6018
26375,7.6018
26376,7.6018
26377,7.6018
26378,7.6018
26379,7.6018
26380,7.6018
26381,7.6018
26382,8.9403
26383,7.6018
26384,8.607
26385,7.6018
26386,9.4545
26387,7.6268
26388,7.6018
26389,7.6018
26390,7.6018
26391,5.8182
26392,7.6018
26393,7.9
26394,8.5
26395,7.6018
26396,7.6018
26397,7.4
26398,7.2595
26399,9.0
26400,7.9947
26401,7.6018
26402,7.6018
26403,7.6018
26404,7.6018
26405,7.8182
26406,7.0
26407,7.6018
26408,7.6018
26409,8.0
26410,6.0769
26411,7.2595
26412,7.1689
26413,7.2595
26414,6.2857
26415,6.625
26416,7.6018
26417,8.3333
26418,7.6018
26419,7.6018
26420,7.6018
26421,8.0
26422,7.6018
26423,7.6018
26424,5.875
26425,7.6018
26426,6.7129
26427,7.6018
26428,7.6018
26429,7.6018
26430,5.0
26431,7.3333
26432,7.6018
26433,7.6018
26434,7.6018
26435,7.6018
26436,7.8182
26437,7.6018
26438,7.6018
26439,7.6018
26440,7.6018
26441,7.6018
26442,7.6018
26443,7.6018
26444,7.6018
26445,8.8727
26446,8.7404
26447,8.6111
26448,8.6
26449,7.6018
26450,9.0
26451,7.6018
26452,7.6018
26453,8.1111
26454,8.4634
26455,8.0
26456,7.625
26457,8.541
26458,7.6018
26459,7.6018
26460,7.6018
26461,9.4632
26462,7.6018
26463,9.0
26464,7.6471
26465,5.8529
26466,7.6018
26467,7.1689
26468,7.6018
26469,10.0
26470,7.6018
26471,7.6018
26472,7.6018
26473,8.8576
26474,7.6018
26475,7.6018
26476,7.6018
26477,6.3333
26478,7.3158
26479,8.96
26480,6.2
26481,7.6018
26482,8.0
26483,10.0
26484,8.4286
26485,2.0
26486,8.0508
26487,10.0
26488,5.9375
26489,7.6018
26490,7.4286
26491,7.9565
26492,7.6018
26493,7.125
26494,8.0
26495,9.5728
26496,7.6018
26497,7.6018
26498,8.6567
26499,8.2812
26500,6.0226
26501,7.6018
26502,7.6018
26503,8.1976
26504,7.6018
26505,6.8
26506,7.6018
26507,8.1714
26508,7.6018
26509,7.6018
26510,7.6018
26511,7.6018
26512,8.0238
26513,7.6018
26514,7.6018
26515,7.5556
26516,5.9
26517,7.6018
26518,7.6018
26519,5.0
26520,5.75
26521,7.6018
26522,7.6018
26523,9.0
26524,6.2055
26525,7.9231
26526,4.8
26527,7.6018
26528,7.6018
26529,7.6018
26530,7.6018
26531,7.9
26532,7.6018
26533,7.6018
26534,7.6018
26535,5.65
26536,7.8056
26537,7.6018
26538,7.6018
26539,7.6018
26540,7.6018
26541,6.9737
26542,5.6667
26543,5.8182
26544,5.95
26545,6.375
26546,7.6268
26547,7.6018
26548,9.1429
26549,7.6018
26550,7.6018
26551,7.6018
26552,7.6018
26553,7.2595
26554,6.0958
26555,7.6018
26556,7.6018
26557,7.6018
26558,7.2595
26559,8.25
26560,7.6667
26561,7.6018
26562,5.4
26563,7.2595
26564,7.6018
26565,7.6018
26566,5.5483
26567,7.6018
26568,9.3832
26569,7.6018
26570,10.0
26571,8.2676
26572,8.8556
26573,7.6018
26574,7.6018
26575,8.0
26576,7.3796
26577,6.6214
26578,7.8594
26579,7.6018
26580,7.9959
26581,7.6018
26582,7.6018
26583,7.2941
26584,7.6018
26585,7.6018
26586,8.0094
26587,7.6018
26588,7.6923
26589,7.6018
26590,6.8
26591,7.6018
26592,7.0
26593,7.6018
26594,7.6018
26595,7.6018
26596,7.6018
26597,8.0
26598,7.3333
26599,7.6018
26600,7.6018
26601,7.6018
26602,7.6018
26603,10.0
26604,7.3523
26605,7.6018
26606,7.6018
26607,6.35
26608,6.7917
26609,8.1111
26610,7.6018
26611,7.6018
26612,7.58
26613,7.2595
26614,8.0333
26615,7.6018
26616,7.6018
26617,7.6018
26618,7.6018
26619,7.6018
26620,6.25
26621,7.6018
26622,5.9091
26623,7.6018
26624,7.6018
26625,7.3333
26626,5.9825
26627,7.6018
26628,7.6018
26629,7.6018
26630,7.6018
26631,7.8636
26632,7.875
26633,6.0
26634,7.6018
26635,7.6018
26636,7.2846
26637,7.6018
26638,7.6018
26639,9.125
26640,8.0
26641,7.6018
26642,6.8125
26643,7.6018
26644,7.6018
26645,7.6018
26646,10.0
26647,7.6575
26648,8.0
26649,7.6018
26650,7.0
26651,8.1928
26652,7.6018
26653,9.6
26654,6.1538
26655,7.6018
26656,7.6018
26657,6.6
26658,7.6018
26659,7.6018
26660,7.6018
26661,7.6018
26662,8.75
26663,8.0455
26664,9.0
26665,7.6018
26666,8.3333
26667,7.6018
26668,7.9947
26669,7.6018
26670,7.2432
26671,7.6018
26672,7.4444
26673,7.75
26674,7.8617
26675,7.6018
26676,8.0
26677,6.4921
26678,7.6018
26679,6.0279
26680,6.378
26681,7.8617
26682,10.0
26683,7.6018
26684,7.6018
26685,7.6018
26686,6.6667
26687,6.3846
26688,7.6018
26689,8.8985
26690,7.6018
26691,7.6018
26692,8.1111
26693,7.6018
26694,7.6018
26695,4.3333
26696,8.375
26697,7.6018
26698,7.6018
26699,7.6018
26700,6.6667
26701,5.5
26702,6.0226
26703,7.6018
26704,7.6018
26705,6.6
26706,7.0818
26707,7.6018
26708,7.6018
26709,7.625
26710,7.6018
26711,6.6214
26712,9.4348
26713,7.1897
26714,7.6018
26715,7.0
26716,7.6018
26717,7.6018
26718,7.6018
26719,7.6018
26720,7.0
26721,8.0
26722,7.6018
26723,7.6018
26724,7.6018
26725,7.1667
26726,7.3103
26727,7.5339
26728,7.9559
26729,7.6018
26730,7.6018
26731,9.4841
26732,7.6018
26733,8.1538
26734,7.6018
26735,7.9273
26736,7.6018
26737,8.0
26738,7.6018
26739,7.6018
26740,7.7429
26741,7.6018
26742,7.6018
26743,7.3333
26744,9.4583
26745,7.9744
26746,7.4118
26747,7.6018
26748,7.2243
26749,5.8182
26750,7.6018
26751,9.0
26752,7.6018
26753,8.0
26754,7.6018
26755,7.2595
26756,8.0
26757,7.6018
26758,8.4091
26759,7.6018
26760,7.6018
26761,7.5
26762,8.9796
26763,7.6018
26764,7.6018
26765,7.6018
26766,7.5938
26767,7.6018
26768,7.6018
26769,7.6018
26770,7.6018
26771,7.9947
26772,7.6018
26773,7.6018
26774,7.25
26775,10.0
26776,7.6018
26777,10.0
26778,6.0
26779,7.6018
26780,7.6018
26781,7.6018
26782,7.6018
26783,7.6018
26784,7.6018
26785,7.6018
26786,6.6885
26787,7.0577
26788,7.6018
26789,7.6018
26790,7.6018
26791,8.1111
26792,7.6018
26793,7.5833
26794,4.0
26795,5.0
26796,7.6018
26797,7.6018
26798,7.6018
26799,7.0
26800,6.3846
26801,7.6018
26802,7.6018
26803,8.8421
26804,8.1486
26805,7.3846
26806,9.0
26807,7.1689
26808,7.6018
26809,6.8
26810,7.6018
26811,7.6018
26812,8.4286
26813,8.0833
26814,5.5401
26815,7.7449
26816,6.3786
26817,6.5
26818,10.0
26819,7.6018
26820,8.2963
26821,7.3148
26822,7.6018
26823,7.6018
26824,7.6018
26825,7.6018
26826,7.45
26827,8.3636
26828,7.2595
26829,7.6018
26830,5.0
26831,7.6018
26832,8.0
26833,7.2595
26834,7.6018
26835,8.75
26836,7.7692
26837,7.2595
26838,7.4211
26839,7.2595
26840,7.1212
26841,7.1689
26842,5.25
26843,8.0
26844,7.6018
26845,7.6018
26846,8.8727
26847,7.6018
26848,8.3333
26849,6.5
26850,7.6018
26851,7.6
26852,9.1765
26853,7.6018
26854,7.7407
26855,7.0
26856,7.9366
26857,7.9239
26858,8.2676
26859,7.6018
26860,8.6667
26861,7.6018
26862,8.3382
26863,9.0
26864,7.6018
26865,8.4091
26866,5.8214
26867,7.6018
26868,7.6018
26869,8.3576
26870,9.3832
26871,7.2308
26872,8.0
26873,9.125
26874,8.0
26875,7.8916
26876,8.8421
26877,7.5
26878,7.6018
26879,8.873
26880,6.6667
26881,9.0
26882,8.0
26883,7.6018
26884,7.6018
26885,7.7999
26886,7.6018
26887,7.6018
26888,7.6018
26889,7.6018
26890,7.6018
26891,7.6018
26892,7.6018
26893,7.6018
26894,6.8182
26895,7.0
26896,8.6579
26897,7.9565
26898,7.6018
26899,7.6018
26900,9.0
26901,10.0
26902,7.6018
26903,8.8556
26904,5.5634
26905,6.4921
26906,7.2595
26907,8.8556
26908,6.7143
26909,7.2595
26910,6.5
26911,7.6471
26912,7.0
26913,7.6018
26914,7.6018
26915,7.6268
26916,7.6018
26917,8.8
26918,6.4921
26919,7.53
26920,7.4194
26921,7.4865
26922,7.6018
26923,7.6018
26924,9.134
26925,7.6018
26926,9.134
26927,7.6018
26928,7.6018
26929,7.0667
26930,7.6018
26931,7.6087
26932,9.0
26933,4.0
26934,7.2595
26935,6.2
26936,7.6018
26937,7.2595
26938,7.6018
26939,7.6018
26940,7.2595
26941,7.6018
26942,8.25
26943,7.6018
26944,4.5455
26945,7.6018
26946,7.6018
26947,7.6018
26948,7.2391
26949,8.0
26950,7.6018
26951,7.1944
26952,8.8556
26953,7.6018
26954,7.6018
26955,7.5745
26956,7.6018
26957,7.6471
26958,7.5065
26959,6.5
26960,7.6018
26961,8.0
26962,7.6018
26963,7.3523
26964,6.7358
26965,6.3333
26966,7.3796
26967,7.6018
26968,7.6018
26969,5.7283
26970,7.4
26971,6.0909
26972,6.8
26973,10.0
26974,7.6018
26975,7.6018
26976,7.8889
26977,7.8182
26978,7.6018
26979,7.6018
26980,7.5714
26981,7.5556
26982,7.6018
26983,7.5
26984,7.6018
26985,7.6018
26986,6.6
26987,7.6018
26988,7.6018
26989,7.2595
26990,7.6018
26991,7.6018
26992,7.2846
26993,7.6018
26994,7.6018
26995,7.6018
26996,6.0958
26997,7.6018
26998,8.7404
26999,7.6667
27000,7.0882
27001,7.6018
27002,7.3103
27003,7.6018
27004,8.7368
27005,8.5
27006,7.6018
27007,5.9
27008,7.6018
27009,7.6018
27010,7.0
27011,7.6018
27012,8.0
27013,8.2105
27014,7.6018
27015,7.6018
27016,6.0
27017,9.7907
27018,7.2595
27019,8.85
27020,7.6018
27021,8.8556
27022,7.6018
27023,7.0
27024,7.5
27025,7.6018
27026,7.6018
27027,6.4286
27028,6.0909
27029,7.6018
27030,8.5
27031,9.0811
27032,6.9958
27033,7.6018
27034,7.6018
27035,7.3333
27036,7.6018
27037,8.25
27038,7.375
27039,7.6018
27040,7.6018
27041,7.6018
27042,5.7
27043,9.6516
27044,8.1955
27045,6.0226
27046,7.6018
27047,7.6268
27048,7.8333
27049,6.0
27050,7.6018
27051,7.5862
27052,8.873
27053,7.6018
27054,7.6018
27055,8.0
27056,7.6018
27057,7.4054
27058,7.6018
27059,7.6018
27060,7.7778
27061,7.6018
27062,7.6018
27063,7.3796
27064,8.5
27065,8.5
27066,5.0752
27067,7.6018
27068,6.2222
27069,7.6018
27070,9.5077
27071,8.3825
27072,7.6018
27073,7.0
27074,10.0
27075,7.6018
27076,8.6667
27077,7.3333
27078,9.4878
27079,7.6018
27080,6.3333
27081,8.7234
27082,7.2595
27083,7.609
27084,7.0
27085,7.6018
27086,7.6018
27087,5.1667
27088,6.625
27089,7.0484
27090,8.3333
27091,7.6018
27092,7.6018
27093,7.8903
27094,7.6018
27095,9.0
27096,6.7778
27097,7.6018
27098,7.6018
27099,7.6018
27100,7.0
27101,7.6018
27102,7.6018
27103,7.6018
27104,7.6018
27105,7.815
27106,7.6018
27107,8.0
27108,7.7762
27109,7.96
27110,7.6018
27111,8.4545
27112,7.4151
27113,7.6018
27114,5.0
27115,7.2595
27116,7.6018
27117,7.6018
27118,7.6018
27119,7.6018
27120,7.2941
27121,7.6018
27122,7.3962
27123,8.4286
27124,7.6018
27125,6.4
27126,7.6018
27127,7.4545
27128,8.5625
27129,7.6018
27130,7.2
27131,7.6018
27132,7.2595
27133,7.6018
27134,7.6018
27135,6.4906
27136,7.6018
27137,7.6018
27138,8.5
27139,7.6018
27140,7.6018
27141,7.6018
27142,7.6018
27143,7.6018
27144,7.6018
27145,7.6018
27146,7.6018
27147,8.2857
27148,7.6018
27149,7.4151
27150,8.0
27151,8.8556
27152,7.6018
27153,7.6018
27154,7.6018
27155,7.6018
27156,6.9412
27157,7.6018
27158,7.2595
27159,7.2595
27160,7.25
27161,5.0
27162,7.6018
27163,5.6667
27164,7.6018
27165,7.6018
27166,7.6018
27167,7.6018
27168,7.094
27169,7.6018
27170,7.6018
27171,7.6018
27172,8.0
27173,7.6018
27174,7.6018
27175,7.6018
27176,7.2595
27177,7.2595
27178,9.0
27179,7.6018
27180,7.6018
27181,7.6018
27182,7.6018
27183,7.75
27184,7.0
27185,7.6018
27186,7.7429
27187,7.6018
27188,7.5882
27189,7.6018
27190,7.6018
27191,7.6018
27192,7.6018
27193,7.6018
27194,7.6018
27195,7.6018
27196,7.6018
27197,7.2595
27198,8.0417
27199,7.6018
27200,7.6018
27201,8.0
27202,7.2595
27203,6.5
27204,7.6018
27205,7.6018
27206,7.4421
27207,7.2595
27208,7.6018
27209,7.2595
27210,7.6018
27211,6.0
27212,7.8125
27213,7.6018
27214,7.6018
27215,7.6018
27216,6.6667
27217,7.6018
27218,7.6018
27219,5.0909
27220,7.6018
27221,7.6018
27222,7.5
27223,7.6018
27224,5.0
27225,8.3953
27226,7.6018
27227,9.6667
27228,7.9152
27229,7.6018
27230,9.0262
27231,7.6018
27232,7.6
27233,7.6018
27234,7.6018
27235,7.6018
27236,7.6018
27237,9.2353
27238,7.6018
27239,8.0
27240,6.25
27241,8.0
27242,7.9
27243,9.1429
27244,7.2595
27245,6.2055
27246,8.5
27247,8.5769
27248,7.2595
27249,8.8556
27250,7.6018
27251,8.8556
27252,7.6018
27253,8.8556
27254,6.3786
27255,7.6018
27256,7.6018
27257,7.6018
27258,7.9231
27259,7.2595
27260,8.8556
27261,5.1385
27262,7.6018
27263,5.0
27264,6.6471
27265,7.6018
27266,7.6018
27267,7.6018
27268,7.696
27269,7.6018
27270,7.6018
27271,7.6018
27272,7.6018
27273,10.0
27274,7.6018
27275,7.6018
27276,5.5
27277,7.6018
27278,7.6018
27279,7.6018
27280,7.6018
27281,7.6018
27282,7.6018
27283,7.9688
27284,8.0
27285,7.6018
27286,6.6667
27287,7.6018
27288,7.6018
27289,7.6018
27290,7.2
27291,7.6018
27292,8.7778
27293,7.6018
27294,7.2595
27295,7.6018
27296,8.7091
27297,4.6667
27298,7.6018
27299,7.6018
27300,7.6018
27301,6.7403
27302,7.6018
27303,7.7838
27304,8.0
27305,7.6018
27306,7.2857
27307,9.0262
27308,7.7989
27309,7.6018
27310,7.6018
27311,7.0
27312,7.9947
27313,7.6018
27314,7.6018
27315,7.6018
27316,7.6018
27317,7.6018
27318,7.6018
27319,7.6018
27320,7.6018
27321,7.6018
27322,8.7391
27323,7.625
27324,8.3684
27325,7.6018
27326,7.6018
27327,7.6018
27328,10.0
27329,6.0
27330,7.4286
27331,2.1183
27332,7.6018
27333,9.2857
27334,6.9375
27335,7.6018
27336,7.6018
27337,8.2308
27338,7.6018
27339,7.6018
27340,7.6018
27341,7.6018
27342,8.037
27343,6.8125
27344,7.6018
27345,8.3636
27346,7.6018
27347,7.6018
27348,8.5875
27349,8.2
27350,8.3
27351,7.6018
27352,7.6018
27353,7.1321
27354,7.6018
27355,7.6018
27356,7.1455
27357,7.6018
27358,7.6018
27359,7.2595
27360,5.1355
27361,7.6018
27362,7.6018
27363,8.8958
27364,7.3462
27365,7.0
27366,7.6018
27367,8.7029
27368,7.6018
27369,7.6018
27370,10.0
27371,5.8
27372,7.6018
27373,7.6018
27374,6.623
27375,7.6018
27376,7.2963
27377,7.6018
27378,6.6842
27379,7.6018
27380,7.6018
27381,7.2595
27382,7.6018
27383,7.6018
27384,8.5833
27385,8.7234
27386,9.075
27387,7.6018
27388,7.6018
27389,9.0
27390,7.6923
27391,7.6018
27392,7.0294
27393,8.2857
27394,6.1818
27395,8.541
27396,7.5476
27397,7.6018
27398,7.6018
27399,7.6364
27400,6.1538
27401,6.8276
27402,7.6957
27403,5.4615
27404,7.6571
27405,9.0
27406,7.5714
27407,8.1105
27408,7.0
27409,7.6018
27410,8.0
27411,7.6018
27412,8.0455
27413,8.8556
27414,7.6018
27415,7.75
27416,8.0755
27417,6.4
27418,7.6018
27419,7.6018
27420,8.5753
27421,6.2308
27422,7.6018
27423,7.6018
27424,7.6018
27425,9.3333
27426,7.8
27427,5.0
27428,7.6018
27429,7.8812
27430,7.6018
27431,7.5
27432,6.0
27433,7.6018
27434,8.6815
27435,7.6018
27436,8.8556
27437,7.6018
27438,8.0
27439,9.0
27440,9.4583
27441,7.6018
27442,7.6018
27443,7.6018
27444,8.5833
27445,9.0
27446,7.2595
27447,8.0
27448,7.6018
27449,9.4583
27450,7.6018
27451,7.5
27452,7.6018
27453,7.6018
27454,8.7029
27455,7.6018
27456,7.9947
27457,7.4421
27458,7.6018
27459,7.2595
27460,7.6018
27461,7.6018
27462,7.6018
27463,7.6018
27464,7.6018
27465,6.6
27466,7.5
27467,7.6018
27468,5.875
27469,7.6018
27470,7.6018
27471,7.6018
27472,8.0
27473,8.3575
27474,7.6018
27475,7.6018
27476,8.1136
27477,8.0
27478,7.6018
27479,7.6018
27480,6.2667
27481,7.6018
27482,7.6
27483,7.6018
27484,9.3333
27485,6.8418
27486,7.8889
27487,7.6018
27488,7.6018
27489,7.6018
27490,6.7328
27491,6.75
27492,7.6018
27493,7.6018
27494,7.6018
27495,6.6885
27496,7.53
27497,7.6018
27498,6.5769
27499,7.4339
27500,7.6018
27501,8.1429
27502,7.6018
27503,7.6018
27504,7.0
27505,8.9403
27506,8.4474
27507,7.6018
27508,7.6018
27509,7.6018
27510,7.0345
27511,7.6018
27512,7.6018
27513,7.8947
27514,7.6018
27515,8.0
27516,4.0
27517,7.6018
27518,6.0226
27519,8.4
27520,7.6018
27521,7.6018
27522,8.2353
27523,7.6018
27524,7.6018
27525,5.5401
27526,7.6018
27527,7.6018
27528,7.6018
27529,7.6018
27530,8.1667
27531,6.7036
27532,10.0
27533,7.6018
27534,7.6018
27535,6.5161
27536,8.9915
27537,7.2595
27538,7.5065
27539,7.6667
27540,7.6018
27541,7.885
27542,6.7917
27543,8.6579
27544,7.6018
27545,7.6018
27546,7.1689
27547,7.6018
27548,7.6018
27549,7.6018
27550,10.0
27551,7.6018
27552,6.7581
27553,7.6018
27554,6.5
27555,5.1355
27556,7.6018
27557,5.8924
27558,8.0294
27559,7.6842
27560,7.6018
27561,7.6018
27562,5.5
27563,7.6018
27564,7.5505
27565,7.6018
27566,7.7762
27567,7.6018
27568,8.8556
27569,8.0
27570,8.0
27571,8.0
27572,7.6018
27573,8.5
27574,7.6018
27575,6.9
27576,7.6018
27577,7.6018
27578,7.2963
27579,7.6018
27580,8.0909
27581,7.6018
27582,8.023
27583,7.6018
27584,7.6018
27585,7.6018
27586,7.6018
27587,7.6018
27588,7.6018
27589,7.6018
27590,7.6018
27591,7.9947
27592,9.6667
27593,9.4841
27594,7.25
27595,7.6018
27596,7.6018
27597,7.6018
27598,7.7762
27599,7.6018
27600,8.2353
27601,7.6018
27602,7.6018
27603,7.6018
27604,9.2937
27605,8.05
27606,7.6018
27607,7.6018
27608,7.6018
27609,7.6018
27610,7.6018
27611,7.6018
27612,7.6018
27613,7.5
27614,7.6018
27615,7.6018
27616,7.6018
27617,7.7449
27618,9.0
27619,6.6316
27620,5.6667
27621,7.5254
27622,7.6018
27623,7.6018
27624,7.6018
27625,7.5333
27626,9.075
27627,7.6018
27628,8.8824
27629,8.9403
27630,7.6018
27631,8.7391
27632,8.8958
27633,7.6018
27634,6.6
27635,7.7778
27636,9.4878
27637,7.6018
27638,7.6714
27639,7.6018
27640,8.58
27641,5.4
27642,5.5401
27643,8.271
27644,7.2595
27645,8.0294
27646,7.6018
27647,6.6517
27648,8.0385
27649,7.6018
27650,8.6
27651,7.6018
27652,7.6018
27653,7.6018
27654,6.5714
27655,7.5505
27656,7.6018
27657,7.6018
27658,7.6018
27659,7.6018
27660,8.5165
27661,7.3404
27662,7.5714
27663,8.0
27664,7.6018
27665,7.6018
27666,7.6018
27667,7.5333
27668,8.0455
27669,6.875
27670,7.2
27671,7.6018
27672,8.9655
27673,7.6018
27674,7.6018
27675,7.6018
27676,7.6018
27677,7.6923
27678,8.2857
27679,7.6018
27680,7.6018
27681,7.7188
27682,7.75
27683,8.0
27684,7.6018
27685,7.6018
27686,7.6018
27687,7.6897
27688,7.6018
27689,7.2595
27690,7.6018
27691,7.6018
27692,5.0
27693,6.8333
27694,7.6018
27695,9.0
27696,6.8333
27697,6.2222
27698,8.7404
27699,7.6018
27700,7.6018
27701,7.6018
27702,6.3333
27703,7.1689
27704,7.6018
27705,6.3333
27706,7.55
27707,7.6018
27708,7.6018
27709,7.8636
27710,6.0
27711,6.8889
27712,7.6018
27713,7.6018
27714,4.0
27715,7.3523
27716,8.8556
27717,7.6018
27718,6.0
27719,7.6018
27720,7.6018
27721,8.5
27722,8.0
27723,7.6018
27724,7.6018
27725,6.297
27726,7.6018
27727,7.0
27728,7.6018
27729,7.6018
27730,7.6018
27731,8.3333
27732,7.6018
27733,7.6018
27734,5.5
27735,6.875
27736,8.1277
27737,7.6018
27738,7.25
27739,7.6018
27740,7.6018
27741,7.6018
27742,7.6018
27743,7.0
27744,7.6018
27745,5.881
27746,8.8556
27747,7.6018
27748,7.9286
27749,7.5574
27750,7.9
27751,7.6018
27752,7.6018
27753,8.8556
27754,6.7328
27755,7.5952
27756,7.6018
27757,6.2055
27758,7.6018
27759,8.0755
27760,4.8292
27761,7.6018
27762,7.6018
27763,6.6885
27764,7.5556
27765,7.6018
27766,8.1538
27767,7.2595
27768,7.6018
27769,7.2
27770,6.4967
27771,7.6018
27772,7.6018
27773,7.2595
27774,7.6018
27775,8.6471
27776,7.5
27777,7.6018
27778,6.7403
27779,7.6018
27780,7.6018
27781,4.5
27782,7.6018
27783,6.5
27784,5.8273
27785,7.2595
27786,7.6018
27787,8.7029
27788,7.6018
27789,6.6885
27790,7.6018
27791,8.4091
27792,7.5926
27793,7.5714
27794,7.6018
27795,7.3333
27796,6.625
27797,8.0833
27798,7.6018
27799,8.5714
27800,7.6
27801,7.0
27802,7.6018
27803,7.6018
27804,7.6018
27805,7.3523
27806,7.6018
27807,7.6018
27808,7.6018
27809,8.6
27810,8.7029
27811,7.6018
27812,8.9905
27813,5.1429
27814,9.6604
27815,7.6018
27816,7.6018
27817,7.6018
27818,8.8958
27819,6.7273
27820,7.6018
27821,7.2432
27822,7.6018
27823,9.4611
27824,8.8387
27825,5.5
27826,7.6018
27827,7.6018
27828,7.6018
27829,7.6018
27830,7.0
27831,7.6018
27832,9.1819
27833,7.8182
27834,8.0
27835,7.2595
27836,6.2
27837,7.3523
27838,6.0226
27839,8.5556
27840,7.6018
27841,8.1429
27842,7.6018
27843,8.3939
27844,7.2595
27845,7.6018
27846,7.6018
27847,5.875
27848,7.0345
27849,6.6
27850,7.6018
27851,8.7029
27852,7.6018
27853,8.0
27854,8.9333
27855,7.6018
27856,7.6018
27857,7.6018
27858,7.2595
27859,7.6018
27860,8.0
27861,7.6018
27862,7.6018
27863,6.9167
27864,8.5833
27865,7.6018
27866,7.6268
27867,8.8889
27868,8.8556
27869,7.6429
27870,9.0262
27871,7.6018
27872,5.7059
27873,8.5
27874,8.7805
27875,7.6018
27876,7.6018
27877,7.6018
27878,7.4146
27879,7.6018
27880,7.2595
27881,7.6018
27882,7.6667
27883,6.4444
27884,7.6018
27885,7.6018
27886,7.6667
27887,7.0
27888,8.8
27889,7.6018
27890,7.6018
27891,9.375
27892,7.7236
27893,6.8333
27894,8.5
27895,8.5753
27896,7.6018
27897,7.6018
27898,8.6667
27899,7.6018
27900,7.6018
27901,7.6018
27902,7.6018
27903,7.6018
27904,7.3333
27905,7.6018
27906,8.9905
27907,7.3523
27908,7.6018
27909,9.6011
27910,7.6018
27911,6.8333
27912,7.6018
27913,8.1852
27914,7.6018
27915,7.6018
27916,7.6018
27917,7.6018
27918,6.0226
27919,7.6018
27920,8.4091
27921,7.6018
27922,7.6018
27923,7.6018
27924,7.5505
27925,5.1355
27926,8.8556
27927,6.7129
27928,8.0238
27929,8.7143
27930,8.0
27931,7.6018
27932,8.0
27933,7.5
27934,7.6018
27935,6.0
27936,9.2857
27937,8.2109
27938,7.6018
27939,7.6018
27940,7.5
27941,7.6268
27942,7.2432
27943,7.6018
27944,7.6018
27945,8.5165
27946,7.6018
27947,8.305
27948,7.6018
27949,7.5
27950,7.6018
27951,7.6018
27952,6.5161
27953,8.7903
27954,6.5429
27955,6.0
27956,7.6018
27957,6.5
27958,9.7907
27959,7.0
27960,7.6018
27961,7.6018
27962,7.6018
27963,6.0
27964,9.2348
27965,7.4444
27966,7.6018
27967,5.5
27968,7.6944
27969,7.6018
27970,7.25
27971,7.6018
27972,6.6522
27973,7.6018
27974,8.0
27975,7.6018
27976,6.6
27977,7.6018
27978,7.6018
27979,9.134
27980,7.6018
27981,7.6018
27982,7.6018
27983,7.6018
27984,7.6018
27985,8.3
27986,7.6018
27987,5.8529
27988,7.6667
27989,7.5645
27990,7.6018
27991,7.6018
27992,9.7645
27993,7.3523
27994,7.6018
27995,6.8857
27996,7.6018
27997,7.6018
27998,6.0
27999,7.4444
28000,7.6018
28001,7.0
28002,7.6018
28003,8.8556
28004,7.4706
28005,7.9947
28006,7.6018
28007,5.7143
28008,6.1667
28009,7.2595
28010,7.6018
28011,7.6018
28012,7.6018
28013,7.6018
28014,7.0
28015,8.0
28016,7.6018
28017,8.1875
28018,7.7762
28019,5.0
28020,7.6018
28021,7.6018
28022,7.3632
28023,7.6018
28024,7.6018
28025,7.3973
28026,8.1486
28027,7.2595
28028,7.6018
28029,7.6018
28030,8.2368
28031,7.6018
28032,6.6471
28033,9.1429
28034,7.6018
28035,5.8529
28036,7.6018
28037,8.4118
28038,7.6018
28039,8.8771
28040,7.6018
28041,7.6018
28042,7.6018
28043,8.2
28044,7.6018
28045,7.6571
28046,6.6667
28047,7.6018
28048,8.0
28049,6.6667
28050,7.6018
28051,9.0
28052,7.6018
28053,7.6018
28054,7.8462
28055,7.6018
28056,7.2595
28057,7.6018
28058,7.6018
28059,9.0
28060,7.6018
28061,8.0
28062,8.0
28063,8.0238
28064,6.8125
28065,7.5263
28066,7.6018
28067,7.6018
28068,9.0
28069,7.6018
28070,7.6018
28071,7.6018
28072,7.6018
28073,7.6018
28074,7.6018
28075,7.918
28076,10.0
28077,7.5
28078,6.8182
28079,6.0
28080,7.6018
28081,7.0321
28082,10.0
28083,7.6018
28084,6.5213
28085,6.0
28086,7.6018
28087,7.6018
28088,7.6018
28089,6.4268
28090,7.6018
28091,8.0
28092,8.45
28093,9.6429
28094,8.0625
28095,7.0
28096,7.6018
28097,7.8144
28098,8.875
28099,7.6018
28100,8.8556
28101,7.6018
28102,7.6018
28103,8.8556
28104,7.6018
28105,7.6018
28106,7.6018
28107,7.6018
28108,7.6018
28109,9.3662
28110,7.6018
28111,7.6018
28112,7.6018
28113,7.6018
28114,7.6018
28115,7.6018
28116,6.8
28117,7.6018
28118,7.6018
28119,7.6018
28120,7.6018
28121,8.1111
28122,8.1
28123,6.6667
28124,7.6018
28125,7.6018
28126,8.88
28127,8.2
28128,8.4286
28129,7.2595
28130,8.0238
28131,7.8125
28132,7.6018
28133,7.6018
28134,8.1389
28135,7.6018
28136,8.7273
28137,6.1538
28138,7.6018
28139,8.1246
28140,7.6018
28141,7.6018
28142,7.6018
28143,7.6018
28144,7.6018
28145,7.2595
28146,7.6018
28147,7.6018
28148,8.6111
28149,7.069
28150,9.4841
28151,7.6018
28152,7.6018
28153,7.6018
28154,6.6667
28155,7.6018
28156,7.6018
28157,8.0
28158,8.5077
28159,8.5
28160,8.375
28161,8.1955
28162,9.0
28163,5.5
28164,8.0
28165,7.3796
28166,8.05
28167,6.8889
28168,7.6018
28169,8.0
28170,7.6018
28171,7.6018
28172,7.5339
28173,8.0
28174,7.6018
28175,7.4421
28176,7.6018
28177,7.6018
28178,7.6018
28179,8.6667
28180,7.7667
28181,7.6018
28182,7.6018
28183,6.6
28184,5.4074
28185,8.0
28186,7.6018
28187,7.6018
28188,6.3333
28189,7.3333
28190,7.5
28191,8.0
28192,7.9947
28193,7.6018
28194,7.6018
28195,8.1818
28196,8.5714
28197,5.0
28198,7.6018
28199,8.28
28200,7.8333
28201,7.6897
28202,7.6018
28203,7.6018
28204,7.0
28205,7.0492
28206,10.0
28207,7.6018
28208,7.6018
28209,7.6018
28210,7.6018
28211,7.6018
28212,8.5909
28213,7.6018
28214,7.6018
28215,8.2105
28216,7.6018
28217,5.2857
28218,7.6018
28219,6.3
28220,8.0
28221,7.6018
28222,5.0
28223,8.1111
28224,7.6018
28225,10.0
28226,7.6018
28227,6.0
28228,7.3478
28229,9.0
28230,7.375
28231,7.6018
28232,6.0226
28233,7.6018
28234,7.0
28235,7.0
28236,8.8556
28237,7.2595
28238,7.6018
28239,6.0
28240,7.0
28241,7.6018
28242,9.9697
28243,7.6018
28244,10.0
28245,8.2128
28246,7.1613
28247,7.6018
28248,7.6018
28249,7.6018
28250,6.0958
28251,8.1538
28252,7.6018
28253,7.2429
28254,7.6018
28255,7.0
28256,7.0
28257,10.0
28258,7.3796
28259,7.9452
28260,7.6018
28261,7.6018
28262,8.7091
28263,7.6018
28264,8.8556
28265,4.0
28266,7.1689
28267,8.5
28268,7.6018
28269,7.6018
28270,7.6018
28271,9.5
28272,7.6018
28273,9.0
28274,9.2202
28275,7.875
28276,7.6018
28277,6.0886
28278,7.6018
28279,7.6018
28280,8.75
28281,7.6018
28282,6.7374
28283,8.2857
28284,9.0
28285,7.6018
28286,7.6018
28287,7.6018
28288,7.6018
28289,7.6018
28290,7.6018
28291,9.6429
28292,8.4091
28293,6.8889
28294,7.6018
28295,5.25
28296,7.6018
28297,7.6018
28298,8.88
28299,7.6018
28300,7.6018
28301,7.3973
28302,5.7273
28303,8.0
28304,8.0
28305,7.6018
28306,8.8333
28307,7.6018
28308,7.6018
28309,7.6018
28310,7.5
28311,7.1818
28312,7.5865
28313,7.6018
28314,9.096
28315,6.7619
28316,8.1111
28317,7.6018
28318,8.0625
28319,5.6667
28320,7.6018
28321,8.3939
28322,8.1852
28323,7.6018
28324,8.2222
28325,7.6018
28326,7.6018
28327,7.6018
28328,7.6018
28329,7.125
28330,7.6018
28331,6.6
28332,8.0455
28333,7.6018
28334,6.9981
28335,7.6018
28336,7.0
28337,7.8148
28338,8.9749
28339,7.6018
28340,8.8889
28341,7.9091
28342,6.0226
28343,7.6018
28344,7.6018
28345,7.6018
28346,8.1
28347,7.6018
28348,7.6018
28349,8.9714
28350,6.6703
28351,7.6018
28352,7.6018
28353,7.6018
28354,8.8125
28355,7.6018
28356,6.0
28357,7.6018
28358,7.6018
28359,7.9947
28360,7.2595
28361,7.6018
28362,10.0
28363,7.6018
28364,7.6018
28365,7.6018
28366,7.6018
28367,7.6018
28368,7.6018
28369,7.6018
28370,7.6018
28371,7.6018
28372,9.1373
28373,8.7812
28374,7.6018
28375,7.6018
28376,7.6018
28377,7.6018
28378,7.5
28379,7.6018
28380,9.1786
28381,8.0
28382,8.2
28383,7.6018
28384,7.6018
28385,7.6018
28386,7.6018
28387,7.6018
28388,7.6018
28389,7.6018
28390,5.0
28391,7.6018
28392,7.6018
28393,7.6018
28394,7.6018
28395,7.3333
28396,7.6018
28397,7.0
28398,5.8214
28399,8.3731
28400,7.6018
28401,7.6018
28402,7.6018
28403,7.6018
28404,7.8824
28405,7.6018
28406,7.6018
28407,7.6018
28408,7.6018
28409,8.9828
28410,8.3333
28411,7.125
28412,7.6018
28413,7.6018
28414,7.8916
28415,7.6901
28416,7.6018
28417,7.6018
28418,7.6018
28419,8.4756
28420,7.6018
28421,8.0
28422,5.8529
28423,7.885
28424,7.6018
28425,7.6018
28426,7.6018
28427,7.6018
28428,7.6018
28429,7.0714
28430,7.6018
28431,7.6018
28432,7.6018
28433,7.6018
28434,4.6667
28435,6.5
28436,7.6018
28437,8.6667
28438,8.75
28439,7.625
28440,7.6018
28441,7.6018
28442,7.5556
28443,7.6018
28444,9.5714
28445,7.6018
28446,6.7
28447,7.6018
28448,7.6018
28449,7.25
28450,8.7091
28451,7.6018
28452,7.6018
28453,7.6018
28454,7.6018
28455,10.0
28456,7.6018
28457,8.8333
28458,8.2105
28459,7.5955
28460,5.6667
28461,10.0
28462,7.2595
28463,7.6018
28464,4.8949
28465,7.6018
28466,7.6018
28467,7.6018
28468,7.6018
28469,7.8
28470,5.0
28471,7.6018
28472,7.6018
28473,7.4167
28474,7.6018
28475,7.6018
28476,8.05
28477,7.4339
28478,7.2595
28479,7.2595
28480,7.6018
28481,7.6018
28482,7.2429
28483,7.6018
28484,7.6018
28485,7.6018
28486,7.6018
28487,7.6018
28488,7.6018
28489,8.0455
28490,7.6018
28491,7.6018
28492,7.8812
28493,7.8077
28494,7.9667
28495,7.2595
28496,7.6018
28497,7.8889
28498,8.1088
28499,7.6018
28500,5.0752
28501,4.4308
28502,7.6018
28503,5.1429
28504,7.6018
28505,3.0
28506,8.2105
28507,7.5161
28508,7.6018
28509,7.0492
28510,7.6018
28511,7.6018
28512,7.6018
28513,8.7778
28514,7.6018
28515,7.6018
28516,7.6018
28517,7.7982
28518,5.1429
28519,7.0
28520,7.6018
28521,7.6018
28522,7.0
28523,7.1689
28524,7.3523
28525,8.0
28526,7.6018
28527,7.6018
28528,6.6667
28529,7.6018
28530,7.2846
28531,7.6018
28532,7.6018
28533,7.6575
28534,8.3939
28535,7.6018
28536,7.2595
28537,7.6018
28538,7.6018
28539,9.0811
28540,7.6018
28541,8.0
28542,7.6018
28543,7.2595
28544,7.6538
28545,7.6018
28546,8.0
28547,7.6018
28548,10.0
28549,7.6018
28550,7.6018
28551,8.1818
28552,7.6018
28553,7.0
28554,9.25
28555,7.6018
28556,8.6719
28557,7.6018
28558,7.0484
28559,9.0
28560,7.6018
28561,7.6018
28562,7.5011
28563,8.8889
28564,7.6944
28565,7.087
28566,5.875
28567,8.0
28568,7.6018
28569,7.6018
28570,7.6018
28571,7.6018
28572,8.6567
28573,7.6018
28574,7.6018
28575,8.1389
28576,7.6018
28577,8.8333
28578,7.7188
28579,8.0
28580,5.5
28581,7.6018
28582,8.1586
28583,8.0
28584,5.0
28585,7.6018
28586,5.1355
28587,6.5
28588,7.6018
28589,4.0
28590,8.25
28591,7.6018
28592,7.1039
28593,7.6018
28594,7.0
28595,7.6018
28596,7.6018
28597,7.8941
28598,6.0
28599,7.6018
28600,8.8556
28601,7.239
28602,7.828
28603,7.6018
28604,8.742
28605,7.7449
28606,7.9857
28607,7.6018
28608,8.5833
28609,9.25
28610,7.0
28611,7.6018
28612,8.125
28613,7.6018
28614,6.3
28615,4.6667
28616,7.6018
28617,8.0
28618,7.6018
28619,6.8857
28620,7.1039
28621,7.75
28622,7.9559
28623,7.9649
28624,6.8621
28625,7.6018
28626,8.8302
28627,7.2595
28628,7.6018
28629,5.0015
28630,7.6018
28631,7.6018
28632,7.3523
28633,7.9286
28634,7.6018
28635,9.0
28636,7.6018
28637,6.0
28638,7.564
28639,6.5556
28640,7.6018
28641,7.6018
28642,6.7129
28643,5.8182
28644,7.4949
28645,9.5662
28646,7.6018
28647,8.7903
28648,7.7762
28649,8.7091
28650,8.92
28651,7.6018
28652,7.6018
28653,7.6018
28654,8.1538
28655,6.9737
28656,7.9947
28657,7.6018
28658,7.6667
28659,7.0
28660,7.875
28661,8.0
28662,8.3333
28663,8.4
28664,7.6018
28665,6.5
28666,8.4634
28667,6.0226
28668,6.4
28669,8.4118
28670,7.6018
28671,4.7444
28672,7.6018
28673,5.0
28674,9.0256
28675,7.4444
28676,7.6018
28677,5.8519
28678,8.8556
28679,7.6018
28680,7.8365
28681,7.6018
28682,7.5952
28683,8.0
28684,6.6667
28685,8.6892
28686,7.6018
28687,7.2595
28688,7.3523
28689,7.0833
28690,6.875
28691,7.6018
28692,6.1667
28693,7.9947
28694,7.6018
28695,7.6018
28696,8.122
28697,9.1982
28698,8.1829
28699,7.6018
28700,7.6018
28701,7.6018
28702,7.6018
28703,7.6018
28704,7.6018
28705,7.2
28706,8.8556
28707,7.6018
28708,7.6018
28709,8.0
28710,6.4348
28711,10.0
28712,7.6018
28713,7.6018
28714,7.6018
28715,7.6018
28716,7.6018
28717,6.5
28718,7.6018
28719,7.6018
28720,7.9947
28721,7.8617
28722,7.6018
28723,7.6018
28724,7.8571
28725,7.6018
28726,9.0811
28727,8.3571
28728,8.8387
28729,8.7273
28730,7.6018
28731,7.6018
28732,7.6018
28733,8.1928
28734,7.871
28735,7.8
28736,8.2727
28737,7.6018
28738,7.5
28739,7.6944
28740,7.6018
28741,7.6018
28742,7.5
28743,7.6018
28744,7.3333
28745,7.6018
28746,7.9947
28747,7.6018
28748,5.7273
28749,9.5
28750,7.1429
28751,7.6018
28752,6.9688
28753,7.6018
28754,7.6018
28755,9.0
28756,7.6018
28757,7.6018
28758,5.3333
28759,10.0
28760,7.6018
28761,7.6018
28762,7.6018
28763,7.6018
28764,7.0
28765,6.4286
28766,7.6018
28767,7.6018
28768,7.6018
28769,7.6018
28770,8.0429
28771,7.6018
28772,7.6018
28773,7.6018
28774,6.7
28775,7.6018
28776,7.25
28777,7.6018
28778,7.6
28779,7.6018
28780,7.6018
28781,8.3913
28782,7.7881
28783,7.6018
28784,7.6018
28785,7.6018
28786,8.8302
28787,7.6018
28788,8.2
28789,7.6018
28790,7.6018
28791,6.9333
28792,7.6018
28793,7.6018
28794,7.6018
28795,7.5385
28796,7.5556
28797,7.6018
28798,6.5769
28799,8.0625
28800,7.6018
28801,7.6018
28802,7.6018
28803,8.3
28804,8.5455
28805,7.0
28806,8.8556
28807,7.6429
28808,7.6429
28809,7.6
28810,7.6018
28811,7.5333
28812,7.6018
28813,7.6018
28814,7.6018
28815,7.6018
28816,8.4
28817,8.9444
28818,8.8556
28819,7.6018
28820,7.9947
28821,7.6018
28822,6.9655
28823,7.6018
28824,7.6018
28825,8.7234
28826,9.0262
28827,7.6018
28828,7.1538
28829,7.6018
28830,7.4706
28831,6.0
28832,7.6018
28833,7.6018
28834,7.6018
28835,7.6018
28836,6.2055
28837,7.6018
28838,8.5714
28839,7.6018
28840,7.6018
28841,6.6885
28842,7.6018
28843,7.6018
28844,6.2055
28845,5.0752
28846,5.4
28847,8.023
28848,7.6018
28849,6.0
28850,7.6018
28851,7.6018
28852,7.6018
28853,9.3333
28854,7.6018
28855,7.6018
28856,7.6018
28857,8.0556
28858,7.6018
28859,7.6018
28860,7.6018
28861,7.6018
28862,7.7776
28863,7.6018
28864,7.6018
28865,8.0
28866,7.6018
28867,7.5968
28868,7.6018
28869,7.6018
28870,7.2595
28871,7.6018
28872,8.0238
28873,7.2539
28874,8.0755
28875,7.5
28876,8.375
28877,7.6018
28878,7.6018
28879,7.6018
28880,7.6018
28881,7.6018
28882,7.6018
28883,7.5
28884,7.6018
28885,7.4746
28886,7.6018
28887,9.0
28888,7.6018
28889,7.6018
28890,8.2109
28891,7.6018
28892,7.6018
28893,7.6018
28894,8.9828
28895,7.6018
28896,7.0
28897,7.2595
28898,7.4211
28899,7.6018
28900,8.7029
28901,5.9825
28902,7.6018
28903,7.6268
28904,7.6018
28905,7.6018
28906,7.6018
28907,7.6018
28908,6.9375
28909,8.0
28910,7.6018
28911,7.3913
28912,7.6122
28913,7.815
28914,6.5
28915,7.6018
28916,8.8333
28917,7.6018
28918,7.6018
28919,6.64
28920,7.7838
28921,7.5952
28922,7.6018
28923,7.2595
28924,7.7143
28925,7.6018
28926,9.073
28927,6.25
28928,7.6018
28929,7.6018
28930,7.6018
28931,7.6018
28932,7.6018
28933,6.7143
28934,7.6018
28935,8.4
28936,5.4
28937,7.6775
28938,7.6018
28939,7.2595
28940,7.6018
28941,7.6018
28942,9.433
28943,5.5401
28944,7.6018
28945,7.6018
28946,7.2595
28947,7.6018
28948,7.6018
28949,7.5
28950,8.4444
28951,10.0
28952,7.6018
28953,7.6018
28954,7.6018
28955,7.6018
28956,7.5968
28957,7.0
28958,7.6018
28959,6.7358
28960,7.6018
28961,5.6667
28962,7.6018
28963,8.8571
28964,7.6018
28965,7.0882
28966,8.0
28967,7.6018
28968,7.6018
28969,7.6018
28970,8.1955
28971,7.0
28972,5.5401
28973,7.6018
28974,8.8302
28975,7.6018
28976,7.6714
28977,7.6018
28978,6.0
28979,7.2595
28980,7.6018
28981,7.6018
28982,7.9577
28983,7.7971
28984,8.0
28985,7.0484
28986,7.7971
28987,9.1667
28988,8.16
28989,7.6018
28990,7.6
28991,9.0
28992,8.6842
28993,7.6018
28994,7.0
28995,7.2917
28996,9.4841
28997,7.6018
28998,7.6018
28999,8.3333
29000,7.2595
29001,8.5818
29002,8.0455
29003,6.6885
29004,7.6018
29005,9.4286
29006,7.0
29007,7.6018
29008,4.4
29009,7.6018
29010,6.0
29011,8.122
29012,7.6018
29013,8.7105
29014,9.6283
29015,6.7
29016,7.0
29017,7.1667
29018,7.6018
29019,7.6018
29020,5.0
29021,7.6018
29022,7.6018
29023,8.3913
29024,7.6018
29025,7.6018
29026,7.6018
29027,8.1414
29028,7.375
29029,8.1486
29030,7.6018
29031,7.6018
29032,8.1875
29033,7.3523
29034,7.8594
29035,7.9286
29036,5.7
29037,9.1765
29038,7.6018
29039,8.8556
29040,7.6018
29041,7.2727
29042,7.6018
29043,7.6018
29044,5.5401
29045,6.8
29046,7.6018
29047,7.6018
29048,7.6018
29049,7.3333
29050,7.6018
29051,7.8
29052,8.0667
29053,7.6018
29054,8.2222
29055,8.2222
29056,7.6268
29057,7.6
29058,7.6018
29059,7.6268
29060,7.6018
29061,7.6018
29062,8.0
29063,7.6018
29064,8.0833
29065,8.8556
29066,8.0429
29067,7.6018
29068,7.2595
29069,7.6018
29070,6.0
29071,8.9315
29072,7.6018
29073,7.1321
29074,8.7903
29075,7.0
29076,7.6018
29077,7.0
29078,7.6018
29079,7.6018
29080,7.6018
29081,8.3731
29082,7.6018
29083,7.6018
29084,7.6018
29085,7.6018
29086,8.8727
29087,7.6018
29088,7.6018
29089,7.6809
29090,9.0262
29091,6.75
29092,7.2595
29093,7.6018
29094,7.6018
29095,7.6018
29096,9.75
29097,6.0
29098,9.6667
29099,8.0
29100,7.6018
29101,7.6018
29102,8.3333
29103,7.6018
29104,8.1429
29105,8.4906
29106,7.4146
29107,7.6018
29108,7.6018
29109,7.6018
29110,8.0
29111,7.6018
29112,8.8667
29113,7.6018
29114,7.6018
29115,7.6018
29116,7.3333
29117,7.6018
29118,9.1304
29119,5.0
29120,7.6018
29121,9.0
29122,7.6018
29123,7.6018
29124,7.6018
29125,7.5505
29126,7.913
29127,7.6018
29128,7.6018
29129,7.1689
29130,7.2595
29131,7.6018
29132,7.6018
29133,7.6018
29134,6.25
29135,7.6018
29136,10.0
29137,8.8556
29138,7.6018
29139,7.6018
29140,7.6018
29141,7.6018
29142,9.55
29143,9.0262
29144,7.6018
29145,7.6018
29146,8.0
29147,10.0
29148,7.6018
29149,7.6018
29150,7.6018
29151,7.5065
29152,5.65
29153,7.6018
29154,5.3182
29155,7.9947
29156,7.2909
29157,7.6018
29158,7.6018
29159,7.6018
29160,7.6018
29161,6.1034
29162,6.3899
29163,8.7
29164,7.6018
29165,7.1463
29166,7.8106
29167,7.6018
29168,7.6018
29169,7.6018
29170,7.8812
29171,7.6018
29172,7.0
29173,5.4444
29174,6.5
29175,7.3404
29176,7.3973
29177,7.6018
29178,7.6018
29179,5.5401
29180,7.6018
29181,7.6018
29182,7.6018
29183,8.0
29184,7.6018
29185,7.6018
29186,7.6018
29187,7.6018
29188,8.8556
29189,7.5
29190,7.6018
29191,6.2055
29192,7.0
29193,7.9524
29194,7.6018
29195,5.7692
29196,6.0
29197,7.6018
29198,7.6018
29199,8.96
29200,7.6018
29201,8.8556
29202,8.2857
29203,8.7222
29204,7.8548
29205,7.2963
29206,7.6018
29207,7.6018
29208,7.6018
29209,7.6018
29210,7.6018
29211,8.1429
29212,10.0
29213,8.8251
29214,7.6667
29215,7.6018
29216,7.375
29217,7.1321
29218,8.5
29219,8.1111
29220,8.8556
29221,7.6018
29222,7.6018
29223,8.275
29224,7.5952
29225,7.6018
29226,7.6018
29227,7.8056
29228,7.2846
29229,8.5882
29230,7.8
29231,7.6018
29232,7.6018
29233,8.4091
29234,7.64
29235,7.3796
29236,7.9947
29237,8.0
29238,7.6018
29239,7.6018
29240,7.6018
29241,7.6018
29242,9.0
29243,6.9231
29244,7.6018
29245,8.0882
29246,7.6018
29247,7.6018
29248,6.3514
29249,7.6018
29250,7.3514
29251,7.6018
29252,7.6018
29253,7.6018
29254,7.6018
29255,7.6018
29256,7.6018
29257,7.0
29258,7.6018
29259,7.6018
29260,7.2595
29261,8.7404
29262,7.6018
29263,6.2222
29264,7.2595
29265,7.3333
29266,7.6018
29267,7.6018
29268,9.0262
29269,7.6018
29270,7.6018
29271,8.2467
29272,7.6018
29273,7.6018
29274,6.5161
29275,7.6018
29276,7.3333
29277,7.6018
29278,7.3523
29279,8.4
29280,8.3846
29281,6.5558
29282,7.6018
29283,7.6018
29284,7.5065
29285,7.6018
29286,8.8556
29287,7.2941
29288,7.0769
29289,7.6018
29290,8.0
29291,8.0
29292,7.6018
29293,7.6018
29294,7.6018
29295,7.8056
29296,4.0
29297,8.2692
29298,7.0
29299,7.6018
29300,7.6018
29301,7.6018
29302,7.6018
29303,6.0
29304,7.6018
29305,7.8953
29306,8.0
29307,7.6018
29308,7.6018
29309,8.3
29310,7.2595
29311,7.6018
29312,5.0
29313,7.6018
29314,7.6018
29315,7.6018
29316,6.9
29317,8.3731
29318,7.6018
29319,7.6018
29320,6.5833
29321,6.5
29322,8.2109
29323,8.6719
29324,7.6018
29325,7.6018
29326,8.8556
29327,7.6018
29328,7.6018
29329,7.6018
29330,7.6018
29331,8.7091
29332,7.6018
29333,7.6018
29334,7.6018
29335,7.6018
29336,9.25
29337,7.6018
29338,7.6575
29339,7.6018
29340,7.6018
29341,7.6018
29342,7.6018
29343,7.6018
29344,7.6018
29345,8.4286
29346,7.2857
29347,7.5938
29348,7.1667
29349,6.0226
29350,7.9744
29351,7.6667
29352,7.6018
29353,5.1667
29354,7.2
29355,7.0
29356,7.4286
29357,7.6018
29358,8.7091
29359,7.6018
29360,8.7812
29361,7.6417
29362,7.6018
29363,7.6018
29364,6.375
29365,7.6018
29366,7.6018
29367,8.023
29368,6.25
29369,7.141
29370,7.6018
29371,7.6018
29372,7.6018
29373,7.6018
29374,9.6216
29375,9.3662
29376,9.0
29377,7.6018
29378,8.9231
29379,7.5
29380,7.6018
29381,7.6018
29382,5.75
29383,9.0
29384,7.7009
29385,7.6018
29386,7.6018
29387,8.7234
29388,7.6018
29389,8.4286
29390,8.9231
29391,7.6018
29392,7.3333
29393,8.0
29394,7.6018
29395,8.5556
29396,7.6018
29397,7.6018
29398,7.6018
29399,9.075
29400,6.0
29401,7.6018
29402,7.6018
29403,7.6018
29404,8.1111
29405,7.6018
29406,9.0262
29407,6.9746
29408,7.2595
29409,6.875
29410,8.0
29411,7.6018
29412,7.6018
29413,7.6018
29414,9.3662
29415,7.9452
29416,8.3084
29417,7.6018
29418,8.7143
29419,8.0
29420,7.6018
29421,7.6018
29422,7.3523
29423,9.0
29424,7.2595
29425,8.2
29426,7.6018
29427,7.6018
29428,7.6018
29429,7.6018
29430,7.6018
29431,7.6018
29432,7.2595
29433,7.8
29434,7.6018
29435,8.3649
29436,7.3523
29437,8.375
29438,8.0857
29439,7.6018
29440,7.6018
29441,7.6018
29442,7.6018
29443,9.0
29444,7.6018
29445,7.3404
29446,7.2595
29447,8.8556
29448,7.6018
29449,8.0
29450,8.0
29451,6.7581
29452,8.6571
29453,8.3333
29454,7.6018
29455,6.5
29456,7.6018
29457,5.8182
29458,7.6018
29459,7.6018
29460,7.6018
29461,7.6018
29462,7.6018
29463,7.6018
29464,5.1429
29465,6.25
29466,7.7971
29467,7.6018
29468,7.6018
29469,9.1176
29470,7.6018
29471,7.6018
29472,7.6018
29473,7.5
29474,7.6018
29475,5.0
29476,7.9231
29477,9.375
29478,7.5333
29479,7.6018
29480,7.6018
29481,8.0
29482,7.6018
29483,7.6018
29484,7.1689
29485,7.6018
29486,7.6018
29487,7.6018
29488,6.3333
29489,7.6018
29490,7.6018
29491,7.6018
29492,7.6018
29493,8.0
29494,7.6018
29495,6.4444
29496,8.0
29497,7.2595
29498,7.3478
29499,7.7971
29500,7.6018
29501,3.1877
29502,7.6018
29503,8.8556
29504,8.5833
29505,7.6018
29506,9.125
29507,10.0
29508,5.6604
29509,7.6018
29510,7.6018
29511,7.5
29512,8.0094
29513,8.0
29514,7.0
29515,5.95
29516,7.9231
29517,7.6018
29518,8.931
29519,7.625
29520,7.6018
29521,7.6018
29522,6.8
29523,7.6018
29524,7.6018
29525,7.6018
29526,7.6018
29527,7.6018
29528,7.6018
29529,7.6018
29530,8.8556
29531,7.6018
29532,7.6018
29533,7.6018
29534,7.3846
29535,7.75
29536,8.6719
29537,7.6018
29538,7.6018
29539,6.6667
29540,7.4421
29541,7.6018
29542,9.0
29543,6.2055
29544,7.6018
29545,9.1786
29546,7.6018
29547,7.6018
29548,7.6018
29549,7.8
29550,5.5
29551,8.1955
29552,7.6018
29553,7.6018
29554,8.0
29555,5.0
29556,7.0
29557,7.6018
29558,7.0625
29559,7.6018
29560,7.6018
29561,7.6018
29562,7.6018
29563,7.6018
29564,8.2353
29565,8.5
29566,6.0
29567,7.6018
29568,7.5065
29569,7.5
29570,7.6018
29571,7.6018
29572,7.6018
29573,6.3786
29574,7.6018
29575,7.6018
29576,7.0818
29577,7.6018
29578,7.6018
29579,7.1811
29580,9.6
29581,7.6018
29582,8.0
29583,7.6018
29584,8.6471
29585,7.6018
29586,7.6018
29587,7.6018
29588,7.6018
29589,7.6018
29590,8.3333
29591,7.6018
29592,8.8556
29593,7.6018
29594,7.6018
29595,7.6018
29596,7.6018
29597,9.1429
29598,8.541
29599,7.6018
29600,7.6018
29601,8.1471
29602,6.6214
29603,8.1111
29604,7.6018
29605,7.6018
29606,8.0
29607,7.6018
29608,7.4286
29609,6.7
29610,7.75
29611,7.6018
29612,8.8556
29613,7.2368
29614,7.3523
29615,7.2595
29616,7.0
29617,8.4634
29618,7.3523
29619,7.3333
29620,7.0
29621,7.6018
29622,6.2222
29623,8.037
29624,7.6018
29625,8.0
29626,8.0
29627,7.6018
29628,7.6018
29629,7.6018
29630,7.6018
29631,7.6018
29632,7.087
29633,7.6018
29634,7.6018
29635,7.6018
29636,7.6018
29637,7.6018
29638,8.5333
29639,5.4074
29640,7.6018
29641,10.0
29642,7.6018
29643,7.6018
29644,8.8462
29645,7.9286
29646,7.6018
29647,6.8182
29648,7.6018
29649,9.2737
29650,5.5
29651,7.6018
29652,8.8556
29653,7.6018
29654,10.0
29655,7.6018
29656,8.0
29657,7.96
29658,7.6018
29659,7.6018
29660,4.7778
29661,10.0
29662,7.6018
29663,7.6018
29664,7.6018
29665,8.303
29666,7.6018
29667,7.6018
29668,7.6018
29669,7.2595
29670,7.2595
29671,7.6018
29672,8.8333
29673,8.2092
29674,6.2667
29675,7.7762
29676,7.2963
29677,6.75
29678,7.4821
29679,7.6018
29680,9.6429
29681,7.6018
29682,8.3971
29683,7.6018
29684,8.7029
29685,7.2
29686,10.0
29687,7.6018
29688,7.6018
29689,7.6018
29690,7.6018
29691,7.6018
29692,7.6018
29693,7.6018
29694,6.0769
29695,7.6018
29696,8.0
29697,8.2676
29698,5.0
29699,7.2595
29700,7.9524
29701,7.6018
29702,6.3333
29703,7.6018
29704,8.6567
29705,8.5909
29706,7.6018
29707,7.6018
29708,7.6018
29709,7.9688
29710,6.0958
29711,7.8571
29712,7.6018
29713,7.6018
29714,7.6018
29715,7.6018
29716,7.6018
29717,7.6018
29718,10.0
29719,7.6018
29720,5.3846
29721,7.6018
29722,7.6018
29723,7.6018
29724,8.5
29725,7.6018
29726,7.8
29727,7.6018
29728,7.6018
29729,7.6018
29730,7.6018
29731,7.6018
29732,8.9403
29733,7.6018
29734,7.6018
29735,7.6018
29736,7.6018
29737,7.6018
29738,7.6018
29739,7.6018
29740,9.0
29741,7.6018
29742,7.6018
29743,7.6018
29744,7.6018
29745,8.8556
29746,7.815
29747,5.8077
29748,7.0
29749,7.875
29750,8.2371
29751,9.4671
29752,7.6018
29753,8.8333
29754,7.6018
29755,7.2595
29756,8.5625
29757,7.6018
29758,7.6018
29759,8.4742
29760,7.6018
29761,7.6018
29762,7.6018
29763,7.6018
29764,7.6317
29765,7.6018
29766,8.0
29767,8.0
29768,6.5154
29769,7.7778
29770,6.5625
29771,7.6018
29772,7.6018
29773,7.141
29774,7.6018
29775,7.1212
29776,7.6018
29777,7.55
29778,7.6018
29779,5.3636
29780,7.6018
29781,7.2595
29782,7.6018
29783,8.1111
29784,5.7143
29785,7.6018
29786,7.6018
29787,7.6018
29788,7.6018
29789,7.6018
29790,7.6018
29791,8.0
29792,7.6018
29793,5.8
29794,7.6018
29795,7.5065
29796,7.6018
29797,8.5714
29798,7.6018
29799,7.6018
29800,6.6154
29801,7.6018
29802,7.7143
29803,7.6018
29804,7.6018
29805,8.0
29806,7.6018
29807,6.7258
29808,9.0
29809,7.6018
29810,7.4824
29811,7.6018
29812,7.6018
29813,7.6018
29814,7.6018
29815,6.5
29816,8.375
29817,7.6018
29818,4.7113
29819,7.6018
29820,7.6018
29821,7.7143
29822,7.6018
29823,8.1667
29824,7.6018
29825,7.9375
29826,7.6018
29827,8.1928
29828,7.0
29829,7.8947
29830,7.9947
29831,7.6018
29832,6.3175
29833,7.6018
29834,7.5339
29835,7.9
29836,7.6018
29837,7.6018
29838,7.6018
29839,8.2676
29840,7.1555
29841,8.7048
29842,5.0
29843,7.3929
29844,8.5
29845,7.6018
29846,6.0
29847,5.1667
29848,7.6018
29849,8.8556
29850,9.7427
29851,5.75
29852,7.5882
29853,7.6018
29854,8.3333
29855,8.875
29856,7.4633
29857,5.0
29858,7.6018
29859,7.6018
29860,7.6667
29861,7.6018
29862,7.6018
29863,7.6018
29864,9.0262
29865,8.1429
29866,7.2595
29867,7.3333
29868,7.8126
29869,7.6018
29870,7.6667
29871,7.6018
29872,9.3333
29873,8.1538
29874,7.6018
29875,7.8
29876,8.418
29877,7.6018
29878,7.5065
29879,7.6018
29880,9.8
29881,7.6018
29882,5.5
29883,8.0
29884,7.6018
29885,8.3333
29886,8.45
29887,7.6018
29888,9.0
29889,6.7605
29890,7.9947
29891,6.75
29892,8.2105
29893,7.6018
29894,7.6018
29895,6.9583
29896,7.6018
29897,7.1613
29898,7.9947
29899,7.0
29900,7.5333
29901,7.6018
29902,7.6018
29903,6.9655
29904,5.0
29905,5.5
29906,7.6018
29907,7.6018
29908,7.6018
29909,7.6018
29910,8.0
29911,7.6018
29912,8.1579
29913,7.6018
29914,7.5
29915,8.4091
29916,6.1667
29917,7.7778
29918,7.6018
29919,6.3333
29920,7.2595
29921,7.6018
29922,7.6018
29923,7.6018
29924,8.7404
29925,8.9828
29926,7.6018
29927,7.6018
29928,7.6018
29929,7.6018
29930,8.0
29931,6.7143
29932,7.6018
29933,7.6018
29934,7.5
29935,7.6018
29936,8.4474
29937,7.1667
29938,7.6018
29939,7.2595
29940,7.6018
29941,9.1395
29942,9.4583
29943,7.8333
29944,7.6018
29945,7.6018
29946,5.0
29947,7.8941
29948,7.6018
29949,7.6018
29950,10.0
29951,7.6018
29952,7.6018
29953,8.5
29954,7.918
29955,9.0
29956,6.7129
29957,7.6018
29958,6.3553
29959,4.4584
29960,6.8125
29961,7.6018
29962,7.8667
29963,7.1873
29964,8.3731
29965,7.6018
29966,7.6018
29967,7.6018
29968,7.6018
29969,6.6875
29970,7.6018
29971,7.6018
29972,7.6018
29973,7.6018
29974,7.6018
29975,7.6018
29976,7.6018
29977,8.8556
29978,6.1667
29979,8.1905
29980,7.6018
29981,7.6018
29982,7.6018
29983,7.0484
29984,7.5574
29985,7.4227
29986,7.6018
29987,7.6018
29988,6.6923
29989,6.0
29990,7.3333
29991,7.6018
29992,8.0
29993,7.6018
29994,7.6
29995,7.2595
29996,7.6018
29997,6.3786
29998,7.2727
29999,6.6
30000,7.6018
30001,7.6667
30002,5.6667
30003,8.25
30004,7.6018
30005,7.0
30006,7.6018
30007,4.1662
30008,9.0
30009,8.7105
30010,7.0
30011,7.6018
30012,7.4583
30013,8.4091
30014,7.3333
30015,7.6018
30016,3.0
30017,7.8
30018,6.9333
30019,7.6018
30020,7.6018
30021,8.0
30022,9.4444
30023,7.6018
30024,7.6018
30025,9.0
30026,8.0
30027,5.2
30028,5.9091
30029,7.3793
30030,8.75
30031,7.6018
30032,9.2857
30033,7.6018
30034,7.5505
30035,7.6018
30036,7.0484
30037,8.1111
30038,6.8621
30039,7.6018
30040,7.6364
30041,7.4824
30042,7.6018
30043,7.6018
30044,5.0
30045,7.6018
30046,7.2826
30047,8.375
30048,6.5833
30049,8.0909
30050,7.6018
30051,8.7091
30052,7.6018
30053,7.6018
30054,7.6018
30055,8.2857
30056,7.6018
30057,7.6018
30058,7.6018
30059,7.6018
30060,7.6018
30061,3.5
30062,7.6018
30063,7.6018
30064,7.6018
30065,7.6018
30066,8.0
30067,7.0349
30068,7.6018
30069,7.3404
30070,7.8947
30071,8.0667
30072,7.2343
30073,5.0
30074,4.9167
30075,7.6018
30076,7.6018
30077,7.6018
30078,7.6018
30079,8.875
30080,7.8
30081,7.6018
30082,7.2595
30083,7.3333
30084,7.6018
30085,7.6018
30086,7.6018
30087,7.6018
30088,7.6018
30089,9.6667
30090,7.6018
30091,7.6018
30092,7.6018
30093,7.2595
30094,7.6018
30095,7.6018
30096,7.5278
30097,6.0
30098,7.7407
30099,7.6018
30100,7.6018
30101,7.0
30102,8.3102
30103,7.6018
30104,9.6
30105,7.6018
30106,5.5
30107,7.6018
30108,7.6018
30109,7.6018
30110,7.6018
30111,8.1111
30112,5.2
30113,7.6018
30114,7.6018
30115,7.6018
30116,7.6018
30117,5.0
30118,7.6018
30119,7.6018
30120,7.6018
30121,7.6018
30122,6.8333
30123,7.6018
30124,7.9947
30125,8.7404
30126,7.6018
30127,7.458
30128,8.2353
30129,7.8431
30130,7.6018
30131,7.6018
30132,7.6018
30133,7.6018
30134,7.6018
30135,7.6018
30136,7.6018
30137,7.6018
30138,8.0294
30139,7.8723
30140,7.6018
30141,6.6214
30142,7.6018
30143,7.6018
30144,7.6018
30145,7.6018
30146,9.0
30147,7.0
30148,8.1
30149,7.0294
30150,7.6018
30151,7.6018
30152,7.6018
30153,7.6018
30154,7.6018
30155,7.6018
30156,7.6018
30157,6.5
30158,9.7189
30159,7.6018
30160,7.6018
30161,8.6111
30162,9.2381
30163,7.6018
30164,7.7236
30165,7.6018
30166,9.0
30167,5.5401
30168,7.6018
30169,7.6018
30170,6.7619
30171,7.6018
30172,7.6018
30173,7.6018
30174,7.6018
30175,7.1212
30176,7.6018
30177,7.6018
30178,9.3832
30179,8.0
30180,8.8556
30181,7.6018
30182,9.5385
30183,7.4
30184,8.8556
30185,7.6018
30186,7.6018
30187,7.6018
30188,8.4
30189,7.7
30190,8.1955
30191,7.6018
30192,8.6364
30193,7.6018
30194,7.6018
30195,7.2595
30196,7.7981
30197,7.6018
30198,6.1765
30199,5.0
30200,7.6018
30201,5.5556
30202,7.2595
30203,8.8556
30204,7.6018
30205,8.0
30206,7.6018
30207,7.6018
30208,7.9286
30209,7.0
30210,7.0
30211,7.6018
30212,6.8689
30213,7.9947
30214,7.6575
30215,7.6018
30216,7.6087
30217,8.0
30218,7.75
30219,8.4091
30220,7.9947
30221,7.6018
30222,6.0
30223,8.0333
30224,7.6018
30225,7.6018
30226,7.6018
30227,7.1039
30228,8.7091
30229,8.5
30230,7.3793
30231,8.25
30232,5.6667
30233,6.6
30234,5.1355
30235,7.6018
30236,9.0
30237,8.7048
30238,7.5278
30239,7.8941
30240,7.6018
30241,7.5065
30242,7.6018
30243,7.6018
30244,7.6018
30245,7.6018
30246,8.0294
30247,7.6018
30248,7.6018
30249,7.8333
30250,7.7826
30251,8.2353
30252,7.6018
30253,6.2667
30254,8.3333
30255,7.6018
30256,9.2857
30257,7.6018
30258,7.6018
30259,8.2
30260,7.5065
30261,7.6018
30262,7.6018
30263,7.5263
30264,7.6018
30265,7.6018
30266,7.6018
30267,8.25
30268,7.6018
30269,7.6018
30270,9.0
30271,7.9231
30272,9.0
30273,6.5
30274,7.6018
30275,7.58
30276,8.0769
30277,7.6018
30278,7.4286
30279,7.6018
30280,8.7048
30281,7.6018
30282,7.6018
30283,8.1053
30284,7.6018
30285,7.7778
30286,7.6018
30287,9.0
30288,7.1667
30289,7.137
30290,7.6018
30291,7.6018
30292,7.6018
30293,7.6018
30294,8.537
30295,5.0
30296,7.6667
30297,7.6018
30298,4.7059
30299,7.6018
30300,7.6018
30301,7.6018
30302,8.3649
30303,7.9286
30304,7.6018
30305,6.7581
30306,8.303
30307,7.6018
30308,7.3182
30309,7.4615
30310,7.2595
30311,7.6018
30312,9.8292
30313,7.6018
30314,7.6018
30315,8.1043
30316,7.6018
30317,9.1373
30318,8.0
30319,9.2857
30320,7.6018
30321,7.6018
30322,7.6018
30323,7.6018
30324,7.6018
30325,8.8333
30326,6.2255
30327,8.1111
30328,7.6018
30329,7.6018
30330,7.6018
30331,6.5
30332,7.6018
30333,7.6018
30334,7.6018
30335,7.6018
30336,5.9825
30337,7.6018
30338,7.6018
30339,7.6018
30340,8.7029
30341,8.0667
30342,7.6018
30343,6.56
30344,7.6018
30345,7.5833
30346,7.6018
30347,9.7365
30348,7.6018
30349,7.6018
30350,7.6018
30351,5.8
30352,5.0
30353,7.6018
30354,8.0
30355,6.0226
30356,8.1471
30357,7.25
30358,7.12
30359,9.7083
30360,8.6667
30361,7.6667
30362,7.6018
30363,7.1613
30364,7.7
30365,7.6018
30366,4.8951
30367,7.6018
30368,9.9166
30369,7.6018
30370,7.9071
30371,8.0238
30372,6.3
30373,7.6018
30374,7.6018
30375,7.6018
30376,6.0
30377,7.6018
30378,7.6667
30379,6.5769
30380,7.6018
30381,7.6018
30382,7.6018
30383,7.2595
30384,7.6018
30385,7.5254
30386,10.0
30387,7.6018
30388,7.8431
30389,7.6018
30390,8.2
30391,7.5505
30392,7.3571
30393,9.0
30394,7.6018
30395,8.8333
30396,8.5
30397,8.1471
30398,7.6018
30399,6.9333
30400,8.2763
30401,7.6018
30402,7.3523
30403,7.6018
30404,7.6018
30405,7.1667
30406,8.3714
30407,7.6018
30408,8.1486
30409,7.8
30410,7.6018
30411,7.2258
30412,7.6018
30413,7.6018
30414,8.0
30415,7.6018
30416,7.6018
30417,7.6018
30418,7.6018
30419,8.8556
30420,7.6018
30421,7.6018
30422,7.6018
30423,7.6018
30424,7.6018
30425,7.6018
30426,7.6018
30427,9.0
30428,7.1176
30429,7.6018
30430,5.75
30431,7.6018
30432,7.6018
30433,7.3571
30434,7.6018
30435,6.6316
30436,7.6018
30437,7.6018
30438,8.0
30439,7.6018
30440,7.6018
30441,7.9555
30442,7.6018
30443,7.6018
30444,7.3523
30445,7.6018
30446,7.6018
30447,7.6018
30448,6.3333
30449,7.6018
30450,8.42
30451,7.6018
30452,5.0
30453,7.6018
30454,7.6018
30455,7.6018
30456,7.6018
30457,7.6018
30458,7.6018
30459,7.6018
30460,7.6018
30461,7.0
30462,6.0
30463,7.9947
30464,7.6018
30465,7.6018
30466,7.6018
30467,7.6018
30468,7.6018
30469,7.6018
30470,6.0
30471,7.6667
30472,7.2595
30473,7.6018
30474,7.6018
30475,7.6018
30476,4.0
30477,7.6018
30478,7.6018
30479,7.6018
30480,7.6018
30481,8.8359
30482,7.6018
30483,8.5625
30484,8.077
30485,8.1429
30486,9.0
30487,7.4746
30488,7.6018
30489,8.3971
30490,10.0
30491,7.6018
30492,8.6667
30493,7.875
30494,6.6522
30495,7.0
30496,6.5
30497,9.2857
30498,7.6018
30499,7.6018
30500,7.6018
30501,7.8
30502,7.6018
30503,7.6018
30504,7.6018
30505,7.6018
30506,7.6018
30507,7.6018
30508,8.4091
30509,7.6018
30510,7.6018
30511,7.2595
30512,7.6018
30513,7.6018
30514,7.6018
30515,8.3649
30516,7.6018
30517,7.3571
30518,7.3336
30519,7.6018
30520,8.5
30521,7.6018
30522,8.3158
30523,7.6018
30524,7.0
30525,7.3523
30526,9.0
30527,7.6018
30528,7.0
30529,7.6018
30530,7.6018
30531,7.6018
30532,7.0
30533,7.6018
30534,7.6018
30535,7.6018
30536,7.8617
30537,8.5
30538,7.6018
30539,7.6018
30540,7.6018
30541,6.75
30542,7.6018
30543,7.6018
30544,7.6018
30545,6.7358
30546,7.6018
30547,7.6018
30548,7.6018
30549,8.5385
30550,7.6018
30551,9.0
30552,7.6018
30553,9.0
30554,7.6364
30555,7.7826
30556,7.6018
30557,7.6018
30558,7.6018
30559,7.7778
30560,7.6018
30561,7.6018
30562,7.6018
30563,7.6018
30564,7.6429
30565,7.6018
30566,7.9947
30567,7.6018
30568,9.0262
30569,7.6018
30570,7.6018
30571,7.6018
30572,7.6018
30573,9.0262
30574,7.1689
30575,7.6018
30576,10.0
30577,7.6018
30578,7.6018
30579,7.6018
30580,7.6018
30581,6.3333
30582,7.6018
30583,7.6018
30584,7.6018
30585,7.1053
30586,7.6018
30587,8.7933
30588,5.9605
30589,7.6667
30590,8.873
30591,7.5
30592,7.3404
30593,6.7143
30594,7.6018
30595,7.6018
30596,9.2381
30597,7.3796
30598,9.0
30599,7.6018
30600,7.6018
30601,6.2667
30602,7.6018
30603,7.0294
30604,7.6018
30605,8.4375
30606,7.6018
30607,7.2595
30608,7.6052
30609,7.6018
30610,7.6018
30611,7.6018
30612,5.0
30613,7.6018
30614,7.6018
30615,7.6018
30616,7.6667
30617,8.122
30618,7.2326
30619,7.12
30620,7.6018
30621,7.6018
30622,9.6647
30623,7.6018
30624,6.0
30625,8.0
30626,7.6018
30627,7.6018
30628,7.6
30629,7.0
30630,7.6018
30631,7.6018
30632,8.0238
30633,8.5769
30634,8.0
30635,5.2
30636,7.7105
30637,8.0248
30638,7.6018
30639,7.6018
30640,9.375
30641,6.0
30642,7.6018
30643,6.7403
30644,7.6018
30645,7.6018
30646,7.6018
30647,7.6018
30648,7.6018
30649,5.6667
30650,7.2243
30651,7.6018
30652,7.3333
30653,7.6408
30654,7.6018
30655,7.6018
30656,7.0
30657,7.6018
30658,7.5
30659,7.6018
30660,7.6018
30661,7.6018
30662,7.6018
30663,7.1818
30664,7.6018
30665,7.6018
30666,7.3333
30667,7.6018
30668,10.0
30669,5.9396
30670,7.6018
30671,7.3333
30672,7.6018
30673,7.3142
30674,7.6018
30675,7.0
30676,7.3523
30677,7.6018
30678,7.6018
30679,7.6018
30680,7.6018
30681,6.3786
30682,8.9714
30683,9.0625
30684,7.6018
30685,7.6018
30686,9.0
30687,7.6018
30688,7.6018
30689,8.8556
30690,8.5455
30691,7.6018
30692,7.6018
30693,6.4074
30694,10.0
30695,8.3333
30696,7.6018
30697,7.815
30698,7.3333
30699,7.6842
30700,7.8
30701,5.8529
30702,7.8856
30703,7.6018
30704,9.0
30705,7.6018
30706,7.6018
30707,7.5333
30708,7.6018
30709,4.75
30710,6.75
30711,7.6018
30712,7.6018
30713,9.0
30714,7.9947
30715,6.3333
30716,7.6018
30717,7.6018
30718,7.55
30719,7.6018
30720,7.6018
30721,6.0226
30722,7.4118
30723,7.6018
30724,9.144
30725,7.705
30726,7.6018
30727,6.8689
30728,8.2222
30729,6.0
30730,8.8387
30731,6.6667
30732,6.5
30733,6.3
30734,7.0
30735,9.0
30736,7.6018
30737,7.6018
30738,9.0
30739,7.6018
30740,7.6018
30741,7.5168
30742,7.6018
30743,5.0
30744,7.6714
30745,7.6018
30746,10.0
30747,8.375
30748,7.6018
30749,8.05
30750,7.6018
30751,5.1355
30752,7.8889
30753,7.6018
30754,7.6018
30755,8.2019
30756,9.5
30757,8.0
30758,7.6018
30759,7.0
30760,8.25
30761,7.6018
30762,7.6018
30763,7.6018
30764,7.6018
30765,6.7581
30766,7.6018
30767,7.6018
30768,7.6018
30769,7.6018
30770,7.6018
30771,7.6018
30772,7.6018
30773,6.6
30774,7.2595
30775,7.6018
30776,7.6018
30777,7.6018
30778,8.5753
30779,7.6018
30780,7.6018
30781,7.6018
30782,7.6018
30783,7.6018
30784,9.6364
30785,7.6018
30786,7.0
30787,7.9286
30788,7.6018
30789,7.6018
30790,7.5
30791,7.6018
30792,7.6018
30793,7.6018
30794,7.6018
30795,8.0
30796,6.6667
30797,6.25
30798,7.6018
30799,8.25
30800,5.75
30801,7.6018
30802,7.6018
30803,9.8571
30804,6.5
30805,7.3333
30806,8.75
30807,8.0909
30808,8.0
30809,7.6018
30810,7.6018
30811,7.4545
30812,7.2595
30813,7.6018
30814,7.6018
30815,7.6018
30816,6.4
30817,8.1824
30818,7.6018
30819,7.6207
30820,7.7971
30821,7.6018
30822,7.9286
30823,7.6018
30824,6.9333
30825,8.1055
30826,5.0504
30827,7.6018
30828,7.9577
30829,7.6018
30830,8.8556
30831,7.6018
30832,7.6018
30833,7.6018
30834,10.0
30835,8.0
30836,7.6018
30837,7.2595
30838,7.6018
30839,7.6018
30840,8.7404
30841,7.6018
30842,7.6018
30843,7.9947
30844,7.6018
30845,7.6018
30846,7.6018
30847,7.2595
30848,7.6018
30849,7.3333
30850,7.6018
30851,10.0
30852,7.6018
30853,7.6018
30854,6.7328
30855,7.6018
30856,7.0
30857,6.9655
30858,7.6018
30859,7.6018
30860,5.1355
30861,7.6018
30862,7.3158
30863,7.4848
30864,7.6018
30865,7.6018
30866,9.4583
30867,8.2019
30868,6.6923
30869,6.25
30870,8.2091
30871,7.6018
30872,7.6018
30873,7.6018
30874,7.6018
30875,7.6018
30876,7.5
30877,7.6018
30878,7.6018
30879,7.6018
30880,8.2368
30881,8.4
30882,8.2222
30883,7.6018
30884,7.6018
30885,7.6018
30886,7.6018
30887,7.6018
30888,7.6018
30889,7.6018
30890,7.6018
30891,7.6018
30892,7.4223
30893,7.2
30894,8.5833
30895,7.6018
30896,7.2595
30897,6.0
30898,7.4821
30899,7.6018
30900,7.8
30901,7.2595
30902,8.0
30903,7.6018
30904,7.6018
30905,7.6018
30906,7.6018
30907,10.0
30908,7.6018
30909,7.75
30910,7.6018
30911,8.0
30912,7.5278
30913,7.885
30914,7.6018
30915,5.25
30916,7.9
30917,6.6
30918,7.1321
30919,7.6018
30920,9.3333
30921,7.6018
30922,7.6018
30923,6.2055
30924,7.6018
30925,7.6018
30926,7.6018
30927,7.6018
30928,9.0
30929,7.6018
30930,7.6018
30931,7.6671
30932,7.6018
30933,7.8889
30934,7.1667
30935,6.0
30936,5.8214
30937,7.6018
30938,8.6667
30939,8.2109
30940,5.25
30941,8.4397
30942,7.6018
30943,5.9103
30944,7.6018
30945,5.95
30946,8.1667
30947,9.1
30948,5.8529
30949,6.3333
30950,7.7778
30951,7.6018
30952,7.0
30953,7.6018
30954,7.6018
30955,7.6018
30956,7.7071
30957,7.5
30958,7.0818
30959,7.6018
30960,9.3252
30961,7.3333
30962,7.4
30963,5.6
30964,7.6018
30965,7.6018
30966,6.25
30967,7.1818
30968,9.0
30969,7.6018
30970,7.6018
30971,8.7048
30972,8.2727
30973,7.6018
30974,7.1667
30975,7.6018
30976,7.6018
30977,7.0818
30978,8.3649
30979,6.8689
30980,7.6018
30981,9.2857
30982,7.6018
30983,8.0
30984,8.8333
30985,7.6018
30986,7.6018
30987,7.7273
30988,7.6018
30989,8.0
30990,7.6018
30991,7.6018
30992,7.5
30993,5.0752
30994,7.1429
30995,9.5556
30996,8.7222
30997,7.6018
30998,7.6018
30999,7.6667
31000,7.6018
31001,7.6018
31002,8.4906
31003,8.2109
31004,7.6018
31005,7.6018
31006,7.6018
31007,7.6018
31008,7.6018
31009,8.0
31010,8.0857
31011,7.6018
31012,5.0
31013,7.6018
31014,8.4
31015,8.0714
31016,7.2595
31017,7.3158
31018,7.6018
31019,7.6018
31020,7.6018
31021,6.6
31022,7.6018
31023,7.2595
31024,7.6018
31025,7.6018
31026,7.6018
31027,8.9315
31028,7.6018
31029,7.6018
31030,8.5383
31031,7.6018
31032,2.5
31033,7.6018
31034,7.2243
31035,7.2595
31036,9.075
31037,7.6018
31038,7.6018
31039,7.6018
31040,7.6018
31041,7.6018
31042,7.6018
31043,6.5
31044,7.6018
31045,7.6018
31046,7.6018
31047,8.2727
31048,7.6018
31049,7.6018
31050,7.6018
31051,8.3333
31052,7.6018
31053,7.5417
31054,7.6018
31055,8.1129
31056,7.6018
31057,7.6018
31058,7.6018
31059,5.0
31060,7.7009
31061,8.4634
31062,5.0
31063,7.6018
31064,7.45
31065,7.6018
31066,8.1786
31067,7.6018
31068,7.6018
31069,7.6018
31070,7.6018
31071,7.6018
31072,8.1471
31073,8.5625
31074,8.0
31075,7.2595
31076,6.1034
31077,6.9167
31078,7.6018
31079,9.5175
31080,7.6018
31081,7.6018
31082,7.3438
31083,7.6018
31084,7.6018
31085,7.7009
31086,7.6018
31087,7.6018
31088,7.5065
31089,7.6018
31090,8.4634
31091,7.6018
31092,8.8556
31093,7.6018
31094,8.418
31095,7.6018
31096,8.0
31097,7.6018
31098,7.6018
31099,7.2595
31100,7.7838
31101,9.134
31102,8.0455
31103,8.75
31104,6.35
31105,7.6018
31106,7.6018
31107,8.0
31108,9.75
31109,7.6018
31110,7.6018
31111,7.6018
31112,8.2857
31113,7.6018
31114,7.6018
31115,6.7857
31116,7.9231
31117,7.6018
31118,6.6923
31119,7.6018
31120,7.75
31121,8.0094
31122,7.6018
31123,7.6018
31124,7.6018
31125,9.6216
31126,9.0273
31127,7.6018
31128,6.4
31129,7.6018
31130,8.0755
31131,6.0
31132,7.2595
31133,9.4545
31134,8.2105
31135,7.6018
31136,7.6018
31137,7.6018
31138,8.037
31139,7.7636
31140,7.6018
31141,7.1613
31142,7.6018
31143,6.7
31144,7.6018
31145,7.6018
31146,7.6018
31147,7.0
31148,7.6018
31149,7.6018
31150,6.2615
31151,9.8571
31152,7.6018
31153,6.7917
31154,7.6018
31155,7.2432
31156,10.0
31157,7.6018
31158,7.6018
31159,7.6018
31160,7.2595
31161,7.6018
31162,7.6018
31163,7.6018
31164,7.6018
31165,8.1429
31166,7.2595
31167,7.2595
31168,7.6018
31169,7.0
31170,7.0
31171,7.3
31172,7.6018
31173,5.0
31174,8.3939
31175,8.0
31176,7.6018
31177,7.5
31178,6.0303
31179,8.7048
31180,8.875
31181,7.5
31182,9.0
31183,7.6018
31184,5.0
31185,7.6018
31186,7.6018
31187,7.6018
31188,7.5065
31189,7.6842
31190,8.0
31191,7.6018
31192,8.3333
31193,6.0298
31194,7.6018
31195,7.5385
31196,9.5385
31197,7.6018
31198,7.6018
31199,8.2692
31200,7.6018
31201,7.2595
31202,7.2909
31203,5.5
31204,6.7403
31205,7.5714
31206,7.6018
31207,7.6018
31208,8.1818
31209,7.6018
31210,7.6018
31211,9.0522
31212,7.6018
31213,7.6018
31214,7.6018
31215,7.6018
31216,9.0
31217,7.6018
31218,7.6018
31219,7.5
31220,7.5
31221,7.6018
31222,7.3333
31223,7.6018
31224,7.6018
31225,7.7037
31226,7.2595
31227,7.6018
31228,7.6018
31229,7.6018
31230,7.3333
31231,9.125
31232,7.6018
31233,9.0
31234,7.2595
31235,8.5165
31236,7.6018
31237,7.6018
31238,7.6018
31239,6.8571
31240,7.6018
31241,6.5
31242,7.6018
31243,7.8
31244,7.6018
31245,9.5455
31246,7.6018
31247,9.0
31248,7.6018
31249,6.5
31250,7.6018
31251,7.2
31252,7.6018
31253,7.6018
31254,5.5714
31255,8.8556
31256,7.6018
31257,7.6018
31258,7.6018
31259,7.6018
31260,7.6018
31261,7.6018
31262,7.6667
31263,7.6018
31264,7.6667
31265,9.6
31266,7.6018
31267,7.087
31268,7.6018
31269,7.6018
31270,7.6018
31271,7.815
31272,7.2595
31273,7.6018
31274,7.6018
31275,6.7778
31276,6.6
31277,7.7449
31278,7.818
31279,5.5789
31280,8.0
31281,6.9231
31282,7.875
31283,7.6018
31284,7.6018
31285,7.6018
31286,7.6018
31287,6.6923
31288,7.5569
31289,7.6018
31290,7.6018
31291,7.6018
31292,7.6018
31293,7.6018
31294,7.6018
31295,10.0
31296,6.8
31297,7.8
31298,7.6018
31299,7.6018
31300,8.7368
31301,7.3796
31302,7.6018
31303,7.2595
31304,8.0
31305,8.0426
31306,8.9796
31307,7.4339
31308,7.6018
31309,7.0
31310,7.4
31311,7.6018
31312,7.6018
31313,5.0
31314,8.7778
31315,9.0
31316,7.6018
31317,10.0
31318,6.75
31319,7.2595
31320,7.6018
31321,7.6018
31322,7.6018
31323,8.0
31324,7.6018
31325,9.1081
31326,6.65
31327,7.6018
31328,7.6018
31329,8.3
31330,8.541
31331,9.0262
31332,8.9403
31333,9.0
31334,7.6018
31335,6.9091
31336,7.6018
31337,8.4474
31338,7.6018
31339,7.6018
31340,7.0667
31341,7.6018
31342,8.0
31343,7.9286
31344,7.6018
31345,7.6018
31346,7.6018
31347,5.1355
31348,7.5
31349,7.6018
31350,8.4017
31351,7.6018
31352,7.6018
31353,7.6018
31354,7.6018
31355,5.5
31356,7.6018
31357,8.5036
31358,7.6018
31359,8.1429
31360,5.6667
31361,7.25
31362,7.3796
31363,7.6018
31364,9.2008
31365,5.0752
31366,7.6018
31367,7.5702
31368,7.6018
31369,9.5455
31370,7.3241
31371,7.2595
31372,8.1852
31373,7.7204
31374,8.8556
31375,7.6018
31376,7.3158
31377,7.7762
31378,7.6018
31379,7.6018
31380,7.6018
31381,7.6018
31382,9.5
31383,6.0
31384,8.873
31385,8.8556
31386,7.6018
31387,7.6018
31388,7.6018
31389,7.6
31390,7.6018
31391,7.1212
31392,9.6216
31393,8.5
31394,7.6018
31395,7.55
31396,6.6214
31397,7.5714
31398,7.6018
31399,7.6018
31400,7.1212
31401,5.7143
31402,7.1463
31403,7.3
31404,5.0614
31405,7.6018
31406,9.3235
31407,7.4054
31408,7.7429
31409,9.7
31410,8.2368
31411,7.6018
31412,7.6018
31413,7.6018
31414,6.9231
31415,7.6018
31416,7.6018
31417,9.2105
31418,8.3333
31419,7.6018
31420,7.1579
31421,9.0
31422,8.8556
31423,7.6018
31424,7.6018
31425,8.9315
31426,8.0
31427,7.5065
31428,9.0262
31429,7.6018
31430,7.2595
31431,8.1111
31432,7.6018
31433,7.6018
31434,7.0
31435,8.25
31436,7.2595
31437,7.6018
31438,7.6018
31439,7.2857
31440,7.6018
31441,7.6018
31442,7.6018
31443,7.6018
31444,7.6018
31445,6.1667
31446,8.4906
31447,8.8556
31448,7.6018
31449,7.6018
31450,7.6018
31451,7.7778
31452,6.6667
31453,7.6018
31454,8.5667
31455,7.6018
31456,7.6018
31457,7.6018
31458,7.6018
31459,7.3846
31460,8.0094
31461,8.0
31462,7.6018
31463,7.6018
31464,7.6018
31465,7.6018
31466,7.6018
31467,8.8556
31468,6.0226
31469,7.815
31470,7.6018
31471,7.6018
31472,7.6018
31473,7.6018
31474,7.6018
31475,7.8125
31476,8.4906
31477,7.6018
31478,5.1538
31479,7.125
31480,8.0385
31481,7.6018
31482,8.8556
31483,7.6018
31484,7.6018
31485,7.6018
31486,7.6018
31487,7.6018
31488,7.6018
31489,8.3
31490,7.6018
31491,7.5333
31492,7.6018
31493,8.8556
31494,7.6018
31495,6.375
31496,6.0226
31497,7.6018
31498,9.6667
31499,7.7849
31500,7.1689
31501,7.6018
31502,7.6018
31503,7.0
31504,7.6018
31505,8.0
31506,7.6018
31507,7.4167
31508,7.2595
31509,8.0
31510,7.6018
31511,7.2595
31512,7.6018
31513,7.5
31514,7.6018
31515,7.6018
31516,7.6018
31517,7.0
31518,7.6018
31519,7.6018
31520,7.6018
31521,7.6018
31522,7.6018
31523,8.25
31524,7.7762
31525,7.6018
31526,7.6018
31527,6.0588
31528,7.6018
31529,7.1689
31530,7.6018
31531,7.6018
31532,8.2
31533,8.2857
31534,7.6018
31535,7.6018
31536,7.5
31537,7.0359
31538,7.0
31539,7.6018
31540,8.6667
31541,7.6018
31542,7.6018
31543,7.6018
31544,7.6018
31545,8.5556
31546,5.65
31547,7.6018
31548,7.5
31549,6.6923
31550,7.6018
31551,7.6018
31552,7.6018
31553,8.0588
31554,7.6018
31555,7.0
31556,7.8994
31557,9.4841
31558,7.2222
31559,7.6018
31560,7.6667
31561,7.9524
31562,7.6018
31563,7.6018
31564,7.6018
31565,7.6018
31566,7.6018
31567,8.0
31568,9.0
31569,7.6018
31570,7.6018
31571,7.6018
31572,7.4
31573,7.9091
31574,7.3103
31575,8.0
31576,7.6018
31577,7.6018
31578,7.375
31579,8.2857
31580,6.35
31581,5.0
31582,6.6667
31583,7.2595
31584,7.0
31585,8.0
31586,7.6018
31587,6.5
31588,9.0
31589,7.9286
31590,8.875
31591,8.0238
31592,7.6667
31593,7.6018
31594,7.6018
31595,8.7778
31596,7.6018
31597,5.25
31598,5.0
31599,7.6018
31600,8.0714
31601,7.3973
31602,7.6018
31603,10.0
31604,7.6018
31605,7.6018
31606,5.0
31607,7.2595
31608,4.75
31609,9.0
31610,7.6018
31611,8.8556
31612,6.1818
31613,8.0
31614,7.4074
31615,7.6018
31616,8.8556
31617,7.0667
31618,7.2595
31619,7.6018
31620,7.1778
31621,7.0
31622,7.3333
31623,8.8556
31624,7.6018
31625,8.4545
31626,7.6018
31627,7.6018
31628,7.5
31629,7.6018
31630,7.6018
31631,8.0094
31632,8.0
31633,9.0
31634,8.8333
31635,7.2595
31636,7.6018
31637,8.75
31638,7.1429
31639,7.6018
31640,7.6018
31641,7.945
31642,7.6018
31643,6.0
31644,7.6018
31645,7.6018
31646,7.6018
31647,6.6667
31648,7.6018
31649,7.721
31650,7.6018
31651,7.6018
31652,7.6018
31653,5.0
31654,7.6018
31655,8.3333
31656,7.6018
31657,7.6018
31658,7.6018
31659,7.6018
31660,7.6018
31661,7.6018
31662,6.2
31663,7.45
31664,7.7
31665,8.3971
31666,7.6018
31667,3.5
31668,8.8556
31669,8.4545
31670,8.3571
31671,8.9403
31672,7.6018
31673,5.5
31674,7.6018
31675,7.6
31676,7.6018
31677,7.1689
31678,7.6018
31679,6.6872
31680,7.0
31681,7.2391
31682,7.6018
31683,5.5
31684,5.9829
31685,8.0909
31686,8.0
31687,7.6018
31688,7.6
31689,6.7917
31690,8.3333
31691,7.3523
31692,7.9286
31693,7.3523
31694,7.6018
31695,6.8947
31696,8.5
31697,7.6018
31698,7.6018
31699,7.125
31700,7.8333
31701,6.4921
31702,7.7762
31703,7.6018
31704,6.3
31705,8.2
31706,8.8
31707,7.6018
31708,9.3333
31709,7.6018
31710,7.6018
31711,7.6018
31712,7.6018
31713,7.6018
31714,7.6018
31715,7.45
31716,7.6018
31717,7.5
31718,6.35
31719,5.0
31720,7.375
31721,7.6018
31722,9.0
31723,7.6018
31724,7.6018
31725,6.4921
31726,7.6018
31727,5.7
31728,6.9655
31729,10.0
31730,7.6018
31731,7.6018
31732,8.1955
31733,7.6018
31734,7.6018
31735,7.4583
31736,7.6018
31737,7.6018
31738,6.8112
31739,7.96
31740,7.9143
31741,7.9524
31742,7.6018
31743,7.2595
31744,8.541
31745,7.6018
31746,7.6018
31747,8.4
31748,8.1043
31749,8.3636
31750,7.1689
31751,7.6018
31752,7.4418
31753,5.5
31754,7.6018
31755,7.6018
31756,9.0
31757,4.3333
31758,7.6018
31759,7.6018
31760,8.2676
31761,9.25
31762,7.6018
31763,7.6018
31764,7.3182
31765,7.6018
31766,7.8617
31767,7.6018
31768,7.6018
31769,7.6018
31770,7.6018
31771,5.25
31772,9.0282
31773,7.7449
31774,7.6018
31775,7.6018
31776,7.0
31777,7.6018
31778,10.0
31779,7.6018
31780,7.6018
31781,8.0
31782,7.6018
31783,7.6
31784,8.8556
31785,8.8556
31786,7.9273
31787,7.0
31788,8.5
31789,7.6018
31790,7.6018
31791,7.6018
31792,7.6018
31793,7.6018
31794,7.6018
31795,7.6018
31796,7.6018
31797,7.2595
31798,8.0094
31799,8.715
31800,6.0
31801,7.6018
31802,7.6018
31803,7.6018
31804,7.6018
31805,8.3333
31806,7.6018
31807,6.6
31808,7.5
31809,7.6018
31810,7.2595
31811,7.6018
31812,7.6018
31813,10.0
31814,7.6018
31815,6.7819
31816,7.6018
31817,9.5
31818,6.88
31819,7.6018
31820,8.6817
31821,7.6018
31822,9.0131
31823,7.6018
31824,7.6018
31825,7.7425
31826,7.6018
31827,7.6018
31828,7.6018
31829,5.3333
31830,7.3158
31831,7.6018
31832,7.6569
31833,7.6018
31834,7.6018
31835,6.0
31836,8.7092
31837,7.6018
31838,9.0
31839,7.6018
31840,7.6018
31841,8.4286
31842,9.3333
31843,7.6018
31844,7.6018
31845,7.6018
31846,7.6018
31847,7.6018
31848,7.6018
31849,7.6018
31850,8.2
31851,7.6018
31852,8.2353
31853,7.6018
31854,7.6018
31855,7.6018
31856,7.6018
31857,7.1463
31858,7.6667
31859,7.6018
31860,7.0
31861,6.0
31862,7.6018
31863,6.4444
31864,7.6018
31865,9.4632
31866,8.4091
31867,7.1463
31868,7.6018
31869,7.5952
31870,7.6018
31871,7.0
31872,8.8958
31873,7.7449
31874,7.6018
31875,9.0262
31876,7.5065
31877,7.6018
31878,7.6018
31879,7.6018
31880,7.6018
31881,7.6018
31882,7.6018
31883,7.6018
31884,7.6018
31885,7.3333
31886,9.1176
31887,8.1976
31888,8.8556
31889,5.7826
31890,7.6018
31891,9.6429
31892,7.6018
31893,6.2055
31894,7.4865
31895,8.1429
31896,7.6018
31897,8.2
31898,7.6018
31899,8.7368
31900,7.6018
31901,8.6421
31902,7.3333
31903,7.6018
31904,9.0
31905,7.6018
31906,7.6018
31907,7.5862
31908,8.2019
31909,8.5
31910,7.6018
31911,9.4
31912,7.6018
31913,6.5
31914,7.6018
31915,6.8689
31916,8.2707
31917,7.5472
31918,7.6018
31919,7.3333
31920,9.75
31921,6.2
31922,7.6018
31923,7.3973
31924,7.2432
31925,7.6018
31926,6.0958
31927,7.6018
31928,7.6018
31929,7.6018
31930,7.6018
31931,10.0
31932,8.8727
31933,7.6018
31934,8.0
31935,7.6667
31936,9.0
31937,7.2595
31938,6.6667
31939,8.8
31940,7.087
31941,7.6018
31942,7.6018
31943,7.6018
31944,7.6018
31945,6.8182
31946,7.6018
31947,5.5753
31948,7.6018
31949,7.6018
31950,8.4474
31951,7.6018
31952,7.25
31953,7.6018
31954,7.6018
31955,7.6018
31956,7.7449
31957,7.6018
31958,6.9645
31959,7.6018
31960,7.6018
31961,7.6018
31962,7.6018
31963,7.6018
31964,7.6018
31965,9.28
31966,5.0
31967,7.6018
31968,7.6018
31969,7.1212
31970,7.0
31971,8.7692
31972,7.6018
31973,7.0769
31974,7.1689
31975,8.8462
31976,7.6018
31977,7.6018
31978,8.0
31979,7.6018
31980,5.5
31981,7.6018
31982,8.0909
31983,9.0262
31984,6.7129
31985,7.2595
31986,7.6018
31987,6.8
31988,7.6018
31989,5.0
31990,6.5
31991,8.8556
31992,7.1429
31993,7.4194
31994,9.6216
31995,7.4444
31996,5.5401
31997,7.6018
31998,7.4146
31999,6.25
32000,7.6018
32001,7.6018
32002,7.4
32003,7.2846
32004,7.6018
32005,8.4781
32006,7.6018
32007,6.3
32008,7.2963
32009,9.0262
32010,7.6018
32011,8.8556
32012,7.6018
32013,7.6018
32014,7.3571
32015,9.4
32016,6.6667
32017,6.25
32018,7.6018
32019,7.6018
32020,8.069
32021,8.1277
32022,7.5476
32023,7.6018
32024,7.6018
32025,7.6018
32026,7.6018
32027,7.2595
32028,8.1667
32029,7.6018
32030,7.6018
32031,8.9714
32032,7.5405
32033,7.6018
32034,7.6018
32035,7.0
32036,7.6018
32037,7.1944
32038,7.6667
32039,7.6018
32040,5.1355
32041,7.6018
32042,7.6018
32043,7.9947
32044,7.6018
32045,7.0
32046,7.6018
32047,7.5476
32048,8.5818
32049,8.1053
32050,7.6018
32051,7.6018
32052,7.6018
32053,7.6018
32054,7.0
32055,7.8139
32056,7.6018
32057,7.6018
32058,7.6018
32059,7.6018
32060,7.6018
32061,6.7403
32062,7.6018
32063,9.6758
32064,7.6018
32065,9.1667
32066,7.6018
32067,7.9947
32068,7.6018
32069,8.6719
32070,7.6018
32071,8.9113
32072,9.6252
32073,7.6018
32074,8.88
32075,7.6018
32076,7.6018
32077,7.2067
32078,7.2595
32079,7.6018
32080,7.6018
32081,7.6018
32082,7.6018
32083,9.0
32084,7.6897
32085,7.6018
32086,7.6018
32087,7.6018
32088,7.6018
32089,6.2055
32090,7.6018
32091,7.6018
32092,9.3333
32093,9.0262
32094,7.6018
32095,7.875
32096,7.619
32097,7.2595
32098,7.6018
32099,7.1667
32100,7.7188
32101,7.0
32102,8.2105
32103,7.6018
32104,9.2625
32105,7.6018
32106,7.7826
32107,8.2353
32108,7.0769
32109,8.6856
32110,7.6018
32111,7.6018
32112,7.2595
32113,7.6538
32114,7.6018
32115,7.3333
32116,6.5
32117,7.2595
32118,7.3333
32119,7.6018
32120,7.6018
32121,7.3404
32122,8.3971
32123,8.25
32124,7.6018
32125,7.6364
32126,7.6018
32127,7.3893
32128,7.6018
32129,8.875
32130,7.6018
32131,7.6018
32132,4.6
32133,5.1355
32134,7.6
32135,7.8723
32136,8.8556
32137,7.6018
32138,7.6018
32139,7.7
32140,7.6018
32141,7.5
32142,7.6018
32143,7.6018
32144,7.6018
32145,7.6269
32146,7.6018
32147,7.5065
32148,7.6018
32149,7.5505
32150,8.3259
32151,7.1689
32152,8.7179
32153,9.4841
32154,8.9091
32155,7.6018
32156,7.6018
32157,8.5818
32158,8.3
32159,7.0
32160,7.6018
32161,7.6018
32162,6.0
32163,9.8571
32164,6.25
32165,7.6018
32166,7.6018
32167,7.2
32168,8.3913
32169,7.7727
32170,8.0238
32171,8.8431
32172,6.5
32173,9.2353
32174,7.6018
32175,7.6018
32176,7.3
32177,7.5541
32178,7.6538
32179,8.2764
32180,7.6018
32181,6.8462
32182,7.2595
32183,7.3846
32184,7.6018
32185,7.6018
32186,7.6018
32187,4.9521
32188,7.5952
32189,7.2857
32190,7.6018
32191,7.6018
32192,8.0751
32193,7.6018
32194,7.6018
32195,7.6018
32196,5.8333
32197,7.6018
32198,7.5968
32199,7.6018
32200,7.6018
32201,8.5003
32202,7.6018
32203,7.6018
32204,7.0
32205,7.6018
32206,7.6018
32207,8.0
32208,7.6018
32209,7.2909
32210,5.8966
32211,8.0
32212,7.6018
32213,7.1689
32214,7.6018
32215,7.5
32216,7.6018
32217,7.3523
32218,10.0
32219,7.6018
32220,7.5
32221,7.4
32222,6.7273
32223,7.6018
32224,7.6018
32225,7.1667
32226,8.8182
32227,7.6018
32228,6.8667
32229,7.6018
32230,7.6018
32231,7.375
32232,7.6018
32233,7.6018
32234,7.6018
32235,6.6842
32236,7.2595
32237,7.6018
32238,7.6018
32239,7.2
32240,5.0752
32241,8.3913
32242,6.6809
32243,7.6018
32244,4.0
32245,7.6018
32246,5.0
32247,5.1355
32248,10.0
32249,7.6018
32250,7.6018
32251,7.6018
32252,7.3793
32253,7.6018
32254,7.6018
32255,7.6018
32256,7.6018
32257,7.6018
32258,7.6018
32259,7.6018
32260,7.6018
32261,7.8617
32262,7.6018
32263,7.6018
32264,7.6018
32265,7.6018
32266,7.6018
32267,6.7327
32268,7.6018
32269,7.6018
32270,8.2222
32271,9.6061
32272,7.875
32273,7.6018
32274,7.9
32275,5.0
32276,7.6018
32277,7.0
32278,7.6018
32279,7.6154
32280,8.4615
32281,7.6018
32282,7.6018
32283,7.6018
32284,8.5625
32285,7.6018
32286,9.7692
32287,7.6018
32288,7.5385
32289,7.6018
32290,9.2555
32291,7.7
32292,7.6018
32293,7.6018
32294,6.7273
32295,7.6018
32296,9.6139
32297,7.6018
32298,7.6018
32299,7.6018
32300,7.6018
32301,8.25
32302,6.9167
32303,9.0811
32304,7.6018
32305,7.2595
32306,7.6018
32307,8.9828
32308,6.8571
32309,7.6018
32310,7.6018
32311,7.2258
32312,7.2595
32313,7.0882
32314,7.6018
32315,7.6018
32316,9.0
32317,5.1538
32318,8.8387
32319,7.3333
32320,7.8
32321,8.5
32322,7.6018
32323,8.5467
32324,7.0
32325,6.6364
32326,7.6018
32327,7.2595
32328,8.2963
32329,8.4118
32330,6.8769
32331,6.3333
32332,7.7
32333,7.8
32334,7.6018
32335,8.3731
32336,7.6018
32337,7.6018
32338,7.6018
32339,7.6018
32340,7.6018
32341,7.6018
32342,7.6018
32343,7.2595
32344,7.6018
32345,7.2595
32346,8.3714
32347,6.1
32348,7.0484
32349,7.6018
32350,7.5505
32351,7.5882
32352,7.6018
32353,7.828
32354,7.6018
32355,8.25
32356,7.84
32357,7.6018
32358,7.6018
32359,7.1689
32360,7.6018
32361,7.6018
32362,5.6667
32363,7.6018
32364,7.6018
32365,7.6018
32366,7.9947
32367,7.6018
32368,7.2595
32369,7.6018
32370,7.6018
32371,7.6018
32372,7.5
32373,8.1818
32374,7.6018
32375,7.6018
32376,8.2764
32377,7.6018
32378,7.6018
32379,7.7449
32380,8.0909
32381,7.6018
32382,8.4634
32383,7.6667
32384,10.0
32385,8.2909
32386,7.6018
32387,9.1406
32388,7.0355
32389,7.6018
32390,8.1277
32391,7.6018
32392,7.6018
32393,7.6018
32394,6.7403
32395,8.8688
32396,7.6018
32397,7.9231
32398,5.8519
32399,7.6018
32400,7.5065
32401,7.6018
32402,8.0
32403,7.7342
32404,9.8182
32405,8.5
32406,7.6018
32407,6.8182
32408,7.6018
32409,6.2667
32410,5.0
32411,7.6018
32412,7.0
32413,8.9091
32414,7.6018
32415,7.6018
32416,7.6018
32417,7.5065
32418,9.3158
32419,8.6154
32420,7.6018
32421,7.6018
32422,8.25
32423,7.9444
32424,7.2595
32425,5.1538
32426,7.6018
32427,9.4841
32428,7.782
32429,7.6018
32430,7.6018
32431,7.6018
32432,8.3953
32433,7.6018
32434,7.6018
32435,8.4615
32436,9.5
32437,7.5065
32438,7.6018
32439,7.6
32440,7.6018
32441,7.6018
32442,7.6018
32443,6.0
32444,7.6018
32445,6.5769
32446,8.1955
32447,9.0
32448,7.25
32449,7.6018
32450,7.6018
32451,7.2595
32452,7.5
32453,7.6018
32454,7.6018
32455,6.4375
32456,7.5065
32457,7.6018
32458,7.6018
32459,7.5
32460,7.6018
32461,7.6018
32462,6.5
32463,9.0262
32464,8.0
32465,6.2857
32466,8.0
32467,7.0
32468,10.0
32469,7.6018
32470,7.6018
32471,7.8639
32472,6.6667
32473,7.6018
32474,9.8292
32475,7.6018
32476,6.5
32477,7.6018
32478,8.4999
32479,7.6018
32480,7.6018
32481,7.6018
32482,7.6018
32483,7.6018
32484,6.88
32485,7.6018
32486,7.6018
32487,6.7273
32488,10.0
32489,7.6018
32490,7.6018
32491,7.6018
32492,7.6018
32493,7.6018
32494,9.75
32495,7.7009
32496,7.6018
32497,6.7358
32498,7.6018
32499,7.6018
32500,5.5753
32501,7.6018
32502,7.0
32503,6.3333
32504,8.3333
32505,8.4444
32506,7.6018
32507,7.6018
32508,7.3
32509,8.6316
32510,7.6018
32511,7.6018
32512,7.6018
32513,7.5333
32514,7.2595
32515,7.1212
32516,5.0
32517,7.6018
32518,7.6018
32519,7.6018
32520,4.6
32521,7.6018
32522,7.75
32523,7.6018
32524,7.2595
32525,6.1031
32526,7.6018
32527,7.6364
32528,7.6018
32529,7.75
32530,6.0
32531,7.5714
32532,7.6018
32533,8.0
32534,7.6018
32535,7.1689
32536,7.6018
32537,7.6018
32538,7.9947
32539,7.6018
32540,7.6018
32541,7.6018
32542,7.6018
32543,7.6018
32544,7.6018
32545,7.6018
32546,7.6018
32547,7.6018
32548,7.5965
32549,7.6018
32550,7.828
32551,7.6018
32552,7.6018
32553,8.1579
32554,7.6018
32555,7.6018
32556,7.244
32557,8.0294
32558,8.25
32559,7.6018
32560,7.2595
32561,7.6018
32562,7.6018
32563,8.9536
32564,7.6018
32565,7.6018
32566,7.7407
32567,9.1333
32568,7.6018
32569,7.8148
32570,6.9655
32571,6.0
32572,7.6018
32573,7.6018
32574,7.6018
32575,4.9177
32576,7.4286
32577,7.5798
32578,7.0
32579,7.6018
32580,8.8556
32581,8.2109
32582,8.6
32583,7.6018
32584,8.5
32585,7.2222
32586,8.0
32587,7.8889
32588,7.6018
32589,8.7368
32590,6.0
32591,7.6018
32592,7.0
32593,7.6018
32594,7.6018
32595,8.0
32596,7.8723
32597,8.0
32598,7.0
32599,8.0429
32600,8.0
32601,7.6018
32602,7.6018
32603,6.6842
32604,7.5
32605,8.4444
32606,8.875
32607,8.8556
32608,7.6018
32609,7.6018
32610,7.3333
32611,7.2941
32612,7.1039
32613,7.6018
32614,6.3333
32615,7.5
32616,7.6018
32617,7.6018
32618,8.4091
32619,7.6018
32620,7.6018
32621,7.0
32622,7.6018
32623,7.6018
32624,8.4
32625,7.7708
32626,7.6018
32627,7.6
32628,6.5
32629,8.5714
32630,7.6018
32631,6.5
32632,7.6018
32633,8.3333
32634,7.6018
32635,7.2595
32636,7.6018
32637,7.6018
32638,7.6018
32639,7.6018
32640,8.4545
32641,7.6018
32642,7.8219
32643,6.7403
32644,7.6018
32645,7.9286
32646,8.6154
32647,7.6018
32648,7.6018
32649,7.6018
32650,7.6018
32651,8.7048
32652,7.4054
32653,8.8556
32654,7.6018
32655,7.6018
32656,8.8556
32657,7.5455
32658,7.6018
32659,7.6018
32660,7.6018
32661,7.6018
32662,7.6018
32663,6.4118
32664,7.6018
32665,8.2667
32666,5.1355
32667,8.1928
32668,8.3333
32669,8.5036
32670,7.6018
32671,7.6018
32672,7.6018
32673,7.375
32674,7.5
32675,7.6018
32676,7.6018
32677,7.6018
32678,7.6018
32679,7.6018
32680,9.6216
32681,7.0
32682,7.6018
32683,10.0
32684,8.5165
32685,8.0
32686,7.0
32687,7.6018
32688,7.6018
32689,7.6018
32690,8.0
32691,7.6018
32692,7.4194
32693,8.0426
32694,7.6018
32695,8.8556
32696,7.6018
32697,7.6018
32698,7.9
32699,7.5
32700,7.6018
32701,7.609
32702,7.9167
32703,7.6018
32704,7.6018
32705,7.6018
32706,8.7391
32707,7.6018
32708,6.6667
32709,7.5
32710,7.6018
32711,7.6018
32712,7.6018
32713,9.0858
32714,7.5254
32715,7.6207
32716,7.7115
32717,7.6018
32718,8.8824
32719,8.3
32720,7.6018
32721,7.6018
32722,7.2595
32723,7.7429
32724,7.1667
32725,7.6018
32726,7.6018
32727,8.0
32728,7.5
32729,7.9559
32730,7.7971
32731,4.9189
32732,7.6018
32733,8.0
32734,8.8556
32735,5.4444
32736,7.6018
32737,10.0
32738,7.6018
32739,9.4632
32740,7.6923
32741,7.6018
32742,6.5
32743,7.6018
32744,9.3832
32745,7.6018
32746,7.1039
32747,7.6018
32748,7.3523
32749,5.0
32750,7.6018
32751,7.6018
32752,7.6018
32753,8.0
32754,7.6018
32755,7.6018
32756,7.6018
32757,7.6018
32758,7.6018
32759,7.6018
32760,7.7009
32761,7.2595
32762,7.6018
32763,7.9375
32764,7.6018
32765,9.0
32766,7.6018
32767,7.6018
32768,7.6018
32769,7.6018
32770,7.6018
32771,7.6018
32772,7.2903
32773,7.6018
32774,7.375
32775,7.6018
32776,5.0
32777,8.0
32778,7.6018
32779,7.6018
32780,7.6018
32781,9.3004
32782,7.6018
32783,7.6018
32784,6.3333
32785,7.6018
32786,8.4622
32787,5.5401
32788,7.6018
32789,7.6018
32790,6.875
32791,7.6018
32792,8.875
32793,3.2308
32794,8.5714
32795,8.1053
32796,9.15
32797,7.6018
32798,9.0
32799,7.6018
32800,5.8077
32801,9.7885
32802,8.2676
32803,7.8
32804,9.0262
32805,9.3158
32806,7.6018
32807,7.6018
32808,7.6018
32809,9.0262
32810,8.6719
32811,7.6018
32812,9.6216
32813,7.6018
32814,6.6641
32815,8.2222
32816,8.25
32817,7.4167
32818,7.6018
32819,7.6018
32820,7.6018
32821,8.8556
32822,7.6018
32823,7.6018
32824,7.6018
32825,7.6018
32826,8.2608
32827,7.1429
32828,7.6018
32829,8.8556
32830,8.25
32831,8.7234
32832,10.0
32833,8.8333
32834,7.6018
32835,7.6018
32836,7.6018
32837,7.6018
32838,7.4167
32839,7.6018
32840,7.6018
32841,7.6018
32842,7.6018
32843,7.6018
32844,7.6018
32845,7.6018
32846,8.375
32847,8.3741
32848,8.7443
32849,7.6018
32850,9.8182
32851,5.0
32852,5.25
32853,7.2595
32854,7.1579
32855,9.303
32856,7.878
32857,7.6018
32858,8.375
32859,7.6018
32860,8.2
32861,8.0
32862,7.6018
32863,7.5065
32864,6.2143
32865,7.9889
32866,7.6018
32867,8.1486
32868,7.75
32869,7.918
32870,7.0
32871,7.2595
32872,7.6018
32873,7.6018
32874,7.6018
32875,8.3971
32876,7.9947
32877,7.6018
32878,7.6018
32879,5.1355
32880,7.6018
32881,9.4444
32882,7.6018
32883,8.5165
32884,7.6018
32885,6.6364
32886,9.0
32887,7.815
32888,9.2838
32889,10.0
32890,5.25
32891,7.6018
32892,5.5753
32893,7.6018
32894,10.0
32895,7.2143
32896,8.4172
32897,7.6018
32898,7.6018
32899,8.0
32900,8.5909
32901,7.6018
32902,7.8617
32903,6.4667
32904,7.4167
32905,7.6018
32906,7.6018
32907,8.7029
32908,6.4921
32909,7.6018
32910,7.6018
32911,7.2903
32912,10.0
32913,7.6018
32914,6.3333
32915,7.8
32916,6.1633
32917,7.5833
32918,9.3832
32919,7.5
32920,7.6018
32921,7.6018
32922,7.2595
32923,7.6018
32924,6.0
32925,7.2595
32926,5.625
32927,7.6018
32928,7.6018
32929,7.6018
32930,7.6018
32931,7.6018
32932,7.6018
32933,7.6018
32934,8.4444
32935,7.6018
32936,7.6018
32937,6.0226
32938,7.6018
32939,7.6018
32940,7.6018
32941,3.7778
32942,7.9091
32943,8.3333
32944,7.6018
32945,7.6018
32946,7.6018
32947,7.6018
32948,7.6018
32949,7.6018
32950,7.6018
32951,7.6018
32952,7.6018
32953,8.1955
32954,7.0909
32955,7.5
32956,7.0345
32957,7.2595
32958,7.6018
32959,8.2692
32960,7.6018
32961,8.5833
32962,7.6018
32963,7.6667
32964,7.7857
32965,7.6471
32966,8.0
32967,6.0
32968,7.6018
32969,7.6018
32970,7.6018
32971,7.6018
32972,7.6018
32973,8.0
32974,6.3148
32975,7.6018
32976,7.6018
32977,8.2963
32978,8.7234
32979,7.6018
32980,8.2109
32981,8.0
32982,7.6018
32983,7.9143
32984,6.9333
32985,8.1043
32986,7.6018
32987,7.6018
32988,8.2353
32989,7.6018
32990,7.6018
32991,8.3333
32992,5.0
32993,7.6018
32994,5.7692
32995,7.6018
32996,7.6018
32997,7.625
32998,9.0
32999,7.6018
33000,7.6018
33001,8.0588
33002,7.6018
33003,7.6018
33004,5.4074
33005,7.1689
33006,7.6018
33007,6.75
33008,7.6018
33009,7.6018
33010,5.0752
33011,8.5165
33012,8.0
33013,7.3333
33014,7.6018
33015,7.6018
33016,7.6018
33017,7.6018
33018,7.6018
33019,5.1355
33020,4.7059
33021,9.2286
33022,7.2595
33023,7.6018
33024,8.0
33025,7.6018
33026,7.6018
33027,5.1355
33028,7.6018
33029,7.7236
33030,7.6018
33031,7.6018
33032,7.6018
33033,7.4688
33034,8.1078
33035,6.875
33036,8.2353
33037,7.6018
33038,6.0226
33039,8.5556
33040,7.6018
33041,7.6018
33042,8.8556
33043,7.6018
33044,7.6018
33045,9.0
33046,7.6018
33047,8.0455
33048,7.5952
33049,6.7917
33050,9.3566
33051,7.6018
33052,7.6471
33053,9.4841
33054,7.6018
33055,7.6018
33056,7.4167
33057,7.6018
33058,7.6018
33059,7.0374
33060,7.6018
33061,7.6018
33062,7.0
33063,5.6667
33064,7.6018
33065,7.6018
33066,7.6018
33067,7.1106
33068,7.5065
33069,5.0752
33070,7.3333
33071,7.6018
33072,7.6018
33073,5.0752
33074,7.6018
33075,7.6018
33076,7.5065
33077,8.6567
33078,7.2595
33079,7.3333
33080,7.0476
33081,7.6018
33082,8.5833
33083,7.6018
33084,7.6018
33085,8.0
33086,6.4
33087,7.6018
33088,7.6018
33089,7.2595
33090,6.4921
33091,5.25
33092,7.7449
33093,7.6018
33094,6.6842
33095,8.8556
33096,5.5401
33097,7.0
33098,6.8125
33099,7.3333
33100,6.0
33101,6.2222
33102,7.6018
33103,7.6018
33104,6.9091
33105,7.6
33106,7.1689
33107,7.6018
33108,7.6667
33109,5.8529
33110,7.6018
33111,7.6018
33112,7.6018
33113,7.6018
33114,7.6018
33115,7.5
33116,9.0
33117,9.3058
33118,8.2128
33119,7.6018
33120,7.6018
33121,5.4545
33122,7.6018
33123,7.6018
33124,6.8
33125,6.56
33126,7.8594
33127,7.4211
33128,7.6018
33129,7.6018
33130,3.0
33131,7.6018
33132,10.0
33133,7.6018
33134,7.8889
33135,7.6018
33136,7.6018
33137,7.6018
33138,8.7404
33139,8.0
33140,7.6018
33141,6.1727
33142,7.8077
33143,7.6
33144,7.6018
33145,7.6018
33146,7.3846
33147,9.5
33148,9.1429
33149,9.55
33150,7.9284
33151,8.1818
33152,7.4186
33153,7.6018
33154,7.6018
33155,7.6018
33156,6.56
33157,8.4
33158,7.3913
33159,7.8125
33160,8.5
33161,7.2
33162,5.7143
33163,7.6018
33164,7.2595
33165,6.6667
33166,7.6018
33167,7.6018
33168,7.5968
33169,8.3158
33170,7.7826
33171,8.5
33172,8.6
33173,7.6018
33174,8.0
33175,8.275
33176,7.6018
33177,7.6018
33178,6.5695
33179,7.6018
33180,6.7358
33181,7.6018
33182,7.5
33183,7.6
33184,8.1053
33185,9.6
33186,7.15
33187,8.8556
33188,8.1667
33189,7.6018
33190,7.6018
33191,7.6018
33192,7.3793
33193,7.6018
33194,7.6018
33195,7.0818
33196,8.0
33197,7.6018
33198,7.6018
33199,7.6018
33200,7.6018
33201,7.6018
33202,8.5
33203,7.6018
33204,7.6018
33205,7.2857
33206,7.6018
33207,8.0
33208,7.625
33209,7.6018
33210,7.6018
33211,8.0
33212,7.6018
33213,8.0
33214,8.8556
33215,7.6018
33216,5.65
33217,7.5021
33218,5.3333
33219,8.6393
33220,7.6018
33221,8.2963
33222,7.6018
33223,7.9231
33224,7.6018
33225,7.75
33226,7.6923
33227,7.6944
33228,7.6018
33229,7.6018
33230,7.6667
33231,7.6018
33232,8.2109
33233,10.0
33234,7.3333
33235,7.6018
33236,7.6018
33237,7.6018
33238,6.0
33239,7.7778
33240,7.6018
33241,6.9091
33242,7.6018
33243,8.875
33244,8.6
33245,7.7971
33246,8.3953
33247,7.6018
33248,7.6018
33249,7.6018
33250,7.55
33251,7.5417
33252,7.6018
33253,8.8556
33254,7.45
33255,8.964
33256,7.6018
33257,9.0262
33258,5.8889
33259,9.4545
33260,9.0
33261,7.6018
33262,8.9167
33263,7.6018
33264,7.6018
33265,7.6018
33266,6.6667
33267,8.1579
33268,5.5833
33269,7.6018
33270,7.6018
33271,7.6018
33272,9.4286
33273,9.0262
33274,7.6429
33275,7.4146
33276,7.6018
33277,8.4
33278,7.6018
33279,7.6018
33280,3.5
33281,7.1689
33282,7.6018
33283,6.0
33284,8.75
33285,7.1429
33286,7.6018
33287,7.6923
33288,8.1111
33289,7.6018
33290,7.6018
33291,7.96
33292,7.6018
33293,6.5
33294,7.6018
33295,7.6018
33296,8.0
33297,7.6018
33298,5.7143
33299,8.0
33300,5.8529
33301,6.9091
33302,7.6018
33303,7.6018
33304,7.6018
33305,7.6018
33306,7.6018
33307,8.6579
33308,7.6018
33309,7.8
33310,6.7403
33311,7.6018
33312,7.6018
33313,8.8556
33314,7.6
33315,7.6018
33316,7.5339
33317,7.6018
33318,7.6018
33319,8.3804
33320,7.6018
33321,7.6018
33322,7.25
33323,7.3846
33324,8.8556
33325,7.6018
33326,8.7404
33327,7.6018
33328,8.7029
33329,7.1689
33330,9.6429
33331,7.6018
33332,7.6018
33333,7.0337
33334,7.6018
33335,7.7143
33336,7.2595
33337,6.7
33338,7.6018
33339,7.6018
33340,8.2
33341,7.6018
33342,7.6018
33343,5.5
33344,7.6018
33345,7.5968
33346,7.6018
33347,7.8431
33348,7.6018
33349,7.6018
33350,7.282
33351,7.6018
33352,7.2243
33353,7.6018
33354,7.6018
33355,8.0294
33356,9.5
33357,5.8462
33358,8.5625
33359,7.5862
33360,10.0
33361,7.6018
33362,9.4286
33363,8.2676
33364,7.6018
33365,9.3077
33366,7.6018
33367,7.6018
33368,7.6018
33369,7.6018
33370,7.2846
33371,6.7581
33372,7.6018
33373,6.5
33374,9.375
33375,6.35
33376,6.6667
33377,5.6667
33378,7.6018
33379,8.5
33380,7.6018
33381,7.6018
33382,7.6018
33383,7.6018
33384,8.3333
33385,8.25
33386,7.6018
33387,7.6018
33388,7.6018
33389,7.6018
33390,7.6897
33391,7.2595
33392,5.7778
33393,8.5
33394,5.881
33395,7.6018
33396,7.9947
33397,8.1111
33398,7.6018
33399,8.2258
33400,7.6018
33401,7.6018
33402,8.7778
33403,7.6018
33404,7.6018
33405,7.3
33406,7.6018
33407,7.6018
33408,9.4583
33409,7.6018
33410,7.6018
33411,7.6018
33412,7.6018
33413,7.0
33414,8.4444
33415,9.1111
33416,7.6018
33417,7.6018
33418,7.6018
33419,7.6018
33420,9.8571
33421,7.6018
33422,8.023
33423,7.6018
33424,7.6018
33425,7.4286
33426,7.6018
33427,7.8916
33428,8.2303
33429,7.6018
33430,7.6018
33431,7.2595
33432,9.16
33433,7.6018
33434,7.7009
33435,7.6018
33436,8.1
33437,7.6018
33438,8.6667
33439,7.6018
33440,7.2595
33441,6.6885
33442,6.5038
33443,7.6018
33444,7.6018
33445,5.0752
33446,7.7009
33447,7.6018
33448,7.6018
33449,7.5
33450,9.0
33451,7.6018
33452,6.0
33453,7.6018
33454,7.2595
33455,7.6018
33456,7.6018
33457,7.2222
33458,7.6018
33459,7.6018
33460,7.6018
33461,7.6018
33462,8.3333
33463,8.0667
33464,5.2222
33465,7.6018
33466,7.5339
33467,6.5161
33468,7.7009
33469,7.6018
33470,6.75
33471,8.2347
33472,9.3077
33473,7.75
33474,5.8786
33475,8.3571
33476,8.6667
33477,7.6018
33478,9.0
33479,7.0
33480,7.6018
33481,7.6018
33482,8.7742
33483,9.1786
33484,8.0294
33485,8.8333
33486,7.814
33487,7.6018
33488,7.2595
33489,7.6018
33490,7.6018
33491,5.0
33492,7.6018
33493,7.9412
33494,8.7143
33495,7.6018
33496,7.6018
33497,7.6018
33498,7.8889
33499,7.6018
33500,7.2595
33501,7.6018
33502,7.6018
33503,7.6018
33504,7.6018
33505,7.6018
33506,7.6018
33507,7.6018
33508,5.9452
33509,7.6018
33510,7.6018
33511,8.1905
33512,7.2711
33513,7.6018
33514,8.8727
33515,6.4074
33516,7.6018
33517,7.6018
33518,7.6018
33519,7.8
33520,7.6018
33521,7.6018
33522,7.6018
33523,5.75
33524,7.6018
33525,7.6018
33526,7.6018
33527,7.6018
33528,6.4424
33529,5.218
33530,7.6018
33531,7.6018
33532,7.5
33533,7.6018
33534,8.7306
33535,8.0294
33536,7.6018
33537,6.4
33538,7.6018
33539,7.6018
33540,7.6018
33541,7.6667
33542,8.8556
33543,7.6
33544,7.6018
33545,7.6018
33546,8.1667
33547,7.6018
33548,7.6018
33549,9.9598
33550,7.6018
33551,7.6018
33552,8.8462
33553,8.9653
33554,7.8333
33555,6.5
33556,7.6018
33557,8.0
33558,6.25
33559,9.0
33560,7.7971
33561,7.2595
33562,7.6018
33563,7.8824
33564,7.6018
33565,7.6018
33566,7.5862
33567,7.6018
33568,7.6018
33569,7.4211
33570,8.0455
33571,7.5472
33572,7.6018
33573,7.6018
33574,7.6018
33575,7.6018
33576,7.6018
33577,7.5
33578,8.8
33579,7.9947
33580,9.0
33581,8.8556
33582,7.4286
33583,7.2595
33584,7.6018
33585,7.5065
33586,7.6018
33587,6.3333
33588,7.6018
33589,7.6018
33590,6.9333
33591,7.6018
33592,7.6018
33593,7.6018
33594,7.6018
33595,7.6018
33596,7.6018
33597,9.3158
33598,7.6018
33599,5.5401
33600,6.4
33601,7.6087
33602,7.6018
33603,7.6018
33604,7.0818
33605,6.1667
33606,5.0
33607,7.6018
33608,7.6018
33609,8.7091
33610,8.8556
33611,5.8519
33612,7.6018
33613,7.6207
33614,7.0
33615,7.6018
33616,9.16
33617,9.55
33618,7.6018
33619,9.4545
33620,7.6018
33621,5.7826
33622,10.0
33623,7.4526
33624,7.6018
33625,6.0
33626,6.7277
33627,7.6018
33628,7.6018
33629,7.6018
33630,7.6018
33631,8.1714
33632,8.0833
33633,7.6018
33634,8.7805
33635,7.6018
33636,7.6018
33637,7.6018
33638,7.6018
33639,7.6018
33640,7.3846
33641,8.75
33642,7.6018
33643,7.8267
33644,7.7449
33645,8.4673
33646,7.6018
33647,7.6018
33648,7.2595
33649,7.6018
33650,7.6018
33651,7.6018
33652,10.0
33653,8.0
33654,8.1829
33655,6.9167
33656,8.2692
33657,7.6018
33658,7.6018
33659,8.8
33660,7.6
33661,7.6018
33662,8.3333
33663,7.6018
33664,9.6216
33665,7.8617
33666,7.6018
33667,7.6018
33668,7.6018
33669,7.6018
33670,7.6018
33671,6.8333
33672,8.3971
33673,7.3846
33674,8.2764
33675,8.0
33676,9.8571
33677,9.9623
33678,8.4151
33679,8.873
33680,8.0
33681,7.4151
33682,7.0
33683,9.134
33684,7.6018
33685,7.6018
33686,7.918
33687,7.6923
33688,7.6018
33689,8.2
33690,7.6018
33691,7.6018
33692,7.6018
33693,7.5065
33694,7.6018
33695,7.6018
33696,7.6018
33697,6.7191
33698,7.7423
33699,7.6018
33700,7.6018
33701,8.3636
33702,9.5
33703,8.28
33704,7.4194
33705,8.1928
33706,7.6018
33707,7.6018
33708,7.4167
33709,7.7188
33710,10.0
33711,7.6018
33712,7.0
33713,7.6018
33714,8.1471
33715,7.6018
33716,7.2595
33717,10.0
33718,7.3305
33719,7.6018
33720,7.6018
33721,7.6018
33722,7.6018
33723,7.6018
33724,7.6018
33725,7.6018
33726,7.2909
33727,6.6842
33728,7.6018
33729,8.1471
33730,7.6018
33731,8.3953
33732,7.6018
33733,7.0
33734,7.6018
33735,7.6018
33736,7.6018
33737,6.625
33738,9.0
33739,7.6018
33740,8.8556
33741,5.0752
33742,7.6018
33743,7.6018
33744,7.6018
33745,7.6018
33746,6.7129
33747,7.6018
33748,7.6018
33749,8.8556
33750,7.6018
33751,5.25
33752,7.6018
33753,7.6018
33754,7.6018
33755,7.6018
33756,7.6018
33757,7.6018
33758,7.6018
33759,8.0276
33760,8.1
33761,7.6018
33762,6.9
33763,7.6018
33764,7.6018
33765,7.6018
33766,7.6018
33767,7.6018
33768,5.8529
33769,7.2595
33770,7.6018
33771,8.122
33772,7.6018
33773,9.2482
33774,5.5
33775,8.4666
33776,8.2128
33777,7.6018
33778,5.7059
33779,4.0
33780,7.7143
33781,6.75
33782,7.6018
33783,7.55
33784,7.6018
33785,7.6018
33786,8.2368
33787,8.1043
33788,6.0
33789,7.5065
33790,7.6018
33791,7.6667
33792,7.375
33793,7.6018
33794,7.6018
33795,7.6018
33796,7.6018
33797,7.6018
33798,7.4074
33799,7.6018
33800,8.2368
33801,7.3929
33802,7.0
33803,7.6018
33804,6.0303
33805,7.2595
33806,7.6018
33807,7.6018
33808,9.134
33809,7.6018
33810,7.9231
33811,7.6018
33812,7.6018
33813,9.0
33814,7.6018
33815,8.58
33816,7.6018
33817,7.6018
33818,7.6018
33819,8.3939
33820,7.6
33821,7.6018
33822,7.6018
33823,6.2143
33824,7.6018
33825,7.6018
33826,7.6018
33827,5.0
33828,7.6018
33829,7.6018
33830,7.6018
33831,5.0
33832,7.2595
33833,7.2595
33834,8.0
33835,7.6018
33836,7.7429
33837,7.6018
33838,7.25
33839,8.2753
33840,7.6018
33841,6.7619
33842,9.0
33843,7.0
33844,7.6018
33845,8.7404
33846,7.6018
33847,7.6018
33848,7.0
33849,6.3974
33850,8.1875
33851,7.6018
33852,7.6018
33853,6.5
33854,7.4746
33855,7.6018
33856,8.2857
33857,8.2
33858,7.6018
33859,8.3347
33860,7.75
33861,7.6018
33862,9.16
33863,7.3529
33864,9.0
33865,7.6018
33866,7.6018
33867,7.6018
33868,5.5385
33869,7.6018
33870,6.6
33871,7.2595
33872,7.6018
33873,7.6018
33874,7.6018
33875,7.6018
33876,7.1429
33877,7.6018
33878,6.2055
33879,7.6018
33880,7.6018
33881,9.1395
33882,7.6018
33883,7.6018
33884,8.2222
33885,7.125
33886,7.8148
33887,7.6018
33888,7.6018
33889,7.6018
33890,7.0818
33891,7.6018
33892,7.9947
33893,6.9091
33894,7.6018
33895,7.6018
33896,7.6018
33897,7.6018
33898,7.6018
33899,7.6018
33900,7.6018
33901,7.6018
33902,7.6018
33903,6.625
33904,3.0
33905,7.6018
33906,7.4824
33907,9.15
33908,7.4286
33909,7.6018
33910,7.6018
33911,7.6018
33912,7.6018
33913,7.9
33914,7.1429
33915,7.6018
33916,7.5333
33917,7.8916
33918,9.1345
33919,7.2595
33920,7.5254
33921,6.5769
33922,7.6018
33923,4.0
33924,10.0
33925,7.6018
33926,10.0
33927,7.6018
33928,7.6018
33929,7.6018
33930,6.5
33931,7.6018
33932,8.0294
33933,7.6018
33934,7.6018
33935,7.6018
33936,8.0
33937,8.4906
33938,8.0
33939,7.6018
33940,6.129
33941,5.382
33942,7.6018
33943,7.6018
33944,7.6018
33945,7.6018
33946,7.6018
33947,7.6018
33948,8.0
33949,7.5
33950,7.6018
33951,6.391
33952,7.6018
33953,8.6667
33954,7.6018
33955,7.6018
33956,6.7619
33957,8.16
33958,6.8889
33959,8.5833
33960,7.6018
33961,7.6018
33962,7.6018
33963,7.4118
33964,7.6018
33965,7.6018
33966,7.8
33967,5.2
33968,8.6567
33969,7.6018
33970,8.0
33971,7.25
33972,7.6018
33973,8.0435
33974,7.6018
33975,7.1818
33976,8.2258
33977,7.9758
33978,5.25
33979,7.0
33980,7.2595
33981,7.6018
33982,7.7971
33983,9.0
33984,7.6018
33985,7.6018
33986,7.0
33987,7.6018
33988,8.1554
33989,8.8556
33990,7.6018
33991,8.2109
33992,9.5
33993,7.6018
33994,8.3649
33995,7.5
33996,7.6018
33997,7.6018
33998,7.6018
33999,7.6018
34000,7.6018
34001,7.6018
34002,7.6018
34003,6.6522
34004,6.7328
34005,7.8
34006,7.6018
34007,8.8556
34008,7.6018
34009,7.6018
34010,7.6018
34011,7.6018
34012,8.0
34013,9.25
34014,6.625
34015,8.8235
34016,7.2595
34017,7.6018
34018,8.0
34019,7.6018
34020,9.1481
34021,7.6018
34022,7.2595
34023,7.018
34024,8.9237
34025,6.125
34026,8.1995
34027,7.2595
34028,7.0
34029,7.6018
34030,7.6018
34031,7.6018
34032,8.88
34033,7.6018
34034,8.25
34035,5.65
34036,7.6018
34037,6.6214
34038,7.918
34039,7.6018
34040,7.6018
34041,7.5065
34042,7.6018
34043,7.6018
34044,8.6667
34045,7.75
34046,7.6018
34047,7.6018
34048,7.6018
34049,6.25
34050,7.8941
34051,7.6018
34052,8.4444
34053,7.6018
34054,7.6018
34055,7.6018
34056,7.8594
34057,7.6018
34058,8.4286
34059,7.6018
34060,6.9217
34061,7.6018
34062,7.6018
34063,8.1326
34064,5.8951
34065,6.9091
34066,7.6018
34067,7.6018
34068,7.96
34069,5.5401
34070,5.55
34071,7.6018
34072,9.5833
34073,7.2595
34074,7.828
34075,7.6018
34076,8.1429
34077,7.6018
34078,7.2595
34079,9.0811
34080,6.7917
34081,7.6018
34082,9.075
34083,8.0
34084,7.6564
34085,7.6018
34086,7.6018
34087,7.6018
34088,5.5714
34089,8.4091
34090,7.815
34091,7.6018
34092,7.722
34093,7.6364
34094,7.5
34095,7.5926
34096,8.7091
34097,7.6018
34098,7.6018
34099,7.8077
34100,5.5714
34101,7.875
34102,7.6018
34103,7.0345
34104,7.6018
34105,7.6018
34106,8.1486
34107,9.5058
34108,7.6018
34109,7.6018
34110,7.6018
34111,6.0
34112,7.6018
34113,7.6018
34114,7.6018
34115,4.8
34116,7.6018
34117,7.6018
34118,9.3333
34119,8.3814
34120,8.3636
34121,7.6018
34122,7.0
34123,4.9189
34124,7.6018
34125,7.6018
34126,7.6018
34127,6.7358
34128,7.6018
34129,7.6018
34130,7.6018
34131,7.5
34132,8.75
34133,7.0
34134,7.6018
34135,6.8235
34136,7.6018
34137,8.5346
34138,7.6018
34139,7.6018
34140,7.6018
34141,7.6018
34142,5.0
34143,7.6018
34144,7.6018
34145,7.6018
34146,10.0
34147,8.1429
34148,9.134
34149,7.8617
34150,7.6018
34151,7.6018
34152,7.6018
34153,6.75
34154,6.7403
34155,7.6018
34156,7.6018
34157,7.6018
34158,7.6018
34159,7.9883
34160,7.6018
34161,7.6018
34162,7.5
34163,8.375
34164,7.6018
34165,8.1538
34166,7.6018
34167,7.6018
34168,8.4286
34169,7.6018
34170,8.75
34171,7.6018
34172,7.6018
34173,7.6018
34174,6.7778
34175,7.75
34176,8.375
34177,7.6018
34178,9.0
34179,7.2065
34180,7.2941
34181,8.6154
34182,7.0
34183,7.6018
34184,8.25
34185,7.6018
34186,7.6018
34187,7.6018
34188,8.0
34189,7.6018
34190,6.4545
34191,9.5
34192,7.6018
34193,7.6018
34194,6.7
34195,7.6018
34196,7.6018
34197,7.6018
34198,7.6018
34199,7.6018
34200,8.85
34201,7.6018
34202,7.6018
34203,7.6018
34204,7.6018
34205,6.7581
34206,8.8556
34207,8.1405
34208,7.6018
34209,6.7
34210,7.6018
34211,7.6018
34212,7.6018
34213,10.0
34214,7.6018
34215,7.6018
34216,7.6018
34217,7.6018
34218,5.8214
34219,7.6018
34220,6.7403
34221,7.6018
34222,7.6018
34223,8.0
34224,8.8556
34225,7.6018
34226,7.6018
34227,7.6018
34228,7.5
34229,7.6018
34230,7.6018
34231,10.0
34232,8.7029
34233,8.0385
34234,7.6018
34235,7.6018
34236,8.4634
34237,7.6018
34238,4.6667
34239,9.4632
34240,6.1034
34241,7.6018
34242,6.0
34243,7.6018
34244,7.6018
34245,6.9375
34246,8.6667
34247,7.6018
34248,7.75
34249,2.75
34250,7.6018
34251,7.6018
34252,8.3333
34253,6.75
34254,7.6018
34255,7.3793
34256,6.25
34257,8.0
34258,7.6018
34259,7.6018
34260,8.2857
34261,8.0426
34262,7.6018
34263,9.5
34264,7.6018
34265,7.0
34266,7.2595
34267,7.5
34268,7.6018
34269,7.6018
34270,7.6018
34271,7.3
34272,7.6018
34273,7.6018
34274,7.6018
34275,9.0227
34276,8.0
34277,8.25
34278,7.6018
34279,7.6018
34280,7.6018
34281,5.0
34282,7.6018
34283,8.0
34284,7.25
34285,6.5
34286,7.6268
34287,7.6018
34288,9.0
34289,7.5333
34290,6.625
34291,9.3142
34292,9.1081
34293,7.2829
34294,7.6018
34295,7.3148
34296,7.6018
34297,7.6018
34298,8.1352
34299,6.709
34300,7.6018
34301,7.6018
34302,7.6018
34303,7.6018
34304,5.1355
34305,7.7667
34306,7.6018
34307,9.0017
34308,8.3846
34309,7.7449
34310,7.8182
34311,7.0
34312,5.5
34313,7.6018
34314,7.6018
34315,7.6018
34316,7.2595
34317,7.6018
34318,10.0
34319,7.8617
34320,7.6018
34321,5.8299
34322,7.6018
34323,8.3051
34324,7.6018
34325,7.6018
34326,7.6018
34327,7.3019
34328,7.6018
34329,7.6018
34330,7.6018
34331,7.6018
34332,7.6018
34333,7.6018
34334,8.1111
34335,7.6018
34336,7.6667
34337,7.6018
34338,7.6018
34339,7.0
34340,8.5
34341,7.6018
34342,8.8571
34343,8.0426
34344,6.7328
34345,7.6429
34346,7.5556
34347,7.6018
34348,7.2595
34349,6.7273
34350,6.625
34351,8.0
34352,6.5
34353,8.3971
34354,6.0
34355,7.6018
34356,8.8556
34357,8.275
34358,7.6018
34359,7.8723
34360,4.5278
34361,8.0
34362,8.6
34363,9.0
34364,7.2595
34365,7.8431
34366,7.6018
34367,7.6018
34368,7.6018
34369,7.6018
34370,8.8556
34371,10.0
34372,7.0882
34373,7.6018
34374,7.6018
34375,7.6018
34376,7.6018
34377,7.6429
34378,7.6018
34379,7.3148
34380,7.6018
34381,7.6018
34382,7.8
34383,7.6018
34384,7.6018
34385,6.0
34386,6.3
34387,7.6018
34388,7.6018
34389,6.3
34390,8.2812
34391,9.0262
34392,7.6018
34393,8.023
34394,7.6018
34395,7.6018
34396,7.6018
34397,7.6018
34398,8.8556
34399,7.6018
34400,7.6018
34401,7.6018
34402,8.1
34403,7.6018
34404,7.6018
34405,6.0
34406,7.6018
34407,7.5065
34408,6.6667
34409,7.6018
34410,7.6018
34411,8.1579
34412,8.0
34413,7.75
34414,7.3796
34415,7.6018
34416,7.45
34417,8.0
34418,8.0
34419,7.6018
34420,7.4824
34421,7.6018
34422,7.6018
34423,8.3333
34424,8.9315
34425,7.7763
34426,9.4444
34427,7.4545
34428,6.3207
34429,7.0714
34430,9.3158
34431,6.6667
34432,8.25
34433,6.7937
34434,7.6364
34435,7.0
34436,6.2667
34437,7.6018
34438,7.9677
34439,7.4444
34440,7.1613
34441,7.6018
34442,7.6018
34443,7.6018
34444,7.3333
34445,7.6018
34446,8.7091
34447,7.6018
34448,8.75
34449,7.6018
34450,7.6018
34451,7.6018
34452,8.1
34453,7.8636
34454,7.53
34455,9.1667
34456,7.6018
34457,4.2857
34458,7.6018
34459,7.2276
34460,7.4146
34461,7.6018
34462,7.6018
34463,7.6018
34464,7.6018
34465,7.6018
34466,7.2595
34467,8.0227
34468,7.6018
34469,7.72
34470,7.6018
34471,7.3165
34472,8.8556
34473,7.6018
34474,7.6018
34475,6.1667
34476,8.5833
34477,5.875
34478,7.5333
34479,5.0
34480,7.6018
34481,7.3
34482,7.6018
34483,7.6018
34484,7.6018
34485,4.9806
34486,7.6018
34487,10.0
34488,6.9444
34489,7.6018
34490,7.6018
34491,7.2595
34492,7.6268
34493,7.6018
34494,5.8519
34495,7.9452
34496,7.6018
34497,8.8556
34498,7.6018
34499,7.6018
34500,8.8556
34501,7.15
34502,7.6018
34503,7.6018
34504,7.0
34505,7.2829
34506,7.6018
34507,7.6018
34508,4.0
34509,7.6018
34510,7.6018
34511,8.9559
34512,7.6018
34513,7.6018
34514,5.3333
34515,7.815
34516,8.0
34517,7.6018
34518,7.6
34519,7.6018
34520,8.7015
34521,8.6571
34522,9.355
34523,8.75
34524,7.6018
34525,8.3953
34526,8.0
34527,7.5
34528,8.0755
34529,7.6018
34530,7.6018
34531,7.6018
34532,7.6018
34533,5.1355
34534,7.5065
34535,7.6018
34536,7.6018
34537,7.6018
34538,7.7449
34539,5.5
34540,7.0
34541,7.1321
34542,8.8556
34543,7.6018
34544,7.6018
34545,7.6018
34546,7.6018
34547,7.6018
34548,7.6018
34549,7.6018
34550,7.6018
34551,7.6018
34552,8.3939
34553,3.5
34554,7.6018
34555,6.4286
34556,7.6018
34557,7.5
34558,7.6018
34559,7.6018
34560,7.6018
34561,8.5
34562,7.6018
34563,7.6018
34564,7.6018
34565,6.9959
34566,7.6018
34567,7.6018
34568,8.1486
34569,7.2595
34570,7.6018
34571,8.2368
34572,7.5952
34573,7.1333
34574,7.6018
34575,7.8571
34576,7.6018
34577,7.6018
34578,7.9
34579,7.6018
34580,7.6018
34581,7.6018
34582,8.5
34583,7.6018
34584,7.6018
34585,7.6018
34586,7.8889
34587,8.479
34588,6.0303
34589,6.6
34590,7.6018
34591,7.6018
34592,7.6018
34593,7.95
34594,7.6018
34595,8.875
34596,7.6018
34597,8.9655
34598,7.6018
34599,7.6018
34600,8.7692
34601,7.5263
34602,8.7368
34603,7.6018
34604,7.2909
34605,7.361
34606,8.0
34607,7.6018
34608,7.2595
34609,10.0
34610,7.6018
34611,8.069
34612,8.0
34613,7.6018
34614,8.4286
34615,7.6018
34616,7.6018
34617,7.6018
34618,9.6216
34619,6.0226
34620,7.6018
34621,7.6018
34622,6.7917
34623,8.1429
34624,7.6018
34625,5.0
34626,8.7193
34627,6.9167
34628,7.6018
34629,7.6018
34630,10.0
34631,7.0
34632,7.6667
34633,7.6018
34634,7.6018
34635,7.2846
34636,7.6018
34637,7.6018
34638,8.0
34639,7.6018
34640,6.6
34641,7.6018
34642,7.6018
34643,7.1667
34644,9.25
34645,7.8889
34646,7.4211
34647,9.5
34648,7.6018
34649,8.0
34650,7.203
34651,7.2595
34652,8.0
34653,8.7778
34654,9.0
34655,7.6018
34656,8.1538
34657,7.6018
34658,5.7059
34659,5.0
34660,7.6268
34661,6.7143
34662,8.1111
34663,7.6018
34664,7.6018
34665,7.6018
34666,7.6018
34667,6.25
34668,7.6018
34669,7.6018
34670,7.6018
34671,7.6018
34672,7.6018
34673,7.6018
34674,8.0
34675,7.3571
34676,7.6018
34677,7.6018
34678,7.75
34679,7.6018
34680,7.1689
34681,7.6018
34682,7.0492
34683,9.0262
34684,7.6018
34685,7.6018
34686,5.1667
34687,7.918
34688,7.0
34689,7.6018
34690,5.0
34691,7.6018
34692,7.7193
34693,7.6018
34694,7.6018
34695,4.6185
34696,7.2909
34697,7.6018
34698,8.5879
34699,7.3333
34700,7.6018
34701,7.6018
34702,6.2
34703,9.25
34704,7.6018
34705,7.6018
34706,9.2857
34707,8.9796
34708,7.6018
34709,7.6018
34710,7.6018
34711,8.2
34712,8.5
34713,7.4286
34714,7.6018
34715,7.6018
34716,8.3333
34717,7.0
34718,8.0426
34719,6.7129
34720,7.6018
34721,8.8556
34722,7.4286
34723,7.6018
34724,7.2429
34725,7.6018
34726,5.5
34727,7.6018
34728,9.486
34729,7.4167
34730,7.6018
34731,7.6018
34732,7.6018
34733,8.0
34734,8.8031
34735,7.0
34736,7.6018
34737,7.7896
34738,7.6018
34739,7.6018
34740,7.6018
34741,7.6018
34742,8.1928
34743,7.9744
34744,7.6018
34745,8.8333
34746,6.4286
34747,7.0909
34748,7.3523
34749,7.6018
34750,8.8556
34751,4.8
34752,7.6018
34753,7.0
34754,7.64
34755,6.75
34756,9.5
34757,7.6018
34758,7.6018
34759,7.7188
34760,7.6018
34761,7.6018
34762,7.6018
34763,7.6018
34764,7.6018
34765,7.6018
34766,7.2595
34767,7.6018
34768,8.1191
34769,7.6018
34770,7.75
34771,8.2764
34772,7.8636
34773,7.6018
34774,8.7091
34775,7.6018
34776,6.3
34777,7.1689
34778,5.2
34779,5.9825
34780,6.9091
34781,7.6018
34782,7.6018
34783,7.6018
34784,7.6018
34785,8.363
34786,7.6018
34787,7.2595
34788,7.6018
34789,7.6018
34790,7.6018
34791,7.6018
34792,8.1667
34793,7.1026
34794,9.2857
34795,6.7727
34796,7.6018
34797,7.6018
34798,7.8333
34799,7.2195
34800,7.0
34801,9.4841
34802,7.7115
34803,9.55
34804,7.6018
34805,8.8333
34806,7.6018
34807,7.6018
34808,5.0
34809,7.815
34810,6.5
34811,9.0
34812,7.6018
34813,8.0
34814,7.7778
34815,7.6018
34816,7.6018
34817,7.6018
34818,8.3143
34819,7.0
34820,8.2
34821,7.6018
34822,7.6018
34823,7.2595
34824,7.6018
34825,7.6018
34826,7.6018
34827,7.6018
34828,7.7105
34829,7.6018
34830,5.7059
34831,7.9444
34832,9.1373
34833,7.0
34834,7.6018
34835,7.7037
34836,8.0
34837,7.6018
34838,7.6018
34839,8.0455
34840,7.6018
34841,7.9118
34842,7.6018
34843,7.6018
34844,7.5714
34845,7.6018
34846,5.7692
34847,7.6018
34848,7.1579
34849,7.1429
34850,7.6018
34851,6.0
34852,8.1486
34853,7.9947
34854,7.6018
34855,8.0
34856,7.6018
34857,6.4
34858,8.75
34859,7.6018
34860,7.6018
34861,7.6018
34862,7.6018
34863,8.3731
34864,9.6216
34865,7.6268
34866,7.6018
34867,7.9
34868,7.6018
34869,5.0752
34870,7.6018
34871,7.6018
34872,8.418
34873,7.6018
34874,7.6018
34875,7.6018
34876,7.6018
34877,7.25
34878,7.3333
34879,7.53
34880,7.6018
34881,7.6018
34882,7.6018
34883,7.6018
34884,7.0
34885,7.4
34886,7.6018
34887,7.6018
34888,8.3846
34889,5.0
34890,7.6018
34891,8.5
34892,7.6018
34893,8.0
34894,7.6018
34895,7.6018
34896,7.6268
34897,7.6018
34898,8.2105
34899,7.6018
34900,7.6018
34901,9.2857
34902,7.6018
34903,7.6018
34904,7.6018
34905,7.6018
34906,7.6018
34907,6.5
34908,6.0
34909,5.2
34910,7.6018
34911,7.6018
34912,7.5938
34913,6.9333
34914,5.5
34915,7.5
34916,8.8556
34917,5.5
34918,7.6018
34919,7.6018
34920,7.2595
34921,9.6
34922,7.6018
34923,7.0714
34924,9.1592
34925,7.6018
34926,7.6018
34927,7.6018
34928,7.6018
34929,7.6018
34930,7.6018
34931,7.6018
34932,7.3333
34933,7.6018
34934,7.6018
34935,7.6018
34936,8.8556
34937,8.7005
34938,7.6018
34939,7.6018
34940,6.7328
34941,7.6268
34942,7.3523
34943,7.6018
34944,7.6018
34945,7.6018
34946,8.3333
34947,8.275
34948,7.6018
34949,7.6018
34950,7.6018
34951,7.069
34952,7.9524
34953,7.6018
34954,7.3913
34955,7.6018
34956,6.6875
34957,7.6018
34958,7.6018
34959,7.6018
34960,8.1111
34961,7.6018
34962,7.3902
34963,7.6018
34964,9.2
34965,8.2
34966,7.4
34967,7.6018
34968,7.2963
34969,6.0
34970,8.4118
34971,7.0
34972,7.6018
34973,7.6018
34974,7.6018
34975,7.6018
34976,7.6018
34977,7.6018
34978,7.6018
34979,8.0429
34980,7.3973
34981,7.6018
34982,7.6018
34983,6.8125
34984,7.6018
34985,7.6018
34986,7.6018
34987,7.2595
34988,4.0
34989,7.6018
34990,7.5065
34991,7.6018
34992,7.6018
34993,6.0226
34994,8.9444
34995,10.0
34996,8.1875
34997,7.6018
34998,7.6018
34999,7.7407
35000,7.6018
35001,7.6018
35002,5.5753
35003,7.6018
35004,5.75
35005,7.5882
35006,7.6018
35007,7.6018
35008,7.6018
35009,7.6018
35010,8.0094
35011,7.6018
35012,5.9825
35013,7.6018
35014,7.6018
35015,7.5455
35016,9.25
35017,4.0
35018,7.0
35019,8.3333
35020,8.5
35021,7.6018
35022,7.6018
35023,7.8332
35024,7.6018
35025,7.6018
35026,8.6744
35027,7.6018
35028,7.6018
35029,7.6018
35030,8.1713
35031,10.0
35032,7.2595
35033,7.6018
35034,7.6268
35035,7.6018
35036,6.6842
35037,8.4792
35038,7.6
35039,7.6018
35040,7.6018
35041,8.5625
35042,7.2432
35043,5.0752
35044,6.3889
35045,8.5875
35046,6.8889
35047,7.5965
35048,8.7143
35049,7.6018
35050,7.5
35051,7.8182
35052,10.0
35053,7.6018
35054,7.6018
35055,7.6018
35056,7.0909
35057,8.0238
35058,7.6018
35059,8.875
35060,9.7
35061,7.6018
35062,7.6018
35063,8.0
35064,9.3832
35065,7.6018
35066,7.2846
35067,7.0
35068,9.0
35069,7.7826
35070,9.0
35071,7.6018
35072,7.6018
35073,7.6018
35074,7.5969
35075,7.1689
35076,8.2857
35077,7.6018
35078,7.6018
35079,7.7236
35080,7.6018
35081,8.5
35082,8.122
35083,7.6018
35084,7.6018
35085,7.6018
35086,7.6018
35087,7.6018
35088,7.6018
35089,7.6018
35090,7.7718
35091,7.6018
35092,7.6018
35093,7.6018
35094,7.6018
35095,7.2368
35096,9.6667
35097,6.8986
35098,8.8556
35099,8.9347
35100,7.6018
35101,8.8387
35102,5.1429
35103,7.6018
35104,7.6018
35105,8.1429
35106,5.5401
35107,7.6154
35108,7.6018
35109,7.2595
35110,7.8718
35111,8.2105
35112,7.6018
35113,7.3333
35114,7.2595
35115,9.0
35116,7.6018
35117,6.6667
35118,8.0
35119,8.7179
35120,7.6018
35121,7.2595
35122,7.6018
35123,5.4074
35124,7.6018
35125,7.6018
35126,7.6018
35127,7.6018
35128,7.6018
35129,7.3913
35130,7.9298
35131,7.6018
35132,7.6018
35133,6.7917
35134,6.75
35135,7.6018
35136,7.6018
35137,8.2727
35138,8.6316
35139,8.1852
35140,7.6018
35141,5.0752
35142,5.5401
35143,7.6018
35144,8.6
35145,8.2105
35146,7.141
35147,5.9289
35148,8.5333
35149,6.7857
35150,7.6018
35151,9.0
35152,7.6018
35153,7.6018
35154,7.9405
35155,9.0262
35156,7.6018
35157,7.6018
35158,7.6018
35159,7.1689
35160,5.0
35161,7.6
35162,7.6018
35163,7.6018
35164,9.2399
35165,7.6018
35166,7.6018
35167,7.6018
35168,7.6018
35169,8.3333
35170,7.6018
35171,8.4906
35172,7.6018
35173,7.6018
35174,7.8182
35175,7.6018
35176,8.6579
35177,7.828
35178,7.6018
35179,7.6018
35180,7.6018
35181,7.6018
35182,7.2595
35183,7.6018
35184,7.4146
35185,7.7143
35186,7.25
35187,7.6018
35188,7.6018
35189,7.6018
35190,9.6106
35191,7.6018
35192,8.0426
35193,7.5946
35194,8.0
35195,7.828
35196,7.6018
35197,7.6018
35198,6.7778
35199,7.6018
35200,7.6018
35201,7.8812
35202,7.885
35203,10.0
35204,7.6018
35205,6.8125
35206,9.0
35207,6.0
35208,7.6018
35209,8.4815
35210,7.6018
35211,7.6018
35212,7.0
35213,8.25
35214,7.6018
35215,8.2222
35216,7.6018
35217,7.6018
35218,7.6018
35219,7.6018
35220,7.6757
35221,7.6018
35222,7.6018
35223,7.6018
35224,7.6018
35225,7.6018
35226,5.0
35227,8.25
35228,7.8333
35229,9.2791
35230,9.0
35231,7.6018
35232,7.6018
35233,6.0909
35234,7.6018
35235,8.8556
35236,7.6018
35237,7.6018
35238,7.2432
35239,7.6018
35240,7.6018
35241,8.0
35242,7.6018
35243,7.6018
35244,8.7865
35245,7.4339
35246,7.6018
35247,7.4682
35248,7.2
35249,8.8556
35250,7.6018
35251,7.6018
35252,7.2595
35253,7.8
35254,8.1667
35255,7.0
35256,6.7129
35257,6.7358
35258,7.2595
35259,7.6018
35260,7.6018
35261,7.6018
35262,7.6018
35263,7.6018
35264,7.6018
35265,7.6018
35266,7.6018
35267,7.6018
35268,6.1667
35269,7.2308
35270,7.6018
35271,7.6018
35272,8.831
35273,8.8556
35274,7.6018
35275,5.7848
35276,7.6018
35277,7.6018
35278,7.6018
35279,7.918
35280,8.5
35281,9.6
35282,7.6018
35283,8.303
35284,7.5476
35285,7.6018
35286,4.9189
35287,7.1026
35288,7.2595
35289,8.3953
35290,7.6018
35291,7.6018
35292,7.4286
35293,5.9375
35294,8.1538
35295,7.6018
35296,7.6018
35297,7.4615
35298,7.6018
35299,6.4
35300,7.6018
35301,7.875
35302,7.6018
35303,7.6018
35304,5.5753
35305,6.4074
35306,8.8556
35307,7.6018
35308,8.45
35309,7.6018
35310,7.6018
35311,7.6018
35312,7.6018
35313,7.6018
35314,7.6018
35315,7.6018
35316,7.2595
35317,7.2
35318,7.9667
35319,7.5161
35320,7.6018
35321,7.6018
35322,8.0
35323,7.5505
35324,8.8333
35325,7.6018
35326,7.6018
35327,7.7449
35328,7.6018
35329,7.6018
35330,7.6018
35331,7.6018
35332,7.5714
35333,7.0
35334,7.1704
35335,7.6018
35336,8.8556
35337,7.1689
35338,7.6018
35339,7.2595
35340,7.5065
35341,6.25
35342,8.3333
35343,8.0333
35344,7.0
35345,7.6018
35346,8.3636
35347,7.6018
35348,7.6018
35349,7.6018
35350,7.6018
35351,6.4375
35352,9.1667
35353,8.7778
35354,7.0
35355,7.2595
35356,8.0
35357,7.5
35358,5.1
35359,7.6018
35360,8.7778
35361,10.0
35362,7.6018
35363,6.0226
35364,7.6018
35365,7.6018
35366,8.3953
35367,8.0455
35368,4.0
35369,8.5833
35370,7.6018
35371,8.3524
35372,8.2353
35373,6.4375
35374,9.3077
35375,7.6018
35376,7.8182
35377,7.6018
35378,7.6018
35379,7.6018
35380,7.6667
35381,7.6018
35382,8.3649
35383,8.0
35384,7.6018
35385,7.6018
35386,7.6018
35387,8.25
35388,7.6018
35389,7.6018
35390,7.069
35391,7.6018
35392,7.6018
35393,8.6567
35394,9.0
35395,6.2727
35396,7.6018
35397,7.75
35398,10.0
35399,7.9231
35400,8.5
35401,7.3523
35402,7.6018
35403,7.2595
35404,7.6018
35405,9.075
35406,7.6018
35407,8.5
35408,8.4076
35409,7.6667
35410,7.4286
35411,7.6018
35412,6.6316
35413,6.75
35414,7.6018
35415,8.4
35416,6.56
35417,7.6018
35418,7.6018
35419,7.6018
35420,7.6923
35421,7.6018
35422,7.6018
35423,8.1667
35424,7.2595
35425,7.6667
35426,7.6018
35427,6.3333
35428,8.7029
35429,6.9688
35430,7.5
35431,7.6018
35432,7.6018
35433,7.6018
35434,7.1667
35435,7.6018
35436,8.2727
35437,7.6018
35438,8.8556
35439,7.8056
35440,6.64
35441,9.0
35442,7.3
35443,7.5556
35444,7.6018
35445,7.0484
35446,8.2019
35447,7.6018
35448,7.6018
35449,7.6
35450,7.6018
35451,7.6018
35452,8.0
35453,8.5294
35454,7.6018
35455,8.2
35456,6.5
35457,7.8941
35458,7.6018
35459,7.2595
35460,8.8556
35461,8.4118
35462,7.6018
35463,7.6018
35464,8.6412
35465,7.0294
35466,6.0
35467,6.4545
35468,6.8667
35469,7.6018
35470,7.6018
35471,7.2595
35472,7.6018
35473,7.6018
35474,8.0238
35475,7.6018
35476,10.0
35477,7.6018
35478,7.6018
35479,7.6018
35480,7.6018
35481,10.0
35482,7.6018
35483,7.6018
35484,7.6018
35485,4.6841
35486,7.4
35487,7.6667
35488,7.7
35489,6.6923
35490,7.6018
35491,7.6018
35492,7.6018
35493,7.6018
35494,8.3636
35495,7.6018
35496,8.8556
35497,7.4146
35498,7.6
35499,10.0
35500,7.652
35501,9.0
35502,7.4746
35503,7.6018
35504,7.6018
35505,7.6018
35506,7.6018
35507,6.0303
35508,7.5
35509,7.6018
35510,7.6018
35511,7.5
35512,7.2595
35513,7.5339
35514,8.8556
35515,8.0
35516,7.6018
35517,7.6018
35518,7.2222
35519,7.6018
35520,7.6018
35521,7.6018
35522,7.6018
35523,7.6018
35524,10.0
35525,7.6018
35526,7.6018
35527,8.0
35528,7.9273
35529,7.6018
35530,7.75
35531,6.0
35532,7.6018
35533,7.6018
35534,7.6018
35535,7.6018
35536,7.6018
35537,7.6018
35538,7.6018
35539,6.3574
35540,7.6018
35541,7.7762
35542,7.6018
35543,6.5
35544,7.6018
35545,7.6018
35546,7.6018
35547,7.6018
35548,8.0
35549,8.4118
35550,7.3049
35551,7.6018
35552,6.622
35553,6.7328
35554,7.2595
35555,5.25
35556,7.6018
35557,7.6018
35558,8.0
35559,7.6018
35560,6.9018
35561,9.8125
35562,7.6018
35563,7.6571
35564,7.6018
35565,8.6719
35566,7.6018
35567,7.9947
35568,8.0
35569,7.6018
35570,7.6018
35571,8.375
35572,7.6018
35573,8.8
35574,3.0
35575,7.6018
35576,7.7778
35577,7.8966
35578,7.6018
35579,7.6018
35580,7.6018
35581,5.0
35582,8.3
35583,7.6018
35584,7.2595
35585,9.5385
35586,8.9167
35587,7.2784
35588,7.6018
35589,7.6018
35590,7.6018
35591,7.6018
35592,7.6018
35593,7.6018
35594,8.8556
35595,7.6018
35596,9.0
35597,9.1176
35598,9.375
35599,6.7619
35600,7.6018
35601,7.5
35602,9.0
35603,7.6018
35604,7.6018
35605,7.6018
35606,6.0
35607,8.0294
35608,8.4
35609,7.6018
35610,8.0
35611,7.6018
35612,7.6018
35613,6.8689
35614,7.2595
35615,7.6018
35616,6.5161
35617,8.5
35618,7.6018
35619,7.7236
35620,7.6018
35621,7.6018
35622,8.25
35623,7.6018
35624,7.3438
35625,8.9714
35626,6.3786
35627,7.5065
35628,7.3333
35629,7.6018
35630,7.6018
35631,7.6018
35632,9.0
35633,6.6
35634,7.6018
35635,7.1597
35636,7.0
35637,7.6018
35638,7.9
35639,6.7328
35640,7.6018
35641,8.4074
35642,7.6018
35643,7.6207
35644,7.25
35645,7.6018
35646,8.8556
35647,7.6018
35648,7.6018
35649,7.5065
35650,8.1053
35651,7.6018
35652,7.6018
35653,7.6018
35654,7.8333
35655,8.8389
35656,7.9524
35657,7.6018
35658,7.6018
35659,7.6018
35660,2.5
35661,5.5
35662,7.6018
35663,7.9
35664,7.6018
35665,8.0755
35666,7.6018
35667,7.8431
35668,9.2924
35669,7.5
35670,8.5
35671,7.6018
35672,7.6018
35673,7.6018
35674,7.9559
35675,7.2595
35676,7.6018
35677,7.2222
35678,7.6018
35679,8.2857
35680,8.0
35681,7.6018
35682,7.6018
35683,6.2632
35684,7.6018
35685,7.6018
35686,7.6018
35687,7.6018
35688,8.8556
35689,8.1
35690,7.6018
35691,7.6018
35692,6.64
35693,6.5
35694,7.6018
35695,7.6018
35696,7.6018
35697,7.6018
35698,6.8824
35699,7.2595
35700,7.8
35701,7.6018
35702,6.3786
35703,7.6
35704,7.6018
35705,7.5
35706,10.0
35707,7.1667
35708,6.8
35709,7.6018
35710,9.4737
35711,7.6018
35712,7.6
35713,7.6018
35714,7.6018
35715,8.2395
35716,7.6018
35717,7.6018
35718,7.2909
35719,7.6018
35720,5.7
35721,6.8333
35722,7.6018
35723,7.5
35724,8.5036
35725,7.6018
35726,9.25
35727,7.6018
35728,7.9577
35729,8.7234
35730,7.6018
35731,7.9947
35732,7.6018
35733,8.0238
35734,7.6018
35735,7.6018
35736,7.6018
35737,8.8958
35738,8.25
35739,7.6018
35740,7.2595
35741,7.6018
35742,9.3333
35743,7.6018
35744,7.6018
35745,7.6018
35746,4.7059
35747,7.6018
35748,7.6018
35749,7.6018
35750,7.6018
35751,5.5
35752,7.6018
35753,7.5263
35754,7.6018
35755,6.6667
35756,7.6018
35757,8.8556
35758,5.8529
35759,8.0455
35760,7.0
35761,7.6018
35762,7.0
35763,6.5
35764,7.6018
35765,7.2595
35766,7.6018
35767,7.6018
35768,7.6018
35769,7.6018
35770,7.4
35771,9.0
35772,6.8
35773,7.6018
35774,7.6018
35775,7.0
35776,7.6018
35777,7.6018
35778,8.2353
35779,7.6018
35780,7.2857
35781,6.7917
35782,7.6018
35783,8.7029
35784,8.375
35785,7.6018
35786,5.65
35787,7.6018
35788,6.75
35789,7.6018
35790,8.45
35791,7.6018
35792,7.6018
35793,7.9
35794,5.8889
35795,8.1786
35796,7.6018
35797,7.6018
35798,7.918
35799,7.6018
35800,7.6018
35801,7.0
35802,8.4
35803,7.6018
35804,7.6018
35805,7.6018
35806,7.6018
35807,7.6018
35808,7.2595
35809,10.0
35810,7.6018
35811,7.6018
35812,7.6018
35813,7.6018
35814,8.4
35815,7.6018
35816,8.0
35817,8.5
35818,7.6018
35819,7.6018
35820,9.1481
35821,7.6018
35822,7.6018
35823,8.8556
35824,7.6018
35825,9.1429
35826,7.6018
35827,7.6018
35828,2.0
35829,7.6018
35830,7.6018
35831,7.6018
35832,7.6018
35833,7.0
35834,7.8763
35835,7.6018
35836,7.0
35837,7.6018
35838,7.6018
35839,8.9655
35840,8.7048
35841,4.8462
35842,10.0
35843,7.6018
35844,7.6018
35845,8.5625
35846,8.8571
35847,5.1355
35848,7.6018
35849,7.6018
35850,7.6018
35851,6.567
35852,5.1355
35853,7.2595
35854,7.6018
35855,8.8556
35856,7.6018
35857,7.6018
35858,7.6018
35859,8.0
35860,6.8333
35861,8.6
35862,7.6018
35863,8.8556
35864,7.6429
35865,7.2595
35866,7.6018
35867,8.1667
35868,7.6018
35869,7.6667
35870,7.4824
35871,7.6018
35872,7.6018
35873,8.2528
35874,7.6018
35875,6.2
35876,7.6018
35877,7.6018
35878,7.6018
35879,7.6018
35880,7.6944
35881,7.6018
35882,5.0752
35883,7.6018
35884,7.6018
35885,7.6018
35886,7.6018
35887,5.5401
35888,8.7091
35889,7.6018
35890,8.7619
35891,7.5065
35892,7.6018
35893,7.885
35894,7.6018
35895,7.6018
35896,7.5278
35897,8.0
35898,7.6018
35899,7.6018
35900,5.5
35901,7.6018
35902,5.5401
35903,7.6018
35904,7.6018
35905,7.25
35906,7.6018
35907,7.2595
35908,7.6018
35909,7.6018
35910,8.0
35911,6.5
35912,7.6018
35913,7.6018
35914,7.4167
35915,7.6018
35916,7.5
35917,7.6018
35918,7.6018
35919,8.0952
35920,7.5
35921,7.6018
35922,7.6018
35923,7.6018
35924,8.8337
35925,7.6018
35926,4.6667
35927,7.6018
35928,7.6018
35929,8.2892
35930,7.6018
35931,7.6018
35932,7.6018
35933,7.8699
35934,7.6018
35935,7.6018
35936,5.6667
35937,7.6018
35938,8.05
35939,7.6268
35940,6.8462
35941,7.6018
35942,7.6018
35943,8.0667
35944,7.6018
35945,7.6018
35946,7.2846
35947,7.6018
35948,7.6018
35949,7.6018
35950,7.6018
35951,6.9667
35952,7.7115
35953,7.6018
35954,8.0857
35955,7.6018
35956,8.8333
35957,7.6018
35958,7.0
35959,7.6018
35960,7.6018
35961,10.0
35962,5.0
35963,8.8556
35964,7.6018
35965,7.6018
35966,7.0
35967,8.5
35968,4.5
35969,7.6018
35970,7.6018
35971,8.9449
35972,8.0
35973,5.6154
35974,8.069
35975,8.2
35976,8.1955
35977,7.6018
35978,7.6018
35979,7.6018
35980,6.25
35981,8.0
35982,8.0
35983,7.6018
35984,7.6018
35985,4.0
35986,5.1114
35987,7.6018
35988,8.7368
35989,6.8377
35990,9.0
35991,8.8302
35992,7.6018
35993,7.6018
35994,7.6018
35995,9.0
35996,9.0
35997,5.0
35998,7.6018
35999,7.6018
36000,6.0
36001,7.6018
36002,8.0
36003,7.6018
36004,9.2556
36005,7.6018
36006,8.2019
36007,7.6018
36008,7.6018
36009,7.6018
36010,7.6018
36011,7.6018
36012,9.5
36013,7.6018
36014,7.6018
36015,7.8617
36016,7.6018
36017,6.635
36018,8.7812
36019,7.6018
36020,7.0
36021,8.1471
36022,7.0
36023,7.6018
36024,7.6018
36025,9.0
36026,7.6018
36027,7.6018
36028,6.6737
36029,7.6018
36030,7.6018
36031,7.6018
36032,7.0
36033,7.6018
36034,7.069
36035,8.0426
36036,7.6018
36037,7.6018
36038,7.6018
36039,6.6477
36040,7.6018
36041,9.25
36042,7.6018
36043,7.6018
36044,8.3333
36045,7.6018
36046,5.8519
36047,7.6018
36048,7.1321
36049,7.6018
36050,8.0
36051,7.6018
36052,7.9947
36053,7.6018
36054,8.1111
36055,8.3382
36056,8.4474
36057,7.0
36058,8.2
36059,7.6018
36060,7.6018
36061,7.6018
36062,7.6018
36063,7.6018
36064,9.3529
36065,6.4
36066,7.6018
36067,9.0
36068,8.4091
36069,7.6018
36070,5.0
36071,7.1039
36072,7.6018
36073,8.0333
36074,7.6018
36075,8.0
36076,6.6667
36077,7.6018
36078,6.0
36079,7.6018
36080,7.2595
36081,8.391
36082,7.6018
36083,7.6018
36084,8.8333
36085,10.0
36086,8.3607
36087,7.6018
36088,7.6018
36089,7.6018
36090,7.6018
36091,7.6018
36092,8.5
36093,7.6018
36094,6.7143
36095,7.0484
36096,7.6018
36097,7.6018
36098,9.9888
36099,8.5
36100,7.5405
36101,7.6018
36102,7.4211
36103,6.9737
36104,7.6018
36105,8.7234
36106,7.6923
36107,8.2778
36108,7.6018
36109,7.6018
36110,7.6018
36111,7.6018
36112,8.023
36113,8.4545
36114,7.6018
36115,8.75
36116,7.6018
36117,7.6018
36118,7.6018
36119,7.6018
36120,7.6018
36121,7.6018
36122,7.6018
36123,7.7009
36124,7.6575
36125,7.6018
36126,7.6018
36127,7.6018
36128,6.4545
36129,8.3649
36130,10.0
36131,7.6018
36132,7.6018
36133,7.6018
36134,7.6018
36135,7.1689
36136,7.6018
36137,7.6018
36138,7.069
36139,7.6018
36140,8.0125
36141,8.7029
36142,9.1227
36143,7.7115
36144,7.6018
36145,8.8556
36146,7.6018
36147,8.8667
36148,8.0
36149,7.6018
36150,7.0
36151,7.6018
36152,7.6018
36153,6.7816
36154,7.6018
36155,7.6018
36156,7.6018
36157,7.3973
36158,7.6018
36159,7.6018
36160,9.0
36161,7.3333
36162,7.8
36163,7.6018
36164,7.6018
36165,7.0
36166,7.6018
36167,10.0
36168,7.6018
36169,9.134
36170,7.6018
36171,7.6018
36172,9.6429
36173,7.6667
36174,8.2778
36175,7.6018
36176,7.5
36177,8.3333
36178,6.875
36179,8.0
36180,7.6018
36181,7.6018
36182,8.0
36183,7.6018
36184,8.0
36185,5.1355
36186,8.0491
36187,7.6018
36188,7.3523
36189,7.6018
36190,9.8571
36191,7.6018
36192,8.0
36193,7.8947
36194,7.3333
36195,7.0
36196,7.5505
36197,7.6018
36198,7.6018
36199,7.2258
36200,3.2308
36201,9.5066
36202,7.6018
36203,7.6018
36204,6.2
36205,7.6018
36206,8.0
36207,6.7143
36208,7.6018
36209,7.6018
36210,8.16
36211,5.8182
36212,7.8889
36213,7.6018
36214,7.6018
36215,7.6018
36216,5.0
36217,8.931
36218,8.0
36219,8.0
36220,7.6018
36221,7.6018
36222,8.931
36223,7.6018
36224,7.5
36225,7.8333
36226,8.8556
36227,7.6018
36228,8.8556
36229,6.41
36230,7.6018
36231,7.6018
36232,7.6018
36233,7.6018
36234,7.1429
36235,5.0
36236,7.6018
36237,7.6018
36238,7.6018
36239,7.0172
36240,7.6018
36241,5.0
36242,7.6018
36243,9.1786
36244,8.8556
36245,5.0
36246,7.6018
36247,8.7404
36248,7.2963
36249,8.25
36250,6.6
36251,7.6018
36252,7.6018
36253,7.5
36254,9.464
36255,8.8556
36256,7.3182
36257,8.4091
36258,8.6111
36259,7.6018
36260,7.6018
36261,8.7234
36262,7.9238
36263,6.8182
36264,8.75
36265,7.6018
36266,6.9583
36267,8.8556
36268,7.871
36269,7.6018
36270,7.6018
36271,7.6018
36272,5.8333
36273,7.6018
36274,8.25
36275,7.6018
36276,7.3333
36277,7.2595
36278,7.6018
36279,7.6018
36280,7.4151
36281,7.6018
36282,7.6018
36283,8.0
36284,8.2676
36285,7.6018
36286,7.6018
36287,7.6018
36288,7.6018
36289,7.6018
36290,7.375
36291,7.9565
36292,7.6018
36293,7.6
36294,7.6018
36295,7.6018
36296,7.6018
36297,8.2368
36298,7.2068
36299,6.3
36300,7.5786
36301,6.0226
36302,8.8333
36303,7.6018
36304,7.1026
36305,7.6018
36306,7.0
36307,8.8556
36308,7.6018
36309,7.6018
36310,7.1667
36311,6.0
36312,7.6018
36313,8.75
36314,6.7581
36315,9.5
36316,7.6018
36317,8.4843
36318,7.6018
36319,7.6471
36320,7.6018
36321,7.6018
36322,7.0
36323,7.6018
36324,7.9286
36325,5.8529
36326,7.6018
36327,7.6018
36328,7.6018
36329,7.6018
36330,5.5401
36331,7.6018
36332,5.25
36333,7.25
36334,7.6018
36335,6.7358
36336,7.8718
36337,8.0238
36338,7.6018
36339,7.6018
36340,9.1176
36341,8.0
36342,7.6018
36343,9.0
36344,7.6018
36345,7.6018
36346,9.2857
36347,7.6018
36348,7.6018
36349,7.9947
36350,7.6018
36351,7.2963
36352,7.4146
36353,7.8594
36354,8.5714
36355,7.6018
36356,7.6018
36357,7.6018
36358,7.6018
36359,7.6018
36360,7.6018
36361,10.0
36362,7.6018
36363,7.95
36364,7.6018
36365,7.6018
36366,7.6018
36367,7.6018
36368,8.0909
36369,6.6842
36370,7.6018
36371,7.6018
36372,6.8824
36373,7.6018
36374,7.9559
36375,6.625
36376,7.6018
36377,8.25
36378,7.6018
36379,7.5758
36380,7.6018
36381,7.6018
36382,7.6
36383,7.6018
36384,8.6
36385,7.6018
36386,7.6018
36387,7.6018
36388,8.3636
36389,7.6018
36390,7.6018
36391,7.3523
36392,9.6216
36393,7.6018
36394,7.2727
36395,8.0
36396,9.0
36397,7.6018
36398,7.6018
36399,7.75
36400,7.6018
36401,7.5556
36402,7.6018
36403,8.0
36404,7.125
36405,6.25
36406,7.6018
36407,7.6018
36408,7.6018
36409,7.6018
36410,7.6018
36411,6.7
36412,7.6018
36413,6.8333
36414,7.6018
36415,7.6018
36416,7.6018
36417,9.5
36418,7.6018
36419,7.6018
36420,7.8617
36421,7.6018
36422,8.0909
36423,7.2595
36424,7.6018
36425,8.0
36426,8.3939
36427,7.118
36428,10.0
36429,9.6216
36430,7.5
36431,7.6018
36432,7.6018
36433,7.1689
36434,8.2105
36435,7.6018
36436,7.6018
36437,7.6018
36438,7.6018
36439,5.7143
36440,8.7048
36441,8.2222
36442,7.6018
36443,7.6018
36444,7.6018
36445,7.6018
36446,7.6122
36447,7.6018
36448,8.303
36449,7.6018
36450,8.8556
36451,7.6018
36452,9.28
36453,7.6018
36454,7.6018
36455,7.6018
36456,7.6018
36457,7.0
36458,7.5968
36459,7.6018
36460,7.9273
36461,7.6018
36462,8.0202
36463,6.9556
36464,8.8556
36465,8.4634
36466,7.6018
36467,7.6018
36468,9.1176
36469,7.6018
36470,7.8148
36471,7.6018
36472,7.6018
36473,7.6018
36474,7.6018
36475,7.6018
36476,7.6018
36477,6.0
36478,7.6018
36479,7.4286
36480,7.6018
36481,9.0
36482,6.7403
36483,7.3333
36484,8.0429
36485,7.6018
36486,9.3333
36487,7.9262
36488,7.6923
36489,7.9947
36490,8.1111
36491,7.6018
36492,7.6018
36493,7.6018
36494,8.0
36495,7.6018
36496,7.6018
36497,7.6018
36498,7.0
36499,8.7091
36500,8.0
36501,8.2019
36502,8.4545
36503,3.0
36504,7.2595
36505,7.6018
36506,8.5
36507,9.0
36508,7.6018
36509,7.6018
36510,7.5
36511,7.6018
36512,7.5184
36513,7.6018
36514,7.6018
36515,7.9565
36516,7.6018
36517,7.6018
36518,7.6018
36519,9.0
36520,7.2595
36521,7.6018
36522,7.6018
36523,7.6018
36524,7.6018
36525,7.6018
36526,6.7358
36527,7.6018
36528,6.875
36529,7.6018
36530,7.9452
36531,7.6018
36532,7.7143
36533,7.6018
36534,10.0
36535,7.6018
36536,7.2727
36537,5.5401
36538,6.6421
36539,7.2174
36540,7.2595
36541,7.6018
36542,7.6018
36543,8.8556
36544,7.6018
36545,8.3865
36546,7.6018
36547,7.6018
36548,7.6018
36549,7.6018
36550,7.6018
36551,4.1762
36552,7.6018
36553,9.6
36554,7.6018
36555,10.0
36556,7.1613
36557,7.6018
36558,7.6018
36559,7.6018
36560,7.5
36561,8.0857
36562,7.2595
36563,7.6018
36564,7.8462
36565,7.6018
36566,7.6018
36567,6.3333
36568,7.0667
36569,7.6018
36570,7.6018
36571,7.1689
36572,7.6018
36573,6.0503
36574,7.6018
36575,6.9483
36576,8.275
36577,7.6018
36578,7.6018
36579,7.6018
36580,9.5
36581,7.6157
36582,7.6018
36583,9.0262
36584,7.6018
36585,7.6018
36586,6.7619
36587,7.6018
36588,7.6018
36589,7.6018
36590,7.3333
36591,7.8824
36592,5.9
36593,8.0
36594,7.6018
36595,8.2105
36596,6.7328
36597,7.3001
36598,7.6018
36599,8.7995
36600,7.1689
36601,8.9905
36602,9.6216
36603,6.3333
36604,8.4545
36605,7.6018
36606,7.6018
36607,7.6018
36608,7.6018
36609,7.6018
36610,7.5965
36611,8.931
36612,7.6018
36613,7.5
36614,8.3953
36615,10.0
36616,7.6018
36617,7.3333
36618,7.6018
36619,7.6018
36620,7.6018
36621,7.6018
36622,9.1304
36623,7.6018
36624,7.6018
36625,7.6018
36626,7.6018
36627,6.4
36628,5.75
36629,7.2595
36630,7.6018
36631,7.9231
36632,8.1544
36633,8.5
36634,7.6018
36635,7.6018
36636,7.6018
36637,8.1955
36638,6.0
36639,8.8556
36640,7.6018
36641,8.8556
36642,7.6018
36643,9.3333
36644,7.6018
36645,8.2
36646,7.6018
36647,7.828
36648,9.4841
36649,7.6018
36650,7.2595
36651,7.6018
36652,6.25
36653,7.6018
36654,7.6018
36655,7.918
36656,7.5333
36657,7.6018
36658,7.25
36659,7.6018
36660,7.6018
36661,7.6018
36662,7.6018
36663,8.8556
36664,6.4921
36665,7.6018
36666,7.6018
36667,8.1429
36668,7.2846
36669,7.6018
36670,8.9655
36671,7.6018
36672,7.6018
36673,7.6268
36674,7.6018
36675,7.5938
36676,9.0811
36677,8.023
36678,7.2857
36679,7.6018
36680,8.3
36681,7.6018
36682,7.6018
36683,7.4545
36684,7.6018
36685,7.6018
36686,7.75
36687,9.16
36688,8.1667
36689,7.6018
36690,7.6018
36691,7.6018
36692,7.6018
36693,8.8556
36694,7.6018
36695,6.4286
36696,7.3333
36697,7.6018
36698,7.6018
36699,7.6018
36700,8.9091
36701,7.0
36702,8.3686
36703,7.6018
36704,7.2595
36705,7.6018
36706,7.6018
36707,7.5714
36708,6.7894
36709,7.6018
36710,7.6018
36711,7.6018
36712,7.6018
36713,5.0
36714,7.6018
36715,8.1429
36716,7.9947
36717,7.6018
36718,7.6018
36719,6.7143
36720,5.3333
36721,7.6018
36722,8.0
36723,7.6018
36724,9.0
36725,9.0262
36726,7.1689
36727,6.3333
36728,7.6018
36729,7.7838
36730,7.6018
36731,7.6018
36732,7.6018
36733,7.0
36734,5.1355
36735,6.7368
36736,7.6018
36737,7.6018
36738,8.0
36739,7.6018
36740,7.6018
36741,7.3913
36742,8.2857
36743,8.0
36744,7.5
36745,7.6018
36746,7.6018
36747,7.3973
36748,7.6018
36749,7.6018
36750,7.6018
36751,7.8431
36752,3.5
36753,6.0
36754,7.6018
36755,7.6018
36756,7.2595
36757,7.6018
36758,7.0
36759,8.5833
36760,7.6018
36761,7.6018
36762,7.6018
36763,7.6018
36764,7.6018
36765,7.7449
36766,6.5
36767,6.5
36768,7.3333
36769,6.7129
36770,7.6018
36771,7.2846
36772,6.8333
36773,7.6018
36774,7.6018
36775,7.6018
36776,6.9556
36777,9.2
36778,7.6018
36779,8.0
36780,7.6018
36781,7.6018
36782,7.6018
36783,7.0
36784,7.6018
36785,10.0
36786,7.0909
36787,7.6018
36788,8.8556
36789,7.6018
36790,7.4146
36791,7.2149
36792,7.6018
36793,8.0385
36794,8.0
36795,7.6018
36796,7.6018
36797,10.0
36798,7.6018
36799,7.6018
36800,8.2222
36801,7.6018
36802,7.6018
36803,7.6018
36804,7.6018
36805,6.7273
36806,7.6018
36807,7.6018
36808,7.6018
36809,7.5
36810,7.6018
36811,7.6018
36812,8.8387
36813,7.6018
36814,7.6018
36815,7.6018
36816,9.156
36817,7.6018
36818,7.6018
36819,7.6018
36820,8.8556
36821,7.195
36822,8.7091
36823,7.1429
36824,7.6018
36825,7.6018
36826,7.6018
36827,8.0
36828,7.6018
36829,7.6018
36830,7.6018
36831,8.2764
36832,8.8333
36833,7.3636
36834,8.4091
36835,7.0
36836,7.6018
36837,7.6018
36838,7.6018
36839,8.2727
36840,7.5
36841,7.6018
36842,7.6018
36843,7.6018
36844,7.6018
36845,7.6
36846,7.1818
36847,7.6018
36848,8.541
36849,8.3333
36850,7.7037
36851,7.6018
36852,7.6018
36853,5.0
36854,7.6018
36855,6.1579
36856,7.6018
36857,9.0
36858,7.6018
36859,9.075
36860,7.6018
36861,7.6018
36862,8.8556
36863,7.6018
36864,4.0
36865,7.6018
36866,7.6018
36867,7.6018
36868,7.6018
36869,7.6018
36870,7.0
36871,7.6018
36872,7.6018
36873,7.6018
36874,7.6018
36875,7.6018
36876,7.6018
36877,7.4074
36878,7.6018
36879,8.64
36880,8.0
36881,9.4632
36882,4.75
36883,7.6018
36884,10.0
36885,7.6018
36886,7.8
36887,7.6018
36888,7.5505
36889,7.6018
36890,8.0
36891,7.2258
36892,7.3523
36893,7.6268
36894,8.1714
36895,10.0
36896,8.1111
36897,6.8125
36898,8.1389
36899,7.6667
36900,6.3333
36901,7.6018
36902,8.6719
36903,9.2857
36904,8.0
36905,7.6018
36906,6.6
36907,6.0
36908,7.6018
36909,7.6018
36910,7.5
36911,6.7619
36912,7.6018
36913,7.6018
36914,7.6018
36915,9.152
36916,7.6018
36917,7.6018
36918,7.6018
36919,7.2595
36920,8.8556
36921,8.0755
36922,7.3955
36923,7.6018
36924,6.0
36925,7.6018
36926,7.5263
36927,7.5333
36928,8.9828
36929,9.1481
36930,7.6018
36931,7.6018
36932,7.6471
36933,7.6018
36934,8.61
36935,6.2308
36936,7.6018
36937,8.5556
36938,5.0
36939,6.1538
36940,10.0
36941,8.7718
36942,7.6018
36943,7.6018
36944,7.6018
36945,8.2222
36946,7.6018
36947,8.2
36948,7.6018
36949,7.6018
36950,7.6018
36951,7.3523
36952,7.6018
36953,7.1667
36954,7.6018
36955,7.1689
36956,7.6018
36957,7.6018
36958,5.8966
36959,7.6018
36960,7.7236
36961,9.125
36962,9.0
36963,7.6018
36964,7.6018
36965,8.8556
36966,8.0
36967,7.6667
36968,7.6018
36969,9.0
36970,7.6114
36971,10.0
36972,9.1437
36973,6.9375
36974,7.6018
36975,6.25
36976,7.5833
36977,7.6018
36978,7.2857
36979,7.6018
36980,7.6018
36981,7.6018
36982,7.6018
36983,8.1976
36984,7.6475
36985,7.2368
36986,7.6018
36987,7.6018
36988,7.6018
36989,8.7091
36990,8.1429
36991,6.0
36992,8.5875
36993,8.8556
36994,9.0
36995,7.6018
36996,8.9796
36997,6.8
36998,7.6018
36999,5.5
37000,7.6018
37001,7.6018
37002,7.6018
37003,7.7612
37004,5.65
37005,7.5333
37006,7.6018
37007,7.6018
37008,7.6018
37009,7.6018
37010,7.6018
37011,6.2222
37012,9.0129
37013,7.871
37014,9.6216
37015,9.6111
37016,7.6018
37017,8.1955
37018,6.0226
37019,7.6667
37020,7.6018
37021,6.0588
37022,7.6018
37023,7.0492
37024,7.885
37025,7.6018
37026,8.5875
37027,7.6018
37028,7.6018
37029,8.3333
37030,7.375
37031,7.6018
37032,7.6018
37033,7.0
37034,7.6018
37035,9.6429
37036,7.6018
37037,7.6018
37038,7.6018
37039,7.9286
37040,7.2595
37041,7.6018
37042,7.6018
37043,8.8556
37044,8.2222
37045,8.0429
37046,8.1898
37047,7.6018
37048,7.4
37049,8.1429
37050,8.7692
37051,7.6018
37052,9.834
37053,7.6018
37054,7.6018
37055,7.75
37056,7.6018
37057,7.6018
37058,7.6018
37059,7.3404
37060,6.5833
37061,8.0
37062,7.6018
37063,7.6018
37064,7.6018
37065,7.6018
37066,7.6018
37067,7.6018
37068,7.0577
37069,7.2963
37070,7.3333
37071,6.875
37072,7.6018
37073,7.6018
37074,7.5952
37075,5.3025
37076,8.8556
37077,7.2595
37078,7.6018
37079,8.0909
37080,7.6018
37081,7.6018
37082,8.6267
37083,9.375
37084,7.0294
37085,7.6018
37086,7.6018
37087,7.6018
37088,7.6018
37089,7.6018
37090,7.6018
37091,7.6018
37092,8.1725
37093,7.5065
37094,7.6018
37095,7.6018
37096,6.8
37097,7.2595
37098,7.6018
37099,6.6364
37100,9.0
37101,7.6018
37102,7.6018
37103,7.6018
37104,7.6018
37105,8.0
37106,8.1741
37107,8.1538
37108,7.6018
37109,9.075
37110,10.0
37111,7.6018
37112,9.0262
37113,6.75
37114,7.2595
37115,7.6018
37116,7.2954
37117,7.6018
37118,7.6018
37119,8.0
37120,7.6268
37121,7.6018
37122,8.122
37123,7.6018
37124,7.6018
37125,7.5185
37126,7.6018
37127,7.6018
37128,6.717
37129,8.0333
37130,7.6018
37131,7.6018
37132,9.1373
37133,8.0
37134,8.8556
37135,7.6018
37136,7.6018
37137,10.0
37138,7.6018
37139,7.6018
37140,7.6018
37141,7.6018
37142,7.6018
37143,7.6018
37144,7.6018
37145,7.6018
37146,7.0
37147,5.5401
37148,7.2595
37149,7.1429
37150,8.3333
37151,5.0
37152,7.6018
37153,7.6018
37154,7.6018
37155,7.7
37156,8.0667
37157,7.6018
37158,7.6667
37159,7.6018
37160,7.9091
37161,7.6018
37162,7.6018
37163,7.9
37164,7.6018
37165,7.2595
37166,7.2595
37167,10.0
37168,7.6018
37169,8.7368
37170,8.1667
37171,7.6018
37172,6.8
37173,8.8727
37174,7.7971
37175,7.6018
37176,7.0333
37177,7.6018
37178,7.6018
37179,8.36
37180,7.6018
37181,7.6018
37182,7.6018
37183,7.6018
37184,6.3333
37185,6.9483
37186,7.5
37187,7.9231
37188,8.2857
37189,7.6018
37190,7.6018
37191,7.6018
37192,6.0714
37193,7.8941
37194,8.3971
37195,7.6018
37196,7.7143
37197,8.25
37198,8.8556
37199,6.7129
37200,7.6018
37201,7.3973
37202,4.0
37203,7.6018
37204,10.0
37205,7.6018
37206,7.6018
37207,6.0556
37208,7.6018
37209,7.6018
37210,7.2432
37211,7.6018
37212,7.6018
37213,7.6018
37214,7.6018
37215,7.6018
37216,7.6018
37217,7.9167
37218,7.6018
37219,8.4074
37220,8.7091
37221,7.9
37222,7.6018
37223,7.6018
37224,7.4151
37225,7.6018
37226,7.6018
37227,7.6018
37228,7.6018
37229,6.4286
37230,7.6018
37231,7.6018
37232,7.6018
37233,8.64
37234,8.8556
37235,7.2595
37236,7.6842
37237,7.6018
37238,7.2857
37239,7.6018
37240,7.6018
37241,8.85
37242,7.6018
37243,7.6018
37244,7.6018
37245,7.6018
37246,7.6018
37247,8.8556
37248,7.8125
37249,7.6018
37250,7.6018
37251,7.6018
37252,7.6018
37253,7.6018
37254,7.6018
37255,8.25
37256,5.1355
37257,7.6018
37258,7.5
37259,7.0
37260,7.6018
37261,7.6018
37262,7.6018
37263,7.0882
37264,7.6018
37265,7.6018
37266,7.6018
37267,7.6018
37268,7.6018
37269,8.2353
37270,7.6018
37271,7.6018
37272,7.6018
37273,7.6018
37274,7.6018
37275,8.6667
37276,6.9362
37277,7.5556
37278,7.6018
37279,7.6018
37280,8.0
37281,7.6018
37282,7.6018
37283,6.9556
37284,8.8727
37285,7.6018
37286,5.8571
37287,7.6018
37288,7.6018
37289,7.6018
37290,7.6018
37291,7.6018
37292,7.6018
37293,7.6018
37294,8.7029
37295,7.6018
37296,7.6018
37297,7.5417
37298,7.6018
37299,9.5
37300,7.6018
37301,7.0
37302,8.0
37303,7.6018
37304,9.5
37305,7.6018
37306,7.6018
37307,5.75
37308,7.2595
37309,7.5
37310,8.0
37311,7.6018
37312,9.1333
37313,5.5401
37314,7.6018
37315,7.815
37316,7.6018
37317,7.6018
37318,7.6018
37319,7.0294
37320,8.75
37321,8.0238
37322,5.0
37323,7.2595
37324,7.6018
37325,8.122
37326,9.8182
37327,6.5862
37328,6.6667
37329,7.6018
37330,7.6018
37331,7.6667
37332,7.8182
37333,7.6018
37334,5.4286
37335,7.0
37336,8.2109
37337,7.6018
37338,5.0
37339,7.816
37340,8.8659
37341,7.6018
37342,7.8812
37343,7.6018
37344,8.0
37345,7.6018
37346,8.0
37347,6.6214
37348,7.5502
37349,7.4
37350,7.6018
37351,7.6
37352,7.6018
37353,7.6018
37354,7.6018
37355,6.9655
37356,7.6018
37357,9.25
37358,8.1928
37359,7.0882
37360,7.8594
37361,7.6018
37362,7.6018
37363,7.6018
37364,8.0
37365,7.6018
37366,8.8556
37367,7.6018
37368,7.5
37369,6.3786
37370,7.6018
37371,5.0
37372,7.6018
37373,7.6018
37374,7.6018
37375,7.5065
37376,7.6018
37377,7.6018
37378,7.4483
37379,7.3333
37380,8.2
37381,7.6018
37382,7.4194
37383,8.8556
37384,7.2595
37385,5.75
37386,6.3786
37387,4.0
37388,7.2595
37389,7.6018
37390,7.9577
37391,7.6018
37392,7.6018
37393,7.8812
37394,8.0
37395,7.6018
37396,7.6018
37397,7.7231
37398,7.2595
37399,8.0
37400,7.0
37401,7.6018
37402,9.1046
37403,7.6018
37404,6.4375
37405,7.6018
37406,8.8556
37407,9.6216
37408,7.6018
37409,7.6018
37410,7.3333
37411,7.5618
37412,7.6018
37413,6.3
37414,5.0
37415,7.9524
37416,7.6018
37417,7.6018
37418,7.6018
37419,7.6018
37420,6.6364
37421,8.8
37422,8.1976
37423,7.5505
37424,7.6018
37425,7.2595
37426,8.7029
37427,4.2857
37428,7.6018
37429,6.0
37430,6.8235
37431,8.0
37432,7.6018
37433,5.5
37434,7.6018
37435,7.4979
37436,7.6018
37437,7.0882
37438,7.6018
37439,7.6018
37440,7.6018
37441,7.0
37442,9.0
37443,7.6018
37444,8.2368
37445,7.6018
37446,7.6018
37447,5.1538
37448,6.5
37449,7.6018
37450,7.871
37451,7.6018
37452,7.6018
37453,7.6018
37454,7.5714
37455,7.6018
37456,7.6018
37457,7.8
37458,7.3462
37459,8.3971
37460,5.0
37461,8.5556
37462,7.6667
37463,8.0
37464,7.6018
37465,7.2595
37466,8.0
37467,7.6018
37468,7.6018
37469,7.6018
37470,7.6018
37471,7.0
37472,8.45
37473,7.069
37474,8.0
37475,7.6018
37476,7.6018
37477,7.6018
37478,7.2846
37479,5.7
37480,7.6018
37481,9.3529
37482,7.0
37483,7.6018
37484,7.2595
37485,7.6018
37486,7.3333
37487,6.625
37488,8.9914
37489,7.0
37490,7.6018
37491,6.0556
37492,7.6018
37493,7.6667
37494,7.6018
37495,6.3333
37496,7.6087
37497,7.6018
37498,7.6018
37499,8.1955
37500,7.6018
37501,7.6018
37502,6.4375
37503,7.55
37504,7.6018
37505,7.6018
37506,5.4074
37507,7.4151
37508,7.0492
37509,7.6018
37510,7.6018
37511,7.6018
37512,6.6214
37513,8.2667
37514,8.2676
37515,5.1667
37516,7.8812
37517,9.0
37518,7.6018
37519,7.2368
37520,7.6018
37521,5.0752
37522,7.6018
37523,7.9565
37524,7.6018
37525,7.0
37526,7.6018
37527,7.6018
37528,7.6018
37529,7.6018
37530,8.5
37531,7.6018
37532,7.6018
37533,6.5
37534,8.9828
37535,7.6018
37536,7.0
37537,7.9091
37538,7.6018
37539,7.4074
37540,7.6018
37541,7.1689
37542,7.6018
37543,7.0
37544,7.5263
37545,7.6018
37546,7.1039
37547,7.6018
37548,8.0755
37549,9.2
37550,8.0
37551,7.6018
37552,7.6018
37553,7.6018
37554,7.96
37555,6.8125
37556,8.1918
37557,7.6018
37558,7.6018
37559,7.6018
37560,9.0
37561,7.6018
37562,8.2222
37563,6.1667
37564,7.8941
37565,8.4444
37566,7.0
37567,6.3786
37568,7.0
37569,7.6018
37570,7.6018
37571,8.1053
37572,8.8556
37573,6.5769
37574,7.6018
37575,8.1538
37576,7.6018
37577,7.6018
37578,9.0
37579,6.0226
37580,9.5
37581,5.7
37582,7.7937
37583,8.2778
37584,7.5
37585,7.6018
37586,7.6018
37587,7.25
37588,7.7138
37589,7.6018
37590,8.4118
37591,7.6018
37592,8.4228
37593,5.1385
37594,7.6018
37595,7.6018
37596,7.6018
37597,7.6018
37598,7.6018
37599,7.3927
37600,7.815
37601,7.6018
37602,7.6018
37603,7.6018
37604,7.9414
37605,7.2595
37606,7.6018
37607,7.6018
37608,7.6018
37609,7.6018
37610,7.6018
37611,7.6018
37612,8.2109
37613,7.6018
37614,8.25
37615,7.5
37616,7.2846
37617,7.6018
37618,7.6018
37619,7.6018
37620,7.9273
37621,7.6018
37622,7.6018
37623,7.6018
37624,7.9947
37625,6.6214
37626,7.6018
37627,7.6018
37628,8.0455
37629,7.2595
37630,7.6018
37631,7.6667
37632,8.4737
37633,9.075
37634,6.4167
37635,8.7778
37636,5.5
37637,7.6018
37638,7.6018
37639,9.0
37640,9.0
37641,8.0
37642,8.5
37643,8.0
37644,7.6018
37645,8.2353
37646,7.6018
37647,7.1429
37648,8.0
37649,7.6018
37650,7.6018
37651,7.6018
37652,8.0
37653,8.75
37654,7.8812
37655,7.6018
37656,8.0
37657,7.3913
37658,7.6018
37659,7.6018
37660,8.5
37661,7.1
37662,7.6018
37663,7.6018
37664,7.6018
37665,7.9947
37666,7.6018
37667,7.6018
37668,8.3913
37669,7.6018
37670,7.6018
37671,7.6018
37672,7.6018
37673,7.6018
37674,7.6018
37675,7.6018
37676,7.6018
37677,8.0
37678,7.6018
37679,8.1442
37680,7.6018
37681,6.7917
37682,8.2368
37683,7.0
37684,7.6018
37685,9.7059
37686,7.6018
37687,7.0
37688,7.6018
37689,8.1905
37690,7.6018
37691,7.6018
37692,7.6018
37693,7.6018
37694,7.6018
37695,7.2143
37696,9.5833
37697,9.5833
37698,7.6018
37699,7.6018
37700,6.9091
37701,6.5833
37702,7.6018
37703,8.7179
37704,7.6018
37705,8.0857
37706,7.6018
37707,8.8125
37708,7.6018
37709,7.815
37710,7.6018
37711,7.6018
37712,7.6018
37713,7.6018
37714,7.6018
37715,7.6018
37716,7.6018
37717,8.1486
37718,7.6018
37719,7.6471
37720,7.6018
37721,7.6018
37722,7.2595
37723,7.3333
37724,7.6018
37725,7.6018
37726,7.6018
37727,7.6018
37728,7.5065
37729,7.6018
37730,7.6018
37731,7.6018
37732,7.6018
37733,7.6018
37734,6.5
37735,7.6018
37736,9.3333
37737,7.6018
37738,7.6018
37739,7.6018
37740,7.6018
37741,8.3571
37742,7.6018
37743,7.0
37744,7.2595
37745,8.9655
37746,7.9452
37747,7.2595
37748,7.6018
37749,9.375
37750,8.3911
37751,6.1818
37752,7.6018
37753,7.6018
37754,7.6018
37755,6.7917
37756,5.0
37757,8.0556
37758,7.6018
37759,8.25
37760,7.5
37761,8.1486
37762,7.6018
37763,7.6018
37764,7.6018
37765,4.4
37766,5.0
37767,7.6897
37768,7.6018
37769,7.6018
37770,7.6268
37771,8.25
37772,7.3913
37773,7.6018
37774,7.0
37775,7.6018
37776,8.1818
37777,7.6018
37778,7.6018
37779,7.6018
37780,9.0
37781,7.6018
37782,7.6018
37783,7.6018
37784,6.0
37785,7.6018
37786,7.6018
37787,5.0
37788,7.6018
37789,8.0
37790,7.6018
37791,8.6552
37792,6.6923
37793,8.2258
37794,7.6018
37795,8.8
37796,9.16
37797,7.6018
37798,6.6214
37799,7.6018
37800,6.9375
37801,7.6018
37802,6.4286
37803,7.5065
37804,7.6018
37805,7.9167
37806,6.7
37807,7.6018
37808,7.6268
37809,7.6018
37810,7.6018
37811,7.6018
37812,6.0
37813,7.6018
37814,6.5161
37815,7.4821
37816,7.5
37817,7.6018
37818,5.5401
37819,7.6018
37820,7.6018
37821,7.6018
37822,9.1176
37823,8.6667
37824,7.6018
37825,7.6018
37826,7.6018
37827,7.6018
37828,7.6018
37829,7.2243
37830,7.6018
37831,6.2626
37832,8.6667
37833,7.6018
37834,7.6018
37835,7.1364
37836,7.6018
37837,5.25
37838,7.6018
37839,7.6018
37840,7.6018
37841,7.6018
37842,8.1955
37843,7.828
37844,7.6018
37845,7.6018
37846,7.8812
37847,9.134
37848,7.6122
37849,7.0754
37850,7.6018
37851,7.6018
37852,7.6018
37853,8.2812
37854,7.6018
37855,7.6018
37856,7.6018
37857,8.0
37858,7.6018
37859,8.8333
37860,9.2857
37861,8.5556
37862,7.6018
37863,7.6018
37864,7.6018
37865,7.0
37866,8.8556
37867,7.6018
37868,7.6018
37869,7.3182
37870,5.2
37871,7.6018
37872,7.6018
37873,7.6018
37874,7.6018
37875,8.8333
37876,7.2857
37877,6.3056
37878,3.4578
37879,7.6018
37880,7.4483
37881,7.3796
37882,9.3662
37883,9.0
37884,7.6018
37885,8.6
37886,7.6018
37887,7.8571
37888,7.6018
37889,7.6018
37890,9.0
37891,7.9947
37892,7.6018
37893,7.6018
37894,9.9643
37895,6.0303
37896,7.2
37897,6.7936
37898,7.6018
37899,7.6018
37900,7.6018
37901,7.6018
37902,7.6018
37903,7.6018
37904,8.3333
37905,8.8
37906,7.6018
37907,7.6018
37908,7.6018
37909,7.6018
37910,5.25
37911,7.8667
37912,7.6018
37913,7.6018
37914,8.3953
37915,7.0
37916,7.6018
37917,6.0
37918,7.0
37919,7.6018
37920,7.6018
37921,7.6018
37922,7.6018
37923,7.6018
37924,7.6018
37925,7.6018
37926,6.875
37927,7.6018
37928,7.6018
37929,7.6667
37930,8.8534
37931,9.7847
37932,9.0
37933,9.0
37934,7.6018
37935,7.6018
37936,5.0
37937,7.6018
37938,8.7807
37939,7.1429
37940,7.6018
37941,7.6018
37942,7.6018
37943,7.6018
37944,7.6018
37945,7.2595
37946,7.5863
37947,8.8556
37948,6.2667
37949,8.5833
37950,7.6018
37951,7.6018
37952,7.1689
37953,7.6018
37954,7.6018
37955,7.6018
37956,7.6018
37957,7.5574
37958,8.375
37959,8.0
37960,6.3333
37961,7.6018
37962,8.0
37963,6.3849
37964,8.8556
37965,7.6018
37966,6.875
37967,7.6018
37968,6.0958
37969,7.6018
37970,7.5
37971,6.56
37972,7.6018
37973,7.3523
37974,10.0
37975,5.4615
37976,7.5
37977,7.2595
37978,7.6018
37979,7.6018
37980,8.2019
37981,7.6018
37982,7.6018
37983,6.9483
37984,8.0
37985,7.0
37986,7.2243
37987,7.4286
37988,7.6018
37989,8.484
37990,7.6018
37991,7.6018
37992,7.6018
37993,7.6018
37994,7.6018
37995,4.0
37996,7.875
37997,7.6018
37998,9.1667
37999,7.6018
38000,7.8419
38001,9.0262
38002,7.1455
38003,6.4921
38004,7.6018
38005,7.75
38006,8.8556
38007,8.8958
38008,7.6018
38009,7.6018
38010,6.5
38011,6.3333
38012,7.6018
38013,7.6018
38014,7.6018
38015,7.6018
38016,8.1875
38017,7.6018
38018,7.6018
38019,7.2
38020,7.0
38021,9.5455
38022,6.6214
38023,8.9403
38024,10.0
38025,7.6018
38026,7.2595
38027,7.6018
38028,8.8431
38029,7.6018
38030,7.6018
38031,7.6018
38032,8.6667
38033,5.0752
38034,7.6018
38035,7.6018
38036,7.6018
38037,7.6018
38038,8.0909
38039,7.6018
38040,7.1039
38041,7.6018
38042,8.7362
38043,7.6018
38044,7.6018
38045,7.6018
38046,7.6018
38047,10.0
38048,6.75
38049,8.3709
38050,7.6018
38051,6.7917
38052,8.5
38053,9.0
38054,5.6
38055,7.6018
38056,7.2595
38057,9.3333
38058,7.6018
38059,7.6018
38060,7.6018
38061,8.0
38062,7.6018
38063,7.6018
38064,7.1689
38065,7.6018
38066,7.1039
38067,7.6018
38068,7.6018
38069,8.0429
38070,8.5
38071,6.5161
38072,9.0
38073,7.6018
38074,7.0
38075,7.6018
38076,7.6018
38077,7.6018
38078,7.6018
38079,7.6018
38080,8.25
38081,8.0
38082,6.8571
38083,7.6018
38084,7.6018
38085,6.3571
38086,7.3333
38087,7.6018
38088,5.0
38089,7.6018
38090,7.6018
38091,6.5714
38092,7.6018
38093,8.2812
38094,7.6018
38095,7.6018
38096,7.6018
38097,7.6018
38098,7.6018
38099,7.6018
38100,6.8333
38101,7.2595
38102,8.2353
38103,7.6018
38104,7.6018
38105,7.6018
38106,7.6018
38107,7.6018
38108,7.6018
38109,7.6018
38110,7.6018
38111,7.7009
38112,7.6018
38113,7.3929
38114,7.6018
38115,7.4286
38116,7.6018
38117,7.6018
38118,7.6018
38119,7.6018
38120,7.6018
38121,7.6018
38122,8.0
38123,7.5
38124,7.6018
38125,7.2053
38126,7.6018
38127,7.6018
38128,7.4821
38129,6.4
38130,7.9947
38131,6.3416
38132,7.6018
38133,7.6018
38134,7.6018
38135,7.6018
38136,7.6018
38137,7.6018
38138,7.6018
38139,8.45
38140,5.7551
38141,7.375
38142,8.25
38143,7.6018
38144,8.92
38145,7.6018
38146,7.6018
38147,7.6018
38148,8.3555
38149,7.2595
38150,8.2052
38151,7.0
38152,7.6018
38153,7.197
38154,7.5574
38155,7.6018
38156,7.6018
38157,8.6
38158,7.6018
38159,7.6018
38160,8.7404
38161,7.6018
38162,7.814
38163,7.6018
38164,7.6018
38165,7.6018
38166,7.6018
38167,7.6018
38168,7.6018
38169,7.6018
38170,8.8333
38171,7.6018
38172,7.6018
38173,7.6018
38174,8.8556
38175,9.55
38176,7.75
38177,7.6018
38178,7.6018
38179,7.6018
38180,7.6018
38181,7.6018
38182,7.6018
38183,7.6018
38184,7.6018
38185,7.5758
38186,7.6018
38187,7.6018
38188,7.1689
38189,7.7037
38190,7.1689
38191,7.7037
38192,8.6862
38193,7.12
38194,8.512
38195,9.0
38196,7.5938
38197,9.25
38198,7.1689
38199,7.6018
38200,6.9167
38201,7.5065
38202,7.6018
38203,7.2595
38204,8.3571
38205,7.5
38206,7.6018
38207,7.6018
38208,7.6018
38209,7.0
38210,7.6018
38211,7.6018
38212,7.6018
38213,7.6018
38214,7.5862
38215,8.5
38216,7.6018
38217,7.6018
38218,7.6018
38219,6.3333
38220,7.6018
38221,8.418
38222,7.2595
38223,6.7358
38224,9.075
38225,8.0
38226,5.0
38227,7.6018
38228,6.9483
38229,7.6018
38230,7.6018
38231,7.6018
38232,7.6018
38233,7.6018
38234,7.6018
38235,7.5505
38236,5.9286
38237,7.0
38238,7.6018
38239,7.6018
38240,7.9545
38241,7.6018
38242,8.1982
38243,7.6018
38244,7.6018
38245,7.6018
38246,7.6018
38247,8.3143
38248,7.6018
38249,7.6018
38250,8.1444
38251,7.6018
38252,5.8077
38253,7.2923
38254,7.4339
38255,7.6018
38256,9.0
38257,7.6018
38258,7.2595
38259,7.2595
38260,7.25
38261,7.6018
38262,7.6018
38263,7.0577
38264,7.6018
38265,7.6018
38266,7.6018
38267,7.6018
38268,7.7971
38269,7.6018
38270,7.6018
38271,8.7404
38272,7.2595
38273,7.6018
38274,7.9143
38275,7.6667
38276,7.6018
38277,7.6018
38278,7.4211
38279,7.6018
38280,5.7692
38281,7.6018
38282,7.6018
38283,9.125
38284,7.0
38285,8.8556
38286,7.6018
38287,7.6018
38288,7.6018
38289,8.2358
38290,7.6018
38291,8.0
38292,9.134
38293,7.6018
38294,7.8571
38295,7.4
38296,6.1667
38297,6.7462
38298,9.0
38299,7.1364
38300,6.5429
38301,7.6018
38302,8.6316
38303,7.6018
38304,7.6018
38305,7.125
38306,9.3333
38307,7.6018
38308,7.2595
38309,7.8812
38310,7.6018
38311,5.8214
38312,7.6018
38313,5.0752
38314,7.6018
38315,7.6018
38316,7.0
38317,7.2857
38318,6.8182
38319,9.4839
38320,7.5476
38321,7.6018
38322,7.6018
38323,8.6
38324,8.3
38325,7.6018
38326,9.0
38327,6.7143
38328,7.2695
38329,7.6018
38330,9.075
38331,7.6018
38332,6.3333
38333,7.4688
38334,7.6018
38335,7.7407
38336,7.6018
38337,7.1321
38338,7.6018
38339,8.0094
38340,7.6018
38341,7.6018
38342,9.4583
38343,8.4444
38344,7.6018
38345,7.6018
38346,9.4583
38347,7.6575
38348,7.2595
38349,7.6018
38350,7.6018
38351,7.6018
38352,7.6018
38353,7.6018
38354,7.7857
38355,7.6018
38356,8.0455
38357,9.3832
38358,8.0
38359,7.6018
38360,6.7143
38361,6.8802
38362,7.3523
38363,7.6018
38364,7.6018
38365,7.6018
38366,7.6
38367,7.6018
38368,7.6018
38369,7.0
38370,7.6018
38371,7.25
38372,8.2812
38373,7.9273
38374,6.6667
38375,6.4164
38376,7.0
38377,8.7131
38378,8.5788
38379,7.6018
38380,7.6018
38381,8.1667
38382,6.1111
38383,7.6018
38384,7.6018
38385,7.6018
38386,7.6018
38387,8.3731
38388,9.5714
38389,6.0303
38390,8.1111
38391,7.6018
38392,7.833
38393,7.6018
38394,7.6018
38395,6.7129
38396,7.0
38397,9.16
38398,7.7667
38399,6.25
38400,7.6018
38401,7.9286
38402,7.6667
38403,7.6018
38404,7.2595
38405,7.25
38406,7.6018
38407,7.6018
38408,7.6018
38409,7.6018
38410,7.6018
38411,7.0
38412,7.2595
38413,7.6018
38414,7.6018
38415,7.6018
38416,7.6018
38417,9.1176
38418,7.6018
38419,6.6667
38420,6.7619
38421,8.8556
38422,7.6018
38423,7.6018
38424,7.6018
38425,7.6018
38426,7.6018
38427,9.2222
38428,7.6018
38429,8.1828
38430,7.6018
38431,8.0755
38432,8.0
38433,7.6018
38434,7.6018
38435,10.0
38436,8.0
38437,8.2222
38438,7.0
38439,7.6018
38440,7.6667
38441,7.0
38442,9.0625
38443,7.6018
38444,7.6018
38445,7.7449
38446,8.8556
38447,7.6018
38448,7.6018
38449,7.6018
38450,7.1689
38451,7.6018
38452,7.6018
38453,8.5
38454,5.5753
38455,7.885
38456,7.6018
38457,7.6018
38458,8.0
38459,8.1955
38460,7.6018
38461,7.8617
38462,9.1176
38463,7.6018
38464,7.6018
38465,7.6018
38466,7.4074
38467,7.1429
38468,5.5
38469,7.6018
38470,7.5333
38471,7.6018
38472,8.3382
38473,7.9577
38474,7.6018
38475,7.6018
38476,7.885
38477,7.6018
38478,7.6018
38479,6.25
38480,7.6923
38481,7.6018
38482,9.134
38483,5.6622
38484,9.25
38485,7.6018
38486,7.6018
38487,8.1944
38488,6.6214
38489,7.6667
38490,9.075
38491,6.6364
38492,7.6018
38493,7.2595
38494,7.6018
38495,7.885
38496,5.0
38497,7.6018
38498,7.6018
38499,7.25
38500,7.6018
38501,5.9091
38502,7.6018
38503,8.3333
38504,7.3
38505,7.6018
38506,7.6018
38507,7.6018
38508,7.6018
38509,7.6018
38510,8.7143
38511,7.875
38512,8.8556
38513,8.375
38514,9.0
38515,7.6268
38516,7.6018
38517,7.6018
38518,7.6018
38519,8.5388
38520,7.6018
38521,8.8556
38522,7.2595
38523,7.6018
38524,8.3333
38525,7.7105
38526,7.2595
38527,7.6018
38528,7.6018
38529,8.1224
38530,7.5
38531,6.1667
38532,6.5
38533,6.0226
38534,6.4664
38535,7.6018
38536,7.6018
38537,8.4275
38538,7.6018
38539,7.6018
38540,6.5
38541,6.7778
38542,7.6018
38543,7.6018
38544,8.0857
38545,7.6018
38546,9.6108
38547,7.6018
38548,7.6018
38549,7.6018
38550,7.2243
38551,8.8727
38552,7.6018
38553,7.6018
38554,7.6018
38555,7.52
38556,8.375
38557,8.1852
38558,7.6018
38559,7.6018
38560,7.6018
38561,7.6018
38562,7.6018
38563,7.6018
38564,5.0
38565,7.2857
38566,7.6018
38567,7.6018
38568,7.6018
38569,7.6018
38570,7.6018
38571,8.5385
38572,9.6
38573,7.6018
38574,7.5556
38575,7.6207
38576,7.6018
38577,7.6018
38578,7.6018
38579,8.8889
38580,9.0
38581,9.9595
38582,6.0
38583,9.5
38584,8.3939
38585,7.6018
38586,8.0
38587,7.6268
38588,8.8556
38589,7.6018
38590,9.1395
38591,7.6018
38592,5.5
38593,8.0
38594,4.0
38595,7.7449
38596,7.6018
38597,7.4828
38598,9.5
38599,9.3482
38600,6.7143
38601,9.134
38602,10.0
38603,8.0
38604,7.6018
38605,7.6018
38606,7.6018
38607,7.6018
38608,7.6018
38609,8.0094
38610,7.25
38611,7.6018
38612,7.6018
38613,7.6018
38614,6.0226
38615,6.5769
38616,7.3333
38617,9.0262
38618,7.6018
38619,8.5
38620,7.6018
38621,8.0369
38622,9.5
38623,8.3333
38624,7.6018
38625,7.6018
38626,7.9577
38627,7.6
38628,7.6018
38629,7.6018
38630,9.0852
38631,7.6018
38632,7.9452
38633,7.6018
38634,7.6018
38635,7.6018
38636,9.4583
38637,7.6018
38638,8.6579
38639,8.3382
38640,7.2432
38641,7.6018
38642,7.6575
38643,7.6018
38644,6.9167
38645,7.3
38646,5.4545
38647,7.6018
38648,7.4339
38649,7.6018
38650,7.2595
38651,7.6018
38652,7.6018
38653,7.7838
38654,7.6018
38655,7.6018
38656,7.6018
38657,7.5
38658,7.6018
38659,8.7515
38660,9.0925
38661,6.0
38662,5.3333
38663,7.6018
38664,7.6018
38665,9.0
38666,9.4463
38667,7.6018
38668,7.6018
38669,7.6018
38670,7.6667
38671,7.6018
38672,8.05
38673,6.0958
38674,7.5065
38675,7.6018
38676,7.6018
38677,7.6018
38678,8.8556
38679,7.6018
38680,7.6018
38681,7.6018
38682,5.5
38683,8.05
38684,7.6018
38685,7.6018
38686,7.6018
38687,7.6018
38688,7.6018
38689,9.3327
38690,7.6018
38691,7.6018
38692,9.0
38693,7.5556
38694,7.6018
38695,7.5
38696,7.2595
38697,8.0
38698,8.0
38699,7.6018
38700,9.4841
38701,6.9577
38702,8.8556
38703,9.0
38704,7.6018
38705,7.6018
38706,7.0818
38707,7.8916
38708,7.6018
38709,7.6018
38710,7.6018
38711,8.9714
38712,7.6018
38713,7.6944
38714,7.6018
38715,7.6018
38716,6.0
38717,8.6111
38718,7.2197
38719,7.6018
38720,7.6018
38721,5.4074
38722,7.6018
38723,7.6018
38724,8.6471
38725,8.5714
38726,8.5875
38727,6.0667
38728,7.6018
38729,7.3158
38730,7.6018
38731,7.6018
38732,7.6018
38733,7.6018
38734,7.6018
38735,7.6018
38736,9.1633
38737,8.5
38738,7.6018
38739,8.6567
38740,6.35
38741,8.2128
38742,8.5294
38743,7.3514
38744,7.3523
38745,7.75
38746,7.6018
38747,8.1429
38748,7.6018
38749,8.6842
38750,6.0667
38751,7.2595
38752,7.6018
38753,7.6018
38754,7.6
38755,7.018
38756,7.6018
38757,7.6018
38758,7.6018
38759,7.6667
38760,7.5
38761,7.6018
38762,6.7358
38763,7.6018
38764,7.6018
38765,7.6018
38766,7.6018
38767,7.6538
38768,6.4286
38769,10.0
38770,7.6018
38771,7.6018
38772,8.5165
38773,7.5
38774,9.2768
38775,7.2595
38776,10.0
38777,7.6018
38778,7.6018
38779,7.6018
38780,9.0
38781,7.6018
38782,7.6018
38783,5.0
38784,2.0
38785,9.0243
38786,7.75
38787,7.6018
38788,7.6018
38789,7.6018
38790,7.6018
38791,7.6018
38792,8.1389
38793,5.0
38794,7.6018
38795,7.6018
38796,6.0588
38797,7.6018
38798,7.6018
38799,8.8556
38800,7.6304
38801,7.0
38802,9.0227
38803,7.6018
38804,7.6018
38805,9.16
38806,9.8571
38807,8.9828
38808,8.8556
38809,8.0
38810,5.1355
38811,7.6018
38812,5.5455
38813,7.6018
38814,10.0
38815,7.6018
38816,5.4545
38817,6.5
38818,7.6018
38819,6.6842
38820,7.6018
38821,7.0492
38822,8.0
38823,7.6018
38824,8.6719
38825,7.6018
38826,6.6667
38827,7.6018
38828,7.6018
38829,7.2595
38830,9.1456
38831,7.6018
38832,9.1111
38833,7.6018
38834,7.6429
38835,8.3846
38836,7.6018
38837,7.6018
38838,7.6018
38839,7.0
38840,7.6018
38841,7.6018
38842,10.0
38843,5.0752
38844,3.0
38845,7.2143
38846,7.6018
38847,6.7129
38848,7.0345
38849,7.6018
38850,7.6944
38851,8.8556
38852,6.7129
38853,7.7762
38854,7.6018
38855,7.9947
38856,7.6018
38857,7.6018
38858,7.2595
38859,8.1538
38860,7.6018
38861,7.6018
38862,8.2353
38863,7.6018
38864,7.6018
38865,10.0
38866,7.6018
38867,7.6667
38868,6.0
38869,7.6018
38870,7.6018
38871,7.6018
38872,7.2595
38873,7.6018
38874,8.7029
38875,7.6018
38876,7.1613
38877,7.1429
38878,7.6018
38879,5.0
38880,7.6018
38881,9.3832
38882,7.6018
38883,7.3523
38884,7.6018
38885,7.6018
38886,8.3939
38887,7.6018
38888,7.6667
38889,8.3714
38890,6.6214
38891,8.5
38892,7.6018
38893,7.4167
38894,9.1111
38895,9.1481
38896,8.4074
38897,7.6018
38898,7.2595
38899,9.0262
38900,7.6018
38901,7.6018
38902,7.6018
38903,6.0
38904,7.6018
38905,7.6018
38906,6.6667
38907,7.6018
38908,7.6018
38909,7.6018
38910,8.7091
38911,7.6018
38912,7.0882
38913,9.4063
38914,7.1039
38915,7.6018
38916,7.6018
38917,8.0
38918,7.6018
38919,7.6018
38920,7.6018
38921,8.8556
38922,7.6018
38923,7.6018
38924,7.6018
38925,8.1429
38926,7.6018
38927,7.6018
38928,7.6018
38929,6.8333
38930,7.6018
38931,7.6018
38932,6.8152
38933,7.6018
38934,6.9167
38935,8.0
38936,9.2381
38937,7.6018
38938,7.6018
38939,6.0
38940,7.6018
38941,9.0
38942,8.0
38943,7.6122
38944,2.0
38945,7.6018
38946,7.6018
38947,7.5574
38948,7.6018
38949,7.6018
38950,7.5
38951,9.0
38952,7.6018
38953,9.0
38954,8.1111
38955,7.6018
38956,7.0
38957,7.3523
38958,7.2429
38959,10.0
38960,8.4286
38961,7.6018
38962,7.6018
38963,7.6018
38964,9.5833
38965,7.4421
38966,7.6018
38967,5.0
38968,8.0
38969,7.6018
38970,7.6
38971,7.6018
38972,7.6018
38973,7.6207
38974,6.2223
38975,7.6018
38976,7.6018
38977,7.7236
38978,7.6018
38979,7.6018
38980,7.6018
38981,7.6018
38982,7.2595
38983,7.6018
38984,7.6018
38985,7.6018
38986,7.6018
38987,6.6364
38988,6.6842
38989,7.3333
38990,5.0
38991,7.3333
38992,7.6018
38993,7.8
38994,7.6018
38995,7.6018
38996,7.6018
38997,5.5753
38998,8.6667
38999,7.6018
39000,7.6018
39001,7.6018
39002,7.0
39003,7.2595
39004,7.1689
39005,8.7143
39006,5.1667
39007,7.6018
39008,9.0
39009,7.6018
39010,7.2429
39011,8.7105
39012,7.6018
39013,7.6018
39014,5.0
39015,7.6018
39016,6.676
39017,9.0
39018,5.7143
39019,7.6018
39020,7.6018
39021,7.4286
39022,8.5667
39023,7.6018
39024,7.6018
39025,7.6018
39026,6.5833
39027,8.122
39028,7.6018
39029,7.6018
39030,7.6122
39031,7.6364
39032,7.4828
39033,7.0
39034,8.3649
39035,8.0094
39036,7.6018
39037,7.6018
39038,7.1455
39039,7.6018
39040,7.0
39041,8.1429
39042,7.6018
39043,6.7727
39044,7.6018
39045,7.6018
39046,10.0
39047,8.0455
39048,7.7195
39049,7.6018
39050,7.6018
39051,7.6018
39052,7.6018
39053,7.0818
39054,7.6018
39055,7.2
39056,7.9744
39057,7.6018
39058,7.6018
39059,7.6018
39060,7.6018
39061,8.8556
39062,7.0
39063,7.6018
39064,7.6018
39065,7.6018
39066,6.2222
39067,7.2595
39068,7.6018
39069,7.1333
39070,7.6018
39071,8.6111
39072,8.6
39073,7.6538
39074,6.0
39075,7.6018
39076,7.6018
39077,7.3
39078,7.12
39079,7.6018
39080,7.6018
39081,7.6018
39082,6.625
39083,7.6018
39084,7.6018
39085,7.6018
39086,8.1667
39087,7.5476
39088,7.6713
39089,8.0
39090,7.6018
39091,7.6018
39092,7.6018
39093,7.6018
39094,9.4841
39095,7.6018
39096,7.6018
39097,7.4444
39098,7.6018
39099,7.6018
39100,7.6018
39101,8.0
39102,8.726
39103,8.42
39104,5.0752
39105,7.125
39106,7.6018
39107,9.4632
39108,9.5
39109,7.6018
39110,7.6018
39111,7.8636
39112,8.75
39113,7.6018
39114,9.2058
39115,7.5
39116,7.6018
39117,7.6018
39118,7.6018
39119,7.6018
39120,7.6018
39121,7.6018
39122,7.6018
39123,7.6018
39124,6.5769
39125,7.6018
39126,8.6471
39127,7.6018
39128,6.5429
39129,7.6018
39130,7.6018
39131,7.2258
39132,7.6018
39133,7.6018
39134,7.6018
39135,7.5
39136,7.6018
39137,8.25
39138,6.5
39139,7.6018
39140,7.6018
39141,7.5
39142,7.6018
39143,7.6018
39144,7.6018
39145,5.8529
39146,5.561
39147,8.8556
39148,7.6018
39149,5.6
39150,7.6018
39151,4.0
39152,9.2
39153,7.6018
39154,7.6538
39155,7.6018
39156,7.0
39157,7.0
39158,7.6018
39159,7.6018
39160,6.0226
39161,4.5
39162,7.6018
39163,7.6018
39164,7.6018
39165,7.6018
39166,7.6018
39167,7.6018
39168,7.6018
39169,7.6018
39170,7.6018
39171,7.6018
39172,7.5952
39173,7.8812
39174,7.3333
39175,6.8276
39176,7.0
39177,7.6018
39178,7.6018
39179,7.6018
39180,8.45
39181,7.6018
39182,9.1111
39183,7.6018
39184,7.6018
39185,7.6714
39186,7.6018
39187,7.6018
39188,8.3971
39189,7.6018
39190,7.6018
39191,8.0
39192,7.6018
39193,8.7692
39194,7.2595
39195,7.6018
39196,8.2667
39197,9.75
39198,7.6018
39199,7.6018
39200,7.2
39201,6.0
39202,7.6018
39203,7.6018
39204,7.6018
39205,6.1667
39206,8.0429
39207,7.6018
39208,7.7059
39209,5.2857
39210,8.0
39211,7.6018
39212,9.55
39213,7.6018
39214,4.0
39215,7.6018
39216,7.6018
39217,8.0
39218,7.6018
39219,5.5401
39220,7.2429
39221,6.375
39222,7.2595
39223,7.6018
39224,6.0303
39225,7.6018
39226,7.6018
39227,7.5
39228,7.0
39229,7.6018
39230,5.0752
39231,6.8
39232,7.5
39233,8.6
39234,7.2545
39235,6.6667
39236,9.2857
39237,8.1667
39238,7.5
39239,6.0
39240,10.0
39241,6.6
39242,8.0238
39243,7.6018
39244,7.6018
39245,8.2
39246,6.7917
39247,7.6018
39248,7.6018
39249,7.6018
39250,7.6018
39251,7.6018
39252,7.6018
39253,7.6018
39254,7.6018
39255,5.0
39256,6.0
39257,7.2595
39258,8.1043
39259,8.0755
39260,8.0
39261,7.6018
39262,8.8727
39263,8.2353
39264,7.6018
39265,7.5926
39266,7.6018
39267,8.8333
39268,7.6018
39269,7.6018
39270,7.6018
39271,7.6018
39272,7.6018
39273,7.6018
39274,7.6018
39275,6.0226
39276,7.55
39277,7.6018
39278,8.5243
39279,7.6018
39280,7.6018
39281,6.9091
39282,9.25
39283,7.6018
39284,7.6018
39285,7.2595
39286,8.7048
39287,10.0
39288,6.3
39289,9.4632
39290,7.0818
39291,7.6018
39292,7.3
39293,7.6018
39294,4.5
39295,7.2595
39296,7.2595
39297,6.3846
39298,8.5
39299,7.6018
39300,8.0
39301,7.5112
39302,7.2222
39303,7.4286
39304,6.7328
39305,9.1111
39306,7.6018
39307,7.6018
39308,7.375
39309,8.0
39310,7.6018
39311,7.6018
39312,8.6667
39313,7.6018
39314,7.2857
39315,7.6018
39316,7.6018
39317,7.6018
39318,8.0
39319,8.2676
39320,7.6018
39321,7.6667
39322,7.6018
39323,7.6018
39324,7.6018
39325,8.0
39326,7.6018
39327,7.6018
39328,7.6018
39329,7.7009
39330,7.871
39331,8.023
39332,7.6018
39333,8.8462
39334,7.6018
39335,7.2595
39336,7.6018
39337,7.6018
39338,7.9744
39339,7.9799
39340,7.6018
39341,7.7
39342,7.6018
39343,7.6018
39344,7.6018
39345,10.0
39346,7.6018
39347,6.5903
39348,8.066
39349,5.7826
39350,7.6018
39351,7.6667
39352,8.3913
39353,7.6018
39354,7.6018
39355,7.6018
39356,7.6018
39357,7.6018
39358,7.6018
39359,7.6018
39360,7.6018
39361,7.9
39362,7.2
39363,7.6018
39364,7.6018
39365,7.6018
39366,7.6018
39367,5.0
39368,7.6018
39369,7.9744
39370,6.0
39371,8.4
39372,8.6019
39373,7.6018
39374,7.6018
39375,7.6018
39376,7.2595
39377,7.6018
39378,5.5401
39379,7.2143
39380,7.6018
39381,7.6018
39382,6.6923
39383,7.6018
39384,7.6018
39385,7.5968
39386,7.12
39387,7.6018
39388,7.6018
39389,7.6018
39390,7.64
39391,8.8556
39392,7.6018
39393,7.6018
39394,6.6667
39395,8.4091
39396,7.6018
39397,7.6018
39398,7.6018
39399,8.1765
39400,7.6018
39401,7.6018
39402,9.1395
39403,6.9655
39404,7.6018
39405,7.6018
39406,9.4925
39407,7.6018
39408,7.6018
39409,8.25
39410,7.9947
39411,7.6018
39412,8.0
39413,5.5789
39414,5.8529
39415,7.5952
39416,7.6018
39417,7.4308
39418,6.8
39419,8.2727
39420,7.6018
39421,7.6018
39422,7.3333
39423,7.6018
39424,7.6018
39425,7.6018
39426,8.8556
39427,8.5714
39428,9.1786
39429,8.6111
39430,7.6018
39431,7.6018
39432,9.0866
39433,10.0
39434,7.6018
39435,5.9286
39436,7.6018
39437,7.2857
39438,7.6018
39439,7.6018
39440,8.25
39441,7.2595
39442,7.5
39443,8.2675
39444,7.6018
39445,8.375
39446,8.1955
39447,4.9189
39448,7.6018
39449,6.25
39450,7.6018
39451,7.6018
39452,6.3
39453,7.6018
39454,7.6018
39455,7.5505
39456,7.6018
39457,7.6018
39458,6.7581
39459,7.6471
39460,7.6018
39461,8.8333
39462,7.6018
39463,8.5556
39464,6.75
39465,7.6018
39466,7.6018
39467,8.2105
39468,7.6018
39469,7.8889
39470,7.6018
39471,7.2595
39472,7.6018
39473,7.6018
39474,7.0
39475,7.6018
39476,8.5351
39477,7.0
39478,8.8556
39479,7.6018
39480,7.2595
39481,7.6018
39482,7.6018
39483,7.6018
39484,7.6018
39485,7.6018
39486,7.6018
39487,6.5351
39488,7.6018
39489,8.0
39490,7.6018
39491,7.6018
39492,7.6018
39493,7.6018
39494,7.6018
39495,7.6018
39496,7.3
39497,7.1429
39498,7.6018
39499,8.1786
39500,7.6018
39501,8.25
39502,7.6018
39503,7.6018
39504,6.9556
39505,7.6018
39506,9.3333
39507,7.6018
39508,7.6018
39509,4.6667
39510,7.6018
39511,7.6018
39512,7.4824
39513,6.6885
39514,7.6018
39515,7.6018
39516,7.6018
39517,7.6018
39518,7.6018
39519,7.6018
39520,7.6018
39521,6.0958
39522,7.6018
39523,7.6018
39524,8.0
39525,7.6018
39526,8.0
39527,7.8333
39528,7.6018
39529,6.2778
39530,7.6268
39531,7.6018
39532,7.2595
39533,7.6018
39534,8.3
39535,8.4906
39536,8.5835
39537,7.6018
39538,7.6018
39539,7.6018
39540,7.6018
39541,7.6018
39542,6.7358
39543,8.5753
39544,7.6018
39545,7.6018
39546,7.6018
39547,6.8571
39548,7.6018
39549,7.6018
39550,7.6018
39551,7.6018
39552,7.6018
39553,6.7581
39554,7.6018
39555,7.6018
39556,7.6018
39557,7.6667
39558,9.4841
39559,7.6018
39560,8.8556
39561,8.5
39562,6.0958
39563,9.7473
39564,7.6018
39565,7.6018
39566,7.6018
39567,7.6018
39568,7.6018
39569,7.6018
39570,7.6018
39571,7.6018
39572,7.6018
39573,8.0455
39574,9.0
39575,7.6018
39576,7.6018
39577,7.6018
39578,7.6018
39579,7.7762
39580,7.4
39581,8.9091
39582,7.6018
39583,7.6018
39584,8.9333
39585,7.2857
39586,6.8
39587,7.6018
39588,7.6018
39589,7.6018
39590,7.6018
39591,6.7273
39592,8.45
39593,7.6018
39594,7.6018
39595,7.6018
39596,6.875
39597,6.8
39598,7.0
39599,9.075
39600,8.5
39601,7.6018
39602,7.6018
39603,9.4466
39604,5.875
39605,7.6018
39606,7.6018
39607,7.6018
39608,8.6567
39609,7.6018
39610,7.6018
39611,7.2222
39612,7.6018
39613,7.6018
39614,8.2667
39615,7.6018
39616,7.6018
39617,7.6018
39618,7.6667
39619,8.0857
39620,7.6018
39621,8.7368
39622,7.6018
39623,3.0
39624,8.4906
39625,7.4194
39626,5.9778
39627,7.6018
39628,7.6018
39629,8.0
39630,7.2595
39631,7.6018
39632,10.0
39633,7.6018
39634,7.5556
39635,8.0185
39636,9.0262
39637,7.6018
39638,4.1435
39639,7.6018
39640,7.6018
39641,6.0226
39642,7.3523
39643,7.55
39644,7.6018
39645,7.6018
39646,7.6018
39647,7.3333
39648,7.6018
39649,7.6018
39650,7.6018
39651,8.0
39652,7.6018
39653,6.0
39654,8.0
39655,7.75
39656,7.6018
39657,8.8556
39658,7.3333
39659,7.6018
39660,7.6018
39661,7.7762
39662,7.6018
39663,7.6018
39664,7.6018
39665,7.6018
39666,8.5769
39667,7.7368
39668,7.6018
39669,7.6018
39670,7.6018
39671,7.6018
39672,10.0
39673,7.6018
39674,8.0909
39675,10.0
39676,7.6018
39677,7.6018
39678,8.7778
39679,7.6018
39680,8.0
39681,7.7115
39682,8.0
39683,6.7619
39684,7.6018
39685,7.6018
39686,7.6018
39687,7.8148
39688,7.6018
39689,7.0
39690,7.6018
39691,8.5
39692,7.0
39693,7.6018
39694,7.58
39695,7.6018
39696,9.0
39697,7.6018
39698,7.2595
39699,7.6667
39700,7.6018
39701,7.2595
39702,8.1852
39703,7.6018
39704,7.3333
39705,7.6018
39706,8.5333
39707,7.6018
39708,8.0
39709,7.6018
39710,7.6018
39711,7.6018
39712,7.6018
39713,7.6018
39714,7.9286
39715,7.6018
39716,7.6018
39717,9.134
39718,7.6018
39719,7.6018
39720,7.6018
39721,7.2595
39722,7.6018
39723,8.7143
39724,7.6018
39725,7.8947
39726,7.3333
39727,7.6018
39728,7.6018
39729,7.0
39730,7.6018
39731,7.6018
39732,7.0
39733,7.6018
39734,7.6018
39735,7.2857
39736,6.5769
39737,7.6018
39738,7.6018
39739,5.6
39740,7.6018
39741,7.6018
39742,7.6018
39743,7.9947
39744,7.5
39745,9.5
39746,7.6018
39747,7.6018
39748,7.6018
39749,7.6018
39750,8.8333
39751,7.7236
39752,7.6018
39753,7.6018
39754,7.6018
39755,7.6018
39756,8.3333
39757,8.8556
39758,7.6018
39759,7.6018
39760,7.6018
39761,7.6018
39762,9.5056
39763,7.4444
39764,7.6018
39765,7.0
39766,6.3333
39767,8.4906
39768,8.6842
39769,9.6111
39770,5.0
39771,7.6018
39772,7.6018
39773,8.2353
39774,8.8333
39775,8.8333
39776,7.4074
39777,7.6018
39778,7.6018
39779,7.6018
39780,7.6018
39781,7.6018
39782,7.6018
39783,7.6018
39784,7.6923
39785,10.0
39786,9.3333
39787,8.7048
39788,10.0
39789,7.6018
39790,7.6018
39791,8.0385
39792,9.3333
39793,7.6018
39794,7.6018
39795,7.6018
39796,9.3158
39797,9.15
39798,6.0
39799,8.3333
39800,7.75
39801,8.5
39802,7.5161
39803,8.6667
39804,7.6018
39805,7.6018
39806,7.6018
39807,7.815
39808,7.6018
39809,7.6018
39810,7.9412
39811,7.6018
39812,7.6018
39813,7.6018
39814,9.0
39815,7.1053
39816,7.6018
39817,7.6018
39818,7.6018
39819,7.6018
39820,8.6111
39821,7.6018
39822,7.2595
39823,8.0
39824,7.6018
39825,7.6018
39826,7.0
39827,7.3478
39828,7.6018
39829,8.9615
39830,7.1463
39831,7.6018
39832,7.6018
39833,7.6
39834,7.6018
39835,6.9091
39836,9.0
39837,7.6018
39838,8.0
39839,8.1136
39840,8.7368
39841,7.6018
39842,7.6018
39843,6.9556
39844,7.6018
39845,9.1395
39846,9.5
39847,9.557
39848,7.6018
39849,7.6018
39850,7.6018
39851,7.7236
39852,7.6018
39853,7.6018
39854,7.6018
39855,8.8125
39856,7.6018
39857,5.8214
39858,7.6018
39859,7.6018
39860,8.6667
39861,7.6018
39862,5.0
39863,5.8529
39864,8.0
39865,7.9528
39866,7.6018
39867,7.6018
39868,7.6018
39869,8.3939
39870,7.6018
39871,7.0
39872,8.1955
39873,7.8148
39874,7.6018
39875,7.6018
39876,7.6018
39877,10.0
39878,7.6018
39879,7.6018
39880,7.6018
39881,7.8
39882,8.1471
39883,7.6018
39884,7.6018
39885,7.6018
39886,8.4091
39887,8.6571
39888,8.0
39889,7.2595
39890,8.0
39891,7.6018
39892,7.6018
39893,7.6018
39894,6.0
39895,7.6018
39896,6.5161
39897,7.6018
39898,6.7619
39899,8.023
39900,7.6018
39901,8.0
39902,7.2595
39903,7.3523
39904,9.4545
39905,7.6018
39906,7.6018
39907,6.6667
39908,7.6018
39909,7.8148
39910,9.0
39911,8.1829
39912,7.6018
39913,7.6667
39914,7.6018
39915,7.6018
39916,8.3731
39917,5.0
39918,7.6018
39919,7.4
39920,7.5926
39921,7.6018
39922,7.6018
39923,7.6018
39924,7.6018
39925,7.5455
39926,8.1719
39927,7.1667
39928,8.1818
39929,8.1579
39930,8.0
39931,7.58
39932,8.0
39933,7.6018
39934,10.0
39935,7.6018
39936,7.6018
39937,7.6018
39938,7.3158
39939,7.6018
39940,7.6018
39941,8.4
39942,8.2222
39943,7.6018
39944,9.1333
39945,8.9828
39946,9.4635
39947,7.6018
39948,7.6018
39949,8.0
39950,7.6018
39951,7.6018
39952,7.6018
39953,7.1944
39954,7.6018
39955,7.6018
39956,7.4074
39957,7.6018
39958,5.5401
39959,6.7403
39960,7.6018
39961,7.0
39962,6.5
39963,7.6018
39964,7.6018
39965,7.6268
39966,8.0426
39967,7.6018
39968,7.2595
39969,7.9559
39970,7.6018
39971,7.6018
39972,7.6018
39973,8.0238
39974,8.2764
39975,7.6018
39976,7.6018
39977,8.1976
39978,7.9577
39979,7.5472
39980,7.6018
39981,7.6018
39982,9.375
39983,5.2
39984,8.0
39985,9.0
39986,7.6018
39987,7.6018
39988,7.2595
39989,7.6018
39990,8.5
39991,7.6018
39992,7.6018
39993,8.6111
39994,7.6018
39995,8.6667
39996,7.6667
39997,8.0
39998,7.6018
39999,8.4091
40000,7.6018
40001,7.6018
40002,6.8
40003,6.5
40004,7.6018
40005,7.6018
40006,7.6018
40007,7.3333
40008,7.6018
40009,7.6018
40010,8.4
40011,7.9286
40012,8.1429
40013,5.8667
40014,7.2857
40015,7.6018
40016,7.6018
40017,7.0484
40018,9.3333
40019,7.6018
40020,6.4
40021,7.2595
40022,7.6018
40023,8.9655
40024,7.3103
40025,5.0
40026,5.4545
40027,7.6018
40028,7.6018
40029,8.8
40030,8.25
40031,8.8065
40032,8.2222
40033,7.6018
40034,7.0
40035,8.0
40036,7.6018
40037,7.6018
40038,7.6018
40039,7.6018
40040,7.4421
40041,7.6018
40042,7.6018
40043,6.882
40044,7.25
40045,7.6018
40046,7.6018
40047,7.6018
40048,7.1053
40049,8.1111
40050,8.4444
40051,7.6018
40052,7.6018
40053,7.6018
40054,6.7581
40055,7.6018
40056,7.6018
40057,7.6018
40058,8.5833
40059,7.3333
40060,8.9828
40061,7.7416
40062,7.6018
40063,7.6018
40064,7.6018
40065,7.6018
40066,8.0
40067,7.625
40068,6.6
40069,7.8
40070,7.6018
40071,8.8571
40072,7.6018
40073,7.5968
40074,7.0818
40075,8.0
40076,9.3265
40077,7.6018
40078,7.6018
40079,8.0
40080,8.25
40081,9.1481
40082,7.5
40083,5.125
40084,7.2595
40085,7.6018
40086,8.8556
40087,7.6018
40088,7.6018
40089,7.6018
40090,7.2426
40091,7.0484
40092,7.1689
40093,7.6018
40094,8.1829
40095,8.0
40096,7.6018
40097,7.6018
40098,8.8556
40099,5.625
40100,7.6018
40101,7.6018
40102,8.0
40103,7.6018
40104,5.1429
40105,7.6018
40106,7.6018
40107,7.6018
40108,6.3333
40109,7.6018
40110,7.6018
40111,7.1463
40112,6.9737
40113,7.2595
40114,7.6018
40115,7.6018
40116,7.4421
40117,7.4821
40118,7.6018
40119,8.3333
40120,7.6018
40121,8.1928
40122,9.0
40123,9.3333
40124,7.5
40125,7.6018
40126,4.6667
40127,6.6753
40128,8.7273
40129,7.8916
40130,8.2109
40131,7.6018
40132,8.0294
40133,7.6018
40134,6.875
40135,7.6018
40136,8.6176
40137,7.6018
40138,6.375
40139,7.6018
40140,7.6018
40141,7.6018
40142,7.6018
40143,7.6018
40144,7.6018
40145,7.6018
40146,8.1401
40147,7.6018
40148,7.875
40149,8.4444
40150,7.6018
40151,8.9315
40152,7.6018
40153,7.6018
40154,8.0
40155,7.6018
40156,8.2353
40157,7.53
40158,7.6018
40159,7.6018
40160,7.6018
40161,5.6667
40162,8.4906
40163,4.5455
40164,9.1478
40165,7.6018
40166,7.6018
40167,7.6018
40168,7.6018
40169,7.6018
40170,7.6018
40171,6.8333
40172,7.6018
40173,8.1852
40174,7.1689
40175,9.6216
40176,7.6018
40177,7.6018
40178,7.1321
40179,5.5401
40180,7.6018
40181,7.6018
40182,7.6018
40183,7.6018
40184,8.8556
40185,8.2353
40186,7.6018
40187,8.8556
40188,7.8916
40189,7.6018
40190,7.6018
40191,7.6018
40192,7.6018
40193,7.6018
40194,7.4146
40195,7.6018
40196,7.3571
40197,8.0
40198,7.5476
40199,8.6667
40200,7.6018
40201,7.6018
40202,8.0
40203,7.55
40204,8.0882
40205,7.5339
40206,7.6018
40207,7.2595
40208,9.0
40209,9.0
40210,7.6018
40211,7.6018
40212,8.05
40213,7.6018
40214,8.0
40215,7.0833
40216,6.0303
40217,7.9559
40218,7.1689
40219,7.6018
40220,7.6018
40221,7.6018
40222,7.6018
40223,7.918
40224,9.1383
40225,7.6018
40226,7.9667
40227,7.2
40228,7.6957
40229,6.6154
40230,10.0
40231,8.0385
40232,7.6018
40233,7.6018
40234,7.0833
40235,7.6018
40236,5.0
40237,6.0226
40238,7.9947
40239,7.96
40240,7.6018
40241,7.6018
40242,7.6018
40243,7.6018
40244,7.6018
40245,7.6018
40246,7.6018
40247,7.6018
40248,8.2019
40249,6.9655
40250,7.6018
40251,7.6018
40252,7.6268
40253,9.7059
40254,10.0
40255,7.6018
40256,7.2595
40257,7.6018
40258,7.6018
40259,7.6018
40260,7.6018
40261,7.6018
40262,7.6018
40263,8.75
40264,7.6018
40265,6.5161
40266,7.2595
40267,7.6018
40268,8.8333
40269,8.6571
40270,7.6018
40271,8.0
40272,7.6018
40273,7.6018
40274,7.6018
40275,6.7619
40276,7.6018
40277,7.6018
40278,5.5385
40279,7.6018
40280,5.295
40281,9.16
40282,8.75
40283,7.6018
40284,8.2222
40285,7.6018
40286,7.6018
40287,7.6018
40288,7.6018
40289,7.2857
40290,7.9559
40291,7.6018
40292,8.6667
40293,7.6018
40294,7.6018
40295,7.6018
40296,7.625
40297,7.6018
40298,7.6018
40299,9.0262
40300,7.6018
40301,7.6018
40302,8.0238
40303,7.6018
40304,7.6018
40305,8.0
40306,7.5185
40307,7.6018
40308,7.1689
40309,8.3447
40310,7.6018
40311,9.375
40312,7.6018
40313,7.2595
40314,8.3714
40315,8.1053
40316,7.6018
40317,7.6018
40318,7.6018
40319,7.6018
40320,6.7358
40321,8.6154
40322,7.3523
40323,9.1429
40324,7.6018
40325,6.35
40326,7.3333
40327,6.8571
40328,7.6018
40329,7.9947
40330,8.1818
40331,7.2595
40332,7.6018
40333,7.6018
40334,7.6018
40335,7.4421
40336,7.6018
40337,7.6018
40338,7.6018
40339,7.3846
40340,7.6018
40341,8.0
40342,9.5
40343,7.6018
40344,7.9947
40345,5.6667
40346,7.6018
40347,7.5505
40348,6.3333
40349,7.6018
40350,7.6018
40351,9.5
40352,8.5294
40353,7.25
40354,5.0
40355,8.0
40356,6.0
40357,7.6018
40358,8.2353
40359,7.2857
40360,9.0
40361,7.6018
40362,7.6018
40363,7.6018
40364,7.6018
40365,8.2391
40366,7.7449
40367,7.6018
40368,7.5333
40369,7.6018
40370,7.6018
40371,7.6018
40372,7.6018
40373,7.6018
40374,7.6018
40375,8.0455
40376,7.6018
40377,8.4634
40378,7.0
40379,7.6018
40380,7.6018
40381,9.7885
40382,9.0262
40383,7.6018
40384,7.6018
40385,7.7009
40386,7.6018
40387,7.6018
40388,8.16
40389,7.2727
40390,7.6018
40391,7.1321
40392,6.5625
40393,7.5833
40394,6.8889
40395,7.6018
40396,7.5
40397,7.6018
40398,9.0
40399,7.6018
40400,7.6018
40401,8.1928
40402,6.4286
40403,7.6018
40404,7.6018
40405,8.0
40406,8.58
40407,8.375
40408,7.6018
40409,5.4
40410,7.6018
40411,7.2595
40412,7.6018
40413,9.0
40414,5.0
40415,9.3761
40416,7.6018
40417,7.5
40418,7.6018
40419,9.28
40420,7.6018
40421,7.6018
40422,7.6018
40423,7.4146
40424,8.8556
40425,7.6018
40426,5.5
40427,7.6018
40428,7.6018
40429,8.5
40430,8.0
40431,7.913
40432,7.6018
40433,7.6018
40434,7.6018
40435,7.6018
40436,8.3143
40437,6.0
40438,9.1667
40439,7.6018
40440,7.6018
40441,7.6018
40442,6.1667
40443,8.1786
40444,6.0
40445,7.6018
40446,7.6018
40447,7.6018
40448,7.6018
40449,7.6018
40450,7.0
40451,8.8333
40452,5.0
40453,7.6018
40454,7.619
40455,5.5
40456,8.8333
40457,6.7
40458,7.6018
40459,7.6018
40460,7.3
40461,7.6018
40462,9.2105
40463,7.6018
40464,6.375
40465,7.6018
40466,7.2857
40467,7.6018
40468,7.6018
40469,7.6018
40470,8.3
40471,8.7234
40472,7.6018
40473,6.9091
40474,6.9
40475,7.9231
40476,7.2595
40477,7.6018
40478,7.6018
40479,7.6018
40480,7.2595
40481,7.0
40482,7.6018
40483,7.8
40484,7.2595
40485,9.0262
40486,7.6018
40487,7.6018
40488,7.6018
40489,7.6018
40490,7.6238
40491,7.6018
40492,7.7009
40493,7.6018
40494,8.3714
40495,7.6018
40496,8.7404
40497,6.2143
40498,7.6018
40499,7.6018
40500,7.6018
40501,7.6018
40502,6.75
40503,7.6018
40504,7.1689
40505,5.0606
40506,7.6018
40507,10.0
40508,8.3939
40509,7.6018
40510,7.5882
40511,7.0
40512,7.6018
40513,7.6018
40514,7.6018
40515,7.1429
40516,7.6018
40517,7.6018
40518,7.6018
40519,8.0426
40520,7.6018
40521,7.6018
40522,6.8857
40523,7.6018
40524,7.6018
40525,7.0
40526,8.1
40527,5.0
40528,7.5833
40529,7.6018
40530,7.6018
40531,7.6018
40532,7.2
40533,9.5094
40534,7.8617
40535,5.1538
40536,7.7971
40537,8.0
40538,7.6018
40539,7.1689
40540,8.0
40541,7.885
40542,7.8125
40543,7.6018
40544,8.0952
40545,7.5505
40546,7.6018
40547,7.6018
40548,7.6018
40549,8.0294
40550,5.5
40551,7.0
40552,7.0
40553,8.8
40554,9.0
40555,9.0
40556,7.6018
40557,7.3523
40558,7.6018
40559,6.2055
40560,7.6018
40561,8.6863
40562,7.6018
40563,6.9333
40564,7.2243
40565,7.6018
40566,8.2
40567,9.2461
40568,7.6018
40569,7.6018
40570,6.5769
40571,7.6018
40572,8.8556
40573,8.8556
40574,7.0
40575,7.6018
40576,7.6018
40577,7.6018
40578,6.6
40579,7.7826
40580,6.7619
40581,8.25
40582,10.0
40583,7.6018
40584,7.6575
40585,7.6018
40586,7.6018
40587,8.7029
40588,10.0
40589,6.375
40590,8.5676
40591,7.6018
40592,7.5
40593,7.5333
40594,8.6
40595,4.0
40596,7.6018
40597,7.125
40598,7.6018
40599,7.6018
40600,7.8571
40601,7.6018
40602,9.0
40603,7.6018
40604,7.6018
40605,7.6018
40606,7.6018
40607,7.2941
40608,7.6018
40609,7.159
40610,7.0
40611,7.2595
40612,7.6018
40613,7.6018
40614,8.1579
40615,7.6018
40616,7.6018
40617,7.6018
40618,7.6018
40619,7.6018
40620,7.6018
40621,7.6018
40622,9.4841
40623,7.6018
40624,7.1689
40625,7.6018
40626,7.2595
40627,8.875
40628,7.0
40629,7.6018
40630,7.2857
40631,7.5065
40632,7.4824
40633,7.6018
40634,7.6018
40635,8.0455
40636,7.6018
40637,8.5
40638,8.8556
40639,7.6018
40640,5.5401
40641,7.6018
40642,5.5385
40643,7.6018
40644,7.6018
40645,8.0
40646,7.2595
40647,7.6018
40648,7.6018
40649,7.6018
40650,7.516
40651,6.5862
40652,7.6018
40653,7.6018
40654,8.0
40655,7.6018
40656,7.6018
40657,7.6018
40658,7.6018
40659,7.6018
40660,7.311
40661,8.7
40662,7.6018
40663,6.0226
40664,8.0
40665,7.6018
40666,7.6018
40667,7.6122
40668,5.4286
40669,9.134
40670,7.5065
40671,7.6018
40672,7.6018
40673,7.6018
40674,7.6018
40675,8.0755
40676,7.6018
40677,7.5
40678,6.7857
40679,7.6018
40680,7.25
40681,7.6018
40682,7.6018
40683,7.6018
40684,8.6892
40685,7.6018
40686,7.6018
40687,8.8556
40688,8.0
40689,9.3832
40690,7.6018
40691,7.5971
40692,7.828
40693,8.0
40694,7.6018
40695,7.6018
40696,8.2258
40697,7.6018
40698,6.7403
40699,6.0226
40700,7.3333
40701,6.5333
40702,7.6018
40703,8.7143
40704,7.4824
40705,7.6018
40706,7.6018
40707,8.0
40708,7.6018
40709,7.6757
40710,5.881
40711,9.375
40712,7.1689
40713,7.6018
40714,7.6018
40715,7.6018
40716,7.6018
40717,9.16
40718,7.6018
40719,8.023
40720,7.6018
40721,5.0
40722,9.0
40723,8.7903
40724,7.6018
40725,7.6018
40726,7.6018
40727,7.6018
40728,7.6018
40729,5.5401
40730,10.0
40731,7.25
40732,7.0
40733,7.6018
40734,8.2222
40735,6.875
40736,7.6018
40737,7.5065
40738,7.6018
40739,7.6018
40740,7.6018
40741,6.6364
40742,9.3333
40743,7.6018
40744,7.4824
40745,8.327
40746,7.6018
40747,7.6018
40748,7.6018
40749,7.0818
40750,5.7146
40751,7.5333
40752,4.5592
40753,7.0
40754,7.6018
40755,7.6018
40756,7.6018
40757,7.6018
40758,9.0
40759,8.96
40760,6.0226
40761,9.4841
40762,7.0
40763,7.5926
40764,7.5
40765,7.1429
40766,7.6018
40767,7.6018
40768,7.6018
40769,7.0
40770,8.3333
40771,7.6667
40772,7.6018
40773,6.9524
40774,7.6018
40775,8.0909
40776,7.6018
40777,5.3333
40778,5.5
40779,7.6018
40780,8.4
40781,7.2595
40782,5.0
40783,7.6018
40784,7.2595
40785,8.8556
40786,9.0227
40787,8.0
40788,2.0
40789,7.6018
40790,7.6018
40791,6.6667
40792,7.2903
40793,7.6018
40794,7.6018
40795,6.25
40796,7.6018
40797,7.6018
40798,7.6018
40799,7.2595
40800,7.6018
40801,7.6018
40802,7.6018
40803,7.6018
40804,8.5625
40805,9.0836
40806,7.6018
40807,7.2857
40808,7.6018
40809,7.1429
40810,6.148
40811,8.0833
40812,7.4828
40813,7.6018
40814,7.8333
40815,7.6018
40816,8.2222
40817,7.5505
40818,7.6018
40819,7.6018
40820,7.2917
40821,7.4074
40822,7.6018
40823,7.6018
40824,7.6018
40825,8.0732
40826,9.4632
40827,7.8594
40828,7.6018
40829,7.25
40830,7.2595
40831,7.6018
40832,9.0
40833,8.2105
40834,6.3786
40835,9.1395
40836,7.7449
40837,7.6018
40838,7.1689
40839,7.6018
40840,7.6018
40841,7.6018
40842,7.2
40843,7.6018
40844,7.6018
40845,10.0
40846,7.6018
40847,7.6018
40848,7.6018
40849,7.7762
40850,7.6018
40851,7.6018
40852,7.6018
40853,5.25
40854,5.0
40855,5.074
40856,5.2
40857,8.2128
40858,7.375
40859,7.6018
40860,8.0
40861,5.0
40862,7.6018
40863,7.58
40864,7.6018
40865,7.6018
40866,7.5505
40867,7.3333
40868,7.6018
40869,7.6018
40870,6.0
40871,7.2595
40872,7.7449
40873,9.1111
40874,8.303
40875,7.2595
40876,6.2667
40877,7.6018
40878,5.2
40879,9.4615
40880,9.1333
40881,7.6018
40882,8.0
40883,7.6018
40884,7.3913
40885,7.4
40886,7.1667
40887,9.0262
40888,7.53
40889,7.6018
40890,7.6018
40891,6.3
40892,7.6018
40893,7.6018
40894,7.6018
40895,7.6018
40896,7.6018
40897,7.6018
40898,7.6018
40899,7.6018
40900,5.0
40901,8.25
40902,7.6018
40903,7.6268
40904,7.6018
40905,7.6018
40906,7.6018
40907,8.0
40908,7.801
40909,7.1667
40910,7.6018
40911,8.0
40912,7.6018
40913,7.6018
40914,7.6018
40915,7.6018
40916,7.6018
40917,7.2595
40918,7.6018
40919,6.7778
40920,8.0455
40921,6.4
40922,7.6018
40923,7.6018
40924,7.6018
40925,7.6018
40926,4.9189
40927,7.6018
40928,7.6018
40929,7.6018
40930,7.6018
40931,7.6018
40932,7.2595
40933,7.6018
40934,7.6018
40935,7.6087
40936,5.9568
40937,7.3523
40938,7.6018
40939,5.0
40940,6.1667
40941,7.6018
40942,8.2353
40943,7.6018
40944,7.6018
40945,6.8333
40946,7.4074
40947,7.6018
40948,7.2595
40949,6.0
40950,6.6291
40951,6.4
40952,7.6018
40953,5.25
40954,7.6018
40955,7.6667
40956,8.2353
40957,7.8
40958,6.0958
40959,7.6018
40960,7.2595
40961,7.6018
40962,6.6667
40963,7.6018
40964,7.6018
40965,7.1455
40966,7.6018
40967,8.125
40968,7.6018
40969,7.6018
40970,7.6018
40971,7.0882
40972,7.6018
40973,7.6018
40974,6.0
40975,6.3571
40976,7.6018
40977,9.0
40978,7.6018
40979,7.8947
40980,8.25
40981,7.6018
40982,7.6018
40983,7.2258
40984,8.2509
40985,7.6018
40986,8.45
40987,9.3333
40988,7.6018
40989,7.2595
40990,8.5
40991,7.6018
40992,8.5818
40993,7.6018
40994,7.6018
40995,7.6018
40996,7.6018
40997,7.0
40998,6.6667
40999,7.6018
41000,8.1955
41001,7.6018
41002,7.6018
41003,7.1667
41004,7.6018
41005,7.6018
41006,7.0097
41007,7.6018
41008,8.7903
41009,7.6018
41010,7.6018
41011,7.6018
41012,7.6018
41013,5.0
41014,7.6018
41015,7.3796
41016,7.6018
41017,7.6018
41018,7.6018
41019,7.6018
41020,7.8941
41021,7.6018
41022,7.6018
41023,7.6018
41024,7.6
41025,7.0
41026,7.6018
41027,7.6018
41028,8.0
41029,7.6018
41030,10.0
41031,7.6018
41032,7.6018
41033,7.6018
41034,7.6018
41035,7.6018
41036,7.6018
41037,6.5
41038,7.85
41039,7.0
41040,6.5
41041,7.6018
41042,8.7048
41043,7.6018
41044,7.6018
41045,7.6018
41046,7.4118
41047,8.5753
41048,7.4286
41049,7.6018
41050,7.6018
41051,7.6018
41052,7.125
41053,7.6018
41054,7.0
41055,8.375
41056,7.8077
41057,7.8
41058,6.1
41059,7.6018
41060,7.9851
41061,7.6018
41062,7.2857
41063,7.6018
41064,7.6018
41065,9.0262
41066,7.3636
41067,7.2
41068,9.25
41069,7.6018
41070,8.8556
41071,7.6018
41072,8.2353
41073,7.6018
41074,7.6018
41075,7.7667
41076,7.1212
41077,7.5065
41078,7.6018
41079,8.439
41080,7.6018
41081,7.5278
41082,7.8812
41083,7.6018
41084,7.6018
41085,7.6018
41086,7.6018
41087,7.6018
41088,7.6018
41089,7.6018
41090,7.2857
41091,8.7143
41092,6.0
41093,7.6018
41094,9.0
41095,7.6018
41096,7.6018
41097,5.0752
41098,7.6018
41099,8.5833
41100,7.6018
41101,6.25
41102,8.8556
41103,7.1689
41104,7.64
41105,8.2019
41106,7.6018
41107,7.6018
41108,7.6018
41109,7.6018
41110,7.6018
41111,7.6018
41112,7.6018
41113,7.2595
41114,8.7105
41115,6.0
41116,5.1355
41117,8.5625
41118,8.0
41119,7.6018
41120,7.6
41121,7.6
41122,7.6018
41123,7.6018
41124,7.5
41125,7.6018
41126,10.0
41127,7.6018
41128,7.6018
41129,7.6018
41130,7.6018
41131,7.6018
41132,7.6018
41133,7.6018
41134,7.6018
41135,5.0752
41136,7.6018
41137,7.6018
41138,7.3523
41139,6.6
41140,7.6018
41141,7.6018
41142,8.4444
41143,7.6018
41144,7.6018
41145,9.0
41146,7.6018
41147,7.9947
41148,7.5714
41149,8.0588
41150,7.6018
41151,7.6018
41152,7.6018
41153,6.0
41154,7.6018
41155,7.3929
41156,7.6018
41157,8.9286
41158,7.6018
41159,7.2857
41160,6.25
41161,7.125
41162,5.8148
41163,7.6018
41164,8.1579
41165,6.3889
41166,8.6667
41167,7.2595
41168,4.9655
41169,7.6018
41170,7.3902
41171,7.6018
41172,7.6018
41173,7.6018
41174,4.6
41175,9.0
41176,7.1
41177,7.6018
41178,10.0
41179,3.3333
41180,7.3796
41181,6.5
41182,5.0
41183,9.4841
41184,7.6018
41185,7.6018
41186,7.2963
41187,7.6018
41188,7.6018
41189,7.6018
41190,7.1689
41191,7.6018
41192,8.0
41193,6.64
41194,7.6018
41195,7.6714
41196,7.6018
41197,7.6018
41198,6.0226
41199,7.6018
41200,7.6018
41201,6.4277
41202,7.6018
41203,7.0714
41204,9.7
41205,8.8556
41206,5.0547
41207,7.6018
41208,7.2595
41209,8.8556
41210,7.6018
41211,9.1786
41212,7.6018
41213,7.6018
41214,5.5
41215,8.037
41216,7.6018
41217,8.6552
41218,7.6018
41219,5.5753
41220,6.8621
41221,6.5
41222,8.88
41223,7.6018
41224,7.6018
41225,7.7826
41226,7.6018
41227,6.0
41228,7.6018
41229,7.9577
41230,7.6018
41231,8.0
41232,7.6018
41233,8.8556
41234,7.6018
41235,9.3832
41236,7.6018
41237,7.6018
41238,8.6494
41239,7.6018
41240,8.3778
41241,7.8594
41242,7.6018
41243,7.9947
41244,5.0
41245,7.6018
41246,7.6018
41247,6.7619
41248,7.6018
41249,7.0
41250,7.6018
41251,7.6018
41252,8.875
41253,7.6018
41254,7.5254
41255,9.1667
41256,7.6018
41257,7.6944
41258,7.5
41259,9.55
41260,7.2595
41261,7.6018
41262,8.75
41263,7.84
41264,7.9453
41265,7.6575
41266,7.541
41267,7.2857
41268,7.6018
41269,5.25
41270,7.6018
41271,8.0
41272,7.6018
41273,7.6018
41274,7.6018
41275,7.6018
41276,9.2857
41277,8.0
41278,7.2595
41279,5.5
41280,7.6018
41281,8.4474
41282,7.6018
41283,8.8556
41284,7.6018
41285,7.6018
41286,6.9737
41287,7.6018
41288,5.2
41289,7.6018
41290,7.2595
41291,7.6018
41292,7.2595
41293,7.6018
41294,7.5968
41295,7.6018
41296,7.6018
41297,7.6018
41298,7.6018
41299,7.6018
41300,7.6018
41301,6.0
41302,7.6018
41303,7.6018
41304,7.6018
41305,9.75
41306,7.6018
41307,6.4074
41308,7.6018
41309,7.6018
41310,7.3333
41311,7.6018
41312,7.6018
41313,8.42
41314,7.6018
41315,7.6
41316,6.7917
41317,8.0
41318,7.6667
41319,7.0
41320,8.1955
41321,7.6018
41322,7.6018
41323,7.6018
41324,7.6018
41325,9.5
41326,6.9752
41327,7.6018
41328,7.6018
41329,7.5505
41330,7.2595
41331,7.8061
41332,7.6018
41333,8.0238
41334,7.0
41335,7.6018
41336,7.6018
41337,7.2595
41338,7.0
41339,6.3
41340,8.1818
41341,8.8556
41342,7.6018
41343,7.6018
41344,8.8556
41345,8.75
41346,5.5
41347,7.6018
41348,6.5
41349,7.6018
41350,8.75
41351,6.8889
41352,7.6018
41353,7.0
41354,7.8725
41355,7.2595
41356,7.0
41357,7.0
41358,8.5165
41359,7.6018
41360,7.2846
41361,7.1039
41362,7.6018
41363,7.6018
41364,4.7764
41365,7.6018
41366,7.6018
41367,7.6018
41368,9.0
41369,7.0
41370,8.0
41371,7.146
41372,7.2595
41373,7.6018
41374,8.6683
41375,7.6018
41376,7.6018
41377,7.8182
41378,8.3143
41379,8.3333
41380,5.0
41381,7.6018
41382,7.6018
41383,6.875
41384,8.6567
41385,6.0226
41386,9.0
41387,7.6018
41388,7.6018
41389,7.5278
41390,6.0226
41391,7.087
41392,7.1689
41393,7.6018
41394,5.0
41395,8.8887
41396,5.875
41397,7.6018
41398,8.0
41399,7.6018
41400,6.2222
41401,7.3571
41402,7.9947
41403,7.6018
41404,7.8
41405,3.9525
41406,8.6892
41407,7.6018
41408,7.2595
41409,7.6018
41410,7.6018
41411,7.8571
41412,5.8214
41413,6.7273
41414,7.6018
41415,6.1667
41416,7.6018
41417,7.6018
41418,6.0
41419,7.6018
41420,7.6018
41421,7.0
41422,7.8431
41423,7.2595
41424,8.8556
41425,8.4091
41426,7.6018
41427,7.6018
41428,7.0
41429,7.6018
41430,7.6018
41431,7.6018
41432,7.6018
41433,7.6018
41434,6.0
41435,7.6018
41436,7.6018
41437,7.1429
41438,7.6018
41439,7.4151
41440,8.122
41441,7.6018
41442,6.6364
41443,7.8
41444,7.6018
41445,7.0
41446,7.9286
41447,7.6018
41448,8.5625
41449,8.3731
41450,7.6018
41451,7.6018
41452,6.8462
41453,7.0
41454,8.7903
41455,8.3077
41456,7.72
41457,7.6018
41458,7.8056
41459,7.6018
41460,7.6018
41461,8.3778
41462,5.8529
41463,7.6018
41464,7.2595
41465,6.25
41466,7.6018
41467,9.075
41468,8.0667
41469,7.0
41470,7.6018
41471,7.2595
41472,7.6018
41473,7.6018
41474,7.2595
41475,8.75
41476,7.6018
41477,8.0
41478,8.3333
41479,7.3523
41480,7.6018
41481,7.6018
41482,7.6018
41483,6.4545
41484,7.6018
41485,7.3333
41486,9.2353
41487,7.6018
41488,7.2595
41489,7.6018
41490,7.6018
41491,7.2595
41492,5.0
41493,7.72
41494,6.7358
41495,7.6018
41496,7.6018
41497,6.9667
41498,7.6018
41499,7.6018
41500,7.6018
41501,7.6018
41502,7.6018
41503,7.6018
41504,8.3333
41505,7.4865
41506,8.8
41507,7.6018
41508,7.5714
41509,7.6018
41510,6.9667
41511,7.6575
41512,7.0
41513,7.6923
41514,7.6018
41515,3.9159
41516,8.4
41517,7.25
41518,7.6018
41519,7.6018
41520,7.6018
41521,7.6018
41522,8.0455
41523,8.0
41524,7.6018
41525,7.6018
41526,8.5
41527,7.6018
41528,7.2243
41529,7.2595
41530,7.6018
41531,7.6018
41532,7.6018
41533,7.6018
41534,8.2019
41535,7.9143
41536,7.6018
41537,7.6018
41538,8.6761
41539,7.0
41540,7.6018
41541,7.6018
41542,7.8617
41543,8.88
41544,8.2815
41545,7.6018
41546,7.6018
41547,9.1429
41548,7.1689
41549,6.6
41550,7.6018
41551,8.5
41552,7.6018
41553,6.8571
41554,10.0
41555,7.0
41556,7.2595
41557,7.6018
41558,7.6018
41559,7.6018
41560,7.6018
41561,8.8556
41562,6.3571
41563,7.1689
41564,7.6018
41565,7.5333
41566,8.3636
41567,4.6
41568,8.0
41569,7.6018
41570,6.0
41571,7.6018
41572,7.6018
41573,7.6018
41574,7.6018
41575,7.6018
41576,6.5833
41577,8.0737
41578,7.6018
41579,7.6018
41580,7.6018
41581,6.6154
41582,5.0752
41583,6.8414
41584,8.6571
41585,7.4828
41586,6.5862
41587,6.4
41588,8.8556
41589,7.8148
41590,7.8941
41591,7.8636
41592,7.6018
41593,7.0
41594,7.6
41595,7.6018
41596,7.6018
41597,7.6018
41598,7.814
41599,7.6018
41600,7.0
41601,7.6018
41602,7.6018
41603,6.0
41604,7.6018
41605,7.9577
41606,7.5
41607,7.6018
41608,9.2857
41609,8.9796
41610,7.8723
41611,8.45
41612,7.6018
41613,7.6018
41614,7.6018
41615,7.0
41616,7.3404
41617,7.0333
41618,7.6018
41619,7.6018
41620,7.9273
41621,9.0
41622,7.6018
41623,7.6018
41624,7.6018
41625,7.6575
41626,7.6018
41627,9.0
41628,7.6018
41629,7.6018
41630,9.075
41631,6.7727
41632,7.6018
41633,6.8333
41634,7.0
41635,8.7091
41636,9.0
41637,7.55
41638,7.6018
41639,6.1034
41640,7.6018
41641,8.2353
41642,8.0
41643,7.6018
41644,7.6018
41645,7.6018
41646,8.2
41647,7.6018
41648,7.6018
41649,7.3571
41650,8.8556
41651,9.0
41652,7.0
41653,7.6018
41654,8.0
41655,7.6018
41656,6.3333
41657,8.303
41658,7.6018
41659,9.375
41660,7.6018
41661,7.6018
41662,6.3333
41663,8.0
41664,7.6018
41665,7.6018
41666,7.8
41667,7.6018
41668,7.6018
41669,7.7236
41670,7.7778
41671,7.6018
41672,7.6018
41673,7.2595
41674,7.6018
41675,7.6018
41676,7.6018
41677,7.5862
41678,7.6018
41679,7.6018
41680,7.4865
41681,7.6018
41682,7.0
41683,7.6018
41684,8.917
41685,7.6018
41686,7.6018
41687,7.6018
41688,9.0262
41689,8.2676
41690,6.0958
41691,7.0
41692,6.35
41693,6.0
41694,7.6018
41695,7.0
41696,7.249
41697,7.6018
41698,7.2857
41699,6.9583
41700,7.5505
41701,7.6018
41702,7.3523
41703,6.0958
41704,7.0476
41705,7.8571
41706,7.6018
41707,7.6018
41708,7.2941
41709,7.6018
41710,7.6018
41711,7.6018
41712,7.6018
41713,7.6018
41714,9.0811
41715,6.0
41716,7.6018
41717,8.3333
41718,7.6018
41719,6.4921
41720,7.6018
41721,5.8529
41722,7.6018
41723,7.0
41724,5.0
41725,7.6018
41726,7.4151
41727,7.6018
41728,5.0752
41729,7.6875
41730,7.6018
41731,8.3333
41732,7.0
41733,7.6018
41734,10.0
41735,7.6018
41736,8.4634
41737,7.7701
41738,7.6018
41739,7.6018
41740,7.6018
41741,7.375
41742,7.6018
41743,7.6018
41744,6.8333
41745,8.25
41746,8.1389
41747,7.5938
41748,8.4634
41749,7.0119
41750,8.0
41751,8.3333
41752,7.6018
41753,7.3796
41754,6.8
41755,9.0
41756,7.6018
41757,7.625
41758,7.6018
41759,7.5
41760,5.7059
41761,7.6018
41762,7.6018
41763,7.0818
41764,7.3103
41765,7.6018
41766,7.2595
41767,7.6018
41768,6.7619
41769,7.6018
41770,8.8556
41771,7.6018
41772,7.6018
41773,7.1321
41774,7.6018
41775,7.6018
41776,7.2
41777,10.0
41778,6.7298
41779,8.0455
41780,7.6018
41781,9.0
41782,8.2308
41783,7.6018
41784,7.6018
41785,6.0226
41786,7.6018
41787,8.0455
41788,7.9231
41789,9.5385
41790,7.4
41791,7.6018
41792,7.6018
41793,7.6268
41794,9.2857
41795,7.6018
41796,8.2
41797,7.6018
41798,9.0
41799,7.6018
41800,9.4
41801,7.6018
41802,8.286
41803,8.25
41804,7.6018
41805,7.6018
41806,8.1111
41807,7.6018
41808,7.6018
41809,8.7091
41810,8.1667
41811,6.0
41812,7.6018
41813,8.4
41814,7.6018
41815,5.0
41816,5.6667
41817,7.6018
41818,8.5515
41819,6.0
41820,8.5714
41821,7.6018
41822,8.5
41823,7.2429
41824,7.5476
41825,7.75
41826,7.6018
41827,8.5667
41828,7.6018
41829,8.0455
41830,7.6018
41831,7.6018
41832,7.3148
41833,7.6667
41834,7.6018
41835,7.6018
41836,7.6018
41837,7.6018
41838,7.6018
41839,5.3333
41840,7.6018
41841,7.3487
41842,8.0
41843,7.2595
41844,7.6018
41845,10.0
41846,8.5452
41847,8.0
41848,7.6667
41849,7.4211
41850,7.6018
41851,7.6018
41852,7.55
41853,7.6018
41854,7.6018
41855,8.7456
41856,7.1944
41857,6.3786
41858,6.8571
41859,7.6018
41860,7.6018
41861,7.6018
41862,9.3633
41863,7.5
41864,7.6018
41865,7.2595
41866,8.3382
41867,7.6018
41868,7.6018
41869,7.5
41870,8.0
41871,7.6018
41872,5.3631
41873,8.2353
41874,7.2595
41875,5.5401
41876,6.6667
41877,7.6018
41878,8.2731
41879,7.6018
41880,8.7778
41881,6.6923
41882,7.3571
41883,7.6018
41884,7.6018
41885,7.6018
41886,7.6018
41887,5.0
41888,7.6018
41889,7.6018
41890,7.9286
41891,7.5094
41892,6.75
41893,9.4841
41894,7.64
41895,7.6018
41896,7.9947
41897,7.6018
41898,7.4339
41899,7.6018
41900,7.1429
41901,7.5714
41902,7.5952
41903,5.4615
41904,7.6018
41905,7.0
41906,7.3
41907,10.0
41908,7.6018
41909,7.125
41910,7.6018
41911,7.6018
41912,6.7619
41913,7.2595
41914,7.6018
41915,9.0
41916,7.6018
41917,7.0
41918,7.0
41919,7.6667
41920,7.6018
41921,7.6018
41922,7.64
41923,7.6018
41924,7.6018
41925,7.6018
41926,7.2258
41927,7.6018
41928,9.0
41929,7.8
41930,6.6865
41931,7.6018
41932,7.0
41933,6.5769
41934,7.6018
41935,7.6018
41936,8.5625
41937,9.6844
41938,6.0
41939,7.3929
41940,7.6018
41941,7.2909
41942,8.0
41943,8.8556
41944,10.0
41945,6.7358
41946,7.6018
41947,7.6018
41948,7.6018
41949,7.6018
41950,7.6018
41951,8.5
41952,8.0
41953,7.6018
41954,10.0
41955,7.6018
41956,7.6018
41957,6.0244
41958,8.6025
41959,7.6
41960,7.6018
41961,7.6018
41962,8.385
41963,7.55
41964,7.2595
41965,7.6018
41966,9.0
41967,7.6018
41968,7.6018
41969,7.6018
41970,8.0
41971,7.6018
41972,5.25
41973,6.6214
41974,7.8812
41975,7.5505
41976,7.204
41977,7.6018
41978,7.0
41979,10.0
41980,8.25
41981,7.6018
41982,7.6018
41983,6.9737
41984,7.4074
41985,7.6018
41986,7.0
41987,7.0
41988,9.5969
41989,7.6018
41990,7.6018
41991,7.8941
41992,8.4375
41993,7.1667
41994,7.5
41995,9.075
41996,6.4
41997,7.1689
41998,7.6018
41999,7.6018
42000,7.3333
42001,7.6018
42002,7.6018
42003,7.6018
42004,7.6018
42005,7.5065
42006,7.6018
42007,7.1039
42008,7.6018
42009,7.0
42010,6.0
42011,7.6018
42012,8.2109
42013,7.6018
42014,5.1667
42015,8.1818
42016,7.6018
42017,7.6018
42018,7.6018
42019,7.6018
42020,7.5476
42021,7.6018
42022,7.3333
42023,7.0
42024,7.9231
42025,7.6018
42026,7.6018
42027,7.6018
42028,7.6018
42029,7.5065
42030,7.6018
42031,7.6018
42032,8.3143
42033,7.6018
42034,7.3913
42035,7.6018
42036,7.6809
42037,7.6018
42038,7.2595
42039,7.6018
42040,8.2258
42041,5.8692
42042,7.6018
42043,7.6018
42044,8.0
42045,6.0
42046,7.5556
42047,6.8125
42048,7.6018
42049,7.6018
42050,8.0
42051,7.8
42052,7.6018
42053,4.9167
42054,7.6018
42055,7.6018
42056,7.6018
42057,7.6018
42058,7.85
42059,7.875
42060,7.6018
42061,8.45
42062,7.6018
42063,7.25
42064,7.6018
42065,7.6018
42066,7.6018
42067,8.9333
42068,6.2005
42069,7.75
42070,8.8556
42071,9.2
42072,5.5
42073,8.1138
42074,7.6018
42075,7.6018
42076,7.8108
42077,7.75
42078,9.3333
42079,9.0
42080,6.9
42081,8.0
42082,7.4286
42083,7.25
42084,7.6018
42085,6.1538
42086,7.2595
42087,7.6018
42088,7.6018
42089,5.6667
42090,7.2595
42091,7.7903
42092,7.6018
42093,7.6018
42094,7.6018
42095,8.4634
42096,8.7234
42097,7.72
42098,8.1536
42099,7.6018
42100,7.6018
42101,8.0294
42102,8.8889
42103,7.6018
42104,7.6018
42105,8.2
42106,7.6018
42107,6.3333
42108,7.6018
42109,7.6018
42110,7.6018
42111,7.8617
42112,8.0
42113,7.6018
42114,7.6018
42115,8.875
42116,8.1
42117,7.6018
42118,8.2222
42119,8.0
42120,7.6018
42121,7.6018
42122,7.6471
42123,5.0
42124,7.7236
42125,7.0
42126,7.6018
42127,7.6018
42128,6.2246
42129,8.3953
42130,7.6018
42131,7.6018
42132,7.6714
42133,9.7907
42134,8.3953
42135,8.0857
42136,8.4
42137,7.6018
42138,7.6018
42139,7.6018
42140,8.1875
42141,7.6018
42142,8.8556
42143,6.5
42144,6.0
42145,7.2595
42146,7.6018
42147,7.6018
42148,8.7404
42149,8.0
42150,8.3382
42151,7.6018
42152,7.7407
42153,7.6018
42154,7.6018
42155,7.6018
42156,7.6018
42157,9.25
42158,8.5
42159,7.6018
42160,7.6018
42161,7.6018
42162,7.6018
42163,7.6018
42164,8.4615
42165,7.6018
42166,8.8556
42167,7.6018
42168,7.2595
42169,7.6018
42170,7.9947
42171,7.0
42172,6.3786
42173,7.6018
42174,7.6018
42175,7.2595
42176,7.6018
42177,7.6018
42178,7.6018
42179,7.25
42180,7.8364
42181,7.6018
42182,7.6018
42183,7.0
42184,7.6018
42185,8.8556
42186,8.6842
42187,8.7048
42188,7.6018
42189,8.5
42190,7.6018
42191,5.0
42192,7.5556
42193,7.6018
42194,7.828
42195,7.6018
42196,7.6018
42197,7.6018
42198,7.7039
42199,7.6018
42200,7.6018
42201,9.0
42202,8.8333
42203,7.6018
42204,7.2595
42205,7.6018
42206,7.9489
42207,7.6018
42208,7.6018
42209,7.6018
42210,8.25
42211,7.6018
42212,7.6018
42213,7.6018
42214,7.6018
42215,7.1026
42216,7.6018
42217,7.6018
42218,7.625
42219,8.2692
42220,7.2595
42221,7.6018
42222,7.6018
42223,8.3731
42224,8.3649
42225,7.4824
42226,7.9565
42227,7.0
42228,9.2
42229,7.6018
42230,7.6018
42231,8.8556
42232,7.7407
42233,7.4211
42234,7.5455
42235,7.2595
42236,7.6018
42237,7.6018
42238,7.5556
42239,7.6018
42240,7.6018
42241,7.6018
42242,7.6018
42243,7.6018
42244,7.6018
42245,8.0
42246,7.6018
42247,7.6018
42248,7.6018
42249,7.6018
42250,7.0
42251,6.9231
42252,7.6018
42253,7.8941
42254,3.0
42255,10.0
42256,7.2222
42257,7.6018
42258,7.6018
42259,7.6018
42260,7.6018
42261,7.6018
42262,7.6018
42263,10.0
42264,7.6018
42265,5.8214
42266,8.25
42267,8.3762
42268,7.6018
42269,7.0
42270,8.0
42271,6.9375
42272,6.6044
42273,7.6
42274,8.5165
42275,8.0
42276,7.6018
42277,7.6018
42278,7.6018
42279,6.5
42280,8.288
42281,7.2595
42282,7.6018
42283,7.6018
42284,8.3953
42285,7.6018
42286,7.6018
42287,8.3731
42288,7.5339
42289,7.6923
42290,7.4
42291,7.6018
42292,7.6018
42293,8.0
42294,7.6018
42295,7.6018
42296,7.6018
42297,7.6018
42298,7.6018
42299,8.0851
42300,6.9483
42301,7.6018
42302,7.6018
42303,7.5065
42304,7.6018
42305,5.8
42306,8.8556
42307,7.6018
42308,8.5036
42309,7.6018
42310,7.6018
42311,5.9286
42312,8.0
42313,8.0667
42314,7.6018
42315,9.3455
42316,7.6018
42317,8.3333
42318,7.6018
42319,7.6018
42320,9.25
42321,7.6018
42322,8.2109
42323,8.2857
42324,7.6018
42325,7.6018
42326,7.6018
42327,7.2595
42328,7.6018
42329,6.4
42330,6.9333
42331,7.7
42332,9.6667
42333,7.6018
42334,7.6018
42335,7.6018
42336,9.8993
42337,7.8889
42338,7.0
42339,7.6018
42340,8.0
42341,7.6018
42342,7.6018
42343,7.6018
42344,8.5875
42345,7.6018
42346,7.6018
42347,7.6018
42348,9.0
42349,7.6018
42350,7.6018
42351,8.3333
42352,7.6018
42353,7.6018
42354,7.6018
42355,7.0
42356,7.9452
42357,7.6018
42358,7.7449
42359,7.6018
42360,7.6018
42361,5.5401
42362,7.4
42363,7.6018
42364,9.0
42365,6.7328
42366,7.6018
42367,7.6018
42368,8.0455
42369,7.6809
42370,7.6018
42371,7.6018
42372,6.25
42373,7.6018
42374,7.6018
42375,7.6018
42376,7.6018
42377,6.6
42378,7.6018
42379,7.3973
42380,7.6018
42381,7.5556
42382,6.25
42383,7.8617
42384,7.6018
42385,7.6018
42386,6.3786
42387,7.2595
42388,5.6667
42389,8.0336
42390,7.6018
42391,7.2846
42392,7.6018
42393,7.1689
42394,7.6018
42395,7.6
42396,8.64
42397,7.6018
42398,7.2222
42399,8.5753
42400,7.6018
42401,7.0
42402,8.0
42403,7.0
42404,7.6018
42405,7.6018
42406,8.8556
42407,7.6018
42408,7.6018
42409,7.6018
42410,10.0
42411,8.0
42412,7.0
42413,7.6018
42414,7.6018
42415,7.6018
42416,9.3333
42417,7.6018
42418,7.6018
42419,7.6
42420,9.0262
42421,7.6018
42422,7.6018
42423,7.5
42424,7.6018
42425,7.2595
42426,7.8077
42427,7.0625
42428,7.2595
42429,7.2963
42430,8.0238
42431,7.6018
42432,7.6018
42433,7.7692
42434,7.6087
42435,7.2595
42436,7.6018
42437,7.6018
42438,6.3636
42439,7.6018
42440,7.6018
42441,9.0
42442,7.6018
42443,7.6018
42444,8.5
42445,8.8556
42446,6.2759
42447,7.6018
42448,7.6018
42449,7.7762
42450,7.6018
42451,7.6018
42452,7.6018
42453,7.6018
42454,7.6018
42455,7.6018
42456,7.6018
42457,7.6018
42458,7.6667
42459,8.4
42460,7.6018
42461,8.5712
42462,6.8125
42463,7.6018
42464,7.6018
42465,7.6018
42466,9.6667
42467,8.0
42468,7.6018
42469,8.0
42470,8.9905
42471,7.6018
42472,7.6018
42473,7.6018
42474,7.0
42475,7.6018
42476,7.3523
42477,7.6018
42478,7.2595
42479,7.6018
42480,7.6018
42481,7.2595
42482,8.1538
42483,7.6018
42484,7.8372
42485,7.6018
42486,8.0426
42487,8.037
42488,7.6018
42489,7.2595
42490,7.6018
42491,7.401
42492,7.6018
42493,6.8571
42494,7.0
42495,7.6018
42496,5.0
42497,7.815
42498,7.2595
42499,7.6018
42500,8.2692
42501,6.0958
42502,10.0
42503,7.9273
42504,7.6018
42505,5.0
42506,7.6018
42507,7.2595
42508,7.6018
42509,6.0958
42510,7.6667
42511,7.6018
42512,7.125
42513,7.6018
42514,7.7
42515,7.6018
42516,6.9333
42517,7.6018
42518,7.1667
42519,7.8077
42520,7.6018
42521,7.6018
42522,7.6018
42523,7.6018
42524,8.8727
42525,6.7619
42526,7.6018
42527,7.4746
42528,8.3731
42529,7.6018
42530,7.5
42531,7.0
42532,7.6018
42533,7.2595
42534,7.6018
42535,7.6018
42536,7.2963
42537,7.6268
42538,7.1667
42539,7.6018
42540,7.6018
42541,7.6018
42542,6.6
42543,7.6018
42544,7.6018
42545,9.125
42546,7.6018
42547,7.6018
42548,7.6018
42549,7.6018
42550,7.6018
42551,5.3333
42552,9.0
42553,7.6018
42554,7.6018
42555,8.0
42556,7.7762
42557,7.6018
42558,7.6018
42559,7.1212
42560,7.3913
42561,7.6018
42562,7.6667
42563,10.0
42564,7.6018
42565,7.6018
42566,7.6018
42567,6.7
42568,6.2407
42569,10.0
42570,7.8
42571,8.0
42572,9.0
42573,8.9828
42574,7.6018
42575,7.2595
42576,7.0
42577,5.0
42578,7.6018
42579,7.2222
42580,7.9143
42581,8.6667
42582,7.6018
42583,7.6018
42584,6.35
42585,7.6122
42586,7.2963
42587,7.6018
42588,7.6018
42589,7.6018
42590,7.4545
42591,2.9032
42592,7.6018
42593,9.0
42594,7.6018
42595,7.6018
42596,5.2222
42597,10.0
42598,8.3108
42599,7.0769
42600,7.2429
42601,7.6018
42602,8.2353
42603,7.3846
42604,7.6018
42605,7.6018
42606,7.6018
42607,8.5833
42608,7.6018
42609,7.6018
42610,7.6018
42611,7.6018
42612,7.6018
42613,7.1667
42614,7.6018
42615,7.6018
42616,7.6018
42617,6.4286
42618,6.0
42619,9.6216
42620,5.8214
42621,7.6018
42622,7.6018
42623,7.3333
42624,9.1994
42625,7.6018
42626,7.6018
42627,7.6018
42628,6.2183
42629,7.8909
42630,7.2595
42631,7.2857
42632,7.6018
42633,7.6018
42634,7.6018
42635,7.6018
42636,7.6018
42637,7.6018
42638,6.9667
42639,7.7537
42640,7.6018
42641,7.6018
42642,7.6018
42643,7.5556
42644,7.6018
42645,7.8966
42646,7.6018
42647,8.0
42648,8.5833
42649,7.6018
42650,7.6018
42651,7.6018
42652,7.0
42653,8.8333
42654,7.2595
42655,7.6018
42656,7.6018
42657,6.0588
42658,8.8556
42659,7.0
42660,7.6018
42661,6.35
42662,7.6018
42663,7.6018
42664,7.6018
42665,7.6018
42666,7.6018
42667,7.6018
42668,7.6018
42669,8.2
42670,8.8556
42671,9.0
42672,10.0
42673,7.6018
42674,9.3333
42675,7.6018
42676,7.6018
42677,7.2
42678,7.5161
42679,5.0
42680,8.0
42681,7.6018
42682,7.2595
42683,7.1364
42684,10.0
42685,8.2353
42686,9.4841
42687,7.5714
42688,7.6018
42689,7.6018
42690,8.931
42691,7.6018
42692,7.6018
42693,7.6018
42694,6.6471
42695,9.4583
42696,7.6018
42697,7.6018
42698,7.0345
42699,6.2308
42700,6.5
42701,7.5278
42702,8.8556
42703,7.2595
42704,7.6018
42705,7.2243
42706,5.0752
42707,6.7403
42708,7.6018
42709,8.8
42710,7.6018
42711,7.885
42712,7.6018
42713,7.6018
42714,7.6018
42715,7.25
42716,7.2857
42717,7.6018
42718,7.6018
42719,9.5455
42720,7.6018
42721,7.6018
42722,7.262
42723,7.6018
42724,7.4483
42725,8.2105
42726,7.6018
42727,7.6018
42728,7.3158
42729,7.2595
42730,7.6575
42731,7.6018
42732,5.95
42733,4.8574
42734,7.6018
42735,7.6018
42736,7.2314
42737,7.6018
42738,7.2595
42739,6.6667
42740,7.6018
42741,7.6018
42742,7.7838
42743,7.6018
42744,7.6018
42745,7.4286
42746,7.6018
42747,10.0
42748,8.1111
42749,9.2381
42750,6.6214
42751,7.6018
42752,7.1463
42753,7.6018
42754,7.6018
42755,7.6018
42756,7.6018
42757,7.1944
42758,7.75
42759,7.7826
42760,7.3
42761,8.0
42762,7.6018
42763,7.6018
42764,9.0
42765,7.4688
42766,7.6018
42767,7.6018
42768,7.6018
42769,8.1955
42770,7.6018
42771,7.6018
42772,7.6018
42773,7.6018
42774,7.6018
42775,7.6018
42776,9.5
42777,7.2595
42778,5.25
42779,6.7727
42780,7.3333
42781,6.25
42782,7.6018
42783,8.2816
42784,7.6018
42785,8.0909
42786,8.8556
42787,8.0
42788,7.6018
42789,7.0
42790,7.6018
42791,7.6018
42792,7.6018
42793,7.2595
42794,7.6018
42795,7.6018
42796,8.1818
42797,8.0294
42798,6.5769
42799,7.5065
42800,9.4693
42801,7.0
42802,7.6018
42803,7.6018
42804,6.9259
42805,7.76
42806,7.6018
42807,7.6018
42808,7.75
42809,7.6018
42810,8.875
42811,7.6018
42812,7.3478
42813,7.6018
42814,7.6018
42815,7.6018
42816,7.6018
42817,8.0294
42818,6.2704
42819,7.6018
42820,7.6018
42821,6.8333
42822,9.6401
42823,7.6018
42824,7.6018
42825,7.0
42826,9.6216
42827,7.6018
42828,9.1786
42829,7.6018
42830,7.6018
42831,8.122
42832,8.8556
42833,10.0
42834,7.3333
42835,7.3404
42836,7.6018
42837,7.6018
42838,7.0
42839,8.5
42840,10.0
42841,8.88
42842,7.6018
42843,6.0958
42844,7.6018
42845,7.6018
42846,7.6018
42847,7.2
42848,7.1689
42849,7.6018
42850,7.6018
42851,7.5065
42852,7.375
42853,7.6018
42854,7.6018
42855,7.6018
42856,10.0
42857,7.6018
42858,7.0
42859,7.6018
42860,9.4632
42861,7.6018
42862,7.7429
42863,10.0
42864,7.6018
42865,6.4348
42866,7.6018
42867,7.6018
42868,7.6018
42869,7.6018
42870,7.6018
42871,7.0577
42872,7.6575
42873,7.6018
42874,7.7143
42875,7.6018
42876,7.6018
42877,6.875
42878,7.6018
42879,7.6018
42880,8.0
42881,7.6018
42882,7.6018
42883,7.6018
42884,7.6018
42885,5.0752
42886,7.6018
42887,7.6018
42888,7.6018
42889,7.6018
42890,9.1765
42891,8.5856
42892,6.8333
42893,10.0
42894,7.5065
42895,7.6018
42896,8.3636
42897,8.037
42898,7.6018
42899,8.3333
42900,7.6018
42901,7.6018
42902,7.6018
42903,7.6018
42904,7.6018
42905,6.6875
42906,7.6018
42907,7.1039
42908,8.0667
42909,7.6018
42910,7.6018
42911,7.6018
42912,8.1538
42913,7.6018
42914,7.6018
42915,7.6018
42916,7.6018
42917,10.0
42918,7.8462
42919,10.0
42920,8.3636
42921,7.6018
42922,7.6018
42923,7.6018
42924,7.125
42925,7.6018
42926,8.3333
42927,7.6018
42928,7.6018
42929,7.6018
42930,7.6018
42931,7.6018
42932,7.6018
42933,7.6018
42934,7.2963
42935,8.8824
42936,8.25
42937,7.6018
42938,7.4
42939,7.6018
42940,7.6018
42941,7.6018
42942,6.8125
42943,7.6018
42944,7.6018
42945,7.6018
42946,7.6018
42947,7.6018
42948,7.6018
42949,7.6018
42950,7.6018
42951,7.2857
42952,4.0
42953,7.6018
42954,7.6268
42955,7.6018
42956,7.6018
42957,8.8556
42958,7.6018
42959,7.6018
42960,8.7143
42961,7.2595
42962,7.6667
42963,7.6018
42964,7.5278
42965,7.0
42966,8.5556
42967,7.2595
42968,7.6018
42969,7.2963
42970,7.6018
42971,5.3333
42972,7.6466
42973,7.1053
42974,7.6018
42975,7.6018
42976,7.6018
42977,7.6018
42978,7.2595
42979,7.6018
42980,7.4339
42981,7.828
42982,3.6667
42983,7.5476
42984,8.0238
42985,7.6018
42986,7.6018
42987,6.875
42988,7.5
42989,7.0
42990,7.2595
42991,7.6018
42992,7.3333
42993,7.25
42994,6.5833
42995,7.5254
42996,5.5
42997,8.0
42998,7.6018
42999,7.4
43000,7.6018
43001,8.8556
43002,8.0
43003,7.2595
43004,7.6018
43005,8.7116
43006,8.0385
43007,7.2595
43008,7.6018
43009,7.6018
43010,7.6018
43011,7.6018
43012,7.6018
43013,7.6018
43014,7.6018
43015,5.3426
43016,7.6018
43017,7.6018
43018,7.2595
43019,7.6018
43020,8.6719
43021,7.1463
43022,7.6018
43023,7.6018
43024,7.55
43025,7.6018
43026,7.6018
43027,7.6018
43028,8.0
43029,7.6018
43030,6.9583
43031,8.4615
43032,7.6018
43033,7.0
43034,7.6018
43035,10.0
43036,8.25
43037,5.0
43038,7.6018
43039,7.6018
43040,7.6018
43041,7.6018
43042,8.0
43043,7.6018
43044,7.6018
43045,8.3953
43046,7.6018
43047,8.2222
43048,7.6018
43049,9.3832
43050,7.6018
43051,7.6018
43052,7.6018
43053,7.6018
43054,7.6809
43055,7.2941
43056,8.0
43057,9.0
43058,8.3571
43059,7.6018
43060,7.6018
43061,7.2595
43062,7.8
43063,5.8529
43064,7.4803
43065,8.92
43066,7.1689
43067,6.1538
43068,7.8182
43069,8.0
43070,8.0
43071,8.25
43072,7.6018
43073,9.6139
43074,7.5333
43075,7.6018
43076,7.2595
43077,7.6018
43078,7.6018
43079,7.6018
43080,7.9524
43081,7.6018
43082,8.1928
43083,6.25
43084,7.6018
43085,7.6018
43086,7.6018
43087,7.6018
43088,7.6018
43089,8.0357
43090,7.6018
43091,7.6018
43092,7.6018
43093,7.6018
43094,5.0
43095,7.6018
43096,8.8556
43097,5.5
43098,7.6018
43099,8.3953
43100,8.7368
43101,7.6018
43102,7.6018
43103,7.2846
43104,7.6018
43105,8.8
43106,7.6018
43107,7.6018
43108,7.6018
43109,7.6018
43110,8.375
43111,6.7358
43112,7.3523
43113,8.75
43114,7.6018
43115,7.6018
43116,5.0
43117,7.6018
43118,6.0
43119,8.8333
43120,7.5065
43121,7.6018
43122,7.8182
43123,7.3796
43124,7.6018
43125,7.6018
43126,7.5385
43127,7.6018
43128,7.1667
43129,7.6018
43130,7.6018
43131,7.6018
43132,9.804
43133,7.1689
43134,6.4074
43135,7.6018
43136,7.6018
43137,8.8889
43138,7.6018
43139,7.6018
43140,8.1852
43141,7.2595
43142,7.6018
43143,7.2595
43144,7.1111
43145,9.0262
43146,2.0
43147,7.6018
43148,8.4634
43149,7.6018
43150,7.6018
43151,7.6018
43152,8.5
43153,7.3523
43154,7.9688
43155,8.6667
43156,7.3404
43157,7.3462
43158,7.6018
43159,7.6018
43160,7.6018
43161,9.3158
43162,8.2857
43163,7.5
43164,7.6018
43165,8.5036
43166,7.6018
43167,7.6018
43168,9.3333
43169,7.2595
43170,8.6111
43171,7.6018
43172,9.5455
43173,8.4412
43174,7.6018
43175,7.6018
43176,7.6018
43177,8.3506
43178,7.6018
43179,8.0
43180,7.6018
43181,8.8431
43182,7.6018
43183,7.6018
43184,5.0
43185,8.6579
43186,10.0
43187,7.141
43188,7.6018
43189,7.6018
43190,8.5
43191,8.2109
43192,6.0
43193,7.6018
43194,8.4
43195,7.4286
43196,8.4615
43197,7.9677
43198,7.6154
43199,5.7778
43200,7.6018
43201,7.6018
43202,8.3731
43203,7.6018
43204,7.8718
43205,7.2595
43206,8.4101
43207,5.0
43208,7.4151
43209,5.1355
43210,7.5556
43211,7.6018
43212,7.6018
43213,7.8824
43214,7.6018
43215,7.6018
43216,7.6018
43217,7.6018
43218,9.0
43219,7.6018
43220,7.6018
43221,9.0
43222,7.7407
43223,6.8689
43224,8.8556
43225,9.1818
43226,6.8319
43227,7.6018
43228,8.7179
43229,6.6667
43230,7.9
43231,7.6667
43232,7.0833
43233,8.8556
43234,7.6018
43235,7.6018
43236,7.9559
43237,7.4444
43238,7.0
43239,8.1955
43240,7.6018
43241,8.1829
43242,7.5714
43243,7.6018
43244,8.0
43245,7.7692
43246,7.6018
43247,7.6018
43248,7.6018
43249,7.2494
43250,5.0
43251,7.6018
43252,7.6018
43253,9.3548
43254,7.6018
43255,7.6018
43256,6.9375
43257,7.2243
43258,7.6018
43259,7.1689
43260,7.6018
43261,9.1081
43262,7.6018
43263,7.6018
43264,7.6018
43265,7.6018
43266,7.6018
43267,7.6018
43268,7.6018
43269,8.0
43270,7.6018
43271,7.6018
43272,7.6018
43273,8.7903
43274,7.6018
43275,6.0226
43276,7.6018
43277,7.6018
43278,7.2595
43279,7.6018
43280,9.2565
43281,7.6018
43282,7.6018
43283,7.6018
43284,7.55
43285,7.6018
43286,7.2595
43287,3.2308
43288,7.6018
43289,7.5
43290,7.6018
43291,7.6018
43292,7.6018
43293,7.6018
43294,8.0
43295,8.42
43296,9.0262
43297,7.6018
43298,7.6018
43299,7.5556
43300,7.0
43301,8.303
43302,7.6018
43303,7.6018
43304,7.6018
43305,7.3333
43306,7.6018
43307,7.8812
43308,7.6018
43309,8.8556
43310,7.6018
43311,6.446
43312,7.6018
43313,7.6018
43314,8.7179
43315,7.6018
43316,9.0256
43317,7.6018
43318,6.5
43319,7.6018
