ID,rating
0,7.5882
1,7.7623
2,7.2602
3,7.8758
4,7.2515
5,7.8475
6,7.6018
7,7.8978
8,7.9878
9,7.3713
10,7.1595
11,8.3709
12,7.816
13,8.2898
14,7.2602
15,7.3757
16,8.282
17,7.386
18,7.4688
19,7.2156
20,7.578
21,7.5808
22,8.0002
23,7.7576
24,7.3802
25,8.1519
26,7.4
27,6.5083
28,7.6018
29,7.8604
30,7.875
31,7.766
32,7.6251
33,6.4137
34,8.1441
35,7.8084
36,7.5337
37,8.0006
38,8.5611
39,7.3348
40,7.5973
41,7.7009
42,7.1682
43,7.2602
44,7.6269
45,7.8584
46,7.7137
47,7.5253
48,7.6018
49,7.0274
50,7.1009
51,8.2744
52,7.9878
53,7.3163
54,7.8182
55,7.6304
56,8.0151
57,7.6413
58,7.6177
59,7.2727
60,5.0985
61,8.1867
62,7.7822
63,7.91
64,7.548
65,7.7994
66,6.0091
67,7.2798
68,7.6834
69,8.1995
70,7.5398
71,8.2367
72,8.6168
73,7.4182
74,8.1198
75,8.3509
76,7.3601
77,7.95
78,7.4946
79,7.9613
80,8.7006
81,7.787
82,8.26
83,7.1804
84,7.5671
85,8.6252
86,6.7658
87,7.6018
88,8.1457
89,7.7289
90,4.2874
91,7.0135
92,8.3017
93,7.339
94,8.2449
95,7.2602
96,7.5339
97,8.1704
98,7.4428
99,7.7643
100,7.6263
101,9.4326
102,8.193
103,7.6171
104,7.4299
105,7.7101
106,7.4972
107,7.6722
108,7.2602
109,7.9252
110,7.7599
111,7.3342
112,7.0737
113,7.7064
114,8.1767
115,8.0735
116,7.2115
117,8.5197
118,7.5848
119,7.6885
120,7.4622
121,7.5527
122,7.1782
123,7.7744
124,6.7784
125,7.7712
126,7.1772
127,7.6322
128,6.0463
129,7.7572
130,7.9878
131,7.8084
132,7.0679
133,7.1459
134,8.0228
135,7.9403
136,7.4985
137,8.3433
138,7.7843
139,6.6441
140,7.6992
141,7.2515
142,8.8697
143,7.3348
144,7.2602
145,7.8198
146,8.4431
147,8.0598
148,7.9855
149,7.9878
150,7.0009
151,8.8697
152,7.3167
153,7.2602
154,7.4334
155,7.8574
156,7.8783
157,7.3851
158,8.5536
159,7.471
160,7.5015
161,8.8518
162,7.2635
163,7.6018
164,7.8167
165,7.7906
166,7.7348
167,7.8345
168,8.7044
169,7.6661
170,7.0563
171,7.9878
172,8.0641
173,8.8518
174,7.6682
175,8.1187
176,8.8518
177,9.0017
178,7.9971
179,7.9877
180,6.6692
181,7.8403
182,7.9361
183,7.7439
184,7.3915
185,7.6735
186,7.5103
187,7.809
188,7.6018
189,7.8357
190,7.3662
191,7.2157
192,7.9251
193,9.3089
194,7.4219
195,7.7103
196,7.7744
197,8.1614
198,6.6093
199,7.638
200,7.2389
201,7.1542
202,8.2798
203,8.8518
204,7.0974
205,7.3616
206,7.7706
207,7.5593
208,7.8096
209,7.6677
210,7.6018
211,5.0985
212,7.638
213,7.5615
214,6.8834
215,7.6018
216,7.3005
217,8.0835
218,7.8348
219,7.9427
220,7.5692
221,7.9483
222,7.2602
223,8.349
224,7.6593
225,7.5762
226,7.6937
227,7.8584
228,7.638
229,8.1674
230,8.0927
231,7.1969
232,7.7008
233,7.5848
234,6.7834
235,7.7961
236,7.3761
237,6.8017
238,7.7919
239,7.3336
240,8.8518
241,8.1121
242,7.2815
243,8.2824
244,7.6436
245,6.7784
246,7.8216
247,7.4774
248,7.6594
249,7.4528
250,7.7207
251,7.8503
252,7.2602
253,7.4128
254,7.4728
255,6.6372
256,7.7281
257,9.3089
258,7.504
259,7.7514
260,7.5879
261,8.175
262,7.7326
263,7.7568
264,7.6673
265,5.0985
266,7.0679
267,7.4641
268,7.747
269,7.2509
270,7.8246
271,8.3316
272,8.8518
273,8.0354
274,7.4012
275,7.1575
276,8.1143
277,9.1484
278,7.9245
279,7.5892
280,7.6678
281,6.9138
282,8.6989
283,7.7479
284,8.8218
285,8.4128
286,8.8518
287,7.9276
288,7.54
289,8.175
290,7.0284
291,8.1632
292,8.1886
293,6.0318
294,6.4439
295,8.0607
296,8.0012
297,8.0006
298,7.5015
299,7.381
300,7.5365
301,7.4534
302,7.4219
303,7.4946
304,7.8836
305,5.0985
306,8.0631
307,7.6018
308,7.309
309,7.8842
310,7.7706
311,7.4407
312,7.4031
313,7.0776
314,7.9245
315,7.428
316,6.926
317,7.6481
318,7.4417
319,7.5345
320,7.5458
321,5.0985
322,8.3599
323,8.3944
324,7.6018
325,6.1672
326,7.2616
327,7.4946
328,7.5893
329,7.2679
330,8.4183
331,7.6102
332,8.431
333,7.5184
334,7.6682
335,7.4595
336,7.4103
337,7.6018
338,7.5471
339,7.8198
340,7.638
341,6.6171
342,7.6543
343,7.6231
344,8.8518
345,7.6018
346,7.3584
347,7.7161
348,8.4053
349,7.638
350,7.205
351,7.174
352,7.4296
353,9.3089
354,7.5187
355,8.0512
356,7.4836
357,7.9683
358,7.638
359,7.9561
360,7.6018
361,9.3457
362,7.9138
363,7.7562
364,6.8193
365,7.8258
366,7.6413
367,7.2363
368,7.9223
369,5.6095
370,7.8198
371,7.6952
372,7.9878
373,6.3958
374,7.6931
375,9.3089
376,7.5848
377,8.2225
378,7.7572
379,8.1749
380,7.243
381,8.2427
382,7.0275
383,7.3243
384,7.1343
385,8.1483
386,6.6462
387,7.5867
388,7.7289
389,8.3281
390,8.1995
391,7.5536
392,7.8004
393,7.3566
394,7.1934
395,8.8518
396,7.6018
397,9.3089
398,6.8193
399,7.3348
400,7.6018
401,7.7648
402,7.5498
403,8.1441
404,7.8393
405,8.0545
406,7.6304
407,8.8518
408,7.3463
409,7.9608
410,7.5727
411,7.7449
412,7.3761
413,7.6513
414,9.1484
415,8.0009
416,7.6831
417,7.7941
418,7.8439
419,7.6018
420,7.6018
421,6.7784
422,6.9382
423,8.5903
424,7.6769
425,7.3807
426,7.3471
427,8.2295
428,7.5475
429,7.6161
430,7.3068
431,7.2006
432,7.6419
433,7.4906
434,7.5178
435,7.6627
436,7.6233
437,7.4821
438,7.5794
439,7.6388
440,7.1308
441,7.8809
442,7.264
443,8.6352
444,7.806
445,7.9698
446,7.3977
447,8.5933
448,7.8452
449,7.6018
450,7.5013
451,7.2316
452,7.2511
453,7.1343
454,7.9564
455,8.5813
456,7.638
457,7.6151
458,7.2321
459,7.3084
460,7.8283
461,7.7281
462,6.3686
463,7.8679
464,6.6257
465,6.8908
466,7.9006
467,7.6012
468,7.3035
469,7.6009
470,7.5848
471,7.7149
472,8.8523
473,7.1632
474,7.6367
475,7.376
476,7.5013
477,7.8949
478,6.8705
479,8.1641
480,7.89
481,8.3033
482,8.7351
483,7.789
484,8.0566
485,9.0017
486,7.3225
487,7.3345
488,8.2084
489,7.244
490,7.2602
491,7.916
492,7.8876
493,8.2138
494,7.8394
495,8.2891
496,8.0339
497,8.5643
498,7.7597
499,7.8198
500,7.3653
501,8.1073
502,7.9414
503,7.2729
504,7.6682
505,8.8518
506,7.4896
507,7.6651
508,7.951
509,7.7515
510,7.6018
511,8.5273
512,8.2864
513,8.1051
514,7.6706
515,7.6164
516,8.5387
517,7.7562
518,5.0985
519,7.671
520,5.5399
521,7.4036
522,7.5077
523,7.2218
524,7.7769
525,8.1198
526,6.5721
527,7.638
528,7.4989
529,8.0194
530,7.4795
531,6.066
532,7.6018
533,6.8843
534,7.7178
535,7.4711
536,7.565
537,7.1252
538,8.6168
539,7.6679
540,7.1579
541,7.4949
542,7.7864
543,7.9262
544,8.6078
545,8.1702
546,8.431
547,7.2602
548,7.6199
549,7.4271
550,8.1896
551,7.6371
552,7.6777
553,7.9003
554,7.4562
555,7.1257
556,7.6018
557,7.657
558,8.2092
559,7.5509
560,7.6018
561,8.7296
562,7.6201
563,7.8779
564,7.5848
565,7.5983
566,7.976
567,7.5432
568,7.6792
569,8.1749
570,8.3029
571,7.5609
572,7.3091
573,7.8386
574,8.3127
575,7.2636
576,7.3789
577,7.1772
578,7.2423
579,7.4182
580,4.2874
581,7.9914
582,8.2367
583,7.4678
584,7.3894
585,7.6857
586,8.5004
587,7.6937
588,7.6441
589,7.7817
590,9.3089
591,7.7483
592,7.4726
593,7.5077
594,8.0234
595,7.7538
596,7.7175
597,7.3653
598,6.9532
599,8.2183
600,7.8207
601,7.3544
602,7.9065
603,7.6661
604,7.1787
605,7.9878
606,4.2874
607,8.431
608,7.1575
609,9.3426
610,5.1918
611,7.6682
612,7.4213
613,7.6
614,7.6018
615,7.5398
616,7.6209
617,7.8586
618,7.6018
619,7.5925
620,7.8051
621,7.6488
622,9.0017
623,7.874
624,7.4903
625,7.6812
626,7.856
627,7.787
628,7.0942
629,7.5954
630,5.6506
631,7.6682
632,7.4509
633,5.5368
634,7.861
635,7.5456
636,7.6018
637,7.2566
638,7.4323
639,8.4623
640,7.2182
641,7.7283
642,7.1124
643,8.8448
644,7.7515
645,8.0725
646,7.4059
647,7.5386
648,7.738
649,7.1056
650,7.4622
651,8.1198
652,7.5077
653,8.0721
654,7.8844
655,7.5471
656,7.711
657,7.793
658,7.3985
659,7.0463
660,7.7281
661,7.9777
662,7.8034
663,7.5848
664,7.9214
665,7.5077
666,8.6089
667,6.9968
668,7.1552
669,7.7674
670,7.4196
671,6.0364
672,7.1166
673,6.9721
674,8.0501
675,7.5077
676,7.1944
677,8.8518
678,6.7091
679,7.638
680,7.2602
681,7.4879
682,7.6325
683,7.1252
684,7.4491
685,8.2966
686,7.5775
687,8.5386
688,7.8198
689,6.3958
690,7.6296
691,7.5919
692,7.6508
693,7.8746
694,9.3089
695,8.6511
696,8.6063
697,7.9769
698,7.3653
699,7.5636
700,8.0174
701,7.7023
702,7.5242
703,7.2602
704,7.6018
705,7.3424
706,6.5594
707,8.2449
708,7.6106
709,7.7718
710,7.8706
711,7.1772
712,7.6345
713,8.3358
714,8.0053
715,7.6018
716,9.0291
717,9.0017
718,7.1326
719,7.8263
720,7.8694
721,7.821
722,7.386
723,7.845
724,7.4225
725,7.9182
726,7.6679
727,7.422
728,7.825
729,7.8348
730,7.7542
731,7.6404
732,7.8208
733,8.546
734,7.8198
735,7.7231
736,7.0014
737,7.4679
738,7.4071
739,7.6682
740,7.7133
741,7.6256
742,7.8423
743,7.4946
744,5.5368
745,7.6018
746,8.0598
747,8.3167
748,7.8484
749,6.1161
750,8.8518
751,7.3127
752,7.8599
753,7.4973
754,7.5956
755,7.3673
756,7.626
757,7.7547
758,7.8658
759,8.0265
760,7.4244
761,9.3457
762,7.3688
763,5.0985
764,7.232
765,7.6842
766,7.9878
767,8.1841
768,7.5015
769,7.8854
770,7.246
771,7.3088
772,8.2891
773,7.5887
774,7.4393
775,7.7934
776,7.8198
777,7.595
778,7.5016
779,7.441
780,7.8645
781,7.2602
782,8.262
783,7.9191
784,6.8229
785,7.9174
786,7.8198
787,7.3134
788,7.7289
789,7.7967
790,7.2602
791,7.9276
792,6.793
793,6.7837
794,8.4279
795,7.2763
796,8.8518
797,7.9216
798,7.364
799,7.5799
800,8.6821
801,6.3883
802,6.2241
803,7.1376
804,8.0082
805,7.512
806,7.5677
807,8.2183
808,6.0399
809,8.8518
810,7.5094
811,7.1455
812,5.1918
813,8.0006
814,7.5015
815,7.3566
816,9.3089
817,6.8269
818,7.638
819,4.2874
820,7.0981
821,7.6018
822,8.2257
823,8.8777
824,7.3843
825,7.2558
826,7.7924
827,7.4805
828,8.6772
829,7.506
830,7.828
831,7.5011
832,7.9138
833,5.6506
834,7.638
835,7.3874
836,8.0933
837,9.3089
838,7.5893
839,7.3899
840,7.5471
841,7.4144
842,8.5266
843,8.0268
844,7.501
845,8.3433
846,7.3239
847,7.566
848,8.1995
849,7.6526
850,8.6078
851,7.8203
852,7.5727
853,7.7644
854,8.1187
855,7.6296
856,9.3426
857,7.5077
858,7.4012
859,8.0917
860,7.3628
861,8.1607
862,7.8195
863,7.664
864,7.8511
865,6.2241
866,7.6937
867,7.5922
868,7.653
869,8.6372
870,7.5619
871,7.8888
872,7.3524
873,7.4284
874,7.2566
875,7.5971
876,7.6408
877,7.1766
878,7.7624
879,8.0654
880,7.3566
881,7.1216
882,7.2602
883,7.0334
884,7.7597
885,7.4622
886,7.6764
887,7.6305
888,7.2987
889,8.1242
890,8.1565
891,7.4716
892,7.3906
893,7.7235
894,5.4827
895,7.82
896,7.838
897,7.8941
898,7.7189
899,7.6168
900,6.1809
901,8.1041
902,7.4137
903,7.7078
904,7.6018
905,7.2012
906,7.6782
907,7.2549
908,7.847
909,7.8009
910,7.3502
911,7.6267
912,8.2145
913,8.0336
914,7.2306
915,5.0985
916,7.6804
917,8.3945
918,7.63
919,8.3433
920,7.3348
921,7.8035
922,7.6505
923,7.54
924,7.5527
925,7.7216
926,7.8138
927,7.664
928,7.5015
929,7.972
930,7.638
931,7.9449
932,7.4784
933,7.3653
934,6.1809
935,8.4534
936,7.6677
937,8.183
938,8.8518
939,7.7428
940,7.7939
941,8.8518
942,7.8668
943,7.6682
944,8.2829
945,7.8053
946,7.4973
947,7.4414
948,7.6018
949,7.6018
950,7.7122
951,7.5637
952,7.6002
953,7.3653
954,7.2482
955,7.233
956,8.3562
957,8.3431
958,7.638
959,7.3818
960,7.2602
961,7.2479
962,6.3686
963,8.0641
964,8.2845
965,7.6018
966,7.4365
967,7.5398
968,7.2602
969,7.5604
970,5.9674
971,7.5604
972,7.1353
973,7.5884
974,7.8342
975,5.696
976,7.1772
977,7.6303
978,7.6817
979,8.7607
980,7.6018
981,7.2602
982,7.6394
983,6.3686
984,7.9089
985,7.6201
986,5.0985
987,8.3017
988,7.9789
989,7.8214
990,7.9483
991,7.6051
992,8.0006
993,7.2977
994,8.2139
995,7.6018
996,7.6364
997,8.6089
998,8.178
999,7.6168
1000,7.6613
1001,7.7511
1002,8.2498
1003,8.0721
1004,7.3757
1005,7.404
1006,7.9741
1007,8.1312
1008,7.4182
1009,8.3688
1010,5.0985
1011,7.1552
1012,7.1616
1013,7.4036
1014,8.1775
1015,7.37
1016,7.5464
1017,6.6441
1018,7.3659
1019,7.5927
1020,8.3199
1021,6.793
1022,8.8518
1023,7.6387
1024,7.4661
1025,7.2185
1026,7.6831
1027,6.3386
1028,7.3597
1029,7.6018
1030,6.6006
1031,7.1682
1032,8.1256
1033,7.4798
1034,8.497
1035,7.5077
1036,9.2946
1037,7.3296
1038,7.5192
1039,7.8804
1040,7.6012
1041,7.3392
1042,8.7713
1043,7.7364
1044,7.7439
1045,7.7995
1046,7.2006
1047,7.9777
1048,6.8843
1049,7.6287
1050,7.7192
1051,7.2602
1052,7.9974
1053,7.3954
1054,7.481
1055,7.7344
1056,7.6866
1057,7.7568
1058,7.6811
1059,7.5889
1060,8.135
1061,8.1931
1062,6.5006
1063,7.3566
1064,7.2566
1065,8.2443
1066,7.5957
1067,7.9011
1068,7.8448
1069,7.9182
1070,7.8882
1071,7.8153
1072,7.5973
1073,7.3136
1074,7.6018
1075,7.0467
1076,7.399
1077,7.3942
1078,7.4562
1079,7.4386
1080,7.1447
1081,7.3921
1082,7.738
1083,7.6018
1084,7.3609
1085,9.3089
1086,7.7602
1087,7.638
1088,7.5015
1089,7.6463
1090,8.6396
1091,7.5013
1092,6.7345
1093,7.5939
1094,7.5471
1095,7.763
1096,8.6688
1097,7.2602
1098,7.524
1099,8.0011
1100,7.758
1101,7.8348
1102,9.1484
1103,7.8165
1104,7.2824
1105,8.8518
1106,7.5697
1107,7.4472
1108,6.4407
1109,7.7151
1110,5.6506
1111,7.8198
1112,7.5527
1113,7.793
1114,7.6539
1115,7.6641
1116,7.1834
1117,9.4547
1118,7.5636
1119,7.8959
1120,8.2438
1121,7.4946
1122,7.5077
1123,7.8407
1124,7.2602
1125,7.9276
1126,7.5864
1127,7.5008
1128,7.6395
1129,6.8843
1130,7.4642
1131,8.2614
1132,7.8604
1133,7.2602
1134,7.2602
1135,7.4719
1136,7.3985
1137,7.6475
1138,7.2602
1139,7.9936
1140,7.6018
1141,8.1234
1142,7.8207
1143,8.8518
1144,7.2288
1145,7.4985
1146,6.4149
1147,7.6263
1148,7.1187
1149,7.9038
1150,7.4997
1151,7.0671
1152,8.2072
1153,7.7014
1154,7.646
1155,7.7166
1156,7.7221
1157,7.319
1158,6.3695
1159,7.6168
1160,7.0783
1161,6.7069
1162,7.6179
1163,7.6018
1164,7.2057
1165,7.6734
1166,6.9758
1167,6.728
1168,8.048
1169,7.6018
1170,6.3084
1171,7.6519
1172,7.8012
1173,7.8135
1174,7.6903
1175,7.2602
1176,7.1844
1177,7.2039
1178,7.6018
1179,6.8843
1180,7.5471
1181,7.668
1182,7.4859
1183,7.2602
1184,8.0437
1185,7.718
1186,8.0839
1187,7.6168
1188,7.5631
1189,7.4365
1190,7.5882
1191,7.31
1192,7.3624
1193,7.2599
1194,7.8646
1195,7.756
1196,9.3877
1197,7.9733
1198,7.5361
1199,7.3899
1200,7.6018
1201,7.9796
1202,8.154
1203,8.1437
1204,7.2498
1205,7.7601
1206,7.79
1207,7.6018
1208,8.0004
1209,7.7007
1210,8.594
1211,7.2805
1212,6.8318
1213,5.0985
1214,9.3777
1215,7.8619
1216,8.175
1217,9.0776
1218,7.6776
1219,8.0961
1220,7.7098
1221,8.0613
1222,7.5527
1223,7.6357
1224,7.6126
1225,8.8518
1226,8.0004
1227,7.6018
1228,7.0586
1229,7.6018
1230,7.8084
1231,7.6682
1232,7.4679
1233,7.2602
1234,6.7672
1235,8.8518
1236,7.0636
1237,8.2836
1238,7.6121
1239,7.7149
1240,7.0574
1241,7.6345
1242,7.5367
1243,7.891
1244,8.0774
1245,7.9878
1246,6.5893
1247,7.9266
1248,8.8518
1249,7.6987
1250,7.6596
1251,7.3295
1252,9.1057
1253,5.1918
1254,7.3136
1255,7.1121
1256,7.6256
1257,8.8518
1258,7.8127
1259,8.1897
1260,7.8314
1261,5.0985
1262,8.1989
1263,7.8244
1264,7.5721
1265,7.8104
1266,7.6513
1267,7.3757
1268,4.2874
1269,7.4081
1270,6.7118
1271,8.0826
1272,7.6505
1273,7.9345
1274,7.6428
1275,5.0985
1276,8.7665
1277,8.8518
1278,7.3818
1279,6.8843
1280,7.9431
1281,7.4573
1282,7.5536
1283,8.1058
1284,7.2246
1285,7.3991
1286,7.4182
1287,7.5956
1288,7.6638
1289,7.7919
1290,8.0108
1291,8.1085
1292,7.6114
1293,8.1189
1294,7.6201
1295,9.3089
1296,7.839
1297,7.6018
1298,7.5345
1299,7.9751
1300,7.1345
1301,7.9937
1302,8.2279
1303,7.2969
1304,7.3411
1305,7.2602
1306,7.9878
1307,7.4573
1308,6.066
1309,7.7515
1310,7.3653
1311,7.2602
1312,8.3868
1313,7.3566
1314,7.7228
1315,7.638
1316,7.9878
1317,7.4368
1318,7.8673
1319,7.6368
1320,8.1357
1321,7.8443
1322,7.9745
1323,5.9674
1324,7.0674
1325,7.0956
1326,7.6404
1327,7.2744
1328,8.3223
1329,7.6105
1330,7.7614
1331,8.1995
1332,7.8129
1333,7.6018
1334,7.5016
1335,7.5904
1336,8.4226
1337,7.6773
1338,8.4702
1339,8.2138
1340,8.1683
1341,7.5623
1342,7.4182
1343,7.2602
1344,7.2602
1345,7.5956
1346,8.2449
1347,7.4
1348,7.4746
1349,7.2407
1350,7.2602
1351,7.443
1352,7.6353
1353,7.9003
1354,7.8509
1355,8.7797
1356,7.6157
1357,8.546
1358,7.7628
1359,7.5015
1360,7.3191
1361,7.5956
1362,7.7515
1363,7.6658
1364,7.5275
1365,7.3182
1366,7.3084
1367,7.638
1368,7.2602
1369,7.8136
1370,7.6018
1371,7.6164
1372,7.9276
1373,7.3091
1374,7.4036
1375,7.4536
1376,7.8508
1377,8.0173
1378,7.4585
1379,8.2023
1380,7.5009
1381,7.638
1382,7.5086
1383,7.4491
1384,7.4985
1385,7.4711
1386,7.2846
1387,8.3739
1388,5.0985
1389,7.3004
1390,8.0238
1391,8.8518
1392,8.8448
1393,7.4491
1394,8.0014
1395,7.3985
1396,7.7353
1397,7.7706
1398,6.899
1399,7.6018
1400,7.638
1401,5.6506
1402,8.4267
1403,7.535
1404,7.2347
1405,7.6221
1406,7.7515
1407,7.7106
1408,7.9133
1409,7.6914
1410,7.2602
1411,7.9649
1412,7.5006
1413,7.5956
1414,7.9656
1415,7.8217
1416,7.7058
1417,7.5535
1418,7.741
1419,7.6546
1420,7.6675
1421,7.8034
1422,7.9543
1423,7.6457
1424,7.6441
1425,7.3584
1426,7.8012
1427,5.6095
1428,7.9995
1429,7.2602
1430,7.5386
1431,7.5516
1432,8.0916
1433,7.496
1434,8.193
1435,7.6177
1436,7.5154
1437,8.0919
1438,7.8949
1439,7.233
1440,7.9636
1441,8.0586
1442,7.5984
1443,7.3566
1444,7.3596
1445,7.5077
1446,5.0985
1447,7.5011
1448,8.1926
1449,7.4711
1450,7.6018
1451,7.8396
1452,7.4656
1453,8.3371
1454,7.5242
1455,7.1939
1456,7.2034
1457,7.5506
1458,7.683
1459,7.3348
1460,7.6018
1461,7.1343
1462,8.0937
1463,8.0585
1464,7.6638
1465,7.6954
1466,8.1404
1467,8.0139
1468,8.163
1469,7.3245
1470,7.1772
1471,8.0029
1472,7.7384
1473,7.4513
1474,7.7129
1475,7.9659
1476,7.2844
1477,7.7261
1478,7.738
1479,7.5962
1480,7.1312
1481,8.2115
1482,7.3019
1483,7.6584
1484,8.0551
1485,7.6304
1486,8.1138
1487,7.6018
1488,6.1313
1489,7.3392
1490,6.3652
1491,7.3628
1492,7.6018
1493,8.9397
1494,8.621
1495,7.9878
1496,7.3495
1497,7.2602
1498,7.4099
1499,7.5471
1500,8.4128
1501,7.7441
1502,7.3
1503,7.2465
1504,8.0605
1505,8.2498
1506,7.6224
1507,6.066
1508,7.8319
1509,7.5077
1510,7.6018
1511,8.8777
1512,6.7658
1513,7.7771
1514,7.6018
1515,7.3653
1516,8.1574
1517,7.3566
1518,7.7774
1519,7.1455
1520,5.7899
1521,7.4192
1522,7.53
1523,7.6654
1524,7.2475
1525,7.4128
1526,6.9299
1527,8.431
1528,7.7706
1529,9.118
1530,8.6361
1531,5.7031
1532,7.2602
1533,7.3566
1534,7.4182
1535,9.0017
1536,8.8523
1537,9.4547
1538,7.9324
1539,7.7144
1540,7.6018
1541,7.608
1542,8.1434
1543,8.3017
1544,7.6307
1545,8.1132
1546,8.8518
1547,7.6561
1548,7.126
1549,7.7188
1550,7.6018
1551,8.6727
1552,7.9253
1553,7.9897
1554,8.5902
1555,8.0673
1556,5.0985
1557,7.7515
1558,7.8584
1559,7.9019
1560,7.6026
1561,7.738
1562,8.0885
1563,7.3658
1564,7.6308
1565,8.1228
1566,7.8348
1567,8.012
1568,7.4562
1569,7.715
1570,7.6717
1571,7.9654
1572,8.8523
1573,7.6018
1574,7.7156
1575,7.5697
1576,7.7339
1577,6.0404
1578,8.8518
1579,7.2602
1580,7.6018
1581,7.8006
1582,7.665
1583,7.5154
1584,8.175
1585,7.5471
1586,7.5439
1587,8.4725
1588,7.5077
1589,7.8409
1590,7.6931
1591,7.3067
1592,7.8367
1593,7.6119
1594,7.4433
1595,7.3127
1596,7.8225
1597,6.858
1598,7.7663
1599,6.9595
1600,8.1198
1601,8.0178
1602,8.417
1603,5.5368
1604,7.3557
1605,7.4258
1606,7.3813
1607,7.6018
1608,5.6506
1609,7.6096
1610,8.1552
1611,7.7706
1612,7.6683
1613,7.6261
1614,8.5933
1615,8.4105
1616,7.638
1617,7.7125
1618,7.4951
1619,8.2427
1620,8.2756
1621,7.2788
1622,7.6204
1623,7.8584
1624,6.7338
1625,7.6263
1626,7.6018
1627,7.5527
1628,7.9878
1629,7.4879
1630,7.5051
1631,7.6261
1632,7.8845
1633,7.705
1634,8.4223
1635,7.9683
1636,7.9454
1637,8.287
1638,8.0602
1639,8.1552
1640,7.6937
1641,7.2602
1642,7.3457
1643,7.2602
1644,7.9522
1645,8.1014
1646,7.5841
1647,6.8407
1648,7.8084
1649,7.9807
1650,7.6625
1651,7.2602
1652,7.7603
1653,7.6857
1654,7.6
1655,6.9265
1656,7.6831
1657,7.7473
1658,7.2182
1659,7.6378
1660,7.6018
1661,8.0627
1662,7.6263
1663,7.4385
1664,7.54
1665,7.5812
1666,9.3877
1667,8.4081
1668,8.3038
1669,7.6673
1670,7.0488
1671,8.0182
1672,7.2217
1673,8.0015
1674,7.6299
1675,7.8795
1676,6.2363
1677,7.5015
1678,7.9796
1679,7.2875
1680,7.8792
1681,7.2602
1682,7.9412
1683,7.8198
1684,7.6018
1685,5.6506
1686,7.5471
1687,7.7289
1688,7.6146
1689,7.2075
1690,7.3182
1691,6.066
1692,7.4701
1693,7.4548
1694,7.6018
1695,7.6765
1696,7.4562
1697,7.9509
1698,6.0915
1699,7.1215
1700,7.6548
1701,7.8198
1702,7.5014
1703,7.7628
1704,7.9357
1705,7.558
1706,6.9319
1707,8.8518
1708,7.9371
1709,7.7364
1710,7.6886
1711,7.2991
1712,7.6704
1713,8.0509
1714,7.6617
1715,7.6018
1716,7.779
1717,7.2866
1718,7.8483
1719,8.2904
1720,7.9855
1721,7.6018
1722,7.4822
1723,7.486
1724,6.7781
1725,7.676
1726,8.0469
1727,8.3358
1728,7.2602
1729,7.6263
1730,7.6682
1731,7.2011
1732,7.5848
1733,7.1308
1734,7.3167
1735,6.5783
1736,8.8518
1737,7.9289
1738,7.8198
1739,6.1372
1740,7.6741
1741,6.7784
1742,7.422
1743,7.6419
1744,7.6265
1745,7.6476
1746,7.6018
1747,8.0612
1748,7.3774
1749,7.345
1750,7.787
1751,8.0003
1752,7.2602
1753,7.2193
1754,7.755
1755,7.501
1756,7.7289
1757,8.7503
1758,7.483
1759,7.4955
1760,7.5956
1761,7.8087
1762,7.3248
1763,8.1501
1764,8.1814
1765,7.6018
1766,7.5927
1767,7.3039
1768,8.1703
1769,7.564
1770,7.8367
1771,5.4669
1772,7.8834
1773,7.7719
1774,7.787
1775,7.7852
1776,7.272
1777,7.3348
1778,7.6821
1779,8.0425
1780,8.4738
1781,7.5077
1782,7.8926
1783,7.3653
1784,7.638
1785,7.0566
1786,7.5015
1787,7.5077
1788,7.7474
1789,7.9579
1790,7.1085
1791,7.7139
1792,7.5916
1793,7.7815
1794,8.0545
1795,7.5342
1796,7.8574
1797,8.3256
1798,7.8167
1799,7.6525
1800,8.3239
1801,7.7375
1802,7.2602
1803,7.6556
1804,7.7864
1805,5.6506
1806,8.2956
1807,7.7431
1808,7.0727
1809,7.5029
1810,7.4491
1811,8.4804
1812,7.5618
1813,7.3168
1814,7.6235
1815,8.8518
1816,7.3443
1817,7.4657
1818,7.6633
1819,7.858
1820,8.7665
1821,7.8028
1822,7.7541
1823,7.1677
1824,7.6527
1825,7.2602
1826,8.3808
1827,7.5287
1828,8.0086
1829,7.6018
1830,6.9385
1831,7.6672
1832,7.6831
1833,7.8129
1834,7.2566
1835,7.9521
1836,7.4959
1837,7.7598
1838,7.1305
1839,6.0915
1840,8.0058
1841,8.1265
1842,7.635
1843,7.3136
1844,8.0551
1845,7.1741
1846,7.7958
1847,7.7902
1848,7.6018
1849,7.4226
1850,7.2602
1851,7.467
1852,7.5103
1853,7.5872
1854,7.7835
1855,6.7714
1856,7.6576
1857,6.9009
1858,7.3653
1859,7.4935
1860,7.6018
1861,7.7778
1862,8.5126
1863,7.7863
1864,7.2502
1865,7.2788
1866,7.5843
1867,7.8221
1868,7.5288
1869,7.3345
1870,6.2182
1871,8.8518
1872,7.3597
1873,7.8026
1874,7.6018
1875,7.5527
1876,7.7512
1877,7.727
1878,7.5225
1879,7.3682
1880,7.6018
1881,9.0017
1882,7.5214
1883,6.726
1884,6.7348
1885,8.6915
1886,7.5247
1887,7.4378
1888,7.4685
1889,8.0011
1890,8.272
1891,7.5473
1892,7.5533
1893,7.9434
1894,7.597
1895,7.4225
1896,7.6441
1897,7.5386
1898,7.638
1899,8.0606
1900,7.7187
1901,7.1772
1902,8.204
1903,7.4706
1904,6.6687
1905,7.7609
1906,7.6018
1907,7.3314
1908,7.7198
1909,7.7334
1910,7.3808
1911,7.7434
1912,8.1749
1913,7.8814
1914,7.638
1915,7.8153
1916,7.6526
1917,7.8814
1918,7.8574
1919,7.6018
1920,7.6018
1921,7.6682
1922,7.5077
1923,7.744
1924,7.638
1925,7.3321
1926,9.0017
1927,7.8632
1928,7.8245
1929,8.5902
1930,6.6886
1931,7.3653
1932,7.3393
1933,7.9461
1934,7.6163
1935,7.4574
1936,7.54
1937,7.3167
1938,7.2594
1939,7.8941
1940,6.7784
1941,8.1416
1942,7.3347
1943,7.8584
1944,8.2257
1945,7.8807
1946,7.6018
1947,8.0222
1948,9.2309
1949,7.5207
1950,7.6307
1951,7.1575
1952,7.802
1953,8.0398
1954,7.8034
1955,7.6263
1956,7.3985
1957,8.1079
1958,7.572
1959,7.2602
1960,7.2081
1961,8.8005
1962,7.7278
1963,7.5848
1964,7.2602
1965,8.2257
1966,8.0463
1967,8.0237
1968,7.8862
1969,7.1552
1970,7.2602
1971,6.4965
1972,6.0392
1973,7.72
1974,7.7646
1975,7.5009
1976,7.3093
1977,8.7665
1978,8.3571
1979,8.1509
1980,8.8518
1981,7.5471
1982,5.0985
1983,8.1066
1984,7.7789
1985,7.6435
1986,5.0985
1987,7.4254
1988,6.8899
1989,8.0084
1990,5.0985
1991,7.6519
1992,7.7315
1993,7.66
1994,7.1775
1995,9.3089
1996,8.17
1997,8.0827
1998,6.9299
1999,8.8494
2000,9.3426
2001,7.968
2002,7.764
2003,6.9669
2004,7.7156
2005,7.0453
2006,7.6931
2007,7.4046
2008,7.882
2009,7.7638
2010,7.7142
2011,7.7706
2012,7.7289
2013,5.6095
2014,7.2602
2015,7.8165
2016,8.2449
2017,7.6018
2018,5.1918
2019,7.5001
2020,7.4491
2021,7.7136
2022,7.7318
2023,7.4165
2024,6.8136
2025,7.6256
2026,8.0656
2027,8.0467
2028,6.9099
2029,6.9578
2030,7.6168
2031,8.0602
2032,7.6263
2033,7.4716
2034,7.8012
2035,7.4344
2036,7.7643
2037,7.6018
2038,6.8773
2039,7.9182
2040,7.7289
2041,7.6012
2042,8.1277
2043,7.0167
2044,8.4185
2045,7.3863
2046,8.0015
2047,8.3348
2048,7.6942
2049,7.898
2050,7.0727
2051,7.5488
2052,7.5848
2053,8.1085
2054,7.3247
2055,7.8834
2056,7.5556
2057,5.5368
2058,9.0922
2059,7.3861
2060,7.1339
2061,7.8373
2062,7.9245
2063,7.8569
2064,7.6059
2065,8.3219
2066,7.2012
2067,7.9104
2068,7.5531
2069,9.2859
2070,7.7239
2071,7.0394
2072,7.8901
2073,7.5607
2074,7.7498
2075,7.5072
2076,7.6678
2077,8.537
2078,8.0731
2079,7.644
2080,7.6018
2081,7.3694
2082,7.3509
2083,7.4735
2084,9.0813
2085,7.4299
2086,7.4012
2087,8.5387
2088,7.203
2089,5.4669
2090,8.2866
2091,7.5471
2092,7.6018
2093,7.4686
2094,7.7434
2095,9.3777
2096,8.1295
2097,7.9878
2098,7.2602
2099,8.2183
2100,7.4183
2101,7.8756
2102,8.0839
2103,8.0015
2104,8.6509
2105,7.6558
2106,7.6735
2107,7.193
2108,9.118
2109,7.849
2110,7.9866
2111,7.556
2112,9.3089
2113,7.5388
2114,7.1126
2115,7.4554
2116,7.7691
2117,7.843
2118,7.5471
2119,7.7069
2120,7.6018
2121,7.5879
2122,7.7248
2123,7.6018
2124,7.5028
2125,8.8518
2126,6.7924
2127,7.3582
2128,7.6455
2129,7.3681
2130,7.685
2131,7.4322
2132,8.8518
2133,8.2728
2134,7.5047
2135,7.5848
2136,7.5392
2137,7.3689
2138,7.6018
2139,7.4182
2140,7.2115
2141,8.5562
2142,8.5719
2143,7.3653
2144,7.54
2145,7.2602
2146,8.8518
2147,8.0654
2148,7.6018
2149,7.319
2150,7.5016
2151,8.8518
2152,7.6018
2153,7.8447
2154,7.8843
2155,7.0579
2156,8.458
2157,8.0858
2158,8.1085
2159,8.1493
2160,7.638
2161,7.7522
2162,7.0783
2163,8.2888
2164,7.6682
2165,8.404
2166,8.0056
2167,7.7272
2168,8.1292
2169,7.4654
2170,7.4673
2171,7.7515
2172,7.5741
2173,6.3686
2174,7.4031
2175,6.5161
2176,8.0002
2177,7.3456
2178,7.4036
2179,7.7578
2180,7.4489
2181,7.2515
2182,8.4431
2183,7.7409
2184,7.2602
2185,7.638
2186,7.8542
2187,6.9148
2188,8.2904
2189,7.8237
2190,7.1772
2191,8.8518
2192,5.4897
2193,6.7421
2194,7.6018
2195,6.4137
2196,7.2602
2197,8.2448
2198,8.2156
2199,7.2975
2200,7.4644
2201,7.6018
2202,6.1809
2203,7.5527
2204,7.1601
2205,7.5475
2206,5.0985
2207,8.2004
2208,7.5509
2209,7.5727
2210,7.6018
2211,8.1164
2212,7.8062
2213,9.0017
2214,5.0985
2215,7.3627
2216,7.2012
2217,7.6018
2218,8.0339
2219,7.7278
2220,7.4727
2221,7.309
2222,8.3908
2223,7.7142
2224,7.2963
2225,8.2505
2226,7.2066
2227,6.8131
2228,7.102
2229,7.3582
2230,7.5544
2231,7.2599
2232,8.3337
2233,7.4385
2234,7.3584
2235,7.1677
2236,7.638
2237,7.607
2238,8.5334
2239,7.7283
2240,5.6506
2241,8.3361
2242,8.0835
2243,8.3415
2244,7.337
2245,7.1588
2246,7.4562
2247,8.8518
2248,7.638
2249,6.5258
2250,6.8834
2251,7.6213
2252,7.1828
2253,7.6018
2254,8.8518
2255,8.0551
2256,7.5339
2257,9.4326
2258,8.5305
2259,7.8518
2260,7.8704
2261,6.2119
2262,7.243
2263,5.0985
2264,8.8518
2265,8.6405
2266,7.7008
2267,7.3084
2268,7.2515
2269,7.5077
2270,7.5956
2271,7.4122
2272,7.4528
2273,6.8549
2274,7.4423
2275,8.389
2276,7.7231
2277,7.5655
2278,7.2109
2279,7.2602
2280,7.4491
2281,7.4667
2282,8.2257
2283,8.0424
2284,7.6175
2285,5.9674
2286,7.6018
2287,7.3387
2288,7.7863
2289,7.8724
2290,7.4151
2291,7.9427
2292,7.4945
2293,7.1772
2294,7.6018
2295,7.6018
2296,7.5956
2297,7.8464
2298,8.0009
2299,7.2959
2300,8.3358
2301,7.4182
2302,6.8017
2303,8.8518
2304,7.4658
2305,7.9863
2306,7.5369
2307,7.3496
2308,7.8129
2309,6.1809
2310,7.1772
2311,8.2123
2312,7.2869
2313,8.0102
2314,5.1918
2315,7.3625
2316,6.9277
2317,7.4454
2318,7.4178
2319,7.616
2320,7.6116
2321,7.5322
2322,7.9182
2323,5.4897
2324,8.4681
2325,7.4132
2326,7.5723
2327,8.0437
2328,7.538
2329,8.105
2330,7.59
2331,7.878
2332,7.6018
2333,7.2736
2334,9.0017
2335,6.793
2336,7.8608
2337,7.6544
2338,7.6018
2339,7.2602
2340,7.6018
2341,7.9795
2342,7.1943
2343,7.9895
2344,7.7515
2345,7.6211
2346,9.0017
2347,7.7526
2348,7.4081
2349,7.7648
2350,6.3883
2351,7.6173
2352,8.3899
2353,8.1598
2354,8.0424
2355,8.1464
2356,7.1521
2357,9.4326
2358,7.4562
2359,7.8267
2360,8.3868
2361,7.9912
2362,7.4629
2363,6.3248
2364,8.0461
2365,7.7023
2366,7.3679
2367,7.6934
2368,7.4597
2369,8.2157
2370,7.8369
2371,6.7784
2372,8.1085
2373,8.1195
2374,7.5753
2375,8.8518
2376,5.0985
2377,7.5413
2378,7.4362
2379,7.5956
2380,6.901
2381,5.6095
2382,8.1009
2383,6.8908
2384,7.6938
2385,7.6018
2386,7.5636
2387,7.4044
2388,7.6018
2389,7.1772
2390,7.2602
2391,7.5527
2392,7.6018
2393,7.6545
2394,8.1884
2395,7.5531
2396,7.9573
2397,7.1862
2398,7.4307
2399,5.1918
2400,7.3782
2401,7.5926
2402,7.6265
2403,7.3927
2404,7.6937
2405,6.6886
2406,7.7588
2407,6.8679
2408,8.4259
2409,7.0616
2410,8.0379
2411,7.3955
2412,7.8279
2413,7.0312
2414,7.3348
2415,8.0009
2416,8.5562
2417,7.2972
2418,7.9878
2419,7.7639
2420,7.5439
2421,7.6018
2422,7.2602
2423,7.9121
2424,7.7629
2425,7.2602
2426,7.4012
2427,7.3348
2428,8.2146
2429,7.4983
2430,7.638
2431,7.1851
2432,5.4897
2433,7.7503
2434,7.5016
2435,7.6018
2436,7.4447
2437,7.6838
2438,7.9409
2439,7.751
2440,7.2182
2441,7.4716
2442,8.8518
2443,7.6658
2444,7.5442
2445,8.3545
2446,7.6216
2447,7.4445
2448,7.6045
2449,7.4644
2450,7.5761
2451,7.1674
2452,7.8561
2453,7.9673
2454,7.77
2455,7.5843
2456,7.7101
2457,7.1256
2458,7.4684
2459,7.3659
2460,7.7424
2461,7.7289
2462,7.491
2463,7.5836
2464,7.703
2465,7.2602
2466,7.6352
2467,7.4487
2468,7.6018
2469,8.0327
2470,9.3426
2471,7.6079
2472,7.197
2473,5.0985
2474,7.8198
2475,7.344
2476,7.7592
2477,7.2602
2478,8.0012
2479,7.3985
2480,6.5015
2481,7.5013
2482,7.1772
2483,7.6748
2484,5.0985
2485,9.0017
2486,6.7658
2487,7.5305
2488,7.8348
2489,6.8017
2490,7.6638
2491,7.3596
2492,8.135
2493,7.211
2494,7.6242
2495,7.7503
2496,7.7402
2497,7.9878
2498,6.7834
2499,7.7665
2500,8.0009
2501,7.1751
2502,8.3757
2503,7.4345
2504,7.334
2505,7.6018
2506,6.4425
2507,7.5848
2508,7.2602
2509,6.8412
2510,7.5005
2511,7.653
2512,7.6018
2513,7.9136
2514,7.4946
2515,7.6018
2516,7.6675
2517,7.6487
2518,7.4629
2519,7.8765
2520,7.7261
2521,9.0017
2522,7.66
2523,8.0414
2524,8.3358
2525,7.5077
2526,7.7658
2527,8.6386
2528,7.8754
2529,7.3392
2530,7.638
2531,8.8518
2532,7.7719
2533,7.6018
2534,7.5875
2535,7.9397
2536,7.9475
2537,8.8518
2538,7.264
2539,7.5015
2540,7.8807
2541,7.6018
2542,7.5254
2543,8.7876
2544,8.2543
2545,7.0009
2546,8.3035
2547,8.5721
2548,5.0985
2549,7.5345
2550,7.6934
2551,8.8518
2552,8.26
2553,5.0985
2554,8.3497
2555,7.5015
2556,7.5867
2557,7.1682
2558,8.038
2559,8.0632
2560,8.4431
2561,7.5829
2562,7.5787
2563,7.6457
2564,7.1682
2565,7.2258
2566,8.8518
2567,7.2602
2568,7.5863
2569,7.2602
2570,8.2679
2571,7.5077
2572,7.7557
2573,8.7296
2574,7.8338
2575,7.3833
2576,7.1595
2577,7.3348
2578,7.4716
2579,7.87
2580,7.9864
2581,7.5398
2582,7.8712
2583,7.6048
2584,7.6308
2585,7.1343
2586,7.8786
2587,8.3509
2588,8.4123
2589,8.8518
2590,7.3215
2591,7.5077
2592,7.901
2593,7.8721
2594,7.3091
2595,7.3091
2596,7.9878
2597,7.5504
2598,7.184
2599,7.3582
2600,7.243
2601,7.6018
2602,7.6783
2603,7.2575
2604,7.6018
2605,8.3358
2606,7.6831
2607,7.9324
2608,6.48
2609,7.6018
2610,7.9245
2611,7.5996
2612,7.2602
2613,8.8518
2614,7.5957
2615,7.2602
2616,7.1442
2617,8.717
2618,7.5392
2619,7.8463
2620,7.7148
2621,7.7289
2622,7.8012
2623,7.8448
2624,7.3314
2625,7.8348
2626,7.9266
2627,7.5577
2628,7.7658
2629,7.5337
2630,7.4321
2631,7.5233
2632,8.4431
2633,5.0985
2634,7.2515
2635,7.6416
2636,7.787
2637,7.8625
2638,8.478
2639,8.042
2640,7.6392
2641,7.3653
2642,8.6688
2643,7.716
2644,7.2602
2645,6.6951
2646,8.3653
2647,8.1856
2648,8.8518
2649,8.2744
2650,7.2602
2651,5.1918
2652,5.0985
2653,7.4946
2654,7.6638
2655,7.1552
2656,7.6018
2657,8.0479
2658,7.3762
2659,7.6018
2660,6.7345
2661,7.3761
2662,8.1411
2663,7.5681
2664,7.9052
2665,8.8518
2666,7.2851
2667,8.0015
2668,7.6008
2669,7.1674
2670,7.6018
2671,7.2602
2672,6.9277
2673,7.1591
2674,7.3062
2675,7.6404
2676,8.1123
2677,7.5345
2678,7.5911
2679,8.0641
2680,8.546
2681,7.6018
2682,7.7059
2683,5.6506
2684,7.4491
2685,7.6638
2686,8.0339
2687,7.3566
2688,8.8518
2689,7.6476
2690,7.638
2691,7.9654
2692,7.6018
2693,8.8518
2694,7.4958
2695,8.1006
2696,8.0077
2697,7.821
2698,7.7509
2699,7.9289
2700,7.8965
2701,7.9037
2702,7.6018
2703,7.3064
2704,9.2946
2705,8.1338
2706,9.0017
2707,7.2066
2708,7.6914
2709,8.3337
2710,7.7314
2711,7.787
2712,7.4405
2713,7.9427
2714,8.2012
2715,8.1378
2716,7.6018
2717,8.1767
2718,7.6863
2719,7.8936
2720,7.736
2721,7.3335
2722,7.8198
2723,7.8877
2724,7.6679
2725,6.8773
2726,7.5848
2727,7.738
2728,7.9483
2729,8.8518
2730,7.2798
2731,7.8342
2732,7.5273
2733,7.7761
2734,7.7648
2735,8.3214
2736,8.4068
2737,8.2884
2738,8.3653
2739,7.1614
2740,6.8167
2741,8.162
2742,8.008
2743,7.638
2744,8.2367
2745,7.4105
2746,7.4641
2747,7.1345
2748,7.5848
2749,8.5007
2750,7.6655
2751,7.3758
2752,8.273
2753,8.3366
2754,8.2978
2755,8.2891
2756,8.3337
2757,7.663
2758,7.8692
2759,7.6745
2760,6.9299
2761,7.5077
2762,7.6642
2763,7.2602
2764,7.5833
2765,7.3122
2766,7.1543
2767,7.7956
2768,7.8123
2769,7.6018
2770,8.6509
2771,7.6482
2772,8.8518
2773,5.6506
2774,8.0471
2775,7.8196
2776,7.2602
2777,8.2127
2778,7.5992
2779,7.6018
2780,7.5471
2781,7.464
2782,7.7607
2783,7.9972
2784,6.7621
2785,7.359
2786,4.2874
2787,7.9636
2788,7.6076
2789,7.0565
2790,7.3477
2791,7.6018
2792,7.4102
2793,7.9881
2794,7.2797
2795,7.8367
2796,7.6165
2797,7.5424
2798,6.678
2799,7.4625
2800,7.8632
2801,7.4368
2802,8.3851
2803,7.4836
2804,7.8198
2805,7.4162
2806,7.347
2807,8.0638
2808,7.4839
2809,7.8004
2810,7.547
2811,7.5015
2812,7.7289
2813,5.7982
2814,7.2513
2815,7.6682
2816,7.0013
2817,7.2602
2818,7.8941
2819,8.3562
2820,7.4036
2821,7.6614
2822,7.1307
2823,8.4226
2824,7.2602
2825,7.5458
2826,7.6018
2827,7.9088
2828,7.8715
2829,8.9908
2830,7.7262
2831,7.6394
2832,7.8675
2833,7.7616
2834,7.7931
2835,8.3222
2836,7.2555
2837,7.6931
2838,9.0017
2839,7.6018
2840,7.5345
2841,7.7009
2842,7.1473
2843,8.0967
2844,6.9943
2845,7.8585
2846,7.9238
2847,8.1674
2848,7.54
2849,7.4165
2850,7.4512
2851,7.2602
2852,7.3713
2853,8.1126
2854,8.1865
2855,7.5616
2856,7.9692
2857,8.311
2858,8.2427
2859,7.638
2860,7.6018
2861,8.135
2862,5.4669
2863,7.5213
2864,7.8348
2865,7.6008
2866,8.0012
2867,7.8772
2868,7.5323
2869,8.175
2870,7.6018
2871,7.0783
2872,7.4728
2873,7.8679
2874,7.5311
2875,8.0556
2876,6.3686
2877,7.7799
2878,7.7091
2879,7.8935
2880,8.8855
2881,7.869
2882,7.8631
2883,7.6363
2884,7.358
2885,5.794
2886,7.9732
2887,7.1441
2888,7.4735
2889,7.7692
2890,7.6018
2891,7.4946
2892,7.5925
2893,7.7511
2894,7.5136
2895,7.3936
2896,8.0308
2897,7.1646
2898,7.4131
2899,8.0577
2900,7.0012
2901,8.8518
2902,6.2119
2903,8.8518
2904,7.8875
2905,7.5077
2906,7.7009
2907,7.9876
2908,7.5124
2909,7.6959
2910,7.6018
2911,7.4751
2912,7.8592
2913,7.5471
2914,7.5362
2915,7.1878
2916,8.2891
2917,7.7677
2918,7.6263
2919,7.9526
2920,7.2321
2921,7.8448
2922,8.2363
2923,8.2156
2924,7.5779
2925,8.6688
2926,8.7713
2927,7.7713
2928,8.0012
2929,6.8167
2930,7.6018
2931,7.2602
2932,7.3047
2933,7.5423
2934,7.2602
2935,5.6506
2936,7.6018
2937,5.1918
2938,7.6012
2939,6.7248
2940,7.2602
2941,6.7081
2942,8.0812
2943,7.638
2944,8.1775
2945,7.4946
2946,7.3278
2947,7.5493
2948,7.4744
2949,7.963
2950,7.8243
2951,5.6506
2952,7.5756
2953,7.5607
2954,8.2648
2955,7.8899
2956,9.0017
2957,8.8518
2958,7.8443
2959,7.3822
2960,7.8096
2961,8.8518
2962,7.6056
2963,7.3953
2964,7.4666
2965,7.5219
2966,7.2602
2967,7.861
2968,7.5853
2969,6.9578
2970,5.9674
2971,7.738
2972,7.5833
2973,8.2906
2974,7.4491
2975,7.3509
2976,7.6441
2977,7.2142
2978,6.3248
2979,7.3653
2980,8.1493
2981,7.4723
2982,7.7706
2983,7.1759
2984,6.8645
2985,7.511
2986,7.638
2987,8.1441
2988,8.1958
2989,7.6931
2990,7.8543
2991,8.179
2992,7.5893
2993,8.0002
2994,7.4182
2995,8.156
2996,7.4036
2997,8.4265
2998,9.0017
2999,7.7759
3000,7.7541
3001,7.2397
3002,7.8348
3003,7.5616
3004,8.6727
3005,7.5402
3006,7.9106
3007,7.4046
3008,7.7741
3009,8.1585
3010,7.0009
3011,6.7951
3012,8.0551
3013,8.8518
3014,8.3868
3015,7.6018
3016,7.738
3017,7.427
3018,7.5006
3019,8.1056
3020,7.3288
3021,8.0873
3022,7.6018
3023,7.5077
3024,7.6658
3025,7.66
3026,7.5727
3027,7.5092
3028,7.8656
3029,7.1085
3030,7.1372
3031,8.8518
3032,7.6018
3033,7.3049
3034,6.7784
3035,8.8518
3036,7.7818
3037,7.4036
3038,7.5392
3039,8.8518
3040,7.5005
3041,7.6977
3042,8.6168
3043,7.5192
3044,7.5883
3045,7.5516
3046,8.8518
3047,5.0985
3048,7.3633
3049,7.6931
3050,9.3089
3051,7.464
3052,7.548
3053,7.5386
3054,7.833
3055,8.0339
3056,7.4693
3057,7.4562
3058,7.3927
3059,8.2158
3060,7.0485
3061,8.1261
3062,7.699
3063,7.667
3064,7.264
3065,8.537
3066,5.696
3067,7.495
3068,7.6018
3069,7.9607
3070,7.7144
3071,7.5505
3072,7.5534
3073,7.6076
3074,7.4946
3075,7.5471
3076,7.3933
3077,8.6688
3078,7.6591
3079,7.2602
3080,8.2449
3081,7.7289
3082,8.4267
3083,7.8393
3084,7.124
3085,7.1699
3086,7.7515
3087,7.5434
3088,7.6307
3089,7.6521
3090,6.7248
3091,7.5516
3092,7.6463
3093,7.1343
3094,7.2602
3095,7.6168
3096,7.703
3097,8.431
3098,7.8348
3099,7.2602
3100,7.553
3101,7.9633
3102,8.8448
3103,8.078
3104,7.4691
3105,7.6007
3106,7.2962
3107,7.2639
3108,7.6201
3109,7.7072
3110,7.1707
3111,7.9654
3112,7.3924
3113,7.7822
3114,7.4845
3115,7.4454
3116,9.4326
3117,7.1844
3118,7.638
3119,7.251
3120,7.6947
3121,7.8475
3122,7.4331
3123,7.4713
3124,8.7009
3125,8.0364
3126,7.9361
3127,6.9455
3128,7.4486
3129,7.9878
3130,7.2749
3131,8.8518
3132,7.9289
3133,7.7803
3134,7.5844
3135,7.0444
3136,7.5523
3137,7.163
3138,7.3848
3139,7.6558
3140,7.2835
3141,7.2602
3142,8.2626
3143,9.4326
3144,6.6372
3145,7.3348
3146,8.0776
3147,8.2642
3148,7.3426
3149,7.405
3150,7.8756
3151,8.6688
3152,8.0008
3153,6.8645
3154,7.2611
3155,9.0017
3156,7.5646
3157,7.6798
3158,7.6307
3159,8.4286
3160,7.6018
3161,7.3948
3162,7.4923
3163,6.6303
3164,7.7362
3165,6.723
3166,7.8186
3167,7.8136
3168,7.5566
3169,7.2321
3170,8.0133
3171,7.3566
3172,7.2877
3173,7.5015
3174,8.042
3175,8.8518
3176,7.1834
3177,8.8518
3178,7.6018
3179,7.2341
3180,7.422
3181,8.0835
3182,7.6793
3183,8.8518
3184,6.2119
3185,7.6457
3186,7.4014
3187,7.6121
3188,7.5077
3189,7.6018
3190,7.3511
3191,7.7414
3192,7.5015
3193,7.6459
3194,7.3949
3195,8.1125
3196,7.5196
3197,7.4427
3198,7.4447
3199,7.6451
3200,8.4649
3201,8.1552
3202,7.5392
3203,7.6018
3204,7.8198
3205,6.0364
3206,8.0007
3207,7.4548
3208,7.9629
3209,7.7642
3210,7.345
3211,7.6784
3212,7.6443
3213,7.7582
3214,7.3653
3215,7.9454
3216,7.7967
3217,7.6018
3218,7.8451
3219,8.4696
3220,7.8604
3221,7.6018
3222,7.8198
3223,7.1772
3224,8.0002
3225,7.6441
3226,7.3689
3227,7.9496
3228,7.9878
3229,7.2548
3230,8.594
3231,7.9521
3232,7.5013
3233,7.7805
3234,7.8875
3235,7.5016
3236,8.196
3237,7.2602
3238,7.5486
3239,7.1844
3240,6.3686
3241,7.54
3242,8.8518
3243,7.441
3244,7.3566
3245,7.6322
3246,7.3496
3247,7.0848
3248,8.1775
3249,7.3653
3250,7.821
3251,6.566
3252,7.5013
3253,7.8727
3254,9.0017
3255,7.3566
3256,7.7011
3257,8.1566
3258,7.7009
3259,7.5848
3260,7.6018
3261,7.4722
3262,7.5836
3263,7.1251
3264,8.8518
3265,7.4036
3266,7.9878
3267,7.6018
3268,7.7954
3269,7.2602
3270,6.8715
3271,7.6931
3272,7.2602
3273,7.4936
3274,8.3908
3275,7.6018
3276,7.7925
3277,7.5225
3278,7.7648
3279,7.6018
3280,7.9181
3281,8.8518
3282,7.7376
3283,7.8367
3284,5.0985
3285,7.3995
3286,7.5162
3287,7.9118
3288,9.0017
3289,7.3448
3290,7.6369
3291,7.5471
3292,8.8518
3293,8.2872
3294,7.3088
3295,7.633
3296,7.7447
3297,8.0631
3298,7.8696
3299,8.537
3300,7.6531
3301,7.3359
3302,7.6012
3303,8.0329
3304,8.6168
3305,7.6018
3306,7.9339
3307,7.9429
3308,7.5466
3309,7.9454
3310,7.6018
3311,8.6688
3312,7.628
3313,8.0876
3314,7.7787
3315,7.3566
3316,7.6796
3317,7.8064
3318,8.0978
3319,7.4368
3320,7.6018
3321,8.2904
3322,7.7498
3323,7.6018
3324,8.8518
3325,7.4036
3326,7.537
3327,7.638
3328,8.0548
3329,8.8518
3330,6.3339
3331,7.5261
3332,7.751
3333,8.073
3334,7.5077
3335,8.2753
3336,8.3441
3337,7.6037
3338,7.3009
3339,7.0011
3340,7.5427
3341,7.3505
3342,7.6845
3343,6.3238
3344,7.6263
3345,5.1918
3346,6.7706
3347,7.805
3348,7.1343
3349,7.5077
3350,7.6018
3351,8.7103
3352,6.7784
3353,7.8949
3354,7.7566
3355,7.4012
3356,7.7504
3357,8.0013
3358,7.7091
3359,7.5962
3360,9.0017
3361,6.7488
3362,7.1552
3363,7.6018
3364,8.417
3365,8.0619
3366,8.1766
3367,7.3325
3368,7.1187
3369,6.8843
3370,8.1434
3371,7.5487
3372,8.0512
3373,7.4539
3374,8.6114
3375,7.8221
3376,7.5859
3377,7.2602
3378,7.3562
3379,8.1198
3380,8.3497
3381,7.9186
3382,7.5365
3383,8.8518
3384,7.2472
3385,6.9405
3386,7.7747
3387,7.8039
3388,7.5077
3389,7.3566
3390,8.154
3391,7.526
3392,7.4817
3393,7.7811
3394,7.6209
3395,8.8518
3396,8.8679
3397,7.9519
3398,8.2047
3399,5.0985
3400,7.4369
3401,8.1886
3402,7.8629
3403,7.6386
3404,7.7364
3405,7.8198
3406,8.5305
3407,7.2156
3408,7.4379
3409,7.5015
3410,8.8518
3411,7.667
3412,7.6156
3413,7.7699
3414,7.638
3415,7.6018
3416,7.638
3417,7.8287
3418,7.3084
3419,8.4128
3420,7.2511
3421,7.1558
3422,7.668
3423,7.6672
3424,7.9878
3425,8.2904
3426,8.0753
3427,6.5345
3428,8.8518
3429,8.0075
3430,7.0144
3431,8.458
3432,7.8957
3433,7.6146
3434,7.9789
3435,8.0606
3436,8.3545
3437,7.5028
3438,7.4562
3439,7.6018
3440,7.0014
3441,7.6425
3442,6.066
3443,8.2182
3444,7.5956
3445,9.1484
3446,7.7526
3447,7.7237
3448,7.7289
3449,7.2396
3450,7.8414
3451,7.8102
3452,9.0001
3453,7.3765
3454,8.3974
3455,7.301
3456,7.8356
3457,7.6081
3458,6.7315
3459,7.8957
3460,7.7648
3461,7.5471
3462,8.042
3463,8.1942
3464,7.3595
3465,7.5134
3466,7.4656
3467,7.7151
3468,7.6301
3469,7.5509
3470,7.2744
3471,7.6018
3472,7.5527
3473,8.3935
3474,8.311
3475,7.9984
3476,7.8198
3477,7.3004
3478,7.6018
3479,7.2537
3480,7.4886
3481,8.1109
3482,7.638
3483,9.3089
3484,6.324
3485,8.1675
3486,7.638
3487,7.2112
3488,7.868
3489,7.2952
3490,7.6008
3491,7.1683
3492,7.2602
3493,8.0819
3494,9.3089
3495,7.8685
3496,7.2098
3497,7.6018
3498,7.8327
3499,7.6018
3500,7.2141
3501,7.2363
3502,7.951
3503,7.6679
3504,7.856
3505,8.0731
3506,5.0985
3507,7.7289
3508,7.5822
3509,9.0017
3510,7.2602
3511,7.5975
3512,7.826
3513,7.6018
3514,6.3084
3515,7.638
3516,7.8352
3517,7.2285
3518,7.3642
3519,7.7069
3520,7.5471
3521,8.0729
3522,7.9345
3523,7.9492
3524,7.6018
3525,7.5892
3526,6.8131
3527,7.0851
3528,6.8217
3529,7.0016
3530,8.8518
3531,8.6301
3532,7.5471
3533,7.4205
3534,7.7557
3535,8.0308
3536,7.4347
3537,7.2983
3538,7.9036
3539,8.2904
3540,7.8652
3541,8.8518
3542,8.2727
3543,7.527
3544,8.0885
3545,7.4036
3546,6.9525
3547,7.6018
3548,7.638
3549,8.8518
3550,7.4973
3551,7.6682
3552,7.3131
3553,5.0985
3554,7.5077
3555,7.4687
3556,7.2795
3557,7.82
3558,8.1773
3559,7.6693
3560,8.8518
3561,7.4629
3562,7.638
3563,7.6765
3564,8.3358
3565,7.2602
3566,7.3752
3567,7.638
3568,7.1542
3569,7.5424
3570,7.514
3571,7.5016
3572,7.5848
3573,7.5779
3574,7.4717
3575,6.3005
3576,7.4548
3577,8.1441
3578,7.5398
3579,7.7994
3580,7.3905
3581,8.1715
3582,7.7607
3583,7.5471
3584,8.1198
3585,8.8518
3586,7.2602
3587,7.5841
3588,7.4876
3589,8.1026
3590,8.1691
3591,8.8518
3592,8.1482
3593,5.0985
3594,7.1844
3595,8.2685
3596,8.5004
3597,7.4562
3598,7.3084
3599,7.5954
3600,8.8518
3601,7.3136
3602,7.2566
3603,7.1232
3604,9.118
3605,7.6947
3606,7.3039
3607,7.6763
3608,7.5323
3609,7.2515
3610,8.0909
3611,7.6018
3612,7.9273
3613,7.4447
3614,7.477
3615,7.9878
3616,5.6095
3617,7.6751
3618,8.1645
3619,7.4433
3620,7.7762
3621,7.6428
3622,6.4007
3623,6.9381
3624,7.429
3625,7.1552
3626,7.4004
3627,8.8518
3628,7.2453
3629,7.9009
3630,7.7399
3631,7.8348
3632,6.6674
3633,8.7665
3634,7.4097
3635,7.3621
3636,7.041
3637,7.8856
3638,7.8185
3639,7.5975
3640,7.7123
3641,9.0017
3642,7.5471
3643,7.6735
3644,8.8404
3645,7.6018
3646,7.4024
3647,7.3127
3648,7.7289
3649,7.2721
3650,7.5541
3651,8.4534
3652,8.8518
3653,7.5655
3654,7.5238
3655,7.6638
3656,7.8012
3657,8.7843
3658,7.6018
3659,7.9912
3660,7.7954
3661,7.3987
3662,8.2632
3663,8.2291
3664,7.4491
3665,7.6018
3666,7.5471
3667,7.6155
3668,7.6873
3669,8.9897
3670,7.4203
3671,8.8518
3672,7.1772
3673,7.568
3674,7.2142
3675,7.9641
3676,7.9299
3677,7.0067
3678,7.5799
3679,7.5105
3680,7.6033
3681,8.1415
3682,7.4707
3683,7.2257
3684,7.788
3685,7.9284
3686,7.3191
3687,7.4447
3688,7.54
3689,7.614
3690,8.8518
3691,7.54
3692,7.4183
3693,7.8539
3694,7.2616
3695,8.0012
3696,7.6018
3697,7.3566
3698,8.232
3699,7.8198
3700,7.8983
3701,7.1179
3702,9.0017
3703,6.858
3704,7.1987
3705,6.9593
3706,7.3127
3707,7.5547
3708,7.7628
3709,7.4491
3710,7.4099
3711,7.671
3712,7.4423
3713,7.2744
3714,7.1552
3715,7.5435
3716,7.1997
3717,7.7431
3718,7.2789
3719,7.0351
3720,7.6824
3721,7.5412
3722,8.0843
3723,7.5318
3724,8.8518
3725,7.4421
3726,8.273
3727,7.6932
3728,7.8275
3729,6.6382
3730,7.3392
3731,7.9878
3732,7.7507
3733,7.6018
3734,7.638
3735,7.4215
3736,7.3361
3737,7.8814
3738,7.5099
3739,7.36
3740,7.2602
3741,7.7511
3742,7.3582
3743,8.2292
3744,7.3566
3745,7.3303
3746,7.233
3747,8.4413
3748,5.4897
3749,7.9604
3750,7.5077
3751,6.5247
3752,8.0721
3753,7.3566
3754,7.751
3755,8.2505
3756,7.5471
3757,8.8518
3758,7.3929
3759,8.5902
3760,8.0176
3761,8.0177
3762,7.9384
3763,7.4133
3764,7.7269
3765,8.428
3766,6.7081
3767,8.1521
3768,7.8509
3769,7.6105
3770,7.6368
3771,7.3372
3772,7.6394
3773,7.4294
3774,8.3337
3775,8.0794
3776,7.4036
3777,8.0408
3778,7.6834
3779,8.2449
3780,7.5077
3781,7.7709
3782,7.5445
3783,7.7521
3784,5.8653
3785,7.7927
3786,7.693
3787,7.6655
3788,7.6018
3789,7.4423
3790,7.5626
3791,7.4766
3792,7.5848
3793,7.6018
3794,7.8198
3795,7.9295
3796,7.2006
3797,7.7244
3798,7.6828
3799,7.5305
3800,7.7706
3801,7.5225
3802,8.9339
3803,7.9923
3804,7.4431
3805,7.5872
3806,7.3741
3807,8.0721
3808,7.4755
3809,6.8269
3810,7.4864
3811,7.8652
3812,7.8246
3813,8.009
3814,8.1552
3815,7.3313
3816,7.5011
3817,9.3426
3818,7.6018
3819,8.0013
3820,7.8074
3821,5.0985
3822,7.5527
3823,7.6243
3824,7.2602
3825,8.1076
3826,8.6821
3827,7.8625
3828,8.0721
3829,7.6018
3830,8.8518
3831,7.227
3832,7.5636
3833,7.3566
3834,8.1543
3835,7.5471
3836,7.0337
3837,7.5577
3838,7.6682
3839,4.2874
3840,6.3686
3841,7.5985
3842,8.1304
3843,8.0008
3844,7.9469
3845,7.9035
3846,6.3061
3847,8.228
3848,7.7641
3849,7.2602
3850,7.9299
3851,7.5723
3852,7.9928
3853,7.7641
3854,7.6457
3855,7.2157
3856,8.042
3857,7.243
3858,8.8518
3859,7.3182
3860,9.3089
3861,7.287
3862,7.5769
3863,7.5392
3864,7.4106
3865,7.3582
3866,7.236
3867,7.6018
3868,7.4642
3869,7.1408
3870,8.0932
3871,7.6018
3872,7.9483
3873,7.7434
3874,7.6852
3875,7.6018
3876,8.0783
3877,7.5305
3878,8.6688
3879,7.3771
3880,7.4182
3881,7.3642
3882,9.0017
3883,7.703
3884,7.6937
3885,7.5007
3886,7.9124
3887,6.8466
3888,7.7201
3889,8.1681
3890,8.1641
3891,7.386
3892,7.7515
3893,9.0017
3894,7.9519
3895,7.6524
3896,7.5365
3897,7.5077
3898,7.5077
3899,7.5591
3900,7.5471
3901,7.3863
3902,7.5981
3903,7.5841
3904,8.3698
3905,7.2602
3906,7.3863
3907,7.2944
3908,7.6768
3909,7.6954
3910,8.1004
3911,7.2389
3912,7.733
3913,8.0159
3914,7.4444
3915,7.8228
3916,7.6104
3917,7.4491
3918,7.3566
3919,6.7604
3920,5.9674
3921,8.263
3922,7.5225
3923,7.8915
3924,7.4629
3925,6.9277
3926,7.1939
3927,7.6079
3928,7.2363
3929,7.5319
3930,7.5409
3931,7.6804
3932,6.7069
3933,6.8525
3934,7.2602
3935,9.3089
3936,7.297
3937,8.3081
3938,7.5561
3939,7.022
3940,7.8771
3941,5.6095
3942,7.8084
3943,8.2586
3944,7.1996
3945,7.491
3946,7.4258
3947,7.3233
3948,6.9702
3949,7.6018
3950,7.6699
3951,7.9877
3952,7.7573
3953,7.364
3954,7.3818
3955,5.0985
3956,8.4266
3957,6.7111
3958,8.8518
3959,8.2297
3960,7.5925
3961,8.0656
3962,8.3921
3963,7.4619
3964,8.8518
3965,6.8843
3966,8.1995
3967,8.0538
3968,7.7255
3969,7.6263
3970,7.5471
3971,7.5584
3972,7.6707
3973,7.6944
3974,7.2602
3975,7.4036
3976,7.6937
3977,7.8084
3978,5.6506
3979,7.9555
3980,8.0015
3981,8.6688
3982,7.5893
3983,7.3339
3984,7.4423
3985,6.3645
3986,6.9277
3987,7.6158
3988,6.3686
3989,7.3653
3990,7.4423
3991,7.6018
3992,8.3717
3993,7.9207
3994,7.1345
3995,7.7289
3996,7.6063
3997,7.4052
3998,7.8979
3999,7.3942
4000,7.1308
4001,7.4405
4002,7.5176
4003,7.6018
4004,7.4537
4005,7.4513
4006,7.0555
4007,7.3818
4008,7.9464
4009,7.2453
4010,7.4898
4011,7.5433
4012,7.9156
4013,7.6018
4014,7.3713
4015,8.1521
4016,7.9878
4017,8.6688
4018,7.2602
4019,7.1343
4020,8.5966
4021,7.7189
4022,7.3765
4023,7.8273
4024,7.5641
4025,8.3844
4026,7.8005
4027,7.6018
4028,4.2874
4029,8.2022
4030,7.0819
4031,9.3089
4032,7.368
4033,7.4225
4034,7.3566
4035,7.2311
4036,7.9228
4037,7.9219
4038,7.735
4039,7.6018
4040,7.6018
4041,8.2478
4042,8.1435
4043,7.6441
4044,7.5471
4045,7.5427
4046,7.5923
4047,7.0337
4048,8.3615
4049,7.9711
4050,9.3877
4051,7.6018
4052,8.6089
4053,7.5318
4054,7.5402
4055,7.7844
4056,6.2928
4057,8.1622
4058,7.7198
4059,7.4036
4060,7.2246
4061,7.8618
4062,6.81
4063,8.3241
4064,7.5015
4065,7.664
4066,8.7665
4067,7.7804
4068,8.0713
4069,7.849
4070,6.7784
4071,7.6018
4072,7.5779
4073,7.663
4074,8.042
4075,7.7669
4076,7.6256
4077,7.5398
4078,7.9482
4079,7.5735
4080,7.2602
4081,7.5424
4082,7.6798
4083,7.4491
4084,7.1312
4085,7.5471
4086,7.4679
4087,8.5078
4088,6.9725
4089,8.8518
4090,7.8877
4091,7.354
4092,7.6097
4093,7.9878
4094,7.7151
4095,7.8179
4096,7.8343
4097,8.8518
4098,7.1795
4099,6.8843
4100,7.7069
4101,7.6018
4102,7.6018
4103,8.1897
4104,8.3777
4105,7.5923
4106,7.7255
4107,7.696
4108,7.1903
4109,7.9796
4110,7.3911
4111,7.4299
4112,5.1918
4113,7.4491
4114,7.8846
4115,8.117
4116,7.9454
4117,7.851
4118,7.4985
4119,8.1683
4120,8.8523
4121,7.676
4122,7.3348
4123,8.8518
4124,8.1151
4125,7.9743
4126,7.5956
4127,7.4012
4128,7.4491
4129,7.8348
4130,8.8404
4131,7.5471
4132,7.8012
4133,7.8759
4134,7.7196
4135,7.6018
4136,6.5305
4137,7.6802
4138,4.2874
4139,7.638
4140,7.2602
4141,8.193
4142,7.5015
4143,7.4491
4144,7.9994
4145,7.795
4146,7.2806
4147,7.2115
4148,6.7506
4149,8.042
4150,7.309
4151,7.5527
4152,7.3967
4153,7.8011
4154,6.8848
4155,7.8584
4156,8.8518
4157,7.7069
4158,9.0017
4159,7.3127
4160,7.6061
4161,5.0985
4162,7.799
4163,5.0985
4164,8.2123
4165,7.6682
4166,7.5925
4167,7.4629
4168,7.8584
4169,8.2007
4170,7.1252
4171,7.6831
4172,7.4182
4173,7.529
4174,7.6377
4175,8.4431
4176,7.8015
4177,6.9266
4178,7.4954
4179,8.8518
4180,7.0037
4181,7.7751
4182,7.6018
4183,7.6504
4184,7.5622
4185,7.0011
4186,5.0985
4187,8.2852
4188,8.201
4189,7.9877
4190,7.6018
4191,8.0467
4192,8.098
4193,7.82
4194,7.504
4195,7.6018
4196,7.7035
4197,8.2449
4198,7.7021
4199,5.0985
4200,7.319
4201,7.3403
4202,7.5535
4203,8.2904
4204,8.3354
4205,8.0443
4206,7.6018
4207,7.5398
4208,7.5471
4209,7.7552
4210,7.5713
4211,8.8518
4212,7.4562
4213,8.0481
4214,7.6018
4215,7.4629
4216,7.8034
4217,8.1085
4218,7.5587
4219,7.5677
4220,5.6506
4221,8.2294
4222,7.5447
4223,8.0693
4224,7.7306
4225,8.26
4226,7.6018
4227,8.1198
4228,7.5768
4229,7.3653
4230,7.8244
4231,7.5392
4232,5.0985
4233,7.769
4234,7.3597
4235,7.5427
4236,7.7077
4237,7.6645
4238,6.1372
4239,8.2904
4240,8.7296
4241,7.546
4242,7.5269
4243,7.8009
4244,7.7134
4245,8.0948
4246,7.4491
4247,7.5417
4248,7.2602
4249,8.1051
4250,7.4929
4251,8.8518
4252,7.3861
4253,7.8651
4254,8.3717
4255,7.4681
4256,8.8269
4257,8.0095
4258,7.3832
4259,7.8727
4260,7.6018
4261,7.3084
4262,8.1704
4263,7.1261
4264,8.0509
4265,7.2662
4266,7.7293
4267,7.5943
4268,7.482
4269,8.1025
4270,8.0278
4271,8.8518
4272,7.4491
4273,8.5633
4274,7.5656
4275,7.6277
4276,7.8402
4277,7.0946
4278,7.5838
4279,7.5305
4280,7.18
4281,7.2975
4282,8.3717
4283,8.2798
4284,7.111
4285,7.7279
4286,6.4591
4287,7.561
4288,6.6095
4289,7.243
4290,6.9839
4291,8.0339
4292,7.6682
4293,7.8555
4294,7.4073
4295,7.2822
4296,7.6607
4297,7.4893
4298,7.7515
4299,7.7094
4300,7.5728
4301,7.2515
4302,7.198
4303,7.7715
4304,7.8263
4305,7.9592
4306,8.126
4307,7.6263
4308,8.8518
4309,6.2217
4310,7.8249
4311,7.5991
4312,8.385
4313,7.6942
4314,6.8156
4315,7.3616
4316,8.2522
4317,7.6018
4318,8.0189
4319,7.6018
4320,7.6168
4321,6.5594
4322,8.6396
4323,7.5469
4324,7.4081
4325,8.5749
4326,7.6459
4327,7.4294
4328,7.691
4329,7.3566
4330,8.6158
4331,7.3127
4332,8.2367
4333,7.7096
4334,9.3457
4335,7.7152
4336,7.6076
4337,8.1641
4338,7.6168
4339,7.6458
4340,6.8017
4341,7.1385
4342,7.4307
4343,7.3084
4344,8.8518
4345,7.3444
4346,8.028
4347,7.3653
4348,8.3223
4349,7.5696
4350,8.0425
4351,7.1441
4352,7.8781
4353,7.1441
4354,8.6688
4355,7.5505
4356,9.0922
4357,6.6441
4358,7.7878
4359,7.2849
4360,7.3761
4361,7.4166
4362,7.7607
4363,7.8047
4364,6.8065
4365,6.5298
4366,7.8131
4367,7.6018
4368,7.1887
4369,7.4097
4370,8.8518
4371,7.7864
4372,8.0527
4373,5.6506
4374,7.5392
4375,7.9743
4376,7.5743
4377,6.7928
4378,7.065
4379,7.7884
4380,7.4754
4381,7.6121
4382,9.3877
4383,7.8794
4384,7.6121
4385,7.1677
4386,8.0602
4387,7.8348
4388,7.7663
4389,7.5285
4390,7.7469
4391,8.3199
4392,7.4345
4393,7.6458
4394,8.594
4395,7.5487
4396,8.0009
4397,7.6138
4398,7.2676
4399,7.8798
4400,7.5299
4401,7.8473
4402,8.1684
4403,7.4099
4404,7.3714
4405,7.3167
4406,7.0679
4407,6.5594
4408,7.8566
4409,7.5471
4410,7.7576
4411,7.8023
4412,7.2735
4413,7.5344
4414,4.2874
4415,6.8739
4416,7.206
4417,7.6229
4418,7.7148
4419,7.6263
4420,7.5471
4421,7.787
4422,7.5516
4423,7.5445
4424,8.024
4425,7.5682
4426,7.5077
4427,7.6018
4428,7.2602
4429,7.793
4430,7.843
4431,7.4075
4432,6.2119
4433,7.6937
4434,7.0816
4435,7.6018
4436,7.6158
4437,7.8584
4438,7.6263
4439,7.5463
4440,7.8899
4441,8.1057
4442,7.1753
4443,7.7434
4444,6.8167
4445,7.3985
4446,7.8652
4447,8.1435
4448,7.6164
4449,8.3374
4450,8.1861
4451,7.6933
4452,7.6272
4453,8.1886
4454,7.8475
4455,7.6591
4456,7.821
4457,7.8348
4458,8.2819
4459,7.2734
4460,7.6978
4461,8.537
4462,7.1575
4463,7.6018
4464,7.7339
4465,8.478
4466,7.6768
4467,8.1684
4468,7.638
4469,7.6787
4470,7.8198
4471,7.7934
4472,6.9976
4473,7.6018
4474,7.2007
4475,7.4219
4476,7.1308
4477,6.0091
4478,6.8988
4479,7.7417
4480,5.6054
4481,8.8518
4482,7.5015
4483,7.4629
4484,8.0015
4485,8.4861
4486,7.4472
4487,7.2006
4488,7.8022
4489,8.1488
4490,8.5188
4491,8.0103
4492,6.9044
4493,8.2115
4494,5.0985
4495,7.8136
4496,7.5468
4497,7.9878
4498,8.2539
4499,8.349
4500,7.37
4501,7.2931
4502,7.8034
4503,9.0017
4504,7.6018
4505,7.5938
4506,7.7385
4507,7.8862
4508,7.5278
4509,7.2744
4510,7.6035
4511,6.9099
4512,7.1343
4513,7.1802
4514,7.4526
4515,8.0674
4516,7.683
4517,5.0985
4518,7.8367
4519,6.8584
4520,7.7776
4521,7.8608
4522,7.2389
4523,8.7713
4524,7.8265
4525,7.9422
4526,7.1529
4527,7.6018
4528,8.1588
4529,7.6262
4530,7.3621
4531,5.1918
4532,8.6089
4533,7.7289
4534,8.0636
4535,7.3932
4536,7.5471
4537,7.6538
4538,7.5525
4539,7.9622
4540,8.1668
4541,7.5077
4542,8.4431
4543,7.3082
4544,6.8407
4545,7.9323
4546,7.5357
4547,7.6519
4548,7.3779
4549,7.5748
4550,6.1086
4551,7.4562
4552,7.6168
4553,7.6479
4554,7.587
4555,7.6415
4556,7.6018
4557,7.6018
4558,6.7834
4559,7.669
4560,6.7784
4561,7.6531
4562,7.6265
4563,7.5848
4564,5.0985
4565,7.8899
4566,7.5736
4567,8.3358
4568,7.2602
4569,7.5175
4570,8.1654
4571,7.6086
4572,7.9877
4573,7.6942
4574,7.4793
4575,8.1051
4576,7.6018
4577,8.3199
4578,5.0985
4579,7.7289
4580,7.6567
4581,8.2917
4582,7.4036
4583,7.2934
4584,6.6328
4585,8.1984
4586,8.7713
4587,7.7289
4588,8.0901
4589,7.5925
4590,7.7648
4591,7.8796
4592,7.8998
4593,7.2363
4594,7.2762
4595,7.6937
4596,7.3171
4597,8.048
4598,7.3653
4599,7.7414
4600,7.5728
4601,7.4693
4602,8.8518
4603,7.7819
4604,8.3502
4605,8.2006
4606,7.6818
4607,8.2816
4608,7.877
4609,7.8999
4610,7.4238
4611,7.5247
4612,7.3928
4613,7.5016
4614,6.066
4615,6.8843
4616,7.3566
4617,7.8831
4618,6.9927
4619,7.3033
4620,7.8056
4621,7.8475
4622,7.7954
4623,7.2602
4624,7.4901
4625,8.2493
4626,7.2602
4627,7.4423
4628,6.8012
4629,7.6886
4630,6.8136
4631,6.6372
4632,7.3091
4633,7.787
4634,5.6095
4635,7.1078
4636,7.638
4637,7.5318
4638,8.2702
4639,7.4084
4640,7.3692
4641,7.0783
4642,7.6316
4643,8.5807
4644,7.7118
4645,7.6407
4646,7.3891
4647,7.4182
4648,7.9647
4649,7.2848
4650,7.9425
4651,7.1023
4652,7.6077
4653,7.4365
4654,7.7288
4655,7.7008
4656,7.7156
4657,7.2363
4658,7.6442
4659,7.0003
4660,6.9207
4661,7.7289
4662,8.1545
4663,7.4491
4664,7.0741
4665,7.1588
4666,7.638
4667,7.9594
4668,7.4182
4669,6.8679
4670,7.9398
4671,7.5207
4672,7.3898
4673,8.0032
4674,8.4431
4675,7.6018
4676,7.1674
4677,7.8131
4678,7.4128
4679,7.3653
4680,8.0007
4681,5.6506
4682,7.6018
4683,7.6679
4684,7.5861
4685,7.4665
4686,8.1926
4687,7.4638
4688,8.0009
4689,7.4168
4690,8.8518
4691,7.5077
4692,9.3089
4693,7.4665
4694,9.3089
4695,7.8084
4696,7.504
4697,7.861
4698,7.4601
4699,7.6102
4700,7.9089
4701,7.6803
4702,7.8044
4703,7.5509
4704,7.9743
4705,7.3056
4706,6.9299
4707,7.6711
4708,7.6179
4709,8.3144
4710,7.6018
4711,7.4562
4712,7.9411
4713,7.8198
4714,7.5807
4715,7.2602
4716,8.8855
4717,7.2074
4718,7.2608
4719,5.0985
4720,7.8348
4721,7.4792
4722,9.3089
4723,7.2602
4724,7.6263
4725,8.0465
4726,7.7515
4727,7.8348
4728,7.75
4729,7.5354
4730,7.3686
4731,7.4726
4732,7.6018
4733,7.7148
4734,9.3089
4735,7.6018
4736,7.6018
4737,6.8012
4738,6.4496
4739,7.2679
4740,7.7289
4741,8.7003
4742,6.9835
4743,7.8703
4744,7.7361
4745,8.175
4746,7.8036
4747,7.6018
4748,7.6018
4749,7.8304
4750,7.72
4751,8.8518
4752,7.5077
4753,7.3566
4754,7.5847
4755,6.869
4756,7.9151
4757,9.0017
4758,6.9796
4759,7.7976
4760,7.6012
4761,7.8084
4762,7.7108
4763,7.7135
4764,8.3094
4765,7.3084
4766,7.4374
4767,7.7834
4768,7.4973
4769,7.8141
4770,8.8518
4771,7.1696
4772,7.3653
4773,7.3566
4774,7.1517
4775,7.5016
4776,7.638
4777,8.1749
4778,8.2072
4779,6.9778
4780,7.7933
4781,7.5525
4782,7.0517
4783,7.638
4784,7.6168
4785,8.8518
4786,8.4696
4787,7.2602
4788,8.8518
4789,7.7927
4790,7.7118
4791,7.4697
4792,7.2818
4793,7.6018
4794,8.3338
4795,7.1343
4796,7.638
4797,7.6018
4798,9.0017
4799,7.479
4800,7.7255
4801,9.3089
4802,7.1121
4803,7.0345
4804,7.8129
4805,8.5719
4806,7.6114
4807,7.1944
4808,7.3799
4809,7.7361
4810,7.726
4811,8.1926
4812,7.5471
4813,7.7861
4814,8.0654
4815,7.3653
4816,8.0177
4817,7.5765
4818,7.9119
4819,8.4379
4820,7.7706
4821,8.3358
4822,7.8198
4823,8.4487
4824,7.3942
4825,7.783
4826,7.4751
4827,7.638
4828,7.9862
4829,7.4629
4830,7.8391
4831,8.8518
4832,8.0536
4833,7.398
4834,7.2115
4835,7.7602
4836,7.6931
4837,7.8949
4838,7.1954
4839,7.6308
4840,7.9878
4841,7.7515
4842,8.1327
4843,8.594
4844,7.4656
4845,7.5177
4846,8.5004
4847,8.1257
4848,7.4656
4849,7.679
4850,8.7351
4851,7.8128
4852,7.6018
4853,7.4478
4854,7.4223
4855,7.2181
4856,7.2602
4857,7.378
4858,7.638
4859,7.6018
4860,7.6018
4861,7.7994
4862,8.1509
4863,7.8222
4864,4.2874
4865,5.6506
4866,7.3978
4867,7.4294
4868,7.0822
4869,7.8343
4870,7.3835
4871,7.2057
4872,8.8518
4873,7.2307
4874,8.478
4875,7.7844
4876,7.554
4877,7.5077
4878,8.2173
4879,7.4476
4880,7.6066
4881,7.7444
4882,8.1631
4883,6.7147
4884,7.6447
4885,6.319
4886,7.6549
4887,7.6931
4888,7.3658
4889,9.3089
4890,8.1493
4891,7.6828
4892,7.549
4893,8.7876
4894,7.9796
4895,7.1762
4896,7.5401
4897,7.9777
4898,7.477
4899,8.1995
4900,7.2679
4901,8.6688
4902,7.193
4903,7.68
4904,7.9858
4905,7.5077
4906,7.8475
4907,7.4505
4908,7.6121
4909,7.1207
4910,8.5016
4911,7.9359
4912,7.7151
4913,6.9656
4914,7.0076
4915,8.1372
4916,8.1607
4917,7.7289
4918,7.5754
4919,7.5071
4920,7.6126
4921,7.5294
4922,7.2602
4923,7.5146
4924,7.6018
4925,7.2491
4926,6.4635
4927,8.4113
4928,7.7957
4929,7.41
4930,7.6319
4931,7.5619
4932,7.233
4933,7.6862
4934,8.6168
4935,7.6018
4936,7.9023
4937,9.3089
4938,8.1767
4939,8.8518
4940,7.4207
4941,7.0082
4942,7.8633
4943,8.1006
4944,7.8198
4945,7.1309
4946,7.2115
4947,7.6018
4948,7.8012
4949,7.3303
4950,7.6018
4951,8.1327
4952,7.3566
4953,7.3136
4954,6.4007
4955,7.9009
4956,7.3361
4957,7.5587
4958,7.293
4959,7.9254
4960,7.3905
4961,7.9947
4962,6.0082
4963,7.4679
4964,8.478
4965,8.5494
4966,7.4629
4967,7.6018
4968,8.4514
4969,8.0015
4970,7.4734
4971,7.2266
4972,7.4642
4973,8.4279
4974,7.8186
4975,7.5448
4976,7.7511
4977,7.7511
4978,7.386
4979,8.0013
4980,7.4036
4981,7.8679
4982,7.6263
4983,7.5723
4984,7.9591
4985,8.8518
4986,7.8794
4987,6.8651
4988,7.5516
4989,7.5364
4990,7.3989
4991,7.9696
4992,7.0798
4993,7.8185
4994,7.8541
4995,7.4
4996,7.5015
4997,7.2952
4998,7.6018
4999,7.2602
5000,7.6018
5001,7.5952
5002,7.6829
5003,7.0783
5004,8.6252
5005,7.2602
5006,7.7928
5007,7.5859
5008,8.7683
5009,8.1435
5010,7.9329
5011,7.3555
5012,7.7905
5013,8.4534
5014,6.9654
5015,8.2765
5016,7.6655
5017,7.7532
5018,8.2229
5019,7.161
5020,7.0682
5021,7.7613
5022,7.7706
5023,7.7648
5024,7.3348
5025,7.7578
5026,7.638
5027,7.8684
5028,7.9138
5029,7.5972
5030,7.9182
5031,5.0985
5032,7.2602
5033,7.6205
5034,7.556
5035,7.5077
5036,8.2257
5037,7.8748
5038,8.8518
5039,7.806
5040,7.6018
5041,7.5943
5042,6.479
5043,7.3986
5044,7.6018
5045,7.5681
5046,7.469
5047,7.9884
5048,7.4562
5049,7.2057
5050,7.3581
5051,7.8883
5052,7.8393
5053,8.5902
5054,7.9788
5055,6.4345
5056,7.638
5057,7.3566
5058,7.54
5059,7.6825
5060,8.1441
5061,7.4491
5062,7.7157
5063,7.7568
5064,7.5471
5065,7.6131
5066,8.0721
5067,7.8348
5068,7.6834
5069,7.5471
5070,7.858
5071,6.9779
5072,7.1588
5073,7.5005
5074,7.6018
5075,8.0721
5076,7.7149
5077,7.6273
5078,7.6931
5079,7.4292
5080,7.0205
5081,7.2004
5082,7.5207
5083,8.6396
5084,7.4454
5085,6.066
5086,7.6018
5087,7.4491
5088,7.7597
5089,8.2173
5090,6.6833
5091,8.0341
5092,7.8475
5093,7.638
5094,7.5077
5095,7.5013
5096,7.9038
5097,7.2243
5098,7.6576
5099,7.4364
5100,7.1946
5101,7.4306
5102,7.6018
5103,7.8454
5104,7.6876
5105,7.7029
5106,7.4225
5107,7.287
5108,8.0135
5109,7.8243
5110,9.118
5111,7.4036
5112,7.8673
5113,7.2602
5114,7.5471
5115,7.0009
5116,6.5164
5117,7.5471
5118,7.7207
5119,7.268
5120,8.8518
5121,7.7069
5122,7.9011
5123,8.8518
5124,7.4307
5125,7.4562
5126,7.7345
5127,7.6595
5128,7.4415
5129,6.4591
5130,8.0448
5131,7.6018
5132,7.9711
5133,7.1772
5134,7.2044
5135,8.1297
5136,8.8518
5137,7.6263
5138,7.8475
5139,7.2057
5140,7.6788
5141,8.154
5142,8.6405
5143,7.9532
5144,7.3201
5145,7.1009
5146,7.6003
5147,8.1741
5148,7.4212
5149,7.5337
5150,7.4953
5151,6.9336
5152,7.2792
5153,7.6066
5154,7.0274
5155,8.2468
5156,7.6623
5157,7.5496
5158,7.558
5159,8.349
5160,7.3094
5161,7.3595
5162,7.0701
5163,5.1918
5164,8.1281
5165,5.6095
5166,7.4173
5167,7.2931
5168,7.5893
5169,8.5126
5170,8.2891
5171,7.8274
5172,8.1441
5173,7.2602
5174,7.6526
5175,8.14
5176,7.7254
5177,7.9462
5178,7.5936
5179,9.3089
5180,7.5005
5181,7.5323
5182,6.6928
5183,8.8518
5184,7.9784
5185,7.4554
5186,7.6018
5187,7.4284
5188,7.9058
5189,7.2602
5190,7.6261
5191,8.7713
5192,7.7141
5193,7.6471
5194,7.5006
5195,7.6114
5196,7.9532
5197,7.7751
5198,7.4119
5199,7.2602
5200,5.6506
5201,7.5831
5202,6.3356
5203,7.6018
5204,8.1085
5205,7.1504
5206,7.9879
5207,7.0679
5208,8.2449
5209,5.0985
5210,7.1834
5211,8.3562
5212,7.1348
5213,6.8525
5214,7.8129
5215,7.9782
5216,8.1777
5217,6.4882
5218,7.8965
5219,7.3653
5220,7.3136
5221,8.0159
5222,8.0388
5223,7.3917
5224,7.7878
5225,7.2529
5226,7.8159
5227,7.7815
5228,7.979
5229,7.236
5230,7.711
5231,7.971
5232,7.7232
5233,7.5956
5234,7.9576
5235,7.0917
5236,7.7289
5237,7.4758
5238,7.4944
5239,7.9009
5240,7.8348
5241,7.4538
5242,5.0985
5243,7.4081
5244,7.8934
5245,7.8807
5246,7.0061
5247,7.2211
5248,7.4531
5249,7.638
5250,7.1713
5251,7.3647
5252,7.4036
5253,5.0985
5254,7.5077
5255,6.6558
5256,7.4491
5257,8.3766
5258,7.5207
5259,7.789
5260,6.4911
5261,7.3966
5262,7.2144
5263,7.6018
5264,7.6018
5265,8.0295
5266,7.524
5267,8.1261
5268,7.4862
5269,7.9742
5270,7.5471
5271,7.0731
5272,7.771
5273,7.2602
5274,7.9974
5275,7.5696
5276,8.3908
5277,8.1922
5278,7.6117
5279,8.2735
5280,7.6869
5281,7.4954
5282,7.7115
5283,7.3127
5284,7.7281
5285,5.6095
5286,7.638
5287,7.2822
5288,7.3722
5289,7.6421
5290,7.5925
5291,7.8226
5292,7.7183
5293,5.8776
5294,7.3522
5295,7.5754
5296,7.5471
5297,8.3062
5298,7.7927
5299,7.8862
5300,7.1257
5301,7.4119
5302,7.3843
5303,8.0012
5304,7.8127
5305,7.638
5306,7.66
5307,7.379
5308,5.0985
5309,8.4431
5310,5.0985
5311,7.9796
5312,8.001
5313,7.6018
5314,8.3102
5315,7.7816
5316,7.7156
5317,7.2963
5318,7.6018
5319,7.689
5320,7.6673
5321,7.4099
5322,7.6018
5323,8.8518
5324,7.7639
5325,8.1521
5326,9.3089
5327,7.6765
5328,7.7201
5329,7.3008
5330,8.8518
5331,7.1509
5332,7.2905
5333,7.6018
5334,6.8715
5335,7.6572
5336,8.8523
5337,8.0236
5338,7.0574
5339,7.433
5340,7.5527
5341,7.9631
5342,7.2182
5343,7.6018
5344,8.8518
5345,6.8989
5346,7.5432
5347,8.8518
5348,7.0775
5349,7.6679
5350,6.7784
5351,7.5458
5352,7.6675
5353,8.2297
5354,7.9513
5355,7.3653
5356,9.0017
5357,7.9102
5358,8.1056
5359,7.6069
5360,8.5049
5361,7.1343
5362,7.5077
5363,7.239
5364,8.0007
5365,7.2602
5366,7.2602
5367,7.6018
5368,7.5951
5369,7.6018
5370,7.1934
5371,7.2602
5372,7.5386
5373,6.6817
5374,7.6018
5375,5.0985
5376,7.6121
5377,7.7345
5378,7.9507
5379,7.2602
5380,7.5444
5381,7.6018
5382,6.2773
5383,7.6018
5384,7.6407
5385,5.0985
5386,6.9458
5387,8.8518
5388,8.0014
5389,5.6095
5390,7.5077
5391,7.3609
5392,8.1327
5393,7.962
5394,8.1345
5395,8.8523
5396,8.2202
5397,7.4036
5398,7.7522
5399,8.6168
5400,7.6594
5401,8.3899
5402,7.8644
5403,8.2904
5404,7.1595
5405,7.6509
5406,5.0985
5407,7.7258
5408,5.6506
5409,7.6018
5410,8.8518
5411,7.614
5412,7.5419
5413,8.8518
5414,6.8843
5415,7.8545
5416,7.6947
5417,7.638
5418,8.9908
5419,7.5727
5420,5.0985
5421,7.6631
5422,6.1809
5423,7.1834
5424,7.2204
5425,7.7289
5426,7.723
5427,9.3089
5428,7.6018
5429,7.4777
5430,7.9345
5431,7.1481
5432,8.2449
5433,7.5967
5434,7.5296
5435,8.9607
5436,7.3494
5437,8.0015
5438,8.1883
5439,7.6834
5440,7.5412
5441,7.2157
5442,7.1772
5443,7.3587
5444,8.3315
5445,7.9198
5446,7.4946
5447,7.2602
5448,9.0017
5449,7.4365
5450,7.8475
5451,7.2682
5452,7.2681
5453,7.2655
5454,7.4954
5455,8.4394
5456,5.1918
5457,7.6018
5458,7.6862
5459,8.8404
5460,7.5894
5461,7.2741
5462,9.3089
5463,7.3367
5464,7.3653
5465,7.7289
5466,8.1926
5467,7.8335
5468,8.8404
5469,7.6038
5470,7.3866
5471,7.4562
5472,8.1147
5473,7.6947
5474,7.631
5475,7.6347
5476,7.6472
5477,8.8494
5478,6.6004
5479,7.9009
5480,7.4563
5481,7.6738
5482,7.1209
5483,7.4464
5484,7.54
5485,7.9182
5486,7.5047
5487,7.2099
5488,7.8636
5489,6.8167
5490,7.8603
5491,7.8198
5492,7.4836
5493,7.4729
5494,7.6038
5495,8.0176
5496,7.5244
5497,7.5471
5498,7.3584
5499,8.8518
5500,7.7011
5501,7.6199
5502,8.0493
5503,7.5895
5504,5.0985
5505,7.4629
5506,9.3457
5507,7.6263
5508,9.3089
5509,7.2602
5510,7.5697
5511,8.2449
5512,7.5013
5513,7.6549
5514,7.5398
5515,7.2156
5516,7.5725
5517,8.6199
5518,7.3566
5519,7.9832
5520,7.6018
5521,8.8518
5522,5.6506
5523,8.2449
5524,7.5077
5525,7.5957
5526,7.1261
5527,7.5061
5528,6.793
5529,9.3877
5530,7.5247
5531,7.2602
5532,7.7258
5533,7.2199
5534,7.6171
5535,7.2507
5536,6.4869
5537,5.1918
5538,7.3247
5539,8.1062
5540,7.6682
5541,7.5471
5542,8.1443
5543,8.0221
5544,7.6531
5545,7.6018
5546,8.8518
5547,7.5773
5548,7.7722
5549,7.5939
5550,8.3342
5551,6.0404
5552,8.1287
5553,7.6755
5554,7.9259
5555,7.158
5556,7.8832
5557,7.9245
5558,8.8679
5559,8.8518
5560,9.0017
5561,7.1545
5562,7.0359
5563,7.5687
5564,7.1772
5565,7.1203
5566,7.5056
5567,7.8814
5568,7.6158
5569,7.6183
5570,8.8518
5571,7.524
5572,7.4182
5573,7.6462
5574,7.1682
5575,7.435
5576,7.9219
5577,7.9328
5578,7.755
5579,5.0985
5580,7.6018
5581,5.0985
5582,6.6095
5583,7.2602
5584,7.274
5585,8.5305
5586,7.6018
5587,7.6917
5588,7.6985
5589,7.5077
5590,7.5969
5591,8.1574
5592,7.7504
5593,7.758
5594,7.4913
5595,7.349
5596,8.2951
5597,7.3985
5598,7.6196
5599,7.6018
5600,7.9345
5601,7.6523
5602,7.9245
5603,7.5371
5604,7.5232
5605,6.9695
5606,7.0634
5607,7.4182
5608,7.9561
5609,7.6359
5610,6.7809
5611,5.1918
5612,7.4179
5613,7.7554
5614,7.8885
5615,7.6371
5616,7.2139
5617,8.5009
5618,7.8216
5619,7.7932
5620,7.2602
5621,7.4365
5622,8.0013
5623,7.9895
5624,7.9825
5625,8.3562
5626,6.5509
5627,7.4491
5628,8.1704
5629,7.6311
5630,7.2924
5631,7.3226
5632,8.0964
5633,8.4618
5634,9.0922
5635,7.8012
5636,7.6018
5637,6.7486
5638,7.9514
5639,7.2602
5640,7.8164
5641,7.3006
5642,7.6394
5643,7.4021
5644,7.4587
5645,7.2075
5646,7.9878
5647,7.821
5648,7.7709
5649,7.3426
5650,7.3732
5651,7.2515
5652,7.638
5653,7.7764
5654,7.5688
5655,8.417
5656,7.8745
5657,7.787
5658,7.638
5659,7.7156
5660,7.3653
5661,7.6072
5662,7.3395
5663,6.3694
5664,7.3237
5665,7.9912
5666,7.5077
5667,7.6018
5668,6.8525
5669,7.7787
5670,7.4769
5671,7.4302
5672,8.6168
5673,7.638
5674,7.6937
5675,8.4081
5676,7.5779
5677,7.0509
5678,7.7289
5679,7.6162
5680,7.3179
5681,7.6937
5682,8.0268
5683,8.1121
5684,7.3998
5685,5.0985
5686,7.6018
5687,7.8761
5688,7.4735
5689,8.8518
5690,8.2449
5691,7.638
5692,8.1274
5693,7.5636
5694,7.6675
5695,7.0003
5696,7.5365
5697,7.5848
5698,7.0877
5699,7.7467
5700,7.9345
5701,7.7434
5702,9.0017
5703,7.5848
5704,6.9646
5705,8.0313
5706,7.7749
5707,7.3572
5708,7.9779
5709,7.54
5710,7.5527
5711,7.1642
5712,7.3339
5713,7.2321
5714,7.5787
5715,7.6341
5716,7.8642
5717,7.638
5718,7.638
5719,7.6018
5720,7.5471
5721,7.6541
5722,5.6095
5723,6.6095
5724,7.6676
5725,8.4292
5726,7.1176
5727,6.5608
5728,7.2989
5729,8.6688
5730,7.9182
5731,7.8834
5732,8.2866
5733,7.3659
5734,7.6438
5735,8.8518
5736,8.2257
5737,7.6263
5738,8.8494
5739,7.66
5740,7.2679
5741,7.6018
5742,7.2744
5743,7.2998
5744,7.4119
5745,7.4225
5746,7.1561
5747,7.9163
5748,7.6018
5749,7.8503
5750,7.4562
5751,7.6716
5752,7.8869
5753,7.6496
5754,8.6772
5755,7.2602
5756,8.0324
5757,7.1862
5758,8.125
5759,7.6018
5760,7.7055
5761,7.5015
5762,7.2366
5763,7.1607
5764,7.8619
5765,7.5208
5766,7.0491
5767,7.4416
5768,7.2124
5769,7.6056
5770,7.6125
5771,7.4486
5772,7.1164
5773,5.0985
5774,7.4557
5775,7.8446
5776,7.3634
5777,5.0985
5778,7.0669
5779,7.8034
5780,7.2679
5781,7.7744
5782,7.4856
5783,7.6018
5784,7.6165
5785,7.6863
5786,7.7193
5787,7.1383
5788,7.787
5789,5.0985
5790,5.6095
5791,8.7003
5792,7.4925
5793,7.297
5794,8.3448
5795,7.5439
5796,7.5566
5797,7.9189
5798,7.2762
5799,7.5773
5800,7.7072
5801,7.1858
5802,6.2163
5803,7.352
5804,7.6018
5805,9.3777
5806,7.9245
5807,7.7622
5808,8.5242
5809,8.152
5810,7.9974
5811,7.638
5812,7.638
5813,6.8113
5814,7.3653
5815,7.5527
5816,7.7933
5817,8.1688
5818,7.6018
5819,6.6675
5820,7.7359
5821,7.706
5822,6.1445
5823,8.8518
5824,7.4491
5825,7.9096
5826,7.5077
5827,7.3509
5828,7.5225
5829,7.8249
5830,8.0545
5831,7.158
5832,8.8518
5833,7.6018
5834,7.1474
5835,7.6638
5836,8.3342
5837,5.0985
5838,7.7231
5839,8.7449
5840,7.5829
5841,8.335
5842,7.2175
5843,8.1767
5844,7.8361
5845,7.5848
5846,9.0017
5847,7.638
5848,8.0641
5849,8.2908
5850,7.6018
5851,7.6677
5852,7.5471
5853,7.2622
5854,6.8466
5855,8.2889
5856,8.0135
5857,7.6472
5858,6.5799
5859,6.5967
5860,6.7924
5861,6.4073
5862,7.8584
5863,7.6018
5864,4.2874
5865,7.1977
5866,8.0973
5867,4.2874
5868,7.8475
5869,7.8475
5870,7.5799
5871,8.0917
5872,7.4006
5873,8.2904
5874,9.0017
5875,7.2213
5876,7.5676
5877,6.7884
5878,7.4912
5879,8.1382
5880,7.5239
5881,7.4087
5882,7.8198
5883,7.193
5884,8.2972
5885,8.1198
5886,7.5951
5887,7.3813
5888,7.5515
5889,7.6018
5890,7.4118
5891,7.3749
5892,7.4452
5893,7.7372
5894,7.6881
5895,7.9302
5896,8.2025
5897,7.6765
5898,8.8518
5899,7.5905
5900,7.5015
5901,7.9218
5902,7.9865
5903,8.282
5904,7.2602
5905,7.5238
5906,7.6679
5907,7.6075
5908,7.0398
5909,7.3002
5910,7.2457
5911,8.2974
5912,7.6018
5913,7.6018
5914,7.5905
5915,7.6259
5916,5.9339
5917,8.7876
5918,7.6018
5919,7.5867
5920,7.6168
5921,8.1758
5922,7.6375
5923,7.2753
5924,7.5386
5925,8.8777
5926,6.7315
5927,7.8614
5928,7.3129
5929,8.8518
5930,7.5727
5931,6.9456
5932,7.6995
5933,5.1918
5934,6.1809
5935,7.774
5936,7.7765
5937,8.1381
5938,8.7726
5939,7.4391
5940,7.5415
5941,7.7543
5942,7.5262
5943,7.5265
5944,7.8206
5945,7.7905
5946,7.5649
5947,8.8518
5948,7.0013
5949,8.5125
5950,5.0985
5951,7.4529
5952,7.5337
5953,7.1775
5954,7.6686
5955,7.8509
5956,7.6457
5957,7.7582
5958,7.7898
5959,7.4455
5960,7.9058
5961,7.3346
5962,7.8177
5963,8.3127
5964,8.1428
5965,8.2115
5966,7.6018
5967,7.7706
5968,7.3136
5969,7.4562
5970,7.4036
5971,7.5333
5972,7.8528
5973,7.6221
5974,8.8518
5975,7.7766
5976,7.1173
5977,7.7846
5978,7.8348
5979,7.5058
5980,7.8577
5981,9.0001
5982,7.5471
5983,7.6018
5984,8.8518
5985,8.8518
5986,7.3454
5987,7.0589
5988,7.593
5989,7.3758
5990,8.1002
5991,8.0337
5992,7.1045
5993,7.6018
5994,7.6018
5995,8.0188
5996,7.9892
5997,7.7648
5998,7.9798
5999,7.5697
6000,6.4425
6001,7.6231
6002,7.7168
6003,7.6018
6004,7.6018
6005,7.1862
6006,7.8382
6007,6.8424
6008,8.6688
6009,7.7289
6010,8.0533
6011,8.0576
6012,7.9422
6013,7.4679
6014,7.7706
6015,8.1668
6016,7.6159
6017,7.6827
6018,7.3996
6019,7.4491
6020,8.8518
6021,6.9697
6022,7.9834
6023,7.6029
6024,7.6886
6025,7.7706
6026,8.546
6027,7.1343
6028,7.6817
6029,7.638
6030,4.2874
6031,7.638
6032,8.2347
6033,7.7081
6034,8.0358
6035,7.6012
6036,7.7742
6037,7.6435
6038,7.5956
6039,7.5463
6040,7.3761
6041,6.8909
6042,7.7899
6043,7.1682
6044,7.6168
6045,6.7611
6046,7.3324
6047,7.5426
6048,8.2866
6049,7.7289
6050,7.6835
6051,7.1865
6052,7.638
6053,5.5368
6054,7.6682
6055,7.1772
6056,7.537
6057,7.8834
6058,7.6094
6059,7.4522
6060,6.9277
6061,7.5636
6062,7.1536
6063,7.2509
6064,7.638
6065,7.3653
6066,8.5004
6067,7.7866
6068,6.3238
6069,7.8584
6070,7.3737
6071,7.7729
6072,6.4075
6073,7.2602
6074,7.6188
6075,8.8518
6076,7.6745
6077,7.6754
6078,7.4432
6079,8.2427
6080,7.7507
6081,8.2469
6082,8.1941
6083,7.6787
6084,7.6493
6085,7.4036
6086,6.484
6087,8.2007
6088,7.3653
6089,7.5439
6090,8.0901
6091,8.1257
6092,8.431
6093,7.7289
6094,7.2095
6095,7.7706
6096,6.9165
6097,6.3238
6098,7.5323
6099,7.2741
6100,8.1641
6101,7.7034
6102,7.6538
6103,7.4732
6104,8.2988
6105,6.9716
6106,7.9497
6107,7.8249
6108,7.3205
6109,7.6828
6110,8.4379
6111,7.9918
6112,7.3804
6113,7.4298
6114,8.5187
6115,7.1619
6116,7.7098
6117,7.9124
6118,8.3127
6119,7.8496
6120,8.0448
6121,7.2462
6122,7.233
6123,6.473
6124,7.2515
6125,7.4068
6126,7.2829
6127,7.3127
6128,7.5387
6129,7.4119
6130,7.9573
6131,8.8518
6132,7.8021
6133,7.8888
6134,7.8856
6135,7.6018
6136,7.329
6137,7.4491
6138,7.4341
6139,7.6168
6140,7.7706
6141,8.3037
6142,7.8097
6143,7.3953
6144,8.0007
6145,6.5138
6146,7.7409
6147,7.5471
6148,7.6613
6149,7.5398
6150,7.3058
6151,7.1821
6152,7.9566
6153,5.1918
6154,8.2283
6155,7.6438
6156,7.5016
6157,7.3898
6158,7.7289
6159,7.7196
6160,8.2511
6161,7.5909
6162,5.6506
6163,7.9933
6164,7.41
6165,8.0721
6166,7.5077
6167,8.2084
6168,7.2602
6169,8.0603
6170,8.0209
6171,7.6595
6172,7.4423
6173,8.0688
6174,6.9509
6175,7.3863
6176,6.3248
6177,7.5015
6178,7.9713
6179,7.2515
6180,7.9912
6181,7.4642
6182,7.6947
6183,7.5283
6184,7.5446
6185,7.7131
6186,8.0566
6187,7.3283
6188,7.8996
6189,8.0631
6190,7.287
6191,7.8098
6192,8.0005
6193,7.611
6194,7.7588
6195,7.4352
6196,8.0941
6197,7.3674
6198,5.0985
6199,8.2904
6200,7.3582
6201,7.6884
6202,7.9138
6203,8.2183
6204,7.6018
6205,5.1918
6206,7.4528
6207,7.8448
6208,7.9881
6209,7.8809
6210,7.7639
6211,7.5137
6212,7.638
6213,7.6012
6214,7.3382
6215,7.6382
6216,7.638
6217,7.1536
6218,7.2679
6219,7.345
6220,6.2119
6221,7.8084
6222,7.1772
6223,7.5727
6224,7.6452
6225,7.5803
6226,9.0017
6227,7.7289
6228,7.2339
6229,7.6815
6230,7.2048
6231,8.0023
6232,7.1119
6233,7.2009
6234,7.6308
6235,8.1469
6236,7.5607
6237,7.6018
6238,7.6064
6239,7.9422
6240,7.843
6241,7.2564
6242,7.7201
6243,8.2046
6244,8.8777
6245,7.6217
6246,7.4826
6247,7.5445
6248,7.2602
6249,7.5444
6250,7.5077
6251,7.9812
6252,7.8424
6253,8.0978
6254,7.0913
6255,8.0003
6256,8.4431
6257,7.5848
6258,7.6251
6259,7.3694
6260,7.6031
6261,7.787
6262,7.7358
6263,7.8483
6264,7.828
6265,7.4548
6266,7.9593
6267,8.154
6268,7.6299
6269,7.9274
6270,7.8957
6271,7.6805
6272,8.8518
6273,7.4423
6274,7.858
6275,7.2599
6276,7.3985
6277,7.4551
6278,7.479
6279,7.4074
6280,7.6953
6281,8.0972
6282,8.6396
6283,7.4423
6284,7.4856
6285,7.6679
6286,7.7638
6287,7.7515
6288,7.2602
6289,7.5129
6290,7.7785
6291,7.6018
6292,7.2512
6293,7.5247
6294,7.5428
6295,8.7713
6296,7.8045
6297,7.6091
6298,7.6937
6299,7.4988
6300,7.7209
6301,7.7028
6302,8.2183
6303,7.5365
6304,7.9353
6305,9.3089
6306,8.2449
6307,6.6538
6308,7.5077
6309,7.1343
6310,7.5923
6311,7.2339
6312,8.0586
6313,6.4927
6314,7.2602
6315,7.6481
6316,8.8518
6317,8.8697
6318,7.7289
6319,7.4991
6320,7.9273
6321,7.5981
6322,7.5077
6323,7.9606
6324,7.638
6325,7.6583
6326,7.5147
6327,7.3653
6328,7.4865
6329,7.7428
6330,7.1209
6331,7.6018
6332,6.4294
6333,6.4882
6334,7.8141
6335,7.4491
6336,8.0978
6337,7.2602
6338,7.1295
6339,8.2004
6340,6.4137
6341,7.3568
6342,7.3616
6343,8.0912
6344,5.1918
6345,7.8312
6346,7.4139
6347,6.9277
6348,7.7506
6349,7.4451
6350,7.001
6351,7.4885
6352,7.2299
6353,8.2517
6354,7.8396
6355,6.9138
6356,8.5126
6357,7.0016
6358,7.6388
6359,7.5077
6360,7.6018
6361,8.653
6362,7.6018
6363,7.5077
6364,8.6558
6365,7.4385
6366,5.6095
6367,7.3653
6368,7.6018
6369,7.877
6370,7.3348
6371,7.7903
6372,7.6506
6373,7.5783
6374,7.6679
6375,7.3653
6376,7.1844
6377,6.3686
6378,7.4182
6379,8.0654
6380,8.6688
6381,6.7579
6382,8.1337
6383,7.8341
6384,7.4746
6385,7.9155
6386,7.4385
6387,7.6681
6388,7.9245
6389,7.6018
6390,7.5641
6391,7.6099
6392,7.9671
6393,7.2837
6394,7.4182
6395,8.0149
6396,7.4618
6397,7.8347
6398,7.3566
6399,7.638
6400,6.6385
6401,8.0674
6402,7.0058
6403,8.1727
6404,7.7289
6405,8.6688
6406,8.1833
6407,6.3238
6408,7.1887
6409,7.8604
6410,7.2057
6411,7.379
6412,5.0985
6413,7.5167
6414,8.0654
6415,8.293
6416,8.6688
6417,7.3093
6418,7.856
6419,7.7603
6420,8.1187
6421,7.8397
6422,7.5398
6423,7.6018
6424,5.1918
6425,7.3653
6426,7.8211
6427,7.8017
6428,7.4173
6429,7.6321
6430,7.5154
6431,7.2602
6432,7.5432
6433,7.6204
6434,7.2229
6435,7.4275
6436,7.5009
6437,7.3761
6438,7.2281
6439,7.2602
6440,7.5077
6441,8.8518
6442,7.5242
6443,8.2511
6444,7.6859
6445,7.6937
6446,7.4947
6447,7.3582
6448,7.3127
6449,7.5893
6450,7.2602
6451,8.5124
6452,7.7694
6453,7.5077
6454,8.6405
6455,7.8242
6456,7.6781
6457,7.638
6458,7.8198
6459,7.6018
6460,9.0017
6461,8.5004
6462,7.8573
6463,7.749
6464,7.8246
6465,8.6688
6466,8.5197
6467,8.621
6468,7.6638
6469,7.8198
6470,7.6747
6471,7.6018
6472,5.1312
6473,6.3682
6474,8.0458
6475,7.1872
6476,7.2602
6477,6.8843
6478,8.0003
6479,7.1826
6480,8.1749
6481,8.6571
6482,7.6813
6483,7.8348
6484,7.8773
6485,7.5501
6486,8.2754
6487,7.6018
6488,7.3653
6489,7.9172
6490,6.8392
6491,6.066
6492,6.7669
6493,7.8393
6494,7.9633
6495,7.5472
6496,7.6942
6497,7.211
6498,8.8523
6499,7.951
6500,6.9988
6501,7.6259
6502,7.5471
6503,7.638
6504,7.8476
6505,8.0636
6506,7.867
6507,7.3447
6508,7.7353
6509,8.6029
6510,6.8407
6511,7.6832
6512,7.786
6513,7.6018
6514,7.5887
6515,5.1918
6516,7.9878
6517,9.3089
6518,7.4776
6519,6.9323
6520,7.6831
6521,8.0006
6522,7.6486
6523,7.3084
6524,7.5471
6525,7.3999
6526,7.1682
6527,7.8185
6528,7.0848
6529,8.7503
6530,6.566
6531,7.1078
6532,7.7327
6533,8.4003
6534,7.493
6535,7.5154
6536,6.969
6537,7.6544
6538,7.5559
6539,7.1062
6540,7.638
6541,7.5636
6542,7.497
6543,7.2602
6544,7.1886
6545,6.8407
6546,7.8779
6547,7.8511
6548,7.5539
6549,8.1439
6550,7.8963
6551,7.5662
6552,8.1995
6553,7.7103
6554,7.3083
6555,9.0017
6556,7.5395
6557,7.2616
6558,7.4005
6559,7.2602
6560,8.1641
6561,7.7204
6562,7.6018
6563,7.0359
6564,7.7181
6565,7.851
6566,7.7292
6567,7.1476
6568,7.4192
6569,7.4012
6570,8.5435
6571,8.1767
6572,7.6
6573,7.5015
6574,7.7515
6575,7.3283
6576,7.2616
6577,7.1509
6578,7.6018
6579,7.3239
6580,7.4268
6581,9.0017
6582,7.9412
6583,7.6336
6584,7.3824
6585,8.9573
6586,7.8757
6587,7.3566
6588,7.4416
6589,8.0233
6590,8.0364
6591,8.8448
6592,7.1441
6593,7.5365
6594,7.7289
6595,7.266
6596,7.2602
6597,7.8009
6598,8.2004
6599,8.7103
6600,7.4491
6601,9.0017
6602,7.2499
6603,7.5505
6604,7.5471
6605,7.5077
6606,8.4407
6607,7.1792
6608,6.9207
6609,7.5471
6610,7.3653
6611,7.5487
6612,7.8761
6613,8.8518
6614,7.3306
6615,7.4937
6616,7.5365
6617,7.2602
6618,8.4354
6619,5.0985
6620,6.7784
6621,7.2356
6622,7.5931
6623,8.3358
6624,7.5315
6625,8.0729
6626,6.3686
6627,7.9859
6628,7.7438
6629,8.3757
6630,7.1727
6631,7.6152
6632,8.6688
6633,7.5365
6634,7.8618
6635,8.0343
6636,6.6807
6637,7.9878
6638,7.8129
6639,7.7672
6640,7.2599
6641,7.1688
6642,7.6012
6643,7.6544
6644,7.2602
6645,7.6349
6646,7.8834
6647,8.3679
6648,7.4693
6649,7.4056
6650,7.703
6651,8.6821
6652,7.5015
6653,7.6548
6654,7.6352
6655,8.1588
6656,8.1451
6657,7.5863
6658,7.4121
6659,7.5077
6660,7.5398
6661,7.8633
6662,7.8651
6663,7.4946
6664,7.2636
6665,7.644
6666,7.7731
6667,9.0017
6668,7.7613
6669,7.2602
6670,8.8518
6671,7.9276
6672,7.2641
6673,7.5516
6674,7.5117
6675,8.2449
6676,7.2123
6677,7.7473
6678,7.372
6679,7.8198
6680,7.8367
6681,7.9736
6682,7.4679
6683,7.2818
6684,7.4769
6685,7.1455
6686,8.3862
6687,7.8717
6688,7.5471
6689,7.8188
6690,4.2874
6691,7.4835
6692,7.3653
6693,8.0948
6694,7.3477
6695,6.9386
6696,7.5365
6697,7.3928
6698,8.1189
6699,8.2281
6700,7.6233
6701,7.8814
6702,7.515
6703,5.6095
6704,7.2004
6705,7.5927
6706,7.9519
6707,7.7878
6708,7.6879
6709,7.2983
6710,7.638
6711,7.5457
6712,7.6018
6713,6.5345
6714,5.6192
6715,7.5463
6716,7.5077
6717,9.0291
6718,7.5015
6719,7.6018
6720,7.4854
6721,7.7927
6722,7.6679
6723,7.7738
6724,5.5354
6725,7.5435
6726,8.1009
6727,8.1776
6728,7.3853
6729,7.7149
6730,7.7515
6731,7.4746
6732,7.4662
6733,6.9299
6734,7.5201
6735,7.8296
6736,8.0423
6737,7.8009
6738,5.6776
6739,7.8198
6740,7.3899
6741,7.8601
6742,8.1995
6743,7.578
6744,7.9447
6745,7.753
6746,8.0098
6747,7.5651
6748,6.8768
6749,8.1254
6750,7.2602
6751,7.9878
6752,7.6863
6753,7.2009
6754,7.5471
6755,8.1043
6756,7.4973
6757,8.3015
6758,7.3426
6759,7.2602
6760,8.322
6761,7.4494
6762,7.9213
6763,7.9317
6764,7.5016
6765,7.8905
6766,7.6532
6767,8.8518
6768,7.3983
6769,7.1772
6770,7.9811
6771,7.5497
6772,8.4746
6773,7.4621
6774,7.1118
6775,5.0985
6776,6.7784
6777,7.3989
6778,6.0091
6779,7.9125
6780,7.7692
6781,8.8518
6782,7.076
6783,7.4629
6784,7.5799
6785,7.5379
6786,7.7406
6787,7.6952
6788,8.8518
6789,8.349
6790,9.3089
6791,8.0097
6792,7.9308
6793,6.9299
6794,7.4182
6795,8.1345
6796,8.8518
6797,7.3656
6798,7.9878
6799,8.1441
6800,7.638
6801,7.2944
6802,7.5471
6803,7.7308
6804,7.3302
6805,7.3566
6806,6.8131
6807,9.2319
6808,8.2918
6809,7.5471
6810,7.9232
6811,8.0308
6812,6.793
6813,7.5023
6814,7.0566
6815,7.2602
6816,7.5058
6817,7.7374
6818,7.938
6819,7.8198
6820,7.5016
6821,7.8198
6822,7.7289
6823,7.8045
6824,6.9386
6825,7.2566
6826,7.6014
6827,7.8421
6828,8.2449
6829,8.8404
6830,8.0353
6831,6.7809
6832,7.3687
6833,7.5697
6834,7.5011
6835,8.0968
6836,7.2463
6837,9.3089
6838,7.787
6839,7.6018
6840,8.4734
6841,7.6009
6842,7.1565
6843,7.5893
6844,7.7663
6845,8.7503
6846,7.6216
6847,7.7004
6848,6.8113
6849,8.4534
6850,7.6679
6851,8.0067
6852,7.6691
6853,8.0177
6854,7.3679
6855,7.4965
6856,7.7515
6857,8.1716
6858,7.3476
6859,7.638
6860,8.6038
6861,6.7069
6862,8.1404
6863,8.1056
6864,7.1079
6865,7.5008
6866,8.7665
6867,7.752
6868,7.2744
6869,7.6735
6870,7.8348
6871,7.8198
6872,9.3089
6873,7.463
6874,6.9182
6875,9.3089
6876,7.8348
6877,8.063
6878,7.9665
6879,5.0985
6880,7.6018
6881,7.5647
6882,7.6613
6883,6.2785
6884,7.7204
6885,5.6506
6886,7.6081
6887,7.5392
6888,6.3575
6889,8.2449
6890,6.8959
6891,7.5471
6892,7.2602
6893,7.8648
6894,7.8609
6895,7.5077
6896,7.7403
6897,6.9002
6898,7.8619
6899,7.2553
6900,7.5956
6901,7.4864
6902,9.0017
6903,7.3653
6904,6.5115
6905,7.7515
6906,7.2296
6907,8.0753
6908,7.5973
6909,7.131
6910,7.9198
6911,8.8518
6912,7.9124
6913,7.54
6914,7.9458
6915,7.3167
6916,8.1388
6917,7.6971
6918,7.5471
6919,6.0082
6920,7.843
6921,6.9159
6922,7.6154
6923,8.2735
6924,7.5009
6925,8.0454
6926,7.2736
6927,7.2347
6928,7.7658
6929,7.5077
6930,7.6018
6931,4.2874
6932,7.5867
6933,7.3127
6934,7.4442
6935,7.8555
6936,7.1782
6937,7.5917
6938,6.451
6939,7.7473
6940,7.9878
6941,7.6018
6942,7.8103
6943,7.1674
6944,8.8518
6945,8.7506
6946,8.0002
6947,8.1701
6948,7.5406
6949,8.8518
6950,8.167
6951,7.6018
6952,7.6018
6953,7.6395
6954,7.5073
6955,8.5662
6956,7.9001
6957,7.3566
6958,7.5848
6959,8.135
6960,7.9141
6961,7.701
6962,7.5013
6963,7.3095
6964,7.4644
6965,6.7684
6966,8.4804
6967,7.7376
6968,7.7777
6969,8.0231
6970,7.0566
6971,8.5197
6972,8.478
6973,8.3245
6974,7.1789
6975,7.0003
6976,7.608
6977,7.5846
6978,7.5636
6979,7.0566
6980,7.3582
6981,7.5539
6982,7.433
6983,7.806
6984,7.4946
6985,7.7473
6986,7.7515
6987,7.2602
6988,7.5471
6989,5.0985
6990,7.3566
6991,7.8509
6992,7.3472
6993,7.3936
6994,7.1441
6995,7.759
6996,7.8703
6997,7.6544
6998,8.1568
6999,7.3737
7000,7.0009
7001,7.566
7002,7.5218
7003,7.638
7004,7.1674
7005,7.638
7006,8.1886
7007,7.7698
7008,7.6018
7009,8.2501
7010,7.6638
7011,7.5944
7012,7.5494
7013,7.6018
7014,7.1572
7015,7.9068
7016,7.9381
7017,7.1772
7018,9.0017
7019,8.0389
7020,7.6353
7021,7.8039
7022,9.0017
7023,8.349
7024,7.6862
7025,7.0648
7026,6.18
7027,7.5221
7028,9.06
7029,7.2007
7030,8.1489
7031,7.4529
7032,7.5455
7033,7.7514
7034,7.6018
7035,7.2602
7036,7.8202
7037,7.5319
7038,7.6996
7039,7.6018
7040,7.2814
7041,7.1575
7042,8.0354
7043,7.5268
7044,6.9277
7045,7.4036
7046,7.6937
7047,7.5976
7048,7.4076
7049,7.3756
7050,6.8054
7051,7.8197
7052,5.0985
7053,7.4491
7054,7.7156
7055,7.6018
7056,7.8569
7057,7.3088
7058,7.4562
7059,7.3566
7060,7.7699
7061,7.3148
7062,7.5011
7063,8.0231
7064,8.0073
7065,7.6018
7066,7.208
7067,7.6078
7068,7.2991
7069,7.514
7070,8.1256
7071,7.2558
7072,7.7431
7073,7.5361
7074,7.4321
7075,7.7399
7076,8.3167
7077,7.8443
7078,7.6018
7079,7.8369
7080,7.4562
7081,7.7673
7082,7.8851
7083,8.0354
7084,7.9608
7085,7.362
7086,8.1958
7087,7.7439
7088,7.7378
7089,7.7741
7090,7.5161
7091,7.858
7092,7.5894
7093,7.7735
7094,7.5016
7095,7.7434
7096,8.1767
7097,7.5077
7098,7.3086
7099,7.6018
7100,7.1009
7101,7.5243
7102,8.0075
7103,7.2044
7104,7.5727
7105,7.6992
7106,7.7515
7107,8.3336
7108,7.5013
7109,7.1009
7110,7.8414
7111,7.6018
7112,7.7546
7113,7.0382
7114,8.2792
7115,7.5729
7116,7.8414
7117,7.2602
7118,5.6095
7119,7.4852
7120,7.8779
7121,7.6018
7122,7.6509
7123,7.5386
7124,7.2602
7125,7.5006
7126,7.738
7127,7.9422
7128,7.6018
7129,8.8518
7130,7.5124
7131,7.7385
7132,6.8584
7133,7.6435
7134,7.5673
7135,7.5812
7136,7.6018
7137,7.54
7138,7.3689
7139,7.6018
7140,7.9342
7141,7.5322
7142,8.0007
7143,7.3509
7144,8.8518
7145,7.6065
7146,7.4184
7147,7.9065
7148,7.537
7149,7.806
7150,7.8104
7151,7.7765
7152,7.6018
7153,7.8296
7154,6.066
7155,7.679
7156,8.8518
7157,7.7675
7158,7.3091
7159,7.9182
7160,7.2828
7161,8.0015
7162,7.498
7163,7.6263
7164,7.3907
7165,7.7573
7166,7.5471
7167,7.5506
7168,8.0727
7169,8.3358
7170,7.8273
7171,7.9299
7172,5.0985
7173,6.5607
7174,7.6396
7175,7.6114
7176,8.2455
7177,7.3873
7178,5.0985
7179,7.6441
7180,7.3985
7181,7.9607
7182,7.345
7183,7.3566
7184,6.2886
7185,5.6095
7186,6.9364
7187,8.1441
7188,8.1281
7189,8.2088
7190,8.0693
7191,7.5471
7192,7.6967
7193,7.0188
7194,7.3837
7195,8.8523
7196,9.0017
7197,7.5925
7198,7.7345
7199,7.344
7200,7.6417
7201,8.3144
7202,7.8084
7203,7.3806
7204,6.2119
7205,7.858
7206,7.6682
7207,7.5972
7208,7.54
7209,7.748
7210,7.4744
7211,7.7564
7212,7.5848
7213,7.574
7214,7.8852
7215,7.5727
7216,7.3387
7217,7.4946
7218,7.487
7219,7.8819
7220,7.6135
7221,7.6468
7222,8.0057
7223,7.4406
7224,7.8549
7225,7.9561
7226,7.3566
7227,7.7763
7228,9.3089
7229,8.8518
7230,7.3823
7231,8.6688
7232,8.3492
7233,7.2602
7234,9.1484
7235,7.9138
7236,6.8017
7237,7.8566
7238,7.4701
7239,6.793
7240,8.8518
7241,8.677
7242,7.5015
7243,7.7434
7244,7.1772
7245,7.8553
7246,7.5458
7247,8.8518
7248,7.738
7249,7.6934
7250,8.0407
7251,7.1543
7252,7.9011
7253,7.9878
7254,8.175
7255,7.3899
7256,7.4714
7257,7.9153
7258,6.2119
7259,8.2966
7260,7.5527
7261,7.7177
7262,7.9382
7263,7.7038
7264,7.6905
7265,7.54
7266,7.6034
7267,7.1312
7268,7.6018
7269,7.8941
7270,7.9878
7271,7.0427
7272,8.4885
7273,6.55
7274,7.9123
7275,7.9351
7276,8.4559
7277,7.3653
7278,7.7193
7279,8.2006
7280,6.5792
7281,7.6261
7282,6.8017
7283,7.5392
7284,7.6717
7285,7.7402
7286,8.3434
7287,5.0985
7288,7.3566
7289,7.886
7290,7.9405
7291,7.9004
7292,8.1545
7293,7.9458
7294,7.5016
7295,7.6835
7296,8.175
7297,7.4294
7298,8.1778
7299,8.1835
7300,7.6863
7301,7.2602
7302,8.1995
7303,7.5703
7304,7.9878
7305,8.8518
7306,7.7785
7307,7.3993
7308,7.7601
7309,7.8143
7310,8.0933
7311,7.4334
7312,7.9829
7313,7.5445
7314,7.7289
7315,7.9518
7316,7.4805
7317,8.3208
7318,7.6552
7319,7.7148
7320,8.0313
7321,7.7515
7322,8.27
7323,9.1114
7324,7.0993
7325,8.2956
7326,7.4735
7327,8.7296
7328,7.4346
7329,8.391
7330,7.2602
7331,8.2343
7332,7.5345
7333,7.5539
7334,7.8198
7335,7.7895
7336,7.7725
7337,7.4103
7338,7.3368
7339,8.8518
7340,6.2954
7341,7.2877
7342,7.9877
7343,7.1936
7344,7.5221
7345,7.8509
7346,5.0985
7347,7.5584
7348,8.6549
7349,7.4629
7350,7.376
7351,7.4985
7352,8.193
7353,7.4554
7354,8.001
7355,7.8459
7356,8.8518
7357,7.7828
7358,7.5468
7359,7.7364
7360,6.9534
7361,8.175
7362,8.1982
7363,7.487
7364,7.6053
7365,7.2159
7366,7.3339
7367,6.6679
7368,7.5066
7369,8.1079
7370,7.5527
7371,7.5069
7372,7.6018
7373,7.9641
7374,8.7503
7375,8.0835
7376,7.9591
7377,7.4491
7378,7.2075
7379,8.2904
7380,7.6018
7381,7.4423
7382,7.2602
7383,7.2515
7384,7.1831
7385,7.2483
7386,8.8518
7387,7.2389
7388,6.9622
7389,7.6937
7390,7.6931
7391,7.2389
7392,7.3339
7393,5.1918
7394,8.3921
7395,7.1729
7396,8.8518
7397,7.4011
7398,8.042
7399,7.1252
7400,7.743
7401,8.8518
7402,8.2986
7403,7.4562
7404,6.653
7405,7.5077
7406,8.311
7407,7.8129
7408,7.6018
7409,8.0717
7410,5.9301
7411,7.2507
7412,8.1749
7413,8.1758
7414,7.8863
7415,7.2602
7416,7.5288
7417,7.8981
7418,7.4973
7419,6.6677
7420,7.8935
7421,7.324
7422,7.6649
7423,7.7203
7424,7.2602
7425,8.8777
7426,8.154
7427,7.4929
7428,7.619
7429,7.6263
7430,7.6875
7431,8.37
7432,7.6682
7433,7.2746
7434,7.5471
7435,7.3884
7436,9.4326
7437,6.0364
7438,7.3896
7439,7.2602
7440,7.7551
7441,7.9187
7442,7.1642
7443,7.7515
7444,9.4547
7445,7.638
7446,7.6885
7447,7.9492
7448,7.5077
7449,7.638
7450,7.7495
7451,7.0841
7452,7.8984
7453,7.1682
7454,6.2119
7455,8.4431
7456,7.9085
7457,5.6506
7458,7.3927
7459,8.0196
7460,8.319
7461,7.3091
7462,7.3653
7463,7.2285
7464,8.2818
7465,7.5077
7466,7.696
7467,7.9245
7468,7.6688
7469,8.0015
7470,6.9386
7471,7.5843
7472,7.6018
7473,7.8198
7474,7.0444
7475,7.4475
7476,7.3808
7477,7.6508
7478,7.2066
7479,8.0906
7480,8.2661
7481,7.5445
7482,7.1772
7483,8.4108
7484,7.6018
7485,9.1484
7486,6.9355
7487,7.6795
7488,8.9417
7489,7.2616
7490,6.9525
7491,7.8337
7492,7.2602
7493,7.6018
7494,6.4666
7495,8.0828
7496,7.9873
7497,7.5841
7498,7.4879
7499,7.1026
7500,7.5909
7501,7.2103
7502,7.5949
7503,8.7713
7504,7.6307
7505,7.9347
7506,7.9422
7507,7.2007
7508,7.3653
7509,7.4562
7510,7.5154
7511,5.0985
7512,7.4587
7513,7.3566
7514,7.6018
7515,7.5124
7516,7.0261
7517,6.8905
7518,6.787
7519,7.1026
7520,7.9977
7521,7.7633
7522,8.8518
7523,7.5471
7524,7.7434
7525,7.4
7526,7.6018
7527,7.3653
7528,7.5471
7529,8.8518
7530,8.3358
7531,8.0009
7532,7.9878
7533,7.7819
7534,7.2602
7535,8.4379
7536,7.6407
7537,8.6135
7538,7.8129
7539,8.0606
7540,7.7515
7541,7.0561
7542,8.4619
7543,8.1958
7544,6.4879
7545,7.5292
7546,6.6006
7547,7.7672
7548,7.7407
7549,7.4491
7550,8.135
7551,8.0152
7552,7.2515
7553,7.488
7554,7.2952
7555,7.4036
7556,7.4949
7557,7.248
7558,7.6018
7559,8.0651
7560,7.4456
7561,8.3358
7562,8.8518
7563,7.7046
7564,7.4567
7565,7.8509
7566,7.9784
7567,7.2602
7568,7.6572
7569,7.5198
7570,7.6018
7571,7.6186
7572,7.5885
7573,6.852
7574,8.8518
7575,7.5996
7576,7.9939
7577,7.8761
7578,7.4587
7579,7.2602
7580,8.4431
7581,7.5723
7582,7.3251
7583,7.5015
7584,8.8518
7585,7.9427
7586,7.7152
7587,8.4656
7588,7.5577
7589,7.6435
7590,7.5681
7591,7.4562
7592,7.5561
7593,7.4136
7594,8.0585
7595,7.7611
7596,7.1682
7597,7.54
7598,7.5975
7599,7.7929
7600,7.8982
7601,7.8348
7602,7.4679
7603,8.2601
7604,7.1345
7605,7.6354
7606,7.4042
7607,7.3392
7608,8.2257
7609,8.8518
7610,7.6018
7611,7.7403
7612,8.4431
7613,8.0532
7614,7.5703
7615,5.0985
7616,7.5727
7617,7.7088
7618,7.6261
7619,7.6018
7620,7.0509
7621,7.6398
7622,5.1918
7623,7.0691
7624,7.7054
7625,8.354
7626,7.5956
7627,7.3092
7628,7.6018
7629,7.5872
7630,7.8403
7631,7.6018
7632,7.6487
7633,7.5566
7634,7.7396
7635,8.0931
7636,8.3866
7637,7.7871
7638,7.8198
7639,6.8029
7640,8.7239
7641,7.6168
7642,7.7314
7643,8.111
7644,7.0932
7645,7.3653
7646,6.048
7647,7.8034
7648,8.6869
7649,7.1376
7650,7.6886
7651,6.8167
7652,7.5226
7653,7.4917
7654,7.287
7655,7.667
7656,7.7966
7657,7.5161
7658,8.7505
7659,7.6018
7660,7.5848
7661,7.5471
7662,8.3358
7663,7.1339
7664,7.532
7665,6.4149
7666,8.8777
7667,7.9245
7668,7.0337
7669,8.3327
7670,7.6561
7671,6.6372
7672,7.5848
7673,8.0465
7674,7.1659
7675,7.7297
7676,8.0039
7677,7.6018
7678,7.8198
7679,7.6967
7680,7.6018
7681,7.7706
7682,6.7156
7683,7.4654
7684,7.6122
7685,7.4116
7686,7.4846
7687,8.3259
7688,7.099
7689,7.5398
7690,7.6018
7691,7.5013
7692,7.9048
7693,7.2066
7694,7.7156
7695,7.3566
7696,7.0206
7697,8.2837
7698,7.4081
7699,7.638
7700,7.7511
7701,6.8433
7702,7.7515
7703,7.6168
7704,7.9832
7705,7.3808
7706,7.9607
7707,7.2602
7708,7.2022
7709,7.5011
7710,7.7729
7711,7.7272
7712,7.8949
7713,7.7663
7714,6.9345
7715,7.7866
7716,7.3359
7717,7.932
7718,7.8071
7719,7.7149
7720,8.8518
7721,7.6018
7722,8.8518
7723,6.793
7724,7.2321
7725,8.9397
7726,5.1918
7727,7.6282
7728,7.9878
7729,7.4194
7730,7.5167
7731,7.7495
7732,7.7289
7733,7.5717
7734,7.2156
7735,7.6605
7736,9.2859
7737,8.0867
7738,7.6937
7739,7.9036
7740,8.1044
7741,4.2874
7742,8.1568
7743,7.719
7744,7.0013
7745,7.5779
7746,7.6018
7747,7.2602
7748,7.6436
7749,7.5805
7750,7.1161
7751,7.4128
7752,9.0017
7753,7.0263
7754,7.7113
7755,7.2256
7756,6.9391
7757,6.9277
7758,9.0001
7759,7.6018
7760,7.6883
7761,7.4629
7762,6.7533
7763,7.6165
7764,7.3033
7765,7.2378
7766,6.7611
7767,7.7402
7768,7.6528
7769,7.6457
7770,7.6635
7771,7.8936
7772,5.1918
7773,7.8966
7774,8.1235
7775,7.1372
7776,8.1942
7777,7.5471
7778,7.7648
7779,7.2602
7780,5.0985
7781,6.9245
7782,6.7156
7783,7.6018
7784,7.6018
7785,7.2563
7786,7.6018
7787,6.7937
7788,7.7673
7789,8.0002
7790,6.8017
7791,7.5974
7792,7.5956
7793,7.3793
7794,7.8476
7795,7.4012
7796,7.6066
7797,7.7931
7798,5.4669
7799,7.787
7800,8.8518
7801,7.4485
7802,8.516
7803,8.311
7804,7.2972
7805,7.2679
7806,7.638
7807,7.5788
7808,8.0
7809,6.6372
7810,7.8761
7811,7.1251
7812,7.779
7813,7.2779
7814,7.1202
7815,7.6263
7816,7.2307
7817,6.4882
7818,8.2477
7819,7.938
7820,7.738
7821,7.299
7822,7.6561
7823,7.4735
7824,6.7208
7825,7.547
7826,8.2341
7827,7.3968
7828,6.8862
7829,8.4292
7830,7.5411
7831,7.1821
7832,7.784
7833,7.8676
7834,7.1566
7835,7.7289
7836,8.175
7837,7.8318
7838,6.9277
7839,8.015
7840,7.4182
7841,7.1576
7842,7.6018
7843,7.1677
7844,7.5418
7845,7.9056
7846,7.894
7847,7.4671
7848,7.6018
7849,7.5637
7850,7.3566
7851,7.6176
7852,6.793
7853,7.7278
7854,7.6074
7855,7.6686
7856,7.5369
7857,7.849
7858,7.7844
7859,7.6407
7860,7.3127
7861,8.0221
7862,7.7996
7863,8.175
7864,8.5387
7865,7.6682
7866,8.088
7867,7.8278
7868,7.6006
7869,7.6981
7870,7.9455
7871,7.2602
7872,7.4036
7873,7.7237
7874,7.6287
7875,7.8944
7876,7.3584
7877,8.0011
7878,7.6018
7879,7.088
7880,7.5471
7881,7.8463
7882,7.6018
7883,7.5551
7884,8.2178
7885,8.621
7886,7.6018
7887,8.8518
7888,6.8843
7889,7.7994
7890,6.9616
7891,7.8198
7892,7.7948
7893,7.3452
7894,7.4036
7895,7.2608
7896,7.5208
7897,7.7064
7898,7.3566
7899,7.2602
7900,7.5027
7901,7.4245
7902,7.2602
7903,8.229
7904,8.287
7905,7.6623
7906,7.4225
7907,7.5006
7908,7.6018
7909,7.0184
7910,7.9105
7911,7.2699
7912,7.6857
7913,7.7893
7914,8.0481
7915,4.2874
7916,7.8464
7917,7.6018
7918,7.5471
7919,7.6083
7920,7.4715
7921,7.8013
7922,9.3089
7923,5.0985
7924,8.1257
7925,7.8913
7926,9.0248
7927,7.5387
7928,8.1767
7929,7.6427
7930,7.6018
7931,7.9683
7932,7.5236
7933,7.5192
7934,5.1918
7935,7.0648
7936,7.5372
7937,7.5846
7938,8.1552
7939,8.349
7940,7.2077
7941,7.5426
7942,7.2259
7943,7.5527
7944,7.4769
7945,7.8829
7946,7.4569
7947,7.7503
7948,8.0533
7949,7.422
7950,7.8949
7951,8.1027
7952,8.0437
7953,7.2012
7954,7.8088
7955,8.8518
7956,7.7752
7957,7.7378
7958,7.3509
7959,7.9182
7960,7.6329
7961,8.2069
7962,7.0509
7963,7.8197
7964,7.2952
7965,7.5635
7966,7.9138
7967,8.1574
7968,6.1864
7969,7.6018
7970,9.4326
7971,7.5515
7972,8.1995
7973,6.8407
7974,7.21
7975,6.9174
7976,7.2602
7977,7.2602
7978,7.6018
7979,7.5959
7980,7.3653
7981,7.2832
7982,6.816
7983,8.6688
7984,7.8807
7985,7.4603
7986,7.3566
7987,7.3893
7988,7.6677
7989,7.7289
7990,7.5848
7991,7.2289
7992,7.5133
7993,7.638
7994,7.6018
7995,7.9878
7996,7.1252
7997,7.5956
7998,8.0011
7999,7.838
8000,8.2106
8001,6.9722
8002,7.3452
8003,7.7648
8004,7.6018
8005,7.8306
8006,7.6942
8007,7.3392
8008,7.5818
8009,5.5368
8010,7.9003
8011,7.7399
8012,7.5883
8013,7.1251
8014,7.7633
8015,7.8679
8016,7.4679
8017,8.0835
8018,8.3899
8019,7.5077
8020,8.1668
8021,7.2515
8022,7.9245
8023,6.5594
8024,7.744
8025,7.5434
8026,8.2976
8027,8.0004
8028,7.5147
8029,7.9743
8030,8.1293
8031,7.1538
8032,7.8737
8033,7.6183
8034,7.525
8035,7.9268
8036,7.1834
8037,8.0545
8038,7.9717
8039,7.4141
8040,8.0125
8041,7.6441
8042,5.6776
8043,7.7213
8044,7.6949
8045,7.011
8046,7.5956
8047,7.3936
8048,7.6014
8049,7.0727
8050,8.8518
8051,7.313
8052,7.4508
8053,9.1484
8054,7.9534
8055,7.4926
8056,8.0458
8057,8.0121
8058,7.8475
8059,7.5471
8060,7.4777
8061,8.6199
8062,7.6231
8063,7.9104
8064,7.5077
8065,7.6964
8066,7.598
8067,8.8518
8068,7.6263
8069,7.7957
8070,7.6018
8071,7.6681
8072,7.592
8073,7.3942
8074,7.7603
8075,7.0561
8076,8.5597
8077,8.2599
8078,7.5956
8079,7.4562
8080,7.7289
8081,8.0697
8082,6.4882
8083,8.0567
8084,8.2325
8085,6.9702
8086,7.638
8087,8.4431
8088,7.9562
8089,7.6933
8090,7.6018
8091,8.0932
8092,7.9731
8093,7.8155
8094,8.6342
8095,7.5471
8096,7.427
8097,7.3129
8098,7.2885
8099,7.7951
8100,7.6682
8101,7.7857
8102,7.2127
8103,7.8633
8104,7.8957
8105,7.6682
8106,7.2602
8107,7.4629
8108,7.2602
8109,7.4946
8110,8.4794
8111,7.1492
8112,7.6018
8113,7.8619
8114,8.3471
8115,7.8198
8116,8.8518
8117,7.806
8118,7.504
8119,7.8198
8120,8.6688
8121,7.4482
8122,7.1682
8123,7.2602
8124,7.2391
8125,7.3051
8126,7.3644
8127,7.6018
8128,7.638
8129,7.8768
8130,7.7331
8131,7.8082
8132,7.9268
8133,7.5687
8134,7.7623
8135,9.2309
8136,9.4326
8137,5.8872
8138,8.2966
8139,7.4629
8140,7.5471
8141,8.2558
8142,7.7289
8143,7.5609
8144,7.8011
8145,7.3192
8146,7.9187
8147,8.1493
8148,7.499
8149,8.048
8150,7.501
8151,8.8518
8152,6.3482
8153,7.6682
8154,7.2602
8155,7.8341
8156,8.4431
8157,7.5956
8158,7.7503
8159,7.8268
8160,7.6342
8161,7.6018
8162,7.5431
8163,7.9417
8164,7.7712
8165,7.7282
8166,7.8341
8167,8.3717
8168,7.5077
8169,7.6346
8170,7.7255
8171,7.1834
8172,7.1653
8173,8.2569
8174,6.9509
8175,7.6448
8176,7.6018
8177,7.9787
8178,7.5005
8179,5.0985
8180,7.4036
8181,7.7342
8182,7.5323
8183,6.9449
8184,7.2963
8185,7.4225
8186,8.0426
8187,7.5015
8188,7.5398
8189,7.3638
8190,8.621
8191,7.9004
8192,8.1724
8193,7.6263
8194,7.3566
8195,7.4946
8196,8.3428
8197,7.6018
8198,7.638
8199,8.1087
8200,7.4221
8201,7.0718
8202,7.5471
8203,7.7464
8204,7.0517
8205,6.2507
8206,7.6018
8207,5.0985
8208,7.5012
8209,8.9397
8210,7.4562
8211,7.7331
8212,7.7789
8213,7.638
8214,7.422
8215,7.8522
8216,7.7677
8217,7.6638
8218,7.8167
8219,7.1886
8220,8.3038
8221,7.4036
8222,7.667
8223,7.6018
8224,7.0783
8225,7.8246
8226,7.5292
8227,7.8723
8228,7.6018
8229,7.7076
8230,7.4973
8231,7.8935
8232,8.1886
8233,7.4434
8234,7.3166
8235,7.6882
8236,7.5239
8237,8.2383
8238,7.2602
8239,6.3686
8240,8.2449
8241,7.5471
8242,7.6018
8243,7.653
8244,7.5886
8245,7.8397
8246,7.6991
8247,4.2874
8248,7.4299
8249,8.0997
8250,9.1484
8251,7.9331
8252,8.0536
8253,7.6481
8254,8.0907
8255,8.6168
8256,9.0017
8257,7.813
8258,7.6018
8259,6.9026
8260,8.0077
8261,8.8518
8262,7.6263
8263,7.3035
8264,5.0985
8265,7.6404
8266,7.787
8267,7.7844
8268,8.0002
8269,7.7561
8270,7.3844
8271,7.6002
8272,9.0922
8273,6.1809
8274,6.9878
8275,6.0536
8276,7.3595
8277,7.5527
8278,7.9174
8279,8.6089
8280,8.2253
8281,9.0776
8282,7.2464
8283,7.5427
8284,7.8196
8285,7.5682
8286,7.9693
8287,7.8116
8288,7.7617
8289,6.7069
8290,8.0955
8291,8.154
8292,7.54
8293,7.2826
8294,8.2355
8295,7.4735
8296,8.175
8297,7.9599
8298,8.1854
8299,7.2359
8300,7.1252
8301,7.7289
8302,7.5805
8303,7.5015
8304,6.9811
8305,8.2505
8306,7.501
8307,8.163
8308,7.7056
8309,8.5266
8310,7.718
8311,7.6833
8312,7.4974
8313,7.2602
8314,7.7648
8315,7.8949
8316,8.0645
8317,7.9907
8318,6.6372
8319,7.3387
8320,8.1995
8321,7.4542
8322,6.8843
8323,7.4012
8324,7.7544
8325,7.9043
8326,7.9293
8327,8.2006
8328,8.2926
8329,7.6852
8330,7.7925
8331,7.4946
8332,8.4431
8333,7.6116
8334,7.0917
8335,7.5554
8336,6.8407
8337,7.638
8338,7.2858
8339,8.0978
8340,7.5131
8341,7.6018
8342,7.6169
8343,8.2598
8344,7.8573
8345,7.2602
8346,7.6511
8347,7.7232
8348,6.4149
8349,7.5015
8350,7.8105
8351,7.693
8352,7.6018
8353,7.2017
8354,7.062
8355,7.5751
8356,7.7515
8357,7.5461
8358,7.7568
8359,7.8348
8360,8.5902
8361,7.1613
8362,7.6018
8363,7.1252
8364,7.8004
8365,7.8469
8366,7.2602
8367,7.9291
8368,7.3994
8369,7.6018
8370,7.6454
8371,8.1782
8372,7.8619
8373,7.1764
8374,8.8518
8375,9.2319
8376,7.6822
8377,7.6326
8378,5.0985
8379,7.6937
8380,7.6018
8381,5.0985
8382,6.066
8383,7.6017
8384,7.5708
8385,8.0933
8386,7.9878
8387,8.0007
8388,9.0017
8389,7.3653
8390,8.0453
8391,7.5836
8392,7.7515
8393,7.7434
8394,6.8235
8395,7.3041
8396,7.5192
8397,7.3728
8398,8.2891
8399,8.6003
8400,7.8834
8401,7.6008
8402,8.1911
8403,8.677
8404,8.3211
8405,8.0153
8406,7.4351
8407,7.6116
8408,7.5015
8409,8.4108
8410,8.349
8411,7.6172
8412,7.3826
8413,7.6677
8414,7.5801
8415,8.5902
8416,7.2602
8417,5.4297
8418,7.7624
8419,6.3686
8420,8.021
8421,7.5175
8422,8.013
8423,7.3674
8424,6.7008
8425,7.4225
8426,7.5237
8427,8.0974
8428,7.7784
8429,6.6594
8430,7.5241
8431,7.4805
8432,8.0015
8433,5.0985
8434,6.8017
8435,7.5303
8436,7.6018
8437,5.0985
8438,7.6573
8439,7.5981
8440,8.8518
8441,9.0017
8442,7.7801
8443,8.048
8444,8.4009
8445,7.2311
8446,7.5154
8447,7.0547
8448,8.2765
8449,7.2115
8450,7.6169
8451,7.23
8452,7.4182
8453,7.1123
8454,7.1678
8455,8.115
8456,8.1521
8457,6.6078
8458,7.8309
8459,7.5328
8460,7.5262
8461,7.7706
8462,7.8164
8463,7.9062
8464,5.7492
8465,7.8679
8466,7.6018
8467,7.787
8468,7.6886
8469,7.8094
8470,5.0985
8471,8.8518
8472,7.6018
8473,7.9269
8474,7.5077
8475,7.7149
8476,7.4299
8477,7.6018
8478,7.9391
8479,7.8584
8480,7.6679
8481,8.1982
8482,8.8518
8483,7.4395
8484,7.4052
8485,7.6018
8486,8.0783
8487,8.3024
8488,7.3576
8489,7.5423
8490,7.5471
8491,7.9474
8492,8.2449
8493,7.7989
8494,8.2747
8495,6.5594
8496,8.6373
8497,7.9248
8498,7.555
8499,7.8475
8500,7.7748
8501,7.8565
8502,9.0017
8503,8.1326
8504,8.8518
8505,7.0819
8506,7.7515
8507,7.6682
8508,7.2602
8509,7.6199
8510,7.4769
8511,7.638
8512,8.2427
8513,7.8934
8514,8.1826
8515,7.2602
8516,7.754
8517,7.4223
8518,8.8518
8519,8.1992
8520,8.1626
8521,5.0985
8522,7.6786
8523,7.5644
8524,5.6506
8525,7.7086
8526,7.6018
8527,9.3089
8528,7.6018
8529,7.6018
8530,7.7498
8531,7.6066
8532,5.0985
8533,5.0985
8534,7.3417
8535,7.6179
8536,7.3653
8537,7.6677
8538,5.0985
8539,7.292
8540,8.5242
8541,7.0086
8542,6.9721
8543,7.3677
8544,7.5037
8545,7.8225
8546,7.5848
8547,7.6018
8548,7.2602
8549,8.8518
8550,7.2483
8551,8.0563
8552,7.0141
8553,7.2641
8554,7.5471
8555,7.3532
8556,7.5015
8557,7.5398
8558,7.5471
8559,7.3653
8560,7.4726
8561,7.3651
8562,7.8511
8563,7.9056
8564,7.6484
8565,7.7285
8566,7.854
8567,8.8518
8568,7.7295
8569,7.503
8570,7.4388
8571,8.6372
8572,7.6169
8573,7.6018
8574,7.6018
8575,7.9961
8576,7.5697
8577,7.7863
8578,7.4182
8579,7.4856
8580,7.5345
8581,7.8136
8582,7.3884
8583,7.8193
8584,8.1995
8585,7.4154
8586,7.8594
8587,8.693
8588,7.5867
8589,7.6332
8590,7.8198
8591,6.2182
8592,7.8198
8593,6.9588
8594,8.0636
8595,8.163
8596,7.2602
8597,8.458
8598,8.4649
8599,7.6018
8600,7.6018
8601,8.2657
8602,7.342
8603,7.6954
8604,7.6455
8605,8.4151
8606,7.6263
8607,7.8476
8608,7.2602
8609,7.3695
8610,7.7878
8611,7.5345
8612,7.6931
8613,7.0009
8614,7.504
8615,7.7305
8616,8.131
8617,7.0234
8618,8.2744
8619,7.501
8620,8.5918
8621,7.4814
8622,7.7404
8623,7.0011
8624,7.1274
8625,8.0361
8626,7.9386
8627,7.5936
8628,7.2602
8629,7.5471
8630,8.6688
8631,7.5508
8632,7.7515
8633,7.6947
8634,7.5305
8635,7.1595
8636,7.6609
8637,7.9212
8638,7.2762
8639,7.7289
8640,6.5138
8641,8.5486
8642,7.7318
8643,5.6506
8644,7.6018
8645,7.499
8646,7.0836
8647,7.7706
8648,7.6018
8649,7.6105
8650,7.5956
8651,7.8006
8652,7.9986
8653,6.858
8654,7.4225
8655,7.2512
8656,7.3887
8657,7.3279
8658,7.6676
8659,8.0265
8660,7.8807
8661,7.5471
8662,7.6776
8663,7.5956
8664,8.1749
8665,7.5058
8666,8.2022
8667,8.1213
8668,7.4769
8669,7.5727
8670,8.6688
8671,7.3136
8672,7.6081
8673,5.0985
8674,8.274
8675,7.1767
8676,6.9499
8677,7.4513
8678,7.6018
8679,7.8925
8680,7.5836
8681,7.5305
8682,7.3136
8683,8.2821
8684,8.8777
8685,7.493
8686,7.0783
8687,7.4106
8688,7.381
8689,7.8081
8690,7.5346
8691,7.9778
8692,7.6498
8693,7.2602
8694,7.3884
8695,6.4882
8696,5.0985
8697,6.5058
8698,7.7648
8699,7.0015
8700,8.2077
8701,7.0517
8702,8.175
8703,5.0985
8704,7.2602
8705,7.4165
8706,7.3675
8707,7.7399
8708,7.3784
8709,8.248
8710,8.5007
8711,7.6018
8712,7.8826
8713,7.6018
8714,7.4802
8715,7.2113
8716,7.4081
8717,9.3877
8718,7.7851
8719,7.9233
8720,7.7316
8721,7.9213
8722,7.9483
8723,7.6018
8724,7.2057
8725,7.5077
8726,7.6
8727,7.9182
8728,7.3759
8729,7.2893
8730,7.306
8731,7.9411
8732,7.7103
8733,7.4447
8734,9.4547
8735,7.4716
8736,7.2602
8737,7.5007
8738,8.3009
8739,7.826
8740,7.5395
8741,7.2004
8742,8.3194
8743,8.0932
8744,7.024
8745,8.9113
8746,8.0297
8747,7.8627
8748,7.6165
8749,7.7358
8750,6.5866
8751,7.5407
8752,7.3942
8753,7.8874
8754,6.1312
8755,7.9035
8756,7.3865
8757,7.9178
8758,8.3792
8759,8.3337
8760,7.7403
8761,8.6688
8762,6.5719
8763,7.6018
8764,8.7248
8765,7.3348
8766,7.3521
8767,6.6663
8768,7.6435
8769,8.2933
8770,7.4747
8771,7.9743
8772,8.3055
8773,7.5244
8774,7.7434
8775,7.6544
8776,7.8757
8777,7.1607
8778,7.5077
8779,7.9245
8780,9.0017
8781,8.6253
8782,9.2859
8783,7.9068
8784,8.0093
8785,7.2291
8786,8.1292
8787,8.8518
8788,8.1726
8789,8.2669
8790,8.5316
8791,8.7843
8792,7.4725
8793,8.172
8794,7.6237
8795,9.2319
8796,7.6168
8797,7.6378
8798,8.0008
8799,7.6018
8800,8.1568
8801,8.2156
8802,7.1312
8803,8.0015
8804,7.4155
8805,7.0361
8806,7.3967
8807,7.0101
8808,7.3219
8809,6.7781
8810,9.4326
8811,7.8328
8812,7.5088
8813,6.066
8814,5.0985
8815,7.0403
8816,8.8518
8817,7.8475
8818,7.5016
8819,7.6798
8820,8.3338
8821,7.544
8822,8.8518
8823,7.4562
8824,7.3393
8825,8.6688
8826,7.5956
8827,8.3921
8828,7.638
8829,7.4642
8830,7.4687
8831,8.8518
8832,6.7081
8833,6.4591
8834,8.4108
8835,7.8548
8836,8.2438
8837,7.5477
8838,6.8246
8839,7.6018
8840,7.8836
8841,7.6481
8842,8.3358
8843,7.638
8844,7.1078
8845,7.5077
8846,7.3348
8847,7.4716
8848,7.1339
8849,7.4098
8850,7.2321
8851,7.9412
8852,7.8004
8853,7.899
8854,7.6263
8855,8.0677
8856,8.7461
8857,8.0776
8858,8.2045
8859,7.7463
8860,7.4665
8861,7.2188
8862,7.3853
8863,7.57
8864,6.8715
8865,7.8789
8866,7.491
8867,8.2744
8868,7.8191
8869,7.6828
8870,5.6095
8871,6.8104
8872,7.551
8873,8.7506
8874,6.3
8875,7.9176
8876,7.787
8877,7.5853
8878,7.3348
8879,7.5445
8880,7.703
8881,7.3584
8882,7.8191
8883,8.693
8884,7.8269
8885,8.0189
8886,7.7978
8887,7.7547
8888,7.6835
8889,8.8518
8890,7.4036
8891,7.953
8892,7.441
8893,7.4755
8894,7.8238
8895,7.4735
8896,7.6441
8897,7.4491
8898,7.4081
8899,7.6232
8900,7.6038
8901,7.5472
8902,5.6506
8903,9.0017
8904,7.54
8905,7.6425
8906,7.6937
8907,7.4386
8908,7.477
8909,7.1858
8910,8.6168
8911,7.4036
8912,7.8139
8913,8.8518
8914,8.0064
8915,7.6076
8916,7.2602
8917,7.66
8918,6.324
8919,8.025
8920,7.8198
8921,7.6018
8922,7.5398
8923,7.7706
8924,8.309
8925,7.6748
8926,8.1749
8927,7.6404
8928,7.913
8929,5.0985
8930,6.6372
8931,8.8518
8932,7.0444
8933,9.3089
8934,8.8518
8935,7.9683
8936,7.6018
8937,7.7719
8938,7.6944
8939,5.0985
8940,7.3917
8941,7.5882
8942,7.7148
8943,7.4009
8944,8.1641
8945,8.0727
8946,7.6525
8947,8.1981
8948,7.2558
8949,7.6009
8950,7.7273
8951,7.6018
8952,7.4022
8953,8.7296
8954,7.4737
8955,7.5419
8956,7.4128
8957,7.4036
8958,7.5186
8959,7.4491
8960,7.9254
8961,7.1306
8962,7.5151
8963,7.5279
8964,7.7588
8965,7.2812
8966,8.4431
8967,8.8518
8968,7.8619
8969,7.6664
8970,7.8198
8971,8.478
8972,7.2975
8973,7.4405
8974,7.6676
8975,7.1261
8976,7.8136
8977,7.6489
8978,8.5007
8979,7.8407
8980,5.4669
8981,6.9242
8982,7.7663
8983,7.5907
8984,7.8341
8985,7.7428
8986,7.8949
8987,7.5015
8988,7.8464
8989,6.8769
8990,8.0109
8991,7.4562
8992,8.2679
8993,7.3756
8994,7.2602
8995,7.4794
8996,7.7766
8997,6.5305
8998,8.5479
8999,7.2367
9000,8.8518
9001,6.7761
9002,7.6067
9003,7.66
9004,7.3575
9005,7.2166
9006,7.5176
9007,7.6767
9008,8.8518
9009,7.9912
9010,7.7503
9011,8.0005
9012,7.7212
9013,8.9417
9014,7.852
9015,7.5008
9016,7.8594
9017,7.3127
9018,7.6682
9019,8.8518
9020,7.599
9021,6.5826
9022,7.9038
9023,7.5687
9024,7.6018
9025,7.7793
9026,8.8518
9027,7.3387
9028,7.5584
9029,7.3497
9030,5.0985
9031,7.9199
9032,6.7628
9033,7.4072
9034,7.638
9035,7.9584
9036,8.1333
9037,7.3392
9038,7.3939
9039,7.5015
9040,7.4642
9041,6.8974
9042,8.2837
9043,8.5305
9044,7.4934
9045,7.4562
9046,6.5296
9047,5.0985
9048,7.858
9049,7.8697
9050,7.4182
9051,7.7255
9052,7.9219
9053,7.1411
9054,7.7347
9055,8.3167
9056,7.6481
9057,8.1079
9058,8.6158
9059,9.2859
9060,7.1062
9061,8.0011
9062,7.8583
9063,8.7296
9064,7.7284
9065,7.1682
9066,7.1195
9067,8.2505
9068,6.9119
9069,7.4478
9070,8.9397
9071,7.5925
9072,7.6679
9073,7.688
9074,7.9187
9075,7.7358
9076,7.4622
9077,7.9435
9078,7.0876
9079,7.6018
9080,7.559
9081,6.4137
9082,8.3613
9083,6.7924
9084,7.8657
9085,7.6018
9086,7.6878
9087,8.0663
9088,7.2943
9089,8.1404
9090,7.3764
9091,7.1846
9092,7.6792
9093,7.6018
9094,7.3127
9095,7.7097
9096,7.5799
9097,6.8774
9098,7.9107
9099,7.2515
9100,7.2866
9101,7.2836
9102,8.4015
9103,7.6443
9104,8.3219
9105,5.6095
9106,7.2588
9107,7.9725
9108,8.6168
9109,8.8518
9110,7.9389
9111,8.1622
9112,8.0133
9113,8.3146
9114,7.2129
9115,7.9878
9116,7.7706
9117,7.6263
9118,7.4946
9119,7.2352
9120,9.118
9121,7.8892
9122,7.4562
9123,6.8694
9124,7.6534
9125,9.1484
9126,5.0985
9127,7.9947
9128,8.2004
9129,7.6018
9130,7.2602
9131,7.4548
9132,7.1432
9133,7.2382
9134,7.3345
9135,8.0038
9136,8.175
9137,8.2855
9138,6.3228
9139,8.2449
9140,7.5956
9141,7.6261
9142,8.8518
9143,7.5133
9144,7.8273
9145,8.4155
9146,7.3008
9147,7.3084
9148,9.3089
9149,8.2515
9150,6.8012
9151,7.2602
9152,7.9878
9153,7.6005
9154,7.4722
9155,6.9329
9156,6.2866
9157,7.7819
9158,7.0848
9159,8.0271
9160,8.1889
9161,7.9182
9162,8.4649
9163,8.8518
9164,7.4486
9165,7.827
9166,8.0007
9167,7.4151
9168,7.6322
9169,7.7357
9170,7.576
9171,7.4182
9172,7.8175
9173,7.5071
9174,7.722
9175,8.0631
9176,7.8957
9177,7.4009
9178,7.6759
9179,7.6018
9180,7.4735
9181,6.7784
9182,7.7366
9183,7.4182
9184,8.6004
9185,7.4679
9186,7.9548
9187,7.6831
9188,8.2449
9189,7.9876
9190,5.6506
9191,8.8518
9192,7.0679
9193,6.425
9194,7.0654
9195,7.6018
9196,7.5956
9197,7.7274
9198,7.1474
9199,7.8246
9200,7.3653
9201,7.9304
9202,7.2161
9203,7.6075
9204,7.4713
9205,7.6018
9206,5.0985
9207,7.205
9208,7.4182
9209,7.6677
9210,8.1128
9211,7.7193
9212,7.6675
9213,7.4036
9214,7.3609
9215,7.9779
9216,7.7434
9217,7.8152
9218,8.1212
9219,8.0679
9220,7.9434
9221,7.4864
9222,7.8966
9223,6.3695
9224,7.8198
9225,7.0337
9226,7.9308
9227,7.3997
9228,7.9878
9229,7.3637
9230,8.4345
9231,7.193
9232,6.4869
9233,6.5008
9234,6.4882
9235,7.764
9236,8.2189
9237,7.7394
9238,6.8645
9239,7.0961
9240,8.0002
9241,7.056
9242,7.6886
9243,7.7719
9244,7.6364
9245,7.7555
9246,7.0262
9247,7.7787
9248,7.422
9249,7.6018
9250,7.2602
9251,7.8198
9252,7.6386
9253,6.175
9254,7.6168
9255,8.7351
9256,7.6615
9257,8.0536
9258,7.5959
9259,7.4757
9260,5.0985
9261,7.638
9262,7.4554
9263,8.0691
9264,5.0985
9265,9.3089
9266,7.2057
9267,7.6676
9268,7.2602
9269,7.7743
9270,7.6018
9271,7.7409
9272,7.5182
9273,7.6584
9274,7.6441
9275,7.2602
9276,7.297
9277,7.1682
9278,7.6018
9279,7.3127
9280,6.9415
9281,8.1356
9282,7.4818
9283,8.0656
9284,7.2602
9285,8.0008
9286,7.4172
9287,9.3089
9288,7.6018
9289,7.6472
9290,7.6682
9291,7.5323
9292,8.0932
9293,8.1472
9294,7.4182
9295,8.1749
9296,7.2441
9297,7.9476
9298,7.4182
9299,7.685
9300,8.2367
9301,7.8655
9302,7.3127
9303,7.4727
9304,7.1772
9305,7.6018
9306,7.5495
9307,7.2993
9308,7.2558
9309,6.4869
9310,7.8367
9311,9.3457
9312,8.3908
9313,7.1638
9314,7.7557
9315,7.6018
9316,7.9315
9317,7.5645
9318,7.5429
9319,7.4
9320,7.5823
9321,7.6886
9322,7.9594
9323,7.9642
9324,7.654
9325,6.8269
9326,7.4562
9327,6.6023
9328,7.446
9329,6.7598
9330,7.6018
9331,7.5471
9332,7.5558
9333,8.2004
9334,8.5259
9335,7.2227
9336,7.6018
9337,7.6989
9338,9.1484
9339,7.7281
9340,7.9623
9341,7.8367
9342,7.7515
9343,7.6145
9344,6.7766
9345,7.7515
9346,7.494
9347,7.8814
9348,7.3127
9349,7.6789
9350,8.4264
9351,7.2991
9352,7.4974
9353,8.3921
9354,7.8584
9355,7.7815
9356,7.8729
9357,7.5471
9358,7.5848
9359,8.1198
9360,7.502
9361,8.0839
9362,7.9254
9363,7.6122
9364,7.2602
9365,7.6018
9366,8.1257
9367,7.6018
9368,7.6012
9369,7.6208
9370,7.1287
9371,7.3885
9372,8.0254
9373,7.8003
9374,7.7156
9375,8.4726
9376,6.9702
9377,7.6178
9378,7.5848
9379,8.349
9380,7.2939
9381,7.8858
9382,8.8518
9383,7.1256
9384,7.7314
9385,7.8208
9386,7.5892
9387,8.1479
9388,8.8518
9389,7.4058
9390,7.5433
9391,7.4341
9392,7.5779
9393,7.9607
9394,7.6859
9395,5.6506
9396,7.4317
9397,7.1682
9398,5.1918
9399,7.4933
9400,7.7345
9401,7.7724
9402,7.3061
9403,8.3717
9404,7.7628
9405,7.5339
9406,8.0303
9407,7.6018
9408,7.3761
9409,7.6678
9410,5.0985
9411,7.5486
9412,7.8587
9413,7.2846
9414,7.5644
9415,8.0424
9416,7.1782
9417,9.0017
9418,7.5248
9419,7.5967
9420,8.4087
9421,7.7176
9422,7.6018
9423,8.0003
9424,7.1772
9425,7.6937
9426,7.6308
9427,6.4869
9428,7.079
9429,7.4826
9430,7.2744
9431,7.6016
9432,8.458
9433,7.6847
9434,7.8673
9435,7.3653
9436,7.1772
9437,7.6018
9438,7.8246
9439,7.2461
9440,7.9444
9441,7.8686
9442,6.9713
9443,7.8516
9444,8.154
9445,7.5077
9446,7.8221
9447,7.5471
9448,7.5077
9449,7.6912
9450,7.3566
9451,7.4737
9452,8.4009
9453,7.8221
9454,8.4431
9455,7.2818
9456,7.4423
9457,7.5043
9458,7.2602
9459,7.6504
9460,7.5365
9461,7.4562
9462,7.5242
9463,7.5014
9464,6.7937
9465,7.9719
9466,7.3232
9467,7.1951
9468,6.9277
9469,7.0121
9470,7.7091
9471,7.8104
9472,7.4739
9473,7.2991
9474,7.6179
9475,8.6688
9476,7.2602
9477,8.3261
9478,7.1772
9479,7.6152
9480,8.8613
9481,8.2606
9482,7.6263
9483,7.3653
9484,7.6931
9485,7.8257
9486,7.1534
9487,8.0783
9488,7.1533
9489,7.5848
9490,7.7978
9491,8.4624
9492,6.7664
9493,7.3653
9494,7.1772
9495,7.7409
9496,7.7387
9497,7.7457
9498,7.4543
9499,7.4448
9500,7.6306
9501,7.3405
9502,7.6018
9503,7.5865
9504,7.4386
9505,7.4666
9506,7.2602
9507,6.7784
9508,7.7665
9509,8.1372
9510,7.7545
9511,5.9674
9512,7.8198
9513,8.8518
9514,8.8518
9515,7.3597
9516,6.8834
9517,7.6833
9518,7.8512
9519,8.0978
9520,7.56
9521,7.8479
9522,7.2602
9523,7.626
9524,7.8034
9525,9.0017
9526,7.3127
9527,7.5569
9528,8.2355
9529,7.8899
9530,7.6259
9531,7.4057
9532,7.7406
9533,7.5088
9534,7.8791
9535,7.9925
9536,7.8437
9537,7.638
9538,7.0841
9539,7.5842
9540,6.8937
9541,7.4949
9542,7.7148
9543,7.2777
9544,7.4562
9545,7.4562
9546,7.7193
9547,6.1809
9548,7.5783
9549,7.3793
9550,8.8518
9551,8.1749
9552,7.6682
9553,8.1493
9554,7.8475
9555,7.0105
9556,7.1978
9557,7.1776
9558,7.7427
9559,8.5665
9560,7.0927
9561,8.0575
9562,8.4015
9563,8.0015
9564,8.5494
9565,7.6018
9566,7.4566
9567,7.127
9568,7.8018
9569,7.3807
9570,8.2641
9571,7.5599
9572,7.8198
9573,7.6437
9574,7.8212
9575,7.2602
9576,7.2602
9577,7.2081
9578,6.7156
9579,7.9756
9580,6.234
9581,7.2439
9582,7.7797
9583,7.2866
9584,7.5077
9585,8.0551
9586,7.2705
9587,7.2363
9588,7.6776
9589,8.1314
9590,7.7019
9591,7.7156
9592,5.0985
9593,7.3443
9594,7.2602
9595,7.6018
9596,8.4296
9597,7.8006
9598,7.2155
9599,7.504
9600,8.285
9601,7.5454
9602,7.287
9603,8.0457
9604,7.5058
9605,7.7742
9606,7.2397
9607,7.9546
9608,7.7403
9609,8.8518
9610,7.3968
9611,7.9356
9612,6.2807
9613,7.8858
9614,7.557
9615,7.66
9616,7.7012
9617,7.1287
9618,8.0673
9619,7.9875
9620,7.27
9621,7.738
9622,8.8518
9623,7.7306
9624,7.6675
9625,8.1325
9626,7.5471
9627,7.4125
9628,7.7715
9629,7.4075
9630,7.4571
9631,7.3893
9632,7.5012
9633,7.638
9634,7.4491
9635,7.2602
9636,7.5437
9637,7.7702
9638,7.8006
9639,8.2659
9640,7.638
9641,6.5594
9642,7.4897
9643,7.9323
9644,7.6873
9645,7.3653
9646,7.5341
9647,8.1685
9648,7.7924
9649,7.0032
9650,8.239
9651,7.68
9652,8.2006
9653,8.2183
9654,7.6105
9655,7.2566
9656,7.772
9657,7.6154
9658,8.1134
9659,7.877
9660,8.0224
9661,7.6665
9662,8.0006
9663,8.1552
9664,7.6075
9665,7.5307
9666,7.638
9667,6.8212
9668,7.2602
9669,7.8836
9670,7.6215
9671,7.4693
9672,8.0011
9673,7.821
9674,7.0848
9675,7.4534
9676,7.7613
9677,7.9006
9678,8.8518
9679,7.4716
9680,7.7923
9681,8.5207
9682,6.8167
9683,8.9003
9684,7.9773
9685,7.6242
9686,7.3073
9687,7.6592
9688,7.9497
9689,7.6852
9690,8.0011
9691,8.8494
9692,7.6407
9693,7.8673
9694,7.6018
9695,7.8766
9696,8.0975
9697,7.1843
9698,8.154
9699,7.4299
9700,7.7289
9701,5.364
9702,7.6018
9703,8.8518
9704,8.2951
9705,7.5259
9706,7.6018
9707,7.99
9708,7.2265
9709,7.7818
9710,7.3231
9711,7.9254
9712,7.5176
9713,7.638
9714,6.2119
9715,8.3017
9716,7.2602
9717,7.8146
9718,8.229
9719,7.4012
9720,8.8448
9721,7.4522
9722,8.175
9723,7.7115
9724,7.5471
9725,7.9633
9726,7.6549
9727,7.7289
9728,7.6951
9729,7.2602
9730,7.4363
9731,7.3461
9732,7.9668
9733,7.1756
9734,5.0985
9735,9.3089
9736,7.832
9737,7.6931
9738,7.8639
9739,7.6018
9740,5.6095
9741,7.2561
9742,7.5243
9743,7.3816
9744,7.6201
9745,7.6018
9746,7.7289
9747,8.2387
9748,7.2646
9749,7.7111
9750,7.5841
9751,7.9533
9752,7.6834
9753,7.2512
9754,7.9878
9755,7.4405
9756,7.3348
9757,7.297
9758,7.3653
9759,7.127
9760,7.2602
9761,7.9453
9762,7.3363
9763,7.5
9764,7.2347
9765,6.9099
9766,7.4878
9767,7.5562
9768,5.6506
9769,7.3653
9770,7.6855
9771,7.9157
9772,8.4431
9773,7.9368
9774,7.9235
9775,7.6187
9776,7.8025
9777,8.0004
9778,7.6807
9779,8.1336
9780,7.7515
9781,6.3238
9782,7.4423
9783,7.3127
9784,7.5836
9785,7.2455
9786,8.4455
9787,7.4
9788,7.9009
9789,7.5893
9790,7.5005
9791,5.0985
9792,7.6463
9793,8.5242
9794,7.8123
9795,7.8293
9796,6.6372
9797,7.4946
9798,7.0444
9799,8.2257
9800,7.8198
9801,7.6941
9802,7.8912
9803,7.892
9804,7.1886
9805,7.5077
9806,8.1961
9807,8.2357
9808,7.1419
9809,6.8153
9810,7.3308
9811,7.5848
9812,7.6012
9813,8.6352
9814,7.3653
9815,7.8814
9816,7.7706
9817,7.5077
9818,8.0557
9819,7.9779
9820,7.7671
9821,6.2866
9822,8.0009
9823,7.5967
9824,6.984
9825,7.6831
9826,5.6506
9827,7.932
9828,8.3191
9829,8.46
9830,8.2449
9831,7.3094
9832,7.5527
9833,7.6349
9834,7.4829
9835,8.0103
9836,7.2602
9837,7.1913
9838,7.2681
9839,8.2025
9840,7.6858
9841,7.4217
9842,8.6727
9843,8.2982
9844,7.7006
9845,7.1465
9846,8.0333
9847,8.1655
9848,7.4562
9849,9.4547
9850,7.1682
9851,7.9026
9852,7.4466
9853,8.4092
9854,6.4149
9855,8.0575
9856,7.716
9857,7.4629
9858,8.0862
9859,8.0732
9860,6.2119
9861,8.0917
9862,9.0017
9863,7.4099
9864,7.4496
9865,7.5307
9866,8.0661
9867,7.9422
9868,7.8899
9869,7.6018
9870,7.0636
9871,7.3797
9872,7.7706
9873,7.3808
9874,7.2233
9875,7.8761
9876,7.2993
9877,6.8167
9878,7.6459
9879,7.1207
9880,7.9317
9881,7.6392
9882,7.5886
9883,8.0931
9884,8.3127
9885,9.0006
9886,7.7232
9887,7.6886
9888,7.6588
9889,7.7238
9890,6.6174
9891,7.1263
9892,7.8765
9893,7.2602
9894,7.4515
9895,7.4841
9896,7.1343
9897,7.3259
9898,7.9402
9899,8.1175
9900,7.7825
9901,7.6018
9902,8.3358
9903,6.8843
9904,8.0862
9905,9.2859
9906,7.6196
9907,7.1282
9908,7.2819
9909,7.7506
9910,7.5956
9911,7.3566
9912,7.8224
9913,7.7069
9914,8.322
9915,7.5974
9916,7.8344
9917,8.1356
9918,7.5709
9919,7.3799
9920,7.4642
9921,7.3019
9922,7.9236
9923,6.2688
9924,8.8518
9925,7.5451
9926,6.987
9927,7.3713
9928,7.2602
9929,7.5386
9930,7.7289
9931,7.8541
9932,7.8249
9933,7.5848
9934,7.7495
9935,7.9912
9936,8.0882
9937,8.0015
9938,7.4562
9939,6.2241
9940,8.3851
9941,7.7165
9942,8.0641
9943,7.9514
9944,7.4081
9945,9.0017
9946,6.0091
9947,7.6168
9948,6.9299
9949,7.1772
9950,7.7634
9951,6.0443
9952,8.0551
9953,6.5115
9954,7.3167
9955,7.2967
9956,7.6018
9957,8.1749
9958,7.4225
9959,7.5434
9960,7.6512
9961,7.4027
9962,8.0758
9963,8.4206
9964,7.8727
9965,7.7402
9966,7.8475
9967,8.175
9968,9.0017
9969,7.6018
9970,7.7866
9971,7.5166
9972,7.5788
9973,6.562
9974,8.8518
9975,6.9386
9976,7.9239
9977,7.265
9978,7.3167
9979,9.3777
9980,7.4757
9981,6.9194
9982,8.8518
9983,7.1738
9984,6.7399
9985,8.8518
9986,7.9313
9987,7.8084
9988,7.7818
9989,7.7289
9990,7.2456
9991,7.1345
9992,8.1674
9993,7.5892
9994,7.8628
9995,7.5278
9996,7.3129
9997,8.2207
9998,8.2045
9999,7.243
10000,7.3566
10001,8.3029
10002,7.4798
10003,7.4036
10004,7.8198
10005,7.309
10006,7.8762
10007,7.6937
10008,8.0012
10009,7.6682
10010,8.1345
10011,8.688
10012,7.3345
10013,7.0566
10014,7.7974
10015,8.3495
10016,7.5838
10017,7.6209
10018,7.4795
10019,7.9348
10020,7.5197
10021,6.8348
10022,7.7289
10023,7.6675
10024,6.8645
10025,6.5005
10026,7.7759
10027,7.6018
10028,7.7294
10029,7.2602
10030,7.6345
10031,7.6012
10032,7.4813
10033,7.0566
10034,7.2995
10035,7.2602
10036,7.7515
10037,7.2864
10038,7.4798
10039,7.766
10040,7.6271
10041,7.7196
10042,7.2602
10043,5.9674
10044,7.9276
10045,7.8044
10046,7.6852
10047,7.6274
10048,8.042
10049,7.9105
10050,7.7838
10051,5.6095
10052,7.6018
10053,7.7613
10054,7.9683
10055,7.0561
10056,7.4562
10057,8.101
10058,7.5848
10059,7.1308
10060,7.7806
10061,7.8348
10062,7.6018
10063,7.8348
10064,7.364
10065,7.7557
10066,9.2859
10067,7.6018
10068,7.6018
10069,8.8518
10070,6.7706
10071,7.9052
10072,9.0017
10073,8.2967
10074,7.7706
10075,7.5077
10076,6.9182
10077,7.6852
10078,8.2505
10079,7.7434
10080,8.032
10081,6.5989
10082,7.243
10083,7.653
10084,7.7978
10085,7.7515
10086,8.8518
10087,7.9726
10088,7.2602
10089,7.3895
10090,7.0205
10091,8.0673
10092,7.1854
10093,7.7814
10094,7.4629
10095,7.5011
10096,7.4107
10097,8.3599
10098,7.9138
10099,7.6762
10100,8.8518
10101,8.4259
10102,8.3877
10103,7.1918
10104,7.6018
10105,7.6117
10106,7.9607
10107,7.6595
10108,7.3451
10109,9.0017
10110,7.7651
10111,7.8679
10112,8.6168
10113,7.1772
10114,7.5991
10115,9.0017
10116,7.1772
10117,7.2924
10118,7.422
10119,7.503
10120,7.7963
10121,7.8534
10122,7.2602
10123,7.343
10124,7.2602
10125,7.5207
10126,7.4178
10127,8.6737
10128,8.4757
10129,7.6018
10130,7.6018
10131,7.2904
10132,7.8136
10133,7.8949
10134,7.5408
10135,7.6441
10136,7.7409
10137,8.8777
10138,7.5392
10139,7.5424
10140,7.6799
10141,9.3089
10142,7.7136
10143,7.5471
10144,7.6934
10145,7.5552
10146,7.6569
10147,7.5058
10148,7.5482
10149,6.7784
10150,7.2283
10151,7.3333
10152,7.3807
10153,7.0209
10154,6.477
10155,7.6752
10156,7.6018
10157,7.653
10158,7.5702
10159,7.9107
10160,6.5005
10161,7.9395
10162,7.4871
10163,7.7789
10164,7.5639
10165,8.2616
10166,7.0597
10167,7.7819
10168,7.7941
10169,7.8633
10170,7.0015
10171,8.1641
10172,9.0017
10173,7.6018
10174,7.7247
10175,9.0017
10176,7.2278
10177,7.5921
10178,5.0985
10179,7.5848
10180,8.0656
10181,8.0932
10182,7.6925
10183,7.5077
10184,7.2602
10185,7.6694
10186,7.4405
10187,7.013
10188,7.6452
10189,7.3387
10190,7.0574
10191,7.7904
10192,7.7511
10193,7.4301
10194,7.5527
10195,8.8518
10196,7.6679
10197,7.7864
10198,8.4399
10199,7.3057
10200,6.8679
10201,7.8814
10202,8.8518
10203,8.012
10204,8.0833
10205,7.6826
10206,6.8445
10207,7.6179
10208,7.638
10209,7.638
10210,7.5463
10211,7.4849
10212,7.8198
10213,7.2925
10214,8.1215
10215,6.5557
10216,7.6757
10217,7.638
10218,7.7327
10219,7.6018
10220,7.5749
10221,7.1192
10222,7.737
10223,8.0585
10224,7.1637
10225,7.1437
10226,7.9909
10227,8.8518
10228,7.1934
10229,7.7014
10230,7.8827
10231,8.0636
10232,7.6257
10233,7.4596
10234,7.0318
10235,7.6558
10236,7.7648
10237,8.7665
10238,7.6018
10239,7.5398
10240,7.6937
10241,7.8407
10242,7.66
10243,7.5069
10244,7.5527
10245,7.7127
10246,7.5077
10247,8.8518
10248,7.6257
10249,7.3305
10250,7.4386
10251,7.4351
10252,7.8634
10253,7.1934
10254,7.4742
10255,7.6018
10256,8.4643
10257,7.5077
10258,8.3005
10259,7.7507
10260,7.891
10261,8.8518
10262,8.0255
10263,8.0854
10264,7.3985
10265,7.6018
10266,7.5702
10267,7.2389
10268,7.7281
10269,7.2232
10270,7.3526
10271,7.7268
10272,8.3358
10273,8.431
10274,7.3163
10275,8.311
10276,7.5319
10277,7.7669
10278,8.1552
10279,7.4554
10280,7.4691
10281,8.693
10282,7.8198
10283,8.163
10284,7.8645
10285,7.6244
10286,7.7631
10287,7.4182
10288,7.6018
10289,7.7699
10290,7.787
10291,7.2602
10292,7.9876
10293,7.7356
10294,7.2602
10295,8.4081
10296,7.7593
10297,7.5443
10298,9.3089
10299,7.2945
10300,7.5848
10301,8.2797
10302,7.6263
10303,8.8518
10304,7.5365
10305,7.8253
10306,7.2602
10307,8.0877
10308,7.6018
10309,7.0426
10310,8.0636
10311,7.556
10312,7.8431
10313,7.6731
10314,7.2974
10315,7.727
10316,7.5013
10317,8.4431
10318,7.2936
10319,6.8691
10320,7.4562
10321,9.2309
10322,7.2602
10323,6.7248
10324,7.5077
10325,7.6018
10326,7.2602
10327,7.6482
10328,7.9006
10329,8.3717
10330,7.5951
10331,7.5471
10332,8.0011
10333,7.7515
10334,7.5077
10335,7.4
10336,7.2515
10337,7.6018
10338,7.466
10339,7.638
10340,7.127
10341,6.5337
10342,7.5077
10343,7.6263
10344,5.5368
10345,7.049
10346,7.7571
10347,6.7422
10348,7.638
10349,7.8648
10350,6.572
10351,7.7231
10352,7.8604
10353,7.4139
10354,8.0162
10355,7.7735
10356,7.5386
10357,8.378
10358,7.4185
10359,8.2951
10360,7.3765
10361,7.4472
10362,8.042
10363,7.6018
10364,7.4538
10365,7.6548
10366,7.4036
10367,7.5108
10368,7.8619
10369,6.8679
10370,7.5013
10371,7.4491
10372,7.6682
10373,7.8051
10374,7.0248
10375,8.594
10376,7.6463
10377,6.678
10378,7.5345
10379,6.928
10380,7.3342
10381,7.86
10382,7.3091
10383,7.418
10384,8.8518
10385,7.8814
10386,7.2602
10387,7.7506
10388,7.9358
10389,7.3163
10390,7.4735
10391,6.8669
10392,7.861
10393,8.0598
10394,8.0691
10395,8.3433
10396,7.0003
10397,7.8582
10398,7.4219
10399,7.6018
10400,8.3009
10401,6.8645
10402,7.3843
10403,7.6281
10404,7.5718
10405,7.6183
10406,7.2321
10407,7.8084
10408,7.6018
10409,7.9878
10410,7.7613
10411,7.4979
10412,7.9484
10413,7.7515
10414,7.2602
10415,6.9277
10416,8.8518
10417,7.9878
10418,7.2657
10419,7.3097
10420,6.6216
10421,7.7289
10422,8.2257
10423,8.1056
10424,7.7105
10425,8.0933
10426,7.8667
10427,7.9245
10428,7.6079
10429,7.9804
10430,7.592
10431,7.7692
10432,7.7807
10433,7.549
10434,6.55
10435,8.4135
10436,7.7602
10437,6.8935
10438,5.0985
10439,8.0551
10440,7.6613
10441,7.9547
10442,7.6822
10443,7.6974
10444,4.2874
10445,8.6727
10446,7.4009
10447,7.0636
10448,7.7752
10449,7.4639
10450,7.4365
10451,8.0448
10452,8.1121
10453,8.0973
10454,8.173
10455,7.2218
10456,7.9182
10457,7.0351
10458,7.4432
10459,7.5677
10460,8.308
10461,7.7628
10462,7.8348
10463,7.774
10464,8.6168
10465,7.5697
10466,7.2602
10467,7.9879
10468,7.5398
10469,7.8814
10470,7.6018
10471,7.2311
10472,8.6352
10473,7.1179
10474,7.8889
10475,9.2859
10476,6.3061
10477,7.6018
10478,7.6035
10479,7.5539
10480,7.2602
10481,7.6001
10482,7.3109
10483,8.7665
10484,7.6018
10485,6.1809
10486,7.5471
10487,7.5205
10488,7.3886
10489,8.273
10490,7.9698
10491,7.9181
10492,7.7607
10493,7.177
10494,7.7341
10495,5.0985
10496,7.4386
10497,7.5727
10498,7.7815
10499,7.5445
10500,8.2257
10501,7.3071
10502,7.4196
10503,6.8679
10504,7.9269
10505,7.7577
10506,6.9277
10507,7.8173
10508,7.6394
10509,6.9424
10510,7.8664
10511,7.5956
10512,8.2136
10513,8.8518
10514,7.9915
10515,7.6018
10516,7.4271
10517,8.8518
10518,7.6787
10519,7.3509
10520,7.7069
10521,7.7046
10522,7.7736
10523,7.4598
10524,7.66
10525,8.26
10526,7.2566
10527,8.0339
10528,9.0017
10529,7.2057
10530,6.8762
10531,7.9845
10532,7.4388
10533,7.8299
10534,7.386
10535,7.5205
10536,7.8116
10537,8.0006
10538,7.24
10539,7.6018
10540,7.8056
10541,8.135
10542,8.0304
10543,8.2072
10544,7.8265
10545,7.7142
10546,7.4567
10547,7.8034
10548,8.1452
10549,7.7345
10550,8.175
10551,8.1237
10552,6.9549
10553,8.175
10554,7.1345
10555,6.6443
10556,7.5743
10557,8.4431
10558,7.8645
10559,6.8843
10560,7.3348
10561,7.8167
10562,5.0985
10563,8.229
10564,7.3653
10565,8.1327
10566,7.4187
10567,6.4882
10568,7.5003
10569,8.8518
10570,7.5015
10571,7.2887
10572,7.5471
10573,8.0012
10574,7.264
10575,6.8612
10576,7.3653
10577,7.7755
10578,7.2602
10579,7.7063
10580,7.7266
10581,7.4059
10582,8.8518
10583,7.4562
10584,7.3348
10585,7.3283
10586,7.638
10587,7.6663
10588,8.8518
10589,7.3566
10590,8.9607
10591,7.5011
10592,6.3238
10593,7.5471
10594,7.8104
10595,5.0985
10596,7.2866
10597,8.082
10598,7.1665
10599,7.4386
10600,7.4877
10601,8.051
10602,7.48
10603,7.7473
10604,8.0139
10605,7.6263
10606,7.2679
10607,7.4182
10608,7.3813
10609,7.4449
10610,7.4855
10611,8.2252
10612,7.184
10613,7.6937
10614,7.2515
10615,7.5513
10616,7.3681
10617,7.4629
10618,7.8584
10619,8.449
10620,7.9623
10621,7.5011
10622,5.1918
10623,7.4845
10624,7.4433
10625,7.3942
10626,7.8361
10627,8.2265
10628,7.8651
10629,7.1675
10630,8.6688
10631,7.7929
10632,6.8645
10633,7.9526
10634,7.8346
10635,7.6329
10636,7.8403
10637,8.2281
10638,7.9454
10639,8.2375
10640,7.6018
10641,7.6305
10642,9.2319
10643,8.6089
10644,7.7586
10645,8.8518
10646,7.6931
10647,7.1775
10648,7.5844
10649,7.3566
10650,7.0359
10651,7.9661
10652,7.7512
10653,7.9593
10654,7.8136
10655,7.7313
10656,7.3899
10657,7.471
10658,7.9098
10659,8.1366
10660,7.6682
10661,7.4684
10662,7.1929
10663,7.4446
10664,7.7406
10665,7.54
10666,8.1639
10667,7.4654
10668,7.6018
10669,7.5077
10670,7.5963
10671,7.8569
10672,7.6018
10673,7.1343
10674,7.3566
10675,7.5432
10676,7.275
10677,8.7351
10678,7.6106
10679,7.1521
10680,7.4182
10681,8.3802
10682,7.2334
10683,7.5016
10684,7.9217
10685,7.8356
10686,7.5011
10687,8.1493
10688,7.5902
10689,7.4213
10690,7.6018
10691,7.4386
10692,7.7739
10693,8.058
10694,7.4081
10695,7.9912
10696,7.5364
10697,8.26
10698,6.4591
10699,7.5077
10700,7.4795
10701,7.1251
10702,7.4642
10703,7.6018
10704,8.8518
10705,6.5989
10706,7.2602
10707,8.0673
10708,8.0424
10709,7.5476
10710,7.8753
10711,8.086
10712,7.4507
10713,9.3089
10714,8.3269
10715,7.2602
10716,7.5574
10717,7.7482
10718,7.9174
10719,7.6035
10720,5.0985
10721,7.4491
10722,7.6407
10723,8.8518
10724,7.7908
10725,7.9878
10726,6.9607
10727,8.0843
10728,7.6386
10729,7.6932
10730,6.7937
10731,7.7358
10732,7.2321
10733,7.3649
10734,8.0368
10735,7.6018
10736,7.7515
10737,7.9056
10738,7.6018
10739,7.2602
10740,7.6018
10741,9.0017
10742,7.1834
10743,7.8941
10744,7.7638
10745,7.1584
10746,7.3582
10747,7.3195
10748,7.881
10749,7.638
10750,7.9299
10751,7.6018
10752,6.7065
10753,7.284
10754,8.2744
10755,7.0593
10756,8.1886
10757,7.7077
10758,8.0242
10759,8.1059
10760,8.0424
10761,7.2602
10762,7.6399
10763,8.693
10764,6.7784
10765,7.6308
10766,7.2566
10767,7.2736
10768,7.5077
10769,7.5558
10770,8.2281
10771,7.5077
10772,7.3642
10773,7.6526
10774,7.638
10775,7.5742
10776,7.2602
10777,7.6168
10778,7.4707
10779,7.3653
10780,8.6688
10781,7.4513
10782,7.3771
10783,8.0798
10784,6.066
10785,8.0285
10786,7.5893
10787,8.1995
10788,7.4423
10789,7.5003
10790,7.6723
10791,7.7015
10792,8.0437
10793,7.3505
10794,8.1875
10795,7.4372
10796,7.5077
10797,7.6179
10798,7.6862
10799,8.0978
10800,7.5077
10801,5.6095
10802,7.3985
10803,8.1257
10804,7.8618
10805,7.6705
10806,7.987
10807,7.3489
10808,7.6018
10809,7.3198
10810,7.2602
10811,7.8867
10812,5.9361
10813,7.638
10814,8.0968
10815,7.9245
10816,7.343
10817,7.3719
10818,7.2838
10819,7.7289
10820,8.0506
10821,8.9003
10822,7.6602
10823,7.7513
10824,7.6327
10825,7.8899
10826,7.3566
10827,8.8518
10828,7.5225
10829,7.8633
10830,7.5561
10831,8.8518
10832,7.9878
10833,7.6694
10834,7.2602
10835,7.6912
10836,7.4385
10837,7.2602
10838,8.7503
10839,7.8034
10840,5.5368
10841,7.9068
10842,7.7515
10843,7.6018
10844,7.5566
10845,7.8267
10846,7.8475
10847,7.7318
10848,7.774
10849,8.4139
10850,7.4158
10851,7.1775
10852,7.4629
10853,7.2828
10854,7.4182
10855,7.6018
10856,7.7799
10857,7.0007
10858,7.3547
10859,7.638
10860,7.6051
10861,8.0924
10862,7.787
10863,7.9628
10864,8.4292
10865,9.0017
10866,8.0736
10867,8.175
10868,7.638
10869,7.5993
10870,7.5727
10871,7.6018
10872,7.814
10873,8.6688
10874,8.0728
10875,7.7674
10876,7.6251
10877,7.7829
10878,7.5584
10879,8.8518
10880,7.7706
10881,7.5925
10882,8.0699
10883,7.8633
10884,7.3359
10885,7.7046
10886,8.2616
10887,7.6215
10888,7.4299
10889,8.0383
10890,7.6662
10891,7.5956
10892,7.5471
10893,7.8034
10894,7.1526
10895,8.8518
10896,8.2173
10897,7.9295
10898,7.9777
10899,7.4903
10900,8.2367
10901,7.2602
10902,5.0985
10903,9.0017
10904,9.2319
10905,7.5361
10906,8.5005
10907,7.3566
10908,7.8726
10909,7.9672
10910,7.4299
10911,7.3091
10912,6.9277
10913,7.644
10914,8.8518
10915,7.4386
10916,7.8469
10917,8.8518
10918,7.5386
10919,7.5077
10920,7.8756
10921,7.9622
10922,7.4716
10923,8.0013
10924,6.3007
10925,7.8984
10926,7.4047
10927,8.8518
10928,7.3653
10929,6.9345
10930,7.8348
10931,7.638
10932,6.3686
10933,7.2515
10934,7.7515
10935,7.6752
10936,6.4666
10937,8.5289
10938,7.7396
10939,8.0246
10940,7.6694
10941,6.3084
10942,7.8136
10943,7.3566
10944,7.429
10945,7.6018
10946,7.7526
10947,7.3653
10948,7.5727
10949,8.4431
10950,7.5058
10951,8.4379
10952,7.9656
10953,7.9126
10954,7.2089
10955,8.2437
10956,6.3486
10957,7.8259
10958,7.4642
10959,7.9118
10960,7.9825
10961,6.3228
10962,7.7492
10963,7.4629
10964,7.8448
10965,7.54
10966,7.8448
10967,8.8518
10968,6.7937
10969,7.6428
10970,7.2602
10971,5.0985
10972,8.6989
10973,7.5848
10974,7.6771
10975,5.9674
10976,7.5848
10977,7.6907
10978,8.3433
10979,8.8518
10980,7.6076
10981,7.3091
10982,6.8273
10983,7.5572
10984,8.6352
10985,7.493
10986,8.6688
10987,7.7156
10988,7.5773
10989,7.7607
10990,7.0189
10991,8.1195
10992,7.6263
10993,7.2281
10994,7.4584
10995,7.2602
10996,7.4181
10997,7.7976
10998,7.8878
10999,7.4573
11000,7.7702
11001,7.8236
11002,7.6018
11003,7.3809
11004,7.4697
11005,7.5339
11006,5.0985
11007,6.5566
11008,7.3127
11009,8.3876
11010,8.1048
11011,8.2089
11012,7.6121
11013,6.358
11014,7.4407
11015,7.1476
11016,8.0932
11017,7.6018
11018,7.9584
11019,7.5077
11020,7.9833
11021,7.426
11022,8.2281
11023,7.3344
11024,8.0262
11025,8.7003
11026,8.1941
11027,8.1202
11028,7.5401
11029,8.6089
11030,8.0002
11031,7.5848
11032,7.2602
11033,7.8179
11034,7.6018
11035,7.9347
11036,7.2812
11037,8.0727
11038,7.8755
11039,8.2984
11040,7.4642
11041,7.6261
11042,8.389
11043,7.8616
11044,7.5956
11045,7.0638
11046,7.5634
11047,7.1934
11048,7.8019
11049,7.2679
11050,7.0014
11051,7.8346
11052,7.0421
11053,7.6787
11054,7.9093
11055,7.2602
11056,9.4547
11057,7.2602
11058,7.7917
11059,7.6514
11060,8.2427
11061,7.6909
11062,7.6018
11063,7.121
11064,7.2481
11065,8.8518
11066,7.6018
11067,7.9624
11068,7.7234
11069,7.0462
11070,8.6727
11071,7.6523
11072,5.1918
11073,7.5442
11074,7.2594
11075,7.638
11076,8.7359
11077,7.9134
11078,7.6068
11079,7.2192
11080,8.8518
11081,7.2862
11082,7.4491
11083,7.745
11084,7.1772
11085,7.9872
11086,7.5015
11087,7.4707
11088,7.6018
11089,7.891
11090,7.6018
11091,7.2849
11092,8.5933
11093,9.3089
11094,8.0656
11095,7.5835
11096,7.5688
11097,7.1682
11098,7.5398
11099,7.6677
11100,9.3089
11101,7.753
11102,7.8378
11103,7.8049
11104,7.4716
11105,6.9621
11106,7.5848
11107,7.8786
11108,6.3686
11109,7.7788
11110,8.3653
11111,7.2521
11112,7.6931
11113,7.3048
11114,8.8518
11115,8.8518
11116,7.9013
11117,7.5386
11118,7.653
11119,8.1274
11120,5.0985
11121,7.6196
11122,7.9273
11123,8.154
11124,8.8404
11125,8.8518
11126,9.3089
11127,5.6506
11128,7.2602
11129,7.5956
11130,7.6018
11131,6.843
11132,7.556
11133,7.6562
11134,7.8123
11135,7.2602
11136,7.6114
11137,7.0465
11138,8.1094
11139,4.2874
11140,7.6823
11141,7.3584
11142,7.7926
11143,8.3766
11144,7.4182
11145,7.3791
11146,7.591
11147,7.638
11148,8.0006
11149,8.0957
11150,7.5964
11151,7.8367
11152,7.6233
11153,7.7156
11154,7.2155
11155,7.9142
11156,7.5848
11157,7.2602
11158,7.3191
11159,7.7463
11160,7.2602
11161,7.7156
11162,7.4716
11163,7.683
11164,7.726
11165,8.8518
11166,8.3421
11167,7.4144
11168,6.6006
11169,7.4491
11170,7.9719
11171,7.4752
11172,7.5548
11173,7.5867
11174,7.1146
11175,7.9324
11176,7.3832
11177,7.4746
11178,7.1343
11179,7.0932
11180,8.2449
11181,5.6506
11182,7.1261
11183,7.5959
11184,7.487
11185,8.2873
11186,7.7194
11187,7.6018
11188,7.4018
11189,6.9248
11190,7.9878
11191,7.2204
11192,7.6682
11193,7.8664
11194,8.8518
11195,7.6831
11196,7.8031
11197,7.6682
11198,7.6413
11199,7.4679
11200,7.8225
11201,7.42
11202,7.9091
11203,7.1343
11204,6.6174
11205,7.5128
11206,7.7925
11207,7.503
11208,7.5527
11209,8.1846
11210,8.2618
11211,9.3089
11212,8.6396
11213,7.4854
11214,8.0575
11215,7.8343
11216,7.53
11217,7.6728
11218,7.8198
11219,7.6018
11220,8.1033
11221,7.732
11222,7.1677
11223,6.7081
11224,7.6018
11225,7.529
11226,7.5649
11227,7.7656
11228,7.8876
11229,7.7696
11230,7.3002
11231,7.8198
11232,7.6018
11233,8.2427
11234,7.6232
11235,7.319
11236,7.8167
11237,8.6688
11238,7.9422
11239,9.3089
11240,7.7289
11241,7.6308
11242,7.7001
11243,8.1121
11244,7.6018
11245,7.2511
11246,7.3235
11247,7.9188
11248,7.6408
11249,7.575
11250,8.1714
11251,7.2007
11252,6.8012
11253,8.01
11254,8.5189
11255,7.4917
11256,7.2602
11257,7.6558
11258,7.1934
11259,5.0985
11260,7.3861
11261,7.8752
11262,7.7515
11263,7.4373
11264,7.2602
11265,7.7398
11266,6.1809
11267,7.351
11268,7.6588
11269,7.6753
11270,6.7784
11271,7.3501
11272,7.1607
11273,7.3653
11274,8.0702
11275,7.5607
11276,5.0985
11277,6.8715
11278,8.0835
11279,7.4012
11280,7.5011
11281,7.4946
11282,7.2713
11283,6.8669
11284,7.8511
11285,7.814
11286,7.6679
11287,8.2072
11288,7.5902
11289,7.3408
11290,7.5731
11291,8.0289
11292,8.6089
11293,8.1265
11294,7.5973
11295,6.9345
11296,7.3566
11297,7.5539
11298,7.9597
11299,9.3089
11300,8.0011
11301,7.6168
11302,7.2602
11303,9.1484
11304,8.042
11305,7.7834
11306,7.6439
11307,7.5365
11308,7.6682
11309,8.0601
11310,7.849
11311,8.1086
11312,7.6834
11313,7.3808
11314,7.0009
11315,7.4562
11316,8.8518
11317,7.778
11318,7.8619
11319,8.7665
11320,8.0566
11321,7.9506
11322,7.6423
11323,7.7087
11324,7.6018
11325,8.0437
11326,7.4528
11327,7.7022
11328,8.3811
11329,7.5574
11330,8.1886
11331,7.9313
11332,7.9773
11333,8.8518
11334,7.4936
11335,7.8343
11336,7.2509
11337,7.876
11338,7.2602
11339,7.6682
11340,8.1854
11341,7.939
11342,7.5509
11343,7.4332
11344,5.0985
11345,6.9449
11346,8.3166
11347,7.6168
11348,7.6491
11349,7.8633
11350,8.5665
11351,7.7445
11352,8.0897
11353,7.6703
11354,7.5087
11355,7.524
11356,6.726
11357,8.0012
11358,7.2975
11359,7.5896
11360,7.7453
11361,7.8789
11362,7.233
11363,8.2601
11364,7.2057
11365,7.638
11366,7.2602
11367,7.6525
11368,9.3089
11369,7.6682
11370,7.9558
11371,5.0985
11372,7.6018
11373,7.4935
11374,8.2744
11375,7.7289
11376,7.2311
11377,7.6831
11378,7.5399
11379,7.3093
11380,8.0679
11381,7.8198
11382,7.1359
11383,7.3653
11384,8.5851
11385,7.7611
11386,8.0774
11387,7.0099
11388,7.1834
11389,7.188
11390,8.2004
11391,7.6638
11392,7.3769
11393,6.8645
11394,8.6405
11395,7.508
11396,7.4772
11397,7.6171
11398,7.7724
11399,7.6018
11400,9.3777
11401,7.6018
11402,7.5398
11403,7.0274
11404,7.6018
11405,7.7512
11406,7.6744
11407,8.8404
11408,7.4036
11409,7.9624
11410,7.2602
11411,8.1493
11412,7.8977
11413,8.3881
11414,8.8518
11415,7.7399
11416,6.8348
11417,7.2728
11418,7.364
11419,7.6263
11420,7.6261
11421,7.6947
11422,7.3765
11423,7.7151
11424,8.7414
11425,7.6018
11426,8.2636
11427,7.9142
11428,7.2363
11429,6.3859
11430,7.5471
11431,6.9386
11432,9.3089
11433,8.3497
11434,7.2731
11435,7.8007
11436,7.6018
11437,7.6196
11438,7.6766
11439,7.9692
11440,7.6018
11441,7.5743
11442,7.4378
11443,7.4225
11444,7.2602
11445,6.9673
11446,8.1345
11447,7.5077
11448,7.8348
11449,7.5848
11450,7.3442
11451,8.0783
11452,7.4974
11453,7.572
11454,7.7001
11455,7.8584
11456,7.6018
11457,7.6018
11458,7.1437
11459,7.5243
11460,7.6018
11461,7.7756
11462,8.1735
11463,7.6682
11464,7.6148
11465,7.7515
11466,7.8772
11467,8.4345
11468,7.9296
11469,7.9878
11470,8.2097
11471,7.6018
11472,8.5357
11473,7.1151
11474,5.0985
11475,7.6018
11476,7.7674
11477,7.4257
11478,6.3238
11479,7.5009
11480,6.4328
11481,7.8121
11482,7.5566
11483,7.6136
11484,7.9105
11485,7.5749
11486,7.5527
11487,6.8466
11488,8.478
11489,7.4491
11490,7.3131
11491,7.6018
11492,7.1772
11493,8.2904
11494,7.5448
11495,7.3928
11496,7.1033
11497,7.6018
11498,8.8518
11499,7.4112
11500,7.5856
11501,7.9081
11502,7.334
11503,7.17
11504,5.7065
11505,7.6136
11506,7.7526
11507,7.7499
11508,7.2482
11509,9.0017
11510,6.7081
11511,5.0985
11512,7.8198
11513,7.3552
11514,7.6018
11515,7.5502
11516,8.1568
11517,7.7521
11518,7.127
11519,7.5502
11520,5.4669
11521,8.8518
11522,8.1629
11523,7.4548
11524,7.6743
11525,7.842
11526,7.8819
11527,7.638
11528,7.7345
11529,7.5731
11530,7.861
11531,7.2646
11532,8.155
11533,7.7434
11534,8.1198
11535,7.5252
11536,7.3325
11537,7.5654
11538,7.6018
11539,8.028
11540,8.0032
11541,7.3653
11542,6.2767
11543,7.6682
11544,7.6694
11545,7.7289
11546,8.173
11547,7.9037
11548,7.4012
11549,8.8697
11550,7.6018
11551,7.7434
11552,7.3653
11553,8.5661
11554,7.3653
11555,9.4547
11556,8.2339
11557,7.8509
11558,6.6372
11559,7.9238
11560,7.2653
11561,7.4491
11562,5.0985
11563,7.2602
11564,7.1918
11565,6.4874
11566,7.7706
11567,7.6371
11568,7.7957
11569,7.6257
11570,7.7959
11571,8.0236
11572,7.6018
11573,7.2035
11574,7.9285
11575,7.4419
11576,7.6875
11577,7.5394
11578,8.0466
11579,7.7289
11580,7.7515
11581,7.8957
11582,6.6558
11583,7.3566
11584,7.5339
11585,7.54
11586,7.1309
11587,7.2583
11588,8.1628
11589,8.8518
11590,7.7944
11591,7.3381
11592,8.4169
11593,7.5011
11594,7.2602
11595,7.6521
11596,6.6012
11597,7.3808
11598,7.6168
11599,7.4498
11600,8.3358
11601,7.2602
11602,7.6018
11603,7.6018
11604,7.3942
11605,7.4036
11606,8.8518
11607,7.5851
11608,7.2389
11609,8.0731
11610,7.5727
11611,7.9245
11612,7.8807
11613,7.5471
11614,7.574
11615,7.5427
11616,7.0263
11617,6.9806
11618,7.1233
11619,7.6138
11620,7.2759
11621,7.6157
11622,7.5848
11623,7.7345
11624,7.843
11625,7.4173
11626,7.3926
11627,8.3868
11628,7.9974
11629,8.8005
11630,7.1775
11631,8.2975
11632,7.6263
11633,8.072
11634,8.1496
11635,8.1292
11636,5.6506
11637,6.9785
11638,7.4046
11639,7.4241
11640,7.2602
11641,8.1509
11642,7.3942
11643,7.6455
11644,7.354
11645,7.6886
11646,8.0832
11647,8.1012
11648,7.3756
11649,8.7103
11650,7.8136
11651,7.8367
11652,7.5848
11653,7.6018
11654,8.024
11655,7.6024
11656,8.2542
11657,8.0366
11658,7.067
11659,6.9339
11660,7.6886
11661,7.2681
11662,7.7144
11663,8.458
11664,7.6018
11665,8.481
11666,8.0408
11667,7.6638
11668,7.4528
11669,7.3082
11670,7.9009
11671,7.4104
11672,7.3509
11673,7.2189
11674,7.5892
11675,7.4299
11676,7.7679
11677,7.8196
11678,7.8485
11679,7.5198
11680,8.8518
11681,7.1476
11682,7.678
11683,5.1918
11684,7.1199
11685,7.9876
11686,7.7552
11687,8.1006
11688,7.7857
11689,7.4036
11690,7.4629
11691,7.521
11692,6.2614
11693,7.5732
11694,7.2869
11695,7.8733
11696,7.5083
11697,7.9072
11698,7.8039
11699,7.285
11700,7.8206
11701,6.4423
11702,9.0001
11703,7.6018
11704,7.6983
11705,7.7244
11706,7.3149
11707,7.5427
11708,7.9123
11709,7.5141
11710,7.638
11711,7.8344
11712,8.1357
11713,7.407
11714,8.2951
11715,7.1552
11716,8.1548
11717,7.1677
11718,8.2961
11719,7.5015
11720,7.5849
11721,4.2874
11722,7.559
11723,8.1357
11724,7.5874
11725,5.0985
11726,7.2602
11727,8.3657
11728,7.9878
11729,7.2744
11730,7.738
11731,8.4089
11732,7.6741
11733,5.0985
11734,8.478
11735,7.5594
11736,7.5955
11737,7.6018
11738,8.1545
11739,7.7769
11740,7.9398
11741,8.4266
11742,7.9878
11743,7.5408
11744,7.638
11745,7.0536
11746,7.8198
11747,8.183
11748,7.0536
11749,7.3235
11750,7.2602
11751,7.0016
11752,6.5874
11753,8.8518
11754,7.9397
11755,7.346
11756,9.0017
11757,7.6018
11758,7.9592
11759,7.8198
11760,7.7317
11761,7.5925
11762,7.3607
11763,7.8198
11764,8.0845
11765,7.8012
11766,7.3064
11767,7.9863
11768,8.162
11769,7.5938
11770,7.6075
11771,7.7511
11772,7.4691
11773,9.06
11774,7.3028
11775,6.9386
11776,7.686
11777,8.175
11778,7.8877
11779,7.7695
11780,6.2507
11781,6.858
11782,7.7413
11783,7.5371
11784,6.3486
11785,7.9006
11786,7.3566
11787,7.7363
11788,8.031
11789,9.0017
11790,7.7388
11791,7.6018
11792,8.2636
11793,7.8198
11794,7.6477
11795,7.5077
11796,7.6095
11797,7.7321
11798,7.0274
11799,8.0125
11800,7.9414
11801,7.6325
11802,7.2602
11803,8.0257
11804,7.5953
11805,8.0938
11806,7.8198
11807,7.2182
11808,7.6259
11809,8.0906
11810,8.042
11811,7.6325
11812,7.7289
11813,8.1161
11814,8.8518
11815,8.8404
11816,7.7289
11817,7.124
11818,7.638
11819,7.8094
11820,8.0011
11821,7.7033
11822,7.7132
11823,7.4211
11824,7.6677
11825,6.9898
11826,7.4898
11827,7.2602
11828,7.638
11829,8.8448
11830,8.0133
11831,7.6065
11832,7.5527
11833,7.6457
11834,7.3666
11835,7.35
11836,6.6372
11837,7.7691
11838,7.275
11839,7.8584
11840,7.7193
11841,7.4064
11842,6.7928
11843,7.8084
11844,6.8683
11845,7.5773
11846,7.3035
11847,7.7326
11848,7.9138
11849,7.6168
11850,6.5005
11851,7.6913
11852,7.287
11853,7.9652
11854,7.6075
11855,7.4012
11856,7.8198
11857,9.0017
11858,9.0017
11859,7.9636
11860,7.626
11861,7.6018
11862,7.8367
11863,7.8198
11864,7.8167
11865,7.8761
11866,7.9123
11867,5.5368
11868,7.41
11869,8.0011
11870,7.6879
11871,7.0266
11872,7.6018
11873,8.9908
11874,7.7706
11875,7.3653
11876,7.3879
11877,7.3566
11878,7.7232
11879,8.3177
11880,7.3009
11881,6.8807
11882,6.871
11883,7.6638
11884,7.5994
11885,7.3178
11886,7.8116
11887,7.6449
11888,7.6697
11889,7.6066
11890,7.6018
11891,7.4417
11892,7.7515
11893,7.5554
11894,8.8697
11895,7.6724
11896,7.6379
11897,7.5236
11898,7.3681
11899,7.6018
11900,7.3808
11901,7.8899
11902,8.8518
11903,7.2012
11904,6.7784
11905,6.501
11906,5.6095
11907,6.8131
11908,7.6018
11909,7.8065
11910,7.9302
11911,7.4899
11912,8.8518
11913,7.8526
11914,6.7081
11915,7.4358
11916,8.4292
11917,7.6531
11918,6.8843
11919,7.4182
11920,7.0359
11921,7.2602
11922,7.7185
11923,6.8843
11924,9.0922
11925,7.3582
11926,7.9422
11927,7.9565
11928,7.3847
11929,7.6263
11930,8.8518
11931,5.0985
11932,8.1927
11933,7.2156
11934,7.6018
11935,8.8518
11936,6.9694
11937,8.2616
11938,7.5386
11939,7.7386
11940,8.5539
11941,7.5973
11942,7.8396
11943,7.8198
11944,8.1926
11945,7.5848
11946,8.2891
11947,8.431
11948,8.8518
11949,8.6089
11950,7.7515
11951,7.5365
11952,7.9229
11953,7.8182
11954,7.6018
11955,6.8246
11956,7.5077
11957,8.2636
11958,8.2156
11959,6.8386
11960,7.5981
11961,7.0841
11962,7.6161
11963,7.5516
11964,7.8942
11965,7.5727
11966,7.7844
11967,7.4573
11968,7.9752
11969,7.5007
11970,7.5345
11971,7.9296
11972,7.5727
11973,7.5899
11974,7.9398
11975,7.0015
11976,8.8518
11977,8.1314
11978,9.2859
11979,8.7044
11980,8.11
11981,7.5446
11982,7.6018
11983,7.8198
11984,8.2866
11985,7.9299
11986,8.8523
11987,7.751
11988,8.0015
11989,7.6018
11990,9.3089
11991,6.1809
11992,7.4182
11993,7.7151
11994,8.5613
11995,7.3821
11996,7.6261
11997,7.3652
11998,7.287
11999,7.3221
12000,7.482
12001,7.3656
12002,7.5471
12003,7.9877
12004,8.1641
12005,7.226
12006,7.2602
12007,7.9398
12008,7.6018
12009,7.1251
12010,7.1552
12011,5.0985
12012,7.6803
12013,7.6263
12014,7.5077
12015,8.2778
12016,7.3328
12017,8.0321
12018,4.2874
12019,7.3566
12020,9.0017
12021,7.5822
12022,7.4523
12023,8.2004
12024,7.5956
12025,7.2602
12026,8.3064
12027,7.8621
12028,7.638
12029,8.8518
12030,7.7412
12031,7.1552
12032,7.7144
12033,8.0601
12034,7.6018
12035,8.3172
12036,7.5458
12037,7.6469
12038,7.6859
12039,7.5154
12040,7.5058
12041,6.7091
12042,7.2602
12043,6.8113
12044,7.6018
12045,8.6688
12046,7.458
12047,7.7259
12048,7.8979
12049,8.0497
12050,7.4161
12051,7.6018
12052,8.1437
12053,7.66
12054,7.4458
12055,7.4182
12056,7.9315
12057,7.6018
12058,7.3846
12059,7.7128
12060,6.8977
12061,7.4804
12062,7.6508
12063,7.5094
12064,7.7378
12065,6.9509
12066,7.8313
12067,7.9254
12068,8.1897
12069,7.5762
12070,9.0922
12071,7.6682
12072,7.6151
12073,7.7593
12074,7.5054
12075,8.3185
12076,7.5458
12077,6.9099
12078,7.5729
12079,7.637
12080,7.4172
12081,7.7289
12082,7.0517
12083,6.7156
12084,7.4161
12085,7.0508
12086,7.5281
12087,8.7296
12088,7.5389
12089,8.0633
12090,7.9166
12091,7.9534
12092,7.6018
12093,7.5471
12094,7.4011
12095,7.7769
12096,7.4692
12097,8.1926
12098,7.6018
12099,7.5602
12100,7.4562
12101,7.6673
12102,8.0602
12103,8.8518
12104,7.7101
12105,7.7289
12106,7.871
12107,7.7213
12108,7.7638
12109,6.4423
12110,8.0801
12111,7.6638
12112,5.0985
12113,7.6606
12114,8.287
12115,7.6018
12116,7.4036
12117,7.9715
12118,7.6954
12119,7.7511
12120,7.3974
12121,7.5015
12122,8.8518
12123,7.1383
12124,7.4435
12125,7.6227
12126,7.6018
12127,7.7232
12128,7.936
12129,7.8765
12130,7.3426
12131,7.8178
12132,7.6018
12133,7.6018
12134,8.417
12135,8.0685
12136,8.7461
12137,7.6012
12138,7.4107
12139,8.1314
12140,7.5959
12141,8.319
12142,7.4491
12143,7.3764
12144,8.1841
12145,7.9591
12146,9.0017
12147,7.4746
12148,7.4128
12149,7.1488
12150,8.0896
12151,8.175
12152,8.7461
12153,7.638
12154,7.6392
12155,7.7069
12156,7.5058
12157,7.9449
12158,7.4554
12159,8.7003
12160,7.6912
12161,8.8518
12162,8.0485
12163,7.7266
12164,7.6114
12165,7.742
12166,8.2507
12167,7.638
12168,7.9038
12169,7.7149
12170,7.7197
12171,7.6018
12172,7.7622
12173,8.3727
12174,7.5077
12175,7.595
12176,7.6455
12177,7.2602
12178,7.4867
12179,5.8021
12180,7.8949
12181,8.3713
12182,8.8518
12183,7.4966
12184,8.5007
12185,7.4182
12186,8.2904
12187,7.7009
12188,9.4326
12189,7.5576
12190,8.8518
12191,7.856
12192,6.934
12193,7.5471
12194,8.5305
12195,7.6834
12196,7.703
12197,7.3566
12198,7.2932
12199,7.4048
12200,7.2281
12201,7.638
12202,7.2602
12203,8.0054
12204,7.806
12205,7.5354
12206,7.6018
12207,7.7564
12208,8.1558
12209,8.0008
12210,8.5577
12211,7.42
12212,7.2651
12213,7.8393
12214,7.4509
12215,6.9277
12216,7.4369
12217,7.4194
12218,7.6394
12219,6.7345
12220,7.1528
12221,7.0197
12222,6.0407
12223,7.8758
12224,7.2716
12225,7.8814
12226,7.1758
12227,7.6146
12228,7.5471
12229,7.7954
12230,7.3174
12231,7.2921
12232,7.8198
12233,7.7383
12234,7.5527
12235,7.8136
12236,7.6568
12237,7.2407
12238,8.431
12239,7.7726
12240,5.0985
12241,7.2454
12242,7.0485
12243,7.5761
12244,7.5471
12245,7.2681
12246,7.3653
12247,7.29
12248,8.3127
12249,7.5848
12250,7.9193
12251,7.6018
12252,7.2641
12253,7.4386
12254,7.8194
12255,7.9302
12256,7.6023
12257,7.5582
12258,7.8253
12259,9.0017
12260,7.994
12261,7.5799
12262,7.3679
12263,7.9692
12264,7.2602
12265,8.0008
12266,7.9878
12267,8.4431
12268,6.3061
12269,8.0413
12270,8.1749
12271,8.1085
12272,9.3089
12273,7.6018
12274,5.6506
12275,6.7322
12276,7.0848
12277,7.6682
12278,7.638
12279,7.9655
12280,7.4099
12281,7.6018
12282,8.6688
12283,7.8089
12284,7.9104
12285,7.3653
12286,7.9125
12287,7.6018
12288,7.8004
12289,7.7648
12290,7.6018
12291,7.4119
12292,8.193
12293,8.1674
12294,7.3127
12295,7.6018
12296,8.0533
12297,7.5956
12298,7.0092
12299,7.6018
12300,8.2183
12301,7.756
12302,7.3345
12303,7.6612
12304,7.5636
12305,7.5574
12306,7.5821
12307,7.6679
12308,6.9182
12309,8.3167
12310,7.2621
12311,9.0017
12312,7.2019
12313,8.3567
12314,7.787
12315,8.2777
12316,7.6002
12317,7.2515
12318,7.0469
12319,7.1772
12320,7.6941
12321,7.2115
12322,7.4317
12323,7.5077
12324,7.8348
12325,6.746
12326,7.6018
12327,7.6345
12328,7.6698
12329,7.7289
12330,5.9172
12331,7.3328
12332,7.5475
12333,7.7706
12334,7.1772
12335,7.7788
12336,7.7237
12337,6.0439
12338,7.3009
12339,7.314
12340,7.6018
12341,8.2564
12342,8.139
12343,7.8792
12344,7.8198
12345,7.7904
12346,7.8198
12347,7.6152
12348,7.7004
12349,7.3534
12350,7.3374
12351,9.0248
12352,7.6305
12353,8.2904
12354,7.9182
12355,7.0485
12356,7.6831
12357,8.4618
12358,7.1343
12359,7.3345
12360,8.0774
12361,7.5799
12362,7.6441
12363,7.6051
12364,8.2115
12365,7.3511
12366,7.7225
12367,7.4491
12368,6.1588
12369,7.5923
12370,6.6012
12371,7.1343
12372,6.4832
12373,7.9242
12374,6.5972
12375,7.8305
12376,8.4175
12377,7.6268
12378,7.7091
12379,8.0626
12380,5.6506
12381,7.2281
12382,7.6256
12383,9.3457
12384,6.9277
12385,8.1854
12386,7.8633
12387,7.4642
12388,7.5236
12389,7.5848
12390,7.7782
12391,6.7684
12392,8.0154
12393,7.8834
12394,7.4739
12395,6.8424
12396,7.7289
12397,7.7433
12398,7.7968
12399,7.4505
12400,7.4573
12401,7.6293
12402,7.6066
12403,7.4478
12404,7.3653
12405,8.8518
12406,7.1772
12407,7.9724
12408,7.1682
12409,7.2602
12410,7.4548
12411,8.154
12412,8.0974
12413,8.3127
12414,7.2057
12415,7.689
12416,6.8843
12417,7.6308
12418,5.0985
12419,7.5359
12420,7.5015
12421,7.3808
12422,7.205
12423,9.3089
12424,8.4212
12425,7.696
12426,7.9912
12427,8.0407
12428,8.3288
12429,7.8198
12430,6.9139
12431,7.554
12432,7.8604
12433,7.6764
12434,8.0015
12435,7.9879
12436,7.3064
12437,7.5955
12438,8.3717
12439,7.275
12440,8.0636
12441,8.1018
12442,7.7103
12443,8.3358
12444,7.5207
12445,7.6018
12446,6.8017
12447,8.1493
12448,8.0951
12449,7.7313
12450,7.8342
12451,8.4223
12452,6.3833
12453,8.2045
12454,8.2462
12455,7.8263
12456,8.3966
12457,7.386
12458,7.8348
12459,7.5848
12460,7.8058
12461,7.5579
12462,7.479
12463,7.9594
12464,7.5432
12465,7.6018
12466,7.7348
12467,7.5471
12468,7.5833
12469,8.478
12470,8.0011
12471,8.3404
12472,7.8535
12473,7.0768
12474,7.8712
12475,7.2602
12476,7.6834
12477,8.8518
12478,8.0007
12479,8.328
12480,6.5719
12481,7.5011
12482,8.175
12483,7.2061
12484,8.0295
12485,5.0985
12486,8.0003
12487,8.8518
12488,7.4804
12489,7.8584
12490,7.9773
12491,7.4629
12492,7.5708
12493,7.7358
12494,7.6531
12495,7.1405
12496,7.9221
12497,7.3243
12498,7.6053
12499,7.6532
12500,8.135
12501,8.2897
12502,5.0985
12503,8.0571
12504,8.1037
12505,7.4906
12506,7.4879
12507,7.8809
12508,8.6688
12509,7.9289
12510,7.54
12511,8.0014
12512,7.3127
12513,7.786
12514,7.7506
12515,7.6508
12516,8.2282
12517,7.0574
12518,7.4807
12519,8.8518
12520,7.8936
12521,7.2566
12522,8.1767
12523,6.7135
12524,7.575
12525,7.1725
12526,7.5575
12527,7.8214
12528,6.5288
12529,7.277
12530,8.2207
12531,7.7199
12532,7.3653
12533,4.2874
12534,7.6263
12535,7.3228
12536,7.6018
12537,7.9098
12538,8.0557
12539,7.4363
12540,8.6989
12541,7.3091
12542,6.621
12543,7.0513
12544,7.6154
12545,7.6959
12546,8.3495
12547,7.3179
12548,8.1327
12549,8.0353
12550,7.4316
12551,8.2306
12552,7.5077
12553,8.0014
12554,7.7499
12555,7.1886
12556,8.1622
12557,5.0985
12558,7.6682
12559,7.7289
12560,7.5077
12561,8.1352
12562,7.1253
12563,7.5455
12564,7.8348
12565,7.2557
12566,7.4128
12567,7.3756
12568,7.6201
12569,7.4381
12570,8.2004
12571,7.6018
12572,8.0712
12573,7.7503
12574,7.821
12575,9.0017
12576,7.5055
12577,8.4431
12578,7.6777
12579,7.5077
12580,7.6604
12581,7.9511
12582,7.9395
12583,7.4763
12584,7.0714
12585,7.6425
12586,7.5413
12587,7.806
12588,7.3006
12589,7.5077
12590,7.6009
12591,8.3358
12592,7.7434
12593,7.8198
12594,8.2097
12595,7.2347
12596,8.1009
12597,7.6458
12598,7.401
12599,6.7378
12600,6.4149
12601,8.8518
12602,7.6407
12603,7.9518
12604,8.0862
12605,8.8518
12606,7.2866
12607,8.2367
12608,7.7271
12609,7.6622
12610,8.4267
12611,7.4081
12612,6.0195
12613,7.6012
12614,7.8198
12615,7.1489
12616,7.5004
12617,7.2313
12618,5.0985
12619,7.551
12620,7.3761
12621,7.3178
12622,8.0014
12623,7.9366
12624,7.1307
12625,7.5732
12626,8.7414
12627,7.1976
12628,7.9926
12629,7.638
12630,7.5471
12631,7.2602
12632,8.594
12633,8.3899
12634,7.6168
12635,7.3679
12636,7.6984
12637,7.3863
12638,7.3985
12639,7.3794
12640,7.1161
12641,7.2012
12642,5.9674
12643,7.6069
12644,5.0985
12645,7.7478
12646,7.6688
12647,7.8777
12648,8.8518
12649,7.5848
12650,5.0985
12651,7.7706
12652,7.2602
12653,7.7517
12654,7.6018
12655,8.0804
12656,7.0414
12657,7.4642
12658,7.5296
12659,7.7402
12660,8.2449
12661,7.4673
12662,9.0001
12663,8.3995
12664,7.7663
12665,7.5077
12666,7.9152
12667,8.0275
12668,8.175
12669,7.66
12670,7.6018
12671,7.393
12672,8.0673
12673,7.6018
12674,6.4137
12675,7.5015
12676,7.9345
12677,8.0532
12678,8.5566
12679,7.5427
12680,7.8475
12681,7.6537
12682,7.4727
12683,5.0985
12684,7.5133
12685,5.0985
12686,7.6018
12687,7.8816
12688,7.354
12689,4.2874
12690,7.9384
12691,7.5009
12692,7.4716
12693,7.3494
12694,9.0017
12695,8.8518
12696,7.8119
12697,7.5778
12698,7.0473
12699,7.7227
12700,8.1493
12701,7.9344
12702,6.8386
12703,8.8518
12704,7.646
12705,7.4182
12706,8.2616
12707,5.0985
12708,7.5809
12709,8.363
12710,7.6525
12711,7.2602
12712,7.7147
12713,8.4345
12714,7.6675
12715,5.6095
12716,7.4147
12717,8.1345
12718,7.4257
12719,8.0394
12720,7.6018
12721,7.8198
12722,7.45
12723,7.8051
12724,7.9704
12725,7.1262
12726,8.349
12727,7.7289
12728,7.0004
12729,7.6938
12730,7.7882
12731,7.7338
12732,7.3653
12733,5.8945
12734,7.654
12735,7.6018
12736,7.54
12737,7.5471
12738,7.7741
12739,7.8757
12740,7.9646
12741,8.2115
12742,7.7744
12743,7.4946
12744,7.8258
12745,7.6539
12746,7.5665
12747,8.0232
12748,7.8001
12749,7.4138
12750,7.8265
12751,7.3006
12752,6.0195
12753,7.9062
12754,7.2602
12755,7.2182
12756,7.4892
12757,7.6827
12758,6.9144
12759,8.6127
12760,7.461
12761,7.8619
12762,7.5471
12763,7.3653
12764,7.6018
12765,7.5546
12766,7.6018
12767,7.6018
12768,7.3348
12769,8.4002
12770,7.5848
12771,7.8679
12772,7.2924
12773,7.6018
12774,7.4286
12775,8.8518
12776,7.7719
12777,7.6248
12778,7.9444
12779,7.8464
12780,6.43
12781,7.9846
12782,7.9178
12783,7.9613
12784,7.4582
12785,8.1121
12786,8.1127
12787,7.2019
12788,7.6018
12789,7.7778
12790,7.6347
12791,7.5077
12792,6.8715
12793,7.6018
12794,7.8668
12795,7.4836
12796,7.3838
12797,7.667
12798,8.0461
12799,8.082
12800,7.8081
12801,7.6834
12802,7.5819
12803,6.7784
12804,7.5621
12805,6.9907
12806,7.7526
12807,7.4755
12808,8.1312
12809,8.3127
12810,7.6307
12811,6.8974
12812,7.7501
12813,7.6018
12814,7.3808
12815,7.6018
12816,8.0641
12817,7.6018
12818,8.0012
12819,7.5077
12820,7.3853
12821,7.6574
12822,7.612
12823,7.2288
12824,8.2515
12825,7.9056
12826,7.566
12827,6.0364
12828,8.1161
12829,7.9342
12830,7.2356
12831,8.1552
12832,8.1357
12833,8.0014
12834,7.3283
12835,8.6688
12836,8.4455
12837,7.319
12838,7.5956
12839,7.3756
12840,7.2197
12841,7.7665
12842,8.8518
12843,7.1898
12844,8.1198
12845,8.4618
12846,7.7253
12847,7.6018
12848,7.6012
12849,7.6018
12850,5.0985
12851,7.2602
12852,7.688
12853,7.9607
12854,7.4798
12855,7.6123
12856,7.5106
12857,7.35
12858,7.3653
12859,6.624
12860,8.2605
12861,7.2515
12862,7.6651
12863,7.5117
12864,7.7503
12865,7.4142
12866,8.0015
12867,8.5179
12868,7.7069
12869,7.7515
12870,7.9436
12871,8.0007
12872,7.4365
12873,7.2434
12874,7.4526
12875,7.7378
12876,8.2411
12877,7.5594
12878,8.1357
12879,7.2602
12880,7.961
12881,8.1749
12882,7.9664
12883,7.5848
12884,7.8094
12885,6.9359
12886,7.9317
12887,5.9674
12888,7.2602
12889,7.3411
12890,9.2309
12891,8.1335
12892,7.6914
12893,7.2602
12894,7.5471
12895,7.1463
12896,6.9234
12897,7.2602
12898,7.619
12899,7.6018
12900,7.4663
12901,7.3783
12902,7.6931
12903,5.7725
12904,7.4341
12905,8.4012
12906,7.2155
12907,7.6527
12908,8.2933
12909,8.5994
12910,7.5471
12911,7.3131
12912,7.9878
12913,7.7364
12914,7.6628
12915,7.9299
12916,7.6018
12917,8.8518
12918,7.6018
12919,7.5848
12920,7.6138
12921,5.4669
12922,7.287
12923,7.5606
12924,7.3123
12925,7.638
12926,7.2075
12927,7.4562
12928,7.6018
12929,7.3772
12930,8.2818
12931,8.0885
12932,7.8064
12933,8.422
12934,8.8518
12935,7.2602
12936,7.1721
12937,8.0012
12938,7.287
12939,7.5016
12940,7.6018
12941,6.8843
12942,7.933
12943,7.5067
12944,7.6263
12945,7.2602
12946,7.5471
12947,7.3826
12948,7.1591
12949,7.6682
12950,8.0015
12951,7.8899
12952,7.453
12953,8.2367
12954,7.3584
12955,7.5273
12956,6.893
12957,7.4334
12958,7.5723
12959,7.4275
12960,7.487
12961,7.6018
12962,8.0124
12963,7.3386
12964,7.5759
12965,7.807
12966,7.6076
12967,7.2602
12968,7.8502
12969,5.0985
12970,8.0395
12971,7.4036
12972,6.3076
12973,7.7151
12974,7.5273
12975,7.4553
12976,7.5951
12977,7.6481
12978,7.2387
12979,7.1629
12980,7.6018
12981,7.3566
12982,7.3257
12983,8.2427
12984,8.2115
12985,7.211
12986,7.3342
12987,7.2602
12988,8.446
12989,6.9591
12990,7.7805
12991,7.8367
12992,7.3426
12993,8.0305
12994,7.8198
12995,7.7293
12996,9.3457
12997,7.3484
12998,7.6018
12999,7.7151
13000,7.6018
13001,7.7635
13002,8.6509
13003,7.875
13004,7.3972
13005,8.0551
13006,7.3578
13007,8.1361
13008,7.7649
13009,7.3582
13010,7.9188
13011,7.5083
13012,7.2602
13013,8.0825
13014,7.847
13015,8.4431
13016,7.5011
13017,8.2933
13018,7.7102
13019,8.3194
13020,7.8758
13021,7.6688
13022,8.4518
13023,7.8807
13024,7.7156
13025,8.8518
13026,8.0339
13027,7.2927
13028,7.8575
13029,6.9979
13030,8.0724
13031,7.6673
13032,7.2004
13033,7.9356
13034,8.8518
13035,7.4182
13036,7.3264
13037,7.5077
13038,7.5015
13039,6.8757
13040,7.6018
13041,8.8518
13042,8.7665
13043,8.0231
13044,6.8752
13045,7.7365
13046,7.6149
13047,7.5077
13048,7.9126
13049,7.2389
13050,7.5196
13051,7.3006
13052,6.8584
13053,7.9117
13054,7.2504
13055,7.7101
13056,9.0017
13057,7.184
13058,8.4009
13059,7.5266
13060,7.5848
13061,7.6019
13062,7.4036
13063,7.5236
13064,8.0654
13065,7.6684
13066,8.4431
13067,8.1567
13068,7.4558
13069,7.3566
13070,7.5012
13071,7.7133
13072,7.6985
13073,7.5973
13074,7.1772
13075,7.6882
13076,8.2369
13077,7.1772
13078,7.845
13079,8.0684
13080,7.6713
13081,7.8348
13082,7.3167
13083,7.6804
13084,7.4491
13085,8.2269
13086,7.5015
13087,8.0841
13088,7.5471
13089,7.6608
13090,7.0359
13091,7.6931
13092,7.1712
13093,7.6018
13094,7.4518
13095,7.8198
13096,7.8807
13097,9.0017
13098,7.7033
13099,7.2281
13100,7.758
13101,7.5077
13102,7.3576
13103,7.7157
13104,7.9877
13105,7.5902
13106,5.0985
13107,6.8843
13108,6.9194
13109,7.6439
13110,8.3863
13111,6.9449
13112,7.1441
13113,7.4529
13114,7.7156
13115,8.2583
13116,7.6374
13117,7.5471
13118,7.5403
13119,7.2602
13120,8.5392
13121,7.5077
13122,7.1677
13123,8.8518
13124,8.4386
13125,7.528
13126,7.9743
13127,7.2495
13128,7.6018
13129,7.0228
13130,7.8342
13131,7.6018
13132,7.8198
13133,7.9345
13134,5.6028
13135,7.6508
13136,7.8957
13137,7.6679
13138,7.9935
13139,7.9079
13140,5.4669
13141,6.1809
13142,8.0303
13143,7.3653
13144,7.6525
13145,6.8136
13146,7.7675
13147,7.8814
13148,5.0985
13149,8.4608
13150,7.5312
13151,7.522
13152,8.1345
13153,8.8518
13154,7.3974
13155,7.4622
13156,7.6379
13157,7.3597
13158,7.807
13159,5.0985
13160,8.0026
13161,7.8051
13162,8.0631
13163,7.3712
13164,7.3168
13165,7.4439
13166,7.6886
13167,7.8741
13168,7.1575
13169,7.8957
13170,7.2601
13171,7.3326
13172,6.3682
13173,5.5368
13174,8.8518
13175,8.1995
13176,8.1425
13177,7.5471
13178,7.626
13179,8.0231
13180,7.6441
13181,7.6212
13182,7.7356
13183,8.3428
13184,7.66
13185,7.6012
13186,8.8518
13187,7.3653
13188,7.9279
13189,7.337
13190,7.4903
13191,7.9389
13192,7.7792
13193,7.3566
13194,7.6323
13195,8.8518
13196,7.7706
13197,8.2449
13198,8.1133
13199,8.2588
13200,7.5013
13201,6.9702
13202,7.9659
13203,7.5591
13204,7.5305
13205,7.6064
13206,8.8518
13207,5.6095
13208,7.3638
13209,7.8513
13210,7.5471
13211,7.3566
13212,8.1441
13213,8.086
13214,7.6012
13215,8.1085
13216,7.5848
13217,7.7523
13218,7.8012
13219,8.0354
13220,7.3913
13221,7.7628
13222,7.3454
13223,7.4423
13224,7.5983
13225,5.0985
13226,9.3089
13227,7.1785
13228,7.3345
13229,7.5077
13230,8.431
13231,7.85
13232,7.6018
13233,7.8475
13234,7.0783
13235,7.861
13236,7.8921
13237,7.2641
13238,8.0364
13239,6.8843
13240,7.2602
13241,7.6018
13242,7.8034
13243,7.6018
13244,6.4651
13245,7.7927
13246,8.2449
13247,8.8777
13248,7.6018
13249,7.3653
13250,7.6018
13251,7.4258
13252,7.3653
13253,5.6095
13254,8.4128
13255,8.2229
13256,9.3089
13257,8.2038
13258,7.7345
13259,7.5554
13260,8.1441
13261,7.7903
13262,7.7349
13263,7.264
13264,7.4649
13265,7.7984
13266,7.8761
13267,7.6887
13268,7.543
13269,7.7484
13270,8.5307
13271,7.5307
13272,7.6018
13273,8.0653
13274,7.6802
13275,7.5966
13276,7.0013
13277,7.4984
13278,7.3127
13279,7.5883
13280,7.6263
13281,7.54
13282,7.7276
13283,8.2606
13284,8.4292
13285,7.6569
13286,8.8518
13287,8.4736
13288,7.7811
13289,7.6767
13290,6.4454
13291,7.9381
13292,8.319
13293,7.742
13294,7.9383
13295,7.8569
13296,8.2315
13297,7.5636
13298,7.1615
13299,7.5013
13300,8.3495
13301,7.8994
13302,7.4238
13303,7.638
13304,7.6018
13305,7.2602
13306,5.0985
13307,7.5429
13308,8.3089
13309,8.6688
13310,7.5176
13311,8.1767
13312,7.4814
13313,8.3562
13314,7.5848
13315,7.3791
13316,7.3884
13317,7.6346
13318,7.4491
13319,8.1674
13320,6.5989
13321,7.3715
13322,8.8518
13323,7.1062
13324,8.5781
13325,7.6676
13326,7.3815
13327,9.0001
13328,7.326
13329,7.8833
13330,7.9693
13331,8.8518
13332,7.3566
13333,7.2891
13334,8.8518
13335,7.4219
13336,7.6397
13337,7.8411
13338,7.3451
13339,7.4562
13340,7.3798
13341,7.7987
13342,7.8435
13343,7.2321
13344,6.3339
13345,7.6168
13346,7.7098
13347,7.2914
13348,7.638
13349,7.2771
13350,7.5471
13351,7.9878
13352,8.0463
13353,6.7011
13354,4.2874
13355,7.5274
13356,8.0157
13357,5.6506
13358,7.2156
13359,7.4679
13360,7.7919
13361,8.4534
13362,7.6937
13363,7.4009
13364,7.5175
13365,7.8455
13366,7.1345
13367,7.8136
13368,7.4036
13369,7.737
13370,7.1437
13371,7.3616
13372,7.9549
13373,8.1807
13374,8.0009
13375,7.4892
13376,7.6401
13377,7.6121
13378,7.821
13379,9.0017
13380,7.395
13381,8.1837
13382,7.4836
13383,7.0636
13384,8.8518
13385,7.1106
13386,7.5482
13387,7.1577
13388,7.7706
13389,7.6018
13390,7.1469
13391,8.0414
13392,7.3676
13393,6.8275
13394,8.193
13395,7.4598
13396,7.4052
13397,7.0172
13398,6.8407
13399,7.5398
13400,7.7285
13401,6.8172
13402,9.3089
13403,5.4897
13404,7.545
13405,8.0417
13406,8.0789
13407,7.1195
13408,7.8166
13409,7.294
13410,7.3222
13411,7.1524
13412,7.3653
13413,7.3178
13414,7.6987
13415,7.4746
13416,8.0231
13417,7.5424
13418,8.8518
13419,7.7091
13420,7.5471
13421,7.9581
13422,7.6018
13423,7.2626
13424,7.5693
13425,7.6018
13426,7.638
13427,7.7175
13428,7.5504
13429,7.6656
13430,7.7115
13431,7.433
13432,7.3509
13433,7.4562
13434,8.6168
13435,6.5005
13436,7.2084
13437,8.6262
13438,5.6506
13439,8.1858
13440,6.4149
13441,7.078
13442,9.0017
13443,7.3807
13444,7.2426
13445,5.6506
13446,7.7189
13447,7.7515
13448,6.9765
13449,7.1772
13450,8.4347
13451,9.0017
13452,7.3985
13453,7.9138
13454,7.3607
13455,7.2602
13456,7.5392
13457,7.8198
13458,7.8783
13459,7.8198
13460,7.4547
13461,7.1607
13462,7.8509
13463,6.9721
13464,8.2257
13465,7.5971
13466,7.5278
13467,7.8941
13468,7.882
13469,7.7804
13470,8.0228
13471,7.2602
13472,6.8715
13473,5.1918
13474,7.0536
13475,7.8569
13476,7.6985
13477,7.8204
13478,9.3089
13479,5.6506
13480,7.8657
13481,7.3392
13482,8.0301
13483,7.6421
13484,7.6018
13485,7.3356
13486,6.9381
13487,6.5594
13488,8.1568
13489,7.0465
13490,6.3486
13491,7.4394
13492,7.6109
13493,7.2602
13494,7.4081
13495,7.4172
13496,6.3694
13497,8.1552
13498,7.3122
13499,8.8518
13500,7.8196
13501,7.2566
13502,5.0985
13503,7.6018
13504,7.6141
13505,7.856
13506,8.4915
13507,7.5556
13508,7.4727
13509,7.5639
13510,8.4292
13511,7.6018
13512,8.8518
13513,7.7482
13514,7.8198
13515,7.6232
13516,7.5787
13517,7.7006
13518,7.7677
13519,7.6018
13520,8.1684
13521,6.2675
13522,7.4522
13523,7.2588
13524,8.2488
13525,7.6075
13526,7.0413
13527,8.2094
13528,7.1695
13529,8.6168
13530,7.5928
13531,7.5632
13532,8.0002
13533,8.2246
13534,7.4331
13535,7.9386
13536,7.5236
13537,7.6018
13538,8.2166
13539,6.9888
13540,7.638
13541,6.8957
13542,6.8512
13543,7.2602
13544,7.9031
13545,7.0636
13546,8.0463
13547,7.5341
13548,7.8636
13549,7.667
13550,8.2389
13551,8.4024
13552,8.8518
13553,7.7511
13554,7.3722
13555,8.2728
13556,6.6206
13557,7.4573
13558,7.6043
13559,7.4338
13560,7.7558
13561,7.4711
13562,8.1886
13563,8.2904
13564,6.9145
13565,7.6804
13566,7.4182
13567,7.5274
13568,7.0921
13569,7.3006
13570,7.8169
13571,7.4769
13572,7.5925
13573,7.3434
13574,8.0015
13575,8.0769
13576,7.6018
13577,8.0339
13578,7.8136
13579,7.712
13580,8.2105
13581,7.8568
13582,6.1809
13583,6.4882
13584,7.4911
13585,7.9381
13586,7.8656
13587,7.8036
13588,7.2602
13589,7.2602
13590,8.2257
13591,8.1868
13592,7.8198
13593,7.1086
13594,7.5277
13595,7.4508
13596,7.4562
13597,7.8198
13598,6.5989
13599,7.5603
13600,7.5139
13601,7.3048
13602,7.7866
13603,8.6252
13604,8.4431
13605,7.5161
13606,7.4618
13607,7.2605
13608,7.9262
13609,7.6522
13610,7.5999
13611,7.4407
13612,6.5305
13613,7.619
13614,6.7658
13615,7.289
13616,7.4542
13617,8.0133
13618,8.4117
13619,7.3653
13620,7.4062
13621,7.4036
13622,7.386
13623,7.224
13624,7.8949
13625,7.5157
13626,7.5947
13627,7.1441
13628,8.05
13629,7.5259
13630,7.8367
13631,7.6018
13632,7.3084
13633,7.5678
13634,7.3582
13635,7.3946
13636,7.7289
13637,7.7437
13638,8.4336
13639,7.6012
13640,7.8718
13641,7.5495
13642,7.0925
13643,8.0636
13644,8.3868
13645,7.4271
13646,7.6018
13647,7.8198
13648,8.1257
13649,7.5917
13650,7.4491
13651,8.0014
13652,7.6934
13653,8.2135
13654,7.9878
13655,8.2837
13656,7.4554
13657,7.2602
13658,6.8715
13659,7.0337
13660,7.6018
13661,7.5336
13662,7.5735
13663,8.1011
13664,7.5723
13665,7.7625
13666,7.5773
13667,8.1997
13668,7.196
13669,7.4786
13670,7.8257
13671,7.6009
13672,8.7713
13673,7.7035
13674,8.8518
13675,7.4714
13676,8.0009
13677,7.5475
13678,7.6682
13679,7.4505
13680,7.6959
13681,7.6018
13682,9.0017
13683,8.0005
13684,7.6229
13685,7.7062
13686,7.812
13687,7.9796
13688,7.6493
13689,7.5471
13690,8.0057
13691,8.0634
13692,8.8518
13693,7.6916
13694,7.8464
13695,7.1682
13696,8.2461
13697,7.5848
13698,7.2101
13699,8.0231
13700,7.1576
13701,7.7515
13702,7.685
13703,7.9878
13704,7.6018
13705,7.5892
13706,7.822
13707,7.7692
13708,7.7927
13709,7.7511
13710,7.2371
13711,7.2515
13712,8.0933
13713,7.6008
13714,9.3089
13715,7.0593
13716,8.175
13717,8.8518
13718,7.6018
13719,7.8814
13720,6.4009
13721,5.6506
13722,7.6018
13723,8.0011
13724,7.7515
13725,7.6472
13726,7.2602
13727,7.3894
13728,7.6018
13729,8.1996
13730,7.4491
13731,6.7784
13732,7.5015
13733,6.8167
13734,7.2321
13735,7.7275
13736,7.9019
13737,7.4446
13738,7.2835
13739,7.7501
13740,7.2204
13741,7.6018
13742,8.1007
13743,7.4562
13744,7.7836
13745,7.3653
13746,7.3566
13747,7.1256
13748,8.0556
13749,5.6095
13750,7.2321
13751,8.0625
13752,8.8518
13753,7.629
13754,8.0057
13755,7.3127
13756,7.8367
13757,7.8045
13758,7.4317
13759,7.9138
13760,7.3526
13761,8.1314
13762,8.2891
13763,7.5386
13764,8.1641
13765,8.1087
13766,7.6232
13767,7.6855
13768,7.3127
13769,7.8339
13770,8.1215
13771,7.4574
13772,7.6883
13773,8.8518
13774,7.3233
13775,7.0774
13776,7.7038
13777,7.4679
13778,7.7928
13779,7.3985
13780,7.4595
13781,7.7951
13782,8.2282
13783,7.926
13784,7.5535
13785,7.895
13786,6.8424
13787,7.6018
13788,7.1345
13789,7.6159
13790,9.0017
13791,7.5099
13792,8.1505
13793,7.6896
13794,6.9449
13795,8.1926
13796,8.2004
13797,7.7228
13798,6.3695
13799,8.1326
13800,6.7784
13801,7.2807
13802,8.0641
13803,7.5077
13804,7.5538
13805,7.4562
13806,8.5334
13807,7.7899
13808,8.8518
13809,7.9878
13810,7.7426
13811,7.5892
13812,7.6534
13813,7.3808
13814,7.4665
13815,7.5818
13816,7.7807
13817,7.2004
13818,8.1372
13819,8.0211
13820,8.3868
13821,8.6688
13822,7.6989
13823,7.8424
13824,8.8518
13825,8.3877
13826,7.638
13827,7.6776
13828,8.8518
13829,8.2951
13830,7.4182
13831,8.0905
13832,7.4182
13833,5.0985
13834,7.8679
13835,7.6986
13836,7.543
13837,7.1343
13838,7.6018
13839,7.5016
13840,7.8022
13841,7.4555
13842,7.3182
13843,7.3211
13844,6.6372
13845,9.4547
13846,7.3509
13847,7.3576
13848,8.2952
13849,7.6214
13850,7.6953
13851,8.2078
13852,8.0194
13853,5.6506
13854,7.7041
13855,9.3089
13856,7.7144
13857,7.5518
13858,7.585
13859,7.5218
13860,8.2611
13861,7.8529
13862,7.2674
13863,6.9345
13864,8.7713
13865,7.4522
13866,7.3607
13867,7.6591
13868,7.8225
13869,7.4553
13870,7.6018
13871,7.2591
13872,7.6018
13873,7.2215
13874,7.4351
13875,7.6529
13876,7.2765
13877,7.1923
13878,7.6091
13879,7.6545
13880,6.4869
13881,7.4081
13882,7.6018
13883,8.8518
13884,7.5848
13885,7.2515
13886,8.6688
13887,6.9595
13888,7.821
13889,6.3682
13890,7.7098
13891,7.3588
13892,7.3376
13893,6.9721
13894,7.273
13895,7.3127
13896,7.6287
13897,7.8367
13898,7.2602
13899,7.1834
13900,7.54
13901,7.8661
13902,7.9584
13903,8.4003
13904,7.4946
13905,7.834
13906,7.6627
13907,7.1343
13908,7.309
13909,8.175
13910,8.0727
13911,7.6441
13912,8.3851
13913,8.0394
13914,7.7289
13915,5.6506
13916,7.7634
13917,8.458
13918,7.5685
13919,7.4629
13920,7.0351
13921,7.3545
13922,7.6018
13923,7.6018
13924,7.549
13925,7.4081
13926,7.9962
13927,7.3621
13928,7.7389
13929,7.9147
13930,7.5842
13931,7.4582
13932,8.263
13933,7.3799
13934,7.6018
13935,7.344
13936,7.9381
13937,7.7903
13938,7.1607
13939,7.0359
13940,8.0015
13941,6.9721
13942,7.6831
13943,7.5077
13944,8.4087
13945,8.0586
13946,8.8518
13947,8.1339
13948,8.287
13949,7.3056
13950,7.3642
13951,7.3976
13952,7.1251
13953,7.6594
13954,7.5077
13955,7.4491
13956,8.0641
13957,7.4629
13958,7.4365
13959,7.9846
13960,7.7218
13961,7.7144
13962,7.1868
13963,7.4211
13964,7.2687
13965,7.6923
13966,6.3686
13967,7.4759
13968,7.8584
13969,7.7289
13970,7.9299
13971,7.5366
13972,9.0017
13973,6.8551
13974,8.1641
13975,8.7414
13976,7.4447
13977,7.6865
13978,7.2602
13979,7.841
13980,7.5077
13981,7.4894
13982,7.5274
13983,7.4456
13984,7.5527
13985,7.4201
13986,7.5427
13987,7.6168
13988,7.1682
13989,7.638
13990,8.4649
13991,7.5727
13992,7.5742
13993,7.8198
13994,7.8895
13995,8.2445
13996,7.653
13997,7.638
13998,8.6089
13999,8.0314
14000,7.5924
14001,8.8518
14002,8.0005
14003,7.1187
14004,7.2602
14005,7.3387
14006,7.5727
14007,7.3054
14008,8.8518
14009,7.6064
14010,7.4909
14011,7.6303
14012,8.1854
14013,7.6927
14014,7.6043
14015,7.2311
14016,7.8624
14017,7.7323
14018,8.0901
14019,7.5727
14020,7.5921
14021,7.5546
14022,8.3194
14023,9.118
14024,7.5471
14025,6.5594
14026,7.3235
14027,7.7785
14028,7.7289
14029,8.0351
14030,7.7482
14031,7.8697
14032,8.0444
14033,7.2602
14034,7.876
14035,7.8584
14036,7.3566
14037,7.6682
14038,6.8935
14039,7.8198
14040,7.6018
14041,7.54
14042,8.01
14043,7.6018
14044,7.8388
14045,7.5305
14046,7.7878
14047,7.1834
14048,7.1898
14049,7.41
14050,8.5011
14051,8.0063
14052,7.5016
14053,7.4766
14054,7.2602
14055,7.824
14056,7.7661
14057,7.1283
14058,8.3167
14059,7.264
14060,8.6688
14061,6.7784
14062,7.8113
14063,8.3855
14064,7.6599
14065,9.3089
14066,7.2602
14067,7.4963
14068,9.0017
14069,7.9165
14070,7.8291
14071,7.0274
14072,7.4718
14073,7.9567
14074,7.8807
14075,7.7696
14076,7.8464
14077,7.6018
14078,7.7531
14079,8.0516
14080,7.4741
14081,7.4949
14082,7.3231
14083,7.5584
14084,7.3322
14085,7.6841
14086,7.5471
14087,7.6257
14088,7.662
14089,8.001
14090,7.6018
14091,7.921
14092,7.2699
14093,7.7181
14094,7.0865
14095,7.6629
14096,8.3207
14097,7.168
14098,7.8604
14099,7.5271
14100,7.7156
14101,7.5888
14102,7.2204
14103,7.5727
14104,7.8058
14105,8.4431
14106,7.1383
14107,7.5446
14108,7.6586
14109,7.6018
14110,7.9173
14111,7.5969
14112,7.4099
14113,7.5848
14114,8.8518
14115,8.0443
14116,7.7289
14117,7.8412
14118,6.9714
14119,7.2602
14120,7.8814
14121,7.7826
14122,7.4126
14123,7.5749
14124,7.1886
14125,7.398
14126,7.3761
14127,7.7706
14128,7.9073
14129,8.3358
14130,7.595
14131,7.4294
14132,7.8807
14133,7.7226
14134,5.4897
14135,8.178
14136,7.6981
14137,8.1837
14138,7.3392
14139,8.0268
14140,7.9743
14141,7.6501
14142,8.5772
14143,7.3991
14144,7.1309
14145,7.5434
14146,8.0015
14147,8.8518
14148,6.9391
14149,7.1775
14150,7.638
14151,7.3653
14152,7.5903
14153,8.8518
14154,8.1926
14155,7.5773
14156,7.8631
14157,8.1504
14158,7.3665
14159,7.6767
14160,9.3089
14161,7.8057
14162,6.7081
14163,8.6168
14164,7.9902
14165,7.5509
14166,7.5386
14167,9.0017
14168,8.5197
14169,7.5558
14170,7.3582
14171,8.193
14172,8.2204
14173,7.5126
14174,8.594
14175,8.3029
14176,7.9787
14177,7.4825
14178,9.3089
14179,7.9644
14180,7.6513
14181,7.2744
14182,7.7317
14183,7.0359
14184,7.4857
14185,7.6018
14186,7.0878
14187,7.5046
14188,7.6018
14189,6.9952
14190,7.5222
14191,7.3564
14192,8.167
14193,7.2558
14194,7.9576
14195,8.478
14196,7.8908
14197,8.037
14198,5.0985
14199,7.5471
14200,7.5593
14201,7.6798
14202,5.4669
14203,8.8518
14204,7.8393
14205,5.6506
14206,7.6018
14207,7.0392
14208,7.9777
14209,5.0985
14210,7.8198
14211,7.8577
14212,7.2515
14213,9.3877
14214,6.7156
14215,7.3348
14216,6.5341
14217,7.4
14218,7.4706
14219,7.2232
14220,7.9943
14221,8.0835
14222,8.0015
14223,7.9422
14224,7.5471
14225,7.4642
14226,8.1312
14227,8.9113
14228,7.3343
14229,7.6018
14230,8.0839
14231,8.2048
14232,7.2602
14233,6.8394
14234,7.6234
14235,7.4433
14236,7.8814
14237,6.3694
14238,7.5995
14239,8.0126
14240,7.3423
14241,6.3228
14242,7.509
14243,8.0012
14244,7.4083
14245,7.2981
14246,7.667
14247,6.8146
14248,7.9652
14249,7.4408
14250,7.9796
14251,7.5383
14252,7.6953
14253,7.5725
14254,7.8224
14255,7.6075
14256,7.1364
14257,9.0017
14258,7.2602
14259,7.7046
14260,8.1926
14261,7.4665
14262,8.136
14263,7.9427
14264,8.0013
14265,7.6831
14266,8.2489
14267,7.9756
14268,7.3906
14269,7.3252
14270,7.4385
14271,8.4259
14272,7.6607
14273,7.3676
14274,7.7261
14275,7.3084
14276,7.4871
14277,8.0458
14278,7.6018
14279,6.9077
14280,7.3543
14281,7.5727
14282,7.5077
14283,7.7644
14284,7.6931
14285,7.6673
14286,8.4431
14287,7.7919
14288,7.3547
14289,6.793
14290,7.6675
14291,7.9878
14292,7.4238
14293,5.9674
14294,7.6607
14295,6.9551
14296,7.638
14297,7.747
14298,7.5409
14299,7.3653
14300,7.6018
14301,8.8518
14302,8.0008
14303,7.1588
14304,7.8214
14305,7.8514
14306,7.4385
14307,7.5848
14308,7.6168
14309,7.5697
14310,7.2495
14311,7.6732
14312,7.2602
14313,7.6176
14314,7.8295
14315,6.6247
14316,7.5682
14317,7.6308
14318,7.6613
14319,7.6018
14320,7.386
14321,7.7517
14322,7.6424
14323,7.0783
14324,7.8198
14325,6.9056
14326,8.6078
14327,7.654
14328,7.5893
14329,6.3737
14330,7.0274
14331,7.7142
14332,7.5124
14333,8.6688
14334,7.5138
14335,8.2072
14336,7.2602
14337,7.3346
14338,8.1057
14339,7.6755
14340,7.5583
14341,7.6948
14342,8.1977
14343,7.6464
14344,7.7478
14345,7.7863
14346,7.8987
14347,7.2958
14348,7.1078
14349,7.6295
14350,7.3244
14351,7.0011
14352,7.3819
14353,5.364
14354,7.465
14355,8.0009
14356,7.5274
14357,7.6425
14358,7.9386
14359,7.8221
14360,8.7713
14361,7.3392
14362,6.066
14363,7.3754
14364,7.531
14365,8.3936
14366,7.4007
14367,7.9183
14368,7.514
14369,8.0015
14370,7.3346
14371,7.6673
14372,7.6018
14373,8.8518
14374,7.7009
14375,7.3942
14376,7.3808
14377,7.428
14378,7.7999
14379,7.5875
14380,7.5177
14381,9.3457
14382,7.5077
14383,7.3167
14384,8.0864
14385,7.6018
14386,6.8466
14387,7.4451
14388,7.4946
14389,7.6729
14390,7.5618
14391,7.8938
14392,8.0386
14393,7.6576
14394,8.8518
14395,7.019
14396,8.154
14397,8.1213
14398,6.9386
14399,7.4616
14400,7.4669
14401,7.1552
14402,7.7289
14403,7.7903
14404,7.3582
14405,7.3787
14406,6.1809
14407,6.3339
14408,7.4835
14409,5.0985
14410,7.9276
14411,7.9138
14412,8.1441
14413,5.0985
14414,7.62
14415,8.6727
14416,7.7367
14417,7.3366
14418,8.9908
14419,7.5345
14420,7.6968
14421,6.6372
14422,7.6263
14423,7.5725
14424,7.6124
14425,7.6018
14426,7.2139
14427,7.1464
14428,7.2289
14429,8.2641
14430,7.3196
14431,7.3086
14432,9.0017
14433,7.2602
14434,7.5773
14435,7.7289
14436,9.2309
14437,7.2157
14438,7.5221
14439,7.7092
14440,8.0572
14441,7.668
14442,8.1521
14443,7.9354
14444,8.8518
14445,7.2602
14446,7.9878
14447,7.3051
14448,7.6261
14449,7.7598
14450,7.6018
14451,7.4485
14452,7.7028
14453,7.4588
14454,7.7624
14455,7.2089
14456,7.8198
14457,7.2156
14458,8.5302
14459,8.1217
14460,7.3062
14461,7.6855
14462,7.3556
14463,7.3584
14464,9.2859
14465,7.8703
14466,7.6886
14467,7.2339
14468,6.9245
14469,7.5471
14470,7.4985
14471,7.7248
14472,7.8348
14473,7.1488
14474,7.6056
14475,7.4562
14476,7.7289
14477,7.2602
14478,7.3348
14479,7.9051
14480,7.9722
14481,7.9038
14482,7.6018
14483,8.41
14484,8.0015
14485,7.7515
14486,9.0017
14487,7.0372
14488,7.5816
14489,7.2602
14490,7.5448
14491,7.3582
14492,9.4547
14493,7.5335
14494,7.51
14495,8.0343
14496,7.5545
14497,6.7928
14498,7.6018
14499,8.008
14500,7.9238
14501,7.4598
14502,7.9011
14503,7.3584
14504,8.1482
14505,7.3653
14506,8.0326
14507,7.9329
14508,7.9503
14509,7.2189
14510,7.0003
14511,7.638
14512,9.0017
14513,7.8198
14514,7.6018
14515,7.7492
14516,7.9038
14517,7.5402
14518,7.423
14519,7.6018
14520,8.1886
14521,7.4036
14522,7.8428
14523,7.607
14524,8.0177
14525,7.9182
14526,7.4185
14527,7.6018
14528,7.4711
14529,7.5075
14530,8.0885
14531,7.7788
14532,7.5597
14533,7.756
14534,7.6018
14535,7.561
14536,8.084
14537,7.2602
14538,8.2449
14539,7.6018
14540,7.3917
14541,7.8515
14542,7.638
14543,8.0827
14544,8.0807
14545,7.8975
14546,7.6018
14547,9.0017
14548,9.3089
14549,7.2602
14550,7.9421
14551,7.4849
14552,6.2241
14553,7.638
14554,6.8343
14555,8.8518
14556,7.9906
14557,7.5587
14558,7.5339
14559,7.1619
14560,6.8017
14561,7.7515
14562,7.1047
14563,7.8443
14564,7.0696
14565,7.4629
14566,8.4431
14567,6.6329
14568,7.3167
14569,7.6018
14570,7.3597
14571,5.6506
14572,7.7707
14573,8.0641
14574,7.2602
14575,7.5077
14576,7.6018
14577,7.5011
14578,6.7744
14579,7.716
14580,7.8814
14581,7.0013
14582,7.703
14583,7.6308
14584,7.4277
14585,7.9674
14586,7.703
14587,8.0932
14588,7.0003
14589,6.6825
14590,7.7839
14591,7.6738
14592,7.0905
14593,7.6186
14594,7.7219
14595,7.2905
14596,7.8502
14597,8.028
14598,7.8065
14599,7.4099
14600,7.5398
14601,6.4717
14602,6.7156
14603,9.0001
14604,9.0001
14605,7.5044
14606,8.5054
14607,7.9444
14608,7.6796
14609,7.7364
14610,8.5268
14611,7.3128
14612,7.7952
14613,7.4317
14614,8.2735
14615,7.2146
14616,7.3653
14617,7.5607
14618,6.8843
14619,7.9308
14620,8.0551
14621,7.5471
14622,7.4629
14623,8.0973
14624,7.6679
14625,7.7648
14626,7.6867
14627,7.4338
14628,6.9632
14629,8.8518
14630,8.2636
14631,7.32
14632,7.6018
14633,7.7381
14634,7.4562
14635,7.6857
14636,7.3653
14637,7.6259
14638,7.2602
14639,7.508
14640,7.6607
14641,7.7952
14642,8.2891
14643,7.7948
14644,7.1256
14645,7.7772
14646,7.6067
14647,7.5305
14648,8.1137
14649,8.349
14650,7.8765
14651,7.5386
14652,8.1641
14653,5.0985
14654,7.2922
14655,7.7515
14656,7.6201
14657,7.6319
14658,7.6931
14659,7.6829
14660,7.5471
14661,8.1926
14662,7.1965
14663,7.7924
14664,8.5819
14665,7.4444
14666,6.8843
14667,7.1682
14668,7.39
14669,7.8348
14670,7.4658
14671,6.8211
14672,7.4574
14673,7.2453
14674,7.8198
14675,9.3089
14676,7.8698
14677,7.6887
14678,5.6506
14679,7.9454
14680,7.3796
14681,7.2602
14682,7.8765
14683,7.2339
14684,8.8518
14685,7.8809
14686,7.6018
14687,7.8193
14688,7.6018
14689,7.9496
14690,8.1648
14691,7.8062
14692,7.8198
14693,7.7515
14694,7.7639
14695,7.6076
14696,7.1453
14697,8.3497
14698,7.6334
14699,7.5408
14700,7.9812
14701,7.5848
14702,7.5398
14703,7.7553
14704,7.8105
14705,6.858
14706,7.7772
14707,7.2356
14708,8.2514
14709,6.8131
14710,7.6682
14711,6.5893
14712,7.6018
14713,7.1895
14714,7.1509
14715,6.3818
14716,7.7289
14717,8.8518
14718,7.8077
14719,8.1198
14720,7.5319
14721,7.3694
14722,7.766
14723,6.7399
14724,7.1465
14725,7.3578
14726,7.4509
14727,7.5682
14728,7.5636
14729,8.4379
14730,7.9038
14731,7.0679
14732,8.8518
14733,7.3676
14734,7.9532
14735,8.1995
14736,7.5073
14737,7.6018
14738,8.1187
14739,7.4036
14740,8.1157
14741,9.0017
14742,7.6937
14743,8.2679
14744,8.8518
14745,7.5408
14746,7.2296
14747,8.8612
14748,7.6163
14749,7.5458
14750,7.5471
14751,8.8518
14752,7.5097
14753,7.8193
14754,7.0444
14755,8.163
14756,7.806
14757,7.6316
14758,8.2709
14759,7.5568
14760,7.4372
14761,7.2602
14762,8.0307
14763,6.7784
14764,7.8983
14765,7.6018
14766,7.7009
14767,7.1502
14768,5.6095
14769,7.0846
14770,7.9038
14771,7.8413
14772,7.2919
14773,7.2641
14774,7.4417
14775,8.3845
14776,8.0685
14777,7.8071
14778,7.3186
14779,7.6018
14780,7.6018
14781,7.738
14782,7.3392
14783,7.4248
14784,8.273
14785,8.2343
14786,7.2456
14787,7.8141
14788,7.6018
14789,7.6018
14790,7.8281
14791,7.6148
14792,7.4
14793,7.8656
14794,7.2735
14795,8.7843
14796,7.6018
14797,7.2983
14798,7.4679
14799,7.5471
14800,6.594
14801,7.4131
14802,7.501
14803,7.2
14804,7.55
14805,7.6018
14806,8.1257
14807,7.3009
14808,7.3566
14809,7.6705
14810,7.6639
14811,7.8249
14812,7.6937
14813,7.7997
14814,5.0985
14815,7.2379
14816,7.8238
14817,8.5242
14818,7.4225
14819,7.9878
14820,7.6719
14821,7.557
14822,7.6029
14823,8.4272
14824,7.0566
14825,7.9674
14826,7.2321
14827,7.2234
14828,7.35
14829,7.7515
14830,7.1677
14831,7.4952
14832,7.638
14833,5.6506
14834,7.7289
14835,8.0683
14836,7.3528
14837,7.527
14838,6.6688
14839,7.4081
14840,7.1969
14841,7.5566
14842,7.2558
14843,7.9245
14844,7.548
14845,7.6245
14846,7.6018
14847,7.9107
14848,8.044
14849,7.5471
14850,7.6923
14851,7.9009
14852,7.1775
14853,7.9345
14854,8.6688
14855,7.7128
14856,7.7719
14857,7.6346
14858,7.6018
14859,7.7207
14860,7.738
14861,7.6475
14862,7.6465
14863,7.4223
14864,5.6095
14865,7.9245
14866,7.6018
14867,7.4491
14868,7.6018
14869,7.8679
14870,7.1844
14871,7.1252
14872,8.1767
14873,8.9908
14874,8.016
14875,7.4572
14876,7.7156
14877,7.3808
14878,7.3348
14879,7.2566
14880,7.8222
14881,6.324
14882,8.6031
14883,7.3392
14884,7.6992
14885,8.0602
14886,7.633
14887,7.5561
14888,7.2315
14889,7.4186
14890,7.8367
14891,7.7511
14892,8.1854
14893,7.6307
14894,7.218
14895,8.5009
14896,7.4356
14897,7.1251
14898,7.8814
14899,7.3759
14900,7.8657
14901,7.668
14902,9.1484
14903,7.6583
14904,7.2848
14905,7.297
14906,7.6142
14907,7.9175
14908,8.1903
14909,8.2634
14910,7.681
14911,7.2602
14912,7.6018
14913,7.6263
14914,7.5471
14915,7.6947
14916,7.3348
14917,7.9125
14918,7.4182
14919,7.1343
14920,7.9038
14921,9.0291
14922,7.7515
14923,7.0068
14924,7.9434
14925,7.2602
14926,8.2124
14927,7.3566
14928,7.6513
14929,7.9513
14930,7.6018
14931,7.7741
14932,8.8518
14933,7.723
14934,7.4376
14935,4.2874
14936,7.2156
14937,7.5338
14938,7.6018
14939,7.7747
14940,8.8518
14941,7.5269
14942,7.1356
14943,6.8172
14944,7.6018
14945,7.7156
14946,8.385
14947,7.638
14948,7.5872
14949,8.4087
14950,8.2586
14951,7.3829
14952,7.6682
14953,7.4889
14954,8.8518
14955,7.2353
14956,7.6908
14957,7.4927
14958,7.744
14959,7.2602
14960,7.4642
14961,7.6393
14962,7.6018
14963,8.8518
14964,8.2636
14965,7.8414
14966,8.0305
14967,7.9103
14968,7.5077
14969,7.6018
14970,7.5287
14971,7.6168
14972,6.9908
14973,7.5345
14974,8.0636
14975,7.4939
14976,7.8762
14977,7.6267
14978,6.7293
14979,7.9068
14980,7.8789
14981,7.5525
14982,7.806
14983,7.9992
14984,7.9743
14985,7.6555
14986,7.6531
14987,8.385
14988,7.2454
14989,7.4671
14990,8.8518
14991,8.0514
14992,7.9136
14993,7.0012
14994,7.9791
14995,7.7339
14996,7.5667
14997,7.482
14998,7.8348
14999,7.0637
15000,7.7228
15001,8.8523
15002,7.2602
15003,7.4379
15004,7.1168
15005,7.8941
15006,7.7706
15007,7.7022
15008,7.6435
15009,7.8745
15010,5.1918
15011,7.8785
15012,7.2168
15013,7.9878
15014,7.6057
15015,8.0667
15016,7.9381
15017,7.8983
15018,7.7294
15019,7.3042
15020,7.4551
15021,7.5957
15022,7.305
15023,8.7691
15024,7.5186
15025,7.8036
15026,7.7554
15027,6.9148
15028,8.6352
15029,7.9605
15030,9.0017
15031,8.8518
15032,7.6937
15033,8.0469
15034,7.2869
15035,7.4397
15036,8.2754
15037,8.1261
15038,7.6629
15039,7.8273
15040,7.5636
15041,7.8413
15042,8.8518
15043,8.8518
15044,7.6416
15045,8.1641
15046,7.5696
15047,7.3084
15048,7.5599
15049,7.641
15050,7.6054
15051,7.3566
15052,7.6018
15053,7.6018
15054,7.6894
15055,7.2473
15056,7.35
15057,7.6168
15058,7.6876
15059,9.0922
15060,5.0985
15061,7.7339
15062,7.9138
15063,7.4407
15064,7.7289
15065,7.806
15066,7.0536
15067,7.6259
15068,7.4182
15069,7.6205
15070,7.8348
15071,7.638
15072,8.0783
15073,7.3653
15074,7.5471
15075,6.9903
15076,7.5319
15077,7.4268
15078,7.2602
15079,7.0325
15080,7.7515
15081,7.5467
15082,7.287
15083,7.2602
15084,7.9422
15085,8.0599
15086,8.4804
15087,7.4304
15088,7.4447
15089,7.3584
15090,7.1775
15091,7.3651
15092,7.6558
15093,7.8125
15094,7.2578
15095,8.2183
15096,7.4411
15097,7.2744
15098,8.4478
15099,8.5902
15100,7.4165
15101,7.2965
15102,7.5776
15103,7.4009
15104,7.6682
15105,8.3062
15106,7.4876
15107,7.7591
15108,6.6372
15109,7.2004
15110,7.4315
15111,7.5077
15112,7.6471
15113,7.9779
15114,7.4444
15115,8.6158
15116,7.2602
15117,6.1809
15118,5.0985
15119,6.9889
15120,8.8518
15121,7.7268
15122,7.6018
15123,7.1766
15124,8.2951
15125,7.0892
15126,7.0494
15127,7.5848
15128,7.4454
15129,7.4423
15130,7.66
15131,7.4466
15132,7.8604
15133,6.7937
15134,7.8407
15135,7.1834
15136,7.6018
15137,7.2602
15138,8.0721
15139,7.184
15140,6.2507
15141,7.8146
15142,8.8518
15143,8.8518
15144,7.5158
15145,7.7503
15146,7.6018
15147,7.543
15148,7.7172
15149,8.042
15150,7.8941
15151,7.8656
15152,8.8518
15153,6.6372
15154,7.3942
15155,7.932
15156,8.1509
15157,8.0807
15158,7.3429
15159,7.6018
15160,7.8949
15161,7.787
15162,8.7665
15163,7.7755
15164,7.6886
15165,8.2391
15166,7.7628
15167,8.6348
15168,7.6018
15169,7.7723
15170,7.7268
15171,7.7289
15172,8.8518
15173,7.1682
15174,7.2602
15175,7.6083
15176,7.8679
15177,7.5471
15178,7.9068
15179,7.7105
15180,7.9345
15181,8.1827
15182,9.3426
15183,7.8012
15184,7.1707
15185,8.5004
15186,8.5305
15187,7.7743
15188,7.8367
15189,8.4973
15190,6.6124
15191,7.6168
15192,7.4099
15193,8.4365
15194,7.6018
15195,7.5893
15196,8.8518
15197,7.1619
15198,7.3876
15199,7.4046
15200,6.9399
15201,6.5613
15202,7.6959
15203,7.2876
15204,7.4036
15205,7.2218
15206,7.6075
15207,7.6018
15208,7.5015
15209,7.7505
15210,6.6257
15211,7.4573
15212,7.1626
15213,8.3009
15214,7.8957
15215,8.0629
15216,7.2377
15217,8.569
15218,7.5463
15219,8.621
15220,9.4326
15221,8.0932
15222,7.9386
15223,7.8091
15224,8.0102
15225,9.4326
15226,7.4903
15227,7.386
15228,7.7144
15229,8.497
15230,6.8167
15231,7.4992
15232,7.5752
15233,7.7723
15234,7.3751
15235,7.7289
15236,7.8409
15237,8.0011
15238,7.7569
15239,7.1259
15240,7.8807
15241,7.6018
15242,8.042
15243,7.4052
15244,7.426
15245,7.5665
15246,7.7511
15247,7.2204
15248,7.1772
15249,7.4429
15250,7.8443
15251,7.8401
15252,7.8902
15253,7.8198
15254,7.638
15255,7.6018
15256,7.1575
15257,8.0056
15258,7.4454
15259,7.7046
15260,7.1934
15261,7.7148
15262,6.4407
15263,7.4845
15264,7.4194
15265,8.7461
15266,7.258
15267,7.3305
15268,6.0364
15269,7.8091
15270,7.9987
15271,8.311
15272,7.7515
15273,7.9796
15274,7.9145
15275,7.6152
15276,7.5848
15277,7.4777
15278,7.3051
15279,9.0017
15280,7.6018
15281,7.2466
15282,7.6291
15283,7.2079
15284,7.738
15285,7.6758
15286,7.5435
15287,7.4866
15288,7.3451
15289,7.2833
15290,7.9136
15291,7.9877
15292,7.3582
15293,7.6931
15294,7.2321
15295,7.5009
15296,8.0551
15297,7.5727
15298,7.54
15299,7.5893
15300,7.4
15301,8.0281
15302,8.8518
15303,7.6018
15304,7.6121
15305,7.6009
15306,7.5244
15307,8.1085
15308,7.3509
15309,8.8518
15310,7.5471
15311,7.3136
15312,7.8829
15313,7.3316
15314,7.8696
15315,7.1441
15316,7.3817
15317,7.5728
15318,7.0013
15319,7.1841
15320,7.5471
15321,7.494
15322,7.3374
15323,8.1207
15324,9.0017
15325,7.0015
15326,8.3513
15327,6.8417
15328,8.8518
15329,7.2602
15330,7.3446
15331,7.5447
15332,8.8518
15333,7.3787
15334,8.0636
15335,8.4867
15336,7.5345
15337,8.1276
15338,8.2072
15339,8.0576
15340,7.5787
15341,7.6018
15342,9.2859
15343,8.1926
15344,7.3268
15345,7.274
15346,8.8518
15347,7.1588
15348,7.5058
15349,7.6367
15350,7.9376
15351,7.7149
15352,6.5719
15353,7.5225
15354,7.3653
15355,7.8173
15356,7.2012
15357,7.5398
15358,7.5559
15359,7.9877
15360,9.3457
15361,7.5925
15362,9.3089
15363,7.5891
15364,7.4902
15365,7.8911
15366,7.3057
15367,7.5982
15368,7.8367
15369,7.6441
15370,7.5471
15371,8.2183
15372,7.7289
15373,7.5789
15374,7.3535
15375,7.2356
15376,7.5725
15377,7.6
15378,7.4422
15379,7.8491
15380,7.5439
15381,7.3136
15382,8.1338
15383,7.6286
15384,7.2667
15385,7.4069
15386,7.8588
15387,7.3653
15388,7.8807
15389,7.6066
15390,8.1701
15391,7.2269
15392,7.9878
15393,7.5408
15394,8.243
15395,8.8518
15396,7.5077
15397,8.8518
15398,6.7809
15399,8.0261
15400,7.9036
15401,7.2686
15402,5.1918
15403,7.0566
15404,7.6027
15405,7.7856
15406,7.5471
15407,7.7289
15408,7.5475
15409,8.3433
15410,7.399
15411,7.6018
15412,7.5013
15413,8.193
15414,8.0316
15415,7.5977
15416,7.1627
15417,5.1918
15418,8.456
15419,7.9422
15420,8.1732
15421,7.5282
15422,7.8624
15423,7.5848
15424,8.3017
15425,8.0405
15426,7.909
15427,7.3942
15428,7.9386
15429,7.7431
15430,7.7264
15431,7.5593
15432,7.6349
15433,7.8034
15434,7.6033
15435,7.583
15436,7.6488
15437,7.3653
15438,7.2602
15439,7.8348
15440,7.738
15441,7.638
15442,7.4902
15443,7.2924
15444,7.1345
15445,7.5799
15446,7.8348
15447,4.2874
15448,7.6745
15449,7.7289
15450,8.479
15451,8.8518
15452,7.8787
15453,7.6018
15454,7.7077
15455,7.3516
15456,7.5318
15457,6.3322
15458,6.1864
15459,7.6018
15460,7.2602
15461,7.4898
15462,7.8765
15463,7.8198
15464,8.0332
15465,7.4482
15466,8.1911
15467,7.3584
15468,7.9149
15469,8.0002
15470,5.6506
15471,7.6682
15472,7.7491
15473,7.5994
15474,6.3686
15475,7.3091
15476,7.8834
15477,7.0009
15478,5.0985
15479,6.5191
15480,7.9461
15481,8.0724
15482,7.4107
15483,7.607
15484,8.2367
15485,7.1187
15486,7.7282
15487,6.2803
15488,7.5471
15489,7.5753
15490,7.8727
15491,7.6151
15492,7.4185
15493,8.0069
15494,7.6018
15495,8.0292
15496,7.487
15497,7.5167
15498,7.8348
15499,7.4455
15500,5.0985
15501,7.6682
15502,7.6673
15503,7.3566
15504,7.5761
15505,6.2617
15506,7.6641
15507,7.6055
15508,7.5848
15509,8.1195
15510,7.6308
15511,7.6018
15512,7.2629
15513,7.4052
15514,8.0826
15515,7.5305
15516,6.4963
15517,8.1372
15518,7.4036
15519,7.5345
15520,8.3255
15521,6.2213
15522,7.8941
15523,8.8518
15524,7.2602
15525,8.0457
15526,7.8474
15527,7.638
15528,7.7289
15529,7.1913
15530,7.6213
15531,7.512
15532,7.2339
15533,7.3566
15534,7.2602
15535,7.1149
15536,7.3985
15537,7.54
15538,7.7328
15539,7.6654
15540,7.0178
15541,6.8254
15542,7.4024
15543,7.6018
15544,6.6174
15545,7.526
15546,6.8126
15547,8.4426
15548,7.7904
15549,7.4562
15550,7.2385
15551,7.7515
15552,6.8594
15553,7.6677
15554,7.3929
15555,7.9809
15556,7.5077
15557,7.7828
15558,7.2602
15559,7.3345
15560,7.8084
15561,7.3957
15562,7.7324
15563,7.806
15564,7.3536
15565,7.6658
15566,7.7919
15567,8.2891
15568,7.5015
15569,7.6018
15570,7.4929
15571,7.6018
15572,7.3689
15573,7.3782
15574,7.2321
15575,7.9271
15576,7.7148
15577,7.7597
15578,7.3942
15579,7.8945
15580,7.2602
15581,8.8518
15582,8.8518
15583,8.7296
15584,7.5925
15585,7.6276
15586,7.9891
15587,8.1988
15588,8.2262
15589,5.9674
15590,7.548
15591,7.3826
15592,7.4491
15593,7.9277
15594,7.5398
15595,7.559
15596,7.6876
15597,7.6018
15598,6.9644
15599,7.6802
15600,7.6799
15601,7.2057
15602,5.4669
15603,7.386
15604,7.4642
15605,7.8058
15606,7.8256
15607,8.6688
15608,8.1051
15609,7.5077
15610,8.1584
15611,7.9525
15612,8.0907
15613,7.5004
15614,7.6435
15615,8.3433
15616,7.8608
15617,7.2009
15618,7.4562
15619,7.2321
15620,7.5043
15621,7.6018
15622,8.2904
15623,7.486
15624,8.2449
15625,7.4182
15626,7.6018
15627,7.7434
15628,7.9651
15629,9.3089
15630,8.2315
15631,7.7284
15632,6.7345
15633,8.1749
15634,7.1644
15635,8.0009
15636,7.1974
15637,8.0823
15638,8.0475
15639,7.2115
15640,8.9038
15641,7.6827
15642,7.7954
15643,7.6844
15644,8.2271
15645,7.0877
15646,7.9633
15647,7.6442
15648,8.1749
15649,7.6051
15650,6.6526
15651,8.7003
15652,7.6018
15653,8.2183
15654,7.5004
15655,7.8516
15656,7.2944
15657,7.9482
15658,7.9862
15659,7.381
15660,7.7148
15661,7.1772
15662,7.9056
15663,8.2564
15664,7.8533
15665,7.2066
15666,7.7409
15667,8.6989
15668,7.3343
15669,8.0291
15670,7.5848
15671,8.3662
15672,6.0915
15673,7.9516
15674,7.4562
15675,7.5893
15676,7.2124
15677,7.5345
15678,7.5558
15679,7.4518
15680,7.386
15681,8.168
15682,7.5671
15683,7.6493
15684,7.5848
15685,7.5662
15686,7.5412
15687,7.7955
15688,7.3327
15689,6.8846
15690,7.6079
15691,7.4665
15692,8.001
15693,8.001
15694,7.564
15695,8.0012
15696,7.4454
15697,7.8841
15698,7.4629
15699,6.8715
15700,7.4562
15701,8.0721
15702,7.7285
15703,7.806
15704,8.3599
15705,7.653
15706,7.7686
15707,5.6506
15708,7.386
15709,7.6018
15710,8.175
15711,7.7289
15712,6.5834
15713,7.5297
15714,8.1195
15715,7.945
15716,8.2257
15717,7.2602
15718,7.5034
15719,7.4893
15720,9.3457
15721,7.2012
15722,7.7434
15723,7.2673
15724,7.2213
15725,7.2095
15726,8.2449
15727,7.5398
15728,8.0727
15729,9.06
15730,7.4765
15731,8.3361
15732,7.7048
15733,7.3653
15734,7.7607
15735,7.4973
15736,7.5014
15737,7.638
15738,7.9327
15739,8.8518
15740,7.345
15741,8.0008
15742,7.5516
15743,8.6688
15744,8.1168
15745,7.3372
15746,7.2602
15747,7.463
15748,7.3084
15749,7.6263
15750,7.8348
15751,7.4081
15752,8.4619
15753,7.6852
15754,7.5471
15755,8.1677
15756,7.6992
15757,6.8266
15758,7.6617
15759,6.774
15760,6.6372
15761,7.422
15762,7.2602
15763,7.5759
15764,7.7029
15765,7.287
15766,6.6692
15767,7.6237
15768,7.1929
15769,8.1995
15770,6.7688
15771,7.5269
15772,7.7345
15773,7.5167
15774,7.5055
15775,7.7151
15776,7.3094
15777,8.0855
15778,8.8518
15779,7.5574
15780,7.5594
15781,7.5058
15782,8.1995
15783,7.3195
15784,7.2214
15785,7.7515
15786,7.7677
15787,7.0566
15788,7.2057
15789,7.1473
15790,7.5636
15791,7.3494
15792,7.7559
15793,7.3653
15794,7.6909
15795,7.6629
15796,7.1277
15797,7.7648
15798,8.3079
15799,8.1207
15800,4.2874
15801,7.5956
15802,8.2616
15803,8.8518
15804,7.851
15805,8.7296
15806,7.2602
15807,7.7289
15808,8.1013
15809,8.8518
15810,7.4629
15811,7.7752
15812,7.6484
15813,8.7665
15814,7.763
15815,8.3433
15816,7.3566
15817,7.7703
15818,8.1995
15819,7.1682
15820,7.407
15821,7.3382
15822,7.9291
15823,8.4431
15824,8.7103
15825,7.4128
15826,7.3438
15827,7.9742
15828,8.6352
15829,7.5398
15830,8.2703
15831,7.3886
15832,8.1198
15833,7.9215
15834,8.0009
15835,7.8198
15836,7.3336
15837,9.3457
15838,7.2602
15839,7.6289
15840,7.8502
15841,7.722
15842,8.3288
15843,7.0014
15844,8.2275
15845,8.2014
15846,7.2602
15847,7.6257
15848,7.3757
15849,7.5474
15850,8.3605
15851,8.8518
15852,7.6602
15853,7.8983
15854,7.2983
15855,7.1552
15856,7.6624
15857,7.0441
15858,7.4804
15859,7.2744
15860,7.5801
15861,7.3623
15862,7.3853
15863,7.496
15864,7.6079
15865,7.3653
15866,7.6018
15867,7.6646
15868,7.894
15869,7.6018
15870,8.431
15871,7.6937
15872,8.6196
15873,7.3891
15874,8.0775
15875,7.6958
15876,7.7511
15877,6.5719
15878,8.0015
15879,7.9878
15880,7.7276
15881,7.3556
15882,7.8949
15883,7.2459
15884,7.5225
15885,7.6168
15886,8.0176
15887,7.3392
15888,7.6965
15889,7.2602
15890,7.9454
15891,7.5183
15892,7.6018
15893,7.638
15894,6.9299
15895,7.6798
15896,7.4307
15897,7.7515
15898,6.2241
15899,8.8518
15900,7.8104
15901,7.5848
15902,7.1537
15903,7.9299
15904,7.9878
15905,7.512
15906,8.0679
15907,9.0017
15908,7.5077
15909,7.4085
15910,8.2226
15911,7.6327
15912,7.9394
15913,7.3935
15914,7.4924
15915,8.1568
15916,7.6531
15917,6.6736
15918,7.759
15919,8.175
15920,7.1619
15921,8.5189
15922,7.1179
15923,7.6039
15924,9.1114
15925,8.0015
15926,8.086
15927,7.7321
15928,7.6487
15929,7.125
15930,7.7635
15931,7.5405
15932,7.9805
15933,7.2602
15934,7.5524
15935,7.7289
15936,7.6018
15937,7.9353
15938,7.6436
15939,8.3937
15940,9.0922
15941,7.4491
15942,6.2241
15943,7.5471
15944,7.6018
15945,8.1988
15946,7.6937
15947,5.4669
15948,7.8034
15949,8.3347
15950,8.3227
15951,8.0866
15952,7.245
15953,7.1509
15954,7.585
15955,7.8754
15956,8.431
15957,7.2712
15958,7.9636
15959,7.5471
15960,5.6506
15961,7.5345
15962,7.7023
15963,7.6399
15964,7.8104
15965,7.5502
15966,5.6506
15967,7.5033
15968,7.8455
15969,7.0865
15970,7.6511
15971,7.8003
15972,7.2713
15973,6.5721
15974,8.3507
15975,8.0003
15976,8.3338
15977,7.9174
15978,7.929
15979,7.7799
15980,7.7345
15981,7.5345
15982,7.6018
15983,7.9122
15984,7.686
15985,7.7658
15986,7.5902
15987,7.0485
15988,7.6856
15989,7.9307
15990,7.4234
15991,8.2381
15992,7.5826
15993,8.7296
15994,7.6018
15995,8.3127
15996,6.8017
15997,7.52
15998,7.2602
15999,7.2602
16000,7.3653
16001,7.6018
16002,7.2924
16003,7.1125
16004,8.2257
16005,7.8864
16006,7.2828
16007,7.54
16008,8.1149
16009,8.4431
16010,7.7196
16011,7.3653
16012,6.7038
16013,8.2234
16014,7.7941
16015,8.175
16016,7.6849
16017,7.7503
16018,7.0877
16019,8.1926
16020,8.068
16021,7.283
16022,7.4639
16023,7.4629
16024,7.5561
16025,7.2933
16026,5.6506
16027,7.57
16028,7.3653
16029,7.5676
16030,8.8518
16031,8.101
16032,7.1772
16033,7.7165
16034,7.4973
16035,7.3442
16036,7.638
16037,7.1251
16038,8.8518
16039,7.5178
16040,7.624
16041,8.8518
16042,7.6018
16043,7.2673
16044,7.5799
16045,8.1736
16046,7.7786
16047,7.0846
16048,6.9397
16049,7.2657
16050,7.4491
16051,7.3765
16052,7.6681
16053,7.638
16054,7.8945
16055,7.7064
16056,7.5848
16057,7.7289
16058,7.2701
16059,7.6018
16060,7.1466
16061,7.9785
16062,6.8885
16063,7.7133
16064,7.4036
16065,8.0566
16066,7.877
16067,7.2602
16068,7.3544
16069,5.1918
16070,7.4081
16071,6.6372
16072,7.5294
16073,7.8673
16074,7.3686
16075,7.6698
16076,7.6126
16077,7.566
16078,7.5004
16079,8.8518
16080,7.8448
16081,6.1809
16082,7.9216
16083,5.0985
16084,7.4225
16085,7.7882
16086,7.638
16087,7.8249
16088,7.3761
16089,7.7345
16090,8.1048
16091,8.0641
16092,7.6435
16093,7.6018
16094,7.8191
16095,8.4259
16096,7.6018
16097,7.6646
16098,7.7418
16099,8.0093
16100,7.6682
16101,7.3857
16102,7.7289
16103,8.8518
16104,7.1725
16105,7.4642
16106,6.8715
16107,7.3093
16108,8.3578
16109,8.0011
16110,6.6934
16111,6.3686
16112,8.2765
16113,7.5077
16114,8.8518
16115,7.4798
16116,7.5305
16117,8.1003
16118,8.1312
16119,7.5463
16120,7.5848
16121,7.5584
16122,7.6996
16123,7.54
16124,7.5077
16125,7.7345
16126,7.4924
16127,7.7515
16128,8.8777
16129,8.0725
16130,7.8679
16131,8.1732
16132,7.7484
16133,7.6229
16134,7.9006
16135,8.0608
16136,6.7982
16137,7.3661
16138,8.0006
16139,7.46
16140,8.1154
16141,7.6018
16142,7.9558
16143,8.0004
16144,7.6776
16145,7.8198
16146,6.4869
16147,7.2035
16148,8.3562
16149,8.8518
16150,7.9537
16151,7.6161
16152,7.5145
16153,8.0785
16154,8.594
16155,7.8594
16156,8.6688
16157,7.4946
16158,7.9138
16159,7.3642
16160,7.5009
16161,7.6682
16162,6.6058
16163,8.0551
16164,7.2509
16165,7.6679
16166,7.2602
16167,7.9908
16168,8.8518
16169,7.7091
16170,9.2309
16171,7.5077
16172,7.7753
16173,8.0015
16174,8.2343
16175,7.5003
16176,6.7248
16177,7.9749
16178,7.5583
16179,7.6
16180,7.8584
16181,7.7437
16182,8.4386
16183,7.4928
16184,8.8518
16185,7.4378
16186,7.2918
16187,6.8843
16188,7.5925
16189,7.1251
16190,8.0917
16191,7.5299
16192,8.274
16193,7.6018
16194,7.9562
16195,7.3645
16196,7.3985
16197,7.5083
16198,7.4642
16199,7.9096
16200,6.1672
16201,7.4021
16202,7.6623
16203,7.9074
16204,7.6283
16205,7.8314
16206,7.8546
16207,7.5944
16208,8.4226
16209,7.6018
16210,6.958
16211,7.2144
16212,7.2352
16213,7.4562
16214,7.5357
16215,7.3426
16216,9.0017
16217,7.6569
16218,8.0015
16219,8.1641
16220,7.54
16221,7.7115
16222,7.9136
16223,7.8383
16224,6.8715
16225,7.8094
16226,7.7979
16227,7.5973
16228,7.5398
16229,7.4866
16230,7.6679
16231,7.6303
16232,7.6698
16233,7.3679
16234,7.2231
16235,7.2012
16236,7.6018
16237,8.0437
16238,7.787
16239,7.8007
16240,7.7426
16241,7.8341
16242,7.9009
16243,7.6834
16244,7.7017
16245,7.8407
16246,7.386
16247,7.6863
16248,7.6862
16249,7.6905
16250,5.9674
16251,7.0829
16252,7.6313
16253,7.8391
16254,8.0961
16255,7.4531
16256,7.8198
16257,8.2257
16258,7.4059
16259,8.0641
16260,7.4929
16261,7.7229
16262,7.3578
16263,8.048
16264,8.1009
16265,7.5967
16266,7.5783
16267,7.3748
16268,7.82
16269,7.4491
16270,8.273
16271,7.7454
16272,7.9594
16273,7.7193
16274,7.3985
16275,6.5005
16276,7.7443
16277,7.5092
16278,6.9509
16279,7.7628
16280,5.6506
16281,5.0985
16282,7.8482
16283,7.3182
16284,7.251
16285,8.8518
16286,7.0011
16287,7.2022
16288,7.5925
16289,7.8491
16290,7.8473
16291,5.0985
16292,7.4642
16293,8.1995
16294,7.127
16295,7.1682
16296,7.5889
16297,7.7926
16298,7.7156
16299,7.3167
16300,7.7839
16301,7.5702
16302,7.6018
16303,7.205
16304,7.8727
16305,6.8407
16306,7.8082
16307,7.4292
16308,7.9948
16309,7.4806
16310,7.3566
16311,8.1404
16312,7.6435
16313,6.0364
16314,7.3566
16315,7.8871
16316,8.5009
16317,8.2257
16318,8.7044
16319,7.5015
16320,7.3348
16321,7.5925
16322,8.009
16323,7.3585
16324,6.6012
16325,6.1809
16326,8.175
16327,7.9796
16328,7.6018
16329,8.0901
16330,6.7867
16331,7.6678
16332,9.4326
16333,8.4087
16334,7.6018
16335,7.2651
16336,7.8864
16337,7.5854
16338,7.4771
16339,7.6018
16340,7.391
16341,8.4259
16342,7.1831
16343,7.6937
16344,8.0014
16345,7.5954
16346,7.4017
16347,7.3129
16348,8.3289
16349,7.5923
16350,7.2602
16351,7.6018
16352,7.3653
16353,7.6791
16354,8.6688
16355,7.6263
16356,7.6018
16357,7.3255
16358,9.3089
16359,7.3765
16360,6.9345
16361,8.0721
16362,7.3985
16363,7.1886
16364,5.0985
16365,7.3756
16366,7.7515
16367,8.0012
16368,6.7784
16369,7.4046
16370,8.1683
16371,7.5843
16372,8.2836
16373,7.5848
16374,7.9673
16375,7.6018
16376,6.691
16377,7.8185
16378,7.5077
16379,8.8518
16380,7.7742
16381,7.6018
16382,8.0203
16383,8.6688
16384,7.4491
16385,8.4807
16386,7.6018
16387,7.3467
16388,5.6506
16389,7.638
16390,8.3382
16391,8.5933
16392,6.7924
16393,7.5523
16394,8.7445
16395,7.2602
16396,8.3294
16397,8.7003
16398,7.6018
16399,7.5471
16400,7.7082
16401,7.4491
16402,7.6065
16403,7.2538
16404,7.5015
16405,8.0584
16406,7.5435
16407,7.6018
16408,7.5398
16409,7.5374
16410,8.6402
16411,7.6018
16412,8.8518
16413,7.3566
16414,5.0985
16415,7.4657
16416,8.8518
16417,8.1085
16418,8.6688
16419,7.5463
16420,7.79
16421,7.6328
16422,7.3448
16423,7.3616
16424,6.6012
16425,4.2874
16426,7.3628
16427,7.6018
16428,8.4407
16429,9.0017
16430,7.5015
16431,7.6018
16432,7.9974
16433,7.9001
16434,7.3853
16435,7.5201
16436,7.5554
16437,7.6196
16438,8.3551
16439,6.9182
16440,6.6012
16441,7.406
16442,8.1795
16443,7.3348
16444,8.1161
16445,7.6694
16446,8.2183
16447,9.0017
16448,7.5015
16449,8.4132
16450,7.9238
16451,6.0463
16452,7.2744
16453,7.5594
16454,7.638
16455,7.0706
16456,8.2449
16457,7.5015
16458,7.5443
16459,8.1858
16460,8.7713
16461,7.4397
16462,6.8136
16463,7.752
16464,7.3231
16465,7.638
16466,5.1918
16467,7.477
16468,8.1995
16469,7.6758
16470,7.4385
16471,7.0007
16472,8.1121
16473,7.3852
16474,7.8899
16475,7.6018
16476,9.0017
16477,7.3345
16478,7.4182
16479,5.6095
16480,8.1154
16481,8.154
16482,7.5623
16483,7.2602
16484,7.8236
16485,8.0194
16486,7.5562
16487,7.5077
16488,8.5273
16489,7.441
16490,8.8523
16491,7.6852
16492,7.638
16493,7.8204
16494,7.7162
16495,7.8475
16496,7.5803
16497,7.5234
16498,8.3061
16499,7.4182
16500,8.3127
16501,7.9912
16502,7.3566
16503,7.429
16504,7.385
16505,7.4225
16506,8.0041
16507,9.3877
16508,7.2602
16509,7.6018
16510,8.048
16511,8.1956
16512,8.2355
16513,8.0015
16514,8.1941
16515,7.6018
16516,8.1854
16517,7.8475
16518,7.5721
16519,7.3021
16520,7.2602
16521,8.0729
16522,7.2673
16523,7.6526
16524,7.5475
16525,7.9403
16526,7.6539
16527,7.6679
16528,7.5421
16529,7.6018
16530,7.6391
16531,7.6912
16532,8.1768
16533,7.4622
16534,7.7962
16535,7.3108
16536,7.9795
16537,7.5723
16538,6.0364
16539,7.5427
16540,8.1187
16541,7.8475
16542,7.1225
16543,8.5228
16544,7.6018
16545,7.4009
16546,7.8034
16547,7.6896
16548,8.5463
16549,7.416
16550,7.6054
16551,7.3582
16552,8.8518
16553,5.0985
16554,7.7405
16555,7.7364
16556,7.3897
16557,7.8012
16558,7.5711
16559,7.6024
16560,8.2904
16561,7.1986
16562,7.8254
16563,7.6018
16564,7.8198
16565,7.5174
16566,7.5077
16567,8.0943
16568,6.4149
16569,7.8198
16570,7.5144
16571,7.254
16572,6.4591
16573,7.0391
16574,7.498
16575,7.3269
16576,7.4562
16577,8.8855
16578,7.6018
16579,7.9777
16580,7.4408
16581,8.1948
16582,8.8518
16583,7.8604
16584,8.6688
16585,7.3844
16586,7.7839
16587,7.7289
16588,7.9661
16589,7.6931
16590,7.2009
16591,7.7396
16592,7.4128
16593,8.3717
16594,7.6018
16595,7.9912
16596,7.8198
16597,7.4562
16598,7.4186
16599,7.8335
16600,8.6688
16601,8.3509
16602,7.4317
16603,6.8843
16604,7.9373
16605,7.2602
16606,7.8948
16607,7.5398
16608,7.3535
16609,7.2975
16610,8.058
16611,7.5432
16612,7.1575
16613,8.2582
16614,7.0644
16615,7.1665
16616,7.3584
16617,7.6242
16618,7.6913
16619,7.7144
16620,7.6018
16621,7.2679
16622,8.6161
16623,7.4877
16624,7.4844
16625,8.3826
16626,7.8941
16627,7.7496
16628,8.2953
16629,7.8198
16630,7.3851
16631,6.6382
16632,8.1529
16633,7.3357
16634,7.7836
16635,7.7338
16636,7.5398
16637,7.5016
16638,7.6066
16639,7.8036
16640,6.8027
16641,7.9422
16642,7.2832
16643,7.5198
16644,9.0001
16645,7.7141
16646,7.4617
16647,7.8657
16648,7.1834
16649,7.4245
16650,7.4642
16651,7.4622
16652,7.5077
16653,7.4012
16654,7.1913
16655,7.0942
16656,7.3626
16657,8.8518
16658,7.5789
16659,8.6688
16660,7.9438
16661,7.5117
16662,7.3899
16663,7.9878
16664,7.7018
16665,8.8518
16666,7.6836
16667,7.6789
16668,7.1878
16669,7.0124
16670,7.7249
16671,7.1772
16672,7.9711
16673,7.638
16674,7.8475
16675,7.7
16676,7.2602
16677,7.7289
16678,7.6712
16679,7.5893
16680,7.8809
16681,7.521
16682,7.2602
16683,7.7154
16684,8.1339
16685,8.1848
16686,7.4491
16687,7.7289
16688,7.4973
16689,9.0248
16690,7.2943
16691,7.7222
16692,7.5896
16693,8.2387
16694,7.6159
16695,7.4821
16696,7.7331
16697,8.2449
16698,8.0933
16699,7.8198
16700,8.0604
16701,7.5956
16702,7.7622
16703,7.7201
16704,7.638
16705,7.579
16706,7.1045
16707,8.8518
16708,7.6784
16709,7.3804
16710,7.1121
16711,8.0254
16712,6.2998
16713,7.5848
16714,8.6688
16715,7.6018
16716,7.4716
16717,6.4423
16718,7.4182
16719,7.4036
16720,6.8798
16721,8.3017
16722,7.9622
16723,7.3566
16724,6.487
16725,7.3653
16726,7.1536
16727,7.2602
16728,7.8173
16729,7.2788
16730,6.4161
16731,8.8518
16732,7.2679
16733,7.6771
16734,7.6095
16735,7.4679
16736,7.6018
16737,8.0356
16738,6.3818
16739,5.4897
16740,6.6372
16741,7.66
16742,8.1691
16743,7.8093
16744,8.8518
16745,7.638
16746,7.4423
16747,7.8091
16748,9.3089
16749,7.9104
16750,7.7706
16751,7.5727
16752,7.2602
16753,8.2183
16754,8.8518
16755,7.4688
16756,7.4881
16757,7.8012
16758,7.7028
16759,7.6018
16760,7.3616
16761,7.8378
16762,7.5392
16763,7.5432
16764,7.2006
16765,7.6804
16766,7.9995
16767,6.8974
16768,7.8487
16769,7.0007
16770,7.638
16771,7.5846
16772,7.6356
16773,8.8518
16774,7.6224
16775,8.5078
16776,7.4151
16777,7.7515
16778,7.9151
16779,8.3288
16780,7.5509
16781,6.662
16782,7.6018
16783,7.0751
16784,7.6965
16785,8.0908
16786,7.9782
16787,8.8697
16788,7.5189
16789,7.3197
16790,7.8417
16791,8.8518
16792,7.5721
16793,9.3089
16794,8.3788
16795,8.8518
16796,7.3653
16797,8.1441
16798,8.5902
16799,7.3876
16800,9.0017
16801,7.66
16802,8.5537
16803,8.0176
16804,7.6018
16805,7.5723
16806,7.6018
16807,7.7681
16808,7.3339
16809,7.4491
16810,7.6633
16811,7.1251
16812,7.5892
16813,7.6063
16814,7.5009
16815,6.8986
16816,8.1226
16817,5.6506
16818,7.4119
16819,7.1208
16820,7.4359
16821,9.3089
16822,7.5005
16823,7.1607
16824,8.7713
16825,7.9015
16826,7.7515
16827,8.3392
16828,8.0721
16829,7.7668
16830,7.6018
16831,5.6095
16832,7.638
16833,7.3877
16834,7.1863
16835,8.0854
16836,7.2371
16837,7.995
16838,8.0141
16839,7.6156
16840,5.5368
16841,7.8194
16842,7.6709
16843,5.9521
16844,7.424
16845,7.4906
16846,7.6018
16847,7.7322
16848,7.2057
16849,8.2641
16850,7.6417
16851,7.4498
16852,7.564
16853,7.4386
16854,5.6095
16855,7.5458
16856,8.1775
16857,7.8334
16858,8.2472
16859,7.6018
16860,7.806
16861,7.7451
16862,7.8958
16863,7.9878
16864,7.1009
16865,7.5647
16866,7.7281
16867,8.4285
16868,7.9299
16869,7.8669
16870,7.2744
16871,7.6141
16872,8.2561
16873,7.1764
16874,7.638
16875,7.6931
16876,7.638
16877,7.2066
16878,7.8198
16879,8.0011
16880,7.6937
16881,7.5848
16882,8.1749
16883,7.6498
16884,7.8148
16885,7.5311
16886,7.894
16887,7.7499
16888,7.3653
16889,7.2602
16890,7.4562
16891,7.2798
16892,7.5266
16893,7.638
16894,7.6018
16895,7.6733
16896,7.2602
16897,6.8348
16898,7.3509
16899,7.6018
16900,8.6688
16901,8.0838
16902,7.843
16903,7.2602
16904,8.693
16905,7.9239
16906,6.8545
16907,7.3539
16908,8.9006
16909,7.4771
16910,7.4671
16911,7.6682
16912,6.983
16913,8.0313
16914,8.0509
16915,7.2602
16916,7.6313
16917,7.7289
16918,7.5636
16919,7.8584
16920,7.8899
16921,7.5956
16922,7.0623
16923,7.5058
16924,7.2602
16925,7.2603
16926,6.8167
16927,7.5816
16928,7.2622
16929,6.6174
16930,9.3777
16931,7.7597
16932,5.6506
16933,6.7151
16934,7.45
16935,8.2804
16936,7.4491
16937,7.4491
16938,7.6018
16939,7.5516
16940,7.5523
16941,7.0012
16942,8.9006
16943,7.1256
16944,7.653
16945,7.275
16946,7.6018
16947,7.8366
16948,8.0604
16949,8.1995
16950,7.7226
16951,8.1995
16952,7.0808
16953,7.3109
16954,7.4165
16955,7.726
16956,5.6506
16957,8.9908
16958,7.5068
16959,7.8679
16960,6.0364
16961,7.2741
16962,7.4107
16963,7.7345
16964,7.5269
16965,7.1433
16966,7.2079
16967,7.3118
16968,7.5471
16969,7.6942
16970,8.0054
16971,7.6018
16972,7.4864
16973,7.7739
16974,7.2432
16975,8.2784
16976,8.169
16977,7.6909
16978,7.5925
16979,7.6417
16980,6.3686
16981,7.2803
16982,7.6018
16983,6.9142
16984,7.6663
16985,7.54
16986,7.5471
16987,7.7661
16988,8.8518
16989,7.7377
16990,8.1437
16991,7.8584
16992,7.2347
16993,7.357
16994,7.756
16995,7.6507
16996,7.7098
16997,7.2893
16998,7.2105
16999,7.8679
17000,5.0985
17001,7.8569
17002,7.9361
17003,8.0701
17004,8.274
17005,7.5635
17006,7.5471
17007,7.638
17008,7.638
17009,8.1388
17010,7.8569
17011,5.1918
17012,7.6066
17013,7.5969
17014,7.6018
17015,8.9417
17016,7.6018
17017,7.5339
17018,7.3074
17019,7.6121
17020,8.2279
17021,9.3089
17022,7.2784
17023,7.7493
17024,8.1154
17025,7.4166
17026,7.4081
17027,7.426
17028,7.7049
17029,7.0009
17030,8.1974
17031,7.2515
17032,7.2203
17033,7.9103
17034,7.738
17035,7.6018
17036,9.3089
17037,7.5665
17038,7.6964
17039,8.8518
17040,7.5885
17041,7.7815
17042,7.6558
17043,7.2407
17044,6.6972
17045,7.6018
17046,7.547
17047,7.0556
17048,6.5719
17049,7.6018
17050,7.1677
17051,8.055
17052,7.9172
17053,8.067
17054,7.6678
17055,7.2952
17056,7.8491
17057,7.2641
17058,7.7289
17059,7.3348
17060,7.7823
17061,7.5227
17062,7.3509
17063,7.8012
17064,7.8584
17065,8.043
17066,7.4095
17067,7.5627
17068,7.937
17069,8.3337
17070,7.3308
17071,7.9692
17072,7.3348
17073,7.5539
17074,8.3738
17075,7.3917
17076,7.6221
17077,8.0884
17078,8.274
17079,7.54
17080,7.6407
17081,7.8584
17082,8.2891
17083,7.3263
17084,7.4491
17085,9.0017
17086,7.2602
17087,7.4886
17088,6.4149
17089,7.3316
17090,7.5215
17091,7.2975
17092,7.5813
17093,7.9194
17094,7.6018
17095,7.9299
17096,7.5727
17097,7.9878
17098,6.4591
17099,6.3248
17100,7.4182
17101,5.0985
17102,7.2602
17103,7.1441
17104,7.7919
17105,7.7022
17106,7.9103
17107,7.4492
17108,8.1398
17109,7.3368
17110,7.5925
17111,7.6018
17112,7.7706
17113,7.6018
17114,7.9299
17115,8.6509
17116,8.8518
17117,7.6144
17118,7.5077
17119,7.2792
17120,7.1378
17121,7.7115
17122,7.4864
17123,7.7913
17124,8.6127
17125,7.9025
17126,8.8518
17127,7.3019
17128,8.0198
17129,7.3944
17130,8.4235
17131,8.1042
17132,7.5773
17133,7.2602
17134,7.0898
17135,7.1437
17136,7.2602
17137,7.8009
17138,7.9246
17139,7.5015
17140,7.4036
17141,7.2602
17142,8.0641
17143,5.0985
17144,6.8907
17145,7.8443
17146,7.787
17147,7.5361
17148,7.5091
17149,6.793
17150,7.718
17151,8.2841
17152,7.4036
17153,7.3245
17154,8.4431
17155,6.6303
17156,7.5799
17157,7.6083
17158,7.1389
17159,7.6168
17160,7.2602
17161,8.1195
17162,7.6164
17163,7.4323
17164,7.3653
17165,6.594
17166,7.7289
17167,5.0985
17168,7.309
17169,8.8518
17170,7.6471
17171,8.1732
17172,8.311
17173,8.8518
17174,6.6441
17175,8.1683
17176,8.8777
17177,8.1568
17178,7.858
17179,7.8646
17180,9.3089
17181,5.0985
17182,7.4036
17183,7.1552
17184,7.6659
17185,8.1488
17186,7.3341
17187,7.7289
17188,7.6536
17189,7.9245
17190,7.787
17191,7.6018
17192,7.3966
17193,8.0007
17194,7.8193
17195,7.8289
17196,7.577
17197,7.6834
17198,7.8119
17199,7.7617
17200,7.799
17201,7.5761
17202,7.5727
17203,7.2432
17204,7.5594
17205,7.0444
17206,7.7289
17207,7.7788
17208,7.6449
17209,7.8584
17210,7.7156
17211,7.6018
17212,7.7767
17213,9.118
17214,7.4946
17215,7.4083
17216,6.8843
17217,8.6161
17218,8.5273
17219,7.7347
17220,7.4642
17221,8.0728
17222,7.2917
17223,6.9532
17224,7.6018
17225,7.8445
17226,7.2375
17227,7.3013
17228,7.9299
17229,7.2602
17230,7.6974
17231,7.6407
17232,7.5568
17233,7.4447
17234,8.3989
17235,7.3489
17236,7.5956
17237,7.3524
17238,7.1801
17239,8.0301
17240,7.6857
17241,7.8249
17242,8.2829
17243,8.8518
17244,9.0017
17245,7.0602
17246,7.233
17247,7.4984
17248,8.012
17249,7.345
17250,5.0985
17251,8.6168
17252,7.3885
17253,7.7142
17254,7.9902
17255,6.6516
17256,7.8112
17257,8.8523
17258,9.3877
17259,7.7787
17260,7.6816
17261,7.7064
17262,7.9917
17263,6.7081
17264,7.7511
17265,7.9582
17266,6.9119
17267,7.0626
17268,7.8138
17269,7.5727
17270,7.9458
17271,7.3566
17272,8.1673
17273,7.5973
17274,8.3327
17275,7.2075
17276,7.6563
17277,7.5925
17278,8.6089
17279,7.3127
17280,8.1161
17281,7.54
17282,7.7043
17283,7.5807
17284,9.3089
17285,7.1772
17286,7.4717
17287,6.8843
17288,7.2602
17289,7.4428
17290,7.6018
17291,7.7193
17292,7.4257
17293,8.2069
17294,8.3127
17295,6.6747
17296,7.5668
17297,7.3096
17298,7.281
17299,7.9299
17300,7.9386
17301,7.6503
17302,7.1826
17303,7.3116
17304,8.2449
17305,7.878
17306,8.0709
17307,9.2309
17308,7.1134
17309,8.2367
17310,7.2975
17311,7.4901
17312,8.3868
17313,8.175
17314,7.4341
17315,6.8211
17316,7.5703
17317,7.5871
17318,8.2851
17319,7.4902
17320,8.2178
17321,7.8917
17322,7.4781
17323,7.2566
17324,8.0351
17325,7.3653
17326,7.8094
17327,7.4879
17328,8.0117
17329,7.6018
17330,8.012
17331,8.2163
17332,7.7735
17333,9.4326
17334,7.8348
17335,7.6931
17336,7.8941
17337,8.8518
17338,7.3343
17339,7.3232
17340,7.5622
17341,7.8957
17342,7.1744
17343,7.5283
17344,7.6121
17345,8.1879
17346,8.8518
17347,8.458
17348,8.0002
17349,7.6761
17350,7.2511
17351,7.8603
17352,7.3694
17353,7.5398
17354,7.1426
17355,7.2602
17356,8.0456
17357,8.8523
17358,7.613
17359,6.6372
17360,7.638
17361,7.2636
17362,7.7119
17363,7.638
17364,7.8344
17365,7.4354
17366,7.7515
17367,7.5339
17368,7.4671
17369,5.1918
17370,7.6018
17371,7.3874
17372,7.4175
17373,8.0423
17374,7.653
17375,8.6964
17376,8.1121
17377,8.0315
17378,7.1086
17379,7.6453
17380,8.6237
17381,7.4635
17382,8.8518
17383,8.5721
17384,8.0009
17385,7.3653
17386,7.5782
17387,7.0142
17388,8.1822
17389,8.0727
17390,7.5471
17391,7.2602
17392,8.1545
17393,8.0835
17394,7.7706
17395,7.4971
17396,7.7281
17397,8.019
17398,7.9024
17399,7.843
17400,6.8131
17401,7.5398
17402,7.513
17403,7.6807
17404,8.2774
17405,7.6854
17406,8.0006
17407,7.6018
17408,7.7633
17409,7.9548
17410,7.4303
17411,8.4619
17412,7.8635
17413,8.1062
17414,7.6364
17415,9.3089
17416,7.6018
17417,8.2539
17418,7.5361
17419,7.2464
17420,7.9591
17421,7.6818
17422,6.2566
17423,7.475
17424,7.806
17425,6.8373
17426,7.4449
17427,7.6805
17428,7.4417
17429,7.3616
17430,7.8905
17431,7.5841
17432,8.0424
17433,8.2989
17434,7.6448
17435,8.1693
17436,7.7952
17437,8.2904
17438,7.8343
17439,8.2946
17440,7.5077
17441,7.2507
17442,8.5792
17443,7.5077
17444,7.6018
17445,7.725
17446,7.2744
17447,8.0641
17448,7.7115
17449,7.7289
17450,7.9796
17451,7.6815
17452,8.037
17453,6.3071
17454,7.9346
17455,7.8198
17456,7.2636
17457,7.422
17458,7.6549
17459,7.0015
17460,7.5012
17461,7.3967
17462,7.3653
17463,9.3089
17464,6.066
17465,7.9474
17466,7.9753
17467,7.6682
17468,7.8129
17469,7.6525
17470,7.5882
17471,8.1104
17472,8.3717
17473,7.7719
17474,7.1552
17475,7.5975
17476,7.6018
17477,7.6312
17478,7.5654
17479,8.0536
17480,8.693
17481,7.3348
17482,7.3508
17483,7.1343
17484,7.843
17485,7.9144
17486,8.8697
17487,7.8673
17488,7.7344
17489,7.6937
17490,8.8518
17491,7.8367
17492,7.566
17493,7.8861
17494,7.7906
17495,7.6714
17496,7.3311
17497,7.8157
17498,7.9331
17499,7.4491
17500,8.3509
17501,8.3451
17502,7.9272
17503,8.1365
17504,7.1104
17505,8.7094
17506,7.3195
17507,8.0009
17508,7.6018
17509,7.5077
17510,7.4989
17511,7.8391
17512,7.6173
17513,7.6682
17514,7.1173
17515,7.8583
17516,7.7289
17517,5.0985
17518,7.163
17519,7.9422
17520,7.6545
17521,7.2841
17522,8.4563
17523,6.1809
17524,7.5165
17525,7.6438
17526,8.1995
17527,7.7686
17528,8.1128
17529,6.8668
17530,7.2602
17531,7.022
17532,8.0171
17533,8.8518
17534,8.5828
17535,7.2322
17536,8.7461
17537,7.7222
17538,7.6018
17539,8.0551
17540,7.4573
17541,7.5005
17542,8.0933
17543,7.5077
17544,7.5895
17545,9.1484
17546,8.0641
17547,7.2602
17548,8.8518
17549,7.5783
17550,7.5386
17551,8.048
17552,5.0985
17553,7.9008
17554,7.1476
17555,7.6226
17556,8.1668
17557,7.787
17558,8.8518
17559,7.3816
17560,8.1034
17561,7.6018
17562,7.1307
17563,7.524
17564,7.6333
17565,5.0985
17566,7.0679
17567,9.3089
17568,7.787
17569,7.1552
17570,7.0718
17571,7.2601
17572,7.2158
17573,7.2322
17574,7.4671
17575,7.4182
17576,7.5475
17577,7.0333
17578,8.0779
17579,7.3808
17580,7.5242
17581,7.9507
17582,7.8314
17583,5.6506
17584,7.3642
17585,6.0091
17586,8.1668
17587,7.7345
17588,7.2204
17589,8.0484
17590,7.6018
17591,7.4514
17592,8.5698
17593,7.5539
17594,7.0011
17595,8.0594
17596,7.6638
17597,7.8633
17598,7.7386
17599,7.8777
17600,7.5975
17601,7.2744
17602,7.9177
17603,8.478
17604,7.1834
17605,7.6065
17606,7.7196
17607,7.1179
17608,8.8518
17609,7.4012
17610,8.0414
17611,7.7091
17612,7.5437
17613,7.2025
17614,7.7744
17615,8.1191
17616,7.5176
17617,7.6049
17618,8.417
17619,7.0727
17620,7.0485
17621,7.5808
17622,7.6018
17623,8.0683
17624,7.494
17625,6.8167
17626,7.8476
17627,7.1616
17628,7.8631
17629,7.3826
17630,7.8136
17631,7.5471
17632,7.75
17633,7.0599
17634,7.2835
17635,7.2733
17636,7.6862
17637,7.8177
17638,7.4876
17639,7.2558
17640,8.2438
17641,7.3653
17642,7.6233
17643,7.3548
17644,7.9876
17645,7.5418
17646,8.0575
17647,7.2602
17648,7.586
17649,4.2874
17650,7.843
17651,5.5266
17652,7.1303
17653,7.7434
17654,7.6881
17655,7.6392
17656,8.0879
17657,7.6009
17658,7.6263
17659,7.2602
17660,7.6931
17661,7.9053
17662,7.619
17663,8.8518
17664,7.0359
17665,7.9878
17666,6.8752
17667,7.377
17668,7.6012
17669,7.4319
17670,8.0126
17671,7.2515
17672,8.2143
17673,7.9009
17674,7.7152
17675,8.0865
17676,7.1659
17677,7.5243
17678,7.8269
17679,7.8475
17680,7.3502
17681,7.5077
17682,7.0016
17683,8.1674
17684,7.23
17685,7.6283
17686,7.8584
17687,7.2602
17688,7.9937
17689,7.6018
17690,8.1198
17691,8.001
17692,7.5412
17693,6.843
17694,5.6095
17695,7.4448
17696,7.9608
17697,8.8518
17698,6.8974
17699,7.74
17700,8.8518
17701,8.8518
17702,8.1433
17703,5.1918
17704,7.7782
17705,5.0985
17706,8.0283
17707,7.5471
17708,7.3968
17709,7.0956
17710,7.3127
17711,7.5076
17712,7.6783
17713,7.3616
17714,5.0985
17715,7.0015
17716,7.3091
17717,7.1575
17718,7.7877
17719,7.5077
17720,7.5636
17721,8.1995
17722,7.8348
17723,7.5966
17724,7.3818
17725,5.4669
17726,8.8518
17727,7.5601
17728,8.3017
17729,7.6881
17730,8.0262
17731,7.6304
17732,7.638
17733,7.5471
17734,7.3755
17735,7.2025
17736,7.294
17737,7.8617
17738,5.1918
17739,6.7884
17740,8.8518
17741,8.8518
17742,7.5262
17743,7.8128
17744,7.3348
17745,7.5392
17746,7.7186
17747,7.4491
17748,7.2761
17749,7.8757
17750,8.2183
17751,7.738
17752,8.8494
17753,8.135
17754,7.638
17755,7.7788
17756,8.6688
17757,7.6018
17758,7.4954
17759,7.4126
17760,7.8072
17761,7.614
17762,8.1009
17763,7.4574
17764,7.2654
17765,7.8167
17766,7.8643
17767,7.5575
17768,7.5225
17769,7.6018
17770,7.781
17771,8.3509
17772,7.5848
17773,7.0436
17774,7.3826
17775,8.1674
17776,7.7363
17777,7.2115
17778,7.3629
17779,7.8292
17780,7.8599
17781,7.2602
17782,7.4227
17783,6.3238
17784,7.6581
17785,7.3348
17786,8.2284
17787,7.6018
17788,7.9141
17789,8.0028
17790,6.3228
17791,7.7738
17792,7.5273
17793,9.3089
17794,8.2108
17795,7.9299
17796,7.0367
17797,8.4431
17798,7.6361
17799,7.3808
17800,7.6018
17801,7.4012
17802,9.3089
17803,7.3281
17804,7.1575
17805,8.3717
17806,7.2602
17807,8.5593
17808,7.9796
17809,8.6168
17810,7.0351
17811,7.345
17812,9.0017
17813,6.678
17814,8.0437
17815,7.4365
17816,7.5345
17817,6.8554
17818,8.3598
17819,7.9564
17820,8.8518
17821,7.1441
17822,7.7069
17823,7.6307
17824,8.14
17825,7.1772
17826,7.4562
17827,8.8518
17828,5.0985
17829,7.4562
17830,7.7893
17831,8.456
17832,8.0011
17833,7.6018
17834,7.6947
17835,7.5203
17836,7.6928
17837,7.0848
17838,7.6018
17839,7.8153
17840,8.8518
17841,9.2309
17842,7.4534
17843,8.8518
17844,7.1525
17845,7.7837
17846,7.5207
17847,7.5077
17848,7.8047
17849,7.8475
17850,7.0566
17851,7.806
17852,7.2932
17853,7.6018
17854,7.0242
17855,7.6018
17856,7.8168
17857,7.3091
17858,7.4297
17859,7.7196
17860,8.6168
17861,6.6765
17862,7.7207
17863,4.2874
17864,7.0871
17865,7.2766
17866,7.4491
17867,7.8899
17868,7.386
17869,7.4432
17870,7.9508
17871,7.5594
17872,7.7533
17873,7.7848
17874,7.5141
17875,7.7568
17876,7.3957
17877,7.4075
17878,7.5658
17879,6.9686
17880,7.738
17881,7.4317
17882,7.8509
17883,7.9719
17884,7.5893
17885,7.0003
17886,7.4517
17887,8.5137
17888,5.0985
17889,7.1575
17890,7.896
17891,8.2286
17892,7.5752
17893,7.8772
17894,7.6643
17895,7.519
17896,7.511
17897,7.5077
17898,6.3238
17899,7.3084
17900,7.5305
17901,7.4373
17902,7.7595
17903,7.6679
17904,7.787
17905,8.8518
17906,7.3491
17907,7.3616
17908,5.844
17909,8.0014
17910,7.9645
17911,7.638
17912,7.4986
17913,8.8494
17914,7.5386
17915,7.9096
17916,8.0033
17917,7.4429
17918,6.6372
17919,7.5227
17920,7.1342
17921,8.0007
17922,7.4711
17923,7.3392
17924,8.0429
17925,7.7045
17926,7.5597
17927,7.3407
17928,7.4444
17929,7.4084
17930,7.3538
17931,7.6571
17932,7.2679
17933,7.5858
17934,8.122
17935,6.9509
17936,7.8677
17937,7.5077
17938,6.8671
17939,7.5503
17940,7.5058
17941,7.4491
17942,7.3093
17943,7.3438
17944,7.2498
17945,6.8407
17946,7.5527
17947,7.9011
17948,8.0641
17949,8.3495
17950,7.9877
17951,7.867
17952,7.8036
17953,7.4595
17954,7.7293
17955,9.3457
17956,6.9568
17957,7.9878
17958,7.1754
17959,9.0922
17960,7.9446
17961,7.5083
17962,7.6477
17963,7.4301
17964,6.1161
17965,7.4036
17966,7.6682
17967,7.66
17968,9.0006
17969,7.5548
17970,7.3366
17971,7.4491
17972,7.5015
17973,7.7648
17974,7.2602
17975,7.6018
17976,7.7747
17977,7.8198
17978,7.762
17979,7.127
17980,7.4388
17981,7.3348
17982,8.7665
17983,7.5471
17984,7.0003
17985,8.8518
17986,8.0319
17987,5.0985
17988,7.5238
17989,8.0918
17990,7.6018
17991,7.3939
17992,7.0674
17993,9.1484
17994,8.3494
17995,7.3815
17996,8.2429
17997,7.8584
17998,7.7374
17999,7.7746
18000,8.5004
18001,7.9596
18002,7.787
18003,7.2156
18004,7.6018
18005,7.7778
18006,7.6679
18007,7.2884
18008,7.638
18009,8.1338
18010,7.1097
18011,7.8569
18012,7.6423
18013,7.5618
18014,7.1747
18015,7.6018
18016,8.9908
18017,8.2548
18018,7.9943
18019,7.9478
18020,7.7228
18021,8.8518
18022,7.6658
18023,8.3643
18024,8.3758
18025,5.1918
18026,7.91
18027,7.5167
18028,6.8128
18029,6.7884
18030,7.8679
18031,7.318
18032,8.5242
18033,7.8314
18034,7.638
18035,7.2204
18036,7.5267
18037,7.4386
18038,7.5401
18039,4.2874
18040,5.364
18041,8.2511
18042,7.8627
18043,8.7248
18044,7.4107
18045,7.5561
18046,7.3554
18047,7.2602
18048,8.7003
18049,7.3861
18050,7.9182
18051,8.3596
18052,7.4036
18053,9.3089
18054,7.5323
18055,7.1366
18056,7.6616
18057,7.7031
18058,7.9306
18059,7.4036
18060,7.4389
18061,8.8518
18062,5.8619
18063,6.066
18064,7.8198
18065,7.5077
18066,8.8518
18067,7.7919
18068,7.7882
18069,7.9459
18070,7.5057
18071,7.8588
18072,6.1809
18073,8.8518
18074,6.8645
18075,7.2389
18076,7.6959
18077,8.1897
18078,7.5471
18079,7.6834
18080,7.5015
18081,7.2602
18082,7.1543
18083,7.8581
18084,7.1677
18085,7.1841
18086,8.693
18087,7.3566
18088,7.7501
18089,8.2004
18090,6.9427
18091,7.3337
18092,7.3835
18093,7.6597
18094,7.8198
18095,7.233
18096,7.6018
18097,6.8064
18098,7.5832
18099,7.5209
18100,6.7784
18101,7.6638
18102,6.4604
18103,7.8679
18104,8.1574
18105,7.8748
18106,7.6018
18107,7.53
18108,7.6018
18109,8.0002
18110,9.2319
18111,7.638
18112,7.2602
18113,7.6018
18114,7.8965
18115,5.0985
18116,7.5077
18117,7.8198
18118,7.3821
18119,7.8704
18120,7.7427
18121,7.8957
18122,8.5191
18123,7.8649
18124,7.7097
18125,8.5902
18126,7.1831
18127,7.5234
18128,8.3102
18129,7.2753
18130,7.9404
18131,7.8479
18132,7.6018
18133,8.0533
18134,7.5471
18135,7.8809
18136,7.8355
18137,7.8294
18138,7.3653
18139,6.6922
18140,8.0885
18141,7.5305
18142,7.401
18143,7.5042
18144,7.0632
18145,7.3076
18146,7.4386
18147,7.297
18148,7.4891
18149,8.4463
18150,7.711
18151,7.6097
18152,8.8518
18153,7.6538
18154,8.1988
18155,7.1064
18156,7.4588
18157,7.6095
18158,7.7919
18159,7.2602
18160,7.5956
18161,9.3089
18162,7.7706
18163,7.6199
18164,7.7515
18165,7.5867
18166,7.9174
18167,7.4698
18168,7.8135
18169,7.7262
18170,7.3955
18171,7.9878
18172,7.5573
18173,7.5154
18174,8.8518
18175,7.3091
18176,7.9887
18177,7.4084
18178,8.0375
18179,7.6834
18180,7.3899
18181,7.8754
18182,8.154
18183,9.3089
18184,7.8198
18185,7.1205
18186,7.492
18187,7.518
18188,7.7039
18189,8.165
18190,7.8864
18191,7.1091
18192,8.2006
18193,7.5471
18194,7.8367
18195,7.4101
18196,7.6558
18197,7.2602
18198,8.1757
18199,9.3089
18200,8.3698
18201,7.1844
18202,7.3135
18203,7.2987
18204,7.5273
18205,7.4755
18206,7.5331
18207,8.142
18208,7.8412
18209,7.2231
18210,7.7449
18211,5.0985
18212,6.7947
18213,8.2345
18214,7.3099
18215,7.8116
18216,7.6121
18217,7.3566
18218,7.5077
18219,7.3442
18220,7.8198
18221,8.1058
18222,8.1775
18223,7.8574
18224,8.0685
18225,7.638
18226,9.3089
18227,7.8198
18228,7.2167
18229,6.2389
18230,7.6457
18231,7.0848
18232,7.6705
18233,7.4804
18234,7.1281
18235,5.0985
18236,8.0551
18237,7.3653
18238,7.1772
18239,7.4681
18240,7.8529
18241,7.2333
18242,7.9516
18243,7.6018
18244,7.3084
18245,7.6898
18246,8.2904
18247,7.9089
18248,7.1252
18249,5.0985
18250,7.0007
18251,7.7231
18252,7.3578
18253,7.1903
18254,7.6018
18255,7.952
18256,8.3379
18257,7.3345
18258,7.6002
18259,7.7815
18260,7.5471
18261,8.3356
18262,7.5277
18263,7.4982
18264,7.9445
18265,7.3803
18266,8.2518
18267,7.4423
18268,7.2602
18269,7.5253
18270,6.4874
18271,7.2577
18272,8.8518
18273,7.9314
18274,7.9483
18275,7.7069
18276,7.1343
18277,7.1939
18278,7.7719
18279,7.2012
18280,7.3434
18281,7.3252
18282,7.5668
18283,6.8867
18284,7.4738
18285,7.62
18286,7.6018
18287,7.2602
18288,6.8714
18289,7.4225
18290,6.8843
18291,7.3307
18292,7.3348
18293,8.2449
18294,7.5055
18295,7.2602
18296,7.5964
18297,8.1862
18298,8.0011
18299,8.147
18300,7.4727
18301,7.4949
18302,7.6834
18303,7.3084
18304,7.7177
18305,6.4105
18306,7.3044
18307,7.2389
18308,7.7607
18309,7.3653
18310,7.4562
18311,7.6528
18312,7.4794
18313,8.2437
18314,8.2836
18315,6.8715
18316,7.6809
18317,7.6491
18318,7.4537
18319,7.6018
18320,7.7289
18321,7.3687
18322,7.9405
18323,7.7515
18324,6.8843
18325,7.9245
18326,7.9269
18327,9.3089
18328,7.638
18329,7.4593
18330,7.8267
18331,7.6826
18332,8.1639
18333,5.6506
18334,7.6153
18335,7.5584
18336,7.8112
18337,7.6018
18338,6.7248
18339,8.6168
18340,7.704
18341,9.1484
18342,8.4323
18343,5.1918
18344,7.8517
18345,7.6138
18346,7.638
18347,8.8518
18348,7.2602
18349,7.6886
18350,7.9732
18351,7.9078
18352,7.6393
18353,7.3584
18354,7.5477
18355,7.6373
18356,7.6066
18357,7.6907
18358,7.5471
18359,7.4182
18360,8.417
18361,7.3158
18362,7.7289
18363,7.4509
18364,5.0985
18365,7.0495
18366,7.7156
18367,8.1521
18368,7.2551
18369,7.5242
18370,7.8787
18371,7.9458
18372,7.5571
18373,7.8221
18374,7.5203
18375,5.6506
18376,7.7092
18377,8.135
18378,8.3336
18379,7.5956
18380,8.1234
18381,7.5412
18382,7.3765
18383,7.7006
18384,8.5126
18385,7.5069
18386,7.7244
18387,7.5016
18388,7.9963
18389,7.475
18390,7.3808
18391,7.3348
18392,7.494
18393,7.8198
18394,8.0591
18395,7.9121
18396,7.1886
18397,6.3248
18398,7.897
18399,7.5729
18400,8.3495
18401,7.3653
18402,7.5369
18403,7.383
18404,7.5131
18405,7.8855
18406,7.7976
18407,7.9796
18408,7.3807
18409,8.1995
18410,7.5727
18411,7.9351
18412,7.7046
18413,7.638
18414,7.9056
18415,8.2183
18416,7.6501
18417,8.0013
18418,8.2904
18419,7.1082
18420,8.8518
18421,7.4386
18422,7.7083
18423,7.3177
18424,8.3712
18425,7.8198
18426,7.8383
18427,5.4897
18428,7.3127
18429,7.364
18430,7.4562
18431,7.2602
18432,7.7247
18433,7.5956
18434,8.2004
18435,6.7836
18436,7.1307
18437,7.4946
18438,7.8625
18439,4.2874
18440,6.8899
18441,7.5262
18442,8.1659
18443,8.8518
18444,7.5077
18445,7.6887
18446,7.6018
18447,6.8843
18448,9.0001
18449,7.6018
18450,7.6018
18451,8.0161
18452,7.5058
18453,7.5554
18454,8.1079
18455,7.511
18456,7.6018
18457,8.154
18458,7.638
18459,7.2602
18460,7.4263
18461,7.5225
18462,7.3597
18463,7.5848
18464,7.4307
18465,7.6039
18466,7.4363
18467,7.2861
18468,7.4788
18469,7.843
18470,7.1179
18471,7.8331
18472,8.0007
18473,5.6506
18474,7.8666
18475,7.6018
18476,7.638
18477,8.2313
18478,8.2646
18479,7.9157
18480,5.6095
18481,7.0679
18482,7.4479
18483,7.3004
18484,7.3496
18485,7.2602
18486,7.287
18487,7.0489
18488,8.3394
18489,8.0736
18490,7.5613
18491,7.7289
18492,7.5882
18493,7.5556
18494,6.8136
18495,7.2602
18496,7.8433
18497,8.2904
18498,6.8843
18499,7.8509
18500,7.8407
18501,7.0636
18502,7.6018
18503,7.8198
18504,7.5225
18505,8.0369
18506,7.2594
18507,8.0636
18508,7.5917
18509,6.4423
18510,7.8712
18511,7.638
18512,5.0985
18513,7.5077
18514,7.4562
18515,6.4869
18516,7.5723
18517,7.5956
18518,7.8733
18519,7.7215
18520,8.2438
18521,8.4804
18522,7.3653
18523,7.8834
18524,7.7289
18525,7.3139
18526,7.7434
18527,7.5761
18528,7.589
18529,5.0985
18530,8.0651
18531,7.3182
18532,7.4973
18533,7.4331
18534,7.8551
18535,7.0783
18536,7.2602
18537,7.6202
18538,7.638
18539,7.3899
18540,9.3089
18541,7.6931
18542,6.7533
18543,7.9729
18544,7.1714
18545,9.0017
18546,5.6506
18547,8.0676
18548,7.4491
18549,7.309
18550,7.5009
18551,8.8448
18552,8.8518
18553,7.0444
18554,7.9398
18555,8.0539
18556,9.3457
18557,7.5655
18558,7.6018
18559,7.4084
18560,7.1772
18561,8.0783
18562,7.7289
18563,7.6018
18564,7.5471
18565,7.4562
18566,8.2002
18567,7.1919
18568,8.4023
18569,7.9878
18570,7.0549
18571,7.3341
18572,7.6552
18573,7.8368
18574,7.2602
18575,7.6018
18576,7.7582
18577,8.6168
18578,7.0011
18579,7.895
18580,7.7255
18581,8.154
18582,7.6038
18583,9.3089
18584,8.2604
18585,8.8518
18586,7.5157
18587,7.7511
18588,7.6018
18589,7.4036
18590,7.2639
18591,7.3653
18592,7.9557
18593,7.3607
18594,8.1254
18595,7.6076
18596,7.5958
18597,7.4678
18598,7.2262
18599,7.2347
18600,7.4276
18601,7.2616
18602,7.5935
18603,7.2727
18604,7.5077
18605,6.858
18606,7.7345
18607,7.8367
18608,7.6821
18609,8.8518
18610,8.0156
18611,7.7329
18612,7.4723
18613,7.9676
18614,6.8757
18615,7.7095
18616,9.0017
18617,8.0015
18618,7.9007
18619,7.5651
18620,7.7289
18621,7.9452
18622,8.3
18623,7.3966
18624,7.3989
18625,7.5386
18626,7.3329
18627,7.5195
18628,7.7582
18629,9.0006
18630,7.4006
18631,7.6463
18632,7.4637
18633,7.5475
18634,8.1357
18635,7.9687
18636,7.8949
18637,7.4746
18638,7.1588
18639,8.1509
18640,7.4562
18641,7.7709
18642,8.8518
18643,8.8518
18644,7.377
18645,6.6516
18646,7.5077
18647,7.638
18648,7.7515
18649,8.4754
18650,8.0007
18651,7.5392
18652,8.0009
18653,7.3863
18654,7.4502
18655,7.9878
18656,7.7281
18657,7.424
18658,7.6865
18659,7.2363
18660,7.6018
18661,7.7803
18662,8.4431
18663,8.0156
18664,7.8387
18665,7.7648
18666,7.2602
18667,7.9672
18668,8.175
18669,5.0985
18670,8.1376
18671,7.6481
18672,7.7056
18673,7.6018
18674,8.0474
18675,6.7834
18676,7.9074
18677,7.4711
18678,7.1749
18679,8.3096
18680,9.3089
18681,6.4149
18682,7.2602
18683,6.6303
18684,8.8518
18685,7.6018
18686,7.6018
18687,8.175
18688,7.7733
18689,7.6933
18690,6.7809
18691,7.5106
18692,8.0246
18693,7.4595
18694,7.6108
18695,7.729
18696,8.8494
18697,7.9101
18698,7.3091
18699,8.0671
18700,7.6018
18701,7.8584
18702,7.5133
18703,7.7546
18704,7.5537
18705,6.793
18706,7.9759
18707,7.7289
18708,8.1802
18709,8.4534
18710,6.066
18711,8.1119
18712,7.1772
18713,7.3169
18714,7.4386
18715,8.1493
18716,7.5763
18717,7.5899
18718,7.9744
18719,7.6018
18720,9.3777
18721,7.6036
18722,9.0017
18723,7.8456
18724,8.7296
18725,7.5732
18726,7.1261
18727,7.6679
18728,7.2602
18729,7.5837
18730,8.1346
18731,7.1343
18732,8.1254
18733,7.8436
18734,7.4517
18735,7.6667
18736,7.4199
18737,7.1772
18738,9.3089
18739,7.0698
18740,8.1727
18741,7.8944
18742,7.6563
18743,7.6018
18744,7.7295
18745,7.7467
18746,7.5458
18747,7.2115
18748,8.3127
18749,8.8518
18750,7.638
18751,8.0641
18752,4.2874
18753,7.7515
18754,8.1571
18755,8.0676
18756,7.4948
18757,8.2982
18758,6.9622
18759,7.8419
18760,8.8518
18761,8.2565
18762,7.3129
18763,7.3868
18764,7.5861
18765,7.5009
18766,7.0759
18767,7.5386
18768,7.2227
18769,7.4613
18770,8.3877
18771,7.2679
18772,7.3511
18773,7.6301
18774,7.5273
18775,7.562
18776,7.9558
18777,7.2602
18778,7.6018
18779,7.9399
18780,7.6018
18781,7.3248
18782,7.2558
18783,7.5077
18784,7.6018
18785,7.4061
18786,7.3348
18787,7.8821
18788,7.4036
18789,7.5636
18790,7.4629
18791,8.5004
18792,7.1121
18793,7.4554
18794,7.4879
18795,7.8007
18796,7.3834
18797,8.2004
18798,8.1274
18799,7.9574
18800,7.1432
18801,8.6688
18802,8.2505
18803,7.7207
18804,6.6207
18805,7.3353
18806,6.8167
18807,8.1357
18808,8.8518
18809,7.4769
18810,7.2185
18811,7.8065
18812,7.3653
18813,7.6018
18814,7.8262
18815,8.0932
18816,7.7815
18817,7.7289
18818,7.6018
18819,7.2558
18820,8.7103
18821,7.5922
18822,7.6018
18823,7.2602
18824,7.5925
18825,7.2012
18826,7.6066
18827,8.7628
18828,7.3307
18829,6.9584
18830,7.2602
18831,7.3348
18832,6.8761
18833,8.0811
18834,7.6876
18835,7.2156
18836,9.0922
18837,7.7289
18838,6.5534
18839,7.3565
18840,7.5194
18841,7.1257
18842,8.6352
18843,8.1629
18844,7.806
18845,8.0196
18846,7.9367
18847,7.504
18848,8.7296
18849,7.5677
18850,7.54
18851,7.6018
18852,7.7791
18853,8.677
18854,8.3895
18855,8.3127
18856,7.4629
18857,7.7771
18858,6.9774
18859,5.0985
18860,8.8518
18861,7.6018
18862,8.3726
18863,7.6018
18864,7.3778
18865,7.1252
18866,7.4141
18867,7.6018
18868,7.549
18869,7.688
18870,7.6435
18871,7.632
18872,7.6018
18873,7.7568
18874,7.233
18875,8.6089
18876,8.8777
18877,7.8198
18878,7.7289
18879,7.3006
18880,7.8679
18881,7.4638
18882,7.508
18883,7.5041
18884,8.4265
18885,7.546
18886,7.5902
18887,7.8269
18888,8.1125
18889,7.7339
18890,8.8518
18891,8.8518
18892,7.2112
18893,8.8518
18894,7.6018
18895,7.3597
18896,7.8863
18897,9.3877
18898,7.5471
18899,7.9878
18900,7.2363
18901,7.2602
18902,8.1835
18903,7.5828
18904,7.2846
18905,7.6012
18906,7.6018
18907,6.7782
18908,8.1075
18909,7.2602
18910,8.6158
18911,7.5882
18912,7.638
18913,7.9509
18914,7.8832
18915,7.5886
18916,7.511
18917,7.8584
18918,7.6615
18919,8.8855
18920,7.638
18921,7.455
18922,7.5799
18923,8.0013
18924,7.4679
18925,7.2602
18926,7.2513
18927,5.0985
18928,7.7596
18929,8.9573
18930,7.5549
18931,7.9039
18932,7.3582
18933,7.397
18934,7.8452
18935,6.8595
18936,7.8681
18937,7.7074
18938,7.6607
18939,7.4648
18940,7.6018
18941,8.1071
18942,8.5197
18943,8.9607
18944,7.403
18945,6.8407
18946,7.6315
18947,6.5336
18948,6.2275
18949,8.3363
18950,7.5527
18951,7.6168
18952,8.4345
18953,7.7714
18954,7.2602
18955,7.5471
18956,7.3653
18957,7.4491
18958,7.5747
18959,5.0985
18960,7.7248
18961,6.5984
18962,8.1775
18963,7.8775
18964,7.5339
18965,7.1724
18966,7.4929
18967,7.1476
18968,7.9308
18969,7.7499
18970,7.826
18971,8.8518
18972,8.5004
18973,8.1707
18974,8.1641
18975,5.0985
18976,7.1345
18977,7.413
18978,7.54
18979,7.3871
18980,8.1641
18981,7.4052
18982,8.1257
18983,8.3358
18984,7.7313
18985,7.771
18986,9.118
18987,7.9011
18988,7.7968
18989,7.6144
18990,6.8843
18991,7.7289
18992,4.2874
18993,7.7515
18994,7.4665
18995,7.5133
18996,8.0545
18997,7.5424
18998,8.0702
18999,8.0338
19000,7.6018
19001,8.8518
19002,7.3758
19003,8.8518
19004,7.4454
19005,8.1691
19006,7.9712
19007,7.638
19008,7.638
19009,7.6958
19010,7.7362
19011,7.3109
19012,7.4012
19013,9.0017
19014,7.1674
19015,7.3179
19016,7.8886
19017,7.6873
19018,7.597
19019,6.9859
19020,7.1308
19021,7.8936
19022,8.0068
19023,7.8273
19024,7.7662
19025,8.0717
19026,7.4519
19027,7.3653
19028,8.2526
19029,7.6036
19030,7.2389
19031,8.1075
19032,8.4534
19033,7.8367
19034,6.1809
19035,7.2515
19036,7.9082
19037,7.5516
19038,7.5546
19039,6.7248
19040,7.5856
19041,7.443
19042,7.5734
19043,7.521
19044,6.9573
19045,6.4161
19046,8.3757
19047,8.3868
19048,7.4182
19049,7.7204
19050,7.6018
19051,7.3467
19052,8.4431
19053,7.6179
19054,7.7927
19055,8.2737
19056,7.5309
19057,7.6544
19058,7.6441
19059,7.2602
19060,7.8911
19061,7.8973
19062,7.8934
19063,7.638
19064,8.0978
19065,7.6261
19066,7.69
19067,5.6506
19068,7.4222
19069,6.6541
19070,7.3899
19071,7.7668
19072,7.1764
19073,7.6682
19074,9.0248
19075,7.2461
19076,7.7289
19077,6.4306
19078,6.6538
19079,7.2602
19080,7.5365
19081,7.1682
19082,7.6018
19083,8.1009
19084,7.4419
19085,6.187
19086,9.0017
19087,8.3598
19088,8.1897
19089,8.1261
19090,7.6412
19091,6.2866
19092,7.4915
19093,7.4711
19094,7.6322
19095,7.2602
19096,7.5077
19097,7.3299
19098,8.2998
19099,6.9509
19100,7.5523
19101,6.4149
19102,7.475
19103,7.2007
19104,7.8348
19105,5.0985
19106,7.8196
19107,8.3908
19108,7.5471
19109,7.4012
19110,7.7175
19111,7.5404
19112,7.251
19113,7.6058
19114,7.4287
19115,7.5471
19116,7.3127
19117,7.4992
19118,8.2583
19119,7.4182
19120,7.4798
19121,7.7364
19122,7.3574
19123,7.2924
19124,7.6018
19125,9.4547
19126,7.8249
19127,7.5471
19128,7.4225
19129,8.001
19130,7.6908
19131,7.2952
19132,8.6688
19133,7.54
19134,7.4748
19135,7.3019
19136,7.5009
19137,7.3167
19138,7.9068
19139,6.3238
19140,7.6834
19141,8.048
19142,6.8752
19143,5.6506
19144,7.6879
19145,7.4629
19146,7.1832
19147,7.6018
19148,7.965
19149,7.8291
19150,7.2602
19151,7.6018
19152,7.8717
19153,7.4875
19154,7.7138
19155,7.2602
19156,7.638
19157,8.535
19158,7.54
19159,7.3348
19160,7.5534
19161,7.646
19162,7.8482
19163,6.0463
19164,7.6762
19165,7.738
19166,6.5988
19167,7.4178
19168,7.6056
19169,7.4955
19170,7.2911
19171,8.5305
19172,7.9912
19173,7.5565
19174,7.9388
19175,8.3945
19176,7.5386
19177,7.3761
19178,7.851
19179,7.7868
19180,7.5157
19181,7.6263
19182,7.9588
19183,7.3093
19184,7.8217
19185,7.5345
19186,7.8617
19187,7.6722
19188,7.9245
19189,7.2924
19190,7.5727
19191,7.4735
19192,6.1809
19193,7.0877
19194,6.1672
19195,7.9316
19196,7.3578
19197,6.4591
19198,7.9024
19199,8.0935
19200,8.8518
19201,8.061
19202,6.066
19203,8.1238
19204,8.2952
19205,7.4616
19206,8.2904
19207,7.7185
19208,6.8104
19209,7.4536
19210,6.4423
19211,7.5953
19212,7.8925
19213,7.638
19214,7.632
19215,7.5111
19216,7.8341
19217,7.6018
19218,7.3653
19219,7.8136
19220,5.0985
19221,7.1844
19222,8.0221
19223,7.5848
19224,7.9786
19225,7.7648
19226,7.951
19227,7.6251
19228,7.6018
19229,8.193
19230,7.6607
19231,7.5848
19232,7.6241
19233,7.7155
19234,7.7345
19235,7.4423
19236,7.6398
19237,7.4562
19238,7.2602
19239,7.8645
19240,8.042
19241,7.3084
19242,7.8765
19243,8.0555
19244,7.4119
19245,7.6509
19246,8.6168
19247,7.6467
19248,7.3566
19249,8.4128
19250,8.7503
19251,7.6506
19252,7.5723
19253,7.9558
19254,7.9224
19255,6.8843
19256,7.2306
19257,7.777
19258,7.6018
19259,7.9369
19260,7.4269
19261,7.441
19262,7.3147
19263,7.3985
19264,7.5015
19265,7.6682
19266,7.5444
19267,7.3653
19268,7.566
19269,7.3633
19270,7.3724
19271,8.175
19272,7.3348
19273,7.7866
19274,7.8051
19275,6.4137
19276,6.678
19277,8.3826
19278,7.6422
19279,7.512
19280,7.5639
19281,7.4629
19282,7.5926
19283,8.7503
19284,7.6688
19285,7.8727
19286,7.8893
19287,7.4385
19288,7.386
19289,7.3167
19290,7.1473
19291,6.9662
19292,7.5993
19293,7.3828
19294,7.6496
19295,7.6607
19296,8.0641
19297,8.2385
19298,8.8518
19299,7.6937
19300,7.7313
19301,8.3337
19302,7.5077
19303,6.1312
19304,7.5239
19305,7.2602
19306,7.5527
19307,7.54
19308,8.8777
19309,6.9345
19310,7.2602
19311,7.5077
19312,7.1849
19313,7.4679
19314,7.4423
19315,7.5383
19316,7.194
19317,7.8832
19318,7.6018
19319,7.3832
19320,7.7451
19321,8.8518
19322,7.966
19323,7.829
19324,7.4225
19325,5.1918
19326,7.5797
19327,7.6261
19328,7.8348
19329,7.8584
19330,8.8518
19331,7.8475
19332,7.4562
19333,8.1372
19334,5.0985
19335,6.8757
19336,7.8918
19337,7.5471
19338,7.428
19339,8.1574
19340,7.2299
19341,7.8195
19342,7.5819
19343,7.5471
19344,6.9123
19345,7.6018
19346,8.0804
19347,7.7289
19348,7.8734
19349,7.4491
19350,8.2904
19351,8.0517
19352,7.5848
19353,7.1772
19354,7.8958
19355,9.118
19356,7.9344
19357,7.3974
19358,7.4491
19359,7.5896
19360,8.9908
19361,7.6441
19362,7.2515
19363,7.4486
19364,7.287
19365,7.9878
19366,7.4182
19367,8.0557
19368,7.5983
19369,7.6018
19370,8.3337
19371,7.6124
19372,8.1493
19373,7.6884
19374,7.1739
19375,7.5239
19376,8.8518
19377,7.6018
19378,7.5998
19379,7.4788
19380,5.9674
19381,7.7834
19382,8.175
19383,7.6018
19384,7.2858
19385,7.9673
19386,7.6018
19387,7.8949
19388,7.7957
19389,8.2436
19390,7.6018
19391,7.5398
19392,7.5013
19393,7.4036
19394,6.8843
19395,7.4012
19396,7.2602
19397,7.3223
19398,7.4562
19399,7.2602
19400,6.7069
19401,7.5272
19402,7.6018
19403,7.656
19404,7.2264
19405,8.048
19406,8.0035
19407,7.0599
19408,7.2931
19409,7.6288
19410,7.8331
19411,7.1343
19412,7.4588
19413,7.9645
19414,7.6767
19415,7.6196
19416,7.6018
19417,8.0014
19418,7.453
19419,7.9492
19420,6.9702
19421,8.5266
19422,7.7607
19423,7.8058
19424,7.7885
19425,7.5077
19426,8.2449
19427,7.5058
19428,8.1327
19429,7.7469
19430,6.8017
19431,8.1389
19432,7.8726
19433,8.1448
19434,7.6189
19435,7.929
19436,7.6448
19437,8.0673
19438,7.4556
19439,7.6594
19440,7.5527
19441,7.4182
19442,7.6715
19443,7.4386
19444,7.7932
19445,7.3653
19446,7.6018
19447,7.5013
19448,7.2602
19449,7.0175
19450,7.7984
19451,7.4562
19452,7.4471
19453,7.2599
19454,7.2602
19455,7.7947
19456,7.4444
19457,8.6089
19458,6.9954
19459,8.8518
19460,7.817
19461,7.2602
19462,8.2449
19463,6.853
19464,8.2618
19465,9.0922
19466,7.5975
19467,7.5723
19468,7.8478
19469,6.2119
19470,7.309
19471,7.2359
19472,7.6194
19473,7.519
19474,7.8122
19475,7.8615
19476,7.6291
19477,7.2012
19478,8.0437
19479,7.347
19480,7.6114
19481,7.647
19482,8.2904
19483,7.6018
19484,8.5004
19485,7.6018
19486,6.8113
19487,7.9756
19488,7.6945
19489,7.8393
19490,7.4803
19491,6.7378
19492,7.936
19493,8.009
19494,7.4693
19495,7.5848
19496,7.638
19497,7.6089
19498,8.8518
19499,8.8855
19500,8.0551
19501,7.3566
19502,7.5874
19503,7.422
19504,6.7937
19505,7.4728
19506,7.9403
19507,7.4225
19508,7.6018
19509,8.2604
19510,6.479
19511,7.1343
19512,7.6018
19513,7.4491
19514,7.9345
19515,7.1552
19516,5.0985
19517,7.2602
19518,7.8142
19519,7.9234
19520,7.5133
19521,7.0921
19522,7.0679
19523,7.5762
19524,7.2141
19525,7.3566
19526,7.814
19527,7.6882
19528,6.8255
19529,7.9786
19530,7.193
19531,7.8871
19532,8.8518
19533,7.6018
19534,8.3206
19535,7.8473
19536,8.2237
19537,7.1473
19538,7.6018
19539,7.8867
19540,7.6018
19541,7.5622
19542,7.2515
19543,7.3297
19544,7.9534
19545,8.6688
19546,7.8569
19547,6.6372
19548,7.7002
19549,6.793
19550,7.592
19551,7.7325
19552,6.8752
19553,7.2154
19554,7.3799
19555,7.5727
19556,7.7289
19557,7.1819
19558,7.1371
19559,7.6834
19560,7.6018
19561,7.3959
19562,7.3653
19563,7.9345
19564,7.4003
19565,7.4178
19566,8.1118
19567,8.5602
19568,5.0985
19569,7.7515
19570,7.5729
19571,7.8341
19572,7.367
19573,7.3127
19574,7.5762
19575,7.7286
19576,8.9003
19577,7.2602
19578,8.8518
19579,7.4913
19580,7.2022
19581,7.2602
19582,7.5471
19583,6.6174
19584,7.9497
19585,7.4924
19586,7.3198
19587,7.4831
19588,7.6018
19589,8.0312
19590,7.6682
19591,7.5841
19592,7.9141
19593,7.1473
19594,8.6989
19595,7.927
19596,7.4562
19597,7.6679
19598,7.7739
19599,7.6741
19600,7.5192
19601,7.2602
19602,6.9174
19603,8.0517
19604,7.9432
19605,7.5636
19606,6.9299
19607,7.6622
19608,8.0026
19609,7.9952
19610,7.816
19611,7.6109
19612,8.193
19613,8.7628
19614,7.9507
19615,7.4008
19616,7.4021
19617,8.0067
19618,7.638
19619,7.3426
19620,7.5424
19621,7.9694
19622,8.174
19623,7.5077
19624,7.7045
19625,7.9479
19626,8.1668
19627,8.8518
19628,7.6457
19629,7.4317
19630,7.8106
19631,6.7784
19632,7.3348
19633,8.5075
19634,7.4629
19635,8.7503
19636,7.5276
19637,6.066
19638,7.1772
19639,7.3566
19640,8.1747
19641,7.6018
19642,8.154
19643,7.344
19644,7.638
19645,7.2602
19646,8.693
19647,7.9912
19648,8.1639
19649,7.1665
19650,7.7225
19651,7.4763
19652,5.9217
19653,8.16
19654,7.9633
19655,8.6253
19656,7.2092
19657,7.7434
19658,7.7061
19659,7.6886
19660,7.6704
19661,7.4149
19662,7.5607
19663,8.2904
19664,7.4513
19665,7.3722
19666,8.5189
19667,8.0636
19668,7.9003
19669,7.6937
19670,7.2564
19671,7.6625
19672,7.3127
19673,7.4307
19674,7.9402
19675,6.7809
19676,7.8695
19677,8.2274
19678,7.6018
19679,7.5323
19680,7.1439
19681,7.5274
19682,8.3851
19683,7.9068
19684,7.3534
19685,7.5458
19686,8.4478
19687,7.7156
19688,9.0017
19689,8.6028
19690,7.3348
19691,7.1509
19692,7.5297
19693,6.7809
19694,7.5077
19695,7.7706
19696,7.7834
19697,7.1749
19698,8.1394
19699,8.8518
19700,7.6937
19701,7.3006
19702,7.6018
19703,5.0985
19704,7.3341
19705,7.2453
19706,7.6263
19707,7.193
19708,7.8196
19709,7.487
19710,7.6682
19711,7.9799
19712,7.4347
19713,7.7994
19714,8.1926
19715,7.8138
19716,7.2781
19717,7.7654
19718,7.6018
19719,7.4944
19720,7.8167
19721,6.4519
19722,8.0604
19723,7.8102
19724,7.2997
19725,8.1257
19726,7.9877
19727,7.638
19728,9.0017
19729,7.6291
19730,7.6018
19731,7.6257
19732,7.3784
19733,7.5925
19734,7.5134
19735,8.156
19736,7.7513
19737,7.4036
19738,6.7731
19739,8.1411
19740,7.287
19741,7.2602
19742,9.1484
19743,7.2679
19744,7.5681
19745,8.0004
19746,7.4449
19747,7.6834
19748,7.5975
19749,5.0985
19750,7.4923
19751,7.5969
19752,7.2079
19753,7.5064
19754,7.493
19755,7.5948
19756,7.9182
19757,7.7651
19758,7.1261
19759,8.287
19760,7.6265
19761,8.6168
19762,7.8109
19763,9.0922
19764,7.464
19765,7.5362
19766,7.5077
19767,7.1943
19768,7.9819
19769,7.5273
19770,7.4182
19771,8.7461
19772,7.65
19773,7.5907
19774,6.8055
19775,7.0892
19776,8.2438
19777,8.0551
19778,8.8518
19779,8.4294
19780,8.3358
19781,7.6682
19782,7.9372
19783,8.0012
19784,8.3016
19785,9.0006
19786,7.4448
19787,7.6826
19788,8.1493
19789,8.4431
19790,7.7694
19791,7.0287
19792,8.0978
19793,7.3653
19794,7.3486
19795,7.5148
19796,6.5005
19797,8.1164
19798,7.0575
19799,7.6919
19800,8.8518
19801,8.5016
19802,6.9921
19803,7.4176
19804,7.7554
19805,7.1607
19806,8.0196
19807,8.4431
19808,5.6095
19809,7.638
19810,7.8814
19811,7.5312
19812,7.5527
19813,6.9299
19814,7.1772
19815,7.8679
19816,7.638
19817,7.6638
19818,7.5471
19819,7.3512
19820,7.4596
19821,7.8941
19822,7.3703
19823,7.0961
19824,7.512
19825,7.7813
19826,8.0013
19827,7.7572
19828,7.9573
19829,7.2233
19830,7.1694
19831,7.6354
19832,7.8645
19833,5.0985
19834,8.2891
19835,6.8645
19836,7.707
19837,7.7218
19838,7.3345
19839,7.493
19840,7.5697
19841,7.4502
19842,5.0985
19843,6.9584
19844,7.5723
19845,7.7011
19846,7.6084
19847,7.6018
19848,8.287
19849,7.566
19850,8.0476
19851,6.6301
19852,7.6018
19853,7.3509
19854,7.5566
19855,7.8035
19856,7.566
19857,7.2905
19858,7.6018
19859,7.6018
19860,7.7744
19861,7.7228
19862,8.0956
19863,8.0949
19864,7.1177
19865,7.7568
19866,7.2109
19867,7.6679
19868,7.287
19869,7.6534
19870,7.5756
19871,8.0009
19872,7.8496
19873,7.4146
19874,8.8518
19875,7.6012
19876,7.0727
19877,7.6844
19878,8.2669
19879,7.6307
19880,6.7116
19881,9.3777
19882,7.2681
19883,8.8404
19884,8.2891
19885,7.7037
19886,6.1809
19887,7.2798
19888,6.8584
19889,7.5896
19890,8.9113
19891,7.6018
19892,8.594
19893,7.8246
19894,8.1404
19895,7.9694
19896,7.3868
19897,7.7289
19898,7.4622
19899,7.233
19900,8.3433
19901,7.2602
19902,7.8604
19903,9.3089
19904,8.1995
19905,7.2389
19906,7.1287
19907,6.2319
19908,7.0007
19909,7.1118
19910,7.4074
19911,8.4431
19912,7.8504
19913,8.2438
19914,8.4128
19915,9.4326
19916,8.0246
19917,7.2611
19918,9.0017
19919,7.3618
19920,5.0985
19921,8.8855
19922,6.5005
19923,7.2389
19924,6.7784
19925,7.5893
19926,7.5886
19927,7.6026
19928,7.1772
19929,8.8518
19930,7.1465
19931,7.5058
19932,7.1772
19933,7.3894
19934,6.6692
19935,6.9354
19936,5.0985
19937,7.8113
19938,7.9105
19939,7.3242
19940,7.6018
19941,8.0847
19942,8.0339
19943,7.3566
19944,7.0366
19945,7.3025
19946,8.3199
19947,8.2177
19948,7.6813
19949,8.042
19950,7.6646
19951,7.5848
19952,7.6018
19953,7.8679
19954,8.1314
19955,7.4839
19956,7.8443
19957,7.6114
19958,7.7628
19959,6.8957
19960,7.8408
19961,7.4036
19962,7.0925
19963,7.6018
19964,7.8475
19965,7.5471
19966,6.3695
19967,7.5818
19968,9.3457
19969,7.5345
19970,8.2866
19971,7.8006
19972,6.479
19973,7.2602
19974,7.4491
19975,7.504
19976,7.7103
19977,7.8814
19978,7.8624
19979,7.6168
19980,8.0006
19981,5.6506
19982,7.7201
19983,7.7555
19984,7.5471
19985,7.4485
19986,7.6265
19987,7.2576
19988,7.2602
19989,7.453
19990,7.6263
19991,7.4711
19992,7.5625
19993,7.6915
19994,7.91
19995,5.6506
19996,7.2602
19997,7.6018
19998,7.6923
19999,7.6996
20000,7.6373
20001,8.2343
20002,7.9138
20003,8.537
20004,5.0985
20005,8.3417
20006,7.7097
20007,8.1041
20008,7.6147
20009,7.8604
20010,7.5951
20011,7.7469
20012,7.6931
20013,7.843
20014,7.2822
20015,7.4182
20016,7.2156
20017,7.0731
20018,7.7281
20019,7.7316
20020,7.6486
20021,7.8649
20022,7.4641
20023,9.1484
20024,7.8842
20025,8.1775
20026,8.1241
20027,7.7991
20028,7.9214
20029,4.2874
20030,7.5312
20031,8.1009
20032,7.0009
20033,7.4736
20034,7.9878
20035,8.8518
20036,7.4051
20037,7.6329
20038,7.6018
20039,7.6336
20040,7.7664
20041,6.7784
20042,5.6506
20043,7.7776
20044,7.4629
20045,7.8246
20046,7.2602
20047,7.2871
20048,7.9018
20049,6.8679
20050,5.6506
20051,7.3348
20052,7.8024
20053,6.0091
20054,7.2602
20055,6.7512
20056,8.0128
20057,7.0416
20058,7.7289
20059,8.8518
20060,7.7663
20061,7.7173
20062,7.4746
20063,7.3766
20064,8.6688
20065,8.3477
20066,7.638
20067,8.1552
20068,7.6466
20069,7.1658
20070,7.3985
20071,7.7386
20072,6.5337
20073,8.1599
20074,7.7411
20075,8.1019
20076,7.6263
20077,7.8379
20078,7.4485
20079,7.6018
20080,7.4669
20081,7.6018
20082,7.2602
20083,7.1676
20084,7.5675
20085,7.1172
20086,7.2717
20087,8.7342
20088,7.5248
20089,5.0985
20090,8.3199
20091,7.787
20092,7.4946
20093,7.2498
20094,7.4732
20095,7.8834
20096,7.756
20097,9.0017
20098,7.233
20099,8.5179
20100,7.9956
20101,7.1521
20102,7.3348
20103,7.5052
20104,7.8051
20105,7.7952
20106,7.3009
20107,7.5735
20108,7.8288
20109,7.3761
20110,7.6306
20111,8.3259
20112,7.5011
20113,7.9059
20114,7.8509
20115,8.8518
20116,8.8777
20117,7.3566
20118,7.443
20119,7.5375
20120,6.8167
20121,8.2183
20122,7.5133
20123,7.5077
20124,7.3971
20125,7.8761
20126,7.8031
20127,7.6515
20128,7.8512
20129,7.5318
20130,7.7179
20131,7.6018
20132,6.6663
20133,7.469
20134,8.3112
20135,7.5848
20136,7.7289
20137,7.4727
20138,8.8518
20139,7.9943
20140,7.4489
20141,7.2617
20142,8.0882
20143,8.2433
20144,7.6018
20145,7.6937
20146,7.7482
20147,7.9912
20148,7.6018
20149,7.4629
20150,8.0721
20151,7.6018
20152,7.0599
20153,8.2904
20154,7.6435
20155,7.8503
20156,7.8853
20157,8.2449
20158,8.0679
20159,7.8061
20160,8.8518
20161,7.4386
20162,6.4556
20163,7.7525
20164,7.3597
20165,7.4756
20166,7.6712
20167,9.1484
20168,7.8353
20169,7.5192
20170,7.5965
20171,8.8518
20172,7.8772
20173,7.4539
20174,7.0783
20175,7.2602
20176,7.7244
20177,7.4141
20178,7.7515
20179,7.9373
20180,8.1641
20181,7.5848
20182,8.7006
20183,7.7445
20184,7.74
20185,7.8198
20186,7.3229
20187,7.8584
20188,8.2209
20189,7.2025
20190,8.1381
20191,7.8889
20192,7.5365
20193,7.9342
20194,7.8348
20195,7.6263
20196,7.7866
20197,7.465
20198,7.4672
20199,7.2007
20200,7.6984
20201,8.0093
20202,7.5718
20203,7.4012
20204,7.9105
20205,6.9721
20206,7.8684
20207,7.54
20208,8.4141
20209,7.5365
20210,7.362
20211,7.8467
20212,7.6679
20213,7.3621
20214,6.8773
20215,7.8275
20216,7.5471
20217,7.5315
20218,7.459
20219,9.0776
20220,8.0117
20221,7.3551
20222,8.8679
20223,8.26
20224,8.1994
20225,7.4804
20226,7.5525
20227,7.7405
20228,7.5893
20229,7.6448
20230,8.0128
20231,7.6018
20232,7.395
20233,6.7081
20234,8.5539
20235,7.787
20236,7.3426
20237,7.1261
20238,7.147
20239,7.6018
20240,7.965
20241,7.8482
20242,7.2602
20243,7.5463
20244,7.6009
20245,7.0299
20246,7.8408
20247,7.5077
20248,7.9878
20249,7.94
20250,7.8272
20251,7.7423
20252,7.2566
20253,7.6843
20254,7.0695
20255,7.2602
20256,8.1588
20257,7.3006
20258,7.6931
20259,7.3607
20260,7.7949
20261,7.638
20262,7.6203
20263,7.5785
20264,7.2201
20265,8.0873
20266,7.5307
20267,7.3566
20268,7.2007
20269,8.0978
20270,7.1775
20271,7.7701
20272,7.2218
20273,7.6345
20274,8.8518
20275,7.7258
20276,7.3348
20277,7.569
20278,7.5165
20279,7.7706
20280,7.5954
20281,7.9666
20282,7.4486
20283,7.2673
20284,7.4472
20285,7.3566
20286,7.2602
20287,6.5658
20288,7.8053
20289,7.1677
20290,7.5504
20291,7.6911
20292,7.9185
20293,8.1749
20294,7.6018
20295,7.5975
20296,9.06
20297,7.5975
20298,7.7506
20299,7.4933
20300,7.9056
20301,7.8648
20302,8.5539
20303,7.6411
20304,7.4864
20305,7.6018
20306,7.5957
20307,8.26
20308,7.4012
20309,7.638
20310,7.6886
20311,8.4658
20312,7.2602
20313,7.2602
20314,7.9912
20315,7.5148
20316,7.4063
20317,7.386
20318,7.5417
20319,7.5243
20320,7.568
20321,8.0013
20322,7.3775
20323,8.8518
20324,7.6839
20325,7.3191
20326,7.9181
20327,8.0935
20328,7.8506
20329,8.0322
20330,8.3899
20331,7.8506
20332,7.4757
20333,7.6307
20334,7.5475
20335,7.6978
20336,7.3597
20337,7.501
20338,8.1118
20339,7.519
20340,8.0551
20341,7.6554
20342,8.8518
20343,6.8584
20344,7.6009
20345,7.5718
20346,7.6018
20347,5.6506
20348,7.7322
20349,7.6404
20350,7.7953
20351,7.6456
20352,7.6752
20353,7.7058
20354,7.3616
20355,7.638
20356,8.0484
20357,7.2602
20358,7.205
20359,7.3566
20360,7.2907
20361,7.5636
20362,8.0467
20363,7.2636
20364,7.7345
20365,8.102
20366,7.5103
20367,5.6095
20368,7.6509
20369,8.2884
20370,7.1473
20371,7.7963
20372,8.0978
20373,7.9254
20374,8.1426
20375,7.5274
20376,7.8338
20377,7.2112
20378,7.3607
20379,7.1886
20380,7.3939
20381,8.1859
20382,8.8523
20383,7.3345
20384,7.5482
20385,7.3348
20386,7.7511
20387,9.3089
20388,7.6682
20389,7.858
20390,8.1775
20391,7.6804
20392,8.0498
20393,7.7511
20394,8.8518
20395,7.7226
20396,7.7293
20397,7.3504
20398,7.3277
20399,7.5848
20400,8.6168
20401,7.5471
20402,7.4548
20403,9.4326
20404,7.2887
20405,7.4769
20406,7.1344
20407,7.806
20408,7.1886
20409,7.525
20410,7.6909
20411,7.2602
20412,7.7515
20413,7.9878
20414,8.1447
20415,7.5794
20416,7.5388
20417,7.3475
20418,7.9104
20419,7.0727
20420,7.5893
20421,7.3405
20422,7.6018
20423,7.4629
20424,7.8343
20425,7.9408
20426,7.3804
20427,7.5566
20428,9.0017
20429,7.7484
20430,7.4794
20431,7.4769
20432,7.6018
20433,7.8761
20434,8.8518
20435,7.5764
20436,7.4847
20437,7.6051
20438,7.2558
20439,7.638
20440,7.8344
20441,7.638
20442,7.5579
20443,7.1924
20444,6.9449
20445,8.1036
20446,7.4804
20447,8.1599
20448,6.7523
20449,8.2115
20450,7.5475
20451,7.608
20452,8.5721
20453,8.8518
20454,7.8191
20455,8.0006
20456,6.9009
20457,7.638
20458,7.6506
20459,7.3761
20460,7.7212
20461,8.1995
20462,7.5365
20463,7.6937
20464,8.0912
20465,7.5077
20466,7.6622
20467,7.5681
20468,7.881
20469,8.693
20470,7.9878
20471,7.2866
20472,5.6506
20473,8.0182
20474,7.7741
20475,7.6018
20476,7.6018
20477,7.5398
20478,7.6018
20479,7.2051
20480,7.8231
20481,7.4189
20482,7.9138
20483,8.8518
20484,7.9878
20485,7.4643
20486,7.8436
20487,7.1441
20488,7.1312
20489,8.0727
20490,8.242
20491,7.2156
20492,7.512
20493,7.6799
20494,7.441
20495,6.8843
20496,7.5658
20497,7.6947
20498,7.511
20499,7.575
20500,6.5005
20501,7.722
20502,8.0003
20503,7.638
20504,7.638
20505,7.6448
20506,7.5471
20507,7.8616
20508,7.711
20509,7.8509
20510,7.7904
20511,7.645
20512,7.5848
20513,7.9317
20514,7.7419
20515,8.0006
20516,7.4182
20517,7.6968
20518,7.2515
20519,7.5527
20520,8.042
20521,7.5499
20522,7.1772
20523,7.6018
20524,7.0679
20525,5.0985
20526,7.5166
20527,8.015
20528,7.6018
20529,8.3085
20530,8.0827
20531,7.9245
20532,9.0922
20533,9.2859
20534,7.5527
20535,8.8518
20536,7.7179
20537,6.9364
20538,7.6018
20539,7.8944
20540,7.6697
20541,8.0551
20542,7.4074
20543,7.7474
20544,7.6263
20545,7.5058
20546,7.0448
20547,7.2509
20548,7.2155
20549,6.6372
20550,8.8518
20551,7.1834
20552,7.6287
20553,8.1023
20554,9.3877
20555,7.3651
20556,7.5016
20557,8.1466
20558,5.6506
20559,8.2829
20560,7.8604
20561,7.7515
20562,7.4563
20563,7.6725
20564,7.5639
20565,7.554
20566,7.1772
20567,8.7708
20568,6.0005
20569,8.7351
20570,7.2602
20571,8.3167
20572,7.9876
20573,7.5475
20574,7.9878
20575,8.8518
20576,5.9383
20577,7.8386
20578,7.7753
20579,7.4629
20580,7.7378
20581,5.6506
20582,7.8194
20583,7.8577
20584,7.7594
20585,7.6124
20586,7.8887
20587,6.8263
20588,7.7317
20589,7.7218
20590,7.6018
20591,7.4429
20592,7.8327
20593,7.907
20594,7.7151
20595,7.1205
20596,7.3446
20597,7.693
20598,7.6018
20599,7.6221
20600,8.1552
20601,7.6263
20602,7.138
20603,7.638
20604,7.8367
20605,7.6018
20606,7.2496
20607,7.4182
20608,6.3686
20609,7.6458
20610,8.1314
20611,7.6018
20612,7.8814
20613,7.2307
20614,7.7345
20615,7.4228
20616,7.7116
20617,7.2133
20618,7.6105
20619,8.8518
20620,8.3587
20621,7.2794
20622,8.0009
20623,8.3555
20624,7.5925
20625,7.5077
20626,8.0412
20627,7.7077
20628,7.4566
20629,7.8972
20630,7.1909
20631,7.6937
20632,8.193
20633,7.5386
20634,8.2601
20635,8.0954
20636,7.5925
20637,6.8424
20638,8.5357
20639,7.8772
20640,7.6457
20641,7.5305
20642,8.7296
20643,7.7342
20644,7.4984
20645,7.8034
20646,7.0671
20647,7.5471
20648,7.4689
20649,7.6018
20650,7.6353
20651,7.9807
20652,7.6818
20653,7.719
20654,7.4119
20655,7.8698
20656,5.6506
20657,7.9994
20658,7.6018
20659,8.5562
20660,7.309
20661,7.6018
20662,7.2389
20663,7.4385
20664,5.0985
20665,7.6018
20666,7.1772
20667,7.5956
20668,7.6084
20669,7.2602
20670,7.9253
20671,7.416
20672,8.1995
20673,8.2032
20674,7.738
20675,8.2427
20676,7.216
20677,7.7818
20678,8.8518
20679,7.7125
20680,7.638
20681,7.0485
20682,8.4103
20683,7.7181
20684,7.6018
20685,7.9435
20686,7.8774
20687,7.5636
20688,8.2754
20689,7.4946
20690,7.6937
20691,7.0887
20692,7.8246
20693,7.2602
20694,8.1113
20695,8.7296
20696,7.6722
20697,7.5398
20698,7.7744
20699,7.4949
20700,7.6693
20701,6.3682
20702,8.6989
20703,8.3456
20704,7.2429
20705,7.6018
20706,8.0313
20707,7.3891
20708,7.4683
20709,7.2744
20710,7.001
20711,5.6506
20712,6.8843
20713,7.3287
20714,7.6851
20715,8.8518
20716,6.5499
20717,7.7849
20718,7.6728
20719,7.3716
20720,7.7719
20721,8.1254
20722,8.0961
20723,7.4182
20724,8.3417
20725,7.6763
20726,7.6018
20727,6.7866
20728,7.1772
20729,8.6688
20730,7.7333
20731,8.3085
20732,7.5386
20733,7.7227
20734,7.2558
20735,7.6108
20736,7.6968
20737,7.9138
20738,7.6018
20739,5.8875
20740,7.3653
20741,5.9627
20742,8.417
20743,7.2267
20744,7.4036
20745,7.2602
20746,7.5276
20747,7.6018
20748,6.6558
20749,7.3392
20750,6.1809
20751,7.0471
20752,7.233
20753,7.9683
20754,7.5058
20755,7.6018
20756,8.2089
20757,7.6939
20758,7.6551
20759,7.2602
20760,7.1161
20761,7.2744
20762,7.6545
20763,7.2209
20764,7.5011
20765,7.6018
20766,8.8518
20767,7.2983
20768,7.6018
20769,7.4372
20770,7.5975
20771,7.6992
20772,8.2669
20773,7.2602
20774,7.4036
20775,7.5282
20776,7.858
20777,7.6273
20778,7.5475
20779,6.8535
20780,7.7502
20781,7.354
20782,7.638
20783,7.638
20784,7.756
20785,7.4012
20786,7.5719
20787,7.9245
20788,7.7136
20789,8.0545
20790,7.3758
20791,8.1809
20792,9.1484
20793,7.8534
20794,8.5583
20795,9.3089
20796,7.9878
20797,5.0985
20798,7.5636
20799,7.6018
20800,7.6018
20801,7.3448
20802,7.5196
20803,7.7536
20804,7.6941
20805,7.9001
20806,8.3509
20807,7.433
20808,7.756
20809,7.7706
20810,7.5004
20811,7.766
20812,7.8132
20813,7.6018
20814,7.6018
20815,7.1438
20816,8.1848
20817,6.3686
20818,7.3739
20819,7.8136
20820,8.1674
20821,7.6018
20822,7.633
20823,8.0378
20824,8.5259
20825,7.8602
20826,9.0017
20827,7.4642
20828,8.2449
20829,6.7361
20830,7.5471
20831,7.1437
20832,7.5807
20833,6.7649
20834,7.4642
20835,7.3509
20836,7.5836
20837,8.37
20838,7.7098
20839,7.5299
20840,7.638
20841,8.8518
20842,7.6408
20843,7.8339
20844,7.4491
20845,7.4642
20846,7.8084
20847,7.8026
20848,8.4534
20849,7.0667
20850,7.6529
20851,7.6192
20852,7.8481
20853,7.277
20854,6.8192
20855,7.924
20856,7.7061
20857,7.6903
20858,7.3653
20859,6.7507
20860,7.5471
20861,7.656
20862,7.4894
20863,6.8843
20864,7.4622
20865,7.9817
20866,7.6018
20867,7.7282
20868,8.4478
20869,7.6742
20870,7.8421
20871,7.7648
20872,7.6882
20873,8.0382
20874,7.1772
20875,7.6018
20876,7.558
20877,7.6682
20878,6.5336
20879,7.638
20880,7.5015
20881,7.5697
20882,8.8518
20883,7.5848
20884,7.3084
20885,7.6018
20886,7.2602
20887,7.6018
20888,7.6018
20889,7.4107
20890,7.638
20891,7.6018
20892,7.7503
20893,7.2602
20894,7.4036
20895,7.3465
20896,7.5036
20897,6.987
20898,7.5269
20899,7.4378
20900,5.0985
20901,8.0213
20902,7.3131
20903,8.1198
20904,7.1306
20905,7.1701
20906,8.319
20907,7.2218
20908,8.0692
20909,7.6986
20910,7.6535
20911,7.2321
20912,7.6018
20913,7.6816
20914,7.7475
20915,7.9855
20916,8.0137
20917,7.9878
20918,7.4502
20919,7.5843
20920,7.3582
20921,7.2115
20922,7.2071
20923,5.0985
20924,8.4649
20925,7.656
20926,7.9032
20927,6.4423
20928,6.3061
20929,7.5471
20930,7.4115
20931,7.1078
20932,7.7733
20933,7.2602
20934,7.2602
20935,7.9649
20936,7.6018
20937,7.5778
20938,5.9674
20939,7.3182
20940,8.0044
20941,7.6018
20942,8.8523
20943,7.5516
20944,6.8843
20945,7.5077
20946,8.1151
20947,7.7744
20948,8.6858
20949,7.5458
20950,7.9683
20951,7.6603
20952,7.4423
20953,8.1926
20954,8.175
20955,7.9921
20956,6.6441
20957,7.6308
20958,7.1607
20959,8.2225
20960,7.5718
20961,7.9878
20962,7.8925
20963,7.5305
20964,7.8213
20965,7.4427
20966,7.2077
20967,7.3069
20968,7.8198
20969,7.4562
20970,7.9177
20971,7.6682
20972,7.2602
20973,7.4944
20974,7.6018
20975,7.6018
20976,7.8081
20977,7.6799
20978,7.8681
20979,7.8127
20980,7.2967
20981,8.2472
20982,7.5893
20983,7.1424
20984,7.4946
20985,7.6018
20986,6.8305
20987,8.0679
20988,7.2615
20989,7.9052
20990,7.127
20991,7.2218
20992,7.551
20993,7.3653
20994,7.3401
20995,7.2975
20996,6.1809
20997,7.4116
20998,7.3653
20999,7.2699
21000,7.8894
21001,8.0197
21002,7.6947
21003,7.2182
21004,7.9427
21005,8.5207
21006,6.6372
21007,7.3481
21008,8.8518
21009,8.0312
21010,7.2075
21011,9.3089
21012,7.3879
21013,7.6511
21014,8.1191
21015,6.8935
21016,9.2946
21017,7.6435
21018,7.4822
21019,7.6679
21020,7.5928
21021,7.0009
21022,7.6018
21023,8.0429
21024,6.4137
21025,8.3685
21026,7.7515
21027,7.5841
21028,7.5799
21029,8.1299
21030,8.7592
21031,7.2602
21032,7.277
21033,6.808
21034,7.7353
21035,7.4946
21036,8.5049
21037,7.787
21038,7.7515
21039,7.4389
21040,7.6018
21041,8.1939
21042,6.3686
21043,7.386
21044,6.5015
21045,7.1834
21046,7.386
21047,7.4554
21048,9.0922
21049,8.2257
21050,7.6054
21051,8.4431
21052,5.6506
21053,7.8384
21054,7.6682
21055,7.6554
21056,8.4271
21057,7.4373
21058,7.4352
21059,7.7289
21060,5.0985
21061,7.2511
21062,8.0515
21063,7.5196
21064,7.5719
21065,6.4423
21066,7.5077
21067,7.4917
21068,8.2322
21069,8.8518
21070,7.4309
21071,7.6353
21072,7.9842
21073,7.9608
21074,8.8518
21075,8.028
21076,7.5485
21077,7.2321
21078,7.5318
21079,6.5259
21080,7.5471
21081,7.2602
21082,7.9743
21083,7.8704
21084,7.654
21085,7.6795
21086,7.2602
21087,7.2281
21088,7.8779
21089,7.7299
21090,7.0318
21091,7.2925
21092,7.5077
21093,6.7081
21094,7.417
21095,7.3345
21096,8.3164
21097,8.8518
21098,7.855
21099,7.1772
21100,6.4882
21101,8.0184
21102,7.2262
21103,7.7289
21104,7.3636
21105,7.5115
21106,7.5395
21107,8.8518
21108,5.0985
21109,7.6018
21110,7.4198
21111,7.5746
21112,7.2694
21113,7.5471
21114,7.5015
21115,7.9701
21116,7.7252
21117,8.1085
21118,7.6614
21119,7.3084
21120,7.6677
21121,7.7395
21122,7.6957
21123,7.3808
21124,7.3738
21125,7.4001
21126,7.9878
21127,7.4847
21128,8.7351
21129,7.6018
21130,7.5389
21131,7.5016
21132,7.2602
21133,9.0017
21134,7.7289
21135,7.4382
21136,7.2924
21137,5.6506
21138,7.8086
21139,7.7627
21140,7.4513
21141,7.3649
21142,6.2319
21143,7.2347
21144,8.6168
21145,7.5527
21146,8.0015
21147,9.3089
21148,7.5289
21149,9.0017
21150,7.6018
21151,7.3175
21152,8.41
21153,7.2602
21154,7.381
21155,7.8814
21156,7.9792
21157,6.066
21158,7.6168
21159,7.7761
21160,7.6954
21161,7.4746
21162,7.1886
21163,7.3492
21164,7.5723
21165,7.6012
21166,7.7036
21167,7.2697
21168,7.5819
21169,7.9245
21170,7.6257
21171,7.7289
21172,7.2491
21173,6.4409
21174,7.8814
21175,7.6949
21176,7.8526
21177,7.6018
21178,4.2874
21179,5.5443
21180,7.6168
21181,8.0435
21182,7.9454
21183,8.6199
21184,7.869
21185,7.1792
21186,7.7706
21187,7.6012
21188,7.8698
21189,7.9479
21190,7.7305
21191,8.0641
21192,7.6057
21193,7.2285
21194,7.5077
21195,7.9797
21196,7.2309
21197,7.7243
21198,7.0009
21199,8.2443
21200,7.4446
21201,7.5004
21202,7.7566
21203,7.5228
21204,7.0854
21205,8.8518
21206,8.2199
21207,7.3122
21208,7.571
21209,6.9345
21210,7.3844
21211,7.319
21212,7.4158
21213,7.9391
21214,8.2367
21215,7.3764
21216,7.7864
21217,7.5899
21218,7.9463
21219,7.5848
21220,8.1926
21221,7.3958
21222,7.5729
21223,7.3348
21224,9.0017
21225,6.1809
21226,7.732
21227,7.6214
21228,7.5445
21229,7.5889
21230,7.5011
21231,7.2829
21232,7.6438
21233,7.8542
21234,7.7515
21235,7.6448
21236,7.7915
21237,7.5848
21238,7.1261
21239,7.6687
21240,7.3091
21241,7.638
21242,8.4734
21243,7.9303
21244,7.6168
21245,7.6018
21246,7.5563
21247,8.6089
21248,7.9977
21249,7.3319
21250,7.7116
21251,7.544
21252,7.2321
21253,7.8862
21254,8.5639
21255,7.511
21256,5.1918
21257,7.4887
21258,7.5463
21259,7.3859
21260,5.1918
21261,7.1544
21262,7.6018
21263,8.1121
21264,7.2744
21265,7.7378
21266,9.3089
21267,7.9133
21268,7.858
21269,7.8281
21270,8.6989
21271,7.7289
21272,7.6018
21273,7.6018
21274,7.9067
21275,8.3265
21276,8.1802
21277,7.0561
21278,7.3348
21279,8.3017
21280,7.3894
21281,8.6989
21282,7.9849
21283,7.8213
21284,7.638
21285,7.4642
21286,7.4596
21287,7.876
21288,9.4326
21289,7.5921
21290,8.2864
21291,9.3457
21292,7.1343
21293,7.7431
21294,7.8198
21295,6.7784
21296,7.8199
21297,5.9339
21298,7.5115
21299,5.0985
21300,7.8619
21301,7.127
21302,7.5467
21303,7.688
21304,7.4872
21305,8.1747
21306,5.0985
21307,7.4509
21308,8.2935
21309,7.8274
21310,7.8119
21311,7.1792
21312,6.094
21313,7.6287
21314,7.7546
21315,7.6018
21316,7.8116
21317,7.8136
21318,7.8963
21319,7.4012
21320,7.3269
21321,7.721
21322,7.2602
21323,7.2837
21324,7.638
21325,7.5957
21326,7.0009
21327,7.0764
21328,8.6029
21329,8.2467
21330,6.7557
21331,8.1327
21332,7.147
21333,7.1045
21334,7.2194
21335,8.0602
21336,7.5873
21337,7.4447
21338,7.4275
21339,5.6506
21340,8.0085
21341,7.5014
21342,7.6678
21343,7.5636
21344,7.7007
21345,7.287
21346,7.6682
21347,7.6018
21348,9.3089
21349,7.8367
21350,7.7058
21351,7.653
21352,7.8348
21353,7.3653
21354,8.0917
21355,7.8141
21356,7.3084
21357,6.8908
21358,7.646
21359,7.3822
21360,7.2602
21361,7.2602
21362,7.6574
21363,7.787
21364,7.2602
21365,7.6844
21366,7.1607
21367,7.5345
21368,7.2543
21369,7.0679
21370,7.0328
21371,7.638
21372,7.5434
21373,7.2602
21374,8.8518
21375,7.4036
21376,8.537
21377,8.0727
21378,7.3343
21379,8.1004
21380,7.7289
21381,7.5364
21382,7.2602
21383,7.8619
21384,7.7895
21385,7.5477
21386,7.3691
21387,7.648
21388,7.602
21389,8.048
21390,7.6617
21391,7.7908
21392,7.6787
21393,7.7169
21394,7.7599
21395,7.8034
21396,7.3099
21397,7.6682
21398,7.7437
21399,8.3022
21400,7.6018
21401,7.6413
21402,7.0636
21403,7.3584
21404,8.8523
21405,8.2438
21406,7.5893
21407,7.4656
21408,7.5035
21409,7.6112
21410,7.3035
21411,7.2602
21412,7.8167
21413,7.5707
21414,7.5471
21415,7.4306
21416,7.638
21417,8.1041
21418,8.3358
21419,5.1918
21420,7.2602
21421,7.4629
21422,5.6506
21423,7.6018
21424,7.6018
21425,5.9674
21426,7.0528
21427,7.7917
21428,7.524
21429,7.2602
21430,7.8939
21431,5.0985
21432,7.6018
21433,5.0985
21434,7.7651
21435,7.5303
21436,8.1682
21437,5.9172
21438,7.5471
21439,7.7648
21440,7.7549
21441,7.5631
21442,7.5848
21443,6.6237
21444,7.1772
21445,7.6675
21446,7.7757
21447,7.5813
21448,7.6197
21449,7.6018
21450,6.5049
21451,7.5247
21452,7.5471
21453,8.0006
21454,7.4879
21455,7.5066
21456,7.5424
21457,8.1434
21458,8.3338
21459,7.783
21460,7.6018
21461,7.4628
21462,8.1521
21463,5.1918
21464,8.8518
21465,7.3016
21466,7.2057
21467,7.7814
21468,8.1493
21469,8.8777
21470,7.9673
21471,6.2119
21472,8.0722
21473,7.4885
21474,7.6018
21475,7.5689
21476,7.6555
21477,7.3566
21478,5.0985
21479,7.6981
21480,9.118
21481,8.5126
21482,8.0602
21483,7.1441
21484,8.3586
21485,7.9067
21486,7.5467
21487,8.46
21488,7.5016
21489,7.638
21490,7.8604
21491,8.1552
21492,6.3682
21493,7.5556
21494,8.3358
21495,7.5392
21496,7.726
21497,7.5071
21498,7.8111
21499,7.5471
21500,7.6886
21501,7.5458
21502,7.5225
21503,7.3091
21504,8.0009
21505,7.6018
21506,7.7144
21507,7.7289
21508,7.5115
21509,8.8777
21510,7.6164
21511,7.5973
21512,7.4107
21513,7.4946
21514,7.6483
21515,7.7917
21516,7.354
21517,8.3003
21518,7.821
21519,7.5723
21520,7.376
21521,7.5872
21522,7.6018
21523,7.1309
21524,7.4725
21525,7.611
21526,7.6018
21527,7.2602
21528,7.6455
21529,7.9451
21530,7.0779
21531,8.1085
21532,7.6161
21533,7.7984
21534,7.6263
21535,7.5911
21536,7.4182
21537,8.2951
21538,7.638
21539,7.606
21540,9.3089
21541,7.5008
21542,7.4874
21543,7.1677
21544,6.787
21545,7.6471
21546,8.2449
21547,7.7542
21548,7.3566
21549,8.2156
21550,7.5925
21551,8.194
21552,8.1195
21553,7.8198
21554,6.8136
21555,8.3167
21556,8.3015
21557,7.8983
21558,7.3566
21559,7.787
21560,8.6168
21561,7.5848
21562,5.0985
21563,8.3134
21564,7.5021
21565,7.6018
21566,7.4296
21567,7.9743
21568,7.6682
21569,8.8518
21570,7.7289
21571,7.3019
21572,7.6018
21573,8.0673
21574,8.2156
21575,7.5848
21576,7.4562
21577,7.6012
21578,5.0985
21579,7.5448
21580,8.2904
21581,7.8851
21582,7.4805
21583,8.1404
21584,8.1689
21585,7.3167
21586,7.6425
21587,7.0203
21588,7.7686
21589,8.3167
21590,7.001
21591,8.1064
21592,7.1159
21593,8.0007
21594,7.2602
21595,7.7596
21596,7.8106
21597,7.6105
21598,7.828
21599,7.6018
21600,7.2515
21601,7.564
21602,7.8819
21603,7.5799
21604,7.5139
21605,8.8518
21606,7.3653
21607,9.0017
21608,7.8012
21609,7.9594
21610,5.0985
21611,8.0015
21612,7.589
21613,8.0007
21614,7.314
21615,7.8677
21616,7.8432
21617,7.3901
21618,7.8343
21619,7.9878
21620,7.6054
21621,7.4643
21622,7.4182
21623,7.1552
21624,7.9427
21625,7.7485
21626,7.5015
21627,7.7677
21628,7.867
21629,8.4226
21630,7.3884
21631,7.7282
21632,7.2987
21633,7.9605
21634,7.3653
21635,7.3962
21636,9.2319
21637,7.3512
21638,7.4551
21639,7.1308
21640,7.7628
21641,8.1865
21642,7.5274
21643,7.7706
21644,7.2566
21645,7.0679
21646,7.4036
21647,7.4062
21648,7.5083
21649,8.8518
21650,7.3653
21651,7.2363
21652,8.0727
21653,7.4039
21654,7.5225
21655,7.2602
21656,7.1476
21657,7.3554
21658,7.7895
21659,7.6018
21660,7.5077
21661,7.5225
21662,7.5413
21663,6.5006
21664,7.4565
21665,8.3127
21666,7.6018
21667,7.7122
21668,7.7177
21669,7.5483
21670,8.4108
21671,8.287
21672,7.6819
21673,6.0536
21674,6.1809
21675,7.9245
21676,7.6018
21677,7.4877
21678,7.3582
21679,4.2874
21680,7.3566
21681,7.6018
21682,7.6927
21683,7.4936
21684,7.6149
21685,8.4431
21686,8.4431
21687,7.5154
21688,8.8448
21689,7.1251
21690,7.5597
21691,7.6018
21692,6.1809
21693,7.7788
21694,7.5417
21695,8.4478
21696,7.6168
21697,7.4735
21698,6.9587
21699,7.4905
21700,8.1257
21701,8.0271
21702,7.8475
21703,8.693
21704,6.8829
21705,8.1509
21706,7.2602
21707,7.5757
21708,9.0017
21709,7.565
21710,7.1674
21711,8.8518
21712,7.4317
21713,7.2366
21714,6.5362
21715,7.0337
21716,6.8513
21717,9.0001
21718,7.8348
21719,7.5782
21720,7.6291
21721,6.9968
21722,7.501
21723,7.2602
21724,7.4036
21725,7.6018
21726,6.3682
21727,7.6018
21728,7.4182
21729,9.3089
21730,7.3807
21731,8.8518
21732,7.4107
21733,8.4431
21734,7.1432
21735,7.2602
21736,7.6263
21737,7.8198
21738,6.9329
21739,7.5305
21740,7.3899
21741,7.5398
21742,7.2602
21743,7.5443
21744,7.8983
21745,8.8518
21746,6.5419
21747,7.4386
21748,7.2602
21749,5.1918
21750,7.3232
21751,7.2013
21752,7.6323
21753,7.3136
21754,7.4331
21755,7.7863
21756,7.114
21757,8.1085
21758,8.6509
21759,7.4551
21760,8.2084
21761,7.2078
21762,7.5077
21763,8.6736
21764,7.6018
21765,7.524
21766,5.1918
21767,8.8518
21768,7.5471
21769,7.6018
21770,5.1918
21771,7.3761
21772,7.5339
21773,7.7162
21774,8.1932
21775,7.8343
21776,7.4708
21777,7.422
21778,7.6886
21779,7.6018
21780,7.932
21781,7.5471
21782,7.4385
21783,7.8807
21784,7.1427
21785,7.643
21786,6.2119
21787,7.6018
21788,7.3966
21789,9.0017
21790,7.3763
21791,7.2303
21792,7.6834
21793,7.3566
21794,7.9017
21795,7.2602
21796,7.5408
21797,7.4039
21798,8.6688
21799,7.3533
21800,8.8518
21801,8.1854
21802,8.2891
21803,7.7325
21804,5.4897
21805,7.6066
21806,7.7007
21807,7.908
21808,7.6261
21809,8.1383
21810,7.4522
21811,7.7682
21812,7.5424
21813,7.2286
21814,8.2072
21815,7.8513
21816,7.6462
21817,7.5524
21818,8.1545
21819,7.9445
21820,7.4575
21821,7.5335
21822,7.4407
21823,7.8198
21824,7.2228
21825,7.1964
21826,8.3167
21827,8.1552
21828,7.5077
21829,7.9892
21830,7.3584
21831,7.345
21832,7.8185
21833,7.7289
21834,7.5312
21835,6.584
21836,7.203
21837,7.8757
21838,7.7816
21839,6.2182
21840,7.9796
21841,7.8116
21842,6.3248
21843,7.717
21844,7.6018
21845,7.3582
21846,7.3175
21847,7.501
21848,6.2366
21849,7.4285
21850,8.3337
21851,7.2877
21852,6.5115
21853,7.3343
21854,8.1257
21855,7.9878
21856,7.7706
21857,7.3692
21858,7.5037
21859,7.3009
21860,7.7318
21861,7.2214
21862,7.5216
21863,7.3554
21864,7.6066
21865,7.8467
21866,7.4519
21867,9.3426
21868,9.0017
21869,7.6018
21870,8.3079
21871,7.2749
21872,7.3818
21873,7.5305
21874,7.1473
21875,8.0009
21876,8.6168
21877,7.3695
21878,5.6095
21879,8.1198
21880,7.3566
21881,7.8234
21882,7.5568
21883,7.6339
21884,7.6018
21885,7.5239
21886,7.4804
21887,7.4732
21888,7.6852
21889,7.0566
21890,7.6881
21891,7.5471
21892,7.4522
21893,7.4081
21894,8.0835
21895,7.7515
21896,6.6558
21897,7.818
21898,7.9555
21899,7.8009
21900,7.1471
21901,7.3384
21902,7.4605
21903,7.4617
21904,7.4363
21905,8.1684
21906,7.6018
21907,7.621
21908,6.7884
21909,7.9083
21910,7.5741
21911,7.5015
21912,8.3358
21913,7.4011
21914,7.0863
21915,7.5345
21916,7.1844
21917,7.5237
21918,7.3807
21919,7.23
21920,7.5077
21921,8.2115
21922,7.6658
21923,7.475
21924,8.3868
21925,7.6018
21926,7.4092
21927,5.6095
21928,7.5244
21929,7.6679
21930,7.6018
21931,8.001
21932,7.2115
21933,7.7289
21934,7.5986
21935,8.0551
21936,7.4562
21937,7.0016
21938,7.2744
21939,5.4669
21940,7.8516
21941,8.009
21942,7.453
21943,7.7792
21944,7.8198
21945,7.5171
21946,6.8954
21947,7.6771
21948,7.6138
21949,7.6569
21950,7.6743
21951,7.9102
21952,8.8523
21953,7.0359
21954,7.5015
21955,7.3485
21956,8.2636
21957,6.8212
21958,7.3566
21959,7.5729
21960,6.9009
21961,7.9206
21962,7.7996
21963,7.5956
21964,7.843
21965,7.6018
21966,7.7866
21967,7.9107
21968,7.9866
21969,7.6728
21970,8.1357
21971,6.8017
21972,7.7266
21973,7.5471
21974,7.6018
21975,7.0274
21976,7.5848
21977,7.7226
21978,7.8261
21979,7.8287
21980,8.7351
21981,7.6368
21982,8.417
21983,7.1312
21984,7.3533
21985,7.7255
21986,7.6254
21987,8.7843
21988,7.638
21989,8.1995
21990,8.4084
21991,8.1704
21992,7.345
21993,8.0932
21994,7.6018
21995,7.4562
21996,8.175
21997,7.6705
21998,7.5213
21999,7.2602
22000,7.5306
22001,8.26
22002,5.0985
22003,7.6937
22004,7.3818
22005,7.4679
22006,7.4105
22007,7.259
22008,8.2355
22009,7.4902
22010,7.8464
22011,7.6758
22012,7.2673
22013,7.6762
22014,8.0011
22015,7.4738
22016,7.8198
22017,7.7345
22018,7.8177
22019,7.082
22020,7.6442
22021,7.4292
22022,7.5369
22023,8.0009
22024,7.4182
22025,7.2602
22026,7.4173
22027,7.5243
22028,7.8198
22029,7.4746
22030,7.757
22031,8.6732
22032,8.4018
22033,7.0392
22034,7.501
22035,7.5755
22036,7.6575
22037,7.6018
22038,7.4622
22039,7.345
22040,8.8518
22041,7.6672
22042,7.5977
22043,7.5007
22044,7.4309
22045,7.7385
22046,7.6682
22047,7.8594
22048,5.6506
22049,7.4225
22050,8.0978
22051,7.415
22052,7.867
22053,7.6168
22054,8.0407
22055,7.0727
22056,7.5471
22057,7.1204
22058,7.1251
22059,6.843
22060,8.048
22061,8.4407
22062,7.6792
22063,5.9674
22064,6.3238
22065,7.667
22066,7.7219
22067,7.1113
22068,7.2602
22069,6.8715
22070,7.6009
22071,7.6064
22072,6.488
22073,7.8085
22074,7.6442
22075,7.5392
22076,7.2558
22077,8.1741
22078,6.855
22079,5.0985
22080,7.7705
22081,7.5339
22082,8.7665
22083,7.787
22084,7.6288
22085,8.2449
22086,7.9013
22087,7.1443
22088,7.7603
22089,7.2602
22090,7.5077
22091,8.7713
22092,7.3348
22093,7.6018
22094,5.0985
22095,7.4509
22096,7.3653
22097,7.6018
22098,7.7887
22099,7.8941
22100,8.8518
22101,7.6189
22102,7.2744
22103,5.3832
22104,7.7394
22105,7.8679
22106,7.8012
22107,8.5494
22108,7.5369
22109,8.3596
22110,7.6089
22111,7.6508
22112,7.02
22113,7.3133
22114,7.1713
22115,7.8736
22116,8.1041
22117,7.9878
22118,7.6018
22119,7.7178
22120,7.6931
22121,7.6659
22122,8.5368
22123,7.1227
22124,7.5638
22125,6.8957
22126,7.3927
22127,8.1357
22128,8.6352
22129,4.2874
22130,7.4735
22131,8.5239
22132,7.5404
22133,7.7111
22134,7.4119
22135,7.6932
22136,7.4225
22137,7.6665
22138,7.5434
22139,7.3244
22140,7.0893
22141,7.6765
22142,8.4152
22143,7.1455
22144,8.0339
22145,7.7515
22146,7.8079
22147,7.397
22148,7.4182
22149,7.4332
22150,7.5401
22151,7.4822
22152,7.417
22153,7.4726
22154,7.2602
22155,7.6452
22156,7.787
22157,7.7666
22158,7.6018
22159,7.5886
22160,7.5687
22161,5.0985
22162,7.1852
22163,7.7398
22164,7.0015
22165,7.8084
22166,8.5694
22167,8.6089
22168,7.8153
22169,7.8348
22170,8.2735
22171,7.7045
22172,7.1449
22173,7.5486
22174,7.8459
22175,7.0589
22176,9.0017
22177,7.4135
22178,7.6867
22179,7.4036
22180,7.4644
22181,7.0636
22182,7.6441
22183,7.6018
22184,7.5879
22185,7.9317
22186,7.5794
22187,7.4836
22188,7.8198
22189,9.0248
22190,6.2389
22191,8.4431
22192,7.5471
22193,7.4334
22194,7.9776
22195,7.563
22196,7.7098
22197,7.287
22198,7.5605
22199,8.1493
22200,7.7515
22201,8.6165
22202,7.6018
22203,5.0985
22204,8.004
22205,7.566
22206,6.8667
22207,8.1009
22208,8.1855
22209,8.8518
22210,8.2138
22211,7.5649
22212,7.6018
22213,8.1657
22214,7.5848
22215,7.4893
22216,6.1809
22217,7.6018
22218,7.7564
22219,6.7782
22220,8.4087
22221,6.9266
22222,7.9644
22223,7.5692
22224,8.8518
22225,7.6748
22226,7.7024
22227,7.9554
22228,7.7609
22229,7.3761
22230,7.2339
22231,8.4378
22232,7.2789
22233,8.2904
22234,8.8518
22235,8.0653
22236,7.3489
22237,8.6688
22238,7.4847
22239,7.2602
22240,5.0985
22241,9.1114
22242,7.4689
22243,7.8348
22244,7.7077
22245,7.1009
22246,7.2204
22247,7.6018
22248,8.2072
22249,8.2343
22250,6.86
22251,7.7499
22252,8.0483
22253,7.2468
22254,7.0809
22255,7.4182
22256,7.8198
22257,7.5457
22258,7.1844
22259,7.5154
22260,7.8249
22261,7.6018
22262,7.7305
22263,7.9873
22264,8.1408
22265,8.2068
22266,8.4431
22267,7.31
22268,7.6364
22269,7.5721
22270,7.3362
22271,7.3573
22272,9.3089
22273,9.4547
22274,7.7356
22275,7.6121
22276,7.8348
22277,7.2602
22278,5.6095
22279,7.318
22280,8.2086
22281,5.0985
22282,7.7706
22283,6.5005
22284,7.7152
22285,7.7318
22286,7.8475
22287,7.6018
22288,8.4226
22289,7.8009
22290,7.7993
22291,7.6002
22292,7.7289
22293,7.6935
22294,6.8957
22295,7.3853
22296,7.2602
22297,8.1713
22298,7.5111
22299,7.0335
22300,7.8834
22301,6.066
22302,7.8344
22303,7.9172
22304,8.1207
22305,8.1113
22306,7.6018
22307,7.6473
22308,7.9056
22309,7.5077
22310,7.3496
22311,5.0985
22312,7.8887
22313,7.7289
22314,7.7434
22315,8.0011
22316,8.0999
22317,7.6742
22318,8.3057
22319,7.243
22320,8.2904
22321,7.9474
22322,8.0631
22323,8.398
22324,7.9133
22325,7.3877
22326,7.4562
22327,7.7648
22328,7.8814
22329,8.7665
22330,7.1345
22331,8.0082
22332,7.5592
22333,7.6729
22334,7.3674
22335,7.4491
22336,7.2386
22337,8.1493
22338,8.2427
22339,7.8355
22340,6.8761
22341,7.6782
22342,7.6243
22343,6.4425
22344,7.1482
22345,7.0636
22346,7.2698
22347,7.0359
22348,7.1031
22349,7.6311
22350,7.573
22351,7.2602
22352,7.6613
22353,8.2894
22354,7.4878
22355,7.5017
22356,7.8134
22357,8.4016
22358,6.9277
22359,7.6064
22360,7.6018
22361,7.2394
22362,7.6018
22363,7.4656
22364,7.3084
22365,5.4897
22366,7.5222
22367,7.429
22368,7.3936
22369,7.7603
22370,5.6506
22371,7.4491
22372,6.0404
22373,6.7507
22374,7.8698
22375,7.6018
22376,6.4869
22377,9.0248
22378,7.37
22379,8.0978
22380,8.1907
22381,7.1473
22382,7.4491
22383,7.6018
22384,7.2023
22385,7.9422
22386,8.1958
22387,7.3231
22388,7.7809
22389,7.3391
22390,6.9056
22391,7.534
22392,7.8235
22393,7.3762
22394,7.8198
22395,7.3091
22396,7.2602
22397,7.6682
22398,7.2602
22399,5.6095
22400,7.8398
22401,7.8443
22402,7.7492
22403,7.5727
22404,7.4219
22405,7.8834
22406,6.9299
22407,7.5504
22408,7.6482
22409,7.3761
22410,7.4421
22411,7.3756
22412,7.2184
22413,7.7304
22414,7.3877
22415,7.7455
22416,7.1455
22417,6.8017
22418,7.6018
22419,5.9778
22420,6.6538
22421,7.4316
22422,8.4431
22423,7.7477
22424,7.3653
22425,7.7289
22426,7.6455
22427,8.086
22428,7.4182
22429,7.6978
22430,8.0298
22431,7.9579
22432,7.7582
22433,7.6018
22434,7.4995
22435,8.1767
22436,7.422
22437,7.5539
22438,8.1018
22439,7.1337
22440,7.3848
22441,7.5963
22442,7.3348
22443,7.6018
22444,7.7433
22445,6.9449
22446,8.3167
22447,7.4454
22448,7.2736
22449,7.3341
22450,7.5141
22451,7.5471
22452,8.0566
22453,7.5848
22454,8.3387
22455,7.6677
22456,7.6831
22457,7.4012
22458,8.8518
22459,8.8518
22460,8.042
22461,7.3679
22462,7.487
22463,8.0575
22464,7.2768
22465,6.3682
22466,7.7156
22467,6.8935
22468,7.2739
22469,7.596
22470,7.7679
22471,8.0978
22472,7.2127
22473,7.638
22474,7.5841
22475,6.9917
22476,8.1777
22477,8.2156
22478,7.7841
22479,5.9674
22480,8.6688
22481,7.1107
22482,8.2818
22483,6.6794
22484,7.9036
22485,7.1772
22486,6.1809
22487,7.1399
22488,7.6931
22489,7.3091
22490,7.3991
22491,7.3985
22492,7.5392
22493,7.4623
22494,7.7494
22495,8.1118
22496,7.6441
22497,8.0015
22498,7.2241
22499,7.6161
22500,7.6327
22501,7.3555
22502,7.9573
22503,7.7725
22504,7.5008
22505,7.4996
22506,6.2451
22507,7.35
22508,8.1198
22509,7.5071
22510,7.3566
22511,7.5318
22512,7.5848
22513,7.6928
22514,7.9009
22515,7.856
22516,7.9635
22517,7.0727
22518,8.1637
22519,7.2877
22520,7.4423
22521,5.0985
22522,7.9878
22523,7.2602
22524,7.551
22525,8.5242
22526,7.8807
22527,6.8752
22528,8.8518
22529,7.0497
22530,7.517
22531,7.5203
22532,6.5191
22533,7.5848
22534,7.8601
22535,7.3091
22536,7.31
22537,7.4916
22538,7.3127
22539,7.6464
22540,7.2602
22541,8.1073
22542,7.4771
22543,7.5867
22544,8.2598
22545,7.6546
22546,7.5892
22547,8.0236
22548,8.0013
22549,7.4592
22550,8.0272
22551,7.9105
22552,7.7657
22553,8.1198
22554,7.2009
22555,7.2012
22556,6.6441
22557,7.6531
22558,8.8518
22559,7.7725
22560,7.5841
22561,8.2147
22562,7.6018
22563,7.8676
22564,7.6018
22565,7.6682
22566,7.8814
22567,7.6656
22568,7.2602
22569,7.2356
22570,7.5005
22571,8.4952
22572,6.793
22573,7.5339
22574,7.5013
22575,7.5499
22576,6.9951
22577,7.8756
22578,7.1308
22579,7.5398
22580,8.6373
22581,7.9796
22582,7.4549
22583,7.6078
22584,7.6018
22585,7.662
22586,7.3347
22587,7.395
22588,6.9048
22589,7.7515
22590,7.4044
22591,7.4219
22592,8.0947
22593,7.9878
22594,7.1844
22595,8.2539
22596,7.2537
22597,6.3467
22598,6.8338
22599,8.4431
22600,8.4618
22601,8.8518
22602,7.6617
22603,7.3672
22604,7.8193
22605,7.5124
22606,6.5989
22607,9.4326
22608,8.1835
22609,7.5192
22610,7.5582
22611,8.0002
22612,7.8198
22613,7.4138
22614,8.0722
22615,7.8948
22616,8.6688
22617,7.6767
22618,7.5527
22619,7.528
22620,7.8349
22621,7.4174
22622,7.1113
22623,7.4946
22624,7.5077
22625,7.8693
22626,7.9594
22627,7.7631
22628,8.2864
22629,7.3201
22630,7.6952
22631,7.2616
22632,7.6441
22633,7.6694
22634,7.5892
22635,7.8395
22636,8.0679
22637,7.5345
22638,7.6183
22639,7.5471
22640,7.2602
22641,7.5043
22642,6.5525
22643,7.806
22644,7.3817
22645,8.043
22646,7.673
22647,7.6018
22648,8.3268
22649,8.2804
22650,8.028
22651,8.3127
22652,7.6018
22653,7.5077
22654,7.6035
22655,7.5022
22656,8.189
22657,7.6804
22658,7.9878
22659,7.996
22660,7.8591
22661,6.0091
22662,8.1441
22663,7.3385
22664,7.3754
22665,7.7374
22666,7.6937
22667,7.1437
22668,7.5326
22669,6.7511
22670,7.3653
22671,6.0009
22672,7.4103
22673,5.1918
22674,7.597
22675,7.787
22676,7.4019
22677,7.0044
22678,7.1444
22679,8.1451
22680,6.8843
22681,7.5006
22682,8.1195
22683,7.4479
22684,7.2602
22685,8.126
22686,8.1927
22687,8.2951
22688,7.5471
22689,7.3345
22690,7.3656
22691,8.4431
22692,8.9573
22693,8.0978
22694,7.6307
22695,8.4153
22696,7.3851
22697,7.6018
22698,7.2602
22699,8.6968
22700,8.2006
22701,9.4326
22702,7.5038
22703,5.1918
22704,7.7289
22705,7.3899
22706,7.3936
22707,8.8518
22708,7.3035
22709,8.6688
22710,7.3509
22711,7.3616
22712,7.2602
22713,7.6552
22714,7.513
22715,8.6727
22716,7.365
22717,8.1314
22718,7.5365
22719,7.464
22720,7.7735
22721,8.2904
22722,6.3061
22723,7.6263
22724,7.2602
22725,5.7982
22726,7.3987
22727,7.6149
22728,9.0017
22729,7.1012
22730,7.7222
22731,9.3089
22732,7.6493
22733,7.3751
22734,4.2874
22735,7.7405
22736,7.5762
22737,7.8198
22738,8.8518
22739,7.6834
22740,7.2602
22741,8.1835
22742,7.7289
22743,7.5867
22744,7.8823
22745,7.6261
22746,6.18
22747,7.9395
22748,7.4265
22749,7.2602
22750,7.4562
22751,7.501
22752,7.8949
22753,8.0148
22754,8.0536
22755,6.7378
22756,8.1926
22757,7.4166
22758,8.8518
22759,7.6658
22760,7.6496
22761,6.2241
22762,7.6537
22763,7.4562
22764,7.6018
22765,7.6018
22766,8.8523
22767,7.647
22768,7.3901
22769,7.8393
22770,7.0864
22771,7.6018
22772,7.4386
22773,9.0291
22774,7.7809
22775,8.0014
22776,7.8012
22777,8.1018
22778,7.2602
22779,8.7248
22780,8.1775
22781,7.6029
22782,7.4219
22783,7.3569
22784,7.7706
22785,7.6018
22786,7.6937
22787,7.4562
22788,8.0041
22789,7.4224
22790,6.9177
22791,7.5843
22792,8.0339
22793,7.732
22794,8.0011
22795,7.7083
22796,7.8341
22797,7.6667
22798,7.5825
22799,7.878
22800,7.9922
22801,8.1839
22802,7.6831
22803,9.3426
22804,8.5719
22805,5.0985
22806,7.745
22807,5.9674
22808,7.7609
22809,7.6882
22810,7.578
22811,5.4897
22812,8.0721
22813,7.722
22814,7.1121
22815,7.7515
22816,7.6795
22817,8.0656
22818,7.6018
22819,7.5419
22820,8.1574
22821,7.1682
22822,7.1455
22823,8.7628
22824,7.6018
22825,7.6018
22826,7.6018
22827,8.319
22828,6.7784
22829,7.3672
22830,7.8618
22831,7.6885
22832,8.2004
22833,7.2602
22834,6.9549
22835,7.0566
22836,7.5011
22837,8.1439
22838,8.3265
22839,7.7289
22840,7.5718
22841,8.417
22842,7.3619
22843,7.0989
22844,7.3348
22845,7.7979
22846,8.033
22847,7.4269
22848,7.6679
22849,7.638
22850,8.3448
22851,8.8518
22852,8.1588
22853,8.1995
22854,7.9944
22855,7.7663
22856,7.5013
22857,7.354
22858,7.6018
22859,7.7385
22860,7.4714
22861,7.2602
22862,7.4751
22863,7.3679
22864,7.6179
22865,8.151
22866,7.9698
22867,7.6018
22868,7.8187
22869,7.2602
22870,8.8518
22871,7.7094
22872,7.978
22873,7.638
22874,7.5471
22875,7.7046
22876,7.5308
22877,7.1772
22878,7.3006
22879,7.4198
22880,7.1834
22881,7.4974
22882,7.5239
22883,7.4012
22884,7.3653
22885,7.1408
22886,7.7538
22887,7.4509
22888,5.0985
22889,7.4091
22890,6.3137
22891,6.6095
22892,8.455
22893,7.6524
22894,7.616
22895,7.7354
22896,7.386
22897,7.4036
22898,7.6263
22899,8.2241
22900,8.1574
22901,8.4431
22902,7.5156
22903,7.7515
22904,7.6018
22905,7.2157
22906,7.3167
22907,8.2449
22908,7.2363
22909,7.2057
22910,7.1886
22911,7.7152
22912,7.6633
22913,8.1372
22914,7.638
22915,7.6335
22916,7.6886
22917,7.4946
22918,5.8318
22919,7.7706
22920,7.9095
22921,7.702
22922,8.1009
22923,8.7248
22924,7.6682
22925,7.8452
22926,7.5516
22927,7.849
22928,7.013
22929,8.5242
22930,7.3395
22931,7.3306
22932,7.6081
22933,8.4292
22934,6.3686
22935,6.7184
22936,7.6221
22937,7.835
22938,6.793
22939,7.4119
22940,7.8198
22941,7.1256
22942,6.8843
22943,6.8843
22944,8.1024
22945,8.385
22946,7.8619
22947,7.2846
22948,8.2316
22949,7.9017
22950,8.6688
22951,7.9036
22952,7.8198
22953,8.8518
22954,7.664
22955,6.5581
22956,7.4727
22957,7.2594
22958,6.7081
22959,7.5477
22960,7.6078
22961,7.7375
22962,7.8626
22963,7.2082
22964,7.5398
22965,7.7226
22966,7.4986
22967,7.3153
22968,8.8518
22969,7.5213
22970,9.0017
22971,9.0248
22972,7.2894
22973,7.9986
22974,7.8393
22975,8.571
22976,7.749
22977,8.2677
22978,8.175
22979,7.4141
22980,7.3511
22981,7.6564
22982,7.654
22983,7.6018
22984,7.7943
22985,8.0877
22986,7.6764
22987,8.154
22988,7.5746
22989,8.1219
22990,8.5902
22991,7.4941
22992,7.501
22993,7.3708
22994,7.7864
22995,7.9327
22996,6.3833
22997,7.345
22998,7.4642
22999,8.8496
23000,7.6938
23001,7.9878
23002,7.5864
23003,7.3359
23004,7.2602
23005,7.2526
23006,7.8282
23007,7.2673
23008,7.5083
23009,7.6018
23010,7.6659
23011,7.5068
23012,7.9192
23013,7.3896
23014,7.4669
23015,7.5475
23016,7.913
23017,9.3089
23018,7.2227
23019,7.6682
23020,7.9038
23021,7.8075
23022,6.3248
23023,7.9416
23024,7.5558
23025,7.5619
23026,7.8323
23027,7.7819
23028,7.2602
23029,8.0013
23030,5.0985
23031,7.3818
23032,6.8584
23033,8.1854
23034,7.2189
23035,7.6573
23036,7.1261
23037,7.6531
23038,7.53
23039,8.2636
23040,9.3089
23041,7.6919
23042,7.7654
23043,7.4219
23044,7.1881
23045,7.9656
23046,7.7152
23047,7.5077
23048,7.5663
23049,7.4165
23050,7.8101
23051,7.5471
23052,8.0174
23053,6.6174
23054,7.6576
23055,7.6134
23056,8.3254
23057,7.7684
23058,7.6435
23059,9.3089
23060,8.9908
23061,7.3653
23062,8.537
23063,7.1552
23064,5.7515
23065,5.0985
23066,7.3364
23067,8.2235
23068,7.881
23069,7.6356
23070,7.4423
23071,7.8853
23072,7.6673
23073,7.6263
23074,7.5214
23075,7.7739
23076,8.0656
23077,7.2866
23078,7.1878
23079,7.5015
23080,7.1508
23081,7.8807
23082,7.4429
23083,7.4491
23084,8.8494
23085,7.6018
23086,7.5489
23087,7.482
23088,7.5848
23089,7.7515
23090,7.1676
23091,7.6787
23092,7.8282
23093,6.8843
23094,7.8831
23095,7.8716
23096,7.8587
23097,7.8193
23098,7.5083
23099,6.7924
23100,7.3094
23101,7.6677
23102,7.849
23103,7.8728
23104,7.9015
23105,7.5119
23106,7.5957
23107,8.0551
23108,6.0661
23109,7.4491
23110,7.2673
23111,8.0758
23112,7.8721
23113,7.6018
23114,7.7289
23115,7.6018
23116,7.7949
23117,7.5
23118,8.5004
23119,7.8267
23120,8.8518
23121,7.6435
23122,7.8367
23123,7.6307
23124,7.5891
23125,7.8645
23126,7.6457
23127,7.8391
23128,8.0004
23129,7.8066
23130,7.4937
23131,8.2228
23132,7.4581
23133,8.3221
23134,7.3536
23135,7.3566
23136,8.8518
23137,8.0932
23138,8.1036
23139,7.8797
23140,7.6838
23141,7.0463
23142,7.2157
23143,7.5893
23144,8.0007
23145,6.8794
23146,7.638
23147,6.8136
23148,7.5009
23149,6.793
23150,8.1214
23151,7.6018
23152,7.6166
23153,8.5324
23154,7.5029
23155,8.0517
23156,7.4016
23157,7.1704
23158,8.2156
23159,8.6352
23160,7.5094
23161,7.3586
23162,8.0414
23163,7.5272
23164,7.2602
23165,7.6018
23166,7.2349
23167,6.9053
23168,8.8518
23169,7.5071
23170,7.5971
23171,7.5013
23172,7.4693
23173,7.3607
23174,7.2923
23175,7.1717
23176,8.0774
23177,8.1741
23178,7.2602
23179,7.764
23180,7.8628
23181,7.6263
23182,8.0015
23183,7.6009
23184,6.8752
23185,7.5741
23186,7.1161
23187,8.431
23188,7.6037
23189,7.7576
23190,7.5727
23191,7.3985
23192,7.6018
23193,7.291
23194,8.2966
23195,7.5848
23196,7.7289
23197,7.2602
23198,7.5015
23199,7.7289
23200,7.2602
23201,7.5846
23202,8.3007
23203,7.8198
23204,7.743
23205,6.9502
23206,6.5005
23207,7.5516
23208,7.4774
23209,7.5133
23210,7.4258
23211,8.0354
23212,8.2363
23213,7.5432
23214,8.0694
23215,7.8506
23216,8.2254
23217,7.4969
23218,7.4476
23219,7.5022
23220,7.0497
23221,7.088
23222,7.2206
23223,7.7434
23224,7.5262
23225,7.8084
23226,8.1995
23227,7.6773
23228,6.8169
23229,8.1087
23230,8.2788
23231,7.79
23232,9.0922
23233,7.6018
23234,7.8292
23235,7.566
23236,7.7043
23237,8.8518
23238,7.6038
23239,7.6591
23240,7.4962
23241,7.5398
23242,7.3576
23243,7.3091
23244,7.6018
23245,7.5094
23246,7.3348
23247,7.4562
23248,8.5385
23249,7.66
23250,7.3808
23251,7.5656
23252,7.2153
23253,8.6688
23254,7.3075
23255,7.5153
23256,7.9181
23257,7.6114
23258,7.9113
23259,5.9339
23260,7.4036
23261,8.8518
23262,7.4985
23263,7.7125
23264,7.1846
23265,6.5334
23266,8.017
23267,8.127
23268,7.8665
23269,7.8509
23270,8.0482
23271,7.5509
23272,8.2621
23273,7.7273
23274,7.386
23275,7.6018
23276,7.0009
23277,8.8518
23278,7.8778
23279,7.7018
23280,7.2602
23281,6.8246
23282,7.3806
23283,7.6931
23284,6.9721
23285,7.5077
23286,8.1254
23287,7.5741
23288,7.9912
23289,7.7009
23290,7.4318
23291,7.7568
23292,6.9595
23293,7.2602
23294,8.1577
23295,5.0985
23296,7.828
23297,7.2839
23298,7.5673
23299,7.4073
23300,7.8379
23301,7.9172
23302,6.6944
23303,7.4501
23304,7.2602
23305,7.8009
23306,7.4809
23307,7.615
23308,7.9878
23309,7.5561
23310,7.2182
23311,7.6018
23312,8.0004
23313,7.6018
23314,8.1749
23315,7.656
23316,5.0985
23317,7.7366
23318,8.4629
23319,8.151
23320,7.7863
23321,9.2309
23322,7.3655
23323,7.4522
23324,6.8807
23325,7.8877
23326,7.6018
23327,8.2951
23328,7.3348
23329,7.8283
23330,8.0595
23331,7.5269
23332,7.4513
23333,7.5077
23334,7.3566
23335,7.548
23336,7.8443
23337,7.7724
23338,7.5077
23339,7.5543
23340,7.3616
23341,8.0759
23342,8.0721
23343,8.175
23344,7.6968
23345,7.4182
23346,7.4474
23347,8.3288
23348,7.1595
23349,7.4307
23350,7.5432
23351,7.8844
23352,7.2503
23353,7.2739
23354,7.5471
23355,7.9068
23356,6.9518
23357,8.3016
23358,7.7675
23359,8.0752
23360,7.6262
23361,8.7296
23362,7.3348
23363,7.2057
23364,7.505
23365,7.529
23366,7.4128
23367,8.4431
23368,7.2624
23369,7.1509
23370,7.7263
23371,7.66
23372,7.6204
23373,7.9721
23374,7.881
23375,6.1809
23376,7.6802
23377,8.3148
23378,8.0029
23379,8.0938
23380,6.9003
23381,8.3207
23382,8.6729
23383,5.1918
23384,8.2449
23385,7.0671
23386,8.014
23387,7.3136
23388,7.6002
23389,7.4883
23390,8.2728
23391,7.4021
23392,7.8627
23393,6.9174
23394,7.8202
23395,5.4669
23396,7.8104
23397,8.6688
23398,7.5471
23399,7.5013
23400,7.6332
23401,7.5471
23402,6.6372
23403,7.9489
23404,7.9864
23405,7.4108
23406,7.5471
23407,7.6018
23408,9.3089
23409,7.4879
23410,7.5607
23411,7.8198
23412,7.2602
23413,7.7149
23414,7.0013
23415,7.6441
23416,7.297
23417,8.0517
23418,8.1729
23419,8.2374
23420,8.8518
23421,7.426
23422,6.7937
23423,5.6506
23424,7.7364
23425,7.4572
23426,8.1926
23427,7.7071
23428,7.4664
23429,8.068
23430,7.7788
23431,7.6831
23432,8.0705
23433,7.54
23434,7.4423
23435,6.9831
23436,7.9502
23437,8.8518
23438,9.3089
23439,8.0545
23440,7.8198
23441,7.6933
23442,5.0985
23443,7.7668
23444,7.6452
23445,7.5015
23446,7.8762
23447,7.3687
23448,8.0674
23449,7.5046
23450,7.6834
23451,7.6239
23452,7.4616
23453,7.6796
23454,6.843
23455,7.1345
23456,7.7093
23457,6.7784
23458,8.1641
23459,7.3619
23460,7.5011
23461,7.9047
23462,7.2305
23463,7.1588
23464,7.913
23465,8.3203
23466,7.2218
23467,5.1918
23468,7.2551
23469,7.7787
23470,7.6179
23471,7.2999
23472,7.5504
23473,7.6257
23474,8.0238
23475,7.6974
23476,7.6743
23477,7.3687
23478,7.4946
23479,7.0783
23480,7.5964
23481,7.9383
23482,5.0985
23483,7.5091
23484,7.2186
23485,8.1995
23486,7.6531
23487,7.7946
23488,7.2602
23489,7.4573
23490,7.3574
23491,8.6688
23492,7.0003
23493,8.1375
23494,7.4165
23495,8.0804
23496,5.0985
23497,7.6435
23498,7.7511
23499,7.2311
23500,7.3084
23501,8.0807
23502,7.4147
23503,8.0641
23504,8.3851
23505,7.8045
23506,7.611
23507,7.6682
23508,6.9291
23509,6.5594
23510,7.8863
23511,8.3324
23512,7.638
23513,9.1484
23514,7.5848
23515,7.1677
23516,7.5475
23517,7.3892
23518,7.3348
23519,7.4958
23520,7.2157
23521,7.7066
23522,7.5233
23523,8.1009
23524,7.2602
23525,7.2602
23526,7.4036
23527,7.714
23528,7.6667
23529,7.4491
23530,7.7739
23531,6.5719
23532,7.3584
23533,7.9142
23534,9.1484
23535,7.5682
23536,7.9796
23537,7.3985
23538,7.8246
23539,7.6444
23540,7.1084
23541,7.8479
23542,6.5219
23543,7.6714
23544,8.8518
23545,7.9975
23546,8.3776
23547,7.756
23548,7.4807
23549,7.4769
23550,7.4861
23551,7.7507
23552,7.4693
23553,7.6681
23554,7.9561
23555,7.843
23556,6.3686
23557,8.3059
23558,7.8679
23559,7.8149
23560,6.7953
23561,7.2139
23562,7.6968
23563,7.2305
23564,7.5475
23565,7.8896
23566,6.7156
23567,6.5305
23568,6.9345
23569,7.5539
23570,7.8508
23571,7.9483
23572,7.6018
23573,7.6831
23574,7.7014
23575,7.7156
23576,7.2794
23577,8.6168
23578,7.6018
23579,7.0727
23580,7.6098
23581,7.8075
23582,6.8807
23583,7.4681
23584,7.3566
23585,7.8867
23586,5.0985
23587,7.4573
23588,7.3376
23589,7.2602
23590,7.9664
23591,7.6845
23592,9.3089
23593,7.638
23594,8.4007
23595,7.7675
23596,7.4046
23597,7.5917
23598,7.3701
23599,7.7075
23600,8.1161
23601,7.9032
23602,7.7515
23603,8.4999
23604,6.8017
23605,7.9649
23606,7.6018
23607,7.7098
23608,7.1508
23609,8.8518
23610,7.1039
23611,7.8819
23612,8.4431
23613,7.5516
23614,8.8518
23615,7.6937
23616,7.6204
23617,5.6506
23618,7.5304
23619,8.0407
23620,7.7434
23621,7.3584
23622,7.4225
23623,8.0004
23624,7.9422
23625,7.6441
23626,8.1995
23627,4.2874
23628,8.2183
23629,7.2602
23630,8.3812
23631,8.3418
23632,7.4491
23633,8.1686
23634,8.7302
23635,7.5077
23636,7.7279
23637,7.5077
23638,8.0244
23639,7.6018
23640,8.0531
23641,5.0985
23642,7.7289
23643,8.5494
23644,5.1918
23645,7.2602
23646,7.8349
23647,8.0536
23648,7.7315
23649,8.4528
23650,7.6431
23651,7.4182
23652,7.6307
23653,7.278
23654,7.5527
23655,7.4078
23656,7.8265
23657,5.0985
23658,7.7172
23659,8.0641
23660,7.8886
23661,7.5015
23662,8.0417
23663,7.7822
23664,8.5254
23665,8.0517
23666,7.3787
23667,7.3757
23668,7.7002
23669,7.722
23670,7.4491
23671,7.6152
23672,7.7515
23673,8.0186
23674,7.4622
23675,7.9403
23676,7.2602
23677,7.5729
23678,7.2602
23679,7.5892
23680,7.8518
23681,8.1424
23682,7.6018
23683,7.2124
23684,7.787
23685,7.4036
23686,7.7812
23687,6.8352
23688,7.1772
23689,8.2904
23690,7.1207
23691,8.2236
23692,8.4431
23693,7.0467
23694,6.7156
23695,7.5668
23696,7.2284
23697,7.2519
23698,6.5185
23699,7.5914
23700,7.6338
23701,7.4025
23702,7.3868
23703,7.8339
23704,7.8651
23705,7.427
23706,7.5077
23707,7.345
23708,6.7747
23709,6.9354
23710,7.8556
23711,7.6018
23712,7.3607
23713,8.0437
23714,7.9062
23715,7.7675
23716,6.8843
23717,7.738
23718,7.8343
23719,7.5061
23720,7.5077
23721,8.1641
23722,7.9982
23723,8.2242
23724,7.6774
23725,7.8509
23726,6.6372
23727,7.6993
23728,7.7567
23729,7.2335
23730,8.8518
23731,7.6872
23732,7.9878
23733,7.9877
23734,6.2119
23735,8.8518
23736,7.506
23737,7.5868
23738,8.193
23739,7.8604
23740,8.0293
23741,7.068
23742,8.4431
23743,7.4562
23744,7.511
23745,7.7287
23746,7.5142
23747,6.8017
23748,7.6176
23749,7.3341
23750,8.0347
23751,8.0874
23752,7.6431
23753,8.3385
23754,7.8922
23755,7.5908
23756,6.8425
23757,7.6018
23758,7.6018
23759,7.2142
23760,7.7289
23761,7.3084
23762,7.7289
23763,8.2836
23764,7.5597
23765,8.1629
23766,8.2427
23767,8.2443
23768,8.0002
23769,7.3228
23770,7.6
23771,7.2499
23772,7.1976
23773,7.5798
23774,8.0679
23775,7.4562
23776,6.7104
23777,7.8311
23778,7.6018
23779,6.3238
23780,8.0727
23781,8.3899
23782,7.6018
23783,7.5796
23784,7.4299
23785,8.7843
23786,7.8544
23787,7.6018
23788,7.4095
23789,7.1345
23790,7.4144
23791,7.5763
23792,7.5058
23793,8.4708
23794,7.1252
23795,7.7311
23796,7.3981
23797,7.6013
23798,8.2648
23799,8.2692
23800,7.6018
23801,8.37
23802,6.7211
23803,7.3974
23804,7.9182
23805,7.5077
23806,7.6617
23807,7.6018
23808,6.6441
23809,7.6807
23810,7.638
23811,6.8394
23812,7.2843
23813,5.0985
23814,7.5398
23815,7.5277
23816,7.7352
23817,7.4144
23818,7.6018
23819,7.8656
23820,8.3358
23821,6.6674
23822,8.1493
23823,6.3694
23824,7.6018
23825,6.6758
23826,8.175
23827,8.178
23828,7.5154
23829,8.1552
23830,7.9919
23831,5.0985
23832,7.7046
23833,8.8518
23834,7.2515
23835,7.4903
23836,7.3234
23837,8.119
23838,7.6018
23839,7.5015
23840,7.634
23841,8.1257
23842,7.0536
23843,7.2602
23844,7.4562
23845,7.555
23846,7.5848
23847,7.4
23848,7.8348
23849,7.7744
23850,7.8185
23851,8.8518
23852,8.0631
23853,7.3653
23854,6.3789
23855,7.1619
23856,7.7794
23857,7.8997
23858,7.5848
23859,8.0416
23860,8.2428
23861,7.3645
23862,8.175
23863,7.1576
23864,7.6834
23865,7.8405
23866,6.8445
23867,8.0013
23868,7.2928
23869,7.6937
23870,8.193
23871,7.5848
23872,6.7584
23873,7.4036
23874,7.6682
23875,8.11
23876,7.6056
23877,7.2321
23878,7.638
23879,7.0009
23880,8.4087
23881,8.8518
23882,7.4456
23883,6.8509
23884,7.5471
23885,7.8352
23886,7.4217
23887,7.0911
23888,7.6352
23889,7.9529
23890,8.0065
23891,7.223
23892,7.2602
23893,7.6728
23894,7.6931
23895,7.6018
23896,7.7872
23897,7.4486
23898,7.6109
23899,7.3597
23900,7.0509
23901,7.3566
23902,5.6506
23903,8.0863
23904,7.6306
23905,7.8348
23906,8.2889
23907,8.3433
23908,7.7347
23909,7.5397
23910,8.1578
23911,7.9812
23912,7.5607
23913,7.3653
23914,7.5016
23915,8.0641
23916,7.7785
23917,8.8518
23918,7.7179
23919,7.9558
23920,7.85
23921,7.995
23922,7.477
23923,8.0772
23924,8.5494
23925,7.6682
23926,7.4942
23927,7.2812
23928,7.5508
23929,7.3348
23930,7.6018
23931,7.6834
23932,8.2774
23933,5.0985
23934,7.3949
23935,7.6018
23936,7.5077
23937,6.5711
23938,7.8166
23939,7.9135
23940,7.5015
23941,7.3681
23942,8.3337
23943,7.6312
23944,7.1336
23945,7.6104
23946,7.4119
23947,7.793
23948,7.4096
23949,7.2233
23950,7.6776
23951,8.8518
23952,7.8548
23953,8.2904
23954,8.1009
23955,6.8172
23956,7.6904
23957,7.951
23958,7.6013
23959,7.7991
23960,8.8697
23961,7.6463
23962,7.7077
23963,7.3202
23964,7.8338
23965,6.5418
23966,7.386
23967,7.2921
23968,7.5155
23969,8.1926
23970,7.9719
23971,8.0702
23972,7.6679
23973,7.3621
23974,7.5527
23975,8.8518
23976,7.7893
23977,7.2735
23978,7.787
23979,7.7506
23980,8.0283
23981,8.2048
23982,7.0351
23983,7.5475
23984,7.3073
23985,7.5903
23986,7.512
23987,7.3584
23988,6.9483
23989,7.9356
23990,7.779
23991,4.2874
23992,7.5262
23993,7.6018
23994,7.6811
23995,7.9878
23996,7.5015
23997,5.0985
23998,7.5307
23999,9.2319
24000,7.0848
24001,7.1642
24002,7.3773
24003,9.0017
24004,7.2566
24005,7.5849
24006,7.5882
24007,7.9488
24008,7.2841
24009,8.1995
24010,7.6784
24011,7.7312
24012,7.6159
24013,7.0311
24014,8.3327
24015,7.5167
24016,7.1315
24017,7.843
24018,7.809
24019,7.4965
24020,7.1772
24021,7.3642
24022,7.6619
24023,7.6682
24024,7.5013
24025,7.5077
24026,7.638
24027,8.1749
24028,7.7105
24029,5.0985
24030,8.1293
24031,7.2602
24032,7.7287
24033,6.5795
24034,8.8518
24035,7.6018
24036,7.638
24037,8.1229
24038,7.546
24039,7.5471
24040,7.9942
24041,7.6573
24042,8.8518
24043,7.458
24044,7.9069
24045,8.3914
24046,7.7408
24047,5.5368
24048,7.9764
24049,7.6018
24050,7.469
24051,7.9593
24052,7.3566
24053,7.4562
24054,7.4562
24055,8.8518
24056,7.1305
24057,7.8207
24058,7.6263
24059,7.5392
24060,5.6095
24061,7.7697
24062,7.6496
24063,7.5323
24064,7.6572
24065,7.2602
24066,6.0318
24067,7.4733
24068,8.2443
24069,7.6328
24070,6.0407
24071,7.7334
24072,7.9846
24073,7.5392
24074,8.1641
24075,8.8518
24076,7.9182
24077,9.3089
24078,7.3582
24079,7.7617
24080,7.3327
24081,7.7529
24082,8.0603
24083,7.8348
24084,7.6644
24085,7.8842
24086,7.6018
24087,7.5848
24088,7.2515
24089,7.2822
24090,7.2321
24091,7.7648
24092,7.1257
24093,8.0015
24094,8.3358
24095,7.6018
24096,7.5077
24097,8.9003
24098,7.7202
24099,7.2602
24100,6.5989
24101,7.4293
24102,7.4386
24103,7.7724
24104,7.6018
24105,7.6018
24106,7.6018
24107,7.8309
24108,7.6679
24109,7.1509
24110,7.8581
24111,7.3757
24112,8.7665
24113,7.3653
24114,7.7365
24115,7.8205
24116,7.4069
24117,6.0392
24118,7.9417
24119,7.3348
24120,8.4318
24121,8.3276
24122,7.2826
24123,7.8749
24124,7.5584
24125,7.5345
24126,7.3501
24127,7.2602
24128,7.9182
24129,7.5458
24130,7.7339
24131,8.5749
24132,7.7029
24133,7.0599
24134,7.7537
24135,7.0487
24136,7.3754
24137,7.6698
24138,7.8759
24139,8.1545
24140,6.3486
24141,8.1257
24142,8.1631
24143,7.7696
24144,7.781
24145,7.7969
24146,7.3348
24147,7.3696
24148,7.9024
24149,7.3622
24150,8.0406
24151,7.2115
24152,7.3584
24153,7.6783
24154,7.5547
24155,7.7677
24156,7.0444
24157,7.4725
24158,7.5902
24159,7.6297
24160,7.8163
24161,7.948
24162,7.474
24163,7.8646
24164,7.851
24165,7.5011
24166,7.3091
24167,7.5386
24168,7.4746
24169,7.8275
24170,6.8167
24171,8.1995
24172,8.8518
24173,8.8518
24174,7.3858
24175,8.3555
24176,8.8523
24177,7.8647
24178,7.6454
24179,7.9138
24180,8.4689
24181,7.5727
24182,7.2232
24183,6.9878
24184,8.1972
24185,7.7152
24186,7.419
24187,7.264
24188,7.3658
24189,7.6018
24190,7.8275
24191,7.7663
24192,7.5636
24193,7.6018
24194,7.4651
24195,7.6658
24196,7.7258
24197,7.9579
24198,7.6592
24199,7.3084
24200,7.3726
24201,7.8009
24202,7.9936
24203,7.1311
24204,8.1292
24205,7.5502
24206,7.8198
24207,7.5015
24208,7.7963
24209,7.0158
24210,7.3509
24211,8.0463
24212,8.1152
24213,7.2608
24214,6.9733
24215,8.3116
24216,7.9182
24217,8.1506
24218,7.6018
24219,7.6018
24220,7.9377
24221,7.595
24222,7.4807
24223,7.4915
24224,8.8518
24225,7.2602
24226,7.4598
24227,7.7226
24228,8.3127
24229,7.7397
24230,7.2775
24231,7.9537
24232,8.3715
24233,7.1961
24234,7.9308
24235,8.0958
24236,7.6214
24237,7.6018
24238,6.8424
24239,8.8518
24240,7.4227
24241,8.0156
24242,7.3018
24243,8.1862
24244,7.5398
24245,7.3348
24246,7.5193
24247,7.2602
24248,7.6018
24249,8.1923
24250,7.8651
24251,8.0898
24252,7.7037
24253,7.6018
24254,8.546
24255,7.533
24256,7.7259
24257,7.5353
24258,7.3816
24259,8.3562
24260,6.1809
24261,8.2183
24262,7.354
24263,7.9245
24264,7.0003
24265,7.7304
24266,7.2311
24267,7.5013
24268,7.8273
24269,7.4023
24270,7.7091
24271,7.8779
24272,7.4562
24273,7.5697
24274,7.8061
24275,7.944
24276,8.1802
24277,7.8367
24278,7.3582
24279,6.7378
24280,7.5471
24281,7.5253
24282,7.4879
24283,8.1997
24284,7.7841
24285,7.0134
24286,7.7839
24287,7.733
24288,6.3733
24289,7.8212
24290,7.9044
24291,7.5073
24292,7.8367
24293,8.8448
24294,7.3075
24295,7.8761
24296,8.264
24297,7.1792
24298,7.4642
24299,7.3392
24300,7.6555
24301,7.7297
24302,7.6677
24303,7.5022
24304,7.0561
24305,5.0985
24306,7.8717
24307,7.1888
24308,7.2453
24309,7.3167
24310,7.5475
24311,7.6682
24312,7.4225
24313,7.5561
24314,6.7605
24315,7.4052
24316,7.2385
24317,7.6768
24318,8.0666
24319,7.4727
24320,7.5681
24321,7.7156
24322,8.1995
24323,7.3466
24324,7.6682
24325,7.6161
24326,7.9426
24327,7.3586
24328,8.7296
24329,7.6027
24330,8.6688
24331,7.8061
24332,8.9113
24333,7.2759
24334,8.039
24335,7.2967
24336,8.0654
24337,7.651
24338,7.3464
24339,7.8091
24340,7.4562
24341,7.0944
24342,7.51
24343,5.0985
24344,7.9289
24345,7.3566
24346,7.4454
24347,8.6733
24348,7.6018
24349,7.6018
24350,7.8865
24351,7.6018
24352,6.4368
24353,7.6682
24354,6.0407
24355,7.8002
24356,7.4346
24357,8.175
24358,7.2115
24359,8.123
24360,7.7014
24361,7.4554
24362,7.6862
24363,7.4562
24364,7.5694
24365,7.7719
24366,7.6018
24367,7.3756
24368,8.8518
24369,7.6009
24370,7.4759
24371,7.7206
24372,7.6018
24373,7.8547
24374,5.0985
24375,7.7718
24376,7.4869
24377,7.2093
24378,6.8843
24379,5.6506
24380,7.9345
24381,7.6736
24382,7.9245
24383,7.3899
24384,7.782
24385,8.6821
24386,7.8344
24387,7.3118
24388,7.6449
24389,7.9912
24390,8.8518
24391,7.6682
24392,7.7763
24393,7.7069
24394,7.5471
24395,6.887
24396,7.638
24397,7.4155
24398,7.5893
24399,5.0985
24400,8.0343
24401,7.4
24402,7.7515
24403,5.0985
24404,7.2515
24405,8.2157
24406,7.1985
24407,7.6793
24408,7.5077
24409,7.9345
24410,7.5157
24411,8.192
24412,7.7161
24413,7.5471
24414,7.6018
24415,7.422
24416,5.0985
24417,7.3008
24418,9.3089
24419,7.2556
24420,7.6018
24421,7.3208
24422,7.5975
24423,7.8968
24424,7.9138
24425,7.904
24426,7.6822
24427,8.0877
24428,7.9728
24429,8.8518
24430,7.9329
24431,6.8475
24432,9.3089
24433,8.0026
24434,8.1862
24435,7.8807
24436,7.4036
24437,7.833
24438,7.7638
24439,7.2869
24440,7.9238
24441,7.1179
24442,7.5011
24443,7.5527
24444,8.3509
24445,7.6698
24446,7.5458
24447,7.7376
24448,7.3621
24449,7.6677
24450,8.8518
24451,7.5956
24452,8.335
24453,7.6731
24454,6.5058
24455,7.6684
24456,7.3942
24457,7.6018
24458,7.395
24459,7.2788
24460,8.0241
24461,7.6806
24462,7.4822
24463,7.6018
24464,8.1534
24465,7.3861
24466,6.0082
24467,7.5365
24468,7.4009
24469,5.0985
24470,8.0005
24471,7.8618
24472,7.183
24473,7.6349
24474,8.8518
24475,7.5445
24476,7.0917
24477,7.7031
24478,8.0006
24479,7.6018
24480,8.1345
24481,7.5663
24482,7.8367
24483,7.6357
24484,7.2679
24485,7.8197
24486,7.1777
24487,7.1651
24488,7.7649
24489,7.386
24490,7.5956
24491,7.7746
24492,6.487
24493,7.6558
24494,7.203
24495,8.2115
24496,7.9343
24497,8.474
24498,8.1261
24499,7.696
24500,8.0518
24501,6.5005
24502,6.6177
24503,7.2602
24504,7.8899
24505,8.8518
24506,7.4491
24507,7.1772
24508,7.6886
24509,7.9912
24510,7.807
24511,8.2723
24512,7.5077
24513,7.6018
24514,7.422
24515,7.1595
24516,7.4225
24517,7.3231
24518,7.5011
24519,8.2004
24520,8.7713
24521,7.5841
24522,5.0985
24523,7.7607
24524,6.843
24525,7.9067
24526,8.6089
24527,6.8167
24528,7.5848
24529,8.2641
24530,8.1842
24531,7.4035
24532,7.3496
24533,9.0017
24534,8.7248
24535,7.6018
24536,7.2006
24537,7.5848
24538,7.9123
24539,8.1148
24540,7.9903
24541,4.2874
24542,7.4505
24543,7.7289
24544,7.7843
24545,7.9632
24546,7.4562
24547,6.8193
24548,7.5398
24549,7.6018
24550,8.2765
24551,7.9357
24552,7.66
24553,7.7289
24554,7.7648
24555,8.1345
24556,6.793
24557,7.6814
24558,8.3945
24559,7.512
24560,7.5848
24561,7.6262
24562,7.6863
24563,7.5801
24564,7.638
24565,7.5953
24566,7.0346
24567,8.3427
24568,7.5976
24569,7.5808
24570,7.1856
24571,7.7282
24572,7.4464
24573,7.5758
24574,7.5022
24575,7.5445
24576,7.3653
24577,7.4642
24578,7.6261
24579,8.4431
24580,8.193
24581,7.6018
24582,8.2257
24583,7.0783
24584,7.7009
24585,7.9877
24586,7.3984
24587,7.623
24588,8.1898
24589,7.7289
24590,9.3089
24591,7.7147
24592,7.2156
24593,7.5597
24594,7.5433
24595,7.7647
24596,8.3839
24597,6.9481
24598,7.7984
24599,7.6775
24600,7.7121
24601,7.6937
24602,6.3686
24603,7.8331
24604,8.8518
24605,7.5736
24606,6.5719
24607,8.5782
24608,7.9138
24609,8.7103
24610,6.9721
24611,8.3194
24612,7.7064
24613,7.269
24614,7.3653
24615,7.5471
24616,5.1918
24617,7.319
24618,7.8348
24619,7.8198
24620,6.8117
24621,6.0126
24622,7.243
24623,7.3566
24624,8.7279
24625,7.2602
24626,7.722
24627,7.0712
24628,6.8843
24629,7.2602
24630,7.3917
24631,7.5693
24632,8.0702
24633,7.7551
24634,6.9983
24635,7.6018
24636,7.916
24637,7.638
24638,8.1545
24639,7.7025
24640,7.6347
24641,7.8633
24642,7.9683
24643,7.6359
24644,7.3566
24645,7.9462
24646,7.8834
24647,7.7515
24648,9.3089
24649,7.6018
24650,6.6807
24651,8.6688
24652,8.2254
24653,7.7506
24654,7.2307
24655,7.2321
24656,8.7713
24657,7.8198
24658,7.7376
24659,7.386
24660,7.7108
24661,7.2615
24662,7.0973
24663,7.744
24664,8.8518
24665,8.1509
24666,8.349
24667,8.2853
24668,7.6018
24669,8.0388
24670,7.1545
24671,7.6018
24672,7.8034
24673,7.7515
24674,8.311
24675,7.4669
24676,7.6766
24677,7.2389
24678,9.0001
24679,7.6114
24680,9.1114
24681,7.6018
24682,7.6018
24683,7.287
24684,7.4423
24685,8.4386
24686,7.8789
24687,7.2602
24688,7.5527
24689,7.5925
24690,8.2291
24691,7.5836
24692,7.5471
24693,7.2192
24694,7.9096
24695,7.4296
24696,7.4946
24697,8.8518
24698,7.2602
24699,7.5471
24700,7.4834
24701,7.7235
24702,7.2112
24703,7.2602
24704,7.7628
24705,7.6018
24706,8.1394
24707,7.0009
24708,7.9138
24709,7.1682
24710,7.8785
24711,8.0503
24712,7.8694
24713,8.1759
24714,7.263
24715,7.5892
24716,7.6018
24717,6.7784
24718,7.4041
24719,7.8475
24720,7.4876
24721,8.0003
24722,7.8367
24723,8.8448
24724,7.638
24725,6.6095
24726,7.861
24727,7.787
24728,8.1298
24729,7.9068
24730,7.9138
24731,8.0783
24732,7.5335
24733,8.0012
24734,7.667
24735,8.1234
24736,6.9386
24737,7.1552
24738,7.3974
24739,7.7706
24740,7.6035
24741,8.3127
24742,8.5123
24743,8.0303
24744,8.2392
24745,7.3904
24746,7.4128
24747,7.0009
24748,7.8225
24749,7.4372
24750,7.5386
24751,7.9696
24752,7.6018
24753,7.2602
24754,7.9829
24755,8.3868
24756,7.1851
24757,7.7763
24758,7.2602
24759,7.6749
24760,7.6751
24761,7.8966
24762,7.4423
24763,7.6103
24764,7.1725
24765,7.0354
24766,7.548
24767,7.1103
24768,7.6618
24769,7.7032
24770,7.5893
24771,7.2602
24772,8.2281
24773,7.7353
24774,6.8297
24775,6.9182
24776,7.6018
24777,9.0922
24778,7.5399
24779,7.6018
24780,7.638
24781,7.638
24782,6.5594
24783,7.6018
24784,7.5471
24785,7.9182
24786,7.4207
24787,7.1619
24788,7.9627
24789,7.5015
24790,7.0908
24791,8.0487
24792,8.2183
24793,7.5951
24794,7.6018
24795,8.0536
24796,7.3127
24797,7.4954
24798,7.6678
24799,7.1437
24800,7.8602
24801,7.7578
24802,7.2904
24803,7.4299
24804,7.4562
24805,8.1108
24806,7.2602
24807,7.1772
24808,7.2602
24809,7.345
24810,7.8647
24811,7.9821
24812,7.5491
24813,7.4036
24814,9.2319
24815,8.431
24816,8.1187
24817,8.0414
24818,8.2616
24819,7.2743
24820,7.5343
24821,8.8518
24822,7.8914
24823,7.8748
24824,7.7155
24825,6.2119
24826,7.4413
24827,9.1484
24828,7.2226
24829,7.6018
24830,6.4454
24831,7.1597
24832,7.9784
24833,8.175
24834,7.5552
24835,7.4258
24836,7.7289
24837,7.5913
24838,7.4946
24839,8.8518
24840,7.5386
24841,6.3228
24842,7.3482
24843,7.6831
24844,8.0631
24845,6.6078
24846,7.638
24847,8.1009
24848,7.4207
24849,7.6694
24850,7.2091
24851,8.1366
24852,7.8184
24853,7.4182
24854,7.7658
24855,7.7136
24856,7.7742
24857,7.6012
24858,7.6347
24859,7.2602
24860,7.5044
24861,7.8198
24862,8.621
24863,7.638
24864,7.4693
24865,7.4716
24866,7.7663
24867,5.9627
24868,7.6018
24869,8.1006
24870,7.6739
24871,6.7611
24872,7.3653
24873,6.5058
24874,7.3061
24875,7.8584
24876,8.0625
24877,7.345
24878,7.8739
24879,7.6018
24880,7.2516
24881,7.2653
24882,8.1955
24883,7.4408
24884,7.9889
24885,8.1056
24886,8.6727
24887,7.3008
24888,7.7749
24889,7.5077
24890,7.9245
24891,7.6018
24892,7.3231
24893,7.661
24894,7.6297
24895,8.0654
24896,7.7919
24897,7.5213
24898,7.7234
24899,7.7289
24900,5.0985
24901,7.5622
24902,7.6018
24903,7.9004
24904,7.5242
24905,7.3398
24906,6.852
24907,9.4326
24908,8.3439
24909,7.5398
24910,7.2778
24911,7.7207
24912,7.5856
24913,8.7009
24914,7.5518
24915,7.6192
24916,7.4931
24917,7.8317
24918,8.2892
24919,6.8167
24920,7.4807
24921,7.7613
24922,7.2602
24923,7.6196
24924,7.3177
24925,7.269
24926,7.1536
24927,7.7842
24928,7.8548
24929,7.2602
24930,8.0414
24931,7.3127
24932,7.6679
24933,7.8394
24934,7.8378
24935,7.5413
24936,7.1064
24937,7.2602
24938,7.8679
24939,7.2602
24940,5.6095
24941,8.2799
24942,7.7389
24943,7.806
24944,7.5077
24945,8.1668
24946,7.5013
24947,7.6018
24948,7.3167
24949,8.1549
24950,8.8518
24951,8.1356
24952,7.6114
24953,9.1484
24954,7.9993
24955,7.6531
24956,7.3241
24957,8.3196
24958,7.4822
24959,7.6018
24960,7.921
24961,7.3871
24962,8.2147
24963,7.4182
24964,8.2049
24965,7.891
24966,7.8012
24967,7.7739
24968,7.6472
24969,7.546
24970,7.8198
24971,7.8492
24972,7.725
24973,7.8483
24974,7.2602
24975,7.3001
24976,6.9534
24977,7.6224
24978,7.8341
24979,7.6872
24980,7.243
24981,7.143
24982,7.1161
24983,7.7434
24984,7.8012
24985,7.2057
24986,7.1772
24987,8.8518
24988,7.3912
24989,7.6018
24990,8.2846
24991,7.5727
24992,7.3107
24993,7.3195
24994,7.5077
24995,7.1343
24996,7.9386
24997,7.7426
24998,7.5956
24999,7.2602
25000,8.6688
25001,7.3407
25002,5.4669
25003,8.1995
25004,8.9908
25005,7.4067
25006,9.3089
25007,7.6067
25008,8.478
25009,8.2354
25010,7.0783
25011,7.7289
25012,8.0009
25013,8.4552
25014,7.264
25015,7.638
25016,7.6858
25017,8.1601
25018,5.0985
25019,7.0574
25020,7.6018
25021,7.3345
25022,7.3084
25023,7.4417
25024,7.3041
25025,7.638
25026,7.9009
25027,8.8518
25028,7.5471
25029,7.0359
25030,7.8941
25031,7.4491
25032,7.1772
25033,7.2829
25034,7.7008
25035,7.2864
25036,7.5154
25037,8.8518
25038,7.2795
25039,7.4946
25040,7.7102
25041,6.8974
25042,9.0017
25043,7.0299
25044,7.0359
25045,7.5445
25046,7.5343
25047,7.7447
25048,7.6874
25049,7.8348
25050,7.8874
25051,7.9933
25052,7.3596
25053,7.4225
25054,7.6018
25055,8.7248
25056,7.6682
25057,7.7539
25058,6.0675
25059,7.6626
25060,7.4107
25061,7.57
25062,7.3806
25063,7.5247
25064,7.7289
25065,7.3091
25066,7.4491
25067,8.3433
25068,7.288
25069,7.7777
25070,7.6899
25071,7.1411
25072,7.9854
25073,8.4431
25074,7.5398
25075,7.2969
25076,7.9257
25077,7.6302
25078,7.8722
25079,7.2846
25080,7.4223
25081,8.0011
25082,7.1261
25083,7.2447
25084,8.8518
25085,5.6801
25086,8.2053
25087,7.8564
25088,5.4669
25089,7.1509
25090,7.6996
25091,7.5471
25092,7.6168
25093,7.7435
25094,7.4467
25095,7.7706
25096,9.0001
25097,7.5694
25098,9.0017
25099,7.6481
25100,8.2904
25101,7.6937
25102,7.4744
25103,7.4987
25104,7.2973
25105,7.2341
25106,7.498
25107,7.1772
25108,8.2951
25109,7.4438
25110,8.8518
25111,6.2785
25112,7.1386
25113,7.638
25114,7.5816
25115,7.4007
25116,7.2744
25117,7.882
25118,7.6431
25119,7.5011
25120,7.1423
25121,8.3127
25122,5.1918
25123,7.9992
25124,7.5727
25125,7.7839
25126,8.8518
25127,5.0985
25128,7.5527
25129,8.8518
25130,8.141
25131,7.4068
25132,5.0985
25133,7.247
25134,7.8198
25135,7.0485
25136,7.0188
25137,7.6018
25138,7.5432
25139,7.6485
25140,8.0364
25141,7.435
25142,7.479
25143,7.7515
25144,7.9865
25145,7.2602
25146,7.6018
25147,7.5956
25148,7.6018
25149,7.9539
25150,8.3823
25151,7.8561
25152,7.5562
25153,8.4435
25154,7.2602
25155,8.4226
25156,7.4106
25157,7.7705
25158,7.7706
25159,8.4108
25160,8.1838
25161,7.2363
25162,7.668
25163,7.6304
25164,7.5072
25165,7.1619
25166,7.8573
25167,7.4562
25168,7.5036
25169,7.3301
25170,7.5077
25171,7.6278
25172,7.645
25173,7.6
25174,7.2679
25175,7.5245
25176,7.806
25177,8.1326
25178,7.3604
25179,7.7243
25180,7.9318
25181,8.0953
25182,5.0985
25183,8.7351
25184,7.6682
25185,7.9056
25186,7.8809
25187,7.4696
25188,6.9809
25189,7.8106
25190,8.0598
25191,7.4423
25192,7.4957
25193,7.9804
25194,7.6682
25195,6.8752
25196,7.6018
25197,7.8764
25198,7.1878
25199,7.8763
25200,8.1749
25201,7.9105
25202,8.2257
25203,8.2257
25204,7.287
25205,7.5011
25206,7.6939
25207,7.6832
25208,7.6828
25209,7.5323
25210,7.5542
25211,7.8249
25212,7.7701
25213,7.6018
25214,7.6018
25215,7.8245
25216,7.5571
25217,7.0925
25218,7.738
25219,8.0551
25220,7.3521
25221,7.1521
25222,6.7784
25223,5.6095
25224,6.8695
25225,7.6764
25226,8.0844
25227,7.2602
25228,8.2837
25229,7.738
25230,8.175
25231,7.4454
25232,7.71
25233,7.5458
25234,7.9425
25235,7.478
25236,5.6506
25237,7.969
25238,7.819
25239,8.8518
25240,7.8584
25241,6.9676
25242,7.4491
25243,7.7922
25244,7.4878
25245,7.5562
25246,5.0985
25247,9.3089
25248,7.2389
25249,7.4646
25250,8.1493
25251,8.0015
25252,8.0551
25253,8.4746
25254,7.7175
25255,8.2836
25256,7.0985
25257,5.0985
25258,7.9561
25259,7.4454
25260,8.1064
25261,6.6372
25262,7.4082
25263,7.9427
25264,8.0985
25265,7.54
25266,7.6018
25267,7.1466
25268,7.6099
25269,7.2526
25270,9.3089
25271,6.8781
25272,8.8518
25273,7.3348
25274,7.9878
25275,7.3091
25276,7.9006
25277,7.8195
25278,8.1995
25279,7.4942
25280,7.5386
25281,8.0328
25282,7.3605
25283,7.0473
25284,8.1327
25285,7.1343
25286,7.4038
25287,7.9123
25288,7.4328
25289,8.0882
25290,7.3597
25291,7.2511
25292,7.7179
25293,7.6658
25294,8.6168
25295,7.8706
25296,7.7542
25297,8.248
25298,7.6002
25299,7.2602
25300,7.9369
25301,8.8518
25302,7.6018
25303,7.8012
25304,7.4081
25305,7.9056
25306,7.5149
25307,7.3566
25308,7.1455
25309,7.722
25310,8.3757
25311,8.0845
25312,7.6018
25313,7.8258
25314,7.5254
25315,8.2449
25316,7.6257
25317,7.7441
25318,7.2079
25319,7.5243
25320,8.6688
25321,8.1406
25322,7.4112
25323,8.2287
25324,7.651
25325,7.4946
25326,7.1495
25327,7.6762
25328,7.6413
25329,7.9515
25330,7.8466
25331,7.7685
25332,7.9555
25333,7.7255
25334,7.9015
25335,7.8271
25336,7.4562
25337,7.4417
25338,7.5682
25339,7.3019
25340,7.6682
25341,7.8151
25342,7.6306
25343,7.5605
25344,7.4299
25345,7.6931
25346,7.1251
25347,7.4026
25348,7.5825
25349,7.0848
25350,8.349
25351,7.9102
25352,7.7192
25353,7.9878
25354,8.5273
25355,7.3096
25356,8.7296
25357,7.3584
25358,8.1312
25359,7.5917
25360,8.4618
25361,9.3457
25362,7.672
25363,7.6012
25364,7.6981
25365,7.2602
25366,7.7855
25367,8.8518
25368,7.6018
25369,7.4591
25370,7.6937
25371,7.5665
25372,7.5279
25373,8.8777
25374,7.8355
25375,7.5909
25376,7.5398
25377,8.0523
25378,7.2527
25379,7.4036
25380,7.6672
25381,8.3112
25382,7.5471
25383,7.5015
25384,7.7439
25385,7.638
25386,7.2303
25387,9.0001
25388,7.8453
25389,7.5543
25390,7.76
25391,7.3653
25392,7.8269
25393,7.7289
25394,7.3942
25395,5.6095
25396,9.3089
25397,7.3581
25398,7.3467
25399,8.8518
25400,7.5003
25401,7.3653
25402,7.7798
25403,7.0703
25404,7.8061
25405,7.4491
25406,7.638
25407,7.5077
25408,7.0299
25409,7.3653
25410,7.4491
25411,7.5427
25412,7.9299
25413,7.7305
25414,7.5281
25415,8.8518
25416,6.8784
25417,7.5511
25418,8.0284
25419,7.5561
25420,7.086
25421,8.693
25422,7.5892
25423,7.7815
25424,7.1682
25425,7.5077
25426,8.3036
25427,7.1763
25428,8.1519
25429,7.541
25430,8.311
25431,7.0574
25432,7.8744
25433,7.1439
25434,7.3952
25435,7.8034
25436,6.212
25437,7.6804
25438,7.5156
25439,7.3779
25440,7.3313
25441,7.825
25442,7.0925
25443,7.1552
25444,7.8876
25445,7.1682
25446,6.6009
25447,8.1767
25448,8.0616
25449,7.3874
25450,7.9649
25451,7.787
25452,7.422
25453,7.7014
25454,7.4294
25455,7.019
25456,6.9381
25457,8.1775
25458,7.4182
25459,7.7091
25460,7.5076
25461,7.8382
25462,8.2006
25463,7.888
25464,4.2874
25465,7.2717
25466,6.2119
25467,7.4107
25468,7.6494
25469,7.5471
25470,8.8518
25471,7.3985
25472,7.5081
25473,7.7428
25474,7.6018
25475,7.7077
25476,7.865
25477,7.8726
25478,7.1973
25479,7.534
25480,8.1958
25481,7.3789
25482,8.0015
25483,7.4099
25484,7.3614
25485,7.2602
25486,7.6114
25487,8.0939
25488,7.4637
25489,7.6879
25490,7.1078
25491,8.1549
25492,8.0673
25493,7.0364
25494,8.6319
25495,7.7148
25496,7.9655
25497,7.2602
25498,7.6041
25499,7.2905
25500,8.0351
25501,7.9111
25502,7.54
25503,7.2319
25504,8.0946
25505,7.7789
25506,7.1775
25507,6.7953
25508,7.5013
25509,8.2752
25510,8.6352
25511,4.2874
25512,7.3167
25513,8.2375
25514,7.3071
25515,7.2602
25516,7.638
25517,7.8348
25518,7.4628
25519,7.7144
25520,7.5843
25521,7.479
25522,7.8821
25523,7.1075
25524,7.1241
25525,7.6066
25526,7.5636
25527,7.8198
25528,7.7788
25529,7.2602
25530,7.3677
25531,7.2602
25532,7.2333
25533,8.349
25534,7.6064
25535,7.6018
25536,7.638
25537,7.6018
25538,8.5494
25539,7.5537
25540,7.8004
25541,7.9405
25542,5.0985
25543,7.6018
25544,7.4469
25545,7.7156
25546,7.638
25547,7.2602
25548,5.9674
25549,7.0848
25550,7.8869
25551,7.4081
25552,7.894
25553,8.0255
25554,7.5489
25555,7.4617
25556,8.2438
25557,7.4629
25558,8.0011
25559,7.7156
25560,8.2183
25561,8.0602
25562,8.0036
25563,7.2311
25564,8.1782
25565,7.4965
25566,7.6018
25567,7.3578
25568,7.9123
25569,7.7251
25570,7.6714
25571,7.5956
25572,7.6452
25573,7.8034
25574,7.8151
25575,7.1831
25576,8.2004
25577,7.5077
25578,7.6018
25579,7.2812
25580,7.9194
25581,8.478
25582,7.6018
25583,7.7519
25584,7.9834
25585,7.2558
25586,7.9025
25587,8.2679
25588,7.8584
25589,7.8983
25590,7.6682
25591,7.2895
25592,7.5261
25593,7.1665
25594,7.7903
25595,7.6441
25596,7.6931
25597,8.4619
25598,8.2004
25599,7.6018
25600,7.4693
25601,5.1918
25602,9.0017
25603,8.0873
25604,7.4491
25605,8.3134
25606,7.5944
25607,7.9272
25608,5.0985
25609,7.6018
25610,7.1545
25611,7.6422
25612,7.4182
25613,8.0978
25614,7.3978
25615,9.3089
25616,8.1327
25617,8.0106
25618,6.8935
25619,7.6018
25620,7.2602
25621,7.5154
25622,7.1372
25623,8.8518
25624,7.8891
25625,8.0534
25626,7.4317
25627,7.4423
25628,7.6026
25629,7.0783
25630,8.6989
25631,8.0559
25632,7.3134
25633,7.1844
25634,7.2602
25635,7.7735
25636,9.3089
25637,5.0985
25638,7.0959
25639,7.5097
25640,7.8702
25641,7.876
25642,7.5848
25643,7.559
25644,8.8518
25645,7.1343
25646,7.2602
25647,7.6018
25648,6.7081
25649,7.6018
25650,7.321
25651,7.9696
25652,7.3348
25653,7.9384
25654,7.9328
25655,7.66
25656,7.6308
25657,7.1509
25658,6.9299
25659,7.4873
25660,7.6075
25661,7.722
25662,7.6679
25663,7.722
25664,7.7022
25665,8.2743
25666,7.9912
25667,7.7378
25668,7.477
25669,7.5848
25670,7.64
25671,7.1725
25672,7.8379
25673,7.7512
25674,7.523
25675,8.001
25676,5.0985
25677,7.7063
25678,7.7721
25679,7.5507
25680,7.7777
25681,7.8866
25682,8.175
25683,7.722
25684,8.4687
25685,7.3127
25686,7.8084
25687,7.6265
25688,7.1677
25689,7.638
25690,8.6727
25691,7.6682
25692,9.0248
25693,7.638
25694,7.6018
25695,7.2496
25696,7.4112
25697,7.6018
25698,7.4015
25699,8.4022
25700,8.0015
25701,7.7724
25702,8.8518
25703,7.4077
25704,5.6095
25705,7.127
25706,7.1863
25707,7.1772
25708,7.6018
25709,7.7719
25710,7.5856
25711,8.8518
25712,6.6372
25713,7.8073
25714,7.5449
25715,7.6018
25716,7.1432
25717,7.4987
25718,7.7512
25719,7.8949
25720,7.6018
25721,7.1772
25722,7.9878
25723,7.8198
25724,9.3777
25725,7.6291
25726,7.9244
25727,6.3228
25728,8.1145
25729,8.009
25730,7.3597
25731,7.4788
25732,8.0506
25733,7.54
25734,7.7257
25735,7.5272
25736,7.2602
25737,7.3582
25738,7.6018
25739,7.2602
25740,7.8761
25741,7.9404
25742,7.5398
25743,7.9055
25744,7.4562
25745,7.9054
25746,7.8583
25747,7.8311
25748,7.8874
25749,7.6018
25750,6.8246
25751,7.5813
25752,7.2846
25753,8.2942
25754,7.4711
25755,7.9912
25756,8.1545
25757,7.4984
25758,7.6694
25759,7.2116
25760,7.5077
25761,8.8518
25762,7.4263
25763,7.6931
25764,7.6018
25765,7.66
25766,6.8669
25767,7.5077
25768,7.8698
25769,7.9424
25770,7.4946
25771,7.274
25772,8.0014
25773,7.3566
25774,7.2807
25775,7.9422
25776,8.6208
25777,7.6018
25778,7.9565
25779,8.2516
25780,7.4854
25781,8.0649
25782,6.9793
25783,7.1476
25784,8.9417
25785,7.1682
25786,7.5625
25787,7.3937
25788,7.8504
25789,7.6018
25790,7.2602
25791,7.861
25792,7.7554
25793,8.8518
25794,5.0985
25795,8.0591
25796,7.9323
25797,8.6727
25798,7.966
25799,8.1863
25800,7.5446
25801,7.7709
25802,7.5994
25803,7.4562
25804,6.5005
25805,7.2079
25806,7.4225
25807,7.9422
25808,7.0359
25809,7.1009
25810,7.4657
25811,8.4108
25812,7.7706
25813,8.8518
25814,7.8463
25815,8.0009
25816,6.7345
25817,7.3108
25818,7.5057
25819,7.7515
25820,7.2739
25821,7.2014
25822,7.7226
25823,7.4866
25824,7.6305
25825,7.5956
25826,9.0922
25827,7.8834
25828,6.8167
25829,6.0091
25830,6.9056
25831,7.8367
25832,7.2331
25833,7.7023
25834,7.3807
25835,7.4119
25836,7.615
25837,7.7192
25838,7.2602
25839,5.8229
25840,7.8671
25841,9.0017
25842,7.2009
25843,7.6441
25844,7.2321
25845,7.2602
25846,7.7289
25847,7.7019
25848,7.8198
25849,9.3457
25850,7.3343
25851,7.4423
25852,7.4978
25853,6.8935
25854,8.1269
25855,7.6932
25856,7.6018
25857,5.0985
25858,7.0514
25859,8.2139
25860,7.6831
25861,7.8348
25862,7.8454
25863,7.6996
25864,8.8518
25865,7.5251
25866,8.6688
25867,7.9514
25868,7.9645
25869,7.2374
25870,7.9625
25871,6.1957
25872,7.5109
25873,7.6918
25874,7.2602
25875,7.6852
25876,5.6095
25877,7.7342
25878,7.6937
25879,7.742
25880,7.5853
25881,7.8691
25882,7.6018
25883,7.7289
25884,7.5012
25885,7.8012
25886,7.1682
25887,7.5867
25888,7.6972
25889,7.489
25890,7.5345
25891,7.9979
25892,8.175
25893,7.8198
25894,8.1926
25895,7.184
25896,7.6018
25897,7.4575
25898,6.9009
25899,7.505
25900,7.3571
25901,7.2602
25902,7.4012
25903,8.0739
25904,6.8843
25905,7.6788
25906,7.8348
25907,7.5083
25908,7.0886
25909,7.9009
25910,7.8591
25911,7.9289
25912,8.431
25913,7.638
25914,8.1055
25915,7.8616
25916,8.2336
25917,7.5034
25918,7.9636
25919,7.2602
25920,7.7168
25921,7.6263
25922,7.2389
25923,7.6455
25924,8.0009
25925,7.7712
25926,7.0073
25927,9.3089
25928,8.8518
25929,7.7425
25930,7.5192
25931,8.7665
25932,7.6472
25933,8.0231
25934,7.787
25935,7.2281
25936,7.243
25937,7.5847
25938,7.7142
25939,7.5471
25940,7.7918
25941,7.5015
25942,7.54
25943,7.9174
25944,7.3824
25945,7.6591
25946,7.3899
25947,8.6727
25948,7.5177
25949,9.3089
25950,7.6713
25951,7.3653
25952,8.2004
25953,8.0015
25954,7.0007
25955,7.843
25956,7.6018
25957,7.6372
25958,7.2389
25959,7.7156
25960,7.8286
25961,8.1327
25962,8.1314
25963,7.7196
25964,7.3048
25965,7.638
25966,5.1918
25967,8.2904
25968,7.5298
25969,8.3177
25970,7.7374
25971,7.6215
25972,7.6886
25973,8.6688
25974,7.2627
25975,8.2185
25976,6.9277
25977,8.5387
25978,7.6018
25979,7.3597
25980,7.638
25981,7.6038
25982,6.8584
25983,9.2319
25984,6.9282
25985,8.5268
25986,7.4058
25987,7.7289
25988,7.4715
25989,8.8518
25990,7.5753
25991,7.9454
25992,7.3195
25993,7.5077
25994,7.3926
25995,7.6018
25996,7.5682
25997,7.5861
25998,7.2218
25999,7.7927
26000,7.1933
26001,8.0015
26002,7.4879
26003,7.2313
26004,7.2182
26005,5.1918
26006,7.6018
26007,7.6054
26008,7.6673
26009,7.1823
26010,7.504
26011,7.8584
26012,7.5837
26013,7.6018
26014,8.8518
26015,8.8518
26016,7.391
26017,7.9203
26018,7.7625
26019,7.6623
26020,8.5397
26021,7.7788
26022,7.7038
26023,7.8647
26024,7.3566
26025,7.604
26026,7.4225
26027,8.4588
26028,7.8115
26029,7.6018
26030,6.838
26031,8.2156
26032,7.9049
26033,7.6018
26034,7.9614
26035,7.2146
26036,7.2218
26037,7.8132
26038,7.8581
26039,7.2281
26040,6.7069
26041,6.9449
26042,7.4299
26043,7.5012
26044,7.5535
26045,7.2961
26046,7.7293
26047,8.1227
26048,8.2906
26049,7.6018
26050,7.4562
26051,7.8814
26052,7.2733
26053,7.5721
26054,8.2254
26055,7.7077
26056,7.9005
26057,7.8198
26058,7.7185
26059,7.546
26060,7.7207
26061,7.5471
26062,7.2339
26063,9.3089
26064,7.3867
26065,7.554
26066,7.3127
26067,7.8443
26068,7.3582
26069,7.7739
26070,9.3089
26071,7.6018
26072,7.4036
26073,7.7079
26074,7.3071
26075,7.6709
26076,8.0958
26077,7.4377
26078,8.0004
26079,7.9417
26080,7.4184
26081,7.3953
26082,7.9079
26083,7.4036
26084,7.6974
26085,7.7235
26086,7.638
26087,7.66
26088,8.175
26089,7.5543
26090,7.5316
26091,7.4946
26092,8.8518
26093,8.1552
26094,7.8953
26095,7.4908
26096,7.2593
26097,7.9847
26098,5.6506
26099,8.2166
26100,8.2837
26101,7.9878
26102,7.9878
26103,7.5452
26104,7.4036
26105,7.2769
26106,7.2608
26107,8.0013
26108,7.6018
26109,7.508
26110,7.4036
26111,8.5305
26112,7.9138
26113,7.8348
26114,7.8201
26115,7.4875
26116,7.4522
26117,7.6621
26118,7.9388
26119,7.738
26120,7.5304
26121,7.4538
26122,7.5744
26123,6.7784
26124,7.6018
26125,8.8518
26126,7.6416
26127,7.9555
26128,7.4642
26129,7.4929
26130,7.4036
26131,7.5723
26132,7.8738
26133,7.6932
26134,6.7784
26135,7.6056
26136,7.3775
26137,7.3471
26138,6.7834
26139,7.3895
26140,7.7864
26141,7.5192
26142,7.3808
26143,7.3653
26144,7.6897
26145,7.3799
26146,7.6441
26147,7.5471
26148,7.638
26149,8.1801
26150,7.8012
26151,7.9878
26152,7.2602
26153,7.3844
26154,7.9523
26155,7.6937
26156,8.1062
26157,7.4299
26158,7.6675
26159,7.6384
26160,7.4
26161,6.8904
26162,7.5357
26163,8.2039
26164,7.638
26165,7.6482
26166,8.3607
26167,7.7183
26168,8.8518
26169,7.861
26170,7.8954
26171,8.8518
26172,7.6683
26173,7.7515
26174,7.4342
26175,7.6162
26176,7.6474
26177,7.6018
26178,8.175
26179,7.638
26180,7.4476
26181,6.6995
26182,7.5386
26183,7.4939
26184,9.0017
26185,7.3566
26186,7.5848
26187,9.0017
26188,7.9068
26189,8.4292
26190,7.4786
26191,8.0578
26192,7.8407
26193,7.5013
26194,7.6018
26195,7.3582
26196,5.1312
26197,8.8518
26198,8.1261
26199,8.1031
26200,7.3509
26201,8.1056
26202,7.5444
26203,7.9867
26204,7.475
26205,7.8036
26206,6.7928
26207,7.5015
26208,6.9504
26209,8.1257
26210,7.6805
26211,7.9532
26212,7.5595
26213,8.0721
26214,7.638
26215,8.693
26216,7.9388
26217,7.5375
26218,6.6988
26219,8.565
26220,7.7502
26221,7.5307
26222,7.5793
26223,7.2602
26224,7.817
26225,7.9974
26226,8.8518
26227,7.995
26228,7.4625
26229,7.4491
26230,7.5463
26231,8.0003
26232,7.6994
26233,7.4522
26234,7.4679
26235,8.1767
26236,7.2289
26237,7.6848
26238,7.6545
26239,7.9191
26240,8.8518
26241,7.4577
26242,7.2209
26243,8.8518
26244,7.3566
26245,7.5227
26246,7.6018
26247,7.7345
26248,8.7296
26249,7.7258
26250,7.2371
26251,7.6018
26252,7.6733
26253,7.5493
26254,7.5295
26255,5.4669
26256,8.491
26257,7.8348
26258,8.0131
26259,7.7378
26260,8.7663
26261,7.3808
26262,7.5471
26263,7.3348
26264,7.6018
26265,5.6506
26266,7.6937
26267,5.6506
26268,7.3646
26269,7.5788
26270,7.4135
26271,8.4144
26272,7.8778
26273,7.6282
26274,7.7812
26275,8.26
26276,6.0364
26277,7.6166
26278,7.6754
26279,6.3682
26280,7.7648
26281,8.4226
26282,7.3754
26283,8.1079
26284,5.0985
26285,8.5387
26286,8.0208
26287,8.0343
26288,5.1918
26289,6.1672
26290,7.5737
26291,7.6018
26292,7.2975
26293,8.431
26294,7.6189
26295,7.6018
26296,7.9584
26297,7.2602
26298,7.4518
26299,7.8475
26300,6.4423
26301,6.6663
26302,7.5764
26303,8.1684
26304,6.9729
26305,7.7285
26306,7.5008
26307,8.0119
26308,7.0742
26309,7.493
26310,7.0412
26311,7.8003
26312,7.5842
26313,7.7077
26314,7.2799
26315,6.066
26316,7.3566
26317,7.6018
26318,7.9417
26319,7.6222
26320,7.9752
26321,7.5546
26322,7.8007
26323,7.787
26324,7.6547
26325,7.8788
26326,7.386
26327,7.8084
26328,7.5434
26329,7.3348
26330,7.7767
26331,8.1835
26332,7.8079
26333,7.9003
26334,7.7638
26335,7.5799
26336,7.737
26337,7.1772
26338,7.4553
26339,7.6018
26340,7.1682
26341,7.1711
26342,7.7368
26343,7.8057
26344,9.2946
26345,7.4386
26346,9.0017
26347,7.5029
26348,7.386
26349,8.2973
26350,7.6366
26351,7.7348
26352,7.5864
26353,7.6062
26354,6.1938
26355,7.524
26356,8.1393
26357,7.9345
26358,7.3985
26359,7.1441
26360,7.345
26361,7.7036
26362,9.118
26363,7.5077
26364,7.6263
26365,7.6086
26366,7.2602
26367,7.2349
26368,7.5591
26369,7.5077
26370,9.0017
26371,7.7706
26372,7.3762
26373,8.5387
26374,8.8518
26375,7.5011
26376,8.4431
26377,7.386
26378,7.6018
26379,8.8518
26380,7.8935
26381,7.2602
26382,8.2275
26383,7.6018
26384,7.7904
26385,7.6018
26386,8.4198
26387,7.7231
26388,7.6018
26389,7.8475
26390,7.5083
26391,7.1978
26392,7.5077
26393,7.7748
26394,6.0195
26395,7.3345
26396,8.6004
26397,7.3844
26398,7.4491
26399,7.8873
26400,7.8584
26401,9.0017
26402,8.9397
26403,7.3985
26404,7.6018
26405,7.5872
26406,7.4478
26407,7.7151
26408,9.3089
26409,7.9304
26410,7.2635
26411,7.5057
26412,7.4985
26413,7.4491
26414,7.3804
26415,7.3119
26416,7.8633
26417,8.0157
26418,8.0702
26419,7.2602
26420,8.0006
26421,7.6947
26422,7.5848
26423,7.6018
26424,6.8341
26425,8.8697
26426,7.3658
26427,7.5392
26428,5.0985
26429,7.638
26430,7.5471
26431,7.3616
26432,5.1918
26433,8.1674
26434,7.7434
26435,7.4299
26436,7.7154
26437,7.2602
26438,7.8957
26439,9.0017
26440,9.3089
26441,8.8518
26442,9.2319
26443,7.6018
26444,7.6679
26445,8.2555
26446,8.1149
26447,8.194
26448,7.8345
26449,8.274
26450,7.6344
26451,7.8198
26452,5.0985
26453,7.7411
26454,8.1141
26455,7.4186
26456,7.7129
26457,7.8718
26458,7.9245
26459,8.431
26460,7.8761
26461,8.5074
26462,7.4562
26463,7.8651
26464,7.3156
26465,6.7193
26466,7.6018
26467,7.4076
26468,7.4012
26469,8.0711
26470,7.3653
26471,6.7511
26472,7.422
26473,7.6756
26474,8.1545
26475,9.4547
26476,7.6807
26477,7.4886
26478,7.7076
26479,8.0723
26480,7.4198
26481,7.6018
26482,7.5271
26483,7.8886
26484,7.8564
26485,7.6217
26486,7.6315
26487,7.7602
26488,7.059
26489,8.7665
26490,7.7822
26491,8.2463
26492,9.0017
26493,7.2318
26494,7.3728
26495,8.007
26496,8.1493
26497,7.6018
26498,8.1836
26499,7.9242
26500,6.3336
26501,6.7784
26502,7.5015
26503,7.861
26504,8.0013
26505,7.4408
26506,7.5077
26507,7.5564
26508,8.0011
26509,8.8518
26510,7.7289
26511,8.6396
26512,7.5434
26513,8.9003
26514,7.1775
26515,7.4386
26516,7.2332
26517,8.1121
26518,7.6018
26519,7.7621
26520,7.5595
26521,7.8679
26522,8.1886
26523,8.0107
26524,7.1043
26525,7.9065
26526,7.0269
26527,7.386
26528,7.2602
26529,7.2602
26530,7.6018
26531,7.6913
26532,7.3348
26533,7.4587
26534,6.0364
26535,7.0209
26536,7.7451
26537,7.5727
26538,7.2788
26539,8.4012
26540,7.6018
26541,7.3713
26542,7.1614
26543,7.3031
26544,7.2839
26545,7.5288
26546,7.7255
26547,5.0985
26548,7.9826
26549,8.2149
26550,7.4081
26551,7.3019
26552,7.5848
26553,7.4642
26554,6.8185
26555,7.2602
26556,5.0985
26557,5.0985
26558,7.2558
26559,7.8624
26560,7.6008
26561,7.0274
26562,7.2639
26563,7.4119
26564,7.8584
26565,8.6688
26566,7.295
26567,8.2257
26568,8.5161
26569,7.1343
26570,7.9105
26571,7.9572
26572,8.0804
26573,8.8777
26574,6.8752
26575,7.7235
26576,7.5333
26577,7.4619
26578,7.5926
26579,7.2602
26580,7.2736
26581,7.638
26582,9.0017
26583,7.5975
26584,8.0978
26585,8.0641
26586,7.7152
26587,7.7706
26588,7.4812
26589,7.0783
26590,7.4597
26591,7.8899
26592,7.638
26593,5.0985
26594,7.6018
26595,7.3091
26596,7.2602
26597,7.8891
26598,7.801
26599,8.1677
26600,7.8198
26601,5.0985
26602,7.5527
26603,7.577
26604,7.6021
26605,7.2602
26606,8.0774
26607,7.0663
26608,7.3074
26609,7.786
26610,7.6018
26611,7.6018
26612,7.546
26613,7.2846
26614,7.9565
26615,8.1641
26616,8.3127
26617,6.8172
26618,9.1484
26619,7.1432
26620,6.9057
26621,8.0651
26622,7.3147
26623,7.6937
26624,7.6005
26625,7.8178
26626,6.884
26627,7.2602
26628,8.2257
26629,7.4012
26630,8.2367
26631,7.725
26632,7.7067
26633,7.2741
26634,7.6018
26635,7.2602
26636,7.5118
26637,7.3566
26638,9.3089
26639,8.1575
26640,7.2081
26641,8.5197
26642,7.3505
26643,7.638
26644,8.349
26645,8.5197
26646,7.8652
26647,7.5535
26648,7.4758
26649,7.1772
26650,7.7289
26651,7.6319
26652,8.478
26653,8.1819
26654,6.9341
26655,8.193
26656,5.0985
26657,7.3759
26658,7.7607
26659,7.6018
26660,7.0463
26661,6.6679
26662,7.7839
26663,7.8174
26664,7.7546
26665,7.551
26666,7.5563
26667,7.1545
26668,7.5331
26669,8.2004
26670,7.6216
26671,7.6018
26672,8.0854
26673,7.3452
26674,7.4502
26675,7.3566
26676,7.8373
26677,7.156
26678,7.1308
26679,7.2827
26680,7.3078
26681,7.8283
26682,7.7289
26683,7.5471
26684,8.2891
26685,7.3426
26686,7.4621
26687,7.4411
26688,7.5471
26689,7.6933
26690,9.3457
26691,6.3482
26692,7.5932
26693,7.4876
26694,7.638
26695,7.0714
26696,7.8272
26697,8.0004
26698,7.4182
26699,7.7156
26700,7.729
26701,7.238
26702,6.8666
26703,7.4798
26704,7.2602
26705,7.5955
26706,7.4863
26707,7.1343
26708,7.6931
26709,7.7259
26710,7.6018
26711,7.5152
26712,8.2189
26713,7.5646
26714,6.8679
26715,8.2075
26716,7.3167
26717,7.6018
26718,6.1809
26719,7.4423
26720,7.7739
26721,7.7123
26722,7.5956
26723,7.6261
26724,7.4182
26725,7.8175
26726,7.6253
26727,7.6312
26728,7.4102
26729,8.2291
26730,7.2602
26731,8.3231
26732,7.6168
26733,7.9006
26734,7.4099
26735,7.475
26736,8.0015
26737,7.6457
26738,7.2602
26739,7.6931
26740,7.5897
26741,8.8518
26742,7.9878
26743,7.3953
26744,8.4084
26745,7.6494
26746,7.5495
26747,7.7706
26748,7.4751
26749,7.296
26750,7.5077
26751,7.4789
26752,7.386
26753,7.5925
26754,7.9591
26755,7.464
26756,7.6764
26757,7.6937
26758,8.3055
26759,7.6018
26760,7.6018
26761,7.8539
26762,8.1367
26763,7.6018
26764,8.4478
26765,7.6441
26766,7.7983
26767,7.6018
26768,8.6391
26769,7.6168
26770,8.0631
26771,7.953
26772,5.6506
26773,7.487
26774,7.4448
26775,7.7857
26776,7.8604
26777,7.744
26778,7.0386
26779,7.8475
26780,6.6004
26781,7.4386
26782,5.0985
26783,7.6018
26784,7.638
26785,7.5841
26786,7.201
26787,7.3463
26788,7.6679
26789,7.2602
26790,9.3777
26791,7.7873
26792,8.1897
26793,7.6299
26794,7.3626
26795,7.494
26796,9.0291
26797,6.5345
26798,7.2602
26799,7.6774
26800,7.3214
26801,7.8009
26802,6.4009
26803,7.9668
26804,7.9517
26805,7.24
26806,7.7402
26807,7.4985
26808,7.5956
26809,7.5917
26810,7.8935
26811,7.8034
26812,7.7901
26813,7.6413
26814,6.5972
26815,7.6425
26816,7.0775
26817,7.3638
26818,8.597
26819,7.7151
26820,7.7019
26821,7.4497
26822,7.8584
26823,7.1476
26824,8.0005
26825,7.6682
26826,7.8065
26827,8.0344
26828,7.4491
26829,7.7289
26830,7.4607
26831,7.6018
26832,7.6114
26833,7.4642
26834,7.8198
26835,7.8407
26836,7.772
26837,7.3127
26838,7.6051
26839,7.7077
26840,7.4112
26841,7.506
26842,6.7687
26843,7.5925
26844,7.5471
26845,7.5471
26846,8.0392
26847,7.7503
26848,7.8235
26849,7.417
26850,7.4012
26851,7.1275
26852,8.2065
26853,7.9878
26854,7.7369
26855,7.4444
26856,7.5718
26857,7.6535
26858,7.8682
26859,7.3642
26860,7.8091
26861,9.1484
26862,8.1023
26863,7.8177
26864,7.1343
26865,7.9957
26866,6.833
26867,9.2859
26868,8.0636
26869,7.8804
26870,8.4285
26871,7.3635
26872,7.6208
26873,8.113
26874,7.8425
26875,7.9307
26876,8.2793
26877,7.9926
26878,6.7149
26879,8.1419
26880,7.0505
26881,7.5147
26882,7.5954
26883,7.9422
26884,7.6257
26885,7.8161
26886,7.5471
26887,7.3006
26888,8.0932
26889,7.3566
26890,5.6506
26891,6.7784
26892,8.594
26893,7.6018
26894,7.6613
26895,7.5407
26896,8.0379
26897,8.2998
26898,7.6018
26899,7.6959
26900,8.0062
26901,7.7289
26902,7.5077
26903,8.1085
26904,6.5897
26905,7.037
26906,7.1725
26907,8.2932
26908,7.3188
26909,7.5923
26910,7.6026
26911,7.8466
26912,7.3232
26913,7.9009
26914,7.0566
26915,7.6215
26916,8.9573
26917,7.8196
26918,7.2155
26919,7.5873
26920,7.5896
26921,7.5062
26922,7.5727
26923,7.6018
26924,8.5854
26925,8.8518
26926,8.2878
26927,7.6018
26928,7.6018
26929,7.4192
26930,7.6018
26931,7.8697
26932,7.7129
26933,7.3878
26934,7.2462
26935,7.3262
26936,7.1878
26937,7.4036
26938,7.6018
26939,7.6018
26940,7.2379
26941,7.4562
26942,7.7343
26943,8.7665
26944,6.6831
26945,7.0014
26946,7.638
26947,7.2735
26948,6.976
26949,7.5342
26950,8.7713
26951,7.5589
26952,7.8881
26953,7.6018
26954,7.8012
26955,8.0557
26956,7.3653
26957,7.7713
26958,7.5729
26959,7.3679
26960,7.3175
26961,7.6985
26962,7.8941
26963,7.5882
26964,7.0434
26965,7.4275
26966,7.6166
26967,5.9674
26968,7.6018
26969,7.2273
26970,7.6317
26971,7.4275
26972,7.4408
26973,8.5558
26974,7.5345
26975,7.0009
26976,7.5996
26977,7.5769
26978,7.7289
26979,7.2602
26980,7.6591
26981,7.5047
26982,6.3238
26983,7.2461
26984,7.0016
26985,7.2602
26986,7.451
26987,7.3566
26988,8.6161
26989,7.4036
26990,7.4012
26991,8.8518
26992,7.3946
26993,7.2616
26994,5.0985
26995,8.0012
26996,6.7731
26997,8.2636
26998,8.0293
26999,7.6425
27000,7.3545
27001,7.2602
27002,7.5394
27003,7.3348
27004,8.1756
27005,7.6613
27006,7.7515
27007,7.1069
27008,6.479
27009,9.3777
27010,7.6491
27011,5.6506
27012,7.3757
27013,8.0903
27014,7.354
27015,7.2602
27016,7.2512
27017,8.3715
27018,7.7736
27019,8.2842
27020,7.5471
27021,8.0933
27022,5.1918
27023,7.5471
27024,7.7692
27025,7.5727
27026,8.0308
27027,7.2323
27028,7.3054
27029,7.9422
27030,7.8346
27031,8.2366
27032,7.5386
27033,7.3607
27034,7.2007
27035,7.5109
27036,7.5345
27037,7.625
27038,7.3109
27039,5.0985
27040,5.0985
27041,6.8843
27042,7.026
27043,8.6143
27044,7.9049
27045,6.6106
27046,7.2511
27047,7.549
27048,7.6948
27049,7.4372
27050,7.5723
27051,7.5686
27052,8.2593
27053,7.3653
27054,8.0807
27055,7.7855
27056,7.4629
27057,7.7376
27058,7.6018
27059,5.0985
27060,7.6187
27061,7.3348
27062,8.0978
27063,7.6998
27064,7.8144
27065,7.7457
27066,6.4591
27067,7.2602
27068,7.2674
27069,7.5848
27070,8.0886
27071,7.5875
27072,7.3348
27073,7.3763
27074,8.2507
27075,7.2057
27076,7.8828
27077,7.4449
27078,8.7594
27079,7.7069
27080,7.298
27081,8.0854
27082,7.4522
27083,7.5809
27084,7.3512
27085,7.5471
27086,7.5848
27087,6.6541
27088,7.2929
27089,7.6381
27090,7.8677
27091,7.5077
27092,7.6018
27093,7.7105
27094,6.3482
27095,8.3104
27096,7.6063
27097,9.3089
27098,7.4562
27099,7.4622
27100,7.4542
27101,7.386
27102,7.4629
27103,7.7144
27104,6.7081
27105,7.7661
27106,7.1488
27107,7.7289
27108,8.0971
27109,7.6328
27110,7.5077
27111,7.8303
27112,7.5414
27113,5.0985
27114,6.9449
27115,7.1308
27116,7.2156
27117,9.0017
27118,8.8518
27119,7.8475
27120,7.5381
27121,8.8518
27122,7.6652
27123,7.7219
27124,8.4087
27125,7.4196
27126,8.0721
27127,7.3994
27128,7.8638
27129,8.1854
27130,7.6345
27131,8.1749
27132,7.54
27133,7.2602
27134,7.5848
27135,7.4
27136,7.6018
27137,8.0641
27138,7.7964
27139,8.8518
27140,7.6168
27141,7.6018
27142,8.1198
27143,8.8518
27144,8.3868
27145,7.2602
27146,8.3223
27147,7.7607
27148,7.2602
27149,7.701
27150,7.7526
27151,8.1085
27152,7.5077
27153,7.4317
27154,7.2744
27155,7.6937
27156,7.3665
27157,7.0679
27158,7.54
27159,7.2218
27160,8.0147
27161,7.7329
27162,5.0985
27163,7.1518
27164,7.4554
27165,8.1641
27166,6.8843
27167,7.1844
27168,7.4875
27169,7.1509
27170,7.5471
27171,7.0007
27172,7.7482
27173,8.0008
27174,7.7069
27175,7.8198
27176,7.4491
27177,7.54
27178,7.6834
27179,7.6263
27180,9.4547
27181,8.1674
27182,8.1568
27183,7.6469
27184,7.7511
27185,7.5636
27186,7.0561
27187,7.9006
27188,7.9968
27189,7.1677
27190,7.6018
27191,7.3341
27192,8.0014
27193,8.0015
27194,7.1476
27195,7.8136
27196,8.4012
27197,7.5539
27198,8.1234
27199,8.0002
27200,7.6018
27201,7.5016
27202,7.4491
27203,7.4359
27204,9.2319
27205,7.6018
27206,7.5211
27207,7.2218
27208,7.5636
27209,7.4225
27210,8.8518
27211,7.562
27212,7.5934
27213,7.6018
27214,7.6263
27215,7.7339
27216,7.6168
27217,7.9038
27218,8.0776
27219,6.9168
27220,6.8343
27221,7.2602
27222,7.469
27223,7.3163
27224,7.418
27225,8.2014
27226,7.5439
27227,7.9646
27228,7.4838
27229,7.3566
27230,8.5681
27231,7.3653
27232,7.8903
27233,7.6018
27234,9.0017
27235,8.6158
27236,7.5077
27237,8.2251
27238,7.7289
27239,7.555
27240,6.7959
27241,7.5281
27242,7.8051
27243,7.9372
27244,7.4036
27245,6.9604
27246,8.1442
27247,7.7124
27248,7.4491
27249,8.2904
27250,7.319
27251,8.1085
27252,7.3899
27253,8.154
27254,7.0134
27255,7.5015
27256,7.787
27257,7.2321
27258,7.9138
27259,7.4491
27260,8.2123
27261,6.4958
27262,6.7069
27263,7.4526
27264,7.1677
27265,7.638
27266,7.4449
27267,7.7434
27268,7.9809
27269,8.1357
27270,7.5527
27271,7.2602
27272,7.5471
27273,8.0501
27274,7.9182
27275,9.0017
27276,7.0823
27277,7.7515
27278,7.5077
27279,7.3607
27280,8.8518
27281,7.5077
27282,5.9674
27283,7.8051
27284,7.7013
27285,6.3686
27286,7.6521
27287,7.6018
27288,7.6018
27289,4.2874
27290,7.318
27291,7.1674
27292,8.2069
27293,7.4182
27294,7.3127
27295,7.4746
27296,8.7033
27297,7.3436
27298,7.6018
27299,8.8518
27300,9.1484
27301,7.3138
27302,9.1114
27303,7.8993
27304,7.7428
27305,8.0011
27306,7.4838
27307,8.4628
27308,7.5048
27309,8.8518
27310,7.8348
27311,7.6509
27312,7.8555
27313,7.2602
27314,7.9381
27315,7.6435
27316,8.8518
27317,8.2367
27318,8.478
27319,7.8036
27320,7.4119
27321,8.8777
27322,7.5213
27323,7.6656
27324,7.8062
27325,7.5558
27326,7.6909
27327,7.638
27328,8.037
27329,7.5016
27330,7.7659
27331,7.075
27332,7.6018
27333,8.1047
27334,7.3472
27335,8.273
27336,8.6989
27337,7.7522
27338,8.6168
27339,8.8518
27340,7.0671
27341,7.287
27342,7.7458
27343,7.4648
27344,7.7289
27345,7.8194
27346,7.6682
27347,8.8448
27348,8.0125
27349,7.7196
27350,7.8929
27351,7.6018
27352,6.8017
27353,7.3769
27354,7.8198
27355,7.1772
27356,7.6321
27357,7.6018
27358,8.8518
27359,7.4491
27360,6.5058
27361,9.0001
27362,7.5011
27363,8.3371
27364,7.7742
27365,7.4788
27366,7.5365
27367,8.0996
27368,7.638
27369,7.9345
27370,7.6168
27371,7.2287
27372,7.6263
27373,7.3566
27374,7.4024
27375,7.7719
27376,7.5672
27377,9.3089
27378,7.0582
27379,7.8198
27380,7.2602
27381,7.4946
27382,7.4182
27383,8.1327
27384,8.1837
27385,7.6803
27386,8.1871
27387,5.0985
27388,7.4182
27389,7.5213
27390,7.6
27391,7.4052
27392,7.1574
27393,7.9421
27394,7.2864
27395,8.0233
27396,7.7349
27397,6.8679
27398,7.9245
27399,7.8297
27400,7.1424
27401,7.4858
27402,7.7435
27403,6.9757
27404,7.7365
27405,7.7041
27406,7.4451
27407,7.8784
27408,7.7322
27409,8.0702
27410,7.638
27411,7.6679
27412,8.1818
27413,8.1995
27414,7.177
27415,7.7854
27416,7.9624
27417,7.4104
27418,7.9361
27419,8.1509
27420,8.048
27421,7.187
27422,7.6018
27423,7.2602
27424,7.6937
27425,8.1817
27426,7.5094
27427,7.3502
27428,5.0985
27429,7.8133
27430,7.2363
27431,7.5648
27432,7.1813
27433,6.3958
27434,7.2139
27435,7.1772
27436,8.1085
27437,7.9194
27438,7.7932
27439,7.4541
27440,8.2077
27441,7.0727
27442,7.5077
27443,7.8198
27444,8.1853
27445,7.7819
27446,7.4769
27447,7.6043
27448,7.386
27449,8.3895
27450,7.8941
27451,7.6224
27452,7.2407
27453,8.4431
27454,8.2443
27455,7.6018
27456,7.9561
27457,7.4436
27458,7.7009
27459,7.3093
27460,8.0566
27461,7.2515
27462,7.6018
27463,7.5607
27464,7.6018
27465,7.5274
27466,7.6621
27467,7.3653
27468,7.4835
27469,7.8679
27470,7.2602
27471,6.787
27472,7.6834
27473,7.8954
27474,6.7081
27475,7.3566
27476,7.9685
27477,7.7436
27478,7.5727
27479,7.4386
27480,7.1676
27481,5.0985
27482,7.6191
27483,8.4259
27484,7.9116
27485,7.8678
27486,7.7473
27487,7.6481
27488,7.6018
27489,9.1484
27490,7.3015
27491,7.6299
27492,7.1432
27493,7.5398
27494,8.7461
27495,7.0863
27496,7.3214
27497,6.7937
27498,6.3951
27499,7.5552
27500,7.8761
27501,7.7323
27502,5.4669
27503,7.2679
27504,7.2415
27505,8.0505
27506,8.039
27507,8.8518
27508,7.5848
27509,8.6688
27510,7.4764
27511,7.2602
27512,7.5392
27513,7.8013
27514,7.6018
27515,7.6274
27516,7.3879
27517,6.7884
27518,6.8414
27519,7.8744
27520,9.3089
27521,6.9099
27522,7.7806
27523,7.422
27524,7.6372
27525,6.5783
27526,7.5398
27527,7.6018
27528,7.6627
27529,7.6168
27530,7.4351
27531,7.3914
27532,7.6605
27533,6.8424
27534,7.5077
27535,7.3004
27536,8.1047
27537,7.4036
27538,7.6878
27539,7.6552
27540,8.8518
27541,7.9316
27542,7.3748
27543,8.1976
27544,7.5471
27545,7.3566
27546,7.453
27547,7.638
27548,7.1619
27549,7.8757
27550,7.7591
27551,7.3566
27552,7.3476
27553,7.8899
27554,7.299
27555,6.3298
27556,8.8518
27557,7.4354
27558,7.9295
27559,7.5786
27560,8.7843
27561,7.5077
27562,7.0378
27563,7.7515
27564,7.5463
27565,7.6018
27566,7.6908
27567,8.4431
27568,8.2904
27569,7.512
27570,7.8423
27571,7.6985
27572,7.0448
27573,7.8008
27574,7.2321
27575,7.1566
27576,7.1343
27577,7.9056
27578,7.4001
27579,7.1385
27580,7.8629
27581,8.0536
27582,7.8088
27583,7.638
27584,7.0848
27585,7.1552
27586,8.0641
27587,7.0783
27588,7.5077
27589,8.4649
27590,7.2602
27591,8.0303
27592,7.6232
27593,8.4464
27594,7.4787
27595,7.3509
27596,7.6526
27597,8.8518
27598,8.0408
27599,8.1207
27600,8.0248
27601,7.6018
27602,6.0364
27603,7.1435
27604,8.6561
27605,7.701
27606,7.6018
27607,7.5077
27608,7.6018
27609,7.4711
27610,7.6909
27611,7.5365
27612,7.3884
27613,7.549
27614,7.6862
27615,7.6018
27616,7.6263
27617,7.6636
27618,7.6897
27619,7.3021
27620,7.495
27621,7.6327
27622,8.4012
27623,8.8518
27624,7.8448
27625,7.5824
27626,8.3656
27627,5.6506
27628,7.9314
27629,8.035
27630,7.2744
27631,8.1071
27632,8.3371
27633,8.8518
27634,6.57
27635,7.3605
27636,8.4125
27637,7.8475
27638,7.6779
27639,7.6018
27640,8.0009
27641,7.3949
27642,6.5747
27643,7.4639
27644,7.4491
27645,7.8295
27646,7.6018
27647,6.7084
27648,7.8685
27649,5.5368
27650,7.9
27651,6.7091
27652,9.3089
27653,7.6018
27654,7.5227
27655,7.5954
27656,7.5225
27657,8.1668
27658,7.9877
27659,7.5607
27660,8.2364
27661,7.3252
27662,7.5806
27663,7.5016
27664,7.6018
27665,8.8518
27666,7.6009
27667,7.4065
27668,7.8772
27669,7.4129
27670,7.6438
27671,6.2507
27672,8.2178
27673,7.0003
27674,7.6018
27675,7.5956
27676,7.2602
27677,7.9068
27678,7.7607
27679,8.1641
27680,7.2066
27681,7.619
27682,8.2091
27683,7.5696
27684,7.4671
27685,7.7151
27686,7.5562
27687,7.7449
27688,7.3426
27689,7.6932
27690,9.0001
27691,8.3434
27692,7.0622
27693,7.3228
27694,8.1118
27695,7.8345
27696,7.6261
27697,7.2081
27698,7.9209
27699,7.2877
27700,9.3089
27701,7.5471
27702,7.3372
27703,7.2733
27704,6.066
27705,7.519
27706,7.5522
27707,6.3084
27708,7.2007
27709,8.0303
27710,7.5478
27711,7.5558
27712,5.0985
27713,8.2315
27714,7.1553
27715,7.5882
27716,8.3014
27717,8.1356
27718,7.5319
27719,8.2072
27720,8.2427
27721,7.4472
27722,7.5167
27723,7.0783
27724,7.2602
27725,7.4221
27726,7.2012
27727,7.5435
27728,5.0985
27729,7.4182
27730,7.6018
27731,7.8284
27732,7.9492
27733,8.7003
27734,7.3646
27735,7.3697
27736,7.8709
27737,7.5848
27738,7.8247
27739,7.2602
27740,7.2363
27741,7.5973
27742,5.0985
27743,7.7971
27744,5.0985
27745,6.9704
27746,8.3358
27747,7.6018
27748,7.6243
27749,7.4822
27750,7.7875
27751,7.4562
27752,9.3089
27753,8.1085
27754,7.4014
27755,7.6319
27756,8.1327
27757,7.1123
27758,5.0985
27759,8.0341
27760,6.7084
27761,7.0444
27762,7.7193
27763,7.1808
27764,7.8103
27765,8.0007
27766,7.8908
27767,7.4491
27768,7.7924
27769,7.4847
27770,7.4638
27771,5.1918
27772,7.5207
27773,7.6974
27774,8.5902
27775,8.0883
27776,7.6054
27777,7.8407
27778,7.2231
27779,7.8198
27780,5.0985
27781,7.3653
27782,8.7006
27783,7.7333
27784,6.8757
27785,7.4362
27786,6.9509
27787,8.017
27788,6.3686
27789,7.5575
27790,8.8518
27791,8.073
27792,7.59
27793,7.5682
27794,7.7515
27795,7.6457
27796,7.4758
27797,7.7174
27798,7.4447
27799,7.8858
27800,7.8007
27801,7.586
27802,7.8957
27803,8.2788
27804,7.2347
27805,7.4973
27806,6.6012
27807,7.7289
27808,7.5471
27809,7.6141
27810,8.4779
27811,7.858
27812,8.2993
27813,7.1879
27814,7.8629
27815,7.4299
27816,9.4326
27817,8.9607
27818,7.9124
27819,7.6797
27820,7.2602
27821,7.3879
27822,8.8518
27823,8.4357
27824,7.6857
27825,7.1804
27826,8.6821
27827,7.6679
27828,6.3338
27829,7.0016
27830,7.6359
27831,7.5558
27832,7.301
27833,7.6766
27834,7.6564
27835,7.4642
27836,7.6123
27837,7.6524
27838,7.1408
27839,7.7542
27840,7.9427
27841,7.8182
27842,6.3482
27843,7.9579
27844,7.4946
27845,7.6263
27846,7.0013
27847,7.1678
27848,7.1988
27849,7.4207
27850,6.6441
27851,8.2443
27852,8.7628
27853,7.549
27854,8.1647
27855,8.0679
27856,8.8518
27857,8.1749
27858,7.3808
27859,7.6018
27860,7.5544
27861,9.3089
27862,7.6394
27863,5.7577
27864,7.8011
27865,7.6457
27866,7.4387
27867,7.9397
27868,8.2449
27869,7.541
27870,8.3681
27871,7.9878
27872,6.7931
27873,7.972
27874,8.0937
27875,7.7735
27876,7.638
27877,7.8807
27878,7.6177
27879,7.504
27880,7.5154
27881,7.6105
27882,7.8982
27883,7.3803
27884,8.0641
27885,7.6018
27886,7.4386
27887,7.6493
27888,7.4298
27889,8.8518
27890,7.5077
27891,8.1745
27892,7.6076
27893,7.2252
27894,7.7515
27895,7.9796
27896,7.5077
27897,7.9344
27898,7.7882
27899,7.6018
27900,8.6688
27901,7.6018
27902,7.6018
27903,7.8604
27904,7.6741
27905,7.2924
27906,8.449
27907,7.5427
27908,6.3248
27909,8.3017
27910,7.3091
27911,7.4789
27912,7.8834
27913,8.0096
27914,7.1775
27915,8.0932
27916,7.6263
27917,7.0007
27918,6.7837
27919,7.2602
27920,8.217
27921,7.6168
27922,7.6012
27923,7.6018
27924,7.5018
27925,6.5133
27926,8.3194
27927,7.0791
27928,7.7903
27929,7.8035
27930,7.6319
27931,7.7289
27932,7.9338
27933,7.6265
27934,7.8198
27935,7.7911
27936,8.4105
27937,7.9024
27938,9.4326
27939,8.4259
27940,7.4522
27941,7.595
27942,7.4105
27943,8.0679
27944,7.9878
27945,8.1637
27946,7.9636
27947,7.8694
27948,6.0364
27949,7.7332
27950,7.9454
27951,7.7289
27952,7.0731
27953,8.2418
27954,7.1084
27955,7.5502
27956,8.8518
27957,7.4097
27958,8.594
27959,7.5964
27960,7.6018
27961,8.4087
27962,7.8155
27963,7.1376
27964,7.9346
27965,7.6534
27966,7.6018
27967,7.1426
27968,7.5242
27969,5.0985
27970,7.69
27971,7.5015
27972,7.2736
27973,7.5011
27974,7.6531
27975,8.349
27976,7.3266
27977,7.7289
27978,7.7289
27979,8.3807
27980,7.6018
27981,7.4949
27982,8.0006
27983,7.4119
27984,8.4431
27985,7.9272
27986,7.5471
27987,6.5884
27988,7.5233
27989,7.5689
27990,7.5636
27991,7.8475
27992,8.59
27993,7.3874
27994,8.0006
27995,7.2016
27996,8.6303
27997,8.0005
27998,7.5471
27999,7.4784
28000,8.8518
28001,7.3993
28002,7.8084
28003,8.2904
28004,7.4745
28005,7.7803
28006,7.0727
28007,7.3631
28008,7.2599
28009,7.5539
28010,8.8518
28011,8.1493
28012,7.4317
28013,8.7665
28014,7.0366
28015,7.8693
28016,7.422
28017,7.658
28018,7.3829
28019,7.2667
28020,8.8518
28021,7.6018
28022,7.5055
28023,8.1926
28024,7.5077
28025,7.4424
28026,7.8546
28027,7.3231
28028,8.7296
28029,8.8518
28030,7.8946
28031,7.6018
28032,7.4177
28033,8.3469
28034,7.5471
28035,6.5933
28036,7.5471
28037,7.8066
28038,7.5471
28039,8.3004
28040,5.0985
28041,7.8475
28042,9.2309
28043,7.981
28044,7.6018
28045,7.7951
28046,7.4156
28047,8.3223
28048,7.902
28049,7.459
28050,8.0006
28051,7.7358
28052,7.8198
28053,8.8518
28054,7.4559
28055,8.6158
28056,7.4491
28057,7.3348
28058,7.6937
28059,7.9988
28060,8.6252
28061,7.8615
28062,7.6807
28063,7.8216
28064,7.4225
28065,7.6355
28066,6.7069
28067,8.7665
28068,7.7364
28069,6.5893
28070,7.0517
28071,7.8941
28072,8.0783
28073,7.8807
28074,7.6018
28075,7.7193
28076,8.0568
28077,7.7334
28078,7.0781
28079,7.0729
28080,9.1484
28081,7.3346
28082,8.1103
28083,6.7658
28084,8.1514
28085,7.3555
28086,8.6688
28087,7.7281
28088,7.2602
28089,6.8
28090,8.001
28091,7.5835
28092,8.165
28093,8.733
28094,8.2681
28095,7.566
28096,7.7613
28097,7.5289
28098,7.9028
28099,6.1809
28100,8.3017
28101,7.2602
28102,7.6018
28103,8.1514
28104,6.6372
28105,7.6075
28106,5.0985
28107,7.6018
28108,7.8136
28109,8.4841
28110,7.7515
28111,8.001
28112,7.2602
28113,7.5006
28114,7.4386
28115,7.6018
28116,7.4703
28117,5.0985
28118,7.3195
28119,7.6263
28120,7.6018
28121,8.078
28122,7.7444
28123,7.4665
28124,8.1261
28125,7.6018
28126,8.2293
28127,7.8078
28128,7.3881
28129,7.4036
28130,7.6244
28131,7.8598
28132,7.1256
28133,7.4423
28134,7.7783
28135,7.6018
28136,7.9159
28137,7.2969
28138,7.8949
28139,7.604
28140,7.2602
28141,8.0437
28142,7.667
28143,8.8518
28144,8.3868
28145,7.4225
28146,7.1878
28147,7.1772
28148,7.6259
28149,7.4494
28150,8.4919
28151,8.537
28152,9.2319
28153,6.7345
28154,7.3984
28155,8.2072
28156,7.1775
28157,7.571
28158,7.5869
28159,6.0195
28160,7.9181
28161,7.7647
28162,7.6651
28163,7.676
28164,7.5315
28165,7.4691
28166,7.7004
28167,7.2089
28168,7.422
28169,7.6863
28170,8.7797
28171,7.8012
28172,7.687
28173,7.7043
28174,7.638
28175,7.5022
28176,6.0091
28177,5.1918
28178,8.9003
28179,7.9244
28180,7.6363
28181,8.349
28182,8.6688
28183,7.4263
28184,6.876
28185,7.8138
28186,8.1441
28187,7.2602
28188,7.2386
28189,7.6848
28190,7.5323
28191,7.7772
28192,7.8129
28193,7.2602
28194,8.0015
28195,7.8106
28196,7.7511
28197,7.3653
28198,7.6018
28199,7.8871
28200,7.3867
28201,7.539
28202,7.638
28203,7.6679
28204,7.3861
28205,7.3719
28206,8.3759
28207,7.6168
28208,7.638
28209,8.1493
28210,7.7281
28211,6.8172
28212,7.9273
28213,7.4562
28214,7.1772
28215,7.6402
28216,7.2363
28217,7.0183
28218,8.0835
28219,7.3512
28220,7.5295
28221,8.2229
28222,7.2141
28223,7.8314
28224,7.4128
28225,8.1059
28226,7.6457
28227,7.3767
28228,7.5775
28229,7.8347
28230,7.3548
28231,5.6506
28232,6.9429
28233,8.0679
28234,7.4883
28235,7.274
28236,8.2449
28237,7.4491
28238,7.6682
28239,7.3388
28240,7.5471
28241,7.6018
28242,8.2871
28243,7.738
28244,7.91
28245,7.7628
28246,7.535
28247,8.1509
28248,8.8518
28249,7.2744
28250,6.7731
28251,7.541
28252,7.3084
28253,7.1618
28254,5.0985
28255,7.638
28256,7.5505
28257,8.1292
28258,7.2768
28259,7.8525
28260,8.8518
28261,9.0017
28262,8.4129
28263,7.2602
28264,8.1995
28265,7.3314
28266,7.4227
28267,7.789
28268,9.4547
28269,6.9622
28270,8.2257
28271,7.9069
28272,7.287
28273,7.7713
28274,7.4751
28275,7.7469
28276,6.8843
28277,6.7997
28278,8.0005
28279,7.6526
28280,7.9004
28281,5.0985
28282,7.4087
28283,7.7993
28284,7.718
28285,7.6937
28286,8.2427
28287,6.9661
28288,7.8198
28289,7.8367
28290,7.3091
28291,8.4173
28292,8.1654
28293,7.4103
28294,5.4669
28295,7.3601
28296,9.3089
28297,8.6688
28298,8.1153
28299,7.3091
28300,7.5848
28301,7.7117
28302,7.0799
28303,7.6241
28304,7.5883
28305,8.6168
28306,7.9008
28307,5.0985
28308,7.2602
28309,7.6051
28310,7.6275
28311,7.5667
28312,7.7003
28313,7.3082
28314,7.7496
28315,7.0956
28316,7.8032
28317,8.0015
28318,7.9099
28319,7.2925
28320,6.7281
28321,7.8455
28322,7.9436
28323,7.4509
28324,7.8361
28325,8.8518
28326,7.3345
28327,6.066
28328,7.8348
28329,7.3608
28330,7.7289
28331,7.4345
28332,7.7552
28333,8.9908
28334,7.5576
28335,8.1858
28336,7.7899
28337,7.8007
28338,8.2292
28339,7.2347
28340,7.973
28341,7.994
28342,6.6834
28343,7.5471
28344,5.6506
28345,8.6688
28346,7.9262
28347,7.5077
28348,7.6261
28349,8.2452
28350,7.2095
28351,7.8443
28352,7.7706
28353,7.1339
28354,8.1795
28355,7.6018
28356,7.3089
28357,7.4562
28358,7.6018
28359,7.953
28360,7.4036
28361,5.9674
28362,8.136
28363,7.1433
28364,7.6018
28365,7.638
28366,7.6886
28367,7.3167
28368,7.7345
28369,7.8809
28370,7.5956
28371,6.8017
28372,8.51
28373,8.1676
28374,8.2427
28375,8.2012
28376,7.5273
28377,8.3167
28378,7.6265
28379,7.6018
28380,8.5085
28381,7.6109
28382,8.0618
28383,7.6018
28384,5.6506
28385,8.2097
28386,7.3175
28387,5.0985
28388,7.7505
28389,6.793
28390,7.297
28391,7.477
28392,7.2602
28393,7.1677
28394,9.3089
28395,7.5714
28396,7.6018
28397,7.4161
28398,6.7536
28399,7.9833
28400,7.4573
28401,7.5893
28402,7.6256
28403,8.2367
28404,7.6967
28405,7.738
28406,5.1918
28407,9.3089
28408,8.0008
28409,8.2302
28410,6.029
28411,7.4488
28412,7.821
28413,7.4548
28414,7.7643
28415,7.4641
28416,7.9068
28417,7.5365
28418,5.6506
28419,7.8934
28420,7.7515
28421,7.5044
28422,6.6872
28423,7.6817
28424,7.7289
28425,8.8518
28426,8.4431
28427,5.1918
28428,7.2602
28429,7.379
28430,7.7069
28431,5.5368
28432,7.6018
28433,7.787
28434,7.1713
28435,7.3296
28436,7.0925
28437,7.9105
28438,7.8152
28439,7.6595
28440,7.7504
28441,8.6688
28442,7.5991
28443,7.3653
28444,8.0254
28445,8.6158
28446,7.2581
28447,7.2602
28448,5.0985
28449,7.7144
28450,8.0399
28451,7.4821
28452,7.4562
28453,8.0012
28454,7.4562
28455,7.8356
28456,8.8518
28457,8.0324
28458,7.7867
28459,7.5396
28460,7.455
28461,7.9598
28462,7.4946
28463,8.7296
28464,7.4941
28465,7.386
28466,8.2315
28467,7.4012
28468,8.0679
28469,7.7274
28470,6.6708
28471,9.2319
28472,8.193
28473,7.467
28474,7.638
28475,9.3089
28476,7.9094
28477,8.0964
28478,7.3127
28479,7.2462
28480,7.6018
28481,8.4339
28482,7.293
28483,7.3084
28484,8.4534
28485,7.3342
28486,6.9299
28487,6.2119
28488,7.858
28489,7.6761
28490,6.8343
28491,7.8348
28492,7.8379
28493,7.6488
28494,7.6221
28495,7.4225
28496,7.1772
28497,7.5959
28498,7.871
28499,5.6095
28500,6.425
28501,7.42
28502,8.273
28503,6.8787
28504,7.7289
28505,7.1
28506,7.8619
28507,7.7693
28508,7.5011
28509,7.4734
28510,8.8518
28511,8.1056
28512,7.6682
28513,8.2978
28514,6.8172
28515,8.5007
28516,7.7289
28517,7.5154
28518,6.9843
28519,7.3775
28520,5.9674
28521,7.6261
28522,7.7544
28523,7.2431
28524,7.4064
28525,7.5167
28526,7.5077
28527,8.8518
28528,7.5014
28529,7.4573
28530,7.9048
28531,7.0636
28532,8.9908
28533,7.6154
28534,8.1788
28535,7.4423
28536,7.4
28537,7.6677
28538,6.6006
28539,7.9834
28540,7.8012
28541,7.6175
28542,7.6066
28543,7.2218
28544,7.4765
28545,8.3717
28546,7.8853
28547,7.7834
28548,7.6619
28549,8.0006
28550,7.5848
28551,8.0491
28552,7.8198
28553,7.9919
28554,8.2081
28555,7.6679
28556,8.0826
28557,7.6075
28558,7.2966
28559,7.6455
28560,7.66
28561,6.8679
28562,7.7427
28563,8.2669
28564,7.5242
28565,7.3364
28566,7.1511
28567,7.7697
28568,7.6018
28569,7.0274
28570,7.638
28571,8.9113
28572,8.4167
28573,7.6682
28574,7.6018
28575,8.1168
28576,8.3495
28577,8.2204
28578,7.5735
28579,7.5974
28580,7.2258
28581,6.8843
28582,7.6806
28583,7.4594
28584,5.8263
28585,7.2602
28586,6.3658
28587,7.4182
28588,8.0009
28589,7.0679
28590,8.099
28591,7.6018
28592,7.3275
28593,7.8198
28594,7.7447
28595,7.3653
28596,5.0985
28597,7.6598
28598,7.034
28599,8.8518
28600,8.1766
28601,7.0997
28602,7.9434
28603,8.8518
28604,7.8428
28605,7.7789
28606,7.5088
28607,7.5386
28608,8.009
28609,8.1118
28610,7.5505
28611,7.5956
28612,7.796
28613,7.2602
28614,7.1257
28615,7.3157
28616,5.0985
28617,7.6078
28618,7.3348
28619,7.4873
28620,7.3407
28621,8.0722
28622,7.8651
28623,8.0899
28624,7.2351
28625,8.8518
28626,8.2275
28627,7.4491
28628,7.8509
28629,7.4987
28630,8.1552
28631,7.2602
28632,7.6789
28633,7.9683
28634,8.2679
28635,7.8651
28636,8.8518
28637,7.51
28638,7.5118
28639,7.4466
28640,7.9878
28641,8.1668
28642,7.2155
28643,7.0141
28644,7.5119
28645,8.6068
28646,8.8518
28647,7.7178
28648,7.8831
28649,8.1274
28650,8.1237
28651,7.3195
28652,7.3653
28653,7.9796
28654,7.8668
28655,7.3447
28656,7.8408
28657,7.7515
28658,7.7392
28659,7.4562
28660,7.7854
28661,7.5281
28662,8.018
28663,7.901
28664,7.2363
28665,7.6011
28666,8.0039
28667,6.8414
28668,7.5105
28669,7.7468
28670,5.1918
28671,7.3761
28672,7.4902
28673,7.4012
28674,8.0445
28675,7.7084
28676,8.9607
28677,6.9965
28678,8.2183
28679,7.638
28680,7.7056
28681,7.512
28682,7.5713
28683,7.6683
28684,7.4132
28685,7.8339
28686,8.0011
28687,7.3582
28688,7.5251
28689,7.6598
28690,7.1919
28691,7.6018
28692,7.3946
28693,7.6613
28694,7.8584
28695,7.9142
28696,7.9395
28697,8.1093
28698,7.7075
28699,7.2602
28700,6.7784
28701,7.6937
28702,7.8198
28703,7.3985
28704,6.7507
28705,7.5297
28706,8.1932
28707,7.5015
28708,8.621
28709,7.8343
28710,7.318
28711,7.6248
28712,8.621
28713,8.8518
28714,7.2602
28715,7.5848
28716,7.4746
28717,6.9094
28718,7.9056
28719,7.6018
28720,7.7863
28721,7.7108
28722,7.6018
28723,8.1198
28724,7.8738
28725,8.1886
28726,8.2383
28727,7.9858
28728,8.1023
28729,8.2534
28730,8.7302
28731,8.8518
28732,9.0248
28733,8.105
28734,7.9485
28735,7.89
28736,7.8865
28737,7.7706
28738,7.5205
28739,7.6197
28740,7.6018
28741,7.8198
28742,7.8798
28743,7.5015
28744,7.498
28745,7.7289
28746,7.7675
28747,7.6018
28748,7.0105
28749,8.1047
28750,7.6572
28751,8.9607
28752,7.4355
28753,7.2515
28754,7.7115
28755,7.7744
28756,5.6506
28757,7.5681
28758,7.0846
28759,8.218
28760,9.0017
28761,7.6018
28762,8.8518
28763,7.638
28764,7.7162
28765,7.4065
28766,7.2679
28767,7.6018
28768,7.2924
28769,6.3486
28770,7.6765
28771,7.4172
28772,7.638
28773,7.8198
28774,7.2012
28775,7.8949
28776,7.7893
28777,7.1772
28778,7.6646
28779,5.4669
28780,7.1772
28781,8.0766
28782,7.6152
28783,7.6168
28784,7.2363
28785,7.6987
28786,8.2414
28787,7.5077
28788,7.6175
28789,7.3006
28790,7.7144
28791,7.283
28792,5.0985
28793,7.0848
28794,7.0679
28795,7.4656
28796,7.6089
28797,8.2636
28798,7.0256
28799,7.3596
28800,7.1455
28801,8.273
28802,8.8518
28803,7.9345
28804,8.0481
28805,7.974
28806,8.154
28807,7.5848
28808,7.6319
28809,7.7179
28810,7.6679
28811,7.8473
28812,7.5848
28813,7.9483
28814,7.2115
28815,7.4081
28816,7.8012
28817,8.0969
28818,8.2449
28819,7.9912
28820,7.7863
28821,7.8367
28822,7.2793
28823,7.9878
28824,8.175
28825,8.3533
28826,8.3766
28827,7.3566
28828,7.383
28829,7.7788
28830,7.552
28831,7.1549
28832,9.0017
28833,8.175
28834,7.2602
28835,7.6018
28836,6.9568
28837,9.0001
28838,6.2274
28839,8.5207
28840,7.5471
28841,7.2915
28842,8.8518
28843,8.2009
28844,7.1541
28845,6.4591
28846,6.9785
28847,7.6416
28848,7.4012
28849,7.5723
28850,7.9172
28851,8.8518
28852,9.4326
28853,7.9724
28854,7.7919
28855,7.5536
28856,7.5013
28857,7.7203
28858,7.5848
28859,7.6018
28860,7.2744
28861,8.2257
28862,7.7281
28863,6.6174
28864,7.4182
28865,7.6196
28866,7.3653
28867,7.67
28868,8.1207
28869,8.0004
28870,7.3127
28871,7.2363
28872,7.5534
28873,7.3937
28874,7.5674
28875,7.4474
28876,7.9635
28877,7.6682
28878,8.1865
28879,8.6989
28880,7.2602
28881,6.6121
28882,8.8494
28883,7.566
28884,5.8653
28885,7.5549
28886,8.0654
28887,7.6728
28888,7.3761
28889,5.0985
28890,7.9173
28891,7.8584
28892,7.1677
28893,8.8518
28894,8.0845
28895,8.5494
28896,7.2873
28897,7.4769
28898,7.5484
28899,7.7648
28900,8.2443
28901,6.7689
28902,7.6018
28903,7.4049
28904,7.7289
28905,7.806
28906,7.6886
28907,7.6852
28908,7.461
28909,7.8408
28910,7.4573
28911,7.5401
28912,7.4723
28913,8.0479
28914,7.6598
28915,8.677
28916,7.9888
28917,7.8509
28918,8.458
28919,7.2764
28920,7.6915
28921,7.6319
28922,7.8198
28923,7.4
28924,7.5171
28925,7.7818
28926,8.0386
28927,7.6417
28928,7.9245
28929,6.0404
28930,7.2602
28931,6.2241
28932,7.2602
28933,7.5281
28934,9.2309
28935,7.5172
28936,7.4344
28937,7.7031
28938,6.7924
28939,7.4225
28940,7.5727
28941,8.1568
28942,8.2681
28943,6.4482
28944,7.6168
28945,7.6018
28946,7.2558
28947,7.5471
28948,9.3089
28949,7.6114
28950,8.168
28951,8.9669
28952,7.2515
28953,7.2602
28954,7.5345
28955,7.2602
28956,7.4917
28957,7.441
28958,7.3566
28959,7.2023
28960,7.5471
28961,7.37
28962,7.8198
28963,8.0184
28964,7.2602
28965,7.1942
28966,7.4694
28967,7.4219
28968,7.8475
28969,8.8518
28970,7.5826
28971,7.7527
28972,6.8054
28973,7.2602
28974,8.2275
28975,8.1195
28976,7.8317
28977,7.6526
28978,7.562
28979,7.1665
28980,6.9194
28981,7.3584
28982,7.8147
28983,7.7506
28984,7.4182
28985,7.4725
28986,7.8573
28987,8.1517
28988,8.0004
28989,7.1161
28990,8.0004
28991,7.4649
28992,8.1415
28993,7.2602
28994,7.5925
28995,7.4989
28996,8.6736
28997,6.7069
28998,7.3006
28999,7.4245
29000,7.4036
29001,8.0913
29002,7.7131
29003,7.3323
29004,7.3899
29005,8.0274
29006,7.8285
29007,7.9878
29008,6.9499
29009,7.5848
29010,7.8284
29011,7.6695
29012,5.0985
29013,8.1989
29014,7.8197
29015,7.1118
29016,7.3986
29017,7.4818
29018,7.2602
29019,7.5077
29020,7.3653
29021,7.2602
29022,7.638
29023,8.1723
29024,6.4882
29025,6.678
29026,7.6263
29027,7.7752
29028,7.5398
29029,7.7757
29030,8.8518
29031,7.8136
29032,7.7555
29033,7.4973
29034,7.913
29035,8.2122
29036,6.8951
29037,8.2065
29038,7.8198
29039,8.3112
29040,9.3089
29041,7.6246
29042,5.0985
29043,6.3482
29044,6.4874
29045,7.0564
29046,7.6018
29047,7.5015
29048,7.9796
29049,7.5266
29050,5.1918
29051,7.5486
29052,7.7139
29053,9.2859
29054,7.683
29055,7.9343
29056,7.6472
29057,7.6699
29058,7.638
29059,7.5867
29060,7.0961
29061,7.2012
29062,7.5167
29063,7.5013
29064,7.7512
29065,8.3881
29066,7.8129
29067,8.3899
29068,7.1764
29069,7.5471
29070,7.3977
29071,8.5921
29072,8.8518
29073,7.3816
29074,8.0764
29075,7.3864
29076,7.0009
29077,7.2678
29078,5.4897
29079,7.2389
29080,7.0015
29081,7.8885
29082,7.6018
29083,8.0727
29084,7.5077
29085,7.8249
29086,8.0892
29087,8.0407
29088,7.5015
29089,7.8341
29090,8.1835
29091,7.5057
29092,7.3127
29093,8.1926
29094,8.4087
29095,7.5077
29096,7.9546
29097,7.2124
29098,8.0783
29099,7.6298
29100,7.6018
29101,8.9006
29102,7.8234
29103,7.6018
29104,7.6736
29105,8.0392
29106,7.488
29107,7.2602
29108,7.8341
29109,7.819
29110,7.8196
29111,7.7648
29112,7.8997
29113,7.2602
29114,7.4454
29115,7.9006
29116,7.7642
29117,7.6937
29118,7.9881
29119,5.8263
29120,7.8765
29121,7.436
29122,8.0641
29123,7.6018
29124,7.193
29125,7.5044
29126,7.8268
29127,6.9277
29128,8.0424
29129,7.4076
29130,7.54
29131,7.1772
29132,8.8269
29133,8.3338
29134,7.1629
29135,7.5471
29136,8.0394
29137,8.0337
29138,8.0009
29139,8.0002
29140,8.0679
29141,9.1484
29142,8.4141
29143,8.229
29144,8.8518
29145,7.5015
29146,7.9302
29147,8.5364
29148,8.8518
29149,7.6121
29150,7.4454
29151,7.5729
29152,6.8959
29153,7.8899
29154,6.6116
29155,7.7675
29156,7.4429
29157,7.7289
29158,7.787
29159,8.431
29160,8.1261
29161,7.0554
29162,7.1862
29163,8.1013
29164,8.3342
29165,7.2019
29166,7.3665
29167,8.8518
29168,7.5509
29169,7.8941
29170,7.735
29171,9.3877
29172,7.7738
29173,6.9726
29174,7.4048
29175,7.35
29176,7.6487
29177,8.4012
29178,8.7003
29179,6.333
29180,7.5471
29181,7.5574
29182,7.7144
29183,7.5847
29184,7.6435
29185,5.0985
29186,8.2115
29187,7.7515
29188,8.154
29189,7.7023
29190,8.8518
29191,6.7709
29192,7.0241
29193,7.6896
29194,6.0404
29195,6.9921
29196,7.4712
29197,6.9391
29198,7.6018
29199,8.1504
29200,9.2309
29201,8.26
29202,7.7885
29203,7.8891
29204,7.4574
29205,7.5474
29206,8.2257
29207,7.3653
29208,7.0509
29209,8.8518
29210,6.9099
29211,7.6627
29212,7.7696
29213,7.661
29214,7.9047
29215,7.5471
29216,7.524
29217,7.5671
29218,7.3453
29219,7.5756
29220,8.1995
29221,7.7289
29222,8.8518
29223,7.7074
29224,7.6446
29225,8.8518
29226,7.66
29227,7.7905
29228,7.5328
29229,7.9455
29230,7.4012
29231,7.2389
29232,7.6018
29233,8.0447
29234,7.6486
29235,7.5182
29236,7.7254
29237,7.4329
29238,4.2874
29239,6.066
29240,7.4099
29241,8.8518
29242,7.8178
29243,7.4281
29244,7.5345
29245,7.7643
29246,8.6396
29247,8.8518
29248,6.9004
29249,5.0985
29250,7.5213
29251,7.5471
29252,7.6018
29253,7.638
29254,5.0985
29255,6.9509
29256,7.7706
29257,7.3623
29258,5.6506
29259,7.7515
29260,7.4491
29261,8.0855
29262,7.4299
29263,7.1889
29264,7.5058
29265,7.5966
29266,5.6506
29267,7.0016
29268,8.4224
29269,7.1476
29270,6.4009
29271,7.4371
29272,7.6018
29273,8.4128
29274,6.9822
29275,8.1441
29276,7.6629
29277,8.431
29278,7.5957
29279,7.8862
29280,7.973
29281,7.4836
29282,7.5848
29283,7.5471
29284,7.3796
29285,7.287
29286,8.3358
29287,7.523
29288,7.4962
29289,7.5015
29290,7.5925
29291,7.544
29292,7.6018
29293,8.8518
29294,7.5458
29295,7.798
29296,7.4713
29297,7.9898
29298,7.5241
29299,7.6263
29300,8.8518
29301,7.4052
29302,7.678
29303,7.5925
29304,8.3756
29305,7.5971
29306,7.4196
29307,7.6018
29308,7.2602
29309,7.547
29310,7.264
29311,7.7289
29312,7.5484
29313,6.7378
29314,7.0574
29315,7.2679
29316,7.2496
29317,7.9706
29318,5.6095
29319,7.6012
29320,7.3734
29321,5.8528
29322,7.9479
29323,8.1079
29324,9.0017
29325,8.8518
29326,8.1767
29327,7.6018
29328,7.7148
29329,8.1854
29330,7.6018
29331,8.0087
29332,7.0783
29333,9.3089
29334,7.8198
29335,7.6018
29336,8.0329
29337,8.8518
29338,7.9866
29339,6.2182
29340,7.4238
29341,7.6018
29342,7.2602
29343,8.8518
29344,8.0783
29345,7.6537
29346,7.6116
29347,7.5293
29348,7.4019
29349,6.7477
29350,7.7227
29351,7.8268
29352,8.0012
29353,6.5026
29354,7.6274
29355,7.3331
29356,7.6663
29357,5.0985
29358,8.2254
29359,5.6506
29360,8.0843
29361,7.4974
29362,7.6368
29363,7.6018
29364,7.3624
29365,7.6018
29366,7.6291
29367,7.7209
29368,7.546
29369,7.14
29370,5.1312
29371,7.849
29372,6.7784
29373,8.7103
29374,8.5092
29375,8.4841
29376,7.7729
29377,8.0012
29378,7.9249
29379,7.5043
29380,7.7706
29381,7.6435
29382,7.1151
29383,7.7819
29384,7.5746
29385,6.8843
29386,7.8198
29387,8.0557
29388,7.6018
29389,8.2871
29390,7.889
29391,7.7009
29392,7.498
29393,7.3821
29394,6.8407
29395,7.7788
29396,8.0641
29397,7.9068
29398,5.1918
29399,8.2747
29400,7.5996
29401,7.7628
29402,7.1252
29403,7.2602
29404,7.5639
29405,7.3091
29406,8.4631
29407,7.8489
29408,7.3616
29409,7.3636
29410,7.6313
29411,9.3089
29412,7.3653
29413,7.4562
29414,8.4841
29415,7.6449
29416,7.6889
29417,8.3851
29418,7.5582
29419,7.815
29420,8.2257
29421,7.5273
29422,7.4973
29423,7.9989
29424,7.1764
29425,8.0007
29426,7.2012
29427,7.7515
29428,7.738
29429,7.1161
29430,7.638
29431,7.0009
29432,7.1693
29433,7.8674
29434,8.2836
29435,8.1016
29436,7.5957
29437,8.1452
29438,7.7626
29439,5.1918
29440,7.2515
29441,7.0636
29442,8.175
29443,8.0571
29444,7.1772
29445,7.5121
29446,7.3582
29447,8.3358
29448,7.3566
29449,7.7912
29450,7.6947
29451,7.105
29452,7.6165
29453,7.7152
29454,7.297
29455,7.4159
29456,8.4012
29457,6.9773
29458,8.6158
29459,8.8518
29460,7.5893
29461,9.1484
29462,7.2602
29463,7.638
29464,6.856
29465,7.4462
29466,7.6868
29467,8.6089
29468,7.3653
29469,8.048
29470,7.8809
29471,7.3566
29472,7.5509
29473,7.4231
29474,7.0561
29475,7.7509
29476,7.6495
29477,8.2318
29478,7.5883
29479,7.8004
29480,7.5848
29481,7.4447
29482,7.3343
29483,7.6964
29484,7.3621
29485,7.7289
29486,7.4693
29487,7.9386
29488,7.4047
29489,8.0727
29490,6.8017
29491,6.6303
29492,7.2602
29493,7.7113
29494,7.6018
29495,7.4525
29496,7.4886
29497,7.4385
29498,7.5764
29499,7.7141
29500,7.7385
29501,6.9542
29502,7.9015
29503,8.1767
29504,7.9978
29505,7.6018
29506,8.0702
29507,7.8547
29508,7.1606
29509,7.4423
29510,7.6855
29511,7.382
29512,7.6243
29513,7.6656
29514,7.7147
29515,7.1602
29516,7.79
29517,7.5013
29518,8.4798
29519,7.578
29520,7.7289
29521,7.7378
29522,7.5104
29523,8.8518
29524,7.849
29525,7.5077
29526,7.8084
29527,7.2602
29528,7.8814
29529,8.6168
29530,8.2183
29531,7.0007
29532,8.0003
29533,8.0002
29534,7.5319
29535,7.7678
29536,7.9463
29537,5.0985
29538,8.0978
29539,7.9699
29540,7.5417
29541,7.2602
29542,7.8652
29543,6.8959
29544,7.8604
29545,8.3039
29546,7.3653
29547,8.0005
29548,7.6263
29549,7.7756
29550,7.6661
29551,7.8684
29552,7.638
29553,7.6018
29554,7.6768
29555,6.8394
29556,7.5049
29557,8.8518
29558,7.6145
29559,7.6018
29560,7.6018
29561,8.8518
29562,8.0978
29563,7.2687
29564,7.8165
29565,8.0012
29566,7.4787
29567,6.7784
29568,7.3972
29569,7.4492
29570,7.9219
29571,7.3566
29572,5.0985
29573,7.0624
29574,8.4795
29575,7.3393
29576,7.0223
29577,7.6018
29578,6.8167
29579,7.2601
29580,8.3903
29581,8.3337
29582,7.7289
29583,7.2515
29584,7.9222
29585,9.3877
29586,9.0017
29587,7.8584
29588,7.2602
29589,8.6688
29590,7.7043
29591,7.9245
29592,8.154
29593,7.7255
29594,7.6855
29595,7.2602
29596,5.1918
29597,7.9372
29598,8.1143
29599,7.4679
29600,7.638
29601,7.6942
29602,7.3213
29603,7.9888
29604,7.6018
29605,6.1161
29606,7.4345
29607,7.2602
29608,7.5992
29609,7.4289
29610,7.7154
29611,7.5077
29612,8.0631
29613,7.6568
29614,7.6787
29615,7.4491
29616,7.5432
29617,7.9548
29618,7.5882
29619,7.5974
29620,7.8574
29621,6.4423
29622,7.215
29623,7.8242
29624,8.1747
29625,7.805
29626,7.8439
29627,7.487
29628,7.5471
29629,8.1552
29630,7.8198
29631,8.8518
29632,7.5314
29633,9.3089
29634,7.3566
29635,7.8616
29636,6.8172
29637,9.0017
29638,8.1766
29639,6.7283
29640,7.3006
29641,7.7289
29642,7.4472
29643,6.7156
29644,8.4043
29645,7.7152
29646,8.3337
29647,7.6437
29648,7.6018
29649,8.0988
29650,7.4598
29651,7.6018
29652,8.2904
29653,7.2602
29654,7.9867
29655,7.6018
29656,7.8427
29657,7.6782
29658,5.6506
29659,8.5179
29660,6.7904
29661,7.6703
29662,8.8518
29663,7.5562
29664,7.5305
29665,7.8624
29666,7.0877
29667,8.274
29668,7.9138
29669,7.5892
29670,7.4036
29671,7.422
29672,8.2397
29673,7.9285
29674,7.0324
29675,7.7045
29676,7.3092
29677,7.6583
29678,7.8444
29679,8.8523
29680,8.4253
29681,5.0985
29682,7.8302
29683,8.0978
29684,8.017
29685,7.5012
29686,8.834
29687,9.3089
29688,7.5015
29689,7.6018
29690,7.7515
29691,7.6886
29692,9.1484
29693,8.042
29694,7.1435
29695,7.6018
29696,7.425
29697,8.0026
29698,7.5558
29699,7.4491
29700,7.5568
29701,8.0354
29702,7.3366
29703,7.2699
29704,8.2606
29705,8.3368
29706,7.6767
29707,7.638
29708,8.8518
29709,7.5952
29710,6.5729
29711,7.626
29712,8.8518
29713,7.6263
29714,7.1682
29715,8.1056
29716,7.2288
29717,7.0561
29718,7.7289
29719,7.4046
29720,7.1747
29721,7.2347
29722,7.6018
29723,7.2232
29724,7.6477
29725,7.8009
29726,7.6075
29727,7.5471
29728,9.0017
29729,9.4547
29730,7.711
29731,8.37
29732,8.1756
29733,7.6018
29734,6.5636
29735,7.5471
29736,7.3566
29737,7.787
29738,7.4182
29739,7.1682
29740,7.771
29741,7.6862
29742,8.175
29743,8.8518
29744,7.638
29745,8.1995
29746,7.5023
29747,6.972
29748,7.5471
29749,7.6511
29750,7.6398
29751,8.2019
29752,7.6018
29753,8.29
29754,7.5077
29755,7.3127
29756,7.961
29757,7.0485
29758,7.1343
29759,7.8572
29760,7.7706
29761,7.7156
29762,7.4182
29763,7.3341
29764,7.3605
29765,6.8217
29766,7.895
29767,7.8554
29768,7.291
29769,7.6274
29770,6.6815
29771,7.638
29772,7.5848
29773,7.5974
29774,7.2115
29775,7.4112
29776,7.5951
29777,7.4887
29778,8.8518
29779,6.9153
29780,5.0985
29781,7.4036
29782,7.6018
29783,7.8834
29784,7.1846
29785,7.4562
29786,7.6886
29787,7.0444
29788,4.2874
29789,7.6263
29790,8.2004
29791,7.7901
29792,8.2115
29793,7.5905
29794,7.6018
29795,7.1988
29796,7.6168
29797,7.8763
29798,7.3653
29799,8.6509
29800,7.3866
29801,7.2115
29802,7.3995
29803,7.7706
29804,8.8518
29805,7.9265
29806,8.8518
29807,7.9319
29808,7.6834
29809,9.0017
29810,7.6232
29811,7.7148
29812,7.7503
29813,7.4006
29814,7.5523
29815,7.3716
29816,7.7651
29817,7.5973
29818,7.2831
29819,7.638
29820,7.7613
29821,7.6581
29822,9.3089
29823,7.4909
29824,7.1682
29825,7.8332
29826,6.6441
29827,7.7472
29828,7.2591
29829,7.6991
29830,7.8628
29831,8.0641
29832,7.7633
29833,7.6018
29834,7.6341
29835,7.6688
29836,7.6682
29837,8.0009
29838,7.787
29839,7.6064
29840,7.1693
29841,7.9416
29842,7.5454
29843,7.1836
29844,7.6205
29845,7.0877
29846,7.418
29847,6.4641
29848,8.0783
29849,8.385
29850,8.1042
29851,7.7186
29852,7.8327
29853,8.173
29854,8.0184
29855,8.306
29856,7.4774
29857,7.4058
29858,5.0985
29859,7.2004
29860,7.7421
29861,8.8518
29862,7.6168
29863,7.3167
29864,8.0471
29865,7.7763
29866,7.2777
29867,7.6277
29868,7.4812
29869,7.1682
29870,7.5964
29871,7.7345
29872,8.1848
29873,8.0008
29874,7.3653
29875,7.5152
29876,8.0122
29877,7.0003
29878,7.5623
29879,5.0985
29880,7.9455
29881,7.6018
29882,7.3084
29883,7.5779
29884,7.5011
29885,7.848
29886,8.0785
29887,7.6018
29888,7.4311
29889,7.1584
29890,7.828
29891,7.7128
29892,7.7739
29893,7.2602
29894,7.3136
29895,7.2412
29896,7.3653
29897,7.2874
29898,7.8584
29899,7.6834
29900,7.6761
29901,7.2602
29902,7.9289
29903,7.6035
29904,7.5471
29905,7.3434
29906,8.175
29907,8.3899
29908,7.5727
29909,7.1886
29910,7.5925
29911,8.8518
29912,7.5291
29913,8.5509
29914,7.6508
29915,7.9855
29916,7.3115
29917,7.6915
29918,8.6688
29919,7.5645
29920,7.4036
29921,8.3851
29922,7.9912
29923,7.4454
29924,8.2271
29925,8.3758
29926,7.2602
29927,7.7663
29928,7.2006
29929,7.6018
29930,7.779
29931,7.64
29932,7.7069
29933,7.5956
29934,7.6048
29935,7.2602
29936,7.9935
29937,7.4178
29938,9.06
29939,7.5475
29940,7.3342
29941,8.2588
29942,8.4243
29943,7.5269
29944,6.8338
29945,7.8761
29946,7.4182
29947,7.8694
29948,7.9877
29949,7.5527
29950,8.395
29951,7.8348
29952,7.1521
29953,7.8761
29954,7.8422
29955,7.9987
29956,7.1828
29957,5.6506
29958,6.9802
29959,6.2473
29960,7.4679
29961,8.0005
29962,7.8652
29963,7.5577
29964,8.1303
29965,7.501
29966,7.5077
29967,7.6018
29968,7.3566
29969,7.1017
29970,8.7351
29971,7.2602
29972,8.8518
29973,7.3091
29974,9.3089
29975,7.6018
29976,6.3248
29977,8.1995
29978,7.2467
29979,7.8087
29980,7.4128
29981,8.8518
29982,7.7648
29983,7.4204
29984,7.211
29985,7.5808
29986,7.8656
29987,7.6018
29988,7.2113
29989,7.5319
29990,7.794
29991,7.7151
29992,7.7704
29993,6.0463
29994,7.7179
29995,7.54
29996,7.5471
29997,6.7441
29998,7.6943
29999,7.316
30000,7.2602
30001,7.7378
30002,6.9667
30003,7.7852
30004,5.6506
30005,7.3107
30006,7.5392
30007,6.8833
30008,7.7289
30009,8.207
30010,7.4299
30011,7.5471
30012,7.7093
30013,8.0159
30014,7.5435
30015,8.6727
30016,7.3198
30017,7.6694
30018,7.4194
30019,7.2602
30020,7.5471
30021,7.8149
30022,8.2345
30023,7.5015
30024,7.5527
30025,8.1425
30026,7.7231
30027,7.3655
30028,7.2686
30029,7.6117
30030,6.9889
30031,8.1674
30032,7.9592
30033,8.4431
30034,7.6521
30035,7.1682
30036,7.4095
30037,7.695
30038,6.9496
30039,7.5973
30040,7.6183
30041,7.7978
30042,7.6018
30043,7.9182
30044,7.6554
30045,7.5392
30046,7.7706
30047,7.8485
30048,7.2512
30049,7.7418
30050,7.6018
30051,7.9452
30052,7.5015
30053,7.2602
30054,7.1161
30055,7.7885
30056,7.9422
30057,8.2866
30058,8.0006
30059,7.638
30060,8.594
30061,7.2374
30062,7.2602
30063,6.8843
30064,6.5509
30065,7.6005
30066,7.5399
30067,7.4362
30068,7.6018
30069,7.5121
30070,7.6763
30071,7.941
30072,7.3804
30073,6.7995
30074,6.9024
30075,7.5077
30076,7.3584
30077,8.9417
30078,7.2602
30079,8.3416
30080,7.6452
30081,7.4562
30082,7.4491
30083,7.5903
30084,7.5015
30085,9.2859
30086,7.5527
30087,6.7345
30088,8.8518
30089,7.9566
30090,8.1121
30091,7.9003
30092,7.6168
30093,7.4642
30094,7.5013
30095,7.4679
30096,7.6477
30097,7.6038
30098,7.579
30099,7.8265
30100,8.8518
30101,7.4334
30102,7.4637
30103,8.8518
30104,8.2753
30105,7.638
30106,7.5011
30107,8.1926
30108,7.6018
30109,7.3091
30110,7.9015
30111,7.8701
30112,7.1175
30113,7.3004
30114,7.8475
30115,8.1257
30116,8.5562
30117,7.5471
30118,8.8518
30119,7.8509
30120,8.0015
30121,7.4562
30122,7.3518
30123,8.8518
30124,7.6239
30125,8.1209
30126,7.6018
30127,7.9134
30128,7.8393
30129,7.7645
30130,5.1918
30131,9.3089
30132,7.8509
30133,7.5305
30134,8.8777
30135,7.7289
30136,7.3761
30137,7.6263
30138,7.7626
30139,7.7253
30140,7.5516
30141,7.264
30142,8.1926
30143,9.3457
30144,6.9277
30145,7.3761
30146,7.6985
30147,7.3595
30148,7.6081
30149,7.2624
30150,7.6018
30151,9.3089
30152,7.6682
30153,7.2602
30154,7.6018
30155,7.5527
30156,7.487
30157,7.1441
30158,8.0163
30159,7.5527
30160,8.3254
30161,7.8989
30162,8.1057
30163,7.2602
30164,7.6308
30165,7.5015
30166,7.9538
30167,6.6625
30168,6.8843
30169,7.7289
30170,7.4956
30171,7.5763
30172,6.8338
30173,6.9622
30174,7.1607
30175,7.2596
30176,7.6937
30177,7.9607
30178,8.3085
30179,7.8394
30180,8.2449
30181,7.3509
30182,8.3714
30183,7.6741
30184,8.1767
30185,7.6675
30186,7.487
30187,9.1484
30188,7.643
30189,7.7576
30190,7.9325
30191,7.1343
30192,7.8226
30193,5.9339
30194,7.5527
30195,7.4491
30196,7.6869
30197,7.6018
30198,7.3526
30199,7.3939
30200,7.2602
30201,7.1501
30202,7.3093
30203,8.26
30204,9.0017
30205,7.5281
30206,8.4431
30207,7.5723
30208,7.89
30209,7.6428
30210,7.3765
30211,8.8518
30212,7.2785
30213,7.8277
30214,7.8262
30215,7.5471
30216,7.5318
30217,7.5611
30218,7.4697
30219,7.8188
30220,7.9038
30221,8.1858
30222,7.6721
30223,7.8132
30224,8.6688
30225,7.1441
30226,7.2009
30227,7.2176
30228,7.991
30229,7.7482
30230,7.7854
30231,7.5192
30232,7.3512
30233,7.4122
30234,6.5058
30235,7.5003
30236,7.5471
30237,7.8805
30238,7.7889
30239,7.5689
30240,7.8604
30241,7.3796
30242,8.7876
30243,7.6018
30244,7.6263
30245,8.5902
30246,8.0856
30247,7.5404
30248,7.6018
30249,7.436
30250,7.6942
30251,8.0664
30252,8.8518
30253,7.2652
30254,7.7043
30255,8.458
30256,8.1067
30257,7.638
30258,7.638
30259,7.4827
30260,7.5274
30261,7.5848
30262,7.6018
30263,7.464
30264,7.2515
30265,8.5494
30266,5.0985
30267,7.9014
30268,7.6018
30269,5.0985
30270,7.5398
30271,7.8628
30272,7.7744
30273,7.3039
30274,7.6682
30275,7.7092
30276,7.8287
30277,6.1372
30278,7.433
30279,6.3737
30280,8.5049
30281,7.2602
30282,7.8899
30283,8.3099
30284,7.9015
30285,7.6765
30286,7.4798
30287,8.077
30288,7.6485
30289,7.9598
30290,8.1327
30291,7.7156
30292,7.9454
30293,8.2951
30294,7.595
30295,7.1833
30296,7.7675
30297,8.7876
30298,6.501
30299,7.5636
30300,7.806
30301,7.7289
30302,7.9839
30303,7.6155
30304,6.5509
30305,7.3759
30306,7.9553
30307,8.1345
30308,7.4769
30309,7.512
30310,7.2975
30311,7.8584
30312,7.9041
30313,7.5574
30314,8.0014
30315,7.9993
30316,7.7144
30317,8.1254
30318,7.7258
30319,8.3196
30320,7.4386
30321,7.1719
30322,7.6018
30323,7.3348
30324,9.3089
30325,7.9558
30326,7.3262
30327,7.7102
30328,7.6018
30329,7.6831
30330,9.3777
30331,7.5192
30332,7.127
30333,7.5011
30334,7.243
30335,5.6095
30336,6.7441
30337,8.2007
30338,8.1674
30339,7.5636
30340,8.1685
30341,8.0366
30342,7.7144
30343,7.1376
30344,7.7904
30345,7.8295
30346,7.7289
30347,7.9616
30348,5.4897
30349,7.638
30350,7.7706
30351,7.2513
30352,6.9354
30353,6.6257
30354,7.5275
30355,6.7584
30356,8.0455
30357,7.6147
30358,7.5141
30359,7.818
30360,7.7741
30361,7.6008
30362,8.8518
30363,7.4848
30364,7.8409
30365,6.1809
30366,7.7001
30367,8.0727
30368,8.2028
30369,8.5004
30370,7.8984
30371,7.654
30372,7.2679
30373,7.6018
30374,8.1674
30375,7.5006
30376,6.9605
30377,7.638
30378,7.7314
30379,7.3714
30380,8.2367
30381,8.8518
30382,7.2602
30383,7.4642
30384,8.8518
30385,7.5872
30386,7.8531
30387,7.7511
30388,7.8224
30389,8.8518
30390,7.7745
30391,7.4289
30392,7.5549
30393,7.6405
30394,8.5902
30395,8.1958
30396,7.6493
30397,8.2122
30398,7.6018
30399,7.5697
30400,7.8904
30401,7.5558
30402,7.4482
30403,7.6018
30404,7.4447
30405,7.4342
30406,7.9647
30407,7.2602
30408,7.7244
30409,7.5819
30410,7.3921
30411,7.5092
30412,8.3127
30413,7.2602
30414,7.7167
30415,8.8518
30416,5.6095
30417,7.843
30418,6.8843
30419,8.26
30420,7.638
30421,7.6102
30422,7.6018
30423,8.2427
30424,7.0015
30425,6.793
30426,7.8348
30427,7.7921
30428,7.7202
30429,8.8518
30430,7.3227
30431,7.5009
30432,7.0783
30433,7.4479
30434,8.8518
30435,7.0263
30436,7.184
30437,4.2874
30438,7.638
30439,7.0783
30440,7.5077
30441,7.6964
30442,6.066
30443,7.4562
30444,7.3713
30445,7.5077
30446,7.9877
30447,8.0641
30448,7.549
30449,7.638
30450,8.0708
30451,7.4548
30452,7.3302
30453,8.2367
30454,7.6018
30455,7.5398
30456,8.1897
30457,7.6018
30458,6.9661
30459,6.0364
30460,7.3653
30461,7.7741
30462,7.386
30463,7.6709
30464,7.4294
30465,8.0656
30466,7.9105
30467,7.7515
30468,8.0651
30469,8.14
30470,7.3248
30471,7.5221
30472,7.4946
30473,7.5157
30474,7.6682
30475,8.8518
30476,6.74
30477,6.6807
30478,8.1677
30479,8.3127
30480,5.0985
30481,7.5093
30482,7.2602
30483,7.9175
30484,7.7618
30485,7.6736
30486,7.6043
30487,7.5424
30488,7.4573
30489,7.9211
30490,7.8197
30491,7.2157
30492,8.1933
30493,7.8352
30494,7.2448
30495,7.6087
30496,7.6832
30497,8.4396
30498,7.4449
30499,7.243
30500,5.0985
30501,7.6075
30502,7.2602
30503,7.6263
30504,8.6396
30505,7.2924
30506,7.0007
30507,7.66
30508,7.8974
30509,8.1775
30510,7.9245
30511,7.54
30512,8.8518
30513,6.8843
30514,7.6018
30515,7.9711
30516,7.9052
30517,7.4576
30518,7.4675
30519,7.2602
30520,7.7297
30521,5.0985
30522,7.7143
30523,7.3584
30524,7.4705
30525,7.5718
30526,7.7457
30527,9.2319
30528,7.5816
30529,7.2602
30530,7.4128
30531,8.8518
30532,7.5289
30533,7.8941
30534,8.0978
30535,7.6018
30536,7.7524
30537,7.5548
30538,8.354
30539,8.7713
30540,7.6018
30541,7.4088
30542,7.6886
30543,7.5957
30544,7.9912
30545,7.2991
30546,6.487
30547,7.9238
30548,7.2602
30549,7.6547
30550,7.3084
30551,7.8366
30552,8.8518
30553,7.6834
30554,7.5219
30555,7.6487
30556,7.177
30557,5.1918
30558,8.5266
30559,7.843
30560,5.1918
30561,6.9721
30562,8.3338
30563,7.0013
30564,7.5636
30565,6.5719
30566,7.7986
30567,8.2924
30568,8.3766
30569,7.8584
30570,6.6078
30571,8.0004
30572,8.0011
30573,8.2744
30574,7.2362
30575,7.8012
30576,8.2727
30577,7.5943
30578,7.4693
30579,7.5077
30580,9.2309
30581,7.3821
30582,6.3061
30583,9.3089
30584,7.7345
30585,7.4723
30586,7.6018
30587,8.1755
30588,6.7256
30589,7.5866
30590,8.1835
30591,7.7386
30592,7.6787
30593,7.3687
30594,8.7713
30595,8.4431
30596,8.1741
30597,7.3534
30598,8.4276
30599,7.7144
30600,7.8814
30601,7.0738
30602,7.5893
30603,7.3987
30604,7.6018
30605,7.9679
30606,7.9174
30607,7.6308
30608,7.4952
30609,8.0354
30610,5.8653
30611,7.4562
30612,7.5016
30613,7.7289
30614,7.8475
30615,7.638
30616,7.4754
30617,7.7833
30618,7.5779
30619,7.5046
30620,5.4897
30621,4.2874
30622,8.0785
30623,7.386
30624,7.3823
30625,7.8783
30626,8.1926
30627,7.2602
30628,7.6856
30629,7.6607
30630,7.1433
30631,5.6506
30632,7.5146
30633,8.063
30634,7.405
30635,7.0132
30636,7.6175
30637,7.9094
30638,5.0985
30639,7.6018
30640,8.2318
30641,7.3941
30642,9.3089
30643,7.3634
30644,5.0985
30645,6.7515
30646,8.8518
30647,5.0985
30648,7.6018
30649,7.3676
30650,7.504
30651,7.5536
30652,7.7181
30653,7.2986
30654,7.6018
30655,7.0443
30656,7.3136
30657,7.858
30658,7.6552
30659,7.6018
30660,6.3818
30661,8.8518
30662,7.2602
30663,7.5803
30664,7.5636
30665,7.6018
30666,7.543
30667,6.9277
30668,7.8337
30669,7.3392
30670,5.0985
30671,7.7934
30672,7.5392
30673,7.4133
30674,8.0013
30675,7.6347
30676,7.554
30677,8.0651
30678,8.8518
30679,7.1588
30680,7.5077
30681,6.9312
30682,8.1997
30683,8.1357
30684,7.638
30685,7.5471
30686,8.1343
30687,8.7461
30688,9.2309
30689,8.3194
30690,7.566
30691,7.5077
30692,7.5893
30693,7.1191
30694,7.8662
30695,7.6588
30696,7.8198
30697,7.7457
30698,7.8597
30699,7.6747
30700,7.5166
30701,6.7136
30702,7.8194
30703,7.7648
30704,7.7576
30705,7.2877
30706,8.458
30707,7.4642
30708,7.6018
30709,7.3034
30710,7.3337
30711,7.5077
30712,7.2602
30713,8.136
30714,7.7254
30715,7.5258
30716,8.8518
30717,7.3009
30718,7.6855
30719,8.7296
30720,7.7706
30721,6.9183
30722,7.5838
30723,8.8518
30724,7.827
30725,7.9304
30726,7.5848
30727,7.2643
30728,8.0441
30729,7.441
30730,8.1236
30731,7.512
30732,7.5432
30733,7.2333
30734,7.2391
30735,7.8651
30736,7.6261
30737,7.5933
30738,7.6834
30739,7.9182
30740,7.5083
30741,7.3071
30742,7.6018
30743,7.5167
30744,7.8613
30745,7.6018
30746,7.8198
30747,7.8826
30748,7.3451
30749,7.9152
30750,6.2241
30751,6.4149
30752,7.8541
30753,7.4068
30754,7.501
30755,8.1086
30756,8.2531
30757,7.4338
30758,8.5242
30759,7.3962
30760,7.7509
30761,7.5273
30762,7.9878
30763,7.4562
30764,7.7515
30765,7.3475
30766,7.0517
30767,7.1674
30768,6.6675
30769,6.8715
30770,8.6688
30771,8.2315
30772,7.2602
30773,7.0062
30774,7.5057
30775,7.7193
30776,7.9796
30777,7.5957
30778,8.0731
30779,7.5471
30780,5.0985
30781,7.2602
30782,8.8518
30783,7.7658
30784,8.6498
30785,7.8727
30786,7.8698
30787,7.8968
30788,8.5004
30789,7.0599
30790,7.7023
30791,7.2602
30792,7.8084
30793,7.1187
30794,8.0885
30795,7.6204
30796,7.3839
30797,7.2246
30798,7.8949
30799,7.4651
30800,7.3424
30801,7.9878
30802,6.5594
30803,8.1365
30804,7.7894
30805,7.5708
30806,7.8204
30807,7.6517
30808,7.638
30809,8.621
30810,8.8518
30811,7.7509
30812,7.4385
30813,7.2602
30814,7.6018
30815,8.5723
30816,7.4541
30817,7.8303
30818,6.8269
30819,7.6724
30820,7.6201
30821,7.5305
30822,7.5106
30823,7.8367
30824,7.212
30825,7.3388
30826,7.075
30827,8.8518
30828,7.6927
30829,8.594
30830,8.1574
30831,7.7515
30832,9.3457
30833,6.9649
30834,7.6607
30835,7.3194
30836,7.5439
30837,7.4036
30838,7.6018
30839,8.2946
30840,7.9877
30841,8.8518
30842,8.693
30843,7.8515
30844,7.2602
30845,7.8198
30846,7.3799
30847,7.5424
30848,8.0377
30849,7.5435
30850,4.2874
30851,7.802
30852,7.0016
30853,7.0407
30854,7.1612
30855,7.8367
30856,7.7353
30857,7.3507
30858,7.7289
30859,7.6018
30860,6.418
30861,7.512
30862,7.4346
30863,7.5296
30864,7.6018
30865,8.273
30866,8.5259
30867,7.7974
30868,7.4083
30869,7.3493
30870,7.7649
30871,7.5077
30872,8.37
30873,7.5471
30874,8.0015
30875,7.0636
30876,7.6393
30877,8.2389
30878,8.8518
30879,7.6018
30880,8.0107
30881,7.9844
30882,7.9608
30883,7.4299
30884,8.7713
30885,8.5266
30886,7.7103
30887,7.2311
30888,6.1809
30889,7.8004
30890,7.7924
30891,9.0017
30892,7.5105
30893,7.5221
30894,7.748
30895,9.1057
30896,7.2558
30897,7.1959
30898,7.7958
30899,7.0015
30900,7.7742
30901,7.1584
30902,7.4372
30903,7.1441
30904,7.4629
30905,7.2602
30906,7.5077
30907,8.0226
30908,5.0985
30909,7.6337
30910,7.6018
30911,7.6389
30912,7.4974
30913,7.9076
30914,7.4562
30915,7.2385
30916,7.727
30917,7.7951
30918,7.3314
30919,8.5387
30920,7.8628
30921,7.3584
30922,7.6018
30923,7.0403
30924,7.2602
30925,7.4128
30926,9.2309
30927,7.6018
30928,8.1135
30929,6.066
30930,5.9339
30931,7.6946
30932,5.0985
30933,7.9364
30934,7.5909
30935,7.3568
30936,6.9578
30937,6.319
30938,7.8455
30939,8.0004
30940,7.5777
30941,7.4618
30942,7.2288
30943,7.2846
30944,7.4182
30945,6.8416
30946,7.6576
30947,8.1364
30948,6.8803
30949,7.3322
30950,7.631
30951,6.9449
30952,7.6361
30953,7.2602
30954,6.0404
30955,6.6372
30956,7.9168
30957,7.7023
30958,7.4383
30959,7.6675
30960,8.0661
30961,7.3315
30962,7.423
30963,7.3967
30964,7.1343
30965,7.3584
30966,6.9542
30967,7.7274
30968,7.2845
30969,7.638
30970,8.6727
30971,8.3944
30972,7.8446
30973,9.3457
30974,7.6521
30975,8.8518
30976,7.3084
30977,6.9795
30978,7.7261
30979,7.2724
30980,7.1251
30981,7.9357
30982,8.8518
30983,7.817
30984,7.9103
30985,7.4423
30986,7.5398
30987,7.6073
30988,9.3089
30989,7.6076
30990,6.8212
30991,7.8155
30992,7.3104
30993,6.3682
30994,7.6163
30995,8.1171
30996,8.3616
30997,7.7196
30998,7.2389
30999,7.7183
31000,7.2602
31001,7.2602
31002,8.0302
31003,7.9769
31004,7.5077
31005,8.0008
31006,7.6018
31007,6.8843
31008,6.3061
31009,7.4886
31010,7.9897
31011,7.3653
31012,7.5015
31013,7.6018
31014,8.0012
31015,7.7002
31016,7.4491
31017,7.2535
31018,6.9591
31019,6.9266
31020,7.6018
31021,7.4436
31022,7.205
31023,7.325
31024,8.8494
31025,5.1918
31026,9.0017
31027,8.1781
31028,7.4679
31029,7.7866
31030,8.397
31031,5.0985
31032,7.1493
31033,5.0985
31034,7.4834
31035,7.5475
31036,8.3061
31037,7.6018
31038,8.5305
31039,7.5848
31040,8.5719
31041,7.9422
31042,7.1575
31043,7.4041
31044,7.7663
31045,7.638
31046,7.2602
31047,7.8107
31048,8.6688
31049,7.2363
31050,8.175
31051,7.7043
31052,7.4629
31053,7.4471
31054,7.2602
31055,7.7196
31056,9.1484
31057,8.8523
31058,9.3089
31059,7.6449
31060,7.6934
31061,8.1855
31062,7.7166
31063,9.3777
31064,7.2765
31065,7.5365
31066,7.8669
31067,9.0001
31068,7.3426
31069,7.5951
31070,7.0783
31071,7.638
31072,7.9215
31073,7.8214
31074,7.7932
31075,7.5058
31076,7.1625
31077,7.433
31078,7.9138
31079,8.654
31080,7.8853
31081,7.7451
31082,7.5494
31083,7.7919
31084,5.0985
31085,7.5292
31086,7.6018
31087,8.5305
31088,7.4688
31089,7.9245
31090,8.0292
31091,9.118
31092,8.1323
31093,7.8475
31094,7.7785
31095,8.4009
31096,7.8408
31097,6.3338
31098,7.8772
31099,7.3127
31100,7.7168
31101,8.2458
31102,7.7269
31103,7.799
31104,6.8974
31105,8.0776
31106,5.0985
31107,8.0191
31108,8.152
31109,7.4081
31110,8.0566
31111,7.8761
31112,8.0058
31113,8.8518
31114,7.5723
31115,7.5634
31116,7.8328
31117,7.5077
31118,7.246
31119,5.6095
31120,7.6399
31121,7.8061
31122,8.8518
31123,7.9009
31124,8.1198
31125,8.5918
31126,8.2445
31127,9.3457
31128,7.1782
31129,7.7289
31130,7.5181
31131,6.9284
31132,7.4946
31133,8.3239
31134,7.8193
31135,7.2602
31136,7.9532
31137,6.0364
31138,7.845
31139,7.3937
31140,8.6195
31141,7.6347
31142,8.8518
31143,7.2429
31144,8.431
31145,7.6018
31146,5.1918
31147,7.5951
31148,7.6018
31149,7.541
31150,6.7214
31151,8.1849
31152,8.8518
31153,7.407
31154,8.3756
31155,7.2996
31156,8.118
31157,8.7665
31158,7.9182
31159,7.8475
31160,7.4491
31161,7.548
31162,8.1552
31163,7.7719
31164,7.7924
31165,7.7762
31166,7.4036
31167,7.4036
31168,6.1809
31169,7.5741
31170,7.5925
31171,7.3332
31172,7.4299
31173,7.1331
31174,7.9789
31175,7.7226
31176,7.1772
31177,7.6459
31178,7.0736
31179,8.2143
31180,7.9187
31181,7.4429
31182,7.9012
31183,7.3566
31184,7.6064
31185,7.5318
31186,7.0013
31187,8.6396
31188,7.4629
31189,7.662
31190,7.6985
31191,7.5848
31192,7.9933
31193,6.4372
31194,5.1918
31195,7.426
31196,8.255
31197,7.5471
31198,7.2004
31199,8.1382
31200,7.7196
31201,7.3127
31202,7.4778
31203,7.1992
31204,6.9247
31205,7.8116
31206,8.2367
31207,7.4766
31208,7.6073
31209,8.042
31210,7.6018
31211,8.2138
31212,7.5398
31213,7.6018
31214,8.8518
31215,7.6831
31216,8.0901
31217,8.6089
31218,7.6261
31219,7.543
31220,7.3435
31221,8.2951
31222,7.5921
31223,5.6095
31224,8.1118
31225,7.5635
31226,7.2673
31227,7.8282
31228,7.6018
31229,6.858
31230,7.4818
31231,8.3946
31232,7.2602
31233,7.6475
31234,7.2869
31235,8.0883
31236,7.6018
31237,7.6018
31238,7.7663
31239,7.315
31240,7.5566
31241,6.8964
31242,7.6018
31243,7.315
31244,7.487
31245,8.1857
31246,8.1434
31247,7.7289
31248,7.7289
31249,7.6026
31250,7.638
31251,7.672
31252,7.6675
31253,7.5848
31254,6.9623
31255,8.1995
31256,7.2515
31257,7.2602
31258,7.3341
31259,7.7289
31260,8.0917
31261,7.2356
31262,7.8253
31263,7.6018
31264,7.5354
31265,8.2177
31266,7.6018
31267,7.2889
31268,7.7515
31269,7.8348
31270,7.6018
31271,7.6941
31272,7.4491
31273,8.4087
31274,7.2866
31275,7.4526
31276,7.3247
31277,7.5971
31278,7.5174
31279,6.9082
31280,7.6893
31281,7.2463
31282,7.742
31283,9.3457
31284,7.6018
31285,7.6018
31286,6.8167
31287,7.1943
31288,7.4466
31289,7.5005
31290,8.6688
31291,9.0017
31292,5.6506
31293,9.3777
31294,6.6372
31295,7.6937
31296,7.3954
31297,7.9174
31298,8.0015
31299,5.0985
31300,8.1601
31301,7.8313
31302,7.3426
31303,7.4225
31304,7.7808
31305,7.9293
31306,8.4169
31307,7.4947
31308,6.0009
31309,7.5697
31310,7.6606
31311,8.8518
31312,8.2367
31313,7.4332
31314,8.1996
31315,7.6591
31316,8.6391
31317,7.7438
31318,7.4532
31319,7.5058
31320,7.4378
31321,6.487
31322,7.6018
31323,7.4888
31324,8.5933
31325,8.7134
31326,7.1927
31327,7.4423
31328,7.8772
31329,7.8981
31330,8.0688
31331,8.2744
31332,8.2301
31333,7.3618
31334,7.2453
31335,7.4663
31336,7.211
31337,7.9669
31338,7.7919
31339,8.9397
31340,7.4192
31341,8.8518
31342,7.7333
31343,7.7497
31344,8.0014
31345,7.7289
31346,7.6006
31347,6.2785
31348,7.81
31349,7.1575
31350,7.464
31351,7.787
31352,5.0985
31353,9.3089
31354,7.5345
31355,7.5432
31356,8.6688
31357,7.9951
31358,7.6018
31359,7.5632
31360,7.3507
31361,7.4678
31362,7.4273
31363,7.4068
31364,7.3966
31365,6.4591
31366,7.8807
31367,7.421
31368,8.193
31369,8.1183
31370,7.5972
31371,7.4946
31372,7.8603
31373,7.4501
31374,8.135
31375,7.4364
31376,7.2464
31377,7.683
31378,7.5013
31379,8.274
31380,7.9878
31381,7.3653
31382,7.819
31383,7.3002
31384,8.3167
31385,8.1767
31386,5.6095
31387,7.6018
31388,7.7434
31389,7.5509
31390,7.2602
31391,7.39
31392,8.5404
31393,7.9478
31394,8.0414
31395,7.6128
31396,7.069
31397,7.6678
31398,7.2735
31399,7.1488
31400,7.4391
31401,7.283
31402,7.4932
31403,7.3626
31404,6.8189
31405,7.6018
31406,8.0634
31407,7.7675
31408,7.7062
31409,8.0775
31410,7.7607
31411,8.8518
31412,7.1552
31413,7.6018
31414,7.4718
31415,8.1509
31416,7.7788
31417,8.0781
31418,8.1692
31419,7.7515
31420,7.5369
31421,8.3565
31422,8.2183
31423,8.0011
31424,9.3089
31425,8.2501
31426,7.9317
31427,7.5729
31428,8.4108
31429,7.5893
31430,7.4946
31431,7.3911
31432,8.8518
31433,8.7607
31434,7.2472
31435,7.9268
31436,7.5154
31437,6.5594
31438,7.8367
31439,7.4328
31440,8.8518
31441,7.5956
31442,8.7351
31443,7.6018
31444,7.6018
31445,7.3657
31446,7.8753
31447,8.135
31448,6.4423
31449,7.6018
31450,7.8348
31451,7.6958
31452,7.4534
31453,4.2874
31454,8.0662
31455,6.3238
31456,7.5943
31457,7.2389
31458,6.5594
31459,7.515
31460,7.7877
31461,7.5016
31462,8.7503
31463,8.1356
31464,9.1484
31465,7.5471
31466,7.2602
31467,8.1958
31468,6.9979
31469,7.7774
31470,7.5077
31471,7.2566
31472,8.8518
31473,7.6263
31474,8.9339
31475,7.4663
31476,7.925
31477,7.2877
31478,7.0265
31479,7.7119
31480,7.8439
31481,6.5009
31482,8.2449
31483,5.0985
31484,7.6435
31485,7.7315
31486,8.8518
31487,5.0985
31488,6.9449
31489,8.0075
31490,8.0002
31491,7.7342
31492,7.638
31493,8.154
31494,7.3348
31495,7.2109
31496,6.9336
31497,8.8518
31498,7.7066
31499,7.7032
31500,7.4643
31501,5.6095
31502,8.5242
31503,7.4447
31504,6.9277
31505,7.6076
31506,8.8518
31507,7.524
31508,7.2846
31509,7.5584
31510,7.5077
31511,7.2975
31512,7.6931
31513,7.8164
31514,7.2602
31515,6.9009
31516,7.3566
31517,7.4128
31518,7.6018
31519,7.2156
31520,8.274
31521,7.6018
31522,5.6506
31523,7.548
31524,7.5196
31525,7.5077
31526,8.8518
31527,7.7491
31528,6.1809
31529,7.32
31530,7.6291
31531,7.8941
31532,7.8726
31533,7.5675
31534,7.9172
31535,7.9289
31536,7.5395
31537,7.1895
31538,7.5405
31539,7.7289
31540,7.9093
31541,8.2438
31542,8.1641
31543,7.0783
31544,7.8198
31545,7.8912
31546,6.971
31547,7.6018
31548,7.7098
31549,7.3066
31550,7.7227
31551,7.3084
31552,7.8343
31553,7.7266
31554,7.6018
31555,7.7742
31556,7.0534
31557,8.3878
31558,7.4873
31559,9.3089
31560,7.7173
31561,7.5871
31562,6.3238
31563,7.5471
31564,6.4869
31565,7.638
31566,7.6937
31567,7.8531
31568,7.7345
31569,8.6199
31570,8.3509
31571,8.621
31572,7.2366
31573,8.1704
31574,7.4625
31575,7.6427
31576,8.8518
31577,7.9532
31578,7.4035
31579,7.8859
31580,7.1572
31581,7.6274
31582,7.6521
31583,7.4225
31584,7.6883
31585,7.2901
31586,8.8518
31587,7.2978
31588,7.7841
31589,7.9905
31590,8.2168
31591,7.5507
31592,7.7317
31593,7.5471
31594,7.6018
31595,8.0894
31596,7.6018
31597,6.3525
31598,7.6617
31599,8.8518
31600,7.9548
31601,7.5867
31602,7.422
31603,7.7289
31604,6.9702
31605,8.1749
31606,7.5584
31607,7.6308
31608,7.0192
31609,7.8209
31610,7.2311
31611,8.2837
31612,7.3296
31613,7.7781
31614,7.5528
31615,7.5192
31616,8.2343
31617,6.8508
31618,7.6307
31619,9.2309
31620,7.2252
31621,7.5471
31622,7.514
31623,8.2904
31624,7.5077
31625,7.9175
31626,6.3238
31627,8.0308
31628,7.664
31629,7.6909
31630,5.1918
31631,7.6127
31632,7.6265
31633,8.0216
31634,8.0105
31635,7.4946
31636,7.5636
31637,7.8691
31638,7.4933
31639,7.6018
31640,7.3091
31641,7.5505
31642,8.8697
31643,7.1832
31644,9.3089
31645,7.8645
31646,8.8518
31647,7.3302
31648,8.8448
31649,7.4373
31650,7.843
31651,7.1682
31652,7.0925
31653,7.3166
31654,7.7399
31655,7.9777
31656,7.8949
31657,7.6018
31658,5.1918
31659,9.0017
31660,7.2602
31661,7.1886
31662,7.3149
31663,7.5592
31664,7.5762
31665,8.1481
31666,7.738
31667,7.2515
31668,8.3358
31669,7.7978
31670,7.897
31671,8.384
31672,7.5721
31673,7.2619
31674,7.9591
31675,7.7216
31676,7.4746
31677,7.4076
31678,7.3566
31679,7.4744
31680,7.6082
31681,7.6978
31682,7.2602
31683,7.2585
31684,7.0268
31685,7.9922
31686,7.657
31687,7.3006
31688,7.4796
31689,7.3849
31690,7.9095
31691,7.7146
31692,7.9643
31693,7.5882
31694,7.6018
31695,7.6007
31696,7.9956
31697,8.0727
31698,8.6772
31699,7.6606
31700,7.6861
31701,7.3701
31702,7.7014
31703,7.5077
31704,7.3091
31705,7.6741
31706,7.8196
31707,7.638
31708,7.7742
31709,8.1854
31710,7.8941
31711,8.8518
31712,8.8518
31713,7.6018
31714,7.8407
31715,7.8032
31716,7.9245
31717,7.4822
31718,7.0591
31719,7.7045
31720,7.9863
31721,7.2744
31722,7.7789
31723,7.6937
31724,8.0015
31725,7.2319
31726,8.2636
31727,6.9405
31728,7.5193
31729,7.8861
31730,8.5902
31731,6.9509
31732,7.6827
31733,7.2115
31734,7.2075
31735,7.5238
31736,7.5636
31737,8.0783
31738,7.2017
31739,7.8601
31740,7.8731
31741,7.5989
31742,7.8034
31743,7.6028
31744,7.7865
31745,7.8198
31746,8.8518
31747,7.9344
31748,7.802
31749,7.8937
31750,7.2047
31751,7.1821
31752,7.2795
31753,7.4762
31754,7.5345
31755,7.1772
31756,7.7513
31757,7.4244
31758,8.0602
31759,7.6018
31760,7.8433
31761,7.8424
31762,7.7302
31763,7.9573
31764,7.7241
31765,8.1314
31766,7.601
31767,5.0985
31768,9.1484
31769,7.5471
31770,8.048
31771,7.193
31772,8.3822
31773,7.8697
31774,7.9878
31775,8.0545
31776,7.6309
31777,7.7706
31778,8.0408
31779,7.2602
31780,7.6066
31781,7.7539
31782,7.5015
31783,7.7105
31784,8.154
31785,8.29
31786,8.2582
31787,7.7063
31788,7.9417
31789,7.3653
31790,7.9532
31791,7.8348
31792,7.1772
31793,5.6095
31794,7.7663
31795,7.2602
31796,7.6018
31797,7.4225
31798,7.8061
31799,7.5223
31800,7.368
31801,6.6674
31802,7.6852
31803,7.9009
31804,7.6018
31805,7.7017
31806,7.678
31807,7.4263
31808,7.6194
31809,7.0015
31810,7.4946
31811,7.7156
31812,6.4009
31813,7.7634
31814,6.7081
31815,7.66
31816,7.0014
31817,7.9907
31818,7.3936
31819,7.1552
31820,7.9828
31821,8.8518
31822,7.5927
31823,7.5365
31824,7.6018
31825,7.9096
31826,7.5013
31827,7.2602
31828,7.5471
31829,6.5992
31830,7.4411
31831,5.6506
31832,7.8206
31833,7.5471
31834,7.6545
31835,7.1481
31836,7.6584
31837,7.2602
31838,7.7513
31839,7.6018
31840,9.0017
31841,8.3515
31842,7.7925
31843,8.6688
31844,8.0006
31845,9.3089
31846,7.5471
31847,7.5727
31848,8.8518
31849,8.1926
31850,7.687
31851,5.1918
31852,7.8616
31853,7.9878
31854,7.9912
31855,7.3426
31856,7.9138
31857,7.3914
31858,7.7696
31859,7.8814
31860,7.4319
31861,6.9557
31862,7.2602
31863,7.3912
31864,7.6018
31865,8.3539
31866,7.652
31867,7.5827
31868,7.1476
31869,7.6062
31870,6.2119
31871,7.4673
31872,8.2008
31873,7.9029
31874,9.3089
31875,8.4108
31876,7.5545
31877,6.2241
31878,7.8475
31879,7.9877
31880,7.5015
31881,7.6018
31882,6.8017
31883,9.3089
31884,6.9386
31885,7.4368
31886,8.1827
31887,7.9974
31888,8.3358
31889,7.0483
31890,7.2004
31891,8.3613
31892,7.6018
31893,7.0089
31894,7.9864
31895,7.8848
31896,8.0364
31897,7.9407
31898,9.0017
31899,8.3896
31900,7.8012
31901,7.911
31902,7.4332
31903,7.5471
31904,7.6414
31905,9.3089
31906,7.6018
31907,7.8824
31908,7.9846
31909,7.6857
31910,7.3091
31911,8.1448
31912,7.422
31913,7.4372
31914,7.9661
31915,7.1039
31916,7.6352
31917,7.814
31918,7.7788
31919,7.4491
31920,7.8777
31921,7.2499
31922,7.1595
31923,7.2501
31924,7.5937
31925,7.9878
31926,7.0079
31927,8.0011
31928,7.2079
31929,7.2602
31930,8.8855
31931,8.3654
31932,8.1183
31933,7.6002
31934,7.5309
31935,7.869
31936,7.4805
31937,7.3127
31938,7.6635
31939,7.787
31940,7.4299
31941,9.0017
31942,7.7144
31943,8.0978
31944,7.5011
31945,7.3963
31946,7.1934
31947,6.5989
31948,7.1834
31949,7.287
31950,7.8572
31951,7.5013
31952,7.5696
31953,7.5011
31954,7.5077
31955,7.5439
31956,7.6425
31957,7.8084
31958,7.5087
31959,7.6018
31960,7.3084
31961,7.0974
31962,7.2602
31963,8.8518
31964,7.2983
31965,8.4006
31966,7.3576
31967,8.1641
31968,7.1552
31969,7.6076
31970,7.3861
31971,8.1312
31972,7.8012
31973,7.6696
31974,7.32
31975,8.0775
31976,7.7788
31977,7.8221
31978,7.5968
31979,7.66
31980,7.4447
31981,7.4727
31982,7.5964
31983,8.4631
31984,7.2306
31985,7.6307
31986,8.0517
31987,7.6007
31988,7.4128
31989,7.4107
31990,7.7096
31991,8.2904
31992,7.4155
31993,7.5564
31994,8.6279
31995,7.5977
31996,6.6237
31997,7.2679
31998,6.9762
31999,7.5564
32000,7.9142
32001,4.2874
32002,7.7904
32003,7.5932
32004,7.9878
32005,8.0826
32006,7.8198
32007,7.2944
32008,7.5588
32009,8.2744
32010,7.6168
32011,8.2183
32012,7.3051
32013,7.9878
32014,7.4479
32015,7.9584
32016,7.2431
32017,7.4104
32018,6.5636
32019,7.4573
32020,7.8845
32021,7.7107
32022,7.5457
32023,7.5013
32024,7.6018
32025,7.542
32026,8.6688
32027,7.54
32028,7.8242
32029,7.8198
32030,7.8633
32031,8.2906
32032,7.4442
32033,7.6018
32034,7.6018
32035,7.5742
32036,7.5015
32037,7.5637
32038,7.4461
32039,8.6168
32040,6.5058
32041,8.8518
32042,7.5471
32043,8.2334
32044,7.8949
32045,7.7662
32046,7.6018
32047,7.5039
32048,7.7931
32049,7.7926
32050,7.2602
32051,7.6852
32052,7.6018
32053,7.6018
32054,7.774
32055,7.7986
32056,7.8282
32057,7.2602
32058,9.3089
32059,7.6018
32060,7.8941
32061,7.4758
32062,7.3868
32063,8.0484
32064,7.6481
32065,8.2138
32066,8.594
32067,7.9944
32068,7.6018
32069,7.9308
32070,7.2602
32071,7.8718
32072,8.0329
32073,7.6018
32074,8.2747
32075,6.9449
32076,7.4423
32077,7.4428
32078,7.0154
32079,7.7515
32080,7.8448
32081,7.3175
32082,7.5471
32083,8.0714
32084,7.4641
32085,7.5077
32086,8.0003
32087,7.9878
32088,7.2602
32089,7.0059
32090,7.551
32091,5.0985
32092,8.2813
32093,8.1835
32094,9.0017
32095,7.5395
32096,7.5382
32097,7.3127
32098,7.4798
32099,7.5821
32100,7.6379
32101,7.8668
32102,8.0234
32103,7.6526
32104,7.7725
32105,7.8679
32106,7.5009
32107,7.9826
32108,7.4149
32109,8.2693
32110,7.2602
32111,7.638
32112,7.3307
32113,7.4358
32114,9.0017
32115,7.676
32116,7.3917
32117,7.4491
32118,7.3957
32119,8.7665
32120,7.5471
32121,7.7412
32122,8.0233
32123,8.1035
32124,7.2006
32125,7.718
32126,7.9607
32127,7.5663
32128,7.7289
32129,7.8915
32130,8.349
32131,6.8167
32132,6.7556
32133,6.4402
32134,7.3845
32135,7.7464
32136,8.0764
32137,7.386
32138,8.2641
32139,7.8735
32140,8.5902
32141,7.5011
32142,7.1161
32143,7.127
32144,7.3566
32145,7.4348
32146,7.9006
32147,7.5045
32148,7.3091
32149,7.6863
32150,7.5638
32151,7.4225
32152,8.0641
32153,8.4043
32154,8.006
32155,6.6372
32156,6.8012
32157,8.0913
32158,7.7557
32159,7.4822
32160,8.0566
32161,7.9636
32162,7.3456
32163,8.141
32164,7.5316
32165,7.8198
32166,6.3686
32167,7.4511
32168,7.7195
32169,7.6332
32170,7.7903
32171,8.1388
32172,7.5727
32173,8.2251
32174,7.6018
32175,7.8009
32176,7.7666
32177,7.5394
32178,7.6058
32179,7.9053
32180,6.793
32181,7.1121
32182,7.4036
32183,7.5864
32184,7.8807
32185,7.8198
32186,8.8518
32187,6.6209
32188,7.2147
32189,7.2007
32190,6.8246
32191,6.7507
32192,7.9885
32193,7.1161
32194,7.6168
32195,6.8899
32196,7.2789
32197,7.8348
32198,7.6676
32199,7.3342
32200,7.1772
32201,7.901
32202,7.8198
32203,7.5727
32204,7.6442
32205,7.2602
32206,7.7607
32207,7.5794
32208,8.287
32209,7.5986
32210,7.138
32211,7.5615
32212,7.5013
32213,7.4985
32214,7.856
32215,7.7887
32216,7.0561
32217,7.554
32218,8.2794
32219,7.5463
32220,7.6459
32221,7.4297
32222,7.4476
32223,7.8941
32224,7.5893
32225,7.6865
32226,8.2376
32227,7.9105
32228,7.3084
32229,7.5318
32230,7.638
32231,7.5956
32232,7.6937
32233,7.6018
32234,8.8518
32235,7.411
32236,7.4846
32237,9.2319
32238,7.5799
32239,7.599
32240,6.4409
32241,7.7587
32242,7.2251
32243,7.1078
32244,6.9832
32245,8.4081
32246,7.297
32247,6.3883
32248,7.8138
32249,8.7503
32250,5.0985
32251,7.512
32252,7.2403
32253,7.2602
32254,7.7289
32255,9.0017
32256,7.6018
32257,7.422
32258,7.6558
32259,7.7515
32260,7.8619
32261,7.8283
32262,7.5527
32263,7.4386
32264,6.7069
32265,7.4716
32266,5.0985
32267,7.5781
32268,6.0318
32269,7.9796
32270,7.9265
32271,8.4903
32272,7.782
32273,6.3686
32274,7.6233
32275,7.5047
32276,7.6051
32277,7.5124
32278,7.1772
32279,7.9141
32280,8.0579
32281,7.3393
32282,6.7378
32283,7.4454
32284,8.2034
32285,7.9017
32286,8.5209
32287,7.6638
32288,7.5516
32289,7.6018
32290,8.1346
32291,7.4293
32292,7.3818
32293,7.6018
32294,7.3226
32295,8.6688
32296,8.4444
32297,7.6018
32298,7.5345
32299,7.6018
32300,7.7706
32301,7.4398
32302,7.5315
32303,7.8838
32304,7.4182
32305,7.5892
32306,7.2347
32307,8.3811
32308,7.3302
32309,7.3084
32310,7.8084
32311,7.4594
32312,7.1665
32313,7.506
32314,8.2641
32315,7.819
32316,7.7597
32317,7.019
32318,8.0421
32319,7.6297
32320,7.6157
32321,7.3937
32322,7.8509
32323,8.2107
32324,7.6835
32325,7.184
32326,7.5727
32327,7.4836
32328,8.4883
32329,7.8985
32330,7.453
32331,7.255
32332,7.6315
32333,7.5567
32334,7.6682
32335,7.9527
32336,7.7156
32337,7.638
32338,8.7003
32339,7.7289
32340,7.8198
32341,7.4386
32342,7.6018
32343,7.4491
32344,7.6018
32345,7.4225
32346,7.9006
32347,6.9829
32348,7.4299
32349,7.4451
32350,7.5954
32351,7.7576
32352,9.3089
32353,7.9394
32354,8.0005
32355,7.6442
32356,7.6784
32357,7.5471
32358,7.6931
32359,7.3167
32360,7.1455
32361,7.6881
32362,7.3907
32363,7.4299
32364,7.6018
32365,5.1918
32366,7.8129
32367,5.4897
32368,7.4036
32369,7.5077
32370,8.1224
32371,7.6018
32372,7.8048
32373,7.8766
32374,8.1356
32375,8.2257
32376,7.8864
32377,7.6221
32378,7.5083
32379,7.6774
32380,7.6797
32381,7.7345
32382,8.2792
32383,7.3844
32384,7.8002
32385,7.6849
32386,7.1476
32387,8.0716
32388,7.6768
32389,7.4182
32390,8.4517
32391,8.4259
32392,7.2602
32393,7.5956
32394,7.0336
32395,8.0859
32396,8.5266
32397,7.721
32398,6.8298
32399,7.819
32400,7.7708
32401,7.638
32402,7.6274
32403,7.5828
32404,8.3029
32405,7.8927
32406,5.6506
32407,7.4236
32408,7.3653
32409,7.0509
32410,7.5295
32411,7.287
32412,7.6628
32413,7.9011
32414,7.5956
32415,8.4618
32416,7.2363
32417,7.6638
32418,8.045
32419,7.8486
32420,7.6263
32421,7.4629
32422,7.7785
32423,7.8348
32424,7.3448
32425,6.8182
32426,8.273
32427,8.4949
32428,7.4025
32429,4.2874
32430,7.5424
32431,9.1484
32432,7.8818
32433,7.2363
32434,7.3566
32435,7.8659
32436,7.8126
32437,7.6007
32438,6.7928
32439,7.5704
32440,7.6018
32441,8.0013
32442,8.0509
32443,7.4165
32444,7.2983
32445,7.3966
32446,7.8101
32447,8.051
32448,7.7512
32449,7.4562
32450,9.0017
32451,7.3127
32452,7.5944
32453,6.066
32454,7.9194
32455,7.4193
32456,7.6183
32457,8.0015
32458,6.5005
32459,7.5239
32460,7.5527
32461,8.8518
32462,7.4025
32463,8.4108
32464,7.9521
32465,7.2126
32466,7.8159
32467,7.8472
32468,7.638
32469,8.4144
32470,8.2115
32471,7.2828
32472,7.5249
32473,7.4386
32474,8.3033
32475,8.4292
32476,7.7237
32477,7.8198
32478,7.9178
32479,5.6095
32480,8.594
32481,8.1674
32482,5.0985
32483,8.1327
32484,7.3646
32485,8.5006
32486,7.6018
32487,7.3226
32488,7.744
32489,5.0985
32490,7.2602
32491,7.4052
32492,5.0985
32493,7.6018
32494,7.9268
32495,7.522
32496,6.7784
32497,7.0053
32498,5.0985
32499,7.2744
32500,6.6443
32501,7.6018
32502,7.5372
32503,7.4967
32504,7.7952
32505,7.7571
32506,8.0003
32507,5.1918
32508,7.409
32509,8.1094
32510,7.5015
32511,7.5318
32512,7.9142
32513,7.4261
32514,7.7095
32515,7.1763
32516,7.3122
32517,8.1858
32518,8.0012
32519,6.793
32520,6.9832
32521,7.8198
32522,7.4299
32523,6.7422
32524,7.3582
32525,6.7497
32526,7.638
32527,7.5486
32528,7.2515
32529,7.7344
32530,7.6134
32531,7.7286
32532,7.9422
32533,7.614
32534,7.6018
32535,7.4076
32536,9.3877
32537,8.0007
32538,7.4113
32539,7.8198
32540,7.5594
32541,8.175
32542,7.9238
32543,7.2602
32544,7.6018
32545,7.5956
32546,7.2744
32547,7.7724
32548,7.4661
32549,8.6372
32550,7.5572
32551,8.8518
32552,9.3089
32553,8.1242
32554,7.3653
32555,7.6509
32556,7.4247
32557,7.6524
32558,7.7651
32559,7.5345
32560,7.5424
32561,8.8518
32562,6.6441
32563,8.3221
32564,7.5727
32565,7.3985
32566,7.4518
32567,7.9447
32568,6.066
32569,7.7535
32570,7.4288
32571,7.4562
32572,7.0925
32573,7.6879
32574,7.2157
32575,6.5135
32576,7.5388
32577,7.3482
32578,7.4227
32579,7.501
32580,8.1995
32581,7.9479
32582,7.9814
32583,8.0727
32584,7.7932
32585,7.3806
32586,7.7401
32587,7.6785
32588,7.2602
32589,8.4923
32590,7.5467
32591,6.6679
32592,7.667
32593,7.5951
32594,8.5179
32595,7.8193
32596,7.8299
32597,7.5925
32598,7.6488
32599,7.9007
32600,7.5505
32601,8.537
32602,7.0848
32603,7.0363
32604,7.7162
32605,7.7286
32606,8.1207
32607,8.3358
32608,7.6168
32609,7.2509
32610,7.5369
32611,7.7275
32612,7.9275
32613,7.5398
32614,5.7982
32615,7.5583
32616,7.7156
32617,7.6018
32618,7.7733
32619,7.7289
32620,6.8348
32621,7.5016
32622,7.6018
32623,7.6018
32624,7.6778
32625,7.7861
32626,7.6018
32627,7.5667
32628,7.6605
32629,7.9104
32630,7.6018
32631,7.3917
32632,7.8765
32633,8.1241
32634,7.8198
32635,7.4642
32636,8.8518
32637,7.3653
32638,7.638
32639,7.7572
32640,7.8998
32641,7.638
32642,7.4273
32643,7.1055
32644,8.8518
32645,7.664
32646,7.77
32647,7.6852
32648,6.2119
32649,7.9148
32650,8.6688
32651,8.1385
32652,7.9194
32653,8.1958
32654,7.9009
32655,6.8834
32656,8.2598
32657,7.8031
32658,7.2602
32659,7.3342
32660,8.0641
32661,7.851
32662,9.0017
32663,7.2767
32664,7.2735
32665,7.7306
32666,6.5058
32667,7.6828
32668,7.6505
32669,8.0405
32670,6.5463
32671,8.8518
32672,8.8523
32673,7.6604
32674,7.5017
32675,8.8518
32676,7.8834
32677,7.638
32678,7.3387
32679,9.3089
32680,8.6373
32681,7.4741
32682,7.7613
32683,7.716
32684,7.8698
32685,7.7333
32686,7.4662
32687,7.5077
32688,5.1918
32689,6.8424
32690,7.4735
32691,8.1056
32692,7.4923
32693,7.9239
32694,8.8518
32695,8.26
32696,7.309
32697,7.5527
32698,7.8699
32699,7.5679
32700,7.7281
32701,7.4601
32702,7.6603
32703,8.0727
32704,7.6018
32705,7.3597
32706,8.073
32707,7.2602
32708,7.3604
32709,7.593
32710,6.9622
32711,7.7648
32712,7.2566
32713,8.0074
32714,7.519
32715,8.0084
32716,7.6393
32717,5.0985
32718,7.956
32719,7.6112
32720,7.4386
32721,7.638
32722,7.4491
32723,7.6293
32724,7.8625
32725,7.4417
32726,7.0014
32727,7.6682
32728,7.5625
32729,7.8774
32730,7.6201
32731,6.3821
32732,7.9182
32733,7.7125
32734,8.1574
32735,7.1089
32736,7.5574
32737,7.7285
32738,7.6682
32739,8.6872
32740,7.7198
32741,8.4087
32742,7.5846
32743,7.5011
32744,8.5254
32745,7.8007
32746,7.477
32747,7.6018
32748,7.3155
32749,7.6832
32750,7.1682
32751,8.1062
32752,7.6018
32753,7.62
32754,7.3597
32755,7.7151
32756,8.4259
32757,7.2602
32758,7.2602
32759,8.0917
32760,7.6389
32761,7.3127
32762,7.6018
32763,8.1811
32764,7.6018
32765,7.7376
32766,5.0985
32767,7.5471
32768,7.5471
32769,7.4949
32770,6.0364
32771,7.4292
32772,7.5766
32773,7.6018
32774,7.2897
32775,7.4119
32776,7.4334
32777,7.7063
32778,7.8036
32779,7.1682
32780,7.5006
32781,7.8211
32782,7.5957
32783,8.8518
32784,7.3366
32785,7.2407
32786,7.5508
32787,6.6692
32788,8.0747
32789,7.354
32790,7.2828
32791,7.5818
32792,8.1142
32793,6.2329
32794,7.7231
32795,7.8132
32796,8.1937
32797,5.1918
32798,7.517
32799,6.1809
32800,6.846
32801,8.0418
32802,7.8662
32803,7.8397
32804,8.229
32805,8.2639
32806,8.2506
32807,7.6121
32808,7.3348
32809,8.3653
32810,7.8028
32811,7.6263
32812,9.0469
32813,7.0727
32814,7.3691
32815,7.6521
32816,7.7125
32817,7.4443
32818,8.2389
32819,7.7009
32820,7.7648
32821,7.9598
32822,6.7784
32823,7.6018
32824,7.2602
32825,7.2057
32826,7.9257
32827,7.6686
32828,8.4478
32829,8.2449
32830,7.8941
32831,8.0974
32832,8.0941
32833,8.3444
32834,8.8518
32835,7.5445
32836,7.4182
32837,8.2157
32838,7.6834
32839,8.0007
32840,8.1641
32841,7.8679
32842,8.6989
32843,7.6018
32844,8.8518
32845,8.6352
32846,8.0826
32847,8.0925
32848,7.8955
32849,5.0985
32850,8.2155
32851,7.4937
32852,6.5191
32853,7.4946
32854,7.4772
32855,8.232
32856,7.4745
32857,7.6018
32858,7.7284
32859,8.1062
32860,7.758
32861,7.7529
32862,7.2602
32863,7.4043
32864,7.4132
32865,7.8774
32866,7.3761
32867,7.8342
32868,7.67
32869,7.7417
32870,7.8939
32871,7.4225
32872,9.3777
32873,7.2157
32874,7.5339
32875,8.0575
32876,8.016
32877,7.5527
32878,7.4182
32879,6.4149
32880,7.2602
32881,8.0546
32882,7.6012
32883,7.9444
32884,9.4326
32885,7.4697
32886,7.0648
32887,7.969
32888,7.7731
32889,7.7726
32890,6.7967
32891,7.5471
32892,6.5989
32893,7.2602
32894,8.0926
32895,7.505
32896,7.9342
32897,6.9277
32898,7.7515
32899,7.9317
32900,7.9599
32901,8.0012
32902,7.6883
32903,7.3086
32904,7.6455
32905,7.9878
32906,7.5471
32907,8.2443
32908,7.1179
32909,7.3653
32910,8.0679
32911,7.7066
32912,8.1539
32913,8.0437
32914,7.38
32915,7.6844
32916,6.9499
32917,7.4785
32918,8.3767
32919,5.9361
32920,7.6263
32921,7.3566
32922,7.3582
32923,8.9339
32924,7.3555
32925,7.54
32926,7.0408
32927,7.0007
32928,7.2602
32929,6.4869
32930,6.2119
32931,8.1747
32932,8.2156
32933,7.9052
32934,7.4677
32935,7.9345
32936,5.6506
32937,6.9952
32938,7.6018
32939,9.0922
32940,7.66
32941,7.0436
32942,7.4673
32943,7.6832
32944,7.3163
32945,7.7511
32946,7.1195
32947,7.5006
32948,7.9038
32949,7.8633
32950,8.8518
32951,7.638
32952,7.2389
32953,7.7751
32954,7.307
32955,7.8233
32956,7.1647
32957,7.4036
32958,7.638
32959,7.8862
32960,7.8348
32961,8.0103
32962,7.2798
32963,7.5819
32964,7.7783
32965,7.884
32966,7.6731
32967,7.4178
32968,7.8448
32969,8.2509
32970,7.4299
32971,7.8834
32972,6.9099
32973,7.7072
32974,7.1707
32975,5.1918
32976,7.6018
32977,7.9396
32978,8.2237
32979,7.6018
32980,7.9024
32981,7.6841
32982,7.5956
32983,7.8815
32984,7.2549
32985,7.7147
32986,7.9123
32987,7.6018
32988,7.8788
32989,5.0985
32990,7.6018
32991,8.0494
32992,6.8647
32993,7.8348
32994,6.9504
32995,6.3482
32996,7.9825
32997,7.3089
32998,7.7714
32999,6.8843
33000,7.2602
33001,7.6955
33002,7.6018
33003,7.2602
33004,6.6437
33005,7.4354
33006,7.5917
33007,7.3726
33008,8.7009
33009,7.4182
33010,6.3416
33011,8.1779
33012,7.7472
33013,7.3864
33014,7.386
33015,7.5893
33016,7.1575
33017,7.6018
33018,8.8404
33019,6.4894
33020,6.5049
33021,8.2875
33022,7.4385
33023,7.7156
33024,7.7289
33025,7.0865
33026,8.2004
33027,6.5058
33028,7.3884
33029,7.7989
33030,7.4629
33031,7.3566
33032,6.8843
33033,7.501
33034,8.0597
33035,7.2828
33036,7.9126
33037,4.2874
33038,6.8974
33039,8.0492
33040,8.273
33041,9.0776
33042,8.0933
33043,5.0985
33044,5.0985
33045,7.5012
33046,7.2602
33047,8.272
33048,7.5259
33049,7.4387
33050,8.0291
33051,7.4299
33052,7.5242
33053,8.4919
33054,7.9912
33055,7.6018
33056,7.5696
33057,7.6018
33058,7.6937
33059,7.4431
33060,7.0925
33061,8.5562
33062,7.7404
33063,7.2597
33064,7.2602
33065,7.6018
33066,8.0009
33067,7.9251
33068,7.5729
33069,6.3228
33070,7.5401
33071,7.4562
33072,8.8518
33073,6.3416
33074,7.9878
33075,8.8518
33076,7.6211
33077,7.9425
33078,7.5056
33079,7.4816
33080,7.3995
33081,7.638
33082,8.1813
33083,7.6018
33084,7.0974
33085,7.8694
33086,7.1854
33087,6.8843
33088,7.6018
33089,7.2307
33090,6.9592
33091,7.3184
33092,7.7789
33093,7.6018
33094,7.3229
33095,8.1767
33096,6.6692
33097,7.3097
33098,7.4755
33099,7.5934
33100,7.2908
33101,7.2748
33102,8.8518
33103,7.638
33104,7.358
33105,7.6342
33106,7.4739
33107,7.6257
33108,7.8958
33109,6.8051
33110,7.2744
33111,7.2924
33112,7.6018
33113,7.8941
33114,7.1045
33115,7.5848
33116,7.6834
33117,8.1852
33118,8.0533
33119,7.3653
33120,7.3566
33121,6.8391
33122,7.6682
33123,7.5445
33124,7.7676
33125,7.1943
33126,7.6858
33127,7.5029
33128,7.9345
33129,8.1009
33130,7.2819
33131,7.6018
33132,7.9224
33133,8.1521
33134,7.664
33135,7.8341
33136,6.8843
33137,7.6018
33138,8.0815
33139,7.7862
33140,8.8269
33141,6.5669
33142,7.6348
33143,7.6601
33144,6.5594
33145,7.2602
33146,7.665
33147,7.9598
33148,7.7554
33149,7.9936
33150,7.6238
33151,7.8627
33152,7.3459
33153,7.4693
33154,8.3899
33155,7.2515
33156,7.0921
33157,7.8093
33158,7.4759
33159,7.9615
33160,7.8963
33161,7.6631
33162,7.0949
33163,6.594
33164,7.364
33165,7.28
33166,7.6018
33167,7.386
33168,7.4937
33169,7.7295
33170,7.722
33171,7.5584
33172,7.8927
33173,7.6831
33174,7.9546
33175,7.8016
33176,7.7151
33177,7.6682
33178,7.4836
33179,8.4128
33180,7.3274
33181,8.7665
33182,7.7536
33183,7.5741
33184,7.8646
33185,7.6898
33186,7.4427
33187,8.2449
33188,7.8679
33189,7.7658
33190,7.9245
33191,7.6291
33192,7.5372
33193,8.2427
33194,7.4423
33195,7.3209
33196,7.5151
33197,8.4649
33198,6.9299
33199,7.6018
33200,8.0002
33201,7.8198
33202,8.1033
33203,8.1187
33204,7.8657
33205,7.4886
33206,7.5225
33207,7.638
33208,7.5269
33209,7.4548
33210,7.4423
33211,7.5471
33212,7.211
33213,7.5696
33214,8.3112
33215,7.821
33216,6.8543
33217,7.316
33218,7.196
33219,7.9617
33220,5.0985
33221,7.93
33222,7.1682
33223,7.6652
33224,5.0985
33225,7.5976
33226,7.8625
33227,7.7269
33228,8.9908
33229,7.6018
33230,7.8022
33231,7.5398
33232,7.902
33233,7.7726
33234,7.6039
33235,7.512
33236,8.621
33237,7.7607
33238,5.8111
33239,7.6372
33240,7.6018
33241,7.4385
33242,8.6688
33243,7.9028
33244,7.8317
33245,7.7715
33246,7.9624
33247,7.6018
33248,7.9796
33249,7.8475
33250,7.5651
33251,7.4471
33252,8.8518
33253,8.3017
33254,7.5486
33255,7.5475
33256,7.9878
33257,8.3636
33258,7.3601
33259,8.8717
33260,7.8791
33261,7.9009
33262,8.1765
33263,5.0985
33264,7.1772
33265,7.6018
33266,7.3604
33267,7.9805
33268,7.1149
33269,7.2389
33270,8.0364
33271,7.5471
33272,7.9085
33273,8.5681
33274,7.7303
33275,7.583
33276,7.5365
33277,7.7794
33278,7.2602
33279,8.8518
33280,7.3845
33281,7.397
33282,5.0985
33283,7.3738
33284,8.0183
33285,7.3409
33286,7.5902
33287,7.6
33288,7.8314
33289,7.0783
33290,6.1809
33291,7.9213
33292,8.8518
33293,7.5944
33294,7.5365
33295,7.7431
33296,7.6781
33297,8.3853
33298,7.3295
33299,5.9627
33300,6.6872
33301,7.7138
33302,7.6303
33303,7.9454
33304,8.8518
33305,7.493
33306,9.2319
33307,8.1193
33308,8.8518
33309,7.793
33310,7.1699
33311,7.7289
33312,7.3345
33313,8.1995
33314,7.6196
33315,9.0017
33316,7.5827
33317,8.1552
33318,7.4629
33319,8.1061
33320,7.6018
33321,7.2602
33322,7.5509
33323,8.0555
33324,8.1995
33325,7.6018
33326,8.1957
33327,6.7345
33328,8.4664
33329,7.1727
33330,8.5119
33331,8.175
33332,7.6263
33333,7.4334
33334,8.7876
33335,7.8995
33336,7.2975
33337,5.7192
33338,7.3985
33339,8.175
33340,8.1463
33341,5.0985
33342,7.3338
33343,7.8635
33344,7.6682
33345,8.1173
33346,7.9878
33347,7.6332
33348,8.2951
33349,9.118
33350,7.5629
33351,7.6018
33352,7.4207
33353,7.4299
33354,7.2602
33355,7.7655
33356,7.6417
33357,7.0783
33358,8.2389
33359,7.6596
33360,7.6438
33361,8.3434
33362,8.0869
33363,7.9862
33364,7.5013
33365,8.2052
33366,7.3091
33367,7.7719
33368,7.3345
33369,8.6688
33370,7.6284
33371,7.2566
33372,8.8269
33373,7.3899
33374,8.0429
33375,6.944
33376,7.5687
33377,7.3846
33378,7.1772
33379,7.683
33380,7.851
33381,5.6506
33382,7.1345
33383,7.9245
33384,7.7043
33385,7.529
33386,7.2602
33387,7.0013
33388,7.6441
33389,8.2505
33390,8.1153
33391,7.2975
33392,7.1362
33393,7.4714
33394,6.9249
33395,6.9381
33396,7.8901
33397,7.6757
33398,7.9878
33399,7.8558
33400,7.5439
33401,8.5207
33402,8.1296
33403,7.5848
33404,8.8518
33405,7.4152
33406,7.5956
33407,6.3248
33408,8.4804
33409,7.8941
33410,7.1772
33411,7.511
33412,7.0007
33413,7.8186
33414,7.9677
33415,8.0052
33416,5.0985
33417,7.1343
33418,7.7207
33419,7.6959
33420,8.0482
33421,7.821
33422,7.9902
33423,9.3089
33424,7.7289
33425,7.4802
33426,7.2602
33427,7.7947
33428,8.0422
33429,7.6018
33430,6.7784
33431,7.3127
33432,8.4092
33433,8.4618
33434,7.8472
33435,5.6095
33436,7.7475
33437,7.6018
33438,7.4717
33439,5.9674
33440,7.4946
33441,7.273
33442,7.3556
33443,7.6018
33444,7.1772
33445,6.4591
33446,7.6805
33447,7.7628
33448,7.1772
33449,7.5973
33450,7.6971
33451,8.2438
33452,7.5365
33453,8.0551
33454,7.5058
33455,7.738
33456,7.3653
33457,7.3936
33458,7.738
33459,7.5345
33460,7.6441
33461,8.9397
33462,7.7441
33463,7.7073
33464,7.029
33465,8.7665
33466,7.4522
33467,7.2245
33468,7.7564
33469,8.8518
33470,7.4674
33471,7.6441
33472,8.1872
33473,7.9337
33474,7.3489
33475,7.7948
33476,7.5865
33477,7.8448
33478,7.5959
33479,7.4366
33480,7.638
33481,8.7713
33482,7.9312
33483,8.1972
33484,7.8146
33485,7.8394
33486,7.7717
33487,8.0807
33488,7.4491
33489,6.3737
33490,7.0003
33491,7.0347
33492,7.7345
33493,7.7722
33494,7.8768
33495,7.1772
33496,7.8834
33497,7.8198
33498,7.6413
33499,6.9381
33500,7.5154
33501,7.3653
33502,7.5392
33503,7.787
33504,7.9427
33505,8.5494
33506,7.4099
33507,7.0009
33508,7.4056
33509,7.638
33510,5.0985
33511,7.7685
33512,7.6179
33513,8.0485
33514,8.1121
33515,6.7975
33516,7.6508
33517,7.6018
33518,7.5077
33519,7.4115
33520,7.6018
33521,6.793
33522,8.2866
33523,7.2678
33524,8.0308
33525,7.2602
33526,8.0004
33527,8.7713
33528,7.494
33529,6.6048
33530,8.2257
33531,7.7289
33532,7.4183
33533,7.6018
33534,7.9557
33535,7.7461
33536,7.6018
33537,7.5244
33538,5.0985
33539,7.2602
33540,7.2311
33541,7.7198
33542,8.2904
33543,7.4832
33544,8.5902
33545,8.354
33546,7.6651
33547,7.5509
33548,7.6018
33549,8.0351
33550,7.5848
33551,7.2602
33552,7.876
33553,7.7376
33554,7.7088
33555,7.4021
33556,7.9422
33557,7.6509
33558,7.5084
33559,7.6552
33560,7.6201
33561,7.3953
33562,8.478
33563,8.0008
33564,7.9607
33565,7.8198
33566,7.5875
33567,7.5471
33568,7.9796
33569,7.7697
33570,7.565
33571,7.6424
33572,7.4746
33573,7.9878
33574,7.6018
33575,7.7613
33576,7.1844
33577,7.8375
33578,8.1355
33579,7.6278
33580,7.7212
33581,8.1995
33582,7.6608
33583,7.4036
33584,7.386
33585,7.5879
33586,9.0001
33587,7.2546
33588,7.3094
33589,7.2602
33590,7.701
33591,7.4554
33592,7.819
33593,7.6682
33594,7.6018
33595,7.5848
33596,7.386
33597,7.963
33598,8.417
33599,6.6131
33600,6.9419
33601,7.6634
33602,6.2119
33603,7.8949
33604,7.5229
33605,7.5325
33606,7.2321
33607,7.4562
33608,7.7009
33609,8.0201
33610,8.1995
33611,6.845
33612,9.3089
33613,7.517
33614,7.6493
33615,7.5365
33616,8.2237
33617,8.0759
33618,7.9422
33619,8.5144
33620,8.0978
33621,7.2174
33622,7.7812
33623,7.6744
33624,8.0835
33625,7.2168
33626,7.4598
33627,5.1918
33628,7.638
33629,8.8518
33630,8.7296
33631,7.9038
33632,7.5694
33633,8.0015
33634,8.0937
33635,7.5727
33636,7.7919
33637,7.6261
33638,7.6018
33639,7.4378
33640,7.7229
33641,7.9655
33642,7.6018
33643,7.2869
33644,7.7789
33645,7.8223
33646,7.2602
33647,7.7345
33648,7.3528
33649,7.6679
33650,7.1251
33651,8.8518
33652,7.6373
33653,7.5016
33654,7.8523
33655,7.3646
33656,7.8815
33657,7.6018
33658,7.2389
33659,8.0732
33660,7.5199
33661,7.6018
33662,7.8856
33663,7.738
33664,8.5009
33665,7.7523
33666,8.4081
33667,5.0985
33668,7.6679
33669,7.5471
33670,7.5973
33671,7.6506
33672,8.1481
33673,7.6952
33674,7.9884
33675,7.7013
33676,8.185
33677,8.2932
33678,7.6584
33679,8.1358
33680,7.6047
33681,7.5414
33682,7.2996
33683,8.3397
33684,7.6018
33685,6.7782
33686,7.7939
33687,7.6692
33688,7.8246
33689,7.8105
33690,8.8518
33691,7.6018
33692,7.4423
33693,7.5274
33694,7.8645
33695,7.501
33696,8.8518
33697,7.1204
33698,7.903
33699,8.042
33700,7.6018
33701,7.7154
33702,7.6417
33703,7.6961
33704,7.5444
33705,7.9598
33706,6.066
33707,8.3717
33708,7.467
33709,7.6695
33710,7.7593
33711,7.3597
33712,7.6055
33713,6.8167
33714,7.8119
33715,8.621
33716,7.4642
33717,7.7857
33718,7.4781
33719,7.1775
33720,8.1749
33721,7.2057
33722,8.6509
33723,7.0448
33724,7.9138
33725,7.4182
33726,7.4429
33727,7.2166
33728,8.7414
33729,8.0398
33730,7.6018
33731,8.0321
33732,7.4562
33733,7.5471
33734,7.4386
33735,9.0017
33736,7.4423
33737,7.0007
33738,7.8796
33739,7.6018
33740,8.0631
33741,6.2807
33742,6.5594
33743,7.6931
33744,7.4554
33745,7.7289
33746,7.3969
33747,7.2602
33748,7.8396
33749,8.2449
33750,6.3686
33751,6.7471
33752,8.8518
33753,7.8136
33754,5.0985
33755,5.0985
33756,5.1918
33757,7.2602
33758,5.0985
33759,8.0869
33760,7.8492
33761,7.1308
33762,7.3081
33763,7.7434
33764,7.1772
33765,7.5339
33766,7.8604
33767,7.7648
33768,6.672
33769,7.3494
33770,7.5523
33771,7.9141
33772,6.8466
33773,8.2832
33774,7.5647
33775,8.2038
33776,8.0006
33777,7.8012
33778,6.8967
33779,7.1509
33780,7.9144
33781,7.7156
33782,8.8518
33783,7.5707
33784,8.8404
33785,7.9878
33786,7.6732
33787,7.744
33788,7.7512
33789,7.5729
33790,8.6158
33791,7.7285
33792,7.641
33793,8.1314
33794,7.6018
33795,7.1754
33796,5.0985
33797,8.8518
33798,7.3791
33799,7.6931
33800,7.8876
33801,7.5855
33802,7.6248
33803,7.4573
33804,6.9172
33805,7.4491
33806,7.177
33807,9.3089
33808,8.3611
33809,7.7289
33810,7.5728
33811,7.6018
33812,7.1772
33813,7.7742
33814,9.3877
33815,8.0275
33816,8.5266
33817,7.5077
33818,9.3089
33819,7.8729
33820,7.5865
33821,7.6018
33822,7.8396
33823,7.4862
33824,7.8393
33825,7.6018
33826,8.5719
33827,7.4598
33828,6.066
33829,7.6938
33830,8.8518
33831,7.35
33832,7.4491
33833,7.4119
33834,7.5444
33835,7.5015
33836,7.5049
33837,6.7834
33838,7.3495
33839,8.3646
33840,7.5721
33841,7.3791
33842,7.7088
33843,7.5582
33844,7.5848
33845,8.1646
33846,8.8518
33847,7.6545
33848,7.4716
33849,6.8051
33850,7.9339
33851,6.7784
33852,6.8584
33853,7.2769
33854,7.5385
33855,7.2602
33856,7.5673
33857,7.7503
33858,7.2602
33859,7.5887
33860,7.3981
33861,7.8464
33862,8.2612
33863,7.5564
33864,7.5959
33865,7.512
33866,7.2602
33867,8.6688
33868,7.0041
33869,7.6886
33870,7.3194
33871,7.42
33872,8.8518
33873,5.6506
33874,7.6018
33875,6.6095
33876,7.5909
33877,8.8518
33878,6.9952
33879,7.5471
33880,7.6018
33881,8.3346
33882,8.175
33883,8.8518
33884,7.7229
33885,7.5299
33886,7.5855
33887,7.9427
33888,7.0012
33889,8.0414
33890,7.48
33891,5.0985
33892,7.722
33893,7.4534
33894,7.5323
33895,8.0339
33896,7.5077
33897,8.1926
33898,8.6089
33899,7.5471
33900,8.0783
33901,7.6682
33902,7.5015
33903,7.4937
33904,7.4256
33905,8.2438
33906,7.7706
33907,8.1937
33908,7.7155
33909,7.7289
33910,7.2515
33911,7.9878
33912,9.3089
33913,7.8746
33914,7.4219
33915,7.6075
33916,7.3366
33917,7.7201
33918,8.1823
33919,7.4974
33920,7.6151
33921,7.2214
33922,7.6407
33923,7.1347
33924,8.8047
33925,7.6938
33926,7.848
33927,7.638
33928,7.9038
33929,7.6018
33930,7.4598
33931,7.6679
33932,7.6782
33933,7.6018
33934,7.6931
33935,8.7843
33936,7.4694
33937,7.6754
33938,7.5499
33939,5.6506
33940,6.9722
33941,7.3197
33942,8.1926
33943,9.0017
33944,7.8198
33945,8.1493
33946,7.5848
33947,5.0985
33948,7.6491
33949,7.4318
33950,7.479
33951,7.2901
33952,7.638
33953,7.7982
33954,7.9878
33955,7.8673
33956,7.1135
33957,8.0406
33958,7.2317
33959,8.1567
33960,7.8246
33961,7.2602
33962,7.3136
33963,7.4521
33964,7.9509
33965,4.2874
33966,7.5881
33967,7.2247
33968,7.9689
33969,7.7196
33970,7.3751
33971,7.787
33972,7.2602
33973,7.9186
33974,7.6018
33975,7.5554
33976,7.8103
33977,7.3466
33978,6.9294
33979,7.7905
33980,7.4491
33981,7.6018
33982,7.4758
33983,7.7744
33984,7.6168
33985,7.7706
33986,7.6392
33987,6.6526
33988,7.3365
33989,8.1767
33990,8.0651
33991,7.9175
33992,8.3715
33993,8.0004
33994,7.6638
33995,7.4389
33996,6.7378
33997,6.3686
33998,6.4454
33999,8.6688
34000,7.5893
34001,7.8198
34002,7.9182
34003,7.529
34004,7.3108
34005,7.7082
34006,7.2602
34007,8.3194
34008,5.0985
34009,7.7706
34010,9.0017
34011,7.2602
34012,7.6939
34013,8.0784
34014,7.5076
34015,7.9491
34016,7.3127
34017,8.0007
34018,7.4903
34019,8.2951
34020,8.2825
34021,7.6018
34022,7.3582
34023,6.7353
34024,8.1778
34025,7.3372
34026,7.8153
34027,7.1309
34028,7.4281
34029,8.2004
34030,7.7663
34031,7.4679
34032,7.77
34033,7.1261
34034,7.6991
34035,6.8645
34036,6.9386
34037,7.2778
34038,7.902
34039,7.4005
34040,7.3006
34041,7.6878
34042,7.5848
34043,8.8518
34044,8.1647
34045,7.5414
34046,7.233
34047,8.4007
34048,7.5077
34049,7.3226
34050,7.5234
34051,5.1918
34052,7.9104
34053,7.4423
34054,8.2641
34055,7.5799
34056,7.7767
34057,7.9743
34058,7.8834
34059,7.3761
34060,7.9308
34061,7.8167
34062,7.5015
34063,7.7913
34064,7.4
34065,7.3995
34066,7.5015
34067,7.9878
34068,7.9111
34069,6.6237
34070,6.5501
34071,7.6018
34072,8.2796
34073,7.4385
34074,7.6765
34075,7.7281
34076,8.1199
34077,7.2602
34078,7.2142
34079,7.9745
34080,5.6587
34081,9.118
34082,8.3385
34083,7.5016
34084,7.6615
34085,8.6352
34086,8.8518
34087,7.5471
34088,7.1103
34089,7.925
34090,8.0411
34091,7.501
34092,7.0663
34093,7.8105
34094,7.5239
34095,7.529
34096,8.1547
34097,7.7706
34098,7.6018
34099,7.512
34100,7.4492
34101,7.6164
34102,8.8518
34103,7.393
34104,7.8221
34105,7.5305
34106,7.8172
34107,8.1379
34108,7.7719
34109,7.2602
34110,7.4182
34111,7.3094
34112,7.5365
34113,7.4081
34114,7.638
34115,7.0166
34116,7.4447
34117,7.6931
34118,8.1562
34119,7.9056
34120,7.7512
34121,5.6506
34122,7.4862
34123,6.6829
34124,7.4386
34125,7.6526
34126,8.0783
34127,7.0718
34128,8.0013
34129,6.9245
34130,7.9182
34131,7.7401
34132,7.693
34133,7.218
34134,5.6095
34135,7.3749
34136,7.1441
34137,7.639
34138,7.9743
34139,8.001
34140,9.2859
34141,7.3584
34142,6.7688
34143,9.1484
34144,7.3348
34145,8.4259
34146,8.2295
34147,7.5627
34148,8.4246
34149,7.8283
34150,6.9339
34151,8.1224
34152,7.5192
34153,7.4494
34154,7.1055
34155,7.127
34156,7.9573
34157,7.6018
34158,8.1552
34159,7.563
34160,7.756
34161,8.8518
34162,7.4404
34163,7.9349
34164,8.2257
34165,7.9934
34166,7.7289
34167,7.7196
34168,7.8949
34169,7.4562
34170,7.7851
34171,8.5902
34172,9.0001
34173,8.5607
34174,7.5156
34175,7.839
34176,7.8726
34177,8.0885
34178,7.7972
34179,7.3406
34180,7.5679
34181,7.9277
34182,7.3252
34183,7.5471
34184,7.4651
34185,8.8518
34186,7.1772
34187,7.6931
34188,7.7534
34189,9.3089
34190,7.4365
34191,7.6262
34192,8.8518
34193,7.7289
34194,7.5137
34195,5.0985
34196,7.2602
34197,7.2515
34198,7.6018
34199,8.8518
34200,7.9869
34201,8.8518
34202,6.7507
34203,5.0985
34204,8.4259
34205,7.3469
34206,8.2449
34207,7.8437
34208,7.1595
34209,7.5658
34210,8.8518
34211,7.6018
34212,7.738
34213,7.5011
34214,8.0721
34215,7.7148
34216,6.8136
34217,7.9345
34218,6.9074
34219,7.6126
34220,7.1113
34221,8.8523
34222,8.8518
34223,7.8986
34224,8.1995
34225,7.2321
34226,7.3921
34227,8.4431
34228,7.7432
34229,8.349
34230,7.2602
34231,8.0894
34232,8.0625
34233,7.7321
34234,7.8761
34235,7.6937
34236,7.9548
34237,7.3348
34238,7.4193
34239,8.1434
34240,7.0958
34241,7.7064
34242,7.3538
34243,7.8935
34244,7.2983
34245,7.461
34246,7.6601
34247,8.1357
34248,7.7437
34249,7.0177
34250,7.3566
34251,7.9719
34252,8.0685
34253,7.5347
34254,7.2363
34255,7.6474
34256,6.8539
34257,7.9078
34258,7.3566
34259,7.6018
34260,7.8169
34261,7.9124
34262,8.175
34263,7.6872
34264,8.6161
34265,7.5243
34266,7.4491
34267,7.7562
34268,8.8518
34269,8.2754
34270,7.6018
34271,7.4579
34272,6.7937
34273,7.7378
34274,7.7069
34275,8.2472
34276,7.7805
34277,7.7768
34278,7.2157
34279,7.8348
34280,8.0015
34281,7.3653
34282,7.8673
34283,7.8694
34284,7.7248
34285,7.4801
34286,7.6262
34287,6.9454
34288,7.7439
34289,7.6926
34290,7.3969
34291,7.8739
34292,8.1219
34293,7.5471
34294,7.5471
34295,7.5554
34296,7.5574
34297,7.2007
34298,7.2777
34299,7.5538
34300,7.6018
34301,8.0014
34302,7.4629
34303,7.5005
34304,6.5058
34305,7.7272
34306,6.8957
34307,7.8311
34308,7.8145
34309,7.6553
34310,7.477
34311,7.7152
34312,7.3764
34313,7.5471
34314,6.6257
34315,7.9245
34316,7.4491
34317,7.5471
34318,7.8273
34319,7.8774
34320,7.2407
34321,6.2419
34322,8.1441
34323,7.4638
34324,7.6018
34325,7.6018
34326,6.8843
34327,7.4199
34328,7.6012
34329,5.6506
34330,8.4431
34331,7.5011
34332,7.7515
34333,7.8413
34334,7.5707
34335,9.0017
34336,7.4339
34337,7.5077
34338,7.4509
34339,7.6745
34340,7.5584
34341,7.6018
34342,7.8457
34343,7.7315
34344,7.1323
34345,7.4647
34346,7.5899
34347,8.5607
34348,7.4491
34349,7.5725
34350,7.3574
34351,7.4529
34352,7.3917
34353,8.041
34354,7.2092
34355,7.0816
34356,8.2449
34357,7.8892
34358,7.5392
34359,7.9841
34360,7.4592
34361,7.6689
34362,7.593
34363,8.0051
34364,7.3392
34365,7.9498
34366,7.2602
34367,7.5721
34368,7.2602
34369,6.3958
34370,8.135
34371,8.0711
34372,7.2699
34373,7.6168
34374,7.5247
34375,7.6018
34376,6.8843
34377,7.5801
34378,5.6095
34379,7.4988
34380,7.3653
34381,7.3653
34382,7.6429
34383,6.9299
34384,6.0091
34385,7.5015
34386,7.3395
34387,8.8518
34388,7.8814
34389,7.1302
34390,7.8787
34391,8.21
34392,7.7724
34393,7.6569
34394,7.2182
34395,7.5607
34396,7.5247
34397,7.4766
34398,8.3497
34399,5.6506
34400,8.2897
34401,8.3899
34402,7.8012
34403,5.0985
34404,7.1455
34405,7.1832
34406,8.2257
34407,7.5725
34408,7.3128
34409,5.0985
34410,7.3653
34411,7.8855
34412,7.4694
34413,7.8007
34414,7.7473
34415,8.1441
34416,7.3162
34417,7.638
34418,7.6204
34419,7.8619
34420,7.5943
34421,7.638
34422,7.7064
34423,7.8856
34424,8.172
34425,7.5336
34426,7.9047
34427,7.5964
34428,6.9356
34429,7.4355
34430,8.2158
34431,7.3269
34432,7.8628
34433,7.3961
34434,7.6744
34435,7.7345
34436,6.8302
34437,7.8935
34438,7.815
34439,7.5509
34440,7.6626
34441,7.1682
34442,7.1772
34443,6.793
34444,7.6531
34445,7.6018
34446,8.1793
34447,9.3457
34448,7.7984
34449,6.0091
34450,8.6688
34451,4.2874
34452,7.6081
34453,7.54
34454,7.4758
34455,7.8029
34456,7.1677
34457,7.1323
34458,8.8518
34459,7.1666
34460,7.5597
34461,8.1056
34462,7.6018
34463,7.6018
34464,7.1552
34465,6.7706
34466,7.3616
34467,7.3971
34468,7.1509
34469,7.5257
34470,8.8518
34471,7.5266
34472,7.9932
34473,7.9345
34474,8.0783
34475,7.1479
34476,7.7731
34477,7.2926
34478,7.7697
34479,7.2778
34480,7.8941
34481,7.7262
34482,7.3597
34483,7.9878
34484,8.2363
34485,7.2138
34486,7.638
34487,7.8273
34488,7.4547
34489,7.5077
34490,8.175
34491,7.4642
34492,7.8139
34493,6.2241
34494,7.1629
34495,8.1446
34496,7.2157
34497,8.1995
34498,7.6018
34499,7.9878
34500,8.2449
34501,7.2391
34502,6.8167
34503,7.6679
34504,7.2815
34505,7.5305
34506,4.2874
34507,5.1918
34508,7.1538
34509,7.5398
34510,5.0985
34511,7.8435
34512,7.9454
34513,7.5471
34514,6.933
34515,7.7101
34516,7.5594
34517,8.594
34518,7.3897
34519,8.8518
34520,8.0336
34521,8.0037
34522,8.2803
34523,7.5652
34524,8.7628
34525,8.0663
34526,7.8269
34527,7.7542
34528,7.91
34529,7.1179
34530,7.386
34531,7.2602
34532,6.7809
34533,6.5082
34534,7.6183
34535,6.1809
34536,7.3341
34537,7.3566
34538,7.7028
34539,7.6076
34540,7.5608
34541,7.524
34542,8.3017
34543,7.2818
34544,7.2602
34545,7.8941
34546,8.193
34547,7.8249
34548,8.2641
34549,7.3584
34550,7.3761
34551,7.8673
34552,8.1173
34553,7.1417
34554,4.2874
34555,7.6044
34556,8.175
34557,7.6159
34558,7.9796
34559,6.1809
34560,7.5015
34561,7.8965
34562,7.2602
34563,8.175
34564,7.6682
34565,7.5154
34566,7.9182
34567,7.2602
34568,7.8996
34569,7.3127
34570,9.3089
34571,7.8096
34572,7.5713
34573,7.261
34574,8.0006
34575,7.5075
34576,6.2119
34577,7.2602
34578,7.8506
34579,7.5077
34580,8.8518
34581,8.0231
34582,7.729
34583,7.2602
34584,7.0848
34585,7.5015
34586,7.7262
34587,7.8451
34588,6.7875
34589,6.7949
34590,7.5015
34591,5.0985
34592,7.2602
34593,7.5509
34594,7.4679
34595,8.4812
34596,7.2602
34597,8.1163
34598,7.2602
34599,7.6458
34600,7.9044
34601,7.8113
34602,8.0237
34603,8.2505
34604,7.6076
34605,7.3967
34606,7.5216
34607,7.2602
34608,7.3582
34609,7.9657
34610,7.4562
34611,7.7445
34612,7.6036
34613,7.5471
34614,7.5075
34615,6.7081
34616,6.7784
34617,7.2602
34618,8.6031
34619,7.0337
34620,7.3645
34621,8.8518
34622,7.2523
34623,7.8222
34624,7.5077
34625,7.1849
34626,7.9342
34627,7.6506
34628,7.6018
34629,7.2156
34630,7.6607
34631,7.6313
34632,7.8838
34633,7.5404
34634,8.0545
34635,7.28
34636,8.1312
34637,7.5386
34638,7.7407
34639,8.2156
34640,7.343
34641,7.8584
34642,7.6018
34643,7.3194
34644,8.2081
34645,7.6667
34646,7.7966
34647,7.9758
34648,8.0015
34649,7.7842
34650,7.5636
34651,7.4036
34652,7.7979
34653,7.8463
34654,7.5144
34655,7.8282
34656,7.7352
34657,7.0961
34658,7.0481
34659,7.6833
34660,7.7369
34661,7.3375
34662,7.6805
34663,7.5339
34664,6.7924
34665,8.1858
34666,7.4423
34667,6.9578
34668,8.6078
34669,9.0017
34670,8.1056
34671,7.9123
34672,8.1292
34673,7.9238
34674,5.9627
34675,7.6145
34676,7.8899
34677,7.6018
34678,7.6933
34679,7.6261
34680,7.3621
34681,8.8518
34682,7.337
34683,8.1835
34684,8.349
34685,7.1772
34686,6.5154
34687,7.7395
34688,7.4741
34689,7.9009
34690,7.3068
34691,7.4562
34692,7.3919
34693,7.9299
34694,6.8752
34695,7.4795
34696,7.3368
34697,8.7665
34698,7.5699
34699,7.8014
34700,7.6018
34701,7.3091
34702,7.2694
34703,7.9538
34704,8.0536
34705,9.0017
34706,8.2742
34707,8.0817
34708,7.7864
34709,7.7515
34710,9.3777
34711,7.9841
34712,8.0492
34713,7.6944
34714,7.0848
34715,8.4431
34716,7.6552
34717,7.653
34718,7.8166
34719,6.8973
34720,7.3942
34721,8.0035
34722,7.5071
34723,7.5727
34724,7.5332
34725,8.2007
34726,7.5013
34727,7.4629
34728,7.7369
34729,7.6593
34730,7.3761
34731,7.8198
34732,8.2257
34733,7.7723
34734,7.9467
34735,7.4276
34736,7.7815
34737,6.6698
34738,8.0654
34739,7.8012
34740,7.5848
34741,7.2156
34742,7.9598
34743,7.8136
34744,7.6075
34745,7.6717
34746,7.1413
34747,7.1496
34748,7.5121
34749,8.8518
34750,8.3497
34751,6.8345
34752,7.2602
34753,7.8472
34754,7.5881
34755,7.4982
34756,8.0028
34757,7.7706
34758,7.6018
34759,7.5731
34760,8.8855
34761,8.0641
34762,7.6303
34763,8.0877
34764,8.193
34765,7.6886
34766,7.4491
34767,7.3985
34768,7.7264
34769,7.7658
34770,7.839
34771,7.9663
34772,7.475
34773,7.7719
34774,8.1662
34775,8.478
34776,7.1864
34777,7.4985
34778,6.9285
34779,6.7792
34780,7.3342
34781,7.6018
34782,7.5574
34783,7.2321
34784,7.7289
34785,8.4383
34786,7.738
34787,7.4
34788,8.8518
34789,7.7658
34790,7.1345
34791,7.3653
34792,7.8573
34793,7.509
34794,8.2742
34795,7.132
34796,7.8246
34797,8.2115
34798,7.6079
34799,7.4287
34800,7.6204
34801,8.5828
34802,7.41
34803,8.451
34804,7.2509
34805,6.2805
34806,7.6018
34807,6.9386
34808,7.021
34809,7.6136
34810,7.5009
34811,7.8984
34812,7.8198
34813,7.5697
34814,7.5665
34815,7.6526
34816,6.3238
34817,7.638
34818,7.897
34819,7.5015
34820,7.6012
34821,7.3091
34822,8.1552
34823,7.3127
34824,6.066
34825,7.8761
34826,7.6682
34827,7.638
34828,7.5194
34829,7.2602
34830,7.2195
34831,7.8701
34832,8.2896
34833,7.6105
34834,7.5636
34835,7.5233
34836,7.7863
34837,7.4766
34838,7.2288
34839,7.704
34840,7.2602
34841,7.5367
34842,8.6688
34843,8.0007
34844,7.7511
34845,7.2602
34846,6.9656
34847,7.5077
34848,7.9339
34849,7.3248
34850,7.0007
34851,7.6844
34852,7.8608
34853,7.9038
34854,7.3566
34855,7.5471
34856,9.3089
34857,7.5212
34858,7.9272
34859,7.8348
34860,5.0985
34861,7.9878
34862,8.2951
34863,7.9119
34864,8.4973
34865,7.5914
34866,7.2602
34867,7.6526
34868,7.6105
34869,6.3682
34870,7.7193
34871,7.2602
34872,7.7942
34873,6.7281
34874,7.2515
34875,9.3089
34876,8.7665
34877,7.3179
34878,7.5889
34879,7.3938
34880,7.5225
34881,7.653
34882,7.638
34883,7.1642
34884,7.5862
34885,7.9631
34886,6.6303
34887,7.5471
34888,8.048
34889,7.5028
34890,7.0013
34891,7.6678
34892,9.0006
34893,7.8435
34894,7.2744
34895,7.5077
34896,7.6322
34897,7.0599
34898,7.7096
34899,7.8155
34900,7.6018
34901,8.1781
34902,7.6018
34903,7.8957
34904,7.7515
34905,6.7081
34906,7.7735
34907,7.5558
34908,7.4722
34909,7.0556
34910,7.1772
34911,8.0641
34912,7.6319
34913,7.1367
34914,7.2932
34915,7.4409
34916,8.385
34917,7.576
34918,7.6018
34919,7.1161
34920,7.3582
34921,7.8166
34922,7.8619
34923,7.3728
34924,8.0442
34925,7.5077
34926,7.6018
34927,7.6526
34928,6.7248
34929,7.6018
34930,7.8475
34931,6.566
34932,7.5494
34933,7.638
34934,7.9006
34935,7.4299
34936,8.2183
34937,7.8563
34938,9.3777
34939,7.7147
34940,7.5386
34941,7.1138
34942,7.4289
34943,7.9878
34944,7.1844
34945,7.9878
34946,7.886
34947,7.9637
34948,8.5902
34949,7.3084
34950,7.4119
34951,7.5215
34952,7.6701
34953,7.6263
34954,7.7061
34955,7.5398
34956,6.8475
34957,8.6688
34958,7.6018
34959,9.3089
34960,7.3574
34961,7.7289
34962,7.6094
34963,8.1441
34964,8.0084
34965,7.6558
34966,7.5408
34967,7.4119
34968,7.3746
34969,5.8718
34970,8.0922
34971,7.9694
34972,7.5471
34973,7.6018
34974,9.0017
34975,8.8518
34976,7.7156
34977,7.6018
34978,7.6018
34979,8.0257
34980,7.7513
34981,9.0248
34982,7.6673
34983,7.4679
34984,8.349
34985,7.6018
34986,7.1775
34987,7.5593
34988,7.3215
34989,8.8518
34990,7.1707
34991,6.9245
34992,7.9878
34993,6.8671
34994,8.1664
34995,7.6834
34996,7.5703
34997,7.9123
34998,7.6435
34999,7.8138
35000,7.3761
35001,5.0985
35002,6.6594
35003,7.8584
35004,7.4008
35005,7.4131
35006,6.7784
35007,7.7607
35008,7.6682
35009,6.8407
35010,7.8061
35011,7.6018
35012,6.7378
35013,7.5727
35014,5.0985
35015,7.4088
35016,7.6281
35017,6.9703
35018,7.2847
35019,7.8798
35020,7.8963
35021,7.8198
35022,9.3089
35023,7.4307
35024,7.1473
35025,8.3698
35026,7.9203
35027,8.0877
35028,6.8246
35029,7.0679
35030,7.7443
35031,7.9965
35032,7.4946
35033,7.6509
35034,7.6889
35035,7.6263
35036,7.1612
35037,7.9264
35038,7.3918
35039,5.6506
35040,7.8249
35041,8.1676
35042,7.4788
35043,6.2319
35044,7.1978
35045,8.058
35046,7.4252
35047,7.656
35048,7.8564
35049,7.6018
35050,7.4652
35051,7.6228
35052,7.5012
35053,8.8518
35054,7.614
35055,6.9009
35056,7.5845
35057,7.95
35058,8.2616
35059,7.8119
35060,8.099
35061,7.0574
35062,7.3653
35063,8.135
35064,8.6158
35065,7.2363
35066,7.4548
35067,7.4595
35068,7.5471
35069,7.7758
35070,7.8787
35071,7.6018
35072,8.8523
35073,8.6158
35074,7.8533
35075,7.4985
35076,7.8339
35077,8.3223
35078,7.9591
35079,7.8194
35080,7.638
35081,7.6947
35082,7.6895
35083,7.2602
35084,9.0248
35085,8.2951
35086,7.5015
35087,8.1327
35088,8.0364
35089,7.0448
35090,7.4941
35091,7.5956
35092,7.8584
35093,8.4431
35094,7.6018
35095,7.6187
35096,7.8819
35097,7.4
35098,8.3358
35099,8.2051
35100,6.8935
35101,8.0875
35102,6.9482
35103,7.6931
35104,7.0865
35105,7.8174
35106,6.4722
35107,7.6401
35108,7.5015
35109,7.4036
35110,7.9449
35111,7.6494
35112,8.8518
35113,7.5161
35114,7.4036
35115,7.7742
35116,7.3136
35117,7.4713
35118,7.951
35119,8.1304
35120,8.8518
35121,7.6308
35122,7.5007
35123,6.5342
35124,7.8396
35125,6.6679
35126,7.6018
35127,6.8269
35128,7.6126
35129,7.4795
35130,7.741
35131,8.0545
35132,7.787
35133,7.4249
35134,7.2423
35135,8.8518
35136,8.5004
35137,7.8105
35138,8.0434
35139,8.0685
35140,7.0013
35141,6.6213
35142,6.8229
35143,9.3457
35144,7.8772
35145,7.8193
35146,7.4308
35147,7.5806
35148,7.8668
35149,7.317
35150,8.8518
35151,8.0954
35152,6.0407
35153,8.1327
35154,7.7927
35155,8.2933
35156,7.3868
35157,7.6831
35158,8.8518
35159,7.506
35160,7.2881
35161,7.5277
35162,8.2427
35163,7.3687
35164,8.268
35165,7.1251
35166,7.8167
35167,7.8012
35168,7.3884
35169,7.3957
35170,7.6018
35171,8.0173
35172,8.1195
35173,7.5013
35174,7.3025
35175,7.6018
35176,8.1288
35177,7.8411
35178,8.8518
35179,8.9006
35180,8.8518
35181,7.3387
35182,7.1306
35183,6.8017
35184,7.4893
35185,7.4318
35186,7.5812
35187,7.3942
35188,7.8198
35189,5.1918
35190,8.1653
35191,7.2602
35192,8.0006
35193,7.4182
35194,7.5331
35195,7.9469
35196,8.0013
35197,7.8198
35198,7.3793
35199,7.6263
35200,8.1441
35201,8.0035
35202,7.8409
35203,8.5212
35204,7.9422
35205,7.3088
35206,7.9532
35207,7.342
35208,7.5083
35209,7.9557
35210,8.1009
35211,7.5077
35212,7.8228
35213,7.8344
35214,7.3084
35215,7.8399
35216,7.6018
35217,7.5318
35218,7.7706
35219,7.4629
35220,7.6944
35221,8.319
35222,7.4423
35223,7.6168
35224,8.6688
35225,7.4711
35226,7.6504
35227,7.8381
35228,7.634
35229,8.2252
35230,8.1491
35231,7.4949
35232,7.0011
35233,7.0907
35234,8.8518
35235,8.154
35236,7.6018
35237,8.3167
35238,7.339
35239,8.0631
35240,7.8475
35241,7.8632
35242,7.2363
35243,7.4182
35244,7.7655
35245,7.5552
35246,6.2241
35247,8.2837
35248,7.3588
35249,8.1995
35250,7.8509
35251,7.5719
35252,7.4225
35253,7.5998
35254,7.7368
35255,7.2594
35256,7.0337
35257,7.1627
35258,7.4946
35259,7.9138
35260,7.8036
35261,7.5727
35262,7.6435
35263,7.1772
35264,7.6018
35265,6.9449
35266,6.0091
35267,7.287
35268,7.4076
35269,7.6702
35270,7.4356
35271,7.4182
35272,7.8625
35273,8.1995
35274,7.2602
35275,7.5931
35276,7.7289
35277,5.6506
35278,8.422
35279,7.8569
35280,7.6947
35281,8.2673
35282,7.6018
35283,7.9344
35284,7.5493
35285,7.5013
35286,6.8225
35287,7.3758
35288,7.4946
35289,7.9753
35290,7.0679
35291,7.9245
35292,7.6539
35293,6.9282
35294,8.0507
35295,7.6018
35296,7.6441
35297,7.5348
35298,8.1854
35299,7.2887
35300,7.2952
35301,7.819
35302,7.5471
35303,8.8518
35304,6.5534
35305,7.2069
35306,7.9683
35307,7.858
35308,8.2149
35309,7.127
35310,7.6441
35311,7.211
35312,7.3163
35313,7.6012
35314,6.7506
35315,7.6018
35316,7.3582
35317,7.462
35318,7.8018
35319,7.6026
35320,7.638
35321,7.5077
35322,7.7196
35323,7.6268
35324,7.7371
35325,7.8249
35326,7.5471
35327,7.688
35328,8.8518
35329,7.819
35330,5.0985
35331,7.2356
35332,7.5201
35333,7.5654
35334,7.7015
35335,7.0917
35336,7.8709
35337,7.5893
35338,8.5902
35339,7.3127
35340,7.6456
35341,7.0466
35342,7.9865
35343,7.925
35344,7.5015
35345,8.0012
35346,7.6044
35347,6.787
35348,7.5848
35349,7.9009
35350,7.7815
35351,7.2617
35352,7.9279
35353,8.2069
35354,7.4805
35355,7.54
35356,7.8723
35357,7.6265
35358,6.8362
35359,9.3089
35360,8.189
35361,7.638
35362,8.1668
35363,6.619
35364,7.287
35365,8.7665
35366,8.0208
35367,7.8461
35368,7.2427
35369,7.5214
35370,7.2321
35371,8.0024
35372,7.9895
35373,7.1707
35374,7.6882
35375,6.8807
35376,7.6311
35377,7.6256
35378,7.5848
35379,7.6018
35380,7.6453
35381,7.2602
35382,7.8878
35383,7.8152
35384,7.7069
35385,7.7613
35386,7.3566
35387,7.9103
35388,7.738
35389,7.5471
35390,7.4381
35391,9.0017
35392,7.0003
35393,8.1452
35394,8.2565
35395,7.2997
35396,7.6937
35397,7.537
35398,7.9105
35399,7.6301
35400,7.7929
35401,7.4867
35402,9.0017
35403,7.3616
35404,7.5003
35405,8.4561
35406,7.8007
35407,8.0834
35408,8.3406
35409,7.5055
35410,7.3213
35411,7.8645
35412,7.1376
35413,7.3301
35414,7.2952
35415,7.8738
35416,7.2735
35417,7.1674
35418,6.1372
35419,7.9878
35420,7.8604
35421,7.5893
35422,8.6396
35423,7.9432
35424,7.3582
35425,7.5819
35426,7.6005
35427,7.8086
35428,8.1988
35429,6.9603
35430,7.641
35431,7.6987
35432,8.1372
35433,7.9345
35434,7.6513
35435,7.2602
35436,7.6105
35437,8.0536
35438,8.0631
35439,7.7451
35440,7.2764
35441,7.5846
35442,7.6102
35443,7.6368
35444,7.7289
35445,7.683
35446,7.9845
35447,7.9038
35448,7.6481
35449,7.6647
35450,7.6018
35451,6.8843
35452,7.9536
35453,8.0052
35454,7.6018
35455,7.8679
35456,7.3679
35457,7.9492
35458,7.6558
35459,7.4491
35460,8.2449
35461,7.6754
35462,7.6018
35463,5.0985
35464,7.4762
35465,7.5447
35466,7.3495
35467,7.2136
35468,7.2894
35469,7.6018
35470,7.9532
35471,7.4946
35472,7.2602
35473,7.0392
35474,7.8471
35475,7.7156
35476,7.7528
35477,7.6937
35478,8.0551
35479,8.8518
35480,7.6679
35481,8.3728
35482,6.7834
35483,7.5471
35484,7.6831
35485,7.2578
35486,7.7062
35487,7.702
35488,5.9692
35489,7.116
35490,7.8348
35491,6.2507
35492,8.8518
35493,7.6435
35494,7.8055
35495,7.5365
35496,8.1995
35497,7.3514
35498,7.6936
35499,7.7289
35500,7.398
35501,7.9317
35502,7.7472
35503,8.175
35504,8.8518
35505,6.2119
35506,7.8785
35507,7.155
35508,7.5778
35509,5.6506
35510,7.4629
35511,7.5583
35512,7.4642
35513,7.4522
35514,8.3358
35515,7.2362
35516,7.3584
35517,7.4182
35518,7.3936
35519,7.2602
35520,7.2744
35521,7.5077
35522,8.8518
35523,8.6688
35524,8.3255
35525,8.0414
35526,7.2602
35527,7.6265
35528,7.8977
35529,7.6018
35530,7.8345
35531,7.8041
35532,8.0009
35533,7.5951
35534,7.7613
35535,8.0978
35536,8.175
35537,6.8843
35538,6.7784
35539,7.3262
35540,7.787
35541,7.7014
35542,7.9554
35543,7.5051
35544,7.8012
35545,7.5077
35546,7.2044
35547,7.6018
35548,7.5791
35549,7.7565
35550,7.4171
35551,7.0877
35552,7.575
35553,7.1744
35554,7.4642
35555,6.4775
35556,7.6018
35557,7.6826
35558,7.5925
35559,7.8475
35560,6.6934
35561,8.2547
35562,7.6682
35563,7.7786
35564,7.8084
35565,8.0809
35566,6.8212
35567,7.9177
35568,7.8348
35569,7.6078
35570,8.0002
35571,7.7008
35572,7.6168
35573,7.7789
35574,7.2744
35575,7.6018
35576,7.6894
35577,7.7295
35578,7.1682
35579,7.7151
35580,8.4431
35581,5.8263
35582,7.7972
35583,7.6909
35584,7.345
35585,8.4803
35586,8.1233
35587,7.2445
35588,7.6682
35589,7.66
35590,8.2072
35591,6.3482
35592,7.8633
35593,7.9743
35594,8.1958
35595,7.5015
35596,7.6152
35597,8.1119
35598,7.9528
35599,7.2745
35600,7.3653
35601,7.7002
35602,7.6569
35603,7.2004
35604,7.1881
35605,7.3851
35606,7.5143
35607,7.7692
35608,7.8438
35609,7.8727
35610,7.551
35611,7.5077
35612,7.7504
35613,7.3201
35614,7.3808
35615,6.8509
35616,7.3912
35617,7.8799
35618,7.2602
35619,7.5578
35620,8.0011
35621,4.2874
35622,7.6026
35623,7.5015
35624,7.5604
35625,8.3468
35626,6.9107
35627,7.6638
35628,7.6472
35629,7.9777
35630,8.4003
35631,5.6095
35632,7.8027
35633,7.3344
35634,7.7511
35635,7.2122
35636,7.5221
35637,8.1195
35638,7.8164
35639,7.2199
35640,7.2602
35641,7.9138
35642,7.6018
35643,7.779
35644,7.2844
35645,7.8673
35646,8.3358
35647,7.6121
35648,7.7289
35649,7.793
35650,7.8691
35651,7.6018
35652,8.0835
35653,9.0922
35654,7.6179
35655,8.1641
35656,7.6932
35657,7.7613
35658,7.638
35659,8.0339
35660,7.0584
35661,7.2168
35662,7.9878
35663,7.6721
35664,7.3653
35665,7.8191
35666,7.5848
35667,7.8256
35668,8.1152
35669,7.7162
35670,7.734
35671,7.2602
35672,7.7289
35673,5.6506
35674,7.8651
35675,7.5682
35676,8.4431
35677,7.8226
35678,7.0783
35679,7.9009
35680,7.5529
35681,7.2321
35682,8.8518
35683,6.9015
35684,7.4629
35685,7.6018
35686,6.7069
35687,8.8518
35688,8.26
35689,7.8012
35690,7.9038
35691,6.8843
35692,7.1855
35693,7.3807
35694,6.8843
35695,7.6682
35696,9.0248
35697,7.6018
35698,7.5193
35699,7.3307
35700,7.7546
35701,7.6804
35702,7.2826
35703,7.7592
35704,8.8518
35705,7.7139
35706,7.744
35707,7.4037
35708,7.543
35709,8.1207
35710,8.049
35711,7.6018
35712,7.8675
35713,8.6078
35714,8.9113
35715,7.9856
35716,7.1552
35717,9.2319
35718,7.2585
35719,7.2602
35720,6.9415
35721,7.3252
35722,5.6506
35723,7.6054
35724,8.086
35725,8.9908
35726,7.6524
35727,7.4182
35728,7.73
35729,8.0141
35730,6.8348
35731,7.8584
35732,8.6688
35733,7.8675
35734,7.2012
35735,7.2679
35736,7.5003
35737,8.2053
35738,7.8587
35739,7.7144
35740,7.2142
35741,7.7706
35742,8.0826
35743,7.9877
35744,8.6989
35745,8.0641
35746,6.5157
35747,7.638
35748,7.4746
35749,8.6089
35750,6.7248
35751,6.9126
35752,4.2874
35753,7.6041
35754,6.7069
35755,7.4665
35756,7.3894
35757,8.2449
35758,6.8235
35759,7.8916
35760,7.5863
35761,7.4012
35762,7.6484
35763,7.4826
35764,5.0985
35765,7.5994
35766,8.431
35767,7.8509
35768,7.5607
35769,9.2859
35770,7.5863
35771,7.9965
35772,7.4392
35773,7.9017
35774,7.7193
35775,7.7385
35776,7.6937
35777,7.5951
35778,7.8103
35779,5.0985
35780,7.4735
35781,7.0866
35782,7.8761
35783,8.2396
35784,7.6099
35785,6.9345
35786,6.8126
35787,8.8518
35788,7.3636
35789,8.8935
35790,7.8647
35791,9.3457
35792,7.6002
35793,7.469
35794,7.3052
35795,7.8827
35796,9.3457
35797,6.7081
35798,7.781
35799,7.7511
35800,8.2438
35801,7.7013
35802,7.7911
35803,7.1161
35804,7.5471
35805,7.4386
35806,7.6852
35807,6.5008
35808,7.4036
35809,8.5504
35810,8.8518
35811,7.9878
35812,7.3341
35813,7.6018
35814,7.8513
35815,8.9397
35816,7.5763
35817,7.9512
35818,7.8679
35819,6.5305
35820,8.1324
35821,6.7345
35822,7.6018
35823,8.1085
35824,4.2874
35825,8.0281
35826,5.6095
35827,7.4423
35828,7.4562
35829,7.243
35830,7.4182
35831,7.5176
35832,9.3877
35833,7.5976
35834,7.7174
35835,8.0007
35836,7.6352
35837,7.4012
35838,7.2602
35839,7.7904
35840,8.284
35841,6.8411
35842,8.6923
35843,7.8972
35844,7.6018
35845,7.9405
35846,7.9815
35847,6.4604
35848,7.6018
35849,6.9174
35850,6.3482
35851,7.2897
35852,6.4632
35853,7.2462
35854,7.6679
35855,8.2449
35856,7.5077
35857,7.0561
35858,8.6089
35859,7.7688
35860,7.6571
35861,8.0512
35862,7.2321
35863,8.3358
35864,7.6053
35865,7.6308
35866,7.4046
35867,7.6349
35868,7.7509
35869,7.6423
35870,7.6009
35871,8.0651
35872,7.2321
35873,7.0006
35874,8.1858
35875,7.1111
35876,8.8518
35877,8.6688
35878,7.1772
35879,7.3339
35880,7.6757
35881,5.364
35882,6.5856
35883,7.6018
35884,8.3757
35885,7.6018
35886,8.0011
35887,6.7147
35888,8.2733
35889,7.4182
35890,7.9029
35891,7.6183
35892,9.3089
35893,8.0437
35894,8.8518
35895,8.8518
35896,7.3722
35897,7.8196
35898,8.8518
35899,7.1772
35900,7.6762
35901,7.7515
35902,6.2426
35903,5.0985
35904,7.1343
35905,7.4787
35906,7.6679
35907,7.4225
35908,7.9138
35909,7.6679
35910,7.5534
35911,7.3723
35912,7.1595
35913,7.8136
35914,7.6455
35915,7.7648
35916,8.1999
35917,6.7345
35918,7.3509
35919,7.8779
35920,7.6394
35921,7.31
35922,7.8941
35923,7.6435
35924,7.6043
35925,7.6018
35926,7.2321
35927,7.1677
35928,7.9386
35929,7.4203
35930,7.5013
35931,7.843
35932,7.5015
35933,7.6957
35934,6.8172
35935,8.8518
35936,7.1173
35937,7.6018
35938,8.0905
35939,7.6776
35940,7.4379
35941,7.6018
35942,7.2602
35943,7.7185
35944,7.6105
35945,7.2602
35946,7.7863
35947,6.8424
35948,8.193
35949,7.2744
35950,7.4454
35951,7.1365
35952,7.669
35953,7.6168
35954,7.8081
35955,7.8604
35956,7.7897
35957,8.0463
35958,7.2398
35959,7.5015
35960,7.638
35961,8.2036
35962,6.993
35963,8.4014
35964,8.8518
35965,7.6018
35966,7.7514
35967,8.0957
35968,7.5985
35969,7.8814
35970,7.5013
35971,7.7763
35972,7.8042
35973,6.9903
35974,7.8845
35975,7.8514
35976,7.7351
35977,9.3089
35978,7.6441
35979,6.8343
35980,7.076
35981,7.7313
35982,7.8091
35983,7.9878
35984,8.1552
35985,7.2917
35986,7.6143
35987,7.3566
35988,8.5719
35989,7.3274
35990,7.7149
35991,8.0267
35992,7.9003
35993,7.6018
35994,7.5471
35995,7.7614
35996,7.7012
35997,7.1617
35998,7.7148
35999,5.0985
36000,7.3948
36001,7.1308
36002,7.8324
36003,7.9787
36004,7.2669
36005,5.0985
36006,7.9292
36007,7.2602
36008,7.3091
36009,7.4562
36010,7.8814
36011,7.3653
36012,7.8941
36013,7.4562
36014,7.297
36015,7.7374
36016,9.3089
36017,7.1461
36018,7.9328
36019,7.8935
36020,7.6677
36021,8.0122
36022,7.6973
36023,8.546
36024,7.7663
36025,7.8157
36026,7.8367
36027,8.4431
36028,7.4119
36029,7.4182
36030,7.5471
36031,7.7289
36032,7.7088
36033,7.5527
36034,7.3927
36035,7.961
36036,7.6018
36037,9.0017
36038,8.6352
36039,8.21
36040,7.0015
36041,8.043
36042,7.7345
36043,7.638
36044,7.6358
36045,7.537
36046,6.8963
36047,7.5398
36048,7.3851
36049,7.4629
36050,7.6594
36051,7.8348
36052,7.9588
36053,7.2602
36054,7.6722
36055,8.0511
36056,7.7972
36057,7.4562
36058,7.8334
36059,6.1809
36060,7.1121
36061,6.7081
36062,7.6018
36063,8.349
36064,8.1526
36065,7.358
36066,7.501
36067,7.907
36068,8.1517
36069,7.0574
36070,7.6413
36071,7.4524
36072,7.6168
36073,7.9769
36074,7.6018
36075,7.745
36076,7.4021
36077,8.0736
36078,7.5996
36079,7.5345
36080,7.4225
36081,7.6184
36082,7.5077
36083,7.4012
36084,8.0611
36085,7.9936
36086,7.5862
36087,8.6168
36088,8.3337
36089,5.0985
36090,8.8518
36091,7.6168
36092,7.9594
36093,7.4407
36094,7.1189
36095,7.4382
36096,7.8814
36097,7.3091
36098,8.4501
36099,7.8858
36100,7.6942
36101,8.2072
36102,7.5634
36103,7.3441
36104,7.5345
36105,7.9174
36106,7.8604
36107,7.8012
36108,8.2363
36109,7.4562
36110,6.0443
36111,7.8475
36112,7.9623
36113,7.846
36114,7.2602
36115,8.1092
36116,7.6018
36117,7.7281
36118,7.2744
36119,8.2438
36120,5.0985
36121,7.3091
36122,7.6018
36123,7.5292
36124,7.7012
36125,7.8941
36126,7.5471
36127,7.6937
36128,7.4522
36129,8.1774
36130,7.9177
36131,7.7289
36132,7.5192
36133,7.784
36134,7.1826
36135,7.453
36136,7.0009
36137,8.0002
36138,7.2617
36139,7.7507
36140,7.5305
36141,8.1534
36142,7.9864
36143,7.6666
36144,9.4326
36145,8.1574
36146,7.7864
36147,7.9311
36148,7.9521
36149,8.8518
36150,7.4562
36151,5.6506
36152,9.0017
36153,7.2255
36154,7.2602
36155,7.4629
36156,7.2363
36157,7.4845
36158,7.653
36159,7.4562
36160,7.5087
36161,7.8602
36162,7.7816
36163,8.7503
36164,8.2004
36165,7.7217
36166,8.7797
36167,7.6248
36168,8.0636
36169,8.1746
36170,7.1345
36171,7.6018
36172,8.2355
36173,7.7825
36174,8.2281
36175,6.4869
36176,7.7617
36177,7.4813
36178,7.2374
36179,7.5347
36180,7.5562
36181,8.8518
36182,7.3906
36183,7.6012
36184,7.5723
36185,6.5058
36186,7.4974
36187,7.233
36188,7.4973
36189,7.638
36190,8.1341
36191,7.5386
36192,7.1613
36193,7.5096
36194,7.8166
36195,7.4376
36196,7.7771
36197,7.3339
36198,7.8761
36199,7.6443
36200,6.446
36201,8.1571
36202,7.5471
36203,8.7665
36204,7.4894
36205,9.0017
36206,7.5167
36207,7.4372
36208,7.9245
36209,7.6018
36210,8.0483
36211,6.9868
36212,7.7273
36213,8.8518
36214,7.2356
36215,7.8673
36216,7.2289
36217,8.1292
36218,7.8394
36219,7.7677
36220,7.1545
36221,8.6688
36222,8.0471
36223,6.793
36224,7.7263
36225,7.6313
36226,8.2449
36227,7.3348
36228,8.3433
36229,7.0582
36230,7.2515
36231,7.6018
36232,7.6682
36233,7.2602
36234,7.7697
36235,7.3013
36236,8.1198
36237,8.8518
36238,9.3089
36239,7.2884
36240,7.0015
36241,7.3769
36242,7.2057
36243,8.2657
36244,8.1408
36245,7.35
36246,7.4629
36247,8.043
36248,7.4124
36249,7.7125
36250,7.3581
36251,7.653
36252,8.8518
36253,7.1033
36254,7.6307
36255,8.2449
36256,7.7252
36257,8.0272
36258,8.1366
36259,8.8523
36260,7.8249
36261,7.9403
36262,7.541
36263,7.5579
36264,7.9912
36265,7.6263
36266,7.4495
36267,8.1995
36268,7.9747
36269,7.319
36270,7.7719
36271,8.0978
36272,7.3162
36273,7.8348
36274,7.6941
36275,7.7289
36276,7.3822
36277,7.2974
36278,7.5013
36279,7.7302
36280,7.6563
36281,7.0636
36282,7.6018
36283,7.6531
36284,7.8662
36285,7.5848
36286,7.2602
36287,8.0835
36288,8.1041
36289,7.8348
36290,7.4241
36291,7.6753
36292,9.3777
36293,7.3599
36294,8.1568
36295,7.2602
36296,7.1343
36297,8.0581
36298,7.5888
36299,7.0981
36300,7.3131
36301,6.6003
36302,8.2444
36303,7.3761
36304,7.596
36305,8.1314
36306,7.2155
36307,8.0517
36308,7.3343
36309,7.6018
36310,7.7597
36311,7.362
36312,7.6066
36313,7.9653
36314,7.0454
36315,7.7284
36316,8.7503
36317,7.9939
36318,7.7425
36319,7.6392
36320,7.8756
36321,7.7278
36322,7.7392
36323,8.0901
36324,7.7557
36325,6.8235
36326,8.7296
36327,7.8036
36328,7.1009
36329,7.8136
36330,6.6237
36331,8.3338
36332,6.5191
36333,7.6439
36334,7.0003
36335,7.2082
36336,8.0211
36337,8.0829
36338,8.8518
36339,7.5386
36340,8.2523
36341,7.6054
36342,7.4423
36343,7.7218
36344,5.9674
36345,7.6018
36346,8.3196
36347,7.3653
36348,7.7302
36349,7.8129
36350,7.4046
36351,7.8475
36352,7.6596
36353,7.6628
36354,7.7767
36355,7.4562
36356,7.6018
36357,8.8518
36358,5.0985
36359,7.9006
36360,7.8187
36361,7.7604
36362,7.2602
36363,7.4674
36364,6.1809
36365,7.8348
36366,7.8009
36367,7.6018
36368,7.5468
36369,7.436
36370,7.2602
36371,7.6263
36372,7.3934
36373,9.0017
36374,7.4175
36375,7.3842
36376,7.2602
36377,7.51
36378,7.386
36379,7.3372
36380,7.7281
36381,7.4006
36382,7.6196
36383,7.6018
36384,7.9345
36385,8.8518
36386,7.512
36387,7.5471
36388,7.8088
36389,8.0901
36390,6.9509
36391,7.4973
36392,8.3114
36393,7.4746
36394,7.6041
36395,7.6982
36396,7.8164
36397,6.8131
36398,5.0985
36399,7.6337
36400,7.4716
36401,7.3954
36402,8.8518
36403,7.7473
36404,7.7045
36405,7.0421
36406,8.6688
36407,7.479
36408,8.1372
36409,8.0339
36410,8.8518
36411,7.5135
36412,7.3091
36413,7.4378
36414,7.5723
36415,5.6506
36416,7.8367
36417,8.2285
36418,5.0985
36419,7.5848
36420,7.6919
36421,8.175
36422,7.8861
36423,7.2218
36424,8.8518
36425,8.2221
36426,8.0384
36427,7.5821
36428,8.0192
36429,8.6342
36430,7.5788
36431,7.4629
36432,9.118
36433,7.0508
36434,7.5009
36435,7.6168
36436,7.1772
36437,6.048
36438,7.6018
36439,7.1858
36440,8.4172
36441,7.9691
36442,7.5893
36443,8.0248
36444,7.0679
36445,8.001
36446,7.9015
36447,8.6688
36448,7.889
36449,8.2367
36450,8.26
36451,7.7607
36452,8.3125
36453,7.2602
36454,7.6256
36455,8.0254
36456,6.1674
36457,7.5644
36458,7.4791
36459,9.0017
36460,7.7085
36461,6.3486
36462,7.8245
36463,7.0959
36464,8.2728
36465,7.8675
36466,7.6158
36467,6.9509
36468,8.41
36469,7.386
36470,7.4985
36471,8.8518
36472,8.8518
36473,8.7248
36474,7.6018
36475,7.2115
36476,5.0985
36477,7.5925
36478,7.1772
36479,7.9729
36480,7.5471
36481,7.6043
36482,7.3968
36483,7.6344
36484,7.7147
36485,7.4562
36486,7.7953
36487,7.4362
36488,7.6467
36489,7.8584
36490,7.8314
36491,8.6688
36492,7.5848
36493,7.6937
36494,7.6937
36495,6.9532
36496,9.0017
36497,7.4629
36498,7.52
36499,7.9549
36500,5.9627
36501,7.8254
36502,7.8167
36503,7.7457
36504,7.5058
36505,7.5471
36506,7.703
36507,8.1602
36508,7.6018
36509,7.1682
36510,7.6265
36511,7.0015
36512,7.7967
36513,8.8518
36514,7.0848
36515,7.7435
36516,7.4727
36517,7.233
36518,7.5848
36519,7.8623
36520,7.2142
36521,7.6018
36522,7.6018
36523,7.2602
36524,7.8814
36525,7.738
36526,7.0718
36527,7.9006
36528,7.5247
36529,7.2602
36530,7.9244
36531,7.9015
36532,7.8144
36533,7.638
36534,7.7604
36535,7.3566
36536,7.5231
36537,6.4482
36538,7.0505
36539,7.6086
36540,7.4642
36541,7.9245
36542,7.7378
36543,8.122
36544,8.6161
36545,7.5851
36546,7.9532
36547,7.6018
36548,7.5848
36549,8.8518
36550,7.3566
36551,7.075
36552,7.3566
36553,8.3163
36554,7.5471
36555,8.2316
36556,7.4534
36557,9.3089
36558,7.6018
36559,7.5077
36560,7.566
36561,7.7626
36562,7.4946
36563,8.2097
36564,7.8706
36565,7.7281
36566,8.8518
36567,7.2386
36568,7.4647
36569,7.4144
36570,7.638
36571,7.4985
36572,8.8518
36573,7.499
36574,7.6002
36575,7.3866
36576,7.6041
36577,8.3756
36578,7.5956
36579,8.8448
36580,7.5263
36581,7.5306
36582,7.9743
36583,8.2382
36584,7.7515
36585,7.8198
36586,7.1681
36587,7.537
36588,7.1792
36589,7.5392
36590,7.6991
36591,7.9386
36592,7.149
36593,7.7846
36594,8.2115
36595,7.8648
36596,7.1099
36597,7.389
36598,5.1918
36599,7.802
36600,7.4225
36601,8.2569
36602,8.5463
36603,7.5303
36604,7.8142
36605,8.4431
36606,7.1682
36607,7.9219
36608,8.2257
36609,7.6018
36610,7.5911
36611,8.1062
36612,8.3607
36613,7.4794
36614,7.9902
36615,7.4105
36616,7.9532
36617,7.5109
36618,7.3985
36619,7.6018
36620,7.9238
36621,5.0985
36622,8.251
36623,7.5077
36624,8.0002
36625,7.7515
36626,7.5917
36627,7.5597
36628,7.4973
36629,7.6308
36630,7.5167
36631,7.8567
36632,7.6649
36633,7.5822
36634,7.6018
36635,7.5011
36636,8.1121
36637,7.7701
36638,7.8057
36639,8.1995
36640,7.5005
36641,8.3017
36642,7.821
36643,7.201
36644,9.0017
36645,7.876
36646,7.6018
36647,7.6121
36648,8.5373
36649,8.8518
36650,7.5505
36651,7.784
36652,7.4177
36653,7.6679
36654,7.638
36655,7.8569
36656,7.5883
36657,7.4562
36658,7.6326
36659,7.9003
36660,7.3566
36661,7.3653
36662,6.8752
36663,8.154
36664,7.2811
36665,9.2309
36666,7.8509
36667,7.7777
36668,7.5199
36669,7.3899
36670,7.9906
36671,5.6506
36672,7.9006
36673,7.7231
36674,7.6018
36675,7.5714
36676,7.8837
36677,7.7633
36678,7.4469
36679,6.6372
36680,8.0797
36681,7.6018
36682,8.3029
36683,7.5786
36684,7.8862
36685,8.8518
36686,7.9804
36687,8.1841
36688,7.8679
36689,5.0985
36690,7.5015
36691,7.6682
36692,8.319
36693,8.2904
36694,7.638
36695,7.4693
36696,7.2982
36697,7.7345
36698,9.0017
36699,7.1509
36700,7.8254
36701,7.4562
36702,7.9676
36703,7.5318
36704,7.5236
36705,7.2602
36706,8.1509
36707,7.3723
36708,7.6716
36709,7.7009
36710,7.3163
36711,7.4378
36712,8.0012
36713,7.2633
36714,7.0776
36715,7.9016
36716,7.7447
36717,7.5006
36718,7.9138
36719,7.6186
36720,7.103
36721,9.0922
36722,7.8346
36723,8.1339
36724,7.6
36725,8.2744
36726,7.4985
36727,7.4845
36728,7.2182
36729,7.6425
36730,8.2072
36731,7.4562
36732,7.386
36733,7.394
36734,6.4604
36735,7.1569
36736,6.787
36737,7.4185
36738,7.7809
36739,7.1161
36740,6.9277
36741,7.5401
36742,7.656
36743,7.8998
36744,7.539
36745,8.0783
36746,7.6002
36747,7.5867
36748,7.9877
36749,7.6018
36750,7.7069
36751,7.4928
36752,7.3248
36753,7.5848
36754,8.3167
36755,7.9182
36756,7.3127
36757,7.5848
36758,7.4511
36759,7.933
36760,9.0017
36761,7.5015
36762,8.8518
36763,7.638
36764,6.1809
36765,7.7789
36766,7.4909
36767,7.619
36768,7.5538
36769,7.1828
36770,7.8198
36771,7.3472
36772,7.5806
36773,7.8007
36774,7.6018
36775,9.1484
36776,7.1083
36777,8.3177
36778,7.2157
36779,7.5301
36780,9.118
36781,8.8518
36782,7.2363
36783,7.505
36784,7.8396
36785,8.151
36786,7.6678
36787,7.2389
36788,8.2449
36789,8.1521
36790,7.5597
36791,7.5474
36792,7.4081
36793,7.7923
36794,5.9627
36795,7.5848
36796,5.0985
36797,8.5394
36798,5.1918
36799,7.477
36800,7.7668
36801,9.3089
36802,7.6018
36803,7.5015
36804,7.5848
36805,7.4818
36806,7.7866
36807,7.3566
36808,7.6767
36809,7.5273
36810,8.8518
36811,7.9182
36812,8.0769
36813,8.4012
36814,7.4679
36815,8.7296
36816,8.3246
36817,7.4012
36818,7.6051
36819,7.5471
36820,8.2343
36821,7.3556
36822,8.0201
36823,7.3738
36824,7.9878
36825,7.7289
36826,5.0985
36827,7.4661
36828,7.8619
36829,8.458
36830,7.5083
36831,7.9318
36832,7.7428
36833,7.5285
36834,8.1242
36835,7.509
36836,5.1918
36837,7.6066
36838,7.6018
36839,7.7245
36840,7.4368
36841,7.0463
36842,7.2602
36843,8.0424
36844,7.4562
36845,7.8722
36846,7.502
36847,7.1682
36848,8.1218
36849,7.9088
36850,7.8744
36851,7.638
36852,7.9877
36853,7.1937
36854,7.6263
36855,7.2161
36856,7.5011
36857,7.6294
36858,9.3089
36859,8.4065
36860,5.0985
36861,5.4669
36862,8.3017
36863,7.9796
36864,7.3683
36865,8.0377
36866,7.6931
36867,7.4679
36868,7.6987
36869,7.287
36870,7.5721
36871,8.0448
36872,7.6018
36873,7.4012
36874,5.0985
36875,7.8036
36876,8.048
36877,7.4503
36878,8.6688
36879,7.512
36880,7.5339
36881,8.3803
36882,7.394
36883,8.2509
36884,7.6354
36885,7.2115
36886,7.9744
36887,7.8935
36888,7.5954
36889,7.297
36890,8.3279
36891,7.621
36892,7.4867
36893,7.6138
36894,8.0456
36895,7.9854
36896,7.82
36897,7.4755
36898,7.9618
36899,7.6466
36900,7.7209
36901,8.5197
36902,8.1281
36903,8.0371
36904,7.7781
36905,8.8518
36906,7.2511
36907,7.4001
36908,8.0015
36909,7.5006
36910,7.5097
36911,7.1162
36912,7.5077
36913,8.0602
36914,7.9878
36915,7.9285
36916,7.5077
36917,9.0017
36918,7.6018
36919,7.4036
36920,8.3194
36921,7.5595
36922,7.5768
36923,7.2566
36924,7.462
36925,7.511
36926,7.8204
36927,7.52
36928,8.3472
36929,8.2655
36930,7.9454
36931,7.6018
36932,7.6729
36933,8.3509
36934,7.9877
36935,7.6234
36936,7.6018
36937,7.9415
36938,7.4735
36939,7.458
36940,8.1541
36941,7.7723
36942,7.7503
36943,6.9174
36944,7.4317
36945,7.7818
36946,8.6321
36947,7.8978
36948,7.5077
36949,7.6679
36950,7.3607
36951,7.5427
36952,7.7091
36953,7.662
36954,7.5471
36955,7.3749
36956,7.2602
36957,7.6018
36958,6.7445
36959,7.2012
36960,7.6303
36961,8.0315
36962,7.6297
36963,8.693
36964,7.1772
36965,8.2183
36966,7.8191
36967,7.491
36968,7.0463
36969,7.5471
36970,7.2993
36971,8.1263
36972,8.3075
36973,7.4155
36974,7.4629
36975,7.3255
36976,7.6149
36977,7.8807
36978,7.5302
36979,7.7156
36980,8.3868
36981,7.7289
36982,7.5077
36983,7.8574
36984,7.5236
36985,7.5417
36986,7.5956
36987,7.2602
36988,7.3129
36989,7.991
36990,7.6517
36991,7.3348
36992,7.9064
36993,8.3358
36994,7.8423
36995,8.8518
36996,8.3321
36997,7.5698
36998,8.6688
36999,7.2402
37000,8.2007
37001,7.6018
37002,7.3863
37003,8.1697
37004,6.9851
37005,7.6792
37006,7.6018
37007,7.0003
37008,8.1198
37009,7.8348
37010,7.6263
37011,7.2015
37012,8.1394
37013,7.7363
37014,8.6208
37015,8.1136
37016,8.5011
37017,7.7647
37018,6.9504
37019,7.7872
37020,7.5471
37021,6.8584
37022,8.8518
37023,7.2974
37024,7.7045
37025,7.1345
37026,7.6628
37027,7.8155
37028,7.1287
37029,7.7321
37030,7.615
37031,5.6506
37032,7.1009
37033,7.6493
37034,9.0922
37035,8.5945
37036,7.0444
37037,7.738
37038,8.2229
37039,7.5188
37040,7.4522
37041,9.0017
37042,8.3167
37043,8.1995
37044,7.9151
37045,8.0381
37046,7.8035
37047,7.501
37048,7.5838
37049,7.8983
37050,8.2241
37051,7.0013
37052,8.1856
37053,8.1009
37054,8.1641
37055,7.8831
37056,7.5471
37057,9.1057
37058,7.9245
37059,7.5866
37060,7.3572
37061,7.5907
37062,7.8341
37063,6.1672
37064,7.6018
37065,7.5956
37066,8.8518
37067,7.7289
37068,7.3234
37069,7.4324
37070,7.5928
37071,7.0311
37072,8.0636
37073,7.3653
37074,7.6168
37075,7.0236
37076,8.1408
37077,7.5058
37078,7.9245
37079,7.788
37080,7.653
37081,7.9299
37082,7.4888
37083,7.9223
37084,7.5539
37085,5.0985
37086,8.8518
37087,8.8777
37088,8.7302
37089,8.4534
37090,7.6018
37091,9.0001
37092,7.4806
37093,7.5046
37094,6.8212
37095,7.738
37096,7.5894
37097,7.3808
37098,8.8518
37099,7.4056
37100,7.8591
37101,7.2602
37102,9.3089
37103,9.2319
37104,8.175
37105,7.7364
37106,7.73
37107,7.7077
37108,5.0985
37109,8.2061
37110,7.7549
37111,7.6168
37112,8.1683
37113,7.5891
37114,7.3127
37115,7.7196
37116,7.6486
37117,7.8155
37118,8.7876
37119,7.9957
37120,7.3523
37121,7.5799
37122,7.8517
37123,7.3348
37124,6.9245
37125,7.9082
37126,9.2309
37127,6.9509
37128,7.3983
37129,7.9431
37130,7.8012
37131,7.1441
37132,8.1358
37133,7.6076
37134,8.135
37135,8.0783
37136,7.638
37137,7.744
37138,5.6506
37139,7.787
37140,7.354
37141,6.3686
37142,8.8518
37143,7.843
37144,7.1826
37145,6.0091
37146,7.5471
37147,6.4419
37148,7.5058
37149,7.2235
37150,7.7043
37151,7.5471
37152,7.4144
37153,8.8518
37154,6.8843
37155,7.7012
37156,7.5949
37157,8.2836
37158,7.7152
37159,7.6018
37160,7.8547
37161,8.8518
37162,7.8604
37163,7.7748
37164,8.8518
37165,7.4946
37166,7.0994
37167,7.7023
37168,7.5471
37169,7.8756
37170,7.5894
37171,7.2602
37172,7.2694
37173,7.7277
37174,7.7506
37175,6.2119
37176,7.1955
37177,7.6002
37178,8.8518
37179,7.8907
37180,7.504
37181,7.9509
37182,7.6018
37183,7.1826
37184,6.9731
37185,7.5229
37186,7.5654
37187,7.9065
37188,7.7517
37189,7.3566
37190,7.3345
37191,7.5398
37192,6.8909
37193,7.6266
37194,7.8302
37195,8.8518
37196,7.458
37197,8.0008
37198,8.2449
37199,7.051
37200,9.3089
37201,7.3367
37202,7.4316
37203,7.1886
37204,7.8389
37205,7.537
37206,7.2602
37207,7.1683
37208,7.5077
37209,8.6396
37210,7.4771
37211,7.6018
37212,8.1357
37213,7.2952
37214,8.6089
37215,8.5007
37216,7.1252
37217,7.5415
37218,7.6679
37219,8.0123
37220,7.9939
37221,7.826
37222,5.0985
37223,8.8518
37224,7.4311
37225,7.5167
37226,6.8172
37227,7.5471
37228,7.7345
37229,7.2028
37230,8.175
37231,7.7431
37232,7.3597
37233,8.0295
37234,8.2904
37235,7.2695
37236,7.7378
37237,7.6018
37238,7.3904
37239,8.3899
37240,7.2602
37241,7.9822
37242,8.1224
37243,7.8899
37244,8.6688
37245,7.8136
37246,7.9633
37247,8.4267
37248,7.516
37249,7.5077
37250,6.9532
37251,5.6095
37252,7.6682
37253,7.6263
37254,7.7289
37255,7.7125
37256,6.3883
37257,7.9123
37258,7.6569
37259,7.7028
37260,8.8518
37261,7.3761
37262,8.8518
37263,7.3174
37264,8.1775
37265,7.7628
37266,7.4006
37267,7.8896
37268,7.1521
37269,7.8393
37270,9.3089
37271,8.8518
37272,7.66
37273,7.6018
37274,8.0512
37275,7.7578
37276,7.1606
37277,7.7121
37278,8.478
37279,7.8136
37280,7.7194
37281,7.8957
37282,7.6018
37283,7.4603
37284,8.164
37285,7.2602
37286,7.3516
37287,8.8518
37288,7.6526
37289,7.7663
37290,8.3757
37291,7.5566
37292,7.3343
37293,7.2509
37294,8.1534
37295,7.3653
37296,7.5727
37297,7.4623
37298,8.8518
37299,8.2152
37300,7.8198
37301,7.4788
37302,7.8551
37303,9.0017
37304,7.6417
37305,8.2012
37306,5.0985
37307,7.3494
37308,7.4705
37309,7.8728
37310,7.7526
37311,5.6506
37312,8.0528
37313,6.5328
37314,5.6506
37315,7.7485
37316,7.2602
37317,7.0679
37318,7.5527
37319,7.2624
37320,8.0498
37321,7.6505
37322,6.8394
37323,7.3582
37324,7.3509
37325,8.0
37326,8.2913
37327,7.4738
37328,7.2621
37329,7.6682
37330,7.2602
37331,7.3851
37332,7.5423
37333,7.7648
37334,7.2227
37335,7.5452
37336,7.9063
37337,5.0985
37338,7.2668
37339,8.1117
37340,7.3307
37341,8.1198
37342,7.7011
37343,5.6506
37344,7.6401
37345,7.8348
37346,7.3653
37347,7.1359
37348,7.9599
37349,7.6218
37350,7.7064
37351,7.587
37352,8.3717
37353,8.2363
37354,6.9277
37355,7.565
37356,7.6018
37357,7.8288
37358,7.9291
37359,7.3724
37360,7.9562
37361,8.274
37362,7.8198
37363,7.2602
37364,7.5505
37365,7.6018
37366,8.2343
37367,7.2602
37368,7.9156
37369,7.6238
37370,5.0985
37371,7.0845
37372,7.6937
37373,8.7708
37374,6.9277
37375,7.5274
37376,7.2602
37377,7.1455
37378,7.6332
37379,7.6303
37380,8.0482
37381,7.9483
37382,7.405
37383,8.2449
37384,7.4491
37385,7.4538
37386,7.0518
37387,7.3861
37388,7.4036
37389,7.2602
37390,7.6339
37391,8.8518
37392,7.6018
37393,7.7016
37394,7.8379
37395,7.6407
37396,7.4423
37397,7.5922
37398,7.364
37399,7.5167
37400,5.9172
37401,8.6303
37402,7.5167
37403,7.7315
37404,7.2617
37405,8.1677
37406,8.2449
37407,8.4547
37408,8.1009
37409,7.4052
37410,7.5846
37411,7.2377
37412,7.0636
37413,7.3924
37414,7.3852
37415,7.7393
37416,8.4128
37417,7.7289
37418,6.2156
37419,8.6688
37420,7.2426
37421,7.9194
37422,7.9065
37423,7.677
37424,7.4386
37425,7.7189
37426,8.412
37427,7.1573
37428,7.7706
37429,7.418
37430,7.3066
37431,7.726
37432,7.7434
37433,7.2287
37434,7.7515
37435,7.6568
37436,7.821
37437,7.072
37438,7.6018
37439,7.7515
37440,8.8518
37441,7.39
37442,7.9103
37443,8.0679
37444,7.855
37445,8.0014
37446,7.5956
37447,6.8826
37448,7.7325
37449,7.2602
37450,7.689
37451,7.8367
37452,8.8518
37453,8.2097
37454,7.7663
37455,7.3163
37456,7.1509
37457,7.8598
37458,7.8029
37459,8.0713
37460,7.4526
37461,7.8065
37462,7.4957
37463,8.2722
37464,7.5956
37465,7.3582
37466,7.5691
37467,6.6078
37468,7.6263
37469,8.8518
37470,7.1195
37471,7.4141
37472,7.9755
37473,7.3436
37474,7.5889
37475,7.6018
37476,7.7281
37477,5.6506
37478,7.3368
37479,7.0769
37480,8.9607
37481,8.2194
37482,7.5774
37483,7.6263
37484,7.6306
37485,7.5006
37486,7.6451
37487,7.4028
37488,8.2239
37489,7.5925
37490,6.4423
37491,7.0762
37492,7.5013
37493,7.5819
37494,8.8518
37495,7.421
37496,7.4409
37497,8.0006
37498,7.6256
37499,7.8328
37500,8.8518
37501,7.4629
37502,7.5055
37503,7.4827
37504,7.9123
37505,7.4299
37506,6.8133
37507,7.4728
37508,7.6817
37509,8.175
37510,7.127
37511,7.6263
37512,7.3336
37513,7.6175
37514,7.8523
37515,6.8372
37516,7.6932
37517,8.0522
37518,5.0985
37519,7.43
37520,8.1521
37521,6.3
37522,8.6509
37523,7.8178
37524,8.9417
37525,7.2408
37526,7.8198
37527,7.8679
37528,7.6018
37529,8.6688
37530,7.7692
37531,7.6012
37532,7.1521
37533,7.4633
37534,8.1634
37535,8.1552
37536,7.6493
37537,7.9627
37538,8.8518
37539,7.6717
37540,7.6261
37541,7.5056
37542,7.8367
37543,7.566
37544,7.6242
37545,7.5305
37546,7.1095
37547,8.6688
37548,7.9605
37549,7.7765
37550,7.7347
37551,7.5365
37552,6.7378
37553,7.6018
37554,7.6782
37555,7.4679
37556,7.8017
37557,6.8752
37558,7.5836
37559,7.2602
37560,7.6
37561,7.638
37562,7.962
37563,7.3508
37564,7.9321
37565,8.0011
37566,7.566
37567,6.7246
37568,7.3107
37569,7.6018
37570,7.8656
37571,7.9593
37572,8.2449
37573,7.3851
37574,9.0017
37575,7.8341
37576,8.6168
37577,7.2602
37578,7.5969
37579,6.7837
37580,7.869
37581,7.0005
37582,7.5682
37583,7.7723
37584,7.5237
37585,8.8518
37586,6.8424
37587,7.4436
37588,7.7769
37589,5.6506
37590,7.9203
37591,5.0985
37592,7.8137
37593,6.4281
37594,7.6168
37595,7.2602
37596,7.2602
37597,8.6688
37598,7.5305
37599,7.525
37600,7.9019
37601,7.7156
37602,7.638
37603,5.0985
37604,7.5473
37605,7.4946
37606,9.0017
37607,8.6989
37608,6.787
37609,7.0448
37610,7.8198
37611,7.4777
37612,8.1273
37613,5.0985
37614,7.5466
37615,7.7162
37616,7.2433
37617,7.3653
37618,7.7515
37619,5.0985
37620,7.5643
37621,7.5727
37622,7.2602
37623,7.6018
37624,7.6765
37625,7.4484
37626,8.2389
37627,8.1435
37628,7.9819
37629,7.3808
37630,7.9878
37631,7.75
37632,7.9397
37633,8.4948
37634,5.6214
37635,8.1728
37636,7.4902
37637,7.1588
37638,6.7784
37639,7.8814
37640,7.624
37641,7.7222
37642,7.3348
37643,7.7141
37644,8.8518
37645,7.8998
37646,7.6441
37647,7.6686
37648,7.8397
37649,7.6767
37650,8.1552
37651,7.2798
37652,7.6531
37653,7.8075
37654,8.018
37655,7.4746
37656,7.5594
37657,7.525
37658,7.8464
37659,7.638
37660,7.7098
37661,7.3845
37662,9.3777
37663,9.0922
37664,7.8814
37665,7.9947
37666,8.1327
37667,7.7924
37668,7.8844
37669,7.3653
37670,7.8198
37671,7.8198
37672,7.5011
37673,8.1198
37674,8.1521
37675,8.8518
37676,7.2602
37677,7.7043
37678,7.6018
37679,7.6775
37680,7.5011
37681,7.2241
37682,7.8096
37683,7.4978
37684,8.4534
37685,8.1907
37686,8.042
37687,7.7303
37688,7.6007
37689,7.9177
37690,5.6506
37691,8.0679
37692,7.243
37693,7.1251
37694,7.8198
37695,7.3862
37696,8.2512
37697,8.0504
37698,7.7156
37699,7.6855
37700,7.4119
37701,7.1072
37702,7.6018
37703,8.1625
37704,7.3985
37705,7.7084
37706,7.6018
37707,8.2904
37708,8.7503
37709,7.7101
37710,7.3566
37711,6.7281
37712,7.2602
37713,8.3877
37714,7.5345
37715,8.4431
37716,7.787
37717,7.7923
37718,7.6441
37719,7.6525
37720,7.0783
37721,8.0448
37722,7.3127
37723,7.5623
37724,7.6168
37725,7.6018
37726,7.638
37727,8.8518
37728,7.6713
37729,7.6018
37730,8.8518
37731,7.6018
37732,5.1918
37733,5.6506
37734,7.4826
37735,7.6018
37736,7.8348
37737,7.5848
37738,7.638
37739,8.5719
37740,7.4012
37741,8.1774
37742,7.6121
37743,7.5221
37744,7.3392
37745,8.3471
37746,7.6345
37747,7.4307
37748,9.0001
37749,8.3087
37750,7.7914
37751,7.3389
37752,7.287
37753,7.9573
37754,7.7289
37755,7.1063
37756,7.491
37757,7.7657
37758,7.5566
37759,7.5634
37760,7.7925
37761,7.9655
37762,7.386
37763,7.7515
37764,7.2798
37765,6.9499
37766,6.9385
37767,7.4641
37768,7.9182
37769,6.8212
37770,7.6322
37771,7.667
37772,7.2881
37773,8.4259
37774,7.5826
37775,8.8518
37776,7.8918
37777,7.309
37778,8.0731
37779,7.6018
37780,7.8317
37781,8.0437
37782,8.8518
37783,7.6959
37784,7.5939
37785,8.4431
37786,9.0017
37787,7.4062
37788,7.4716
37789,7.5345
37790,7.8807
37791,7.9206
37792,7.3824
37793,7.8374
37794,7.7289
37795,7.8651
37796,8.4229
37797,8.3899
37798,7.2921
37799,7.9017
37800,7.2636
37801,7.3653
37802,7.3135
37803,7.5274
37804,7.6018
37805,7.6149
37806,7.5135
37807,4.2874
37808,7.4209
37809,7.6018
37810,7.8198
37811,6.1372
37812,7.5677
37813,7.3653
37814,7.164
37815,7.7004
37816,7.4929
37817,8.354
37818,6.7147
37819,8.8518
37820,7.5077
37821,7.638
37822,8.1604
37823,7.7428
37824,7.2602
37825,8.6195
37826,7.2515
37827,7.344
37828,7.6018
37829,7.4413
37830,7.1834
37831,7.0147
37832,7.6244
37833,7.4386
37834,7.7064
37835,7.4045
37836,7.9878
37837,7.278
37838,7.6002
37839,5.0985
37840,7.9591
37841,7.6263
37842,7.6325
37843,7.8129
37844,7.3566
37845,8.2257
37846,7.845
37847,8.0742
37848,7.7151
37849,7.0633
37850,8.0009
37851,8.0015
37852,7.5077
37853,7.9532
37854,7.5011
37855,7.5471
37856,7.9017
37857,7.5925
37858,7.4006
37859,8.3109
37860,8.3196
37861,8.0941
37862,7.5077
37863,7.6018
37864,8.0641
37865,7.4182
37866,8.1995
37867,6.6807
37868,8.8518
37869,7.5679
37870,7.001
37871,7.5273
37872,7.9138
37873,8.8518
37874,9.4326
37875,8.1295
37876,7.6685
37877,7.5968
37878,7.6984
37879,8.1926
37880,7.5993
37881,7.3819
37882,8.4841
37883,8.1805
37884,7.386
37885,7.6347
37886,7.2602
37887,7.6489
37888,8.8518
37889,8.3009
37890,7.6834
37891,7.828
37892,7.2389
37893,8.8518
37894,8.9218
37895,6.907
37896,8.0109
37897,7.2092
37898,7.4548
37899,7.5566
37900,7.8756
37901,8.8518
37902,7.3653
37903,6.3338
37904,8.0135
37905,7.6167
37906,7.0299
37907,7.7613
37908,8.431
37909,5.9674
37910,7.1084
37911,7.8143
37912,7.8198
37913,7.6018
37914,7.8109
37915,7.3917
37916,7.7434
37917,7.6783
37918,7.3962
37919,6.8167
37920,7.6263
37921,7.5527
37922,5.1918
37923,8.1749
37924,7.6018
37925,7.2602
37926,7.2856
37927,5.9674
37928,7.6168
37929,7.8367
37930,7.7756
37931,8.6198
37932,7.9298
37933,8.2396
37934,7.4386
37935,6.6006
37936,7.4656
37937,7.4807
37938,8.0875
37939,7.5746
37940,7.4562
37941,7.6018
37942,7.5558
37943,7.233
37944,8.8697
37945,7.345
37946,7.5974
37947,8.2449
37948,7.1086
37949,7.8977
37950,7.638
37951,7.2602
37952,7.6559
37953,7.8619
37954,8.0012
37955,8.0641
37956,7.4573
37957,7.4309
37958,7.7917
37959,7.8949
37960,7.4245
37961,5.0985
37962,7.47
37963,7.5013
37964,8.1014
37965,7.3136
37966,7.4117
37967,5.1918
37968,6.8185
37969,6.4009
37970,7.6905
37971,7.3636
37972,8.431
37973,7.6788
37974,7.4693
37975,7.1966
37976,7.7546
37977,7.4036
37978,8.5273
37979,7.3653
37980,7.9391
37981,7.3566
37982,7.1913
37983,7.2945
37984,7.638
37985,7.638
37986,7.4473
37987,7.3213
37988,7.5723
37989,7.7415
37990,7.8949
37991,7.4423
37992,7.5471
37993,6.5005
37994,7.0007
37995,7.3491
37996,7.6957
37997,7.3019
37998,7.6616
37999,8.8518
38000,7.3387
38001,8.5665
38002,7.4002
38003,7.0727
38004,8.0002
38005,7.7138
38006,8.2904
38007,7.9281
38008,7.6168
38009,6.479
38010,7.6885
38011,7.6149
38012,7.0013
38013,7.0848
38014,5.9339
38015,7.7515
38016,7.6786
38017,9.3089
38018,7.8785
38019,7.4994
38020,7.7635
38021,8.382
38022,7.5295
38023,8.2931
38024,7.8635
38025,7.6018
38026,7.5539
38027,7.5848
38028,8.4738
38029,7.0727
38030,8.5902
38031,8.8518
38032,7.7995
38033,6.55
38034,8.0007
38035,6.8172
38036,7.0011
38037,7.6018
38038,7.7154
38039,8.2897
38040,7.3179
38041,9.0017
38042,8.0353
38043,7.4622
38044,7.6886
38045,8.8518
38046,7.4182
38047,7.8652
38048,7.6534
38049,8.2501
38050,7.638
38051,7.4769
38052,6.0729
38053,7.5471
38054,7.1649
38055,7.0011
38056,7.3807
38057,7.8197
38058,5.1918
38059,8.1357
38060,7.6263
38061,7.7113
38062,8.6688
38063,8.431
38064,7.4985
38065,7.6018
38066,7.3407
38067,5.0985
38068,7.6012
38069,7.8696
38070,7.8466
38071,7.3079
38072,7.7113
38073,5.6506
38074,7.5471
38075,8.3009
38076,8.3717
38077,7.344
38078,7.5077
38079,8.0961
38080,7.9867
38081,7.4184
38082,7.6614
38083,7.3597
38084,7.6018
38085,7.2078
38086,7.6303
38087,7.6018
38088,7.5016
38089,8.8518
38090,7.4182
38091,7.6015
38092,9.4547
38093,7.7424
38094,7.6263
38095,7.4182
38096,7.5893
38097,7.0536
38098,7.2389
38099,7.5003
38100,7.4304
38101,7.3914
38102,7.6433
38103,8.8518
38104,7.2602
38105,7.2602
38106,7.0574
38107,7.7289
38108,8.2951
38109,7.4299
38110,6.7784
38111,7.7639
38112,7.3566
38113,7.4975
38114,8.0268
38115,7.5842
38116,7.1772
38117,7.638
38118,7.9299
38119,8.8518
38120,7.7149
38121,7.6018
38122,7.5622
38123,7.5672
38124,7.127
38125,7.4606
38126,7.6263
38127,7.9038
38128,7.3696
38129,7.3233
38130,7.5303
38131,7.4795
38132,7.9607
38133,8.1292
38134,7.5345
38135,7.6018
38136,8.0536
38137,6.0091
38138,8.1641
38139,8.165
38140,6.5866
38141,7.3313
38142,7.5727
38143,7.6767
38144,8.3105
38145,8.0009
38146,7.2602
38147,7.6682
38148,7.6395
38149,7.5892
38150,7.5854
38151,7.5869
38152,7.7156
38153,7.5221
38154,7.8222
38155,9.4326
38156,6.9299
38157,7.9059
38158,6.7156
38159,8.8518
38160,8.0209
38161,7.3566
38162,7.7812
38163,9.4547
38164,7.3061
38165,7.2602
38166,7.2012
38167,7.4562
38168,8.8518
38169,7.6682
38170,7.9558
38171,7.1118
38172,9.0017
38173,7.4562
38174,8.1767
38175,8.2384
38176,7.7603
38177,7.5077
38178,7.9138
38179,8.4431
38180,7.5345
38181,7.2602
38182,7.9878
38183,7.5848
38184,7.6018
38185,7.5856
38186,6.4009
38187,8.8523
38188,7.3393
38189,7.6601
38190,7.5892
38191,7.8384
38192,7.7552
38193,7.5879
38194,7.5058
38195,7.4008
38196,7.7984
38197,7.8699
38198,7.3167
38199,7.4099
38200,7.4813
38201,7.5779
38202,7.638
38203,7.2142
38204,7.9311
38205,7.3745
38206,7.5015
38207,8.9003
38208,7.6018
38209,7.7515
38210,7.7156
38211,7.6018
38212,4.2874
38213,8.8518
38214,7.7525
38215,7.6146
38216,9.0922
38217,7.6018
38218,7.5799
38219,7.4307
38220,7.6012
38221,8.1259
38222,7.2975
38223,7.2427
38224,8.1349
38225,7.4196
38226,7.595
38227,8.0015
38228,7.5228
38229,8.0013
38230,9.0922
38231,7.8862
38232,8.8518
38233,7.6263
38234,7.5527
38235,7.5688
38236,7.0649
38237,7.2209
38238,7.5015
38239,6.6372
38240,7.7797
38241,7.6682
38242,8.1774
38243,8.4259
38244,7.3091
38245,7.6018
38246,7.8198
38247,7.9583
38248,7.8034
38249,8.0932
38250,7.9707
38251,8.8518
38252,6.7249
38253,7.8362
38254,7.5969
38255,7.7156
38256,7.6083
38257,7.3653
38258,7.54
38259,7.54
38260,7.6233
38261,7.6018
38262,8.8518
38263,7.3235
38264,8.546
38265,7.6931
38266,8.1327
38267,7.2602
38268,7.5654
38269,6.8475
38270,7.6018
38271,8.1393
38272,7.4946
38273,7.6959
38274,7.7445
38275,7.6274
38276,7.8807
38277,7.0679
38278,7.6683
38279,7.7289
38280,7.0111
38281,7.6675
38282,7.2602
38283,8.0611
38284,7.529
38285,8.3358
38286,8.3223
38287,8.3486
38288,7.3566
38289,7.5475
38290,5.5368
38291,7.8833
38292,8.3397
38293,7.2602
38294,7.627
38295,7.5395
38296,7.5322
38297,7.5304
38298,7.7296
38299,7.5647
38300,7.3564
38301,7.1509
38302,7.9611
38303,6.793
38304,6.5345
38305,7.4026
38306,7.921
38307,7.5077
38308,7.54
38309,7.6371
38310,8.1441
38311,7.004
38312,7.4629
38313,6.3682
38314,7.2602
38315,7.8834
38316,7.8035
38317,7.6211
38318,7.3462
38319,8.4541
38320,7.7451
38321,6.4423
38322,7.4386
38323,7.7261
38324,7.8399
38325,8.9006
38326,8.0185
38327,7.4372
38328,6.8461
38329,6.8424
38330,8.3794
38331,7.9427
38332,7.4275
38333,7.6625
38334,7.6018
38335,7.6857
38336,8.308
38337,7.4791
38338,7.2616
38339,7.7781
38340,7.001
38341,8.0463
38342,8.3667
38343,7.6403
38344,7.9361
38345,7.5077
38346,8.3859
38347,8.0318
38348,7.4946
38349,7.5398
38350,8.0013
38351,7.5471
38352,7.6909
38353,7.6168
38354,7.8996
38355,7.7232
38356,7.8002
38357,8.4238
38358,7.6768
38359,7.6018
38360,7.5103
38361,7.3257
38362,7.679
38363,7.3884
38364,7.4629
38365,7.5458
38366,7.8727
38367,7.9636
38368,8.479
38369,7.5243
38370,7.7156
38371,7.6438
38372,7.7937
38373,7.3277
38374,7.4893
38375,8.01
38376,7.5243
38377,8.0022
38378,7.7219
38379,7.3566
38380,7.2363
38381,7.586
38382,7.2151
38383,7.3167
38384,4.2874
38385,7.5562
38386,6.8136
38387,7.8186
38388,7.9014
38389,6.7697
38390,7.6975
38391,7.6018
38392,7.8595
38393,7.6682
38394,7.5345
38395,7.2609
38396,7.2272
38397,8.3146
38398,7.8423
38399,6.8669
38400,7.4219
38401,7.7968
38402,7.4626
38403,7.5848
38404,7.4036
38405,7.4017
38406,9.3089
38407,7.787
38408,8.4009
38409,7.787
38410,7.4742
38411,7.8638
38412,7.5306
38413,7.6018
38414,7.1844
38415,7.6767
38416,8.1257
38417,8.1426
38418,7.6018
38419,5.7693
38420,7.462
38421,8.2449
38422,8.3029
38423,7.5077
38424,7.6407
38425,6.8843
38426,7.1886
38427,7.9354
38428,7.1207
38429,8.0051
38430,5.0985
38431,8.0674
38432,7.4675
38433,7.4407
38434,7.3091
38435,7.8198
38436,7.7689
38437,7.6597
38438,7.6012
38439,7.1187
38440,7.723
38441,7.4744
38442,8.0693
38443,7.4679
38444,7.3343
38445,7.8697
38446,8.154
38447,7.6018
38448,8.8518
38449,7.3509
38450,7.506
38451,7.4081
38452,7.6018
38453,8.0013
38454,6.5534
38455,7.75
38456,8.8523
38457,7.2602
38458,7.8872
38459,7.9674
38460,7.9878
38461,7.8283
38462,8.4238
38463,7.6018
38464,7.9182
38465,7.6018
38466,7.5195
38467,7.3343
38468,6.9724
38469,7.6018
38470,7.77
38471,7.6018
38472,7.8045
38473,7.7515
38474,7.8619
38475,7.3195
38476,7.765
38477,8.8518
38478,8.4292
38479,6.8388
38480,7.6455
38481,7.3761
38482,8.6956
38483,7.325
38484,7.8099
38485,7.8341
38486,8.8518
38487,8.0336
38488,6.9381
38489,7.5819
38490,8.2821
38491,7.3701
38492,7.4562
38493,7.5539
38494,8.175
38495,7.7045
38496,7.5998
38497,7.2602
38498,8.1327
38499,7.3773
38500,7.6018
38501,6.8269
38502,7.3653
38503,7.9304
38504,7.4383
38505,5.0985
38506,7.1161
38507,9.2309
38508,7.3653
38509,7.9422
38510,7.8489
38511,7.7261
38512,8.5202
38513,7.7917
38514,7.7403
38515,7.5639
38516,7.5077
38517,7.6018
38518,7.8761
38519,7.7954
38520,5.0985
38521,8.135
38522,7.54
38523,8.1345
38524,7.8582
38525,7.9112
38526,7.4036
38527,5.0985
38528,7.638
38529,7.4741
38530,7.6114
38531,7.3136
38532,6.7348
38533,6.9003
38534,7.6769
38535,7.386
38536,7.5636
38537,7.4741
38538,7.6018
38539,5.6506
38540,7.6763
38541,7.6588
38542,7.0877
38543,7.3348
38544,8.1323
38545,9.3089
38546,8.364
38547,6.7937
38548,7.9807
38549,7.8619
38550,7.3564
38551,8.0892
38552,5.9674
38553,7.4554
38554,7.5471
38555,7.6723
38556,7.9309
38557,7.8869
38558,7.6018
38559,7.6018
38560,8.1552
38561,7.6767
38562,6.5636
38563,7.0566
38564,6.703
38565,7.5548
38566,7.6018
38567,5.0985
38568,7.7289
38569,7.2007
38570,8.2765
38571,7.874
38572,8.2239
38573,7.806
38574,7.7764
38575,7.6973
38576,7.6105
38577,7.5077
38578,7.5956
38579,7.9247
38580,7.844
38581,8.394
38582,7.6682
38583,7.7515
38584,7.8275
38585,8.2438
38586,7.8192
38587,7.6469
38588,8.2449
38589,5.6506
38590,8.3838
38591,8.6688
38592,7.4061
38593,7.6641
38594,7.3765
38595,7.7447
38596,7.6018
38597,7.5756
38598,7.7042
38599,8.2748
38600,7.1742
38601,8.3958
38602,8.2932
38603,7.8413
38604,6.3238
38605,7.7706
38606,7.5077
38607,7.638
38608,7.1674
38609,7.7607
38610,7.4769
38611,7.6018
38612,8.6989
38613,7.8584
38614,6.6584
38615,6.9552
38616,7.7093
38617,8.5016
38618,6.7784
38619,7.88
38620,6.8584
38621,7.1218
38622,7.9758
38623,8.0071
38624,7.9003
38625,8.5387
38626,7.7323
38627,7.574
38628,7.5561
38629,7.0444
38630,8.4352
38631,7.5471
38632,7.9523
38633,7.6018
38634,7.7289
38635,7.4562
38636,8.3474
38637,8.4431
38638,8.0834
38639,7.9864
38640,7.4105
38641,7.6679
38642,7.6444
38643,7.6018
38644,7.2145
38645,7.5535
38646,7.092
38647,8.0978
38648,7.5856
38649,9.2309
38650,7.4491
38651,8.8518
38652,8.4407
38653,7.5398
38654,7.9492
38655,5.0985
38656,7.7515
38657,7.4068
38658,7.8957
38659,7.8703
38660,7.8861
38661,7.4194
38662,6.9103
38663,7.2602
38664,7.5077
38665,7.508
38666,7.5892
38667,7.6018
38668,7.6831
38669,7.7834
38670,7.6773
38671,9.0017
38672,7.9678
38673,7.0101
38674,7.5274
38675,7.9573
38676,7.0727
38677,7.2006
38678,8.2449
38679,7.3167
38680,8.8518
38681,7.6018
38682,7.5367
38683,7.901
38684,7.6018
38685,8.0351
38686,7.2602
38687,6.9207
38688,7.9245
38689,7.6011
38690,8.1006
38691,8.8404
38692,7.5925
38693,7.6544
38694,7.0003
38695,7.4644
38696,7.4946
38697,7.4245
38698,7.7394
38699,4.2874
38700,8.6109
38701,6.9854
38702,8.2904
38703,8.0337
38704,7.6018
38705,6.3686
38706,7.4725
38707,7.7492
38708,5.0985
38709,7.4562
38710,7.3653
38711,8.2125
38712,7.2599
38713,7.6606
38714,8.7296
38715,7.5077
38716,7.2705
38717,7.7828
38718,7.7567
38719,8.175
38720,7.6018
38721,7.0633
38722,7.5392
38723,7.5527
38724,7.8634
38725,7.8064
38726,7.9583
38727,7.3097
38728,7.8198
38729,7.7076
38730,7.3566
38731,7.2602
38732,9.0922
38733,7.638
38734,6.7784
38735,8.2229
38736,8.0075
38737,8.0834
38738,7.2924
38739,8.313
38740,7.1176
38741,7.7809
38742,7.8628
38743,7.4627
38744,7.7559
38745,7.9177
38746,7.6018
38747,7.8232
38748,7.6018
38749,8.1997
38750,6.9949
38751,7.7869
38752,7.6018
38753,7.1339
38754,7.6306
38755,7.6303
38756,7.6261
38757,7.9912
38758,7.7414
38759,7.5133
38760,7.4998
38761,7.8673
38762,6.9713
38763,7.3566
38764,8.0485
38765,8.8518
38766,6.2119
38767,7.2166
38768,7.1465
38769,7.6029
38770,7.7788
38771,8.1775
38772,7.8956
38773,7.5262
38774,8.4566
38775,7.4036
38776,8.244
38777,7.5077
38778,7.8198
38779,7.9743
38780,7.7261
38781,7.8935
38782,8.0407
38783,7.494
38784,7.4637
38785,7.7754
38786,7.5922
38787,7.8807
38788,8.4618
38789,7.7515
38790,7.6018
38791,7.3754
38792,7.8035
38793,7.6833
38794,7.287
38795,5.5368
38796,6.9523
38797,7.7648
38798,7.8807
38799,8.3358
38800,7.5008
38801,7.683
38802,8.076
38803,7.2311
38804,7.2602
38805,8.2237
38806,8.1505
38807,8.0725
38808,8.3017
38809,7.381
38810,6.5632
38811,6.8167
38812,6.945
38813,7.5848
38814,7.9107
38815,8.8518
38816,6.8757
38817,7.2691
38818,7.1251
38819,7.2296
38820,8.0679
38821,7.6578
38822,7.6768
38823,8.1854
38824,7.6806
38825,8.5004
38826,7.6868
38827,5.6506
38828,7.2012
38829,7.6665
38830,8.1595
38831,5.6506
38832,8.2867
38833,7.6831
38834,7.6801
38835,7.8411
38836,7.6018
38837,7.6018
38838,8.0005
38839,7.4226
38840,7.4629
38841,6.066
38842,7.559
38843,6.2998
38844,7.0514
38845,7.6172
38846,8.8518
38847,7.5787
38848,7.3807
38849,7.7818
38850,7.6151
38851,7.9267
38852,7.2155
38853,7.6332
38854,8.273
38855,7.682
38856,7.6018
38857,8.3698
38858,7.4946
38859,7.5032
38860,6.0091
38861,7.7232
38862,7.6795
38863,7.7919
38864,7.3566
38865,8.6723
38866,7.1772
38867,7.3925
38868,7.5012
38869,7.9878
38870,7.5345
38871,8.028
38872,7.6556
38873,8.3343
38874,8.3598
38875,7.0003
38876,7.3658
38877,7.5492
38878,7.7378
38879,7.5499
38880,7.8341
38881,8.389
38882,7.2602
38883,7.5427
38884,8.2257
38885,7.5727
38886,7.9184
38887,8.0641
38888,7.8253
38889,7.882
38890,7.1499
38891,7.676
38892,7.8367
38893,7.3472
38894,7.8126
38895,8.5263
38896,8.3096
38897,7.2602
38898,7.54
38899,8.4108
38900,7.667
38901,7.233
38902,7.4182
38903,6.8567
38904,7.7724
38905,7.6018
38906,7.4184
38907,7.6931
38908,8.8518
38909,7.6018
38910,7.952
38911,7.0574
38912,7.4215
38913,8.3738
38914,7.3722
38915,7.1345
38916,7.3899
38917,7.7289
38918,9.0017
38919,7.4449
38920,8.311
38921,8.2449
38922,7.6018
38923,7.5398
38924,5.0985
38925,8.0097
38926,7.5305
38927,7.0917
38928,7.6018
38929,7.6738
38930,7.4679
38931,7.6051
38932,7.6932
38933,8.6688
38934,7.2398
38935,7.5379
38936,8.3758
38937,5.0985
38938,6.8679
38939,7.4895
38940,7.9636
38941,7.5685
38942,7.8027
38943,7.5788
38944,7.3547
38945,7.6018
38946,7.6018
38947,7.6008
38948,7.5013
38949,8.8518
38950,7.6114
38951,7.5918
38952,7.6018
38953,7.7984
38954,7.9058
38955,6.7884
38956,7.2918
38957,7.8847
38958,7.6445
38959,7.6265
38960,7.9333
38961,6.9174
38962,7.6126
38963,7.5015
38964,8.4378
38965,7.4377
38966,7.9532
38967,7.3198
38968,7.5281
38969,7.2602
38970,7.7595
38971,7.5471
38972,7.0485
38973,7.63
38974,7.1584
38975,7.4423
38976,9.2319
38977,7.6998
38978,7.3566
38979,7.7289
38980,7.233
38981,7.2616
38982,7.4
38983,7.7069
38984,7.6018
38985,7.6018
38986,7.6018
38987,7.2307
38988,7.275
38989,7.5128
38990,7.3976
38991,7.5846
38992,6.9299
38993,7.5844
38994,7.9878
38995,7.638
38996,7.2157
38997,6.5534
38998,7.8455
38999,7.5077
39000,8.1521
39001,7.6018
39002,7.5976
39003,7.3127
39004,7.1892
39005,7.8224
39006,6.3798
39007,6.8843
39008,8.0786
39009,6.7784
39010,7.417
39011,8.4245
39012,5.0985
39013,7.6018
39014,7.4562
39015,7.5527
39016,6.7607
39017,7.8529
39018,7.0967
39019,7.5471
39020,7.386
39021,7.5259
39022,7.9817
39023,8.2616
39024,8.6352
39025,8.6688
39026,7.2815
39027,7.9123
39028,7.638
39029,7.177
39030,7.7656
39031,7.7199
39032,7.2991
39033,7.2547
39034,7.9022
39035,7.8629
39036,7.3761
39037,8.3337
39038,7.5177
39039,8.175
39040,7.5449
39041,8.0257
39042,7.1844
39043,7.3639
39044,8.8494
39045,8.7296
39046,7.5925
39047,7.8469
39048,7.2695
39049,8.8518
39050,7.6018
39051,7.5077
39052,7.3036
39053,7.2194
39054,6.7809
39055,7.2995
39056,7.7712
39057,7.5015
39058,5.0985
39059,7.2602
39060,7.6018
39061,8.2449
39062,7.5822
39063,7.2602
39064,7.5434
39065,8.0007
39066,7.2332
39067,7.5058
39068,8.8518
39069,7.5773
39070,8.8518
39071,8.0608
39072,7.9233
39073,7.6387
39074,7.633
39075,7.7719
39076,7.2602
39077,7.6927
39078,7.5907
39079,7.7255
39080,8.8518
39081,7.8983
39082,7.3227
39083,8.5179
39084,7.4629
39085,7.5077
39086,7.7258
39087,7.193
39088,7.5386
39089,7.4817
39090,8.8518
39091,8.048
39092,7.9138
39093,7.6909
39094,8.6111
39095,8.7296
39096,5.0985
39097,7.6281
39098,7.5247
39099,6.0318
39100,6.8935
39101,7.6076
39102,8.3017
39103,8.0592
39104,6.3498
39105,7.6327
39106,8.1886
39107,8.5667
39108,8.3353
39109,7.2602
39110,7.5516
39111,7.54
39112,7.9895
39113,8.1775
39114,7.8679
39115,7.4538
39116,7.6051
39117,5.0985
39118,7.6018
39119,7.9683
39120,7.9345
39121,7.2602
39122,6.6886
39123,7.3863
39124,7.1901
39125,6.9702
39126,8.0303
39127,8.6688
39128,7.0683
39129,6.1809
39130,7.5015
39131,7.3414
39132,8.8518
39133,8.8523
39134,6.1809
39135,7.6232
39136,7.2602
39137,7.8142
39138,7.5943
39139,7.3653
39140,8.349
39141,7.3751
39142,8.8518
39143,7.6937
39144,7.638
39145,6.7326
39146,7.7743
39147,8.3017
39148,7.8006
39149,7.2104
39150,8.4012
39151,7.5471
39152,7.7954
39153,8.175
39154,7.4453
39155,6.8752
39156,7.4963
39157,7.5697
39158,8.3167
39159,5.1918
39160,6.7003
39161,7.4874
39162,7.4454
39163,8.193
39164,7.1754
39165,6.9345
39166,7.6682
39167,8.8518
39168,7.0009
39169,9.0017
39170,8.0783
39171,7.638
39172,7.5484
39173,7.2319
39174,7.4526
39175,7.3469
39176,7.7739
39177,7.5836
39178,6.9449
39179,7.9912
39180,7.9909
39181,7.6018
39182,8.059
39183,7.2602
39184,8.0013
39185,7.6782
39186,8.0978
39187,7.501
39188,8.0858
39189,7.3899
39190,7.4716
39191,7.7794
39192,7.8765
39193,7.7147
39194,7.5154
39195,8.1641
39196,7.5175
39197,7.8598
39198,7.638
39199,8.8518
39200,7.6703
39201,7.3948
39202,7.2602
39203,7.9138
39204,7.6018
39205,7.226
39206,8.1693
39207,7.3566
39208,7.6467
39209,7.0521
39210,8.0057
39211,7.5574
39212,8.105
39213,5.0985
39214,7.2629
39215,7.9573
39216,5.0985
39217,7.6393
39218,8.6989
39219,6.6692
39220,7.417
39221,6.8469
39222,7.464
39223,6.8407
39224,7.0914
39225,7.4629
39226,7.0574
39227,7.4235
39228,7.6933
39229,5.0985
39230,6.0089
39231,7.2851
39232,7.5451
39233,7.8318
39234,7.8022
39235,7.4514
39236,7.8279
39237,7.8469
39238,7.5261
39239,7.4598
39240,8.0646
39241,7.3523
39242,7.7436
39243,7.6168
39244,8.1926
39245,7.7667
39246,7.2885
39247,6.8584
39248,7.2679
39249,5.6506
39250,7.6672
39251,7.1308
39252,7.5956
39253,7.6018
39254,7.1782
39255,7.1202
39256,7.1754
39257,7.2975
39258,7.9613
39259,7.691
39260,7.5697
39261,7.5951
39262,8.0785
39263,7.8581
39264,7.3091
39265,7.5066
39266,7.9683
39267,8.2738
39268,6.7784
39269,8.8777
39270,8.2509
39271,8.0702
39272,7.4671
39273,7.5471
39274,7.8673
39275,6.6491
39276,7.2793
39277,8.7713
39278,7.9382
39279,7.6372
39280,7.7151
39281,7.5833
39282,8.1238
39283,7.3584
39284,8.3899
39285,7.4946
39286,8.1689
39287,8.3203
39288,7.1012
39289,8.4165
39290,7.3361
39291,7.6435
39292,7.6295
39293,7.2602
39294,7.5788
39295,7.6308
39296,7.3616
39297,7.4577
39298,7.8338
39299,7.2602
39300,7.5344
39301,7.5063
39302,7.4762
39303,7.4024
39304,7.2199
39305,8.1983
39306,7.9573
39307,7.6018
39308,7.4534
39309,7.8085
39310,9.0017
39311,5.0985
39312,7.6789
39313,8.7713
39314,7.4864
39315,7.6879
39316,5.0985
39317,7.4012
39318,7.6274
39319,7.9572
39320,8.8518
39321,7.3563
39322,8.5242
39323,7.6075
39324,7.5345
39325,7.4334
39326,7.566
39327,7.5848
39328,7.3761
39329,7.7533
39330,7.839
39331,7.4902
39332,7.6263
39333,8.2863
39334,6.8212
39335,7.1764
39336,7.537
39337,7.6018
39338,7.5636
39339,7.3612
39340,7.2602
39341,7.6385
39342,7.6886
39343,7.4746
39344,7.6263
39345,7.8607
39346,7.4299
39347,7.6532
39348,7.656
39349,6.8344
39350,4.2874
39351,7.4758
39352,7.9859
39353,7.5207
39354,8.1552
39355,7.537
39356,7.6931
39357,7.3348
39358,7.5015
39359,5.6506
39360,8.4431
39361,7.9966
39362,7.6343
39363,7.1435
39364,7.6481
39365,7.6018
39366,7.6018
39367,7.3147
39368,9.0001
39369,7.7682
39370,7.4789
39371,7.9343
39372,7.9722
39373,8.2407
39374,8.6688
39375,6.066
39376,7.4769
39377,7.3387
39378,6.9425
39379,7.8547
39380,7.4423
39381,5.1918
39382,7.6651
39383,8.4431
39384,9.3877
39385,7.5817
39386,7.2962
39387,7.8619
39388,7.1261
39389,8.0641
39390,7.6486
39391,8.1995
39392,8.5242
39393,7.5434
39394,7.3756
39395,7.9374
39396,7.4182
39397,5.1918
39398,9.3089
39399,7.5281
39400,7.1509
39401,7.6435
39402,7.9586
39403,7.3691
39404,7.0925
39405,7.1772
39406,8.0497
39407,7.4679
39408,7.3985
39409,7.8094
39410,7.8584
39411,6.7937
39412,7.5281
39413,6.8663
39414,6.869
39415,7.5069
39416,5.0985
39417,7.3963
39418,7.4179
39419,8.0443
39420,7.3342
39421,8.3495
39422,7.4245
39423,9.4326
39424,8.2257
39425,8.0012
39426,8.1995
39427,7.8761
39428,8.3272
39429,8.0561
39430,6.319
39431,7.2602
39432,7.7056
39433,8.4009
39434,5.0985
39435,6.8722
39436,9.2309
39437,7.6023
39438,6.7156
39439,7.8034
39440,7.8581
39441,7.5307
39442,7.7263
39443,7.5462
39444,7.3653
39445,7.8679
39446,7.6825
39447,6.6302
39448,7.2602
39449,7.1413
39450,7.6075
39451,7.2602
39452,6.6982
39453,7.2602
39454,7.386
39455,7.4021
39456,8.0783
39457,7.6018
39458,7.2504
39459,7.7857
39460,7.638
39461,8.2204
39462,6.9277
39463,7.9367
39464,7.3883
39465,7.2602
39466,7.5011
39467,8.2005
39468,6.8899
39469,7.6613
39470,7.6018
39471,7.6308
39472,7.7904
39473,7.5077
39474,7.5925
39475,7.4356
39476,7.5992
39477,7.1557
39478,7.9265
39479,7.7281
39480,7.4491
39481,4.2874
39482,7.6018
39483,7.7289
39484,6.7784
39485,7.6018
39486,7.0274
39487,6.9832
39488,7.7232
39489,7.6526
39490,7.6931
39491,8.5719
39492,7.9345
39493,7.9607
39494,7.2156
39495,7.9878
39496,7.3929
39497,7.3998
39498,8.1493
39499,7.9233
39500,7.5458
39501,7.5609
39502,9.0001
39503,7.7648
39504,7.5225
39505,7.3566
39506,8.0307
39507,7.7289
39508,7.3387
39509,7.3721
39510,7.6881
39511,7.4562
39512,7.3479
39513,6.8735
39514,9.3089
39515,7.5077
39516,7.6018
39517,8.6396
39518,7.9245
39519,4.2874
39520,8.1441
39521,7.0076
39522,7.6018
39523,8.621
39524,7.6044
39525,7.4423
39526,7.6431
39527,7.7449
39528,8.8777
39529,7.1955
39530,7.6056
39531,7.3509
39532,7.4836
39533,7.8949
39534,7.9738
39535,7.8975
39536,8.2306
39537,7.8198
39538,6.5005
39539,9.1484
39540,5.4897
39541,7.8983
39542,7.0718
39543,8.1913
39544,7.7515
39545,9.0922
39546,8.5933
39547,7.2654
39548,7.7648
39549,7.9878
39550,7.4292
39551,7.8941
39552,9.3089
39553,7.2717
39554,4.2874
39555,7.2602
39556,7.2115
39557,7.4639
39558,8.5828
39559,7.3584
39560,8.154
39561,7.7226
39562,7.0723
39563,8.2227
39564,8.0679
39565,7.3566
39566,7.3653
39567,7.2602
39568,7.3653
39569,6.0009
39570,7.3584
39571,7.2602
39572,7.6679
39573,7.93
39574,7.9275
39575,7.9796
39576,8.0006
39577,7.5848
39578,7.7434
39579,7.4712
39580,7.4763
39581,8.0365
39582,6.8843
39583,6.9449
39584,8.1192
39585,7.7176
39586,7.3944
39587,7.1772
39588,7.8475
39589,5.0985
39590,7.5516
39591,7.1722
39592,8.0882
39593,7.3985
39594,7.9661
39595,7.6018
39596,7.5109
39597,6.9913
39598,7.7514
39599,8.3794
39600,7.443
39601,7.3339
39602,7.1256
39603,7.815
39604,7.3511
39605,8.0679
39606,8.4431
39607,7.4573
39608,8.2116
39609,7.8036
39610,6.7784
39611,7.2766
39612,7.5471
39613,7.787
39614,7.9506
39615,8.8518
39616,7.5305
39617,7.7904
39618,7.8447
39619,7.8535
39620,7.3006
39621,8.073
39622,7.7289
39623,7.3978
39624,8.0505
39625,7.5851
39626,6.8414
39627,7.6018
39628,8.8518
39629,7.6193
39630,7.2379
39631,7.3341
39632,7.9503
39633,7.0463
39634,7.6485
39635,7.8449
39636,8.2872
39637,7.6682
39638,7.164
39639,7.8618
39640,7.6018
39641,7.0003
39642,7.5427
39643,7.5918
39644,6.8167
39645,7.3094
39646,7.1441
39647,7.6425
39648,7.5077
39649,8.0783
39650,8.175
39651,7.5691
39652,8.0012
39653,7.1881
39654,7.6393
39655,7.5609
39656,6.7091
39657,8.3017
39658,7.6139
39659,7.6677
39660,8.431
39661,7.656
39662,8.274
39663,7.6018
39664,7.5011
39665,7.638
39666,7.9266
39667,7.7572
39668,7.6018
39669,6.066
39670,8.8518
39671,7.6804
39672,8.1187
39673,7.6018
39674,8.0629
39675,8.1607
39676,7.233
39677,7.6938
39678,7.9488
39679,8.8518
39680,7.4446
39681,7.7404
39682,7.9266
39683,7.2316
39684,7.0783
39685,7.7289
39686,7.2602
39687,8.0343
39688,7.1455
39689,7.4885
39690,7.0009
39691,7.7482
39692,7.6952
39693,7.5077
39694,7.471
39695,7.2602
39696,7.8206
39697,6.1809
39698,7.54
39699,7.9624
39700,7.5015
39701,7.3231
39702,8.0819
39703,7.6018
39704,7.6142
39705,7.5077
39706,7.9557
39707,7.5424
39708,7.4351
39709,7.2798
39710,8.8518
39711,7.1792
39712,7.9661
39713,9.1484
39714,7.9332
39715,7.7706
39716,8.4087
39717,8.2235
39718,7.5636
39719,5.1918
39720,7.6018
39721,7.4491
39722,7.4423
39723,7.9326
39724,7.5398
39725,7.7164
39726,7.6018
39727,7.504
39728,7.2952
39729,7.5684
39730,7.5636
39731,8.2765
39732,7.5432
39733,7.7289
39734,5.6506
39735,7.655
39736,7.0256
39737,5.4897
39738,7.5305
39739,7.2408
39740,7.2602
39741,7.6018
39742,9.0017
39743,7.7675
39744,7.5027
39745,7.9393
39746,8.2007
39747,7.8785
39748,6.7091
39749,7.7144
39750,8.3232
39751,7.733
39752,5.0985
39753,7.6018
39754,7.4562
39755,8.1257
39756,7.6588
39757,8.2598
39758,7.6881
39759,7.0014
39760,9.2859
39761,7.8957
39762,8.0658
39763,7.6214
39764,9.3089
39765,7.3747
39766,7.4207
39767,7.9447
39768,8.0597
39769,8.1617
39770,7.469
39771,7.5471
39772,7.7515
39773,7.8847
39774,7.802
39775,8.5171
39776,7.4924
39777,7.5458
39778,8.4618
39779,7.3851
39780,6.5594
39781,6.8407
39782,8.3338
39783,7.5176
39784,7.827
39785,8.6936
39786,8.1544
39787,8.0325
39788,8.202
39789,7.5973
39790,7.2602
39791,7.5302
39792,8.1056
39793,7.8957
39794,8.175
39795,7.3566
39796,8.4399
39797,8.3301
39798,7.4497
39799,7.7867
39800,7.7843
39801,7.4475
39802,7.969
39803,7.8361
39804,6.793
39805,8.2511
39806,7.7648
39807,7.9285
39808,7.5848
39809,9.0017
39810,7.608
39811,6.8424
39812,7.1792
39813,7.6675
39814,8.1618
39815,7.6094
39816,6.8167
39817,8.4431
39818,8.2257
39819,7.3653
39820,8.1905
39821,8.6089
39822,7.4036
39823,7.836
39824,6.9299
39825,7.7149
39826,7.638
39827,7.5751
39828,7.9878
39829,8.032
39830,7.4823
39831,7.9912
39832,7.4182
39833,7.7244
39834,8.8518
39835,7.393
39836,7.7364
39837,7.6075
39838,8.1513
39839,7.8739
39840,7.9328
39841,7.6018
39842,7.6018
39843,7.2369
39844,7.283
39845,8.2437
39846,7.6159
39847,8.4503
39848,7.7399
39849,8.8518
39850,7.3566
39851,7.679
39852,7.6018
39853,7.6937
39854,7.6682
39855,8.1266
39856,9.0017
39857,6.7118
39858,7.6018
39859,7.4711
39860,7.668
39861,7.6018
39862,7.4957
39863,6.672
39864,7.638
39865,7.8429
39866,5.0985
39867,9.0001
39868,8.1372
39869,7.7526
39870,6.7509
39871,7.3738
39872,7.852
39873,7.4684
39874,7.4562
39875,7.4012
39876,7.5566
39877,8.3981
39878,8.2004
39879,6.9673
39880,8.8518
39881,7.8178
39882,7.7851
39883,7.6018
39884,7.2602
39885,7.1772
39886,7.9438
39887,8.1786
39888,7.6946
39889,7.3392
39890,7.5471
39891,7.2788
39892,5.6095
39893,7.8941
39894,7.2686
39895,5.0985
39896,7.164
39897,8.0783
39898,7.2002
39899,7.7904
39900,7.2602
39901,7.5935
39902,7.4
39903,7.3457
39904,8.4315
39905,7.1509
39906,7.7289
39907,7.6716
39908,7.7515
39909,7.853
39910,7.9148
39911,7.7425
39912,7.8198
39913,7.9047
39914,7.9878
39915,7.7864
39916,8.0464
39917,7.6
39918,8.3337
39919,7.8636
39920,7.9934
39921,7.422
39922,7.2602
39923,8.0913
39924,7.4119
39925,7.5142
39926,7.7574
39927,7.4686
39928,7.4961
39929,7.8171
39930,7.7196
39931,7.5748
39932,7.5603
39933,6.9449
39934,8.2295
39935,6.0318
39936,7.5413
39937,8.8518
39938,7.4791
39939,7.6263
39940,7.6018
39941,7.8438
39942,7.7947
39943,7.638
39944,8.2174
39945,8.1179
39946,7.8031
39947,7.6682
39948,6.9299
39949,7.7317
39950,7.4182
39951,7.8198
39952,7.9006
39953,7.4858
39954,7.5318
39955,8.0545
39956,7.4801
39957,8.8777
39958,6.4874
39959,7.1245
39960,7.5003
39961,7.3201
39962,7.739
39963,7.5077
39964,7.4562
39965,7.5784
39966,7.8755
39967,7.5133
39968,7.6306
39969,7.7225
39970,7.5365
39971,7.5471
39972,7.7414
39973,7.7215
39974,7.8219
39975,7.5956
39976,7.2321
39977,7.8382
39978,7.666
39979,7.487
39980,8.1404
39981,6.8012
39982,8.1806
39983,7.187
39984,7.4562
39985,7.8277
39986,7.6018
39987,7.3091
39988,7.4946
39989,7.1772
39990,7.7333
39991,5.0985
39992,5.0985
39993,7.5321
39994,7.6018
39995,8.0349
39996,7.9103
39997,7.3195
39998,8.7713
39999,8.0549
40000,7.5841
40001,7.6018
40002,7.3763
40003,7.5798
40004,7.7663
40005,7.6018
40006,8.0731
40007,7.6734
40008,7.6018
40009,8.1339
40010,7.9343
40011,7.7569
40012,8.0263
40013,6.9061
40014,7.8364
40015,7.6263
40016,8.6688
40017,7.355
40018,8.003
40019,9.3089
40020,7.5644
40021,7.5923
40022,5.1918
40023,8.2178
40024,7.3752
40025,6.9303
40026,7.4344
40027,8.8518
40028,7.6018
40029,7.7705
40030,7.758
40031,8.2967
40032,7.8052
40033,8.4431
40034,7.2385
40035,7.8615
40036,7.6804
40037,7.8475
40038,9.3089
40039,4.2874
40040,7.5334
40041,7.5005
40042,7.3566
40043,6.4208
40044,7.5696
40045,7.9777
40046,7.8983
40047,7.1261
40048,7.4282
40049,7.8247
40050,8.0012
40051,7.243
40052,7.5011
40053,5.5368
40054,7.2566
40055,7.9123
40056,6.5179
40057,7.7289
40058,7.8019
40059,7.5563
40060,8.4285
40061,7.1932
40062,8.1747
40063,8.7713
40064,6.9381
40065,7.5848
40066,7.7277
40067,7.6401
40068,7.1361
40069,7.6339
40070,5.0985
40071,8.2552
40072,5.6095
40073,7.5137
40074,7.4383
40075,7.6455
40076,8.0329
40077,7.1619
40078,8.3029
40079,7.3478
40080,7.7125
40081,8.0086
40082,7.4735
40083,7.3178
40084,7.4946
40085,8.0407
40086,8.2728
40087,7.8604
40088,7.5956
40089,7.6018
40090,7.4727
40091,7.5145
40092,7.4076
40093,8.1356
40094,7.8106
40095,7.6114
40096,7.638
40097,7.5009
40098,8.3358
40099,7.0931
40100,6.6372
40101,8.8523
40102,7.7046
40103,9.3089
40104,6.9178
40105,7.9876
40106,7.5933
40107,8.0974
40108,7.3366
40109,7.2602
40110,7.6257
40111,7.4262
40112,7.2194
40113,7.1307
40114,7.9299
40115,7.5799
40116,7.4057
40117,7.2508
40118,7.8584
40119,7.7526
40120,8.6688
40121,7.8836
40122,7.691
40123,7.5346
40124,7.543
40125,7.1682
40126,5.6059
40127,7.3924
40128,7.955
40129,7.6808
40130,7.7925
40131,7.7511
40132,7.9602
40133,7.2616
40134,7.3757
40135,7.2602
40136,8.1938
40137,7.3687
40138,7.1037
40139,9.3089
40140,8.4259
40141,7.6002
40142,7.5723
40143,7.8814
40144,6.0318
40145,7.6931
40146,7.5948
40147,8.6558
40148,7.7955
40149,8.039
40150,7.4144
40151,8.2046
40152,7.6526
40153,7.5566
40154,7.9029
40155,7.6018
40156,7.951
40157,7.5418
40158,7.5398
40159,8.0015
40160,7.6677
40161,7.2511
40162,8.0505
40163,6.8194
40164,8.239
40165,7.9182
40166,7.6018
40167,7.3653
40168,7.5561
40169,7.3642
40170,7.4052
40171,7.5213
40172,7.542
40173,8.1433
40174,7.4076
40175,8.4781
40176,7.3584
40177,8.7708
40178,7.5126
40179,6.772
40180,7.7706
40181,7.5562
40182,7.6018
40183,8.1668
40184,8.248
40185,7.9756
40186,7.5365
40187,8.2183
40188,7.8155
40189,7.6018
40190,8.0283
40191,7.6199
40192,7.4006
40193,5.6506
40194,7.7264
40195,7.6018
40196,7.5212
40197,7.6957
40198,7.5039
40199,7.8721
40200,8.0651
40201,7.512
40202,7.5432
40203,7.5238
40204,7.8957
40205,7.5011
40206,7.5133
40207,7.7056
40208,7.7514
40209,7.74
40210,7.6018
40211,7.7156
40212,7.8602
40213,7.6018
40214,7.8647
40215,7.5171
40216,6.814
40217,7.7742
40218,7.3079
40219,8.0012
40220,8.546
40221,7.6018
40222,7.4423
40223,7.7206
40224,8.1727
40225,7.843
40226,7.7488
40227,7.4844
40228,7.626
40229,7.4611
40230,7.917
40231,8.0028
40232,7.344
40233,6.7784
40234,7.5169
40235,7.7232
40236,7.5655
40237,6.8065
40238,7.8792
40239,7.8146
40240,7.3566
40241,7.5471
40242,9.3089
40243,7.4562
40244,7.8941
40245,7.6018
40246,7.821
40247,7.6168
40248,8.0086
40249,7.2924
40250,6.8424
40251,8.6168
40252,7.4806
40253,8.0773
40254,7.8545
40255,8.8518
40256,7.4036
40257,9.3089
40258,7.6018
40259,7.9878
40260,7.9182
40261,8.3899
40262,7.6018
40263,7.8823
40264,8.3899
40265,7.2408
40266,7.3808
40267,8.8518
40268,8.2343
40269,8.0687
40270,8.6352
40271,7.4934
40272,7.6018
40273,7.0848
40274,7.4562
40275,7.347
40276,7.0636
40277,8.0636
40278,6.988
40279,7.6018
40280,6.8764
40281,8.1328
40282,7.89
40283,7.287
40284,7.5239
40285,7.3426
40286,8.8518
40287,9.3089
40288,5.6506
40289,7.4735
40290,7.6345
40291,8.8518
40292,7.865
40293,8.4746
40294,9.0922
40295,7.4548
40296,7.7753
40297,6.9299
40298,8.8518
40299,8.4655
40300,7.4629
40301,7.9878
40302,7.9053
40303,6.2765
40304,8.8518
40305,7.5261
40306,7.7315
40307,8.1257
40308,7.1277
40309,7.7703
40310,7.3084
40311,7.8776
40312,7.477
40313,7.6308
40314,8.0341
40315,7.7582
40316,7.8814
40317,9.0017
40318,6.3338
40319,8.6199
40320,7.015
40321,7.802
40322,7.4867
40323,7.6361
40324,8.0013
40325,7.2262
40326,7.5669
40327,7.6146
40328,7.5727
40329,7.9038
40330,7.6809
40331,7.4385
40332,7.3136
40333,7.5005
40334,7.5471
40335,7.7745
40336,7.3348
40337,8.6352
40338,7.6018
40339,7.4316
40340,7.3084
40341,7.6527
40342,7.6265
40343,7.8198
40344,7.8792
40345,7.1174
40346,7.638
40347,7.5103
40348,7.473
40349,7.4046
40350,7.9006
40351,7.5963
40352,7.9574
40353,7.7512
40354,7.3347
40355,7.5569
40356,7.1515
40357,7.309
40358,7.7883
40359,7.6154
40360,7.4647
40361,7.8645
40362,8.6688
40363,8.0015
40364,7.6018
40365,7.5968
40366,7.941
40367,7.8198
40368,7.6373
40369,7.6168
40370,7.5723
40371,6.0009
40372,7.6018
40373,6.7315
40374,7.3597
40375,7.7724
40376,7.6018
40377,8.0292
40378,7.5371
40379,7.9345
40380,8.8777
40381,8.0818
40382,8.1835
40383,7.5723
40384,7.7009
40385,7.6934
40386,7.5956
40387,7.6018
40388,7.8193
40389,7.5792
40390,7.7289
40391,7.5323
40392,7.3148
40393,7.8888
40394,7.3801
40395,9.2309
40396,7.7038
40397,5.0985
40398,7.7962
40399,8.1588
40400,7.8036
40401,7.7927
40402,7.3142
40403,7.5471
40404,8.1913
40405,7.6981
40406,7.6305
40407,8.009
40408,8.8518
40409,7.2248
40410,8.8518
40411,7.3582
40412,9.0017
40413,7.6603
40414,7.3883
40415,8.523
40416,7.6018
40417,7.7927
40418,7.2602
40419,8.2935
40420,7.8198
40421,7.8514
40422,7.5681
40423,7.7043
40424,8.3358
40425,7.4548
40426,6.8595
40427,7.8656
40428,8.5207
40429,7.7402
40430,7.3584
40431,7.8193
40432,7.7345
40433,7.6018
40434,7.5527
40435,7.6018
40436,7.9879
40437,7.5454
40438,7.9133
40439,7.2057
40440,7.6931
40441,7.6931
40442,7.1657
40443,7.7869
40444,7.1508
40445,8.0641
40446,7.2602
40447,7.3653
40448,7.5077
40449,7.1252
40450,7.5256
40451,8.3761
40452,7.7152
40453,8.2641
40454,7.798
40455,7.5845
40456,7.9558
40457,7.4689
40458,7.3345
40459,6.8167
40460,7.3968
40461,7.5077
40462,8.0883
40463,7.6018
40464,7.3018
40465,7.2009
40466,7.3698
40467,7.8053
40468,7.2156
40469,7.5471
40470,8.1
40471,8.0332
40472,7.354
40473,7.393
40474,7.3405
40475,7.6702
40476,7.2673
40477,9.3777
40478,7.638
40479,7.5077
40480,7.4642
40481,7.7489
40482,7.2602
40483,7.5654
40484,7.4491
40485,8.335
40486,7.3985
40487,8.3029
40488,7.8807
40489,7.638
40490,7.72
40491,7.9068
40492,7.5395
40493,7.7378
40494,8.0593
40495,7.3653
40496,8.071
40497,7.1717
40498,7.7151
40499,8.2157
40500,8.0308
40501,8.2891
40502,7.5437
40503,7.7289
40504,7.2254
40505,6.9487
40506,7.6018
40507,7.723
40508,8.0548
40509,7.2602
40510,7.6899
40511,7.6933
40512,7.2363
40513,7.9386
40514,7.5471
40515,7.2069
40516,7.5458
40517,7.1261
40518,8.8518
40519,8.017
40520,8.173
40521,8.8404
40522,7.3414
40523,7.2602
40524,8.1668
40525,7.2923
40526,7.5095
40527,7.6996
40528,7.7058
40529,8.175
40530,7.6018
40531,6.9148
40532,7.474
40533,7.6352
40534,7.7374
40535,7.0265
40536,7.5953
40537,7.6736
40538,6.6257
40539,7.4981
40540,7.7276
40541,7.9814
40542,7.4913
40543,8.6161
40544,8.0131
40545,7.459
40546,7.4454
40547,7.0731
40548,7.4423
40549,7.8297
40550,7.0847
40551,7.5697
40552,7.7154
40553,7.6832
40554,7.8198
40555,7.7272
40556,8.8518
40557,7.2624
40558,7.5471
40559,6.9145
40560,7.1343
40561,8.3897
40562,7.7289
40563,7.5103
40564,7.4473
40565,7.1619
40566,7.858
40567,8.5721
40568,7.7232
40569,7.9068
40570,7.2885
40571,7.7289
40572,8.385
40573,8.1995
40574,7.5486
40575,7.2602
40576,7.1455
40577,7.2009
40578,7.2533
40579,7.7507
40580,7.4741
40581,7.8887
40582,8.5142
40583,7.6018
40584,7.7322
40585,7.4562
40586,5.6095
40587,8.1534
40588,8.2196
40589,7.2906
40590,7.6007
40591,6.1809
40592,7.6196
40593,7.5836
40594,7.8011
40595,7.3027
40596,7.6018
40597,7.468
40598,7.5077
40599,8.7351
40600,7.5903
40601,8.4431
40602,7.8178
40603,7.9878
40604,7.3687
40605,7.2602
40606,7.7289
40607,7.2958
40608,7.287
40609,7.5827
40610,7.6075
40611,7.4879
40612,8.8523
40613,8.4087
40614,7.855
40615,7.4423
40616,7.2602
40617,7.7227
40618,8.0015
40619,7.4548
40620,8.8518
40621,7.2602
40622,8.5421
40623,7.6018
40624,7.256
40625,7.6018
40626,7.3127
40627,8.2264
40628,7.7677
40629,8.4081
40630,7.49
40631,7.6117
40632,7.5665
40633,5.0985
40634,7.3653
40635,7.6761
40636,8.8518
40637,7.7098
40638,8.2449
40639,9.4326
40640,6.5421
40641,7.7515
40642,7.0288
40643,9.3089
40644,7.1719
40645,7.9122
40646,7.595
40647,6.6257
40648,7.8814
40649,8.5387
40650,7.7689
40651,7.1968
40652,8.6727
40653,7.6018
40654,7.8526
40655,9.0017
40656,7.1682
40657,7.1607
40658,6.8843
40659,7.9878
40660,7.6824
40661,7.8338
40662,6.3339
40663,6.8669
40664,7.7562
40665,7.2744
40666,7.8807
40667,7.8058
40668,7.1725
40669,8.4128
40670,7.6735
40671,8.8518
40672,7.1682
40673,6.8136
40674,7.1343
40675,7.584
40676,7.1844
40677,7.5996
40678,7.272
40679,7.5015
40680,7.3539
40681,9.3089
40682,7.2602
40683,8.8518
40684,7.8414
40685,7.5917
40686,7.9381
40687,8.042
40688,7.9048
40689,8.2925
40690,8.8518
40691,7.5305
40692,7.5521
40693,7.6453
40694,7.6018
40695,7.6018
40696,7.7517
40697,7.7156
40698,7.3256
40699,6.8414
40700,7.8355
40701,5.6241
40702,8.0599
40703,8.0742
40704,7.6227
40705,8.594
40706,7.6682
40707,7.6089
40708,7.9878
40709,7.7306
40710,6.8984
40711,8.1655
40712,7.506
40713,8.8518
40714,7.6263
40715,7.6018
40716,8.5004
40717,8.1173
40718,9.3089
40719,7.6237
40720,7.2321
40721,7.3832
40722,8.0225
40723,8.3569
40724,6.5009
40725,7.2602
40726,7.9878
40727,9.3877
40728,5.1918
40729,6.3678
40730,7.9656
40731,7.6799
40732,7.3614
40733,7.2699
40734,8.0009
40735,7.4241
40736,7.0636
40737,6.7779
40738,8.2505
40739,7.7345
40740,9.0017
40741,7.3335
40742,7.8262
40743,7.6855
40744,7.5087
40745,7.9509
40746,7.6018
40747,6.6372
40748,8.175
40749,7.5868
40750,6.5963
40751,7.6967
40752,7.0904
40753,7.5375
40754,7.2182
40755,5.0985
40756,7.4679
40757,7.1772
40758,7.9938
40759,8.0141
40760,6.5023
40761,8.47
40762,7.1595
40763,7.7981
40764,7.5848
40765,7.3986
40766,7.3653
40767,8.8518
40768,7.1441
40769,7.8366
40770,7.9292
40771,7.3971
40772,9.3089
40773,7.3149
40774,7.7515
40775,7.7555
40776,7.7648
40777,5.6829
40778,7.2513
40779,7.6018
40780,7.7917
40781,7.6665
40782,6.8476
40783,6.6303
40784,7.4036
40785,8.2904
40786,8.2124
40787,7.6682
40788,7.4531
40789,7.1575
40790,7.3584
40791,7.5271
40792,7.5931
40793,7.4046
40794,7.2602
40795,7.2788
40796,7.5893
40797,7.2602
40798,7.3694
40799,7.4119
40800,8.7296
40801,7.8673
40802,7.2602
40803,8.8518
40804,7.569
40805,8.2958
40806,8.1749
40807,7.655
40808,7.3985
40809,7.3764
40810,7.111
40811,7.6377
40812,7.4393
40813,8.1312
40814,7.8446
40815,7.6018
40816,7.7214
40817,7.459
40818,8.8518
40819,7.7904
40820,7.4448
40821,7.6474
40822,8.4226
40823,7.1934
40824,7.5077
40825,7.792
40826,8.5007
40827,7.9697
40828,8.0015
40829,7.4681
40830,7.4036
40831,7.477
40832,7.6694
40833,8.0224
40834,7.1287
40835,8.3346
40836,7.9362
40837,8.0015
40838,7.0891
40839,5.0985
40840,7.8009
40841,7.6018
40842,7.4273
40843,8.349
40844,7.638
40845,7.9037
40846,8.594
40847,7.6018
40848,7.5471
40849,7.4741
40850,8.8518
40851,7.0261
40852,7.6018
40853,6.9537
40854,6.6544
40855,7.7003
40856,7.0553
40857,7.9782
40858,7.3396
40859,8.0006
40860,7.5196
40861,7.4334
40862,7.4012
40863,7.6254
40864,9.0001
40865,7.5471
40866,7.6521
40867,7.5608
40868,7.5471
40869,7.6018
40870,7.3057
40871,7.4946
40872,7.7265
40873,7.992
40874,7.8624
40875,7.4225
40876,7.1867
40877,7.6682
40878,7.1097
40879,8.1189
40880,8.3252
40881,7.0702
40882,7.6114
40883,7.4012
40884,7.2778
40885,7.3833
40886,7.8271
40887,8.46
40888,7.5418
40889,7.0727
40890,7.7156
40891,7.2679
40892,9.3877
40893,7.7345
40894,7.6018
40895,7.6018
40896,8.8404
40897,7.6018
40898,7.5933
40899,8.3338
40900,6.7022
40901,7.4157
40902,7.1552
40903,7.4385
40904,7.8983
40905,7.5339
40906,7.6263
40907,7.6753
40908,7.2972
40909,7.3991
40910,7.3863
40911,7.7969
40912,7.386
40913,5.0985
40914,5.0985
40915,9.3089
40916,8.3578
40917,7.54
40918,7.1187
40919,7.2397
40920,7.8002
40921,7.4446
40922,8.173
40923,7.7515
40924,7.738
40925,7.8198
40926,6.5373
40927,8.0599
40928,7.4182
40929,8.0437
40930,7.7144
40931,8.8518
40932,7.3392
40933,7.5893
40934,7.7151
40935,7.4864
40936,6.5334
40937,7.5957
40938,8.0014
40939,7.263
40940,7.4889
40941,8.0006
40942,7.9725
40943,7.5398
40944,6.9182
40945,7.4103
40946,7.6811
40947,8.0006
40948,7.321
40949,7.5735
40950,7.4638
40951,7.3915
40952,7.4081
40953,7.2989
40954,7.2602
40955,7.491
40956,7.6677
40957,7.7797
40958,7.0079
40959,6.8172
40960,7.3127
40961,7.3339
40962,7.4021
40963,8.354
40964,7.7151
40965,7.3896
40966,7.479
40967,7.9268
40968,9.0017
40969,7.0702
40970,7.2602
40971,7.4155
40972,6.793
40973,7.5015
40974,5.8111
40975,7.4554
40976,7.9454
40977,7.6108
40978,7.9068
40979,7.79
40980,8.1045
40981,7.5015
40982,8.6688
40983,7.3868
40984,7.6308
40985,7.5013
40986,7.8079
40987,7.6537
40988,7.5011
40989,7.2975
40990,7.8089
40991,7.6018
40992,8.1254
40993,7.6018
40994,7.4629
40995,8.8518
40996,7.678
40997,7.4823
40998,7.4794
40999,7.6018
41000,8.1493
41001,8.1261
41002,8.8518
41003,7.5383
41004,8.8518
41005,7.5345
41006,7.7895
41007,9.0001
41008,8.0403
41009,7.2075
41010,7.7289
41011,7.371
41012,6.7081
41013,6.8041
41014,8.175
41015,7.5388
41016,6.7782
41017,7.5011
41018,6.5594
41019,7.1009
41020,7.5572
41021,5.5368
41022,7.7866
41023,7.5083
41024,7.7508
41025,7.6414
41026,8.0351
41027,8.7843
41028,7.3749
41029,7.6018
41030,8.1331
41031,7.287
41032,5.1918
41033,7.5681
41034,6.2507
41035,7.638
41036,7.2602
41037,7.5037
41038,7.6509
41039,7.3339
41040,7.5497
41041,7.5077
41042,8.2282
41043,7.5179
41044,8.7003
41045,7.6767
41046,7.3205
41047,8.0631
41048,7.373
41049,7.5345
41050,7.8348
41051,8.1121
41052,7.5139
41053,7.3566
41054,7.5012
41055,7.6295
41056,7.7927
41057,7.6452
41058,7.1224
41059,7.3985
41060,7.8534
41061,7.8761
41062,7.5013
41063,8.5179
41064,7.1834
41065,8.4108
41066,7.6677
41067,7.7607
41068,8.0371
41069,7.4711
41070,8.0515
41071,8.0012
41072,7.8648
41073,5.0985
41074,9.0017
41075,7.9948
41076,7.3658
41077,7.5545
41078,7.8265
41079,7.9902
41080,7.5471
41081,7.6145
41082,7.6072
41083,7.8198
41084,7.3348
41085,7.3761
41086,7.6018
41087,7.5133
41088,6.479
41089,9.3089
41090,7.7197
41091,7.6121
41092,7.4368
41093,9.0017
41094,7.9824
41095,7.5011
41096,7.5077
41097,5.9832
41098,8.8777
41099,8.004
41100,7.2602
41101,7.38
41102,8.135
41103,7.3892
41104,7.5881
41105,7.7676
41106,7.3884
41107,7.787
41108,7.4294
41109,7.6018
41110,7.2204
41111,7.6018
41112,7.344
41113,7.4385
41114,8.3028
41115,7.4347
41116,6.5058
41117,8.123
41118,7.8197
41119,7.6018
41120,7.5196
41121,7.6651
41122,9.4326
41123,7.7504
41124,7.6274
41125,6.7607
41126,8.0607
41127,7.3338
41128,8.8518
41129,8.5242
41130,7.8198
41131,7.3884
41132,7.4902
41133,7.1754
41134,6.8843
41135,6.3961
41136,7.3348
41137,7.1521
41138,7.5124
41139,7.1265
41140,9.0001
41141,7.7289
41142,7.6165
41143,8.8518
41144,7.9306
41145,7.5149
41146,7.2602
41147,8.0904
41148,7.6148
41149,7.7372
41150,7.7289
41151,7.5727
41152,7.6018
41153,7.3876
41154,7.501
41155,7.1932
41156,8.0536
41157,8.0978
41158,7.7289
41159,7.5094
41160,7.3925
41161,7.7955
41162,7.2305
41163,6.8136
41164,7.839
41165,7.3705
41166,7.9577
41167,7.4806
41168,7.5999
41169,7.2602
41170,7.7165
41171,8.0536
41172,7.3653
41173,8.6688
41174,6.9832
41175,7.7402
41176,7.995
41177,7.6291
41178,8.6903
41179,5.7738
41180,7.4728
41181,7.3441
41182,7.0818
41183,8.4087
41184,5.0985
41185,8.1339
41186,7.4579
41187,7.5471
41188,8.8518
41189,7.0561
41190,7.5275
41191,7.2602
41192,7.7152
41193,7.1665
41194,7.6168
41195,7.7142
41196,7.6018
41197,8.0014
41198,6.852
41199,7.3566
41200,7.738
41201,7.1103
41202,6.594
41203,7.4652
41204,8.2845
41205,8.385
41206,6.6386
41207,7.6018
41208,7.4491
41209,8.4264
41210,7.7289
41211,8.2204
41212,7.638
41213,8.6688
41214,6.9928
41215,7.7332
41216,7.3645
41217,7.9206
41218,6.7422
41219,6.6443
41220,7.3449
41221,7.343
41222,8.2542
41223,7.477
41224,8.0221
41225,7.6032
41226,7.4182
41227,7.5319
41228,7.638
41229,7.9356
41230,7.8341
41231,7.5432
41232,7.1179
41233,8.385
41234,8.594
41235,8.4623
41236,5.9674
41237,5.0985
41238,8.2591
41239,7.6018
41240,7.9524
41241,7.8297
41242,7.6018
41243,7.7447
41244,7.4481
41245,8.8518
41246,8.8518
41247,7.2012
41248,7.0974
41249,7.674
41250,7.2602
41251,5.1918
41252,7.9952
41253,7.6018
41254,7.7689
41255,7.9701
41256,6.9381
41257,7.6151
41258,7.6114
41259,8.2238
41260,7.4036
41261,6.7784
41262,8.2069
41263,7.9233
41264,8.1932
41265,7.7593
41266,7.6823
41267,7.4052
41268,8.2389
41269,6.3941
41270,7.7788
41271,7.0568
41272,8.2367
41273,7.2602
41274,4.2874
41275,7.8136
41276,8.4105
41277,7.98
41278,7.8056
41279,7.2418
41280,7.8475
41281,8.0844
41282,7.638
41283,8.2449
41284,8.8518
41285,7.1308
41286,7.5309
41287,7.2012
41288,7.1741
41289,8.175
41290,7.42
41291,7.8679
41292,7.4036
41293,5.6095
41294,7.6816
41295,7.6221
41296,8.8518
41297,7.7919
41298,7.6018
41299,8.1198
41300,7.2515
41301,7.4904
41302,7.858
41303,7.3653
41304,7.638
41305,8.1379
41306,6.8212
41307,7.0061
41308,4.2874
41309,7.2602
41310,7.5287
41311,6.9174
41312,7.8198
41313,8.0424
41314,7.5471
41315,7.6651
41316,7.3725
41317,7.6886
41318,7.8581
41319,7.5471
41320,7.773
41321,7.8348
41322,7.6018
41323,7.7289
41324,6.9532
41325,7.6265
41326,7.4556
41327,7.6682
41328,7.66
41329,7.4103
41330,7.3806
41331,7.6319
41332,6.0463
41333,7.6384
41334,7.6539
41335,7.5011
41336,7.4447
41337,7.5593
41338,7.2988
41339,7.1581
41340,7.8675
41341,8.385
41342,6.3339
41343,7.9142
41344,8.135
41345,8.3099
41346,7.2096
41347,7.3348
41348,7.3593
41349,7.3345
41350,8.0996
41351,7.2808
41352,8.0673
41353,7.5037
41354,7.342
41355,7.54
41356,7.8188
41357,7.5016
41358,8.1165
41359,7.3167
41360,7.5187
41361,7.4427
41362,7.5836
41363,7.2602
41364,7.3976
41365,7.6018
41366,7.6679
41367,5.4669
41368,7.8637
41369,7.6248
41370,7.5851
41371,7.6399
41372,7.4879
41373,7.7628
41374,7.7232
41375,8.2438
41376,7.8809
41377,7.6915
41378,7.9358
41379,7.7022
41380,7.5832
41381,7.8198
41382,8.621
41383,7.0896
41384,8.283
41385,6.4382
41386,7.8913
41387,7.4378
41388,7.6018
41389,7.6917
41390,6.8671
41391,7.6222
41392,7.4985
41393,7.6018
41394,7.4245
41395,8.0133
41396,6.9888
41397,8.0414
41398,7.3397
41399,7.551
41400,7.2674
41401,7.4479
41402,7.722
41403,8.2367
41404,7.4115
41405,6.5923
41406,7.8815
41407,7.1772
41408,7.2975
41409,7.2363
41410,7.7515
41411,7.5207
41412,6.8305
41413,7.1181
41414,7.5636
41415,7.3761
41416,7.5523
41417,8.8518
41418,7.6038
41419,6.9299
41420,7.1078
41421,7.379
41422,7.5024
41423,7.5974
41424,8.385
41425,7.8341
41426,5.6506
41427,8.1552
41428,7.2744
41429,7.2602
41430,7.6018
41431,7.6018
41432,8.8855
41433,8.1749
41434,7.5445
41435,8.5004
41436,7.5471
41437,7.284
41438,8.8518
41439,7.7466
41440,7.9976
41441,7.2602
41442,7.4832
41443,7.6733
41444,7.6018
41445,7.5478
41446,7.7725
41447,7.7254
41448,7.9155
41449,8.1369
41450,8.3509
41451,7.5015
41452,7.347
41453,7.5741
41454,7.9953
41455,8.1258
41456,7.9235
41457,7.6441
41458,7.6542
41459,6.3339
41460,7.6682
41461,7.9828
41462,6.4822
41463,8.6688
41464,7.54
41465,7.1299
41466,8.8518
41467,8.2747
41468,7.8726
41469,7.4463
41470,7.2157
41471,7.4225
41472,8.6688
41473,7.2983
41474,7.3807
41475,8.2028
41476,6.7924
41477,7.8846
41478,7.5659
41479,7.4973
41480,7.1345
41481,7.1552
41482,8.8518
41483,7.4003
41484,7.4182
41485,7.5696
41486,8.1595
41487,6.9266
41488,7.5475
41489,7.5471
41490,7.9245
41491,7.4432
41492,7.6686
41493,7.519
41494,7.2991
41495,7.4562
41496,8.8518
41497,7.3932
41498,8.7797
41499,7.9182
41500,6.8843
41501,8.8518
41502,8.594
41503,6.9391
41504,8.0426
41505,7.3809
41506,7.5533
41507,6.7809
41508,7.2771
41509,7.5471
41510,7.2568
41511,7.8885
41512,7.7016
41513,7.6565
41514,8.6688
41515,7.6918
41516,7.6098
41517,7.8306
41518,9.3089
41519,8.0015
41520,7.1772
41521,7.1251
41522,7.8461
41523,7.5559
41524,7.1045
41525,9.4547
41526,7.5432
41527,8.0721
41528,7.4624
41529,7.2975
41530,7.2389
41531,7.5636
41532,7.6018
41533,7.3985
41534,7.8936
41535,7.7414
41536,7.3653
41537,7.9299
41538,8.0473
41539,8.0896
41540,7.5013
41541,7.6682
41542,7.719
41543,8.0474
41544,7.9527
41545,4.2874
41546,6.8338
41547,8.2864
41548,7.4985
41549,7.4149
41550,7.5471
41551,7.456
41552,7.6263
41553,7.5428
41554,7.8737
41555,7.6745
41556,7.4036
41557,7.2515
41558,9.0017
41559,7.5077
41560,7.6263
41561,8.2449
41562,7.2463
41563,7.397
41564,7.6018
41565,7.6704
41566,7.7506
41567,6.968
41568,7.4859
41569,7.6018
41570,7.5925
41571,7.3348
41572,9.3089
41573,6.8752
41574,8.5902
41575,7.6018
41576,7.5825
41577,7.6784
41578,7.6018
41579,7.8633
41580,7.8941
41581,7.5363
41582,6.2319
41583,7.3598
41584,7.9812
41585,7.396
41586,7.1025
41587,7.6013
41588,8.3358
41589,7.5998
41590,7.6408
41591,7.5281
41592,8.0002
41593,7.5077
41594,7.6191
41595,9.0001
41596,7.6018
41597,8.3345
41598,7.7617
41599,7.8343
41600,7.6008
41601,7.5077
41602,9.0017
41603,7.5938
41604,8.1056
41605,7.8897
41606,7.7432
41607,7.5015
41608,8.3196
41609,8.1466
41610,7.7049
41611,8.1652
41612,6.477
41613,7.9787
41614,7.6018
41615,7.881
41616,7.7562
41617,7.579
41618,7.8007
41619,8.8518
41620,7.4704
41621,7.691
41622,7.6018
41623,7.8834
41624,6.2241
41625,7.3815
41626,7.2602
41627,7.8027
41628,7.2009
41629,5.1918
41630,8.2503
41631,6.954
41632,7.5471
41633,7.4308
41634,7.5783
41635,8.3645
41636,8.0127
41637,7.5527
41638,7.2602
41639,7.0718
41640,7.6018
41641,7.7511
41642,7.7761
41643,7.1834
41644,7.8198
41645,8.2505
41646,7.6741
41647,7.1775
41648,7.3607
41649,7.4885
41650,8.3358
41651,7.5959
41652,7.5786
41653,5.0985
41654,7.4595
41655,7.1432
41656,7.4409
41657,7.6063
41658,7.5247
41659,8.1933
41660,7.7009
41661,8.5902
41662,7.0846
41663,7.638
41664,7.8009
41665,5.1918
41666,7.5654
41667,9.3777
41668,7.6937
41669,7.5853
41670,7.7647
41671,7.6937
41672,7.8198
41673,7.664
41674,7.6263
41675,7.6012
41676,6.9449
41677,7.4625
41678,5.0985
41679,7.5011
41680,7.5286
41681,7.5006
41682,7.7385
41683,7.1834
41684,8.0441
41685,7.6018
41686,7.8616
41687,7.6018
41688,8.2744
41689,7.8851
41690,6.7731
41691,7.2426
41692,6.9914
41693,6.8832
41694,7.2057
41695,7.6168
41696,6.9408
41697,7.5558
41698,7.8847
41699,7.3928
41700,7.5954
41701,7.6018
41702,7.9178
41703,6.7995
41704,7.7687
41705,7.6586
41706,7.638
41707,7.5077
41708,7.7483
41709,7.9607
41710,8.1339
41711,7.1343
41712,8.3167
41713,8.7248
41714,8.0503
41715,7.5144
41716,7.7091
41717,7.7952
41718,7.6938
41719,7.2319
41720,7.2075
41721,6.6872
41722,7.8198
41723,7.4334
41724,7.4027
41725,7.6018
41726,7.5414
41727,6.9661
41728,6.2583
41729,7.6197
41730,7.3899
41731,7.8027
41732,7.5599
41733,8.1668
41734,7.7597
41735,7.7515
41736,8.0702
41737,7.7609
41738,8.1009
41739,8.1441
41740,7.6325
41741,7.4331
41742,7.3566
41743,8.0015
41744,7.3849
41745,7.2208
41746,7.9031
41747,7.7077
41748,7.9979
41749,7.1799
41750,7.4447
41751,7.7321
41752,7.8834
41753,7.45
41754,7.2044
41755,7.6569
41756,8.0268
41757,7.3901
41758,7.5723
41759,7.5742
41760,7.1844
41761,6.6372
41762,7.7724
41763,7.3133
41764,7.6496
41765,8.8777
41766,7.3808
41767,7.8084
41768,7.1928
41769,7.2699
41770,8.2123
41771,7.4128
41772,7.2182
41773,7.4223
41774,8.8518
41775,8.5607
41776,7.7344
41777,8.6469
41778,7.2395
41779,7.8152
41780,7.386
41781,7.9625
41782,7.9789
41783,6.594
41784,7.2009
41785,6.9429
41786,7.3942
41787,7.9038
41788,7.6301
41789,8.3193
41790,7.4684
41791,7.5917
41792,7.5471
41793,7.6215
41794,8.3904
41795,7.6018
41796,7.6434
41797,6.0091
41798,7.6297
41799,7.3694
41800,7.8741
41801,7.2115
41802,7.4252
41803,7.7897
41804,7.6018
41805,8.8518
41806,7.7405
41807,7.5721
41808,7.8941
41809,8.2423
41810,7.6499
41811,7.6578
41812,7.8896
41813,7.643
41814,7.6018
41815,7.491
41816,7.472
41817,7.7815
41818,7.894
41819,7.4429
41820,7.7928
41821,8.8518
41822,7.5299
41823,7.6442
41824,7.7765
41825,7.7938
41826,7.6018
41827,7.9363
41828,6.8424
41829,7.8826
41830,6.7706
41831,7.3566
41832,7.4079
41833,7.5898
41834,7.5077
41835,7.5956
41836,7.1677
41837,8.6089
41838,7.5424
41839,7.5394
41840,7.3985
41841,7.5471
41842,7.4859
41843,7.4946
41844,7.6066
41845,8.0534
41846,7.8201
41847,7.9652
41848,7.6214
41849,7.6393
41850,8.6168
41851,7.5015
41852,7.5977
41853,7.6018
41854,6.8172
41855,8.0901
41856,7.5054
41857,6.9525
41858,7.3568
41859,7.8341
41860,6.8679
41861,7.7302
41862,8.1786
41863,7.6159
41864,6.7081
41865,7.2558
41866,7.7335
41867,7.4182
41868,7.6937
41869,7.6986
41870,7.3648
41871,6.594
41872,7.2206
41873,8.1061
41874,7.3388
41875,6.1233
41876,7.8514
41877,7.5836
41878,7.8062
41879,7.0015
41880,8.1723
41881,7.566
41882,7.4245
41883,7.5956
41884,7.667
41885,7.6677
41886,8.8518
41887,7.597
41888,8.0015
41889,7.1575
41890,7.7456
41891,7.7233
41892,7.7849
41893,8.5373
41894,7.7873
41895,8.8679
41896,7.9111
41897,7.0783
41898,7.4492
41899,7.1552
41900,7.48
41901,7.6481
41902,7.4483
41903,6.7465
41904,7.2679
41905,7.5623
41906,7.6452
41907,7.66
41908,8.0783
41909,7.6505
41910,7.6018
41911,7.6018
41912,7.3086
41913,7.2218
41914,8.4431
41915,8.1676
41916,7.638
41917,7.5368
41918,7.5471
41919,7.8259
41920,7.5077
41921,7.8198
41922,7.6486
41923,7.0774
41924,7.5077
41925,6.8843
41926,7.554
41927,7.2602
41928,7.6152
41929,7.748
41930,6.9398
41931,7.4292
41932,7.4085
41933,7.218
41934,7.6012
41935,7.2288
41936,7.8818
41937,8.0962
41938,7.6347
41939,7.6338
41940,7.5727
41941,7.5547
41942,7.6572
41943,8.1995
41944,8.1304
41945,7.2082
41946,8.8518
41947,6.7809
41948,7.3653
41949,8.0414
41950,8.8518
41951,7.8121
41952,7.5055
41953,7.6018
41954,7.7018
41955,7.6018
41956,8.8518
41957,6.7964
41958,8.0589
41959,7.7769
41960,7.638
41961,7.6018
41962,8.0391
41963,7.3931
41964,7.4642
41965,8.6168
41966,7.7289
41967,7.6168
41968,8.1404
41969,7.9182
41970,7.684
41971,9.0922
41972,6.5383
41973,7.4189
41974,7.5538
41975,7.5954
41976,7.2072
41977,7.7706
41978,7.8746
41979,8.4798
41980,7.6658
41981,6.8167
41982,7.5527
41983,7.3242
41984,7.5636
41985,7.1588
41986,7.6002
41987,7.4669
41988,8.2344
41989,7.6263
41990,7.4562
41991,7.8538
41992,7.7666
41993,7.596
41994,7.4951
41995,8.3679
41996,7.5174
41997,7.2712
41998,9.0017
41999,7.3566
42000,7.4303
42001,7.6018
42002,7.6018
42003,8.7708
42004,8.8518
42005,7.3974
42006,7.4876
42007,7.7339
42008,8.1641
42009,7.638
42010,7.7185
42011,7.6018
42012,7.8965
42013,8.3434
42014,6.478
42015,7.8702
42016,7.311
42017,7.9912
42018,8.2367
42019,7.6018
42020,7.4849
42021,7.9345
42022,7.4303
42023,7.4498
42024,7.7558
42025,7.5077
42026,7.7289
42027,7.6018
42028,7.2602
42029,7.6581
42030,8.6688
42031,7.8198
42032,7.897
42033,7.4423
42034,7.2281
42035,7.4182
42036,7.7984
42037,6.3339
42038,7.6308
42039,8.0007
42040,7.8558
42041,6.6839
42042,7.2602
42043,8.0006
42044,7.8197
42045,7.4951
42046,7.3759
42047,7.2255
42048,7.1509
42049,7.7148
42050,7.7289
42051,8.0103
42052,7.3899
42053,7.0868
42054,7.9777
42055,8.4618
42056,9.1484
42057,7.0599
42058,7.7026
42059,7.7786
42060,8.2891
42061,7.7965
42062,5.0985
42063,7.613
42064,7.5077
42065,7.5015
42066,8.0641
42067,7.8465
42068,7.9092
42069,7.8086
42070,8.2598
42071,7.9772
42072,7.5432
42073,7.6305
42074,7.5848
42075,7.6018
42076,7.6146
42077,7.8546
42078,7.8091
42079,7.7321
42080,7.6594
42081,7.6784
42082,7.7377
42083,7.4373
42084,7.6018
42085,7.0921
42086,7.4769
42087,6.5509
42088,7.6018
42089,7.1258
42090,7.4769
42091,7.5014
42092,7.6018
42093,7.5225
42094,7.6018
42095,8.1086
42096,8.1249
42097,7.7076
42098,7.5442
42099,5.0985
42100,7.5398
42101,7.9767
42102,7.884
42103,7.1772
42104,8.1372
42105,7.8679
42106,7.512
42107,7.9706
42108,6.9234
42109,7.7289
42110,7.2602
42111,7.3564
42112,7.5132
42113,6.7706
42114,7.2044
42115,8.1628
42116,7.6535
42117,7.6018
42118,7.8648
42119,7.6259
42120,7.6263
42121,7.0359
42122,7.3992
42123,7.5269
42124,7.5853
42125,7.6652
42126,7.7156
42127,6.6675
42128,7.793
42129,7.7568
42130,7.6018
42131,7.7515
42132,7.7833
42133,8.6511
42134,8.0927
42135,7.623
42136,7.9094
42137,7.6018
42138,7.6018
42139,7.6018
42140,7.843
42141,7.6018
42142,8.135
42143,7.6763
42144,7.69
42145,7.4491
42146,8.8518
42147,8.7713
42148,8.071
42149,7.744
42150,7.9409
42151,7.756
42152,7.5212
42153,7.9182
42154,7.7069
42155,7.3584
42156,7.5837
42157,8.0324
42158,7.6493
42159,8.1198
42160,8.6688
42161,7.6435
42162,8.3868
42163,7.9796
42164,7.9538
42165,8.5207
42166,8.1574
42167,7.1441
42168,7.4165
42169,7.9878
42170,7.722
42171,7.7326
42172,7.2604
42173,7.2744
42174,7.3509
42175,7.3411
42176,8.0339
42177,7.6018
42178,7.8012
42179,7.5694
42180,7.3623
42181,7.1552
42182,8.8777
42183,7.3765
42184,5.6095
42185,8.3358
42186,7.9227
42187,7.8052
42188,7.5398
42189,7.9312
42190,7.4182
42191,7.6321
42192,7.5635
42193,8.8518
42194,7.733
42195,7.7289
42196,8.6688
42197,7.2515
42198,7.2973
42199,7.5727
42200,8.2866
42201,7.775
42202,7.9245
42203,9.3877
42204,7.4036
42205,5.4669
42206,7.9735
42207,7.6018
42208,5.5368
42209,7.4151
42210,7.8076
42211,8.8518
42212,6.3737
42213,7.7378
42214,5.0985
42215,7.5121
42216,8.2891
42217,5.0985
42218,7.6996
42219,7.8503
42220,7.4385
42221,7.386
42222,6.8343
42223,7.9858
42224,7.7742
42225,7.3392
42226,7.8003
42227,7.4616
42228,7.5678
42229,6.9277
42230,7.843
42231,8.1995
42232,7.6251
42233,7.4877
42234,7.6051
42235,7.3808
42236,7.4317
42237,7.2389
42238,7.7843
42239,5.0985
42240,8.8518
42241,7.3163
42242,7.7289
42243,8.0268
42244,7.5225
42245,7.6528
42246,7.5386
42247,7.6263
42248,8.8518
42249,6.4009
42250,7.7511
42251,7.6929
42252,7.6886
42253,7.7507
42254,7.168
42255,7.7857
42256,7.4611
42257,8.0013
42258,8.8518
42259,7.3653
42260,7.3393
42261,5.0985
42262,7.6018
42263,7.9105
42264,8.1858
42265,6.9011
42266,7.911
42267,8.037
42268,7.2389
42269,7.394
42270,7.5349
42271,7.5614
42272,7.2871
42273,7.515
42274,7.651
42275,7.5184
42276,7.2012
42277,6.8584
42278,6.9721
42279,7.3723
42280,7.402
42281,7.4946
42282,7.5956
42283,8.8518
42284,8.157
42285,7.7281
42286,8.8518
42287,8.0464
42288,7.5886
42289,7.859
42290,7.5139
42291,7.3899
42292,8.1545
42293,7.7008
42294,7.5558
42295,5.6095
42296,7.6018
42297,7.6263
42298,7.6018
42299,6.8591
42300,7.4228
42301,6.7345
42302,7.6018
42303,7.6183
42304,7.9105
42305,7.293
42306,8.4598
42307,8.8518
42308,8.139
42309,7.9878
42310,7.2602
42311,7.4092
42312,7.7726
42313,7.8696
42314,7.8972
42315,8.4628
42316,9.4326
42317,7.7043
42318,7.9591
42319,6.4869
42320,8.3507
42321,7.8348
42322,7.959
42323,7.8627
42324,7.5848
42325,7.5077
42326,8.0673
42327,7.5058
42328,8.8518
42329,7.3321
42330,7.5103
42331,7.5977
42332,7.7195
42333,7.638
42334,9.3089
42335,8.8523
42336,7.7505
42337,7.7353
42338,7.6489
42339,8.1799
42340,7.638
42341,7.8584
42342,7.2012
42343,7.4386
42344,8.0125
42345,5.0985
42346,7.5917
42347,8.8777
42348,7.638
42349,7.4423
42350,8.0015
42351,8.0328
42352,7.8155
42353,7.5077
42354,6.0407
42355,7.5925
42356,7.68
42357,7.6018
42358,7.8281
42359,6.6441
42360,7.8198
42361,6.7147
42362,7.4499
42363,7.386
42364,7.7364
42365,7.424
42366,7.4299
42367,7.6018
42368,7.2775
42369,7.7821
42370,7.3653
42371,7.4573
42372,6.9767
42373,6.8172
42374,7.2339
42375,8.8518
42376,6.7928
42377,7.2827
42378,8.8518
42379,7.5754
42380,5.0985
42381,7.7192
42382,6.8724
42383,7.7047
42384,7.2952
42385,7.6018
42386,7.0775
42387,7.3231
42388,6.8815
42389,7.3705
42390,7.2602
42391,7.5077
42392,7.3566
42393,7.4354
42394,7.3985
42395,7.5154
42396,8.022
42397,8.5494
42398,7.3864
42399,7.7851
42400,7.6018
42401,7.4669
42402,7.7814
42403,7.7342
42404,7.2602
42405,7.2602
42406,8.1767
42407,8.8518
42408,7.6682
42409,8.8518
42410,7.6414
42411,7.5925
42412,7.4141
42413,7.6018
42414,7.2602
42415,9.118
42416,8.0767
42417,7.3348
42418,7.3653
42419,7.5283
42420,8.4108
42421,7.1682
42422,7.5956
42423,7.4805
42424,7.2012
42425,7.2975
42426,7.741
42427,7.3857
42428,7.2218
42429,7.6311
42430,7.8542
42431,7.8935
42432,8.2866
42433,7.5309
42434,7.6223
42435,7.4385
42436,8.7665
42437,9.0922
42438,5.6203
42439,8.0007
42440,7.5345
42441,7.796
42442,8.0654
42443,7.6018
42444,7.7857
42445,8.1574
42446,6.9144
42447,8.175
42448,7.5015
42449,7.7165
42450,7.4447
42451,7.7289
42452,8.8518
42453,7.9006
42454,6.6679
42455,7.2515
42456,7.6931
42457,7.1251
42458,7.6836
42459,8.0621
42460,7.6018
42461,7.8381
42462,7.4049
42463,7.6018
42464,7.501
42465,8.0009
42466,7.9015
42467,7.5878
42468,8.8518
42469,7.6425
42470,8.328
42471,7.6018
42472,9.3089
42473,7.1575
42474,7.1014
42475,9.0017
42476,7.5427
42477,7.9056
42478,7.2462
42479,9.1484
42480,6.7345
42481,7.4432
42482,7.8923
42483,7.7425
42484,7.5746
42485,7.1455
42486,7.9418
42487,7.8696
42488,7.2602
42489,7.54
42490,8.8518
42491,7.4143
42492,7.9009
42493,7.3677
42494,7.4616
42495,5.0985
42496,7.54
42497,7.5947
42498,7.4036
42499,8.7296
42500,7.7349
42501,6.9094
42502,7.7289
42503,7.6212
42504,8.1493
42505,7.2667
42506,7.5848
42507,7.4036
42508,7.6018
42509,6.991
42510,7.6274
42511,8.1545
42512,7.4746
42513,8.6089
42514,7.6881
42515,7.3339
42516,7.283
42517,7.5893
42518,7.4892
42519,7.6942
42520,8.0727
42521,7.2057
42522,7.4299
42523,7.5015
42524,8.023
42525,7.1708
42526,7.5398
42527,7.4291
42528,7.8456
42529,8.0013
42530,5.9361
42531,7.2739
42532,7.5516
42533,7.2846
42534,7.2321
42535,7.0013
42536,7.6059
42537,7.6322
42538,7.74
42539,7.4629
42540,9.3457
42541,7.8673
42542,7.5903
42543,5.0985
42544,8.6688
42545,7.9733
42546,7.787
42547,7.6018
42548,6.0005
42549,8.0011
42550,7.3899
42551,7.4245
42552,7.7299
42553,8.0774
42554,7.3761
42555,7.4513
42556,7.7469
42557,7.784
42558,7.5471
42559,7.3009
42560,7.4063
42561,7.5011
42562,7.4133
42563,8.5507
42564,7.8198
42565,7.6018
42566,9.0017
42567,7.4608
42568,7.4917
42569,8.1128
42570,7.6423
42571,7.5692
42572,7.82
42573,8.3348
42574,7.9345
42575,7.3307
42576,7.5479
42577,7.0182
42578,8.1749
42579,7.3161
42580,7.8323
42581,7.8872
42582,7.66
42583,7.5077
42584,7.4279
42585,7.8557
42586,7.5061
42587,7.4299
42588,7.1682
42589,7.6018
42590,7.5547
42591,6.665
42592,9.0017
42593,7.6677
42594,7.4562
42595,7.6441
42596,6.7971
42597,7.5183
42598,8.044
42599,7.6285
42600,7.6889
42601,7.6018
42602,7.7328
42603,7.7232
42604,7.6018
42605,6.8843
42606,5.0985
42607,7.9373
42608,7.638
42609,7.7515
42610,6.3645
42611,7.2602
42612,7.6018
42613,7.3179
42614,6.4869
42615,7.9238
42616,8.1509
42617,7.3522
42618,7.4974
42619,8.5463
42620,6.9632
42621,7.7628
42622,8.1224
42623,7.7431
42624,7.9494
42625,7.0599
42626,7.5439
42627,7.193
42628,7.3148
42629,7.3228
42630,7.54
42631,7.4884
42632,7.386
42633,8.2788
42634,7.6018
42635,8.2157
42636,7.9878
42637,7.0679
42638,7.2793
42639,7.8304
42640,6.678
42641,7.2602
42642,7.9796
42643,7.6201
42644,6.8012
42645,7.5931
42646,7.6158
42647,7.9023
42648,8.1479
42649,8.1858
42650,7.2602
42651,7.5013
42652,7.2915
42653,8.4725
42654,7.4036
42655,7.6018
42656,4.2874
42657,7.2491
42658,8.2449
42659,7.6085
42660,8.6688
42661,7.1064
42662,7.7607
42663,7.6018
42664,7.5841
42665,7.638
42666,7.5247
42667,7.4299
42668,7.2602
42669,7.7539
42670,8.1995
42671,7.7643
42672,7.9397
42673,7.6018
42674,7.7514
42675,7.638
42676,9.2309
42677,7.4166
42678,7.6942
42679,7.4485
42680,7.5851
42681,7.5848
42682,7.3127
42683,7.6062
42684,7.7288
42685,7.6818
42686,8.5441
42687,7.5583
42688,7.7515
42689,7.5527
42690,8.205
42691,7.1792
42692,8.0189
42693,8.0545
42694,7.2511
42695,8.1523
42696,8.4407
42697,7.5015
42698,7.5007
42699,7.2324
42700,5.8528
42701,7.5905
42702,8.1085
42703,7.4036
42704,7.6018
42705,7.4486
42706,6.5499
42707,7.1646
42708,7.2515
42709,7.6551
42710,7.3019
42711,7.6219
42712,7.9006
42713,7.5607
42714,7.6018
42715,7.5032
42716,7.7722
42717,6.9483
42718,7.6018
42719,8.144
42720,8.8518
42721,8.5242
42722,7.3361
42723,7.2156
42724,7.6154
42725,7.9126
42726,7.3091
42727,5.0985
42728,7.2913
42729,7.4491
42730,7.6444
42731,7.8198
42732,6.9842
42733,7.6471
42734,7.5011
42735,7.2602
42736,7.3616
42737,7.5305
42738,7.3392
42739,7.6416
42740,7.6018
42741,5.0985
42742,7.8436
42743,7.0003
42744,7.7281
42745,7.7283
42746,7.3653
42747,8.3439
42748,7.6947
42749,8.0119
42750,7.1731
42751,7.9591
42752,7.4519
42753,7.6105
42754,7.9009
42755,7.177
42756,5.1918
42757,7.6034
42758,7.6794
42759,7.2923
42760,7.0812
42761,7.8169
42762,7.7103
42763,7.6018
42764,7.8046
42765,7.593
42766,8.0009
42767,7.0877
42768,7.3566
42769,7.9465
42770,7.8348
42771,7.2156
42772,6.7081
42773,7.9299
42774,7.6673
42775,7.5527
42776,7.869
42777,7.5923
42778,6.9932
42779,7.35
42780,7.3118
42781,7.2058
42782,7.2453
42783,7.5682
42784,8.8518
42785,7.6972
42786,7.9014
42787,7.6509
42788,8.4431
42789,7.6311
42790,7.1308
42791,8.6168
42792,7.9719
42793,7.7077
42794,7.2602
42795,7.6682
42796,8.0009
42797,7.723
42798,7.3994
42799,7.4853
42800,7.9801
42801,7.4828
42802,6.7399
42803,5.1918
42804,7.2607
42805,7.7697
42806,7.787
42807,7.2057
42808,7.9413
42809,7.4119
42810,8.3891
42811,7.4182
42812,7.4488
42813,8.8518
42814,7.5077
42815,8.8518
42816,6.3238
42817,7.9055
42818,7.3286
42819,7.9245
42820,7.7919
42821,7.5501
42822,8.1259
42823,7.653
42824,7.0509
42825,7.5186
42826,8.4203
42827,7.6158
42828,8.2809
42829,7.1078
42830,7.9345
42831,8.129
42832,8.4267
42833,8.7894
42834,7.4491
42835,7.603
42836,7.4629
42837,6.6481
42838,7.7876
42839,7.7237
42840,8.248
42841,7.8551
42842,7.6018
42843,7.1255
42844,7.6018
42845,5.0985
42846,6.9277
42847,7.5658
42848,7.1249
42849,7.8198
42850,7.5848
42851,7.5669
42852,7.5695
42853,7.8034
42854,7.6018
42855,7.6256
42856,8.4347
42857,7.6931
42858,7.4598
42859,7.6018
42860,8.1436
42861,7.4548
42862,7.6065
42863,7.6834
42864,8.8518
42865,7.2948
42866,8.4431
42867,6.9277
42868,7.7515
42869,7.7289
42870,7.4562
42871,7.2295
42872,7.626
42873,9.3089
42874,7.5976
42875,7.6018
42876,8.7665
42877,7.3293
42878,7.0783
42879,8.0978
42880,7.4351
42881,7.9673
42882,7.4562
42883,7.1488
42884,8.175
42885,6.4591
42886,8.2636
42887,7.344
42888,8.6396
42889,5.0985
42890,8.0486
42891,8.0473
42892,7.3046
42893,8.1689
42894,7.3456
42895,7.6018
42896,7.8194
42897,7.7787
42898,8.8777
42899,7.8065
42900,8.1521
42901,7.2602
42902,8.8518
42903,5.0985
42904,8.0641
42905,7.5521
42906,8.3509
42907,7.2952
42908,8.018
42909,7.8756
42910,7.9878
42911,7.2798
42912,7.5007
42913,8.4431
42914,7.0359
42915,7.5516
42916,8.8518
42917,7.5925
42918,7.4372
42919,8.0175
42920,7.578
42921,7.8673
42922,6.7378
42923,8.7461
42924,7.7505
42925,7.5009
42926,7.4574
42927,7.4599
42928,7.1844
42929,7.638
42930,8.8518
42931,8.1434
42932,7.1934
42933,8.3127
42934,7.7475
42935,7.9776
42936,7.7628
42937,8.273
42938,7.5408
42939,8.0414
42940,7.6261
42941,8.0727
42942,7.4074
42943,7.638
42944,6.3686
42945,6.8407
42946,7.5471
42947,5.0985
42948,8.1775
42949,8.8518
42950,7.6018
42951,7.5548
42952,7.3914
42953,7.7254
42954,7.6776
42955,8.8518
42956,9.1484
42957,8.0517
42958,7.2321
42959,7.7289
42960,7.8501
42961,7.5058
42962,7.7384
42963,7.6018
42964,7.5092
42965,7.7349
42966,7.9714
42967,7.5058
42968,8.0727
42969,7.5819
42970,5.0985
42971,7.1946
42972,7.6797
42973,7.2722
42974,7.6018
42975,7.3899
42976,7.6018
42977,7.2602
42978,7.4491
42979,8.8518
42980,7.6716
42981,7.8129
42982,7.1204
42983,7.5948
42984,7.8633
42985,7.287
42986,7.1009
42987,7.2828
42988,7.8887
42989,7.417
42990,7.5218
42991,5.0985
42992,7.4938
42993,7.3485
42994,7.1487
42995,7.8286
42996,7.6623
42997,7.6531
42998,7.6018
42999,7.6608
43000,6.7784
43001,8.1051
43002,7.9465
43003,7.3974
43004,7.6018
43005,7.9007
43006,7.9593
43007,7.4769
43008,6.7515
43009,7.2602
43010,8.0015
43011,8.3562
43012,8.8518
43013,7.6931
43014,7.512
43015,6.6086
43016,5.0985
43017,9.0017
43018,7.5236
43019,7.8198
43020,8.0747
43021,7.5752
43022,7.2157
43023,7.2602
43024,7.3628
43025,7.3163
43026,8.8518
43027,7.6018
43028,7.586
43029,5.0985
43030,7.47
43031,7.8184
43032,7.9743
43033,7.6486
43034,6.9449
43035,7.9602
43036,7.8413
43037,7.4368
43038,8.8518
43039,7.6168
43040,7.638
43041,7.3653
43042,7.7196
43043,7.3566
43044,5.6506
43045,8.2507
43046,7.8949
43047,7.7562
43048,7.3566
43049,8.4799
43050,5.0985
43051,7.9345
43052,8.2004
43053,7.7515
43054,7.607
43055,7.5893
43056,7.8196
43057,7.6449
43058,7.8553
43059,7.4629
43060,7.5727
43061,7.3808
43062,7.5808
43063,6.5508
43064,7.4843
43065,8.1691
43066,7.4985
43067,7.4086
43068,7.6917
43069,7.7867
43070,7.5339
43071,7.4717
43072,8.1509
43073,8.7169
43074,7.5883
43075,6.6006
43076,7.4946
43077,6.8843
43078,6.8843
43079,7.2602
43080,7.7841
43081,7.1674
43082,7.9291
43083,7.4162
43084,8.8518
43085,8.8518
43086,8.8518
43087,7.2602
43088,7.2602
43089,7.5691
43090,7.653
43091,6.8645
43092,8.0641
43093,7.6263
43094,7.5925
43095,7.3091
43096,8.2904
43097,7.5566
43098,7.7924
43099,8.4781
43100,8.2656
43101,6.0091
43102,7.3348
43103,7.2914
43104,7.2602
43105,8.0727
43106,7.7144
43107,7.3566
43108,7.638
43109,8.0006
43110,7.8238
43111,7.2082
43112,7.6073
43113,7.8749
43114,8.7461
43115,8.5933
43116,7.469
43117,5.0985
43118,7.6455
43119,7.9231
43120,7.5274
43121,7.6018
43122,7.7072
43123,7.3819
43124,8.8518
43125,5.0985
43126,7.5035
43127,7.5077
43128,7.5043
43129,7.7515
43130,7.4562
43131,7.5005
43132,8.326
43133,7.3393
43134,7.2069
43135,7.2311
43136,6.7809
43137,7.8793
43138,9.0017
43139,7.6018
43140,8.1482
43141,7.4036
43142,7.0679
43143,7.2975
43144,7.0536
43145,8.5665
43146,7.4562
43147,7.6018
43148,7.9354
43149,7.6682
43150,7.5077
43151,8.6989
43152,7.8819
43153,7.5427
43154,7.8581
43155,7.8051
43156,7.54
43157,7.5554
43158,7.2602
43159,8.1006
43160,8.1195
43161,7.9996
43162,7.9587
43163,7.6159
43164,8.8518
43165,8.0405
43166,5.6095
43167,7.5318
43168,7.5511
43169,7.4056
43170,8.0002
43171,7.9123
43172,8.4105
43173,7.7524
43174,4.2874
43175,8.5933
43176,7.2156
43177,7.7025
43178,6.7782
43179,7.6376
43180,7.1441
43181,8.4163
43182,8.8518
43183,7.6018
43184,7.2772
43185,8.0694
43186,7.9306
43187,7.4157
43188,8.3127
43189,7.6018
43190,7.7097
43191,8.184
43192,7.4372
43193,9.3089
43194,7.9425
43195,7.4112
43196,7.8363
43197,7.8647
43198,7.6318
43199,7.3276
43200,7.5273
43201,7.4119
43202,8.1572
43203,7.7399
43204,7.8183
43205,7.3127
43206,8.0964
43207,7.3329
43208,8.0321
43209,6.43
43210,7.6432
43211,7.6263
43212,7.6018
43213,7.6931
43214,7.5013
43215,7.6261
43216,7.6066
43217,9.3426
43218,8.1834
43219,5.6095
43220,5.4897
43221,8.2195
43222,7.4404
43223,7.3959
43224,8.3112
43225,7.8064
43226,8.0256
43227,7.5594
43228,8.184
43229,7.847
43230,7.9411
43231,7.8086
43232,7.3421
43233,8.26
43234,7.3345
43235,7.6018
43236,7.8558
43237,7.7094
43238,7.6003
43239,7.7754
43240,7.6018
43241,7.8789
43242,7.7658
43243,7.6018
43244,7.6658
43245,7.7524
43246,8.537
43247,7.6018
43248,7.5003
43249,7.4636
43250,7.2937
43251,9.0922
43252,7.0011
43253,8.1596
43254,6.8167
43255,8.1314
43256,7.5135
43257,7.6138
43258,7.6018
43259,7.4076
43260,7.7515
43261,8.3946
43262,7.4821
43263,5.6506
43264,8.175
43265,7.2602
43266,7.4299
43267,5.0985
43268,8.6688
43269,7.6845
43270,6.5179
43271,7.6679
43272,7.4417
43273,8.2509
43274,8.8518
43275,6.9429
43276,7.4174
43277,6.0392
43278,7.4036
43279,7.6018
43280,8.0848
43281,7.4629
43282,7.6263
43283,7.6018
43284,7.5102
43285,7.0636
43286,7.54
43287,6.5163
43288,7.2511
43289,7.4182
43290,8.4431
43291,7.3566
43292,7.7706
43293,7.1772
43294,7.6946
43295,8.0063
43296,8.3199
43297,7.1792
43298,7.638
43299,7.7014
43300,7.7957
43301,7.9344
43302,7.2602
43303,8.653
43304,7.6937
43305,7.6378
43306,7.0299
43307,7.6595
43308,7.6018
43309,8.2904
43310,8.6688
43311,6.6455
43312,7.8198
43313,7.4454
43314,8.0641
43315,7.2602
43316,7.9469
43317,7.6831
43318,7.4598
43319,8.6078
