ID,rating
0,7.75
1,7.8125
2,7.2595
3,8.2109
4,5.5
5,8.6667
6,7.6018
7,7.918
8,7.9947
9,6.9737
10,7.0294
11,8.8556
12,8.0294
13,9.5
14,7.2595
15,7.15
16,8.7404
17,6.6667
18,4.3333
19,7.6018
20,7.7009
21,7.5
22,8.8302
23,7.3333
24,7.2595
25,8.4091
26,7.2595
27,5.0752
28,7.6018
29,7.8916
30,8.5833
31,7.918
32,9.25
33,5.0752
34,9.5
35,7.9375
36,7.2727
37,8.2222
38,9.6216
39,6.0
40,7.5965
41,7.8
42,5.0
43,7.2595
44,7.9375
45,8.5
46,7.5556
47,7.2595
48,7.6018
49,7.6018
50,7.6018
51,9.0262
52,7.9947
53,7.2143
54,7.7236
55,7.2595
56,8.275
57,7.9
58,7.4
59,6.8182
60,5.0752
61,8.3971
62,8.3333
63,8.0
64,7.0
65,8.2
66,5.8529
67,7.2846
68,7.0
69,8.8556
70,7.6018
71,8.3778
72,8.7091
73,6.5
74,8.1829
75,9.1
76,6.8889
77,8.2857
78,7.2595
79,8.7273
80,9.25
81,7.6018
82,8.8556
83,5.5
84,8.1579
85,8.7903
86,5.5714
87,7.6018
88,9.3077
89,10.0
90,7.6018
91,6.0
92,8.8556
93,7.1689
94,8.8556
95,7.2595
96,7.6018
97,9.375
98,6.0
99,8.4634
100,7.6268
101,9.6139
102,8.5625
103,7.7778
104,7.6018
105,7.815
106,7.0
107,7.2
108,7.2595
109,7.815
110,10.0
111,7.6018
112,5.8214
113,7.6018
114,8.8556
115,7.8594
116,6.7778
117,8.6567
118,7.6018
119,8.4906
120,7.375
121,7.5505
122,7.6018
123,10.0
124,6.7358
125,7.75
126,7.1689
127,7.6268
128,4.75
129,7.4828
130,7.9947
131,7.6018
132,6.0
133,6.5294
134,8.9315
135,8.3571
136,7.1689
137,8.8556
138,7.75
139,6.4921
140,8.4286
141,7.6018
142,8.9905
143,6.0
144,7.2595
145,7.6018
146,8.5036
147,8.8556
148,8.4091
149,7.9947
150,7.6018
151,8.9905
152,7.0
153,7.2595
154,5.0
155,7.9231
156,8.1389
157,7.3103
158,9.6429
159,7.1111
160,7.6018
161,8.8556
162,6.0
163,7.6018
164,7.8718
165,8.2368
166,7.8148
167,9.3333
168,9.3529
169,7.2595
170,6.4545
171,8.4906
172,8.1043
173,8.8556
174,8.0
175,8.8571
176,8.8556
177,9.0262
178,8.418
179,9.0
180,5.5401
181,9.3333
182,8.0952
183,8.25
184,7.3333
185,8.1111
186,6.9333
187,8.8
188,7.6018
189,8.1818
190,7.5714
191,7.1455
192,7.9565
193,9.3455
194,7.3973
195,7.6
196,10.0
197,8.1053
198,4.9189
199,8.0
200,6.9091
201,4.2857
202,8.9796
203,8.8556
204,7.141
205,7.2595
206,8.3333
207,7.2595
208,8.2368
209,7.6018
210,7.6018
211,5.0752
212,7.6018
213,6.5
214,6.0226
215,7.6018
216,7.3333
217,8.1486
218,9.5
219,8.0238
220,7.8431
221,7.6018
222,7.2595
223,8.4474
224,7.5714
225,7.2
226,8.0
227,7.6018
228,8.0
229,8.5714
230,10.0
231,6.9688
232,7.2917
233,7.6018
234,6.1538
235,7.8941
236,7.0
237,6.7328
238,7.814
239,5.0
240,8.8556
241,8.75
242,6.9167
243,8.4474
244,7.8941
245,6.7358
246,7.75
247,7.0
248,8.05
249,7.3478
250,7.815
251,8.069
252,7.2595
253,7.6018
254,8.0
255,5.8333
256,7.8333
257,9.3455
258,7.6018
259,7.9273
260,6.8462
261,8.1976
262,8.2353
263,6.7403
264,7.6018
265,5.0752
266,6.0
267,7.1689
268,8.5
269,6.9
270,7.6018
271,9.8571
272,8.8556
273,8.1277
274,7.0
275,7.6018
276,8.541
277,9.3662
278,7.6018
279,7.1689
280,9.0
281,6.3846
282,8.873
283,8.1111
284,9.4841
285,7.6018
286,8.8556
287,9.4286
288,7.2595
289,8.1976
290,6.1
291,8.75
292,7.6018
293,5.3182
294,6.0909
295,9.1333
296,8.8
297,8.2105
298,7.6018
299,7.1689
300,7.53
301,7.5968
302,7.3973
303,7.2595
304,8.5753
305,5.0752
306,8.8556
307,7.6018
308,6.9524
309,7.4746
310,7.6018
311,7.3333
312,8.0
313,5.7778
314,9.3333
315,7.0714
316,5.1
317,7.6018
318,7.375
319,7.4
320,7.5333
321,5.0752
322,9.134
323,9.3158
324,7.6018
325,5.6154
326,7.0
327,7.2595
328,7.5714
329,6.6
330,9.0262
331,7.6018
332,8.5818
333,7.875
334,7.6018
335,7.1429
336,7.375
337,7.6018
338,7.6018
339,7.6018
340,7.6018
341,6.0226
342,7.7838
343,7.9298
344,8.8556
345,7.6018
346,6.75
347,7.3846
348,9.134
349,7.6018
350,7.0882
351,7.2595
352,6.8333
353,9.3455
354,7.53
355,8.1429
356,7.069
357,8.1852
358,8.0
359,9.8571
360,7.6018
361,9.4841
362,7.9577
363,6.7581
364,6.0226
365,9.1111
366,7.3929
367,6.7143
368,8.7
369,5.5401
370,10.0
371,7.0
372,7.9947
373,6.0303
374,7.7009
375,9.3455
376,7.6018
377,8.3382
378,7.9
379,8.283
380,5.0
381,8.3571
382,5.0
383,7.4167
384,7.1039
385,9.2105
386,5.1
387,7.6268
388,7.6018
389,9.1373
390,8.8556
391,7.5405
392,8.9403
393,7.3523
394,7.141
395,8.8556
396,7.6018
397,9.3455
398,6.0226
399,6.0
400,7.6018
401,7.7762
402,7.2174
403,7.6018
404,7.9524
405,8.2222
406,7.2595
407,8.8556
408,7.1429
409,8.42
410,7.5
411,8.0238
412,7.0
413,8.2
414,9.3662
415,8.4444
416,7.6944
417,9.0
418,7.75
419,7.6018
420,7.6018
421,6.7358
422,6.0226
423,9.4841
424,10.0
425,7.2595
426,7.141
427,10.0
428,7.2595
429,6.5
430,6.0
431,7.0
432,7.3793
433,7.069
434,7.1689
435,7.6714
436,5.6667
437,7.4118
438,7.4824
439,8.0294
440,7.0
441,7.9298
442,7.2595
443,8.8302
444,7.828
445,8.1829
446,7.069
447,9.1765
448,7.9091
449,7.6018
450,7.25
451,6.7619
452,7.6018
453,7.1039
454,8.418
455,9.1786
456,8.0
457,8.1875
458,6.0
459,7.2846
460,8.1111
461,7.7
462,6.25
463,7.6018
464,5.9286
465,6.0226
466,8.05
467,7.6
468,6.7
469,7.6
470,7.6018
471,7.7778
472,8.9714
473,5.8519
474,7.8333
475,5.0
476,7.25
477,7.9231
478,6.0769
479,8.1955
480,7.9452
481,8.7368
482,9.0256
483,7.9565
484,7.6018
485,9.0262
486,7.1689
487,6.8
488,8.9905
489,2.0
490,7.2595
491,8.1538
492,9.3333
493,7.6809
494,8.3333
495,8.375
496,7.6018
497,9.3455
498,7.9
499,7.6018
500,5.0
501,9.1395
502,7.9
503,6.2381
504,7.6018
505,8.8556
506,7.1429
507,7.3913
508,8.2222
509,8.5
510,7.6018
511,8.6719
512,7.6018
513,8.8556
514,7.8947
515,7.25
516,8.7091
517,7.9947
518,5.0752
519,8.2128
520,6.2143
521,7.2595
522,7.5065
523,6.25
524,9.1667
525,8.1829
526,6.0226
527,8.0
528,7.8941
529,8.6567
530,7.3913
531,6.0226
532,7.6018
533,6.8377
534,7.6207
535,7.4167
536,7.7762
537,7.0484
538,8.7091
539,7.8
540,6.9583
541,7.4824
542,7.8889
543,9.3333
544,9.1667
545,8.7903
546,8.5818
547,7.2595
548,7.6364
549,7.0484
550,9.6216
551,7.8812
552,7.9375
553,7.96
554,6.0
555,6.7857
556,7.6018
557,7.8947
558,8.9714
559,7.6018
560,7.6018
561,8.88
562,7.5476
563,7.6018
564,7.53
565,7.5
566,8.1389
567,7.5
568,7.5333
569,8.283
570,8.4091
571,4.0
572,6.3333
573,9.0
574,8.3953
575,7.1429
576,7.3523
577,7.1689
578,6.5862
579,6.5
580,7.6018
581,8.2368
582,8.3778
583,7.0
584,7.6018
585,7.2
586,8.7812
587,8.0
588,7.75
589,8.2222
590,9.3455
591,7.6
592,5.0
593,7.5065
594,8.1136
595,9.0
596,7.8966
597,7.6018
598,6.3636
599,8.8556
600,7.5405
601,7.0
602,8.1976
603,7.2595
604,6.5
605,7.9947
606,7.6018
607,8.5818
608,7.6018
609,9.9643
610,5.1355
611,8.0
612,7.1429
613,9.0
614,7.6018
615,7.3333
616,8.8333
617,8.1667
618,7.6018
619,7.0
620,7.9
621,7.625
622,9.0262
623,8.5385
624,6.8667
625,7.3846
626,7.8812
627,8.25
628,6.25
629,7.5505
630,5.5753
631,7.6018
632,6.8
633,5.25
634,8.283
635,7.619
636,7.6018
637,7.2243
638,6.9091
639,8.8556
640,7.0
641,8.1786
642,5.9825
643,9.2
644,8.5
645,8.875
646,7.6018
647,7.5333
648,7.7449
649,6.7129
650,7.375
651,8.1829
652,7.5065
653,7.6018
654,8.125
655,7.0
656,7.7009
657,7.9412
658,7.3796
659,6.5833
660,7.8333
661,8.0882
662,7.815
663,7.5
664,8.5
665,7.5065
666,8.7048
667,7.0345
668,7.6018
669,8.0429
670,8.0
671,5.1667
672,7.0577
673,6.8689
674,10.0
675,7.5065
676,5.9
677,8.8556
678,6.0714
679,7.6018
680,7.2595
681,7.2595
682,7.4146
683,7.0484
684,7.2595
685,8.7029
686,7.3571
687,9.125
688,7.6018
689,5.5401
690,8.0
691,7.2595
692,7.6575
693,7.4146
694,9.3455
695,9.6216
696,9.7907
697,8.1818
698,5.0
699,7.5574
700,8.4444
701,7.5
702,7.0
703,7.2595
704,7.6018
705,6.6875
706,6.125
707,8.8556
708,7.0818
709,8.1111
710,7.5862
711,7.1689
712,7.6
713,8.8556
714,8.3971
715,7.6018
716,9.6
717,9.0262
718,5.8571
719,8.2128
720,8.6
721,7.8966
722,7.0
723,7.8333
724,7.2595
725,9.5
726,7.8
727,7.2222
728,8.0
729,7.6018
730,8.5556
731,7.6018
732,8.2676
733,8.9565
734,7.6018
735,7.6268
736,5.0
737,7.6018
738,6.5769
739,8.0
740,8.5
741,7.6364
742,9.0
743,7.2595
744,5.25
745,7.6018
746,8.5769
747,7.6018
748,7.885
749,5.1875
750,8.8556
751,7.2595
752,8.069
753,7.3523
754,7.5952
755,6.64
756,6.5
757,8.6667
758,7.4286
759,8.3
760,7.1053
761,9.4841
762,7.5254
763,5.0752
764,7.0
765,6.0
766,7.9947
767,9.16
768,7.6018
769,8.0426
770,6.6923
771,7.5339
772,8.375
773,7.6667
774,7.5278
775,8.0
776,7.6018
777,7.2595
778,5.0
779,6.0
780,8.0833
781,7.2595
782,8.7404
783,7.75
784,6.0226
785,8.1429
786,10.0
787,7.0484
788,9.0
789,7.5882
790,7.2595
791,7.6018
792,6.7129
793,6.0226
794,9.4878
795,6.2
796,8.8556
797,7.7105
798,7.2595
799,7.5556
800,8.875
801,5.1355
802,5.9825
803,5.8333
804,8.875
805,7.4848
806,7.5952
807,8.8556
808,7.9286
809,8.8556
810,7.2
811,7.0577
812,5.1355
813,8.2105
814,7.0
815,7.3523
816,9.3455
817,6.2308
818,7.6018
819,7.6018
820,7.0345
821,7.6018
822,8.2764
823,9.0227
824,6.0
825,7.2595
826,7.6018
827,7.0577
828,8.8727
829,7.1689
830,7.9375
831,7.3333
832,7.9577
833,5.5753
834,8.0
835,7.3523
836,8.8556
837,9.3455
838,7.5714
839,7.125
840,7.0
841,7.3158
842,8.7234
843,8.1786
844,7.375
845,8.8556
846,6.2778
847,7.0
848,8.8556
849,7.6667
850,9.1667
851,8.6316
852,7.5
853,7.7857
854,8.8571
855,7.5065
856,9.9643
857,7.5065
858,7.1039
859,8.5
860,7.55
861,8.5333
862,8.5714
863,7.5
864,8.1043
865,5.9825
866,8.0
867,8.2857
868,7.6923
869,7.6018
870,7.4
871,8.275
872,6.6957
873,7.1667
874,7.2243
875,7.7449
876,7.8941
877,6.2143
878,7.6087
879,8.9565
880,7.3523
881,6.3514
882,7.2595
883,5.8571
884,8.0
885,7.375
886,6.3333
887,7.2595
888,5.0
889,8.4615
890,9.1304
891,7.6018
892,7.2243
893,8.375
894,6.2381
895,7.6018
896,8.5
897,7.918
898,7.2595
899,7.6018
900,6.0958
901,8.3684
902,7.8889
903,7.76
904,7.6018
905,7.6018
906,7.6667
907,7.0
908,9.0
909,8.0
910,7.3796
911,7.0
912,8.4091
913,9.3077
914,7.2595
915,5.0752
916,7.7
917,8.7391
918,8.0857
919,8.8556
920,6.0
921,8.7143
922,8.0238
923,7.3404
924,7.5505
925,8.0833
926,7.6268
927,7.2595
928,7.0
929,8.5
930,8.0
931,7.6018
932,7.4444
933,5.0
934,6.0958
935,8.6111
936,7.6018
937,9.5
938,8.8556
939,8.6667
940,8.25
941,8.8556
942,8.1538
943,7.6018
944,8.9796
945,7.871
946,7.3523
947,6.0
948,7.6018
949,7.6018
950,7.4
951,7.3796
952,7.6
953,7.6018
954,5.0
955,7.1212
956,8.418
957,8.8556
958,7.6018
959,7.1818
960,7.2595
961,7.2595
962,6.25
963,8.1043
964,9.6
965,7.6018
966,7.5065
967,7.6018
968,7.2595
969,10.0
970,5.8214
971,7.6923
972,5.5556
973,7.4339
974,8.0
975,5.1667
976,7.1689
977,7.6471
978,7.6714
979,7.6018
980,7.6018
981,7.2595
982,7.6538
983,6.25
984,7.6809
985,7.7009
986,5.0752
987,8.8556
988,8.3939
989,8.1538
990,7.6018
991,7.5455
992,8.2105
993,7.1689
994,8.873
995,7.6018
996,7.4848
997,8.7048
998,9.134
999,7.6667
1000,7.5
1001,7.6018
1002,8.418
1003,8.3333
1004,6.7778
1005,6.6667
1006,8.1955
1007,8.5385
1008,6.5
1009,10.0
1010,5.0752
1011,7.6018
1012,6.6522
1013,7.2595
1014,9.0
1015,6.5833
1016,7.8723
1017,6.4921
1018,7.2595
1019,7.6154
1020,9.0262
1021,6.7129
1022,8.8556
1023,7.6538
1024,7.3103
1025,6.7403
1026,7.6944
1027,9.375
1028,7.3148
1029,7.6018
1030,6.1
1031,7.6018
1032,7.4286
1033,6.9091
1034,9.6111
1035,7.5065
1036,10.0
1037,7.0
1038,7.6018
1039,7.0
1040,8.5
1041,7.2595
1042,8.9315
1043,7.6923
1044,7.4483
1045,8.6667
1046,5.9474
1047,8.0882
1048,6.8377
1049,8.0
1050,6.25
1051,7.2595
1052,8.3649
1053,6.9231
1054,7.4118
1055,9.2
1056,7.0
1057,8.0
1058,7.6471
1059,7.5476
1060,8.8556
1061,8.7091
1062,5.95
1063,7.3523
1064,7.2243
1065,8.7029
1066,7.5938
1067,8.1955
1068,7.9143
1069,7.6018
1070,7.7895
1071,8.1486
1072,8.0
1073,6.8333
1074,7.6018
1075,6.56
1076,7.6471
1077,7.3571
1078,6.0
1079,7.6429
1080,7.0484
1081,7.2308
1082,7.7449
1083,7.6018
1084,7.3523
1085,9.3455
1086,9.0
1087,8.0
1088,8.0
1089,7.5574
1090,8.8431
1091,7.6018
1092,5.0
1093,8.3333
1094,7.0
1095,7.6364
1096,8.7029
1097,7.2595
1098,7.0
1099,8.6667
1100,8.1667
1101,7.6018
1102,9.3662
1103,8.5556
1104,6.9259
1105,8.8556
1106,7.0
1107,7.4054
1108,5.6667
1109,7.8182
1110,5.5753
1111,10.0
1112,7.5505
1113,7.8
1114,7.0
1115,7.6757
1116,4.0
1117,9.6216
1118,7.5
1119,10.0
1120,8.3382
1121,7.2595
1122,7.5065
1123,8.75
1124,7.2595
1125,7.8
1126,7.6429
1127,7.6018
1128,7.9577
1129,6.8377
1130,7.2595
1131,8.9828
1132,7.8916
1133,7.2595
1134,7.2595
1135,6.0
1136,7.3796
1137,7.3438
1138,7.2595
1139,8.92
1140,7.6018
1141,8.7048
1142,8.7404
1143,8.8556
1144,7.6018
1145,7.1689
1146,5.1355
1147,7.6268
1148,6.3889
1149,8.1955
1150,7.53
1151,6.9143
1152,8.3333
1153,7.7762
1154,6.9333
1155,7.9947
1156,7.0
1157,7.0833
1158,5.1355
1159,7.6018
1160,7.6018
1161,5.4286
1162,7.8333
1163,7.6018
1164,7.1429
1165,8.875
1166,6.0958
1167,5.95
1168,8.1875
1169,7.6018
1170,5.5
1171,7.1429
1172,8.2
1173,7.6364
1174,7.5333
1175,7.2595
1176,7.1212
1177,6.6875
1178,7.6018
1179,6.8377
1180,7.0
1181,7.8
1182,8.0
1183,7.2595
1184,8.2368
1185,8.2222
1186,8.2109
1187,7.6667
1188,7.8889
1189,6.0
1190,7.1667
1191,7.6018
1192,6.0
1193,7.6018
1194,8.75
1195,7.8
1196,9.6429
1197,8.7368
1198,7.3523
1199,7.125
1200,7.6018
1201,8.023
1202,8.8556
1203,8.6364
1204,7.1039
1205,7.871
1206,8.0455
1207,7.6018
1208,8.1053
1209,8.2
1210,8.7778
1211,7.0
1212,5.0
1213,5.0752
1214,9.7907
1215,7.885
1216,8.1976
1217,10.0
1218,7.6268
1219,7.6018
1220,8.0
1221,9.3077
1222,7.5505
1223,7.875
1224,7.6154
1225,8.8556
1226,8.1053
1227,7.6018
1228,8.6
1229,7.6018
1230,7.6018
1231,7.6018
1232,7.2
1233,7.2595
1234,6.3333
1235,8.8556
1236,6.1667
1237,8.42
1238,7.6018
1239,8.1905
1240,6.9667
1241,7.6
1242,5.75
1243,8.8333
1244,8.5
1245,7.9947
1246,5.1429
1247,8.8556
1248,8.8556
1249,7.6018
1250,8.28
1251,7.0
1252,9.6429
1253,5.1355
1254,7.6018
1255,7.6018
1256,7.6364
1257,8.8556
1258,9.6667
1259,8.4074
1260,8.1111
1261,5.0752
1262,9.1
1263,7.6061
1264,7.5556
1265,8.0
1266,7.8
1267,6.5
1268,7.6018
1269,7.2941
1270,5.8214
1271,8.6719
1272,7.2595
1273,8.2
1274,7.0882
1275,5.0752
1276,8.9403
1277,8.8556
1278,7.15
1279,6.8377
1280,8.1852
1281,7.4421
1282,7.5405
1283,10.0
1284,7.3523
1285,7.0
1286,7.6018
1287,7.5952
1288,7.6018
1289,7.814
1290,8.4118
1291,8.8556
1292,7.5
1293,8.8556
1294,8.0
1295,9.3455
1296,7.6268
1297,7.6018
1298,7.6018
1299,8.4474
1300,7.6018
1301,8.4906
1302,9.6216
1303,6.6364
1304,7.2595
1305,7.2595
1306,7.9947
1307,7.4421
1308,6.0226
1309,7.6018
1310,5.0
1311,7.2595
1312,8.6176
1313,7.3523
1314,7.6429
1315,7.6018
1316,7.9947
1317,7.1364
1318,7.6018
1319,6.0
1320,8.1852
1321,7.9545
1322,8.6842
1323,5.8214
1324,5.3333
1325,5.25
1326,7.9231
1327,7.6018
1328,7.6018
1329,7.6122
1330,9.0
1331,8.8556
1332,7.9947
1333,7.6018
1334,8.0
1335,8.0714
1336,8.6571
1337,7.6429
1338,9.0262
1339,9.1667
1340,9.1667
1341,7.2595
1342,7.6018
1343,7.2595
1344,7.2595
1345,7.5952
1346,8.8556
1347,7.2595
1348,7.3333
1349,7.0
1350,7.2595
1351,7.2
1352,7.5339
1353,7.96
1354,8.1
1355,8.9828
1356,8.0
1357,8.9565
1358,7.9091
1359,7.6018
1360,5.5
1361,7.5952
1362,9.0
1363,8.0
1364,7.141
1365,7.2595
1366,7.2846
1367,9.0
1368,7.2595
1369,8.1667
1370,7.6018
1371,8.6
1372,7.75
1373,7.6018
1374,7.2595
1375,6.9091
1376,8.5
1377,8.2222
1378,7.4865
1379,10.0
1380,8.0
1381,6.0
1382,7.7692
1383,7.2595
1384,7.1689
1385,7.4167
1386,7.2595
1387,8.2963
1388,5.0752
1389,7.6018
1390,7.8824
1391,8.8556
1392,9.2
1393,7.2595
1394,9.3333
1395,7.3796
1396,7.875
1397,8.3333
1398,5.4444
1399,7.6018
1400,7.0
1401,5.5753
1402,8.8556
1403,7.3333
1404,7.1667
1405,7.6018
1406,7.6018
1407,6.7328
1408,9.1667
1409,8.1875
1410,7.2595
1411,8.7692
1412,7.4545
1413,7.5952
1414,8.0
1415,8.25
1416,8.5833
1417,6.9556
1418,7.95
1419,7.2846
1420,8.75
1421,8.25
1422,8.8462
1423,7.6667
1424,7.75
1425,6.75
1426,8.2
1427,5.5401
1428,8.1955
1429,7.2595
1430,7.5333
1431,7.5476
1432,8.2019
1433,8.0
1434,8.5625
1435,6.6
1436,7.2595
1437,8.4474
1438,7.9231
1439,7.1212
1440,8.1765
1441,9.1786
1442,7.8
1443,7.3523
1444,7.0345
1445,7.5065
1446,5.0752
1447,7.6018
1448,7.6018
1449,7.4167
1450,7.6018
1451,7.7
1452,5.0
1453,9.3455
1454,7.0
1455,6.5
1456,5.5
1457,7.55
1458,8.5769
1459,6.0
1460,7.6018
1461,7.1039
1462,10.0
1463,7.815
1464,7.6018
1465,7.125
1466,8.275
1467,8.3953
1468,8.2368
1469,6.9583
1470,7.1689
1471,8.7404
1472,8.4286
1473,7.4146
1474,7.2917
1475,8.9828
1476,7.2857
1477,7.7236
1478,7.7449
1479,6.3333
1480,7.6018
1481,8.8889
1482,7.6018
1483,7.9231
1484,8.1111
1485,7.2595
1486,8.75
1487,7.6018
1488,5.0752
1489,7.2595
1490,8.5036
1491,5.7826
1492,7.6018
1493,9.1786
1494,8.8333
1495,7.9947
1496,7.6268
1497,7.2595
1498,7.25
1499,6.0
1500,9.5714
1501,10.0
1502,7.3973
1503,6.3636
1504,8.8333
1505,9.0
1506,8.2222
1507,6.0226
1508,8.0
1509,7.5065
1510,7.6018
1511,9.0227
1512,5.5714
1513,7.7727
1514,7.6018
1515,5.0
1516,8.8556
1517,7.3523
1518,7.9524
1519,7.0577
1520,7.0714
1521,7.6667
1522,7.2846
1523,8.4
1524,6.2308
1525,7.1429
1526,5.25
1527,8.5818
1528,7.6018
1529,9.4878
1530,9.4545
1531,6.4286
1532,7.2595
1533,7.3523
1534,6.5
1535,9.0262
1536,8.9714
1537,9.6216
1538,7.3846
1539,7.7236
1540,7.6018
1541,8.0833
1542,8.36
1543,8.8556
1544,7.2595
1545,8.5
1546,8.8556
1547,7.2857
1548,6.5
1549,9.1429
1550,7.6018
1551,8.8958
1552,10.0
1553,8.0833
1554,8.931
1555,7.6018
1556,5.0752
1557,8.5
1558,7.6018
1559,7.875
1560,7.1689
1561,7.7449
1562,7.6018
1563,7.1212
1564,7.2595
1565,9.075
1566,9.0
1567,8.3731
1568,7.6018
1569,7.7236
1570,7.0
1571,8.6667
1572,8.9714
1573,7.6018
1574,7.6018
1575,7.0
1576,7.8947
1577,5.65
1578,8.8556
1579,7.2595
1580,7.6018
1581,7.96
1582,7.1944
1583,7.2595
1584,8.1976
1585,7.0
1586,7.2857
1587,8.8333
1588,7.5065
1589,7.6667
1590,7.7009
1591,7.0
1592,7.8617
1593,7.2595
1594,6.9375
1595,7.2595
1596,8.0556
1597,6.1818
1598,7.8108
1599,5.4
1600,8.1829
1601,8.1875
1602,8.58
1603,5.25
1604,6.8571
1605,3.0
1606,6.8333
1607,7.6018
1608,5.5753
1609,8.0
1610,7.6018
1611,8.3333
1612,8.0
1613,7.6018
1614,9.1765
1615,9.2857
1616,8.0
1617,8.25
1618,7.5556
1619,8.3571
1620,8.7368
1621,7.6018
1622,8.0
1623,7.9947
1624,5.1385
1625,7.6268
1626,7.6018
1627,7.5505
1628,7.9947
1629,7.2595
1630,6.6364
1631,7.6667
1632,8.2692
1633,7.0
1634,9.4839
1635,8.1429
1636,8.375
1637,10.0
1638,8.1111
1639,10.0
1640,7.6018
1641,7.2595
1642,7.3523
1643,7.2595
1644,9.125
1645,7.5574
1646,7.5714
1647,6.3333
1648,7.9375
1649,8.7143
1650,8.375
1651,7.2595
1652,7.9452
1653,7.5476
1654,5.0
1655,6.0226
1656,7.6944
1657,8.6667
1658,6.9231
1659,8.0455
1660,7.6018
1661,8.375
1662,7.6268
1663,7.2595
1664,7.2595
1665,7.9667
1666,9.6429
1667,8.8824
1668,8.9905
1669,7.7059
1670,6.6214
1671,7.7971
1672,6.375
1673,7.6018
1674,5.0
1675,8.4091
1676,4.2857
1677,7.0
1678,8.023
1679,6.7368
1680,7.9947
1681,7.2595
1682,8.2353
1683,7.6018
1684,7.6018
1685,5.5753
1686,8.0
1687,9.0
1688,7.4339
1689,7.0
1690,7.2595
1691,6.0226
1692,6.8276
1693,7.6018
1694,7.6018
1695,7.9947
1696,7.6018
1697,7.6018
1698,8.2222
1699,6.25
1700,6.0
1701,7.6018
1702,8.6667
1703,7.9091
1704,8.1111
1705,7.0
1706,5.2
1707,8.8556
1708,8.5
1709,8.375
1710,7.6018
1711,6.7358
1712,7.5714
1713,7.6018
1714,7.75
1715,7.6018
1716,9.0
1717,7.0
1718,7.6714
1719,8.8556
1720,8.3
1721,7.6018
1722,7.0
1723,7.4167
1724,5.8529
1725,8.1829
1726,7.6018
1727,8.8556
1728,7.2595
1729,7.6268
1730,8.0
1731,6.8276
1732,7.5
1733,7.0
1734,7.0
1735,5.5401
1736,8.8556
1737,8.0
1738,7.6018
1739,4.9167
1740,7.0
1741,6.7358
1742,7.2222
1743,8.0
1744,7.5
1745,5.0
1746,7.6018
1747,8.2857
1748,6.5
1749,7.2595
1750,9.0
1751,8.0755
1752,7.2595
1753,6.6522
1754,7.7037
1755,7.375
1756,10.0
1757,9.0
1758,7.7236
1759,7.6429
1760,7.5952
1761,8.0294
1762,7.141
1763,8.5714
1764,8.9796
1765,7.6018
1766,7.4421
1767,7.2391
1768,9.1333
1769,7.2595
1770,7.8617
1771,5.1385
1772,7.6018
1773,7.84
1774,8.25
1775,7.5263
1776,5.9286
1777,7.6018
1778,7.6154
1779,8.2109
1780,8.7029
1781,7.5065
1782,8.3714
1783,5.0
1784,7.6018
1785,6.375
1786,6.5
1787,7.5065
1788,8.0
1789,7.875
1790,4.5
1791,7.5476
1792,7.8889
1793,9.0
1794,8.2222
1795,7.96
1796,8.4906
1797,9.4632
1798,8.873
1799,9.5
1800,8.88
1801,8.3333
1802,7.2595
1803,7.2595
1804,8.0426
1805,5.5753
1806,8.9315
1807,7.619
1808,5.75
1809,7.7449
1810,7.2595
1811,9.0262
1812,8.1667
1813,7.0
1814,7.6471
1815,8.8556
1816,7.3636
1817,6.9556
1818,7.8333
1819,8.0909
1820,8.9403
1821,7.9143
1822,7.3333
1823,6.625
1824,8.0
1825,7.2595
1826,9.5
1827,7.6
1828,8.3649
1829,7.6018
1830,7.2595
1831,7.6957
1832,7.6944
1833,7.828
1834,7.2243
1835,9.75
1836,7.4151
1837,7.918
1838,7.2595
1839,8.2222
1840,9.28
1841,8.8556
1842,7.5185
1843,6.1667
1844,8.1111
1845,5.2
1846,8.2
1847,9.0
1848,7.6018
1849,7.1667
1850,7.2595
1851,7.3182
1852,7.3333
1853,8.3333
1854,8.0909
1855,6.1
1856,7.5
1857,6.2
1858,5.0
1859,6.4118
1860,7.6018
1861,7.8
1862,8.8065
1863,7.6875
1864,6.8889
1865,7.6018
1866,7.75
1867,7.9444
1868,6.5
1869,7.6018
1870,5.1538
1871,8.8556
1872,7.3148
1873,8.122
1874,7.6018
1875,7.5505
1876,8.5
1877,8.25
1878,7.6018
1879,6.7917
1880,7.6018
1881,9.0262
1882,7.4
1883,6.0226
1884,5.25
1885,9.8889
1886,7.4545
1887,7.4074
1888,5.5
1889,7.6018
1890,8.7404
1891,7.1689
1892,7.6897
1893,7.6018
1894,7.9273
1895,7.2595
1896,7.75
1897,7.5333
1898,8.0
1899,8.7805
1900,8.1928
1901,7.1689
1902,8.418
1903,7.3571
1904,5.0752
1905,7.8889
1906,7.6018
1907,7.1321
1908,8.5
1909,7.7449
1910,7.2595
1911,7.8
1912,8.283
1913,7.9688
1914,7.6018
1915,8.1486
1916,7.6018
1917,7.9688
1918,7.9231
1919,7.6018
1920,7.6018
1921,7.6018
1922,7.5065
1923,8.0
1924,7.6018
1925,7.0
1926,9.0262
1927,7.3
1928,8.1043
1929,8.931
1930,7.6018
1931,7.6018
1932,6.0
1933,7.2595
1934,7.5
1935,5.4
1936,7.2595
1937,7.6018
1938,6.5
1939,7.918
1940,6.7358
1941,7.8941
1942,8.0
1943,8.5
1944,8.2764
1945,8.0667
1946,7.6018
1947,7.75
1948,9.3832
1949,7.6018
1950,7.8333
1951,7.6018
1952,8.0
1953,7.7105
1954,7.815
1955,7.6268
1956,7.3796
1957,8.7029
1958,7.7105
1959,7.2595
1960,5.9286
1961,9.28
1962,7.6018
1963,7.5
1964,7.2595
1965,8.2764
1966,7.6018
1967,8.1538
1968,8.0
1969,5.6667
1970,7.2595
1971,5.25
1972,7.6018
1973,7.6268
1974,8.0
1975,7.4
1976,7.2595
1977,8.9403
1978,8.9828
1979,7.6018
1980,8.8556
1981,7.0
1982,5.0752
1983,8.3158
1984,5.0
1985,7.6667
1986,5.0752
1987,7.1321
1988,6.0
1989,8.8889
1990,5.0752
1991,8.0
1992,7.8125
1993,7.6018
1994,6.5714
1995,9.3455
1996,8.5769
1997,8.1955
1998,5.25
1999,9.1395
2000,9.9643
2001,8.6
2002,8.2857
2003,6.0226
2004,8.0
2005,5.8519
2006,7.7009
2007,7.2595
2008,9.0
2009,7.3846
2010,8.0
2011,7.6018
2012,8.0
2013,5.5401
2014,7.2595
2015,8.1579
2016,8.8556
2017,7.6018
2018,5.1355
2019,7.1613
2020,7.2595
2021,7.6061
2022,8.2353
2023,7.2595
2024,5.5
2025,7.6364
2026,8.1944
2027,8.2
2028,6.3333
2029,6.25
2030,7.6667
2031,8.1111
2032,7.6268
2033,7.6018
2034,8.2
2035,7.7895
2036,7.8916
2037,7.6018
2038,6.0226
2039,7.6018
2040,7.6018
2041,7.6018
2042,8.5667
2043,5.3182
2044,9.4545
2045,8.0
2046,10.0
2047,8.7368
2048,7.8077
2049,9.5
2050,5.75
2051,7.0667
2052,7.5
2053,8.8556
2054,6.5333
2055,7.6018
2056,7.7009
2057,5.25
2058,9.2857
2059,7.2258
2060,6.9
2061,8.7619
2062,7.6018
2063,7.918
2064,8.1111
2065,8.9655
2066,6.4
2067,8.5714
2068,6.5
2069,9.4632
2070,7.2
2071,7.15
2072,8.023
2073,7.5333
2074,8.3333
2075,8.2222
2076,6.5
2077,8.8387
2078,8.75
2079,7.5714
2080,7.6018
2081,7.1111
2082,7.1
2083,7.2857
2084,10.0
2085,7.6018
2086,7.6018
2087,8.7091
2088,6.6842
2089,5.1385
2090,8.9091
2091,7.0
2092,7.6018
2093,7.6575
2094,7.8
2095,9.7907
2096,8.8333
2097,7.9947
2098,7.2595
2099,8.8556
2100,7.2595
2101,8.0
2102,7.9
2103,10.0
2104,9.7
2105,8.0556
2106,7.5
2107,6.9375
2108,9.4878
2109,8.7
2110,8.6667
2111,7.6122
2112,9.3455
2113,7.0
2114,6.2632
2115,6.625
2116,7.96
2117,8.1111
2118,7.6018
2119,7.8182
2120,7.6018
2121,8.0
2122,7.7895
2123,7.6018
2124,7.6471
2125,8.8556
2126,6.2143
2127,7.2595
2128,6.0
2129,7.1463
2130,8.1
2131,6.8824
2132,8.8556
2133,8.8556
2134,7.375
2135,7.6018
2136,7.5339
2137,6.7143
2138,7.6018
2139,6.5
2140,6.7778
2141,9.1176
2142,8.96
2143,5.0
2144,7.2595
2145,7.2595
2146,8.8556
2147,8.122
2148,7.6018
2149,7.0833
2150,5.0
2151,8.8556
2152,7.6018
2153,8.5
2154,7.75
2155,7.1689
2156,8.5753
2157,9.4444
2158,9.0
2159,8.2019
2160,8.0
2161,7.0
2162,5.3333
2163,9.1786
2164,8.0
2165,9.1667
2166,7.8812
2167,7.2595
2168,8.1928
2169,7.2
2170,7.6018
2171,7.5
2172,7.6
2173,6.25
2174,7.7
2175,4.7059
2176,8.0426
2177,6.0
2178,7.2595
2179,8.3333
2180,6.8333
2181,5.5
2182,8.5036
2183,7.45
2184,7.2595
2185,8.0
2186,8.023
2187,6.64
2188,8.8556
2189,7.5938
2190,7.1689
2191,8.8556
2192,4.9189
2193,6.0226
2194,7.6018
2195,5.0752
2196,7.2595
2197,9.0
2198,9.75
2199,7.2595
2200,7.1944
2201,7.6018
2202,6.0958
2203,7.5505
2204,6.1071
2205,7.2595
2206,5.0752
2207,8.4
2208,7.5
2209,7.5
2210,7.6018
2211,9.4583
2212,7.7762
2213,9.0262
2214,5.0752
2215,6.2
2216,7.6018
2217,7.6018
2218,7.6018
2219,7.6018
2220,6.9091
2221,7.2857
2222,8.8556
2223,7.9
2224,7.5065
2225,8.5
2226,7.1321
2227,6.4545
2228,6.0
2229,7.2595
2230,7.3846
2231,6.875
2232,8.5
2233,7.2595
2234,7.6018
2235,6.625
2236,8.0
2237,7.5965
2238,9.4583
2239,8.75
2240,5.5753
2241,8.9714
2242,8.1486
2243,8.875
2244,8.0
2245,6.6667
2246,7.6018
2247,8.8556
2248,8.0
2249,5.0752
2250,5.8571
2251,8.4286
2252,6.0
2253,7.6018
2254,8.8556
2255,8.1111
2256,7.0
2257,9.6139
2258,9.8571
2259,8.1277
2260,9.25
2261,5.881
2262,6.0909
2263,5.0752
2264,8.8556
2265,8.7404
2266,8.375
2267,7.2846
2268,7.6018
2269,7.5065
2270,7.5952
2271,7.6809
2272,6.75
2273,6.0714
2274,7.4339
2275,9.3832
2276,7.6268
2277,7.5
2278,5.0
2279,7.2595
2280,7.2595
2281,7.1026
2282,8.2764
2283,8.3571
2284,8.3
2285,5.8214
2286,7.6018
2287,7.2909
2288,7.0
2289,8.1667
2290,7.3913
2291,8.0238
2292,7.0
2293,7.1689
2294,7.6018
2295,7.6018
2296,7.5952
2297,8.0833
2298,7.6018
2299,6.6842
2300,8.8556
2301,7.6018
2302,6.7328
2303,8.8556
2304,6.6
2305,7.5455
2306,7.3182
2307,7.087
2308,7.9947
2309,6.0958
2310,7.1689
2311,8.8556
2312,6.9091
2313,8.1136
2314,5.1355
2315,6.6364
2316,6.875
2317,7.25
2318,6.5
2319,7.25
2320,6.3333
2321,7.4286
2322,9.5
2323,4.9189
2324,9.0262
2325,3.6667
2326,7.5455
2327,7.6018
2328,7.8723
2329,8.0755
2330,8.3636
2331,7.8916
2332,7.6018
2333,7.2595
2334,9.0262
2335,6.7129
2336,8.1486
2337,7.5556
2338,7.6018
2339,7.2595
2340,7.6018
2341,8.4906
2342,6.2778
2343,8.2353
2344,8.5
2345,9.0
2346,9.0262
2347,8.0
2348,7.6018
2349,7.7762
2350,5.1355
2351,8.2109
2352,9.375
2353,8.8556
2354,8.1955
2355,8.5753
2356,7.6018
2357,9.6139
2358,6.0
2359,9.0
2360,8.6176
2361,8.5165
2362,7.6018
2363,5.8519
2364,7.6667
2365,10.0
2366,7.2
2367,6.6667
2368,7.25
2369,7.6018
2370,8.5
2371,6.7358
2372,8.8556
2373,8.2812
2374,8.1043
2375,8.8556
2376,5.0752
2377,7.6018
2378,7.2595
2379,7.5952
2380,4.5455
2381,5.5401
2382,8.6
2383,6.0226
2384,7.7115
2385,7.6018
2386,7.0
2387,7.4
2388,7.6018
2389,7.1689
2390,7.2595
2391,7.5505
2392,7.6018
2393,7.6018
2394,8.7903
2395,6.5
2396,8.2308
2397,7.2595
2398,7.2595
2399,5.1355
2400,9.0
2401,7.5
2402,8.5
2403,7.2258
2404,8.0
2405,5.1667
2406,7.7009
2407,5.4
2408,8.5165
2409,5.3636
2410,8.5294
2411,6.0
2412,8.0
2413,6.2055
2414,7.6018
2415,8.4444
2416,9.1176
2417,6.8
2418,7.9947
2419,7.7
2420,7.6018
2421,7.6018
2422,7.2595
2423,8.3333
2424,8.0833
2425,7.2595
2426,7.0
2427,7.6018
2428,8.92
2429,7.2632
2430,7.6018
2431,7.1689
2432,4.9189
2433,7.7826
2434,5.0
2435,7.6018
2436,7.4194
2437,7.6809
2438,8.3382
2439,7.0
2440,6.9231
2441,6.5714
2442,8.8556
2443,8.0
2444,7.2857
2445,9.2857
2446,6.0
2447,6.875
2448,7.8916
2449,7.5
2450,5.0
2451,6.8571
2452,7.1579
2453,8.1928
2454,7.5339
2455,6.375
2456,7.5
2457,6.9091
2458,7.5
2459,6.1667
2460,7.6268
2461,7.6018
2462,7.2963
2463,7.58
2464,7.9947
2465,7.2595
2466,7.6122
2467,7.2595
2468,7.6018
2469,7.3158
2470,9.9643
2471,7.5472
2472,6.7403
2473,5.0752
2474,10.0
2475,7.2963
2476,7.6018
2477,7.2595
2478,8.8
2479,7.3796
2480,1.0
2481,7.6018
2482,7.1689
2483,8.0556
2484,5.0752
2485,9.0262
2486,5.5714
2487,7.6018
2488,9.0
2489,6.7328
2490,7.5065
2491,8.1111
2492,8.8556
2493,7.0714
2494,7.6122
2495,7.7826
2496,8.5
2497,7.9947
2498,6.1538
2499,8.0455
2500,8.4444
2501,6.1765
2502,8.9286
2503,6.8
2504,6.25
2505,7.6018
2506,5.1385
2507,6.5
2508,7.2595
2509,6.0958
2510,7.4583
2511,7.6923
2512,7.6018
2513,8.5165
2514,7.2595
2515,7.6018
2516,7.3333
2517,8.1928
2518,7.0
2519,7.6018
2520,7.875
2521,9.0262
2522,7.6757
2523,7.6018
2524,8.8556
2525,7.5065
2526,7.6018
2527,9.0262
2528,7.6018
2529,7.2595
2530,7.6018
2531,8.8556
2532,7.84
2533,7.6018
2534,7.5161
2535,8.8235
2536,8.1111
2537,8.8556
2538,6.6214
2539,7.0
2540,8.1579
2541,7.6018
2542,7.1429
2543,9.1081
2544,8.9828
2545,6.4
2546,8.418
2547,9.1111
2548,5.0752
2549,7.4
2550,7.7009
2551,8.8556
2552,8.8556
2553,5.0752
2554,8.8556
2555,7.6018
2556,7.6268
2557,5.0
2558,8.42
2559,9.0
2560,8.5036
2561,7.8667
2562,7.6
2563,7.6667
2564,5.0
2565,7.2595
2566,8.8556
2567,7.2595
2568,7.6268
2569,7.2595
2570,9.6
2571,7.5065
2572,7.8941
2573,8.88
2574,7.6018
2575,6.9655
2576,7.0294
2577,6.0
2578,7.2857
2579,10.0
2580,8.3382
2581,7.3333
2582,8.1786
2583,7.4286
2584,6.5
2585,7.1039
2586,9.25
2587,7.6018
2588,8.75
2589,8.8556
2590,6.0
2591,7.5065
2592,8.4
2593,8.6667
2594,7.6018
2595,6.3333
2596,7.9947
2597,7.6
2598,7.0769
2599,7.2595
2600,6.5
2601,7.6018
2602,7.1429
2603,6.0
2604,7.6018
2605,8.8556
2606,7.5938
2607,8.037
2608,5.0752
2609,7.6018
2610,9.0
2611,6.0
2612,7.2595
2613,8.8556
2614,7.5938
2615,7.2595
2616,6.5
2617,9.6139
2618,7.5339
2619,8.1765
2620,7.76
2621,7.6018
2622,8.2
2623,7.9143
2624,6.6
2625,9.0
2626,8.8556
2627,8.0
2628,8.0
2629,7.2727
2630,6.9483
2631,8.5
2632,8.5036
2633,5.0752
2634,5.5
2635,6.6154
2636,7.3571
2637,7.8667
2638,8.5875
2639,8.1579
2640,5.0
2641,5.0
2642,8.7029
2643,8.1053
2644,7.2595
2645,5.1
2646,9.0262
2647,8.5833
2648,8.8556
2649,9.0262
2650,7.2595
2651,5.1355
2652,5.0752
2653,7.2595
2654,7.6018
2655,7.6018
2656,7.6018
2657,9.3158
2658,6.9
2659,7.6018
2660,5.0
2661,7.0
2662,7.9
2663,7.2941
2664,9.25
2665,8.8556
2666,6.7143
2667,7.6018
2668,7.6667
2669,7.6018
2670,7.6018
2671,7.2595
2672,6.875
2673,6.7358
2674,6.8689
2675,7.8594
2676,9.1667
2677,7.4
2678,7.4167
2679,8.1043
2680,8.9565
2681,7.6018
2682,7.9559
2683,5.5753
2684,7.2595
2685,7.5065
2686,8.0909
2687,7.3523
2688,8.8556
2689,5.0
2690,8.0
2691,8.25
2692,7.6018
2693,8.8556
2694,7.6268
2695,7.6018
2696,7.5405
2697,7.8966
2698,8.0714
2699,8.0
2700,8.5
2701,8.3731
2702,7.6018
2703,6.7129
2704,10.0
2705,8.3714
2706,9.0262
2707,7.1321
2708,7.625
2709,8.5
2710,8.5833
2711,8.25
2712,7.087
2713,8.0238
2714,9.4
2715,8.3649
2716,7.6018
2717,8.8556
2718,7.5505
2719,8.25
2720,7.6667
2721,6.6364
2722,10.0
2723,8.0094
2724,7.6018
2725,6.0226
2726,7.6018
2727,7.7449
2728,7.6018
2729,8.8556
2730,7.6018
2731,8.2727
2732,7.6018
2733,8.0
2734,7.7762
2735,10.0
2736,8.9828
2737,8.7273
2738,9.0262
2739,7.2222
2740,6.7374
2741,8.3333
2742,8.875
2743,8.0
2744,8.3778
2745,10.0
2746,7.6268
2747,7.6018
2748,7.5
2749,9.0625
2750,7.7009
2751,6.3
2752,8.3731
2753,8.8958
2754,7.6018
2755,8.375
2756,8.5
2757,7.141
2758,7.8889
2759,7.6268
2760,5.25
2761,7.5065
2762,7.0
2763,7.2595
2764,7.4074
2765,5.0
2766,7.0484
2767,8.2727
2768,8.2
2769,7.6018
2770,9.7
2771,7.4375
2772,8.8556
2773,5.5753
2774,9.0262
2775,9.0
2776,7.2595
2777,9.1373
2778,7.0484
2779,7.6018
2780,7.0
2781,7.2595
2782,7.8667
2783,8.7234
2784,4.5556
2785,7.3148
2786,7.6018
2787,8.1765
2788,8.0
2789,5.4
2790,6.8689
2791,7.3333
2792,7.0
2793,8.6111
2794,5.0
2795,7.8617
2796,7.5926
2797,7.5
2798,6.2381
2799,7.25
2800,7.9947
2801,7.3333
2802,8.6552
2803,7.069
2804,10.0
2805,6.25
2806,6.8462
2807,8.303
2808,6.9091
2809,7.8667
2810,6.8276
2811,7.0
2812,9.0
2813,6.3333
2814,5.0
2815,8.0
2816,5.5
2817,7.2595
2818,7.918
2819,8.418
2820,7.2595
2821,7.9286
2822,7.2595
2823,8.6571
2824,7.2595
2825,4.0
2826,7.6018
2827,9.5
2828,7.8235
2829,9.134
2830,7.4146
2831,7.6538
2832,8.4634
2833,7.4824
2834,9.3333
2835,8.9403
2836,7.1689
2837,7.7009
2838,9.0262
2839,7.6018
2840,7.4
2841,7.8
2842,7.069
2843,8.3333
2844,5.9091
2845,10.0
2846,7.6018
2847,8.5714
2848,7.2595
2849,7.2595
2850,6.7
2851,7.2595
2852,6.7
2853,8.5
2854,7.6018
2855,7.75
2856,7.918
2857,8.6842
2858,8.3571
2859,7.6018
2860,7.6018
2861,8.8556
2862,5.1385
2863,6.8333
2864,7.6018
2865,7.5
2866,8.8
2867,7.9273
2868,7.6018
2869,8.1976
2870,7.6018
2871,5.3333
2872,6.7857
2873,7.6018
2874,7.6571
2875,8.5036
2876,6.25
2877,10.0
2878,7.7857
2879,8.0556
2880,9.1373
2881,10.0
2882,9.3333
2883,8.0
2884,7.1455
2885,7.15
2886,8.375
2887,6.0
2888,7.2857
2889,8.0
2890,7.6018
2891,7.2595
2892,10.0
2893,8.0
2894,7.4339
2895,6.875
2896,9.0
2897,7.1689
2898,7.2941
2899,9.3333
2900,5.8
2901,8.8556
2902,5.881
2903,8.8556
2904,9.0
2905,7.5065
2906,7.6018
2907,7.6018
2908,7.1689
2909,7.6018
2910,7.6018
2911,7.2243
2912,8.6667
2913,7.0
2914,8.0385
2915,7.1111
2916,8.375
2917,8.0
2918,7.6268
2919,9.0
2920,6.0
2921,7.9143
2922,9.1429
2923,9.75
2924,7.2595
2925,8.7029
2926,8.9315
2927,9.0
2928,8.8
2929,6.7374
2930,7.6018
2931,7.2595
2932,6.8182
2933,7.55
2934,7.2595
2935,5.5753
2936,7.6018
2937,5.1355
2938,7.6018
2939,6.2632
2940,7.2595
2941,6.6214
2942,9.075
2943,7.6018
2944,9.0
2945,7.2595
2946,7.1333
2947,6.875
2948,7.2595
2949,8.6667
2950,9.0
2951,5.5753
2952,8.1111
2953,8.1829
2954,9.4545
2955,8.25
2956,9.0262
2957,8.8556
2958,8.2764
2959,6.3333
2960,8.7234
2961,8.8556
2962,7.6268
2963,7.1429
2964,6.8571
2965,7.6268
2966,7.2595
2967,8.1976
2968,7.6471
2969,6.25
2970,5.8214
2971,7.7449
2972,7.4074
2973,8.9714
2974,7.2595
2975,7.1
2976,7.75
2977,7.2595
2978,5.8519
2979,5.0
2980,8.2019
2981,7.6897
2982,7.6018
2983,6.2
2984,6.25
2985,7.4865
2986,7.6018
2987,9.5
2988,8.8556
2989,7.7009
2990,8.64
2991,9.5
2992,7.5714
2993,8.0426
2994,6.5
2995,8.3143
2996,7.2595
2997,8.8556
2998,9.0262
2999,7.7762
3000,8.2
3001,6.5714
3002,7.6018
3003,7.3571
3004,8.8958
3005,7.8182
3006,10.0
3007,7.6429
3008,8.0
3009,8.0755
3010,6.4545
3011,5.5401
3012,8.1111
3013,8.8556
3014,8.6176
3015,7.6018
3016,7.7449
3017,6.5161
3018,7.4545
3019,8.2128
3020,7.2857
3021,8.2222
3022,7.6018
3023,7.5065
3024,8.0
3025,7.6757
3026,7.5574
3027,7.3462
3028,7.6018
3029,7.5556
3030,6.75
3031,8.8556
3032,7.6018
3033,6.7917
3034,6.7358
3035,8.8556
3036,7.8636
3037,7.2595
3038,7.5339
3039,8.8556
3040,7.4583
3041,7.3571
3042,8.7091
3043,7.6018
3044,7.1579
3045,7.5476
3046,8.8556
3047,5.0752
3048,6.5
3049,7.7009
3050,9.3455
3051,7.2595
3052,7.2857
3053,7.5333
3054,8.2353
3055,7.6018
3056,7.4091
3057,7.0
3058,7.069
3059,7.5574
3060,6.5455
3061,7.6018
3062,8.1
3063,7.6018
3064,7.2595
3065,8.8387
3066,5.1667
3067,7.3438
3068,7.6018
3069,8.2
3070,7.7236
3071,7.0
3072,6.5
3073,7.0
3074,7.2595
3075,9.0
3076,7.1321
3077,8.7029
3078,7.0
3079,7.2595
3080,8.8556
3081,7.6018
3082,8.8556
3083,7.9524
3084,6.6214
3085,6.7403
3086,8.5
3087,7.52
3088,7.2595
3089,7.5505
3090,6.2632
3091,7.5476
3092,7.5
3093,7.1039
3094,7.2595
3095,7.6018
3096,7.8889
3097,8.5818
3098,7.6018
3099,7.2595
3100,7.7105
3101,8.0455
3102,9.2
3103,9.125
3104,7.0
3105,7.6
3106,7.8
3107,6.6
3108,7.7009
3109,8.0
3110,6.4375
3111,8.9091
3112,7.2595
3113,8.1429
3114,7.0
3115,7.25
3116,9.6139
3117,7.1212
3118,8.0
3119,6.3333
3120,8.0
3121,8.6667
3122,5.0
3123,4.0
3124,9.8
3125,7.6018
3126,8.0952
3127,7.0818
3128,7.0
3129,7.9947
3130,7.1212
3131,8.8556
3132,8.0
3133,8.0435
3134,7.2174
3135,6.9483
3136,7.5263
3137,6.5333
3138,6.6667
3139,7.6018
3140,6.0
3141,7.2595
3142,8.8125
3143,9.6139
3144,5.8333
3145,7.6018
3146,8.375
3147,8.6719
3148,7.25
3149,7.2846
3150,8.0
3151,8.7029
3152,8.0909
3153,6.25
3154,6.8377
3155,9.0262
3156,7.2917
3157,7.3333
3158,7.2595
3159,9.6429
3160,7.6018
3161,7.55
3162,8.2
3163,6.0588
3164,8.2857
3165,5.4074
3166,7.0
3167,8.1667
3168,7.125
3169,6.0
3170,8.0
3171,7.3523
3172,7.2429
3173,7.6018
3174,8.1579
3175,8.8556
3176,3.0
3177,8.8556
3178,7.6018
3179,6.9
3180,7.2429
3181,8.1486
3182,7.9452
3183,8.8556
3184,5.881
3185,7.6667
3186,6.7328
3187,7.5385
3188,7.5065
3189,7.6018
3190,6.9333
3191,7.6875
3192,7.0
3193,7.5065
3194,7.0882
3195,9.4444
3196,7.2429
3197,6.9583
3198,7.4151
3199,8.0
3200,8.9444
3201,10.0
3202,7.5339
3203,7.6018
3204,10.0
3205,5.1667
3206,8.25
3207,7.6018
3208,8.1976
3209,9.5
3210,7.2595
3211,8.05
3212,7.3438
3213,7.8182
3214,7.6018
3215,8.375
3216,8.0833
3217,7.6018
3218,8.5
3219,9.134
3220,7.8916
3221,7.6018
3222,7.6018
3223,7.1689
3224,7.6018
3225,7.6018
3226,7.2595
3227,8.5036
3228,7.9947
3229,6.5238
3230,8.7778
3231,8.0882
3232,7.25
3233,7.7009
3234,7.9167
3235,10.0
3236,8.7404
3237,7.2595
3238,7.4167
3239,7.1212
3240,6.25
3241,7.2595
3242,8.8556
3243,6.0
3244,7.3523
3245,7.6268
3246,7.2
3247,7.6018
3248,7.6018
3249,5.0
3250,7.8966
3251,5.7692
3252,7.6018
3253,7.6018
3254,9.0262
3255,7.3523
3256,7.75
3257,8.3953
3258,7.8
3259,7.5
3260,7.6018
3261,7.9286
3262,7.58
3263,7.0818
3264,8.8556
3265,7.2595
3266,7.9947
3267,7.6018
3268,7.9091
3269,7.2595
3270,6.5238
3271,7.8824
3272,7.2595
3273,7.72
3274,8.8556
3275,7.6018
3276,8.2109
3277,7.4615
3278,7.7762
3279,7.6018
3280,9.0
3281,8.8556
3282,7.3523
3283,7.6667
3284,5.0752
3285,6.9
3286,5.0
3287,8.8667
3288,9.0262
3289,7.2595
3290,7.4824
3291,8.0
3292,8.8556
3293,9.0262
3294,6.8125
3295,7.6018
3296,7.9947
3297,8.8556
3298,8.037
3299,8.8387
3300,8.0
3301,6.0
3302,7.6
3303,8.2353
3304,8.7091
3305,7.6018
3306,7.6018
3307,8.1818
3308,7.6471
3309,7.6018
3310,7.6018
3311,8.7029
3312,7.4339
3313,8.2857
3314,8.037
3315,7.3523
3316,7.6471
3317,8.0588
3318,8.1667
3319,7.5574
3320,7.6018
3321,8.8556
3322,9.0
3323,7.6018
3324,8.8556
3325,7.2595
3326,7.5161
3327,8.0
3328,8.3939
3329,8.8556
3330,5.7
3331,6.75
3332,7.8182
3333,8.7391
3334,7.5065
3335,8.7805
3336,9.4583
3337,7.2857
3338,7.0
3339,7.6018
3340,7.3523
3341,6.8689
3342,7.8594
3343,6.1034
3344,7.6268
3345,5.1355
3346,4.0
3347,8.0
3348,7.1039
3349,7.5065
3350,7.6018
3351,9.2381
3352,6.7358
3353,7.9231
3354,7.3478
3355,7.0
3356,7.6018
3357,7.6018
3358,7.7857
3359,7.95
3360,9.0262
3361,5.1
3362,5.6667
3363,7.6018
3364,8.58
3365,8.2903
3366,8.8556
3367,7.5
3368,7.6018
3369,6.8377
3370,8.36
3371,9.5
3372,8.1429
3373,8.0455
3374,8.96
3375,7.6018
3376,7.4167
3377,7.2595
3378,6.7778
3379,8.1829
3380,8.8556
3381,7.7009
3382,7.53
3383,8.8556
3384,7.4074
3385,5.7
3386,8.1875
3387,8.0
3388,7.5065
3389,7.3523
3390,8.8556
3391,7.8667
3392,6.9655
3393,8.375
3394,7.3973
3395,8.8556
3396,7.6018
3397,7.2595
3398,8.7048
3399,5.0752
3400,7.1321
3401,7.6018
3402,8.0094
3403,7.4421
3404,8.0
3405,7.6018
3406,9.8571
3407,6.25
3408,6.7581
3409,7.6018
3410,8.8556
3411,7.6809
3412,7.5882
3413,7.875
3414,7.6018
3415,7.6018
3416,7.6018
3417,9.4
3418,7.2846
3419,9.5714
3420,7.6018
3421,6.8889
3422,7.8
3423,7.6957
3424,7.9947
3425,8.8556
3426,8.8065
3427,4.4
3428,8.8556
3429,7.814
3430,4.0
3431,8.5753
3432,8.2222
3433,6.5
3434,8.0
3435,8.1829
3436,9.2857
3437,5.0
3438,6.0
3439,7.6018
3440,7.6018
3441,7.7449
3442,6.0226
3443,9.0
3444,9.0
3445,9.3662
3446,9.0
3447,7.5
3448,9.0
3449,6.2381
3450,8.0
3451,7.5952
3452,9.1176
3453,5.5
3454,9.075
3455,6.8
3456,9.0
3457,7.4545
3458,6.1875
3459,8.2222
3460,7.7762
3461,7.0
3462,8.1579
3463,9.0
3464,7.1039
3465,6.6875
3466,7.0
3467,7.8182
3468,7.9231
3469,7.5
3470,6.0
3471,7.6018
3472,7.5505
3473,8.8333
3474,8.6842
3475,8.4667
3476,7.6018
3477,6.5161
3478,7.6018
3479,6.7358
3480,7.2857
3481,8.2222
3482,8.0
3483,9.3455
3484,5.1355
3485,8.5625
3486,7.6018
3487,6.7581
3488,8.0
3489,7.1039
3490,7.5
3491,6.0556
3492,7.2595
3493,8.2857
3494,9.3455
3495,8.0
3496,5.0
3497,7.6018
3498,8.1538
3499,7.6018
3500,6.8689
3501,6.7143
3502,9.0
3503,7.8
3504,7.8812
3505,7.6018
3506,5.0752
3507,9.0
3508,7.1429
3509,9.0262
3510,7.2595
3511,7.0
3512,8.05
3513,7.6018
3514,5.5
3515,8.0
3516,8.4634
3517,7.1689
3518,7.6018
3519,7.8571
3520,7.0
3521,8.0455
3522,8.6
3523,8.069
3524,7.6018
3525,7.2595
3526,6.4545
3527,5.9286
3528,6.6522
3529,7.6018
3530,8.8556
3531,8.8333
3532,8.0
3533,8.1667
3534,8.1111
3535,7.6018
3536,8.0
3537,7.6018
3538,7.828
3539,8.8556
3540,10.0
3541,8.8556
3542,8.8333
3543,7.25
3544,7.6018
3545,7.2595
3546,6.7403
3547,7.6018
3548,8.0
3549,8.8556
3550,7.3523
3551,8.0
3552,6.75
3553,5.0752
3554,7.5065
3555,6.5
3556,7.6667
3557,7.6018
3558,8.6567
3559,7.2595
3560,8.8556
3561,7.6018
3562,8.0
3563,7.9
3564,8.8556
3565,7.2595
3566,7.2595
3567,7.6018
3568,6.0
3569,6.5
3570,7.1689
3571,5.0
3572,7.5
3573,7.3333
3574,6.9375
3575,9.5
3576,7.6018
3577,9.5
3578,7.3333
3579,8.2
3580,7.2595
3581,9.5
3582,7.6018
3583,7.6018
3584,8.1829
3585,8.8556
3586,7.2595
3587,7.8
3588,7.6667
3589,9.4632
3590,8.92
3591,8.8556
3592,8.4634
3593,5.0752
3594,7.1212
3595,8.8556
3596,8.7812
3597,6.0
3598,7.2846
3599,7.5505
3600,8.8556
3601,6.8333
3602,7.2243
3603,5.0
3604,9.4878
3605,8.0
3606,7.2391
3607,8.5
3608,7.6018
3609,5.5
3610,8.5
3611,7.6018
3612,8.5909
3613,7.4194
3614,7.3636
3615,7.9947
3616,5.5401
3617,7.5574
3618,9.0
3619,7.7407
3620,8.5
3621,7.0
3622,7.6018
3623,6.6214
3624,7.3523
3625,5.6667
3626,6.5
3627,8.8556
3628,6.4118
3629,8.2
3630,7.8462
3631,7.6018
3632,6.0
3633,8.9403
3634,6.9737
3635,7.1689
3636,6.0667
3637,7.9
3638,7.6018
3639,7.5968
3640,8.0
3641,9.0262
3642,7.6018
3643,8.3
3644,9.15
3645,7.6018
3646,6.0
3647,7.2595
3648,7.6018
3649,8.0
3650,7.5476
3651,8.6111
3652,8.8556
3653,7.0
3654,7.4545
3655,9.75
3656,8.2
3657,9.2222
3658,7.6018
3659,8.0294
3660,6.0
3661,7.0294
3662,8.6111
3663,8.7091
3664,7.2595
3665,7.6018
3666,7.0
3667,8.2
3668,7.4167
3669,9.4545
3670,7.8333
3671,8.8556
3672,7.1689
3673,8.0
3674,7.2595
3675,7.8916
3676,7.6018
3677,5.0
3678,6.1667
3679,6.4
3680,7.8077
3681,8.3
3682,7.3523
3683,5.5
3684,8.4
3685,7.8812
3686,7.4824
3687,7.4194
3688,7.2595
3689,7.6018
3690,8.8556
3691,7.2595
3692,7.4286
3693,7.0
3694,7.0
3695,7.6018
3696,7.6018
3697,7.3523
3698,8.8556
3699,10.0
3700,7.9744
3701,5.0
3702,9.0262
3703,6.1818
3704,7.0
3705,5.4074
3706,7.2595
3707,6.8182
3708,7.9091
3709,7.2595
3710,7.25
3711,7.5
3712,7.4339
3713,4.0
3714,5.6667
3715,7.3333
3716,7.3796
3717,7.6018
3718,6.56
3719,6.7368
3720,7.6842
3721,7.1026
3722,8.7368
3723,7.3523
3724,8.8556
3725,7.375
3726,8.3731
3727,7.9091
3728,8.3939
3729,4.8462
3730,7.2595
3731,7.9947
3732,7.5
3733,7.6018
3734,8.0
3735,5.0
3736,7.0818
3737,7.9
3738,8.0
3739,7.069
3740,7.2595
3741,7.6018
3742,7.2595
3743,9.075
3744,7.3523
3745,6.3333
3746,7.1212
3747,8.8556
3748,4.9189
3749,8.2174
3750,7.5065
3751,5.0752
3752,7.6018
3753,7.3523
3754,8.3333
3755,8.5
3756,7.6018
3757,8.8556
3758,6.3
3759,8.931
3760,8.8556
3761,8.2128
3762,8.2105
3763,6.5
3764,6.7374
3765,9.3455
3766,6.6214
3767,8.3913
3768,8.1
3769,7.7762
3770,7.6471
3771,5.0
3772,8.0
3773,7.2727
3774,8.5
3775,8.25
3776,7.2595
3777,8.9828
3778,10.0
3779,8.8556
3780,7.5065
3781,7.9452
3782,7.6018
3783,8.1875
3784,5.2222
3785,8.2692
3786,6.0
3787,7.7009
3788,7.6018
3789,7.4339
3790,7.6667
3791,7.4375
3792,7.5
3793,7.6018
3794,10.0
3795,8.2105
3796,7.141
3797,8.3333
3798,9.3333
3799,7.2595
3800,7.6018
3801,7.6018
3802,9.6
3803,8.45
3804,7.6268
3805,8.0
3806,6.4
3807,7.6018
3808,7.1818
3809,6.2308
3810,6.0
3811,7.828
3812,7.6018
3813,8.375
3814,10.0
3815,7.3796
3816,7.3333
3817,9.9643
3818,7.6018
3819,9.0
3820,7.8941
3821,5.0752
3822,7.5505
3823,7.9286
3824,7.2595
3825,8.2109
3826,8.875
3827,8.0
3828,8.3333
3829,7.6018
3830,8.8556
3831,7.4824
3832,7.6018
3833,7.3523
3834,8.9714
3835,7.0
3836,5.7692
3837,7.4054
3838,7.814
3839,7.6018
3840,6.25
3841,7.814
3842,7.8916
3843,8.3077
3844,7.619
3845,7.6018
3846,5.8077
3847,8.1111
3848,7.6714
3849,7.2595
3850,8.75
3851,7.5455
3852,8.5556
3853,8.2368
3854,7.6667
3855,7.1455
3856,8.1579
3857,6.8
3858,8.8556
3859,7.2595
3860,9.3455
3861,7.6018
3862,6.7857
3863,7.5339
3864,5.0
3865,6.5
3866,6.7143
3867,7.6018
3868,7.2595
3869,5.0
3870,8.1579
3871,7.6018
3872,8.875
3873,7.8
3874,7.7778
3875,7.6018
3876,9.6667
3877,7.6018
3878,8.7029
3879,6.8889
3880,7.4167
3881,7.6018
3882,9.0262
3883,7.9947
3884,8.0
3885,7.6018
3886,7.8594
3887,6.5862
3888,7.2595
3889,8.541
3890,8.1955
3891,6.6667
3892,8.5
3893,9.0262
3894,10.0
3895,7.5263
3896,7.53
3897,7.5065
3898,7.5065
3899,7.6667
3900,7.6018
3901,7.3404
3902,7.4151
3903,7.5714
3904,8.4634
3905,7.2595
3906,7.3404
3907,6.3
3908,8.0
3909,7.1463
3910,8.2667
3911,6.9091
3912,8.1955
3913,7.9524
3914,6.75
3915,7.8571
3916,7.5
3917,7.2595
3918,7.3523
3919,6.0226
3920,5.8214
3921,9.3158
3922,7.4615
3923,9.0
3924,7.0
3925,6.875
3926,6.7358
3927,7.1455
3928,6.7143
3929,9.0
3930,7.2963
3931,7.7
3932,5.4286
3933,6.4118
3934,7.2595
3935,9.3455
3936,7.1176
3937,8.7179
3938,7.5385
3939,5.9825
3940,8.0
3941,5.5401
3942,7.9375
3943,9.1395
3944,7.1429
3945,5.0
3946,8.0
3947,7.1667
3948,6.6957
3949,7.6018
3950,6.9091
3951,8.0429
3952,7.5
3953,7.2595
3954,7.1818
3955,5.0752
3956,8.8556
3957,6.25
3958,8.8556
3959,9.6111
3960,7.0
3961,8.1944
3962,9.0
3963,7.2243
3964,8.8556
3965,6.8377
3966,8.8556
3967,7.8571
3968,7.9452
3969,7.6268
3970,7.0
3971,8.5
3972,8.2258
3973,8.0
3974,7.2595
3975,7.2595
3976,8.0
3977,7.9375
3978,5.5753
3979,8.3731
3980,10.0
3981,8.7029
3982,7.6018
3983,7.2174
3984,7.4339
3985,5.3333
3986,6.875
3987,7.6207
3988,6.25
3989,5.0
3990,7.4339
3991,7.6018
3992,8.5
3993,7.6018
3994,7.6018
3995,7.6018
3996,6.7778
3997,7.6018
3998,8.1852
3999,7.3571
4000,7.2595
4001,7.087
4002,7.5
4003,7.6018
4004,7.1364
4005,7.4146
4006,6.9667
4007,6.9091
4008,8.8727
4009,7.6018
4010,6.7358
4011,8.0426
4012,8.0
4013,7.6018
4014,6.8
4015,8.3913
4016,7.9947
4017,8.7029
4018,7.2595
4019,7.1039
4020,9.4841
4021,7.72
4022,6.0
4023,9.3158
4024,7.4074
4025,8.2019
4026,7.6018
4027,7.6018
4028,7.6018
4029,8.8889
4030,3.3333
4031,9.3455
4032,7.0
4033,7.2595
4034,7.3523
4035,7.1429
4036,8.1111
4037,8.3571
4038,7.2595
4039,7.6018
4040,7.6018
4041,9.5
4042,8.4444
4043,7.6018
4044,7.0
4045,7.3523
4046,7.2595
4047,6.0226
4048,9.1786
4049,7.6018
4050,9.6429
4051,7.6018
4052,8.7048
4053,6.9091
4054,7.5065
4055,7.8
4056,5.1385
4057,9.2857
4058,7.8941
4059,7.2595
4060,7.3523
4061,7.9091
4062,6.25
4063,7.6018
4064,7.0
4065,7.2595
4066,8.9403
4067,9.3333
4068,9.0
4069,7.9565
4070,6.7358
4071,7.6018
4072,7.2595
4073,8.0
4074,8.1579
4075,8.0
4076,7.6364
4077,7.7236
4078,8.3158
4079,6.5
4080,7.2595
4081,7.5
4082,7.9231
4083,7.2595
4084,6.875
4085,7.6018
4086,7.2
4087,9.7907
4088,6.2
4089,8.8556
4090,7.8947
4091,7.0
4092,8.1043
4093,7.9947
4094,7.8182
4095,8.0455
4096,8.125
4097,8.8556
4098,5.95
4099,6.8377
4100,7.8571
4101,7.6018
4102,7.6018
4103,8.4074
4104,8.873
4105,7.2595
4106,7.6018
4107,10.0
4108,6.3333
4109,8.023
4110,7.7449
4111,7.6018
4112,5.1355
4113,7.2595
4114,8.0
4115,8.7273
4116,8.375
4117,7.8947
4118,7.1689
4119,9.0262
4120,8.9714
4121,7.619
4122,6.0
4123,8.8556
4124,8.45
4125,8.0094
4126,7.5952
4127,7.6018
4128,7.2595
4129,9.0
4130,9.15
4131,7.6018
4132,8.2
4133,8.6111
4134,7.6667
4135,7.6018
4136,5.0
4137,8.4286
4138,7.6018
4139,8.0
4140,7.2595
4141,7.6018
4142,7.0
4143,7.2595
4144,8.8667
4145,7.6471
4146,7.2595
4147,6.7778
4148,6.2778
4149,8.1579
4150,7.2857
4151,7.5505
4152,7.0818
4153,8.3382
4154,5.0
4155,7.9947
4156,8.8556
4157,7.8571
4158,9.0262
4159,7.2595
4160,7.1689
4161,5.0752
4162,8.0
4163,5.0752
4164,8.8556
4165,7.6018
4166,10.0
4167,7.0
4168,7.9947
4169,8.6
4170,7.0484
4171,7.6944
4172,6.5
4173,7.125
4174,8.5
4175,8.5036
4176,8.1429
4177,6.5294
4178,6.0
4179,8.8556
4180,5.5385
4181,8.0
4182,7.6018
4183,7.9286
4184,7.1818
4185,6.1429
4186,5.0752
4187,8.7404
4188,9.6364
4189,8.0429
4190,7.6018
4191,9.0
4192,8.7029
4193,7.6018
4194,7.6018
4195,7.6018
4196,8.125
4197,8.8556
4198,7.0
4199,5.0752
4200,7.0833
4201,6.7619
4202,8.45
4203,8.8556
4204,8.7273
4205,8.6667
4206,7.6018
4207,7.3333
4208,7.6018
4209,7.4074
4210,7.5952
4211,8.8556
4212,7.6018
4213,8.6316
4214,7.6018
4215,7.0
4216,7.815
4217,8.8556
4218,6.2667
4219,7.6
4220,5.5753
4221,8.5753
4222,7.4146
4223,9.0
4224,7.6268
4225,8.8556
4226,7.6018
4227,8.1829
4228,7.6923
4229,5.0
4230,6.0
4231,7.5339
4232,5.0752
4233,7.5254
4234,7.3148
4235,7.3523
4236,7.5952
4237,8.4286
4238,4.9167
4239,8.8556
4240,8.88
4241,7.6018
4242,7.0
4243,7.6
4244,8.0714
4245,8.1111
4246,7.2595
4247,7.25
4248,7.2595
4249,8.8556
4250,7.2
4251,8.8556
4252,7.1039
4253,8.5833
4254,8.5
4255,8.0
4256,7.6018
4257,8.6
4258,5.0
4259,7.6018
4260,7.6018
4261,7.2846
4262,8.122
4263,7.6018
4264,8.5
4265,6.25
4266,8.2019
4267,7.6018
4268,7.5065
4269,8.6111
4270,7.9947
4271,8.8556
4272,7.2595
4273,9.3832
4274,7.0
4275,7.0
4276,8.8333
4277,5.0
4278,8.2109
4279,7.4286
4280,7.0
4281,7.2595
4282,8.5
4283,8.8333
4284,6.56
4285,8.3953
4286,5.0752
4287,7.6
4288,5.8462
4289,7.087
4290,5.8214
4291,7.6018
4292,8.0
4293,9.0
4294,6.75
4295,7.069
4296,7.0
4297,7.2222
4298,8.5
4299,7.2
4300,7.918
4301,5.5
4302,6.6316
4303,8.2109
4304,7.8889
4305,8.2353
4306,8.5
4307,7.6268
4308,8.8556
4309,5.1355
4310,7.8723
4311,7.95
4312,8.8556
4313,7.7826
4314,5.8214
4315,7.2595
4316,10.0
4317,7.6018
4318,8.1136
4319,7.6018
4320,7.6667
4321,6.125
4322,8.8431
4323,2.0
4324,7.6018
4325,9.3662
4326,6.5
4327,7.6018
4328,9.0
4329,7.3523
4330,8.9655
4331,7.2595
4332,8.3778
4333,6.5
4334,9.4841
4335,7.76
4336,7.0
4337,8.1955
4338,8.3333
4339,7.6018
4340,6.7328
4341,6.8947
4342,7.2595
4343,7.6018
4344,8.8556
4345,4.0
4346,7.6018
4347,5.0
4348,7.6018
4349,7.3333
4350,8.2109
4351,6.0
4352,8.0238
4353,7.6018
4354,8.7029
4355,7.1689
4356,9.2857
4357,4.25
4358,8.2812
4359,6.7778
4360,8.0
4361,7.2
4362,7.6018
4363,8.5
4364,6.0226
4365,5.1355
4366,7.6018
4367,7.6018
4368,5.125
4369,7.3523
4370,8.8556
4371,7.8889
4372,9.375
4373,5.5753
4374,7.5
4375,8.0094
4376,6.3333
4377,6.7403
4378,5.3636
4379,8.4667
4380,7.2368
4381,7.6018
4382,9.6429
4383,7.96
4384,7.625
4385,6.625
4386,8.1111
4387,7.6018
4388,7.8108
4389,7.5472
4390,7.7762
4391,9.0262
4392,6.8
4393,8.0
4394,8.7778
4395,7.1818
4396,8.4444
4397,7.4848
4398,7.1429
4399,7.5556
4400,7.3973
4401,8.8387
4402,8.873
4403,7.25
4404,7.0
4405,7.0
4406,7.6018
4407,6.125
4408,8.7404
4409,7.6018
4410,9.0
4411,8.0588
4412,7.0
4413,7.1039
4414,7.6018
4415,6.1818
4416,6.0
4417,8.16
4418,7.76
4419,7.6268
4420,7.6018
4421,8.25
4422,7.5476
4423,7.6018
4424,8.48
4425,7.7236
4426,7.5065
4427,7.6018
4428,7.2595
4429,8.8
4430,8.1111
4431,6.6
4432,5.881
4433,7.6018
4434,6.8889
4435,7.6018
4436,6.9333
4437,7.9947
4438,7.6268
4439,7.5
4440,8.1111
4441,10.0
4442,6.5
4443,7.8
4444,6.7374
4445,7.3796
4446,8.2109
4447,8.4444
4448,7.1429
4449,8.7778
4450,8.8333
4451,7.0
4452,7.3182
4453,7.6018
4454,8.6667
4455,7.885
4456,7.8966
4457,7.6018
4458,8.9828
4459,6.8667
4460,8.5
4461,8.8387
4462,7.6018
4463,7.6018
4464,7.8
4465,8.5875
4466,8.0
4467,8.873
4468,8.0
4469,7.3523
4470,10.0
4471,7.7778
4472,6.0
4473,7.6018
4474,6.9333
4475,7.3973
4476,7.0
4477,5.8529
4478,6.0958
4479,7.918
4480,6.7619
4481,8.8556
4482,7.0
4483,7.0
4484,7.6018
4485,8.9828
4486,7.4054
4487,5.0
4488,8.0
4489,7.0
4490,8.8556
4491,8.6567
4492,7.2941
4493,8.8889
4494,5.0752
4495,7.6018
4496,7.0333
4497,7.9947
4498,8.9905
4499,8.4474
4500,6.9375
4501,7.2941
4502,7.5278
4503,9.0262
4504,7.6018
4505,7.7895
4506,8.5
4507,8.0
4508,7.6268
4509,4.0
4510,7.0
4511,6.3333
4512,7.1039
4513,5.8462
4514,5.0
4515,8.0
4516,5.0
4517,5.0752
4518,7.8617
4519,5.0
4520,8.0385
4521,7.815
4522,6.9091
4523,8.9315
4524,7.8889
4525,8.4286
4526,4.8
4527,7.6018
4528,8.7778
4529,7.5476
4530,7.1689
4531,5.1355
4532,8.7048
4533,8.0
4534,8.8333
4535,6.9667
4536,7.0
4537,7.7188
4538,8.3333
4539,7.9167
4540,8.2109
4541,7.5065
4542,8.5036
4543,7.6018
4544,6.3333
4545,9.0
4546,5.5
4547,5.0
4548,6.7273
4549,7.0
4550,8.75
4551,7.6018
4552,7.6018
4553,7.8
4554,7.5
4555,8.0
4556,7.6018
4557,7.6018
4558,6.1538
4559,8.1829
4560,6.7358
4561,8.0
4562,7.0
4563,7.5
4564,5.0752
4565,8.25
4566,7.4146
4567,8.8556
4568,7.2595
4569,7.2432
4570,8.5753
4571,7.1455
4572,8.0429
4573,8.0
4574,5.5
4575,9.3077
4576,7.6018
4577,9.0262
4578,5.0752
4579,10.0
4580,7.0492
4581,8.0
4582,7.2595
4583,6.8
4584,5.8214
4585,8.8727
4586,8.9315
4587,9.0
4588,7.6018
4589,7.0
4590,7.7762
4591,8.5833
4592,7.9452
4593,6.7143
4594,7.5476
4595,8.0
4596,7.0
4597,8.5753
4598,7.6018
4599,7.8235
4600,7.5
4601,7.15
4602,8.8556
4603,9.0
4604,9.1333
4605,8.5
4606,7.25
4607,9.6364
4608,8.28
4609,8.9091
4610,6.5
4611,7.4545
4612,7.4375
4613,8.0
4614,6.0226
4615,6.8377
4616,7.3523
4617,9.2
4618,6.25
4619,7.4146
4620,7.2595
4621,7.6018
4622,10.0
4623,7.2595
4624,7.0
4625,8.6
4626,7.2595
4627,7.4339
4628,5.2
4629,7.6018
4630,5.5
4631,6.56
4632,6.3333
4633,8.25
4634,5.5401
4635,6.0303
4636,7.6018
4637,7.5
4638,8.8556
4639,7.2595
4640,6.8182
4641,5.3333
4642,7.9273
4643,9.6139
4644,6.75
4645,8.0385
4646,7.141
4647,7.6018
4648,8.3714
4649,6.875
4650,8.2857
4651,7.5
4652,6.75
4653,6.0
4654,9.3333
4655,5.0
4656,8.0
4657,6.7143
4658,8.25
4659,6.88
4660,6.4667
4661,7.6018
4662,8.5
4663,7.2595
4664,4.6
4665,7.6018
4666,8.0
4667,8.5
4668,7.6018
4669,5.4
4670,8.0857
4671,7.1321
4672,6.7358
4673,9.2353
4674,8.5036
4675,7.6018
4676,6.5429
4677,7.6018
4678,7.1429
4679,5.0
4680,8.25
4681,5.5753
4682,7.6018
4683,7.8
4684,8.0
4685,6.6667
4686,7.6018
4687,7.4118
4688,8.4444
4689,7.0
4690,8.8556
4691,7.5065
4692,9.3455
4693,7.0
4694,9.3455
4695,7.9375
4696,7.6018
4697,8.0
4698,7.2595
4699,8.0455
4700,8.0857
4701,7.3148
4702,9.6667
4703,7.5
4704,8.0094
4705,7.2595
4706,5.25
4707,8.2368
4708,7.8333
4709,9.134
4710,7.6018
4711,6.0
4712,8.2174
4713,7.6018
4714,7.8916
4715,7.2595
4716,9.1373
4717,4.0
4718,5.9
4719,5.0752
4720,7.6018
4721,5.5
4722,9.3455
4723,7.2595
4724,7.6268
4725,8.0094
4726,8.5
4727,7.6018
4728,7.6667
4729,6.9091
4730,7.0
4731,7.1429
4732,7.6018
4733,7.6018
4734,9.3455
4735,7.6018
4736,7.6018
4737,5.2
4738,5.0752
4739,6.6
4740,8.0
4741,8.92
4742,5.9375
4743,8.0
4744,7.8
4745,8.1976
4746,7.828
4747,7.6018
4748,7.6018
4749,8.3571
4750,7.918
4751,8.8556
4752,7.5065
4753,7.3523
4754,7.8
4755,5.8214
4756,9.0
4757,9.0262
4758,6.4074
4759,8.0
4760,7.6018
4761,7.9375
4762,7.8617
4763,7.8941
4764,9.25
4765,7.2846
4766,6.6364
4767,7.6018
4768,7.3523
4769,10.0
4770,8.8556
4771,6.0556
4772,7.6018
4773,7.3523
4774,6.75
4775,5.0
4776,8.0
4777,8.283
4778,8.3333
4779,6.6842
4780,9.6667
4781,7.4286
4782,6.8621
4783,7.6018
4784,7.6667
4785,8.8556
4786,8.7091
4787,7.2595
4788,8.8556
4789,8.2105
4790,8.125
4791,7.2595
4792,7.6018
4793,7.6018
4794,8.5625
4795,7.1039
4796,7.6018
4797,7.6018
4798,9.0262
4799,7.3846
4800,7.6018
4801,9.3455
4802,7.6018
4803,7.2258
4804,7.828
4805,8.96
4806,7.5
4807,6.1429
4808,6.0
4809,7.4821
4810,8.5
4811,7.6018
4812,7.0
4813,7.2857
4814,8.122
4815,5.0
4816,8.2128
4817,8.4444
4818,8.1852
4819,8.6579
4820,7.6018
4821,8.8556
4822,7.6018
4823,9.0262
4824,7.3571
4825,7.7037
4826,7.1667
4827,8.0
4828,9.25
4829,7.0
4830,8.7
4831,8.8556
4832,8.5556
4833,5.75
4834,6.7778
4835,7.9231
4836,7.7009
4837,7.9231
4838,6.6214
4839,7.2595
4840,7.9947
4841,8.5
4842,7.6018
4843,8.7778
4844,5.0
4845,10.0
4846,8.7368
4847,7.6018
4848,6.5
4849,7.3523
4850,9.0256
4851,8.3333
4852,7.6018
4853,7.6667
4854,6.7
4855,6.2778
4856,7.2595
4857,6.9
4858,7.6018
4859,7.6018
4860,7.6018
4861,7.0
4862,7.6018
4863,8.1429
4864,7.6018
4865,5.5753
4866,8.0
4867,7.2727
4868,6.6214
4869,7.6018
4870,7.5
4871,7.1429
4872,8.8556
4873,7.2595
4874,8.5875
4875,7.0
4876,7.3523
4877,7.5065
4878,8.9403
4879,6.9483
4880,7.6087
4881,8.1
4882,7.75
4883,5.5401
4884,7.5476
4885,5.25
4886,7.1689
4887,7.7009
4888,7.1212
4889,9.3455
4890,8.2019
4891,7.0
4892,7.0
4893,9.1081
4894,8.023
4895,7.1
4896,7.4339
4897,8.0882
4898,7.3636
4899,8.8556
4900,7.6018
4901,8.7029
4902,6.9375
4903,10.0
4904,7.5476
4905,7.5065
4906,9.0
4907,7.0
4908,7.625
4909,5.6667
4910,9.0262
4911,9.0
4912,7.6018
4913,5.7692
4914,7.0484
4915,8.5833
4916,7.6018
4917,9.0
4918,7.4824
4919,7.5417
4920,7.6154
4921,7.2963
4922,7.2595
4923,5.3333
4924,7.6018
4925,7.375
4926,8.8431
4927,9.5385
4928,8.3846
4929,8.0
4930,7.1429
4931,7.75
4932,7.1212
4933,7.2595
4934,8.7091
4935,7.6018
4936,7.8431
4937,9.3455
4938,8.8556
4939,8.8556
4940,6.3333
4941,6.0
4942,8.0455
4943,8.4
4944,7.6018
4945,7.2595
4946,6.7778
4947,7.6018
4948,7.6018
4949,7.3404
4950,7.6018
4951,7.6018
4952,7.3523
4953,6.8333
4954,7.6018
4955,8.2
4956,6.9259
4957,4.0
4958,7.5
4959,8.0333
4960,7.2595
4961,7.9947
4962,9.0
4963,7.2
4964,8.5875
4965,8.7805
4966,7.0
4967,7.6018
4968,8.8556
4969,10.0
4970,7.25
4971,7.2595
4972,7.2595
4973,9.6
4974,7.0
4975,7.5
4976,8.0
4977,8.25
4978,7.6018
4979,7.6018
4980,7.2595
4981,7.6018
4982,7.6268
4983,7.5455
4984,8.2143
4985,8.8556
4986,8.0
4987,5.8214
4988,7.5476
4989,7.6018
4990,7.0
4991,10.0
4992,4.5556
4993,8.1429
4994,7.4421
4995,7.2595
4996,7.6018
4997,7.6018
4998,7.6018
4999,7.2595
5000,7.6018
5001,7.8
5002,7.4746
5003,5.3333
5004,8.7903
5005,7.2595
5006,7.8571
5007,8.0
5008,8.7029
5009,8.4444
5010,8.4091
5011,6.375
5012,7.0
5013,8.6111
5014,2.5
5015,8.6316
5016,8.3333
5017,8.0588
5018,7.6018
5019,6.6842
5020,6.2055
5021,7.8056
5022,8.3333
5023,7.7762
5024,7.6018
5025,8.6667
5026,8.0
5027,8.8
5028,8.1538
5029,6.3333
5030,7.6018
5031,5.0752
5032,7.2595
5033,7.4848
5034,7.4444
5035,7.5065
5036,8.2764
5037,10.0
5038,8.8556
5039,7.828
5040,7.6018
5041,7.7105
5042,5.6154
5043,7.0345
5044,7.6018
5045,7.5556
5046,7.4074
5047,8.8571
5048,6.0
5049,7.1429
5050,7.1
5051,8.5
5052,7.9524
5053,8.931
5054,8.3939
5055,5.0752
5056,7.6018
5057,7.3523
5058,7.2595
5059,6.375
5060,9.5
5061,7.2595
5062,7.6667
5063,8.75
5064,7.6018
5065,7.3333
5066,8.1875
5067,9.0
5068,8.0
5069,7.0
5070,7.6018
5071,6.0226
5072,6.6667
5073,7.4583
5074,7.6018
5075,8.3333
5076,7.7778
5077,7.3333
5078,7.7009
5079,7.6018
5080,6.2055
5081,7.6018
5082,7.0345
5083,8.8431
5084,7.6018
5085,6.0226
5086,7.6018
5087,7.2595
5088,8.6
5089,8.42
5090,6.0226
5091,9.134
5092,7.6018
5093,7.6018
5094,7.5065
5095,7.25
5096,7.9452
5097,7.4286
5098,7.0
5099,7.3793
5100,5.3333
5101,8.0
5102,7.6018
5103,8.5667
5104,8.0
5105,7.814
5106,7.2595
5107,6.5
5108,8.3333
5109,7.7143
5110,9.4878
5111,7.2595
5112,8.0
5113,7.2595
5114,7.0
5115,6.4
5116,5.0752
5117,7.0
5118,8.0
5119,5.8571
5120,8.8556
5121,7.6018
5122,8.1955
5123,8.8556
5124,7.2595
5125,6.0
5126,7.6018
5127,7.9577
5128,7.75
5129,5.0752
5130,8.1714
5131,7.7407
5132,7.6364
5133,7.1689
5134,5.9091
5135,8.25
5136,8.8556
5137,7.6268
5138,8.6667
5139,7.1429
5140,7.3523
5141,8.8556
5142,8.7404
5143,8.2727
5144,8.0
5145,7.6018
5146,8.069
5147,8.5625
5148,7.1026
5149,7.2727
5150,7.5333
5151,6.0226
5152,7.2595
5153,7.6087
5154,7.6018
5155,8.8302
5156,7.5938
5157,7.7762
5158,7.3929
5159,8.4474
5160,5.4
5161,7.2391
5162,5.6667
5163,5.1355
5164,8.541
5165,5.5401
5166,7.75
5167,6.6875
5168,7.5714
5169,8.8065
5170,9.1395
5171,9.0
5172,9.5
5173,7.2595
5174,7.6018
5175,8.303
5176,7.7667
5177,8.5
5178,6.6667
5179,9.3455
5180,7.4583
5181,7.6018
5182,5.8214
5183,8.8556
5184,10.0
5185,7.3333
5186,7.6018
5187,7.3
5188,8.2676
5189,7.2595
5190,7.6667
5191,8.9315
5192,7.828
5193,8.0
5194,7.4545
5195,8.2368
5196,8.2727
5197,7.3
5198,7.5455
5199,7.2595
5200,5.5753
5201,6.5161
5202,5.0752
5203,7.6018
5204,8.8556
5205,6.16
5206,7.75
5207,6.0
5208,8.8556
5209,5.0752
5210,3.0
5211,8.418
5212,6.25
5213,6.4118
5214,8.0429
5215,8.0857
5216,8.2109
5217,6.129
5218,8.5
5219,7.6018
5220,6.8333
5221,8.4091
5222,8.7234
5223,6.7143
5224,7.8594
5225,5.4
5226,7.4865
5227,7.8148
5228,8.5556
5229,8.0
5230,7.6018
5231,9.2222
5232,7.875
5233,7.0
5234,7.9577
5235,6.6667
5236,9.0
5237,6.6885
5238,6.8571
5239,8.2
5240,7.6018
5241,7.7188
5242,5.0752
5243,7.6018
5244,8.1043
5245,8.0667
5246,6.4074
5247,7.2595
5248,7.4146
5249,7.6018
5250,5.4444
5251,5.0
5252,7.2595
5253,5.0752
5254,7.5065
5255,7.6018
5256,7.2595
5257,9.0262
5258,7.6018
5259,7.8889
5260,5.1355
5261,5.6667
5262,5.0
5263,7.6018
5264,7.6018
5265,7.3973
5266,7.0
5267,9.3333
5268,7.4074
5269,8.9286
5270,5.0
5271,6.9556
5272,8.75
5273,7.2595
5274,8.1976
5275,7.25
5276,8.8556
5277,8.418
5278,8.1111
5279,8.8333
5280,7.7778
5281,7.4
5282,7.7429
5283,7.2595
5284,7.8333
5285,5.5401
5286,8.0
5287,6.2
5288,6.75
5289,7.7449
5290,7.0
5291,7.75
5292,10.0
5293,7.2
5294,7.1689
5295,6.75
5296,7.6018
5297,9.3158
5298,7.5
5299,8.0
5300,6.7857
5301,7.2595
5302,7.53
5303,7.6018
5304,8.0
5305,8.0
5306,7.6757
5307,7.0
5308,5.0752
5309,8.5036
5310,5.0752
5311,8.023
5312,8.2222
5313,7.6018
5314,9.28
5315,7.8
5316,8.0
5317,7.5065
5318,7.6018
5319,7.8056
5320,7.6018
5321,7.25
5322,7.6018
5323,8.8556
5324,8.25
5325,8.3913
5326,9.3455
5327,7.9947
5328,8.2222
5329,6.5
5330,8.8556
5331,6.7
5332,7.2595
5333,7.6018
5334,6.5238
5335,7.4828
5336,8.9714
5337,7.875
5338,6.9667
5339,7.0833
5340,7.5505
5341,8.5
5342,7.6018
5343,7.6018
5344,8.8556
5345,5.2857
5346,8.0
5347,8.8556
5348,6.3786
5349,7.8
5350,6.7358
5351,7.5333
5352,7.7273
5353,8.8431
5354,8.6316
5355,5.0
5356,9.0262
5357,8.1818
5358,8.2128
5359,7.4
5360,9.6429
5361,7.1039
5362,7.5065
5363,6.6364
5364,8.2857
5365,7.2595
5366,7.2595
5367,7.6018
5368,7.5926
5369,7.6018
5370,7.141
5371,7.2595
5372,7.5333
5373,5.0
5374,7.6018
5375,5.0752
5376,7.6018
5377,8.0
5378,9.16
5379,7.2595
5380,7.6
5381,7.6018
5382,5.0752
5383,7.6018
5384,7.6018
5385,5.0752
5386,6.6214
5387,8.8556
5388,9.3333
5389,5.5401
5390,7.5065
5391,7.3523
5392,7.6018
5393,9.0
5394,7.6018
5395,8.9714
5396,8.9655
5397,7.2595
5398,7.1321
5399,8.7091
5400,7.8
5401,9.375
5402,7.6842
5403,8.8556
5404,7.0294
5405,8.0
5406,5.0752
5407,7.6667
5408,5.5753
5409,7.6018
5410,8.8556
5411,7.6018
5412,7.96
5413,8.8556
5414,6.8377
5415,8.25
5416,8.0
5417,7.0
5418,9.134
5419,7.6018
5420,5.0752
5421,7.2
5422,6.0958
5423,3.0
5424,7.125
5425,9.0
5426,7.7838
5427,9.3455
5428,7.6018
5429,7.6018
5430,8.6
5431,7.2595
5432,8.8556
5433,7.619
5434,7.2963
5435,9.8667
5436,7.2595
5437,10.0
5438,8.7273
5439,7.0
5440,7.6268
5441,7.1455
5442,7.1689
5443,6.7129
5444,8.7091
5445,7.918
5446,7.2595
5447,7.2595
5448,9.0262
5449,7.5
5450,8.6667
5451,6.2381
5452,6.7328
5453,5.7143
5454,7.0818
5455,8.9796
5456,5.1355
5457,7.6018
5458,7.72
5459,9.15
5460,6.0
5461,6.0
5462,9.3455
5463,5.0
5464,5.0
5465,7.6018
5466,7.6018
5467,8.0909
5468,9.15
5469,6.0
5470,6.8
5471,6.0
5472,8.5875
5473,8.5
5474,7.7778
5475,6.0
5476,7.6268
5477,9.1395
5478,6.2667
5479,8.2
5480,8.2857
5481,7.5574
5482,7.2941
5483,6.9556
5484,7.2595
5485,7.6018
5486,5.0
5487,1.0
5488,8.6471
5489,6.7374
5490,8.4634
5491,7.6018
5492,7.2595
5493,7.4167
5494,6.0
5495,8.8556
5496,6.88
5497,7.0
5498,6.75
5499,8.8556
5500,7.2857
5501,7.6018
5502,8.4634
5503,8.25
5504,5.0752
5505,7.6018
5506,9.4841
5507,7.6268
5508,9.3455
5509,7.2595
5510,8.0
5511,8.8556
5512,7.25
5513,7.375
5514,7.3333
5515,6.25
5516,7.0
5517,9.5455
5518,7.3523
5519,8.5556
5520,7.6018
5521,8.8556
5522,5.5753
5523,8.8556
5524,7.5065
5525,7.3523
5526,6.9
5527,7.4865
5528,6.7129
5529,9.6429
5530,7.7143
5531,7.2595
5532,9.0
5533,6.7328
5534,8.0
5535,7.0
5536,6.3786
5537,5.1355
5538,7.619
5539,7.8077
5540,8.0
5541,7.6018
5542,8.2727
5543,8.1389
5544,8.0
5545,7.6018
5546,8.8556
5547,6.7143
5548,9.0
5549,7.6667
5550,9.1176
5551,5.65
5552,8.0
5553,7.75
5554,9.0
5555,6.2381
5556,9.25
5557,9.0
5558,7.6018
5559,8.8556
5560,9.0262
5561,6.0
5562,7.6018
5563,7.3404
5564,7.1689
5565,6.7581
5566,7.2595
5567,7.9
5568,7.6207
5569,7.5065
5570,8.8556
5571,7.25
5572,5.0
5573,8.1111
5574,5.0
5575,6.7368
5576,8.0857
5577,9.0
5578,8.1111
5579,5.0752
5580,7.6018
5581,5.0752
5582,5.8462
5583,7.2595
5584,7.0
5585,9.8571
5586,7.6018
5587,7.5
5588,8.0
5589,7.5065
5590,7.4339
5591,8.8556
5592,8.2105
5593,7.3333
5594,7.1429
5595,6.5
5596,8.3971
5597,7.3796
5598,7.6
5599,7.6018
5600,8.6
5601,7.815
5602,7.6018
5603,5.8
5604,7.4688
5605,5.8529
5606,6.7581
5607,6.5
5608,6.6154
5609,7.25
5610,6.5161
5611,5.1355
5612,6.625
5613,7.7188
5614,8.4286
5615,7.0
5616,7.2595
5617,9.6216
5618,7.3523
5619,8.5
5620,7.2595
5621,7.5065
5622,7.6018
5623,9.0
5624,7.6018
5625,8.418
5626,5.5
5627,7.2595
5628,8.8958
5629,7.8182
5630,7.0714
5631,7.1321
5632,8.0755
5633,7.6018
5634,9.2857
5635,8.2
5636,7.6018
5637,5.1667
5638,9.6667
5639,7.2595
5640,7.9688
5641,7.15
5642,7.8182
5643,7.5505
5644,7.4211
5645,6.8889
5646,7.9947
5647,7.8966
5648,8.3649
5649,7.25
5650,5.3333
5651,5.5
5652,7.6018
5653,8.2109
5654,7.5505
5655,8.58
5656,8.1429
5657,8.25
5658,7.6018
5659,8.0
5660,7.6018
5661,7.0
5662,6.8182
5663,5.0
5664,7.1212
5665,8.0294
5666,7.5065
5667,7.6018
5668,6.4118
5669,7.828
5670,7.2595
5671,7.2429
5672,8.7091
5673,7.6018
5674,7.6018
5675,8.8824
5676,7.2595
5677,6.5
5678,9.0
5679,8.0
5680,7.25
5681,7.3333
5682,8.1786
5683,8.75
5684,7.5333
5685,5.0752
5686,7.6018
5687,8.3333
5688,7.0
5689,8.8556
5690,9.3158
5691,8.0
5692,8.875
5693,7.5
5694,7.7273
5695,6.88
5696,7.53
5697,7.6018
5698,6.6923
5699,7.8916
5700,8.6
5701,7.8
5702,9.0262
5703,7.5
5704,6.875
5705,8.3571
5706,8.1818
5707,7.5556
5708,8.25
5709,7.2595
5710,7.5505
5711,7.6018
5712,7.2174
5713,6.0
5714,7.2595
5715,8.5
5716,8.0556
5717,8.0
5718,8.0
5719,7.6018
5720,8.0
5721,7.0333
5722,5.5401
5723,5.8462
5724,7.9
5725,8.8889
5726,7.3478
5727,5.1355
5728,7.3158
5729,8.7029
5730,9.5
5731,8.2857
5732,8.9091
5733,7.2595
5734,6.6667
5735,8.8556
5736,8.2764
5737,7.6268
5738,9.1395
5739,7.6757
5740,6.6
5741,7.6018
5742,4.0
5743,8.0
5744,7.3913
5745,7.2595
5746,6.4921
5747,7.5
5748,7.6018
5749,8.0667
5750,2.0
5751,7.5
5752,8.1852
5753,7.7236
5754,8.8727
5755,7.2595
5756,8.275
5757,5.7778
5758,8.7404
5759,7.6018
5760,8.3333
5761,7.0
5762,5.9286
5763,6.8667
5764,7.885
5765,7.72
5766,5.2857
5767,6.25
5768,7.2243
5769,7.6268
5770,7.5556
5771,7.3846
5772,7.1429
5773,5.0752
5774,7.85
5775,8.1429
5776,6.1
5777,5.0752
5778,6.4074
5779,7.815
5780,6.6
5781,9.0
5782,7.0
5783,7.6018
5784,9.0
5785,8.0
5786,7.7727
5787,6.9483
5788,8.0952
5789,5.0752
5790,5.5401
5791,8.92
5792,7.4828
5793,7.1176
5794,8.9905
5795,7.6018
5796,7.5
5797,8.0
5798,4.0
5799,6.0
5800,9.0
5801,6.56
5802,5.0752
5803,8.0
5804,7.6018
5805,9.7907
5806,9.0
5807,7.4
5808,8.8125
5809,8.4091
5810,9.3333
5811,9.0
5812,8.0
5813,6.0226
5814,5.0
5815,7.5505
5816,7.1463
5817,8.9444
5818,7.6018
5819,5.8182
5820,7.8966
5821,7.4483
5822,10.0
5823,8.8556
5824,7.2595
5825,8.0435
5826,7.5065
5827,7.1
5828,7.6018
5829,7.8723
5830,8.2222
5831,6.2381
5832,8.8556
5833,7.6018
5834,7.5065
5835,7.6018
5836,9.0
5837,5.0752
5838,6.75
5839,9.4841
5840,7.8571
5841,9.0262
5842,5.5
5843,8.8556
5844,8.3333
5845,7.6018
5846,9.0262
5847,8.0
5848,8.1043
5849,8.418
5850,7.6018
5851,7.75
5852,7.0
5853,7.2595
5854,6.5862
5855,8.5
5856,8.5833
5857,7.6268
5858,5.4444
5859,5.1355
5860,6.2143
5861,8.6719
5862,7.6018
5863,7.6018
5864,7.6018
5865,6.0
5866,9.1373
5867,7.6018
5868,9.0
5869,8.6667
5870,7.6018
5871,8.5
5872,6.0
5873,8.8556
5874,9.0262
5875,5.0
5876,7.8667
5877,6.4348
5878,7.4074
5879,8.3636
5880,6.5833
5881,7.5758
5882,7.6018
5883,6.5625
5884,9.1765
5885,8.1829
5886,7.5926
5887,6.25
5888,7.4421
5889,7.6018
5890,7.1818
5891,6.8462
5892,7.125
5893,7.6875
5894,7.6018
5895,8.3333
5896,10.0
5897,7.9947
5898,8.8556
5899,7.2243
5900,7.0
5901,8.64
5902,8.2222
5903,8.6579
5904,7.2595
5905,7.0
5906,6.8
5907,7.6087
5908,4.6667
5909,6.0
5910,6.3333
5911,9.7059
5912,7.6018
5913,7.6018
5914,7.2595
5915,8.5
5916,5.1
5917,9.1081
5918,7.6018
5919,8.5
5920,7.6667
5921,9.5
5922,9.3333
5923,6.6522
5924,7.5333
5925,9.0227
5926,5.9825
5927,7.6575
5928,7.2368
5929,8.8556
5930,7.5
5931,5.5
5932,8.3382
5933,5.1355
5934,6.0958
5935,7.9452
5936,8.1928
5937,9.0262
5938,9.3455
5939,6.7273
5940,7.0
5941,5.0
5942,6.6667
5943,7.5476
5944,7.7105
5945,5.0
5946,7.2143
5947,8.8556
5948,5.5
5949,8.9905
5950,5.0752
5951,8.0
5952,7.3158
5953,6.5714
5954,7.6667
5955,8.1
5956,7.3333
5957,7.7
5958,8.25
5959,7.5
5960,7.7
5961,6.0
5962,7.0
5963,8.3953
5964,8.7029
5965,8.8889
5966,7.6018
5967,8.3333
5968,6.8333
5969,6.0
5970,7.2595
5971,7.6122
5972,7.5405
5973,8.2308
5974,8.8556
5975,7.0
5976,6.7358
5977,8.1389
5978,7.6018
5979,7.2595
5980,8.0
5981,9.1176
5982,7.0
5983,7.6018
5984,8.8556
5985,8.8556
5986,6.7
5987,6.0226
5988,7.4167
5989,6.6364
5990,8.1829
5991,8.25
5992,6.9737
5993,7.6018
5994,7.6018
5995,8.1111
5996,9.0
5997,7.7762
5998,9.0
5999,8.0
6000,5.1385
6001,8.4444
6002,7.0
6003,7.6018
6004,7.6018
6005,6.9737
6006,7.9947
6007,6.6809
6008,8.7029
6009,7.6018
6010,7.3333
6011,8.2676
6012,8.1111
6013,7.6018
6014,7.6018
6015,8.5556
6016,7.3913
6017,8.0426
6018,7.1463
6019,7.2595
6020,8.8556
6021,6.0588
6022,8.9333
6023,10.0
6024,7.8333
6025,8.3333
6026,8.9565
6027,7.1039
6028,7.7667
6029,8.0
6030,7.6018
6031,8.0
6032,8.873
6033,8.0
6034,7.7449
6035,7.6018
6036,7.9559
6037,7.6667
6038,7.5952
6039,7.6018
6040,7.0
6041,6.0303
6042,9.6667
6043,5.0
6044,7.6667
6045,6.0226
6046,6.6667
6047,7.4054
6048,8.9091
6049,9.0
6050,7.7236
6051,6.4921
6052,8.0
6053,5.25
6054,7.5
6055,7.1689
6056,7.5161
6057,7.6018
6058,7.3438
6059,6.75
6060,6.875
6061,7.5574
6062,6.35
6063,6.9
6064,7.6018
6065,7.6018
6066,8.7368
6067,7.6018
6068,6.1034
6069,8.5
6070,6.875
6071,9.0
6072,4.7059
6073,7.2595
6074,7.9452
6075,8.8556
6076,8.6667
6077,7.1321
6078,7.2595
6079,8.3571
6080,7.6018
6081,8.1389
6082,8.8958
6083,7.5278
6084,8.5
6085,7.2595
6086,5.5401
6087,7.6018
6088,5.0
6089,7.5278
6090,7.6018
6091,8.5
6092,8.5818
6093,7.6018
6094,6.5161
6095,8.3333
6096,5.8214
6097,6.1034
6098,7.6018
6099,7.0
6100,8.1955
6101,8.1818
6102,10.0
6103,7.125
6104,8.7091
6105,5.0
6106,8.5
6107,7.8723
6108,6.7
6109,7.3333
6110,8.6579
6111,8.122
6112,7.4
6113,7.3333
6114,9.4632
6115,6.9524
6116,7.5
6117,9.134
6118,8.3953
6119,8.3913
6120,8.1714
6121,7.2595
6122,7.1212
6123,5.0752
6124,7.6018
6125,7.3182
6126,7.0667
6127,7.2595
6128,5.8889
6129,7.3913
6130,8.2308
6131,8.8556
6132,7.2857
6133,8.6
6134,8.2105
6135,7.6018
6136,7.0
6137,7.2595
6138,7.3913
6139,7.6667
6140,7.6018
6141,9.1081
6142,8.4
6143,7.2595
6144,8.2353
6145,5.5401
6146,7.45
6147,7.6018
6148,7.9947
6149,7.3333
6150,6.5
6151,6.6885
6152,8.4906
6153,5.1355
6154,8.1955
6155,7.2
6156,3.0
6157,7.4151
6158,7.6018
6159,8.0
6160,9.3333
6161,8.0
6162,5.5753
6163,7.9577
6164,5.0
6165,8.3333
6166,7.5065
6167,8.9905
6168,7.2595
6169,8.6567
6170,9.5
6171,6.6667
6172,7.4339
6173,8.4091
6174,6.3
6175,7.3404
6176,5.8519
6177,7.6018
6178,7.918
6179,7.0
6180,8.0294
6181,7.2595
6182,8.5
6183,8.0
6184,7.6268
6185,7.6364
6186,8.625
6187,6.875
6188,7.0
6189,8.8556
6190,6.5
6191,7.7778
6192,7.6018
6193,7.5
6194,7.3846
6195,7.2595
6196,10.0
6197,6.0
6198,5.0752
6199,8.8556
6200,7.2595
6201,7.8812
6202,7.9577
6203,8.8556
6204,7.6018
6205,5.1355
6206,7.0
6207,7.9143
6208,8.8889
6209,8.1429
6210,7.6268
6211,7.45
6212,7.6018
6213,7.6
6214,7.2243
6215,7.4421
6216,7.6018
6217,5.6667
6218,7.6018
6219,7.2595
6220,5.881
6221,7.6018
6222,7.1689
6223,7.6018
6224,7.8
6225,7.2595
6226,9.0262
6227,9.0
6228,7.05
6229,8.0455
6230,6.9483
6231,8.8462
6232,6.7328
6233,6.8
6234,7.2595
6235,9.2105
6236,7.4211
6237,7.6018
6238,5.0
6239,8.4286
6240,8.1111
6241,6.9583
6242,6.3333
6243,8.6316
6244,9.0227
6245,7.2857
6246,7.0
6247,8.0455
6248,7.2595
6249,7.5
6250,7.5065
6251,9.5
6252,8.3333
6253,8.1667
6254,6.7403
6255,8.0755
6256,8.5036
6257,7.5
6258,8.0
6259,6.5
6260,7.6268
6261,8.25
6262,9.0
6263,7.6268
6264,7.9947
6265,7.6018
6266,8.2857
6267,8.8556
6268,8.5
6269,8.3731
6270,8.2222
6271,8.0
6272,8.8556
6273,7.4339
6274,8.1111
6275,7.6018
6276,7.3796
6277,6.3333
6278,6.5
6279,6.5
6280,7.5556
6281,8.45
6282,8.8431
6283,7.4339
6284,7.3796
6285,7.6018
6286,8.0588
6287,8.5
6288,7.2595
6289,4.0
6290,7.8941
6291,7.6018
6292,6.9167
6293,7.4545
6294,7.5333
6295,8.9315
6296,7.3333
6297,7.3796
6298,7.6018
6299,7.1429
6300,7.9167
6301,7.0
6302,8.8556
6303,7.6667
6304,8.6567
6305,9.3455
6306,8.8556
6307,5.8077
6308,7.5065
6309,7.1039
6310,7.2595
6311,7.05
6312,8.7048
6313,6.0226
6314,7.2595
6315,7.7143
6316,8.8556
6317,8.9905
6318,7.6018
6319,7.5263
6320,8.0857
6321,7.4194
6322,7.5065
6323,8.3971
6324,8.0
6325,7.1455
6326,7.25
6327,5.0
6328,7.0
6329,8.6667
6330,6.3889
6331,7.6018
6332,5.3636
6333,6.129
6334,8.0
6335,7.2595
6336,8.1667
6337,7.2595
6338,6.8689
6339,8.4
6340,5.0752
6341,7.0
6342,7.2595
6343,8.7692
6344,5.1355
6345,7.7449
6346,6.4286
6347,6.875
6348,8.0426
6349,7.3529
6350,5.7
6351,7.6809
6352,6.6522
6353,9.2105
6354,9.6667
6355,6.3846
6356,8.8065
6357,1.0
6358,8.0
6359,7.5065
6360,7.6018
6361,9.4615
6362,7.6018
6363,7.5065
6364,9.2105
6365,7.2595
6366,5.5401
6367,7.6018
6368,7.6018
6369,8.122
6370,6.0
6371,8.0238
6372,8.0
6373,9.3333
6374,7.8
6375,7.6018
6376,7.1212
6377,6.25
6378,6.5
6379,8.122
6380,8.7029
6381,6.0958
6382,8.2857
6383,7.6018
6384,7.3333
6385,8.5625
6386,7.2595
6387,7.25
6388,9.0
6389,7.6018
6390,7.2846
6391,7.5476
6392,8.5875
6393,6.6316
6394,6.5
6395,10.0
6396,4.6
6397,10.0
6398,7.3523
6399,8.0
6400,5.5401
6401,8.0
6402,7.2595
6403,8.0333
6404,8.0
6405,8.7029
6406,8.8302
6407,6.1034
6408,7.6667
6409,7.8916
6410,7.1429
6411,7.9559
6412,5.0752
6413,7.6018
6414,8.122
6415,8.7404
6416,8.7029
6417,7.2595
6418,7.8812
6419,6.6667
6420,7.6018
6421,7.7143
6422,7.6018
6423,7.6018
6424,5.1355
6425,5.0
6426,8.4091
6427,8.8333
6428,7.4091
6429,8.2
6430,7.2595
6431,7.2595
6432,5.0
6433,7.0
6434,6.5429
6435,7.6538
6436,7.4
6437,7.0
6438,6.9167
6439,7.2595
6440,7.5065
6441,8.8556
6442,7.6944
6443,9.3333
6444,8.0238
6445,8.0
6446,7.4339
6447,7.2595
6448,7.2595
6449,7.5714
6450,7.2595
6451,9.134
6452,8.2
6453,7.5065
6454,8.7404
6455,7.5
6456,7.2595
6457,7.6018
6458,7.6018
6459,7.6018
6460,9.0262
6461,8.7812
6462,7.72
6463,7.875
6464,8.0
6465,8.7029
6466,8.6567
6467,8.8333
6468,7.5065
6469,10.0
6470,7.0
6471,7.6018
6472,3.2308
6473,5.0752
6474,8.931
6475,6.0667
6476,7.2595
6477,6.8377
6478,8.0755
6479,7.6018
6480,8.283
6481,9.4632
6482,8.5769
6483,7.6018
6484,7.9577
6485,6.8
6486,8.8333
6487,7.6018
6488,7.6018
6489,8.0385
6490,5.8214
6491,6.0226
6492,6.0226
6493,7.9524
6494,8.0455
6495,7.8889
6496,7.8431
6497,7.6018
6498,8.9714
6499,8.6316
6500,5.625
6501,8.1053
6502,7.6018
6503,8.0
6504,8.023
6505,8.8333
6506,8.5
6507,6.9737
6508,7.8889
6509,8.8556
6510,6.3333
6511,5.0
6512,7.9452
6513,7.6018
6514,7.7236
6515,5.1355
6516,7.9947
6517,9.3455
6518,8.25
6519,5.8214
6520,7.6944
6521,8.2105
6522,7.64
6523,7.2846
6524,7.6018
6525,7.0
6526,5.0
6527,7.6018
6528,4.5
6529,9.0
6530,5.7692
6531,6.8333
6532,8.1043
6533,7.6018
6534,7.4746
6535,7.2595
6536,4.0
6537,7.5882
6538,8.0
6539,7.6018
6540,7.6018
6541,7.6018
6542,5.4
6543,7.2595
6544,6.5
6545,6.3333
6546,7.6018
6547,8.1043
6548,7.2595
6549,9.1818
6550,8.3333
6551,7.96
6552,8.8556
6553,7.6018
6554,7.4118
6555,9.0262
6556,6.9167
6557,7.0
6558,7.4824
6559,7.2595
6560,8.1955
6561,7.8812
6562,7.6018
6563,7.6018
6564,8.2676
6565,7.6
6566,8.1579
6567,6.9583
6568,6.0
6569,7.6018
6570,9.134
6571,8.8556
6572,9.0
6573,7.0
6574,8.5
6575,6.875
6576,7.0
6577,6.7
6578,7.6018
6579,6.1667
6580,7.1613
6581,9.0262
6582,9.1667
6583,7.7143
6584,6.7403
6585,10.0
6586,7.8333
6587,7.3523
6588,7.2432
6589,8.0833
6590,8.2778
6591,9.2
6592,7.6018
6593,7.53
6594,9.0
6595,6.6
6596,7.2595
6597,8.0
6598,8.3714
6599,9.2381
6600,7.2595
6601,9.0262
6602,5.0
6603,8.0
6604,7.0
6605,7.5065
6606,9.0
6607,6.9444
6608,6.4667
6609,7.0
6610,5.0
6611,5.0
6612,8.3333
6613,8.8556
6614,4.0
6615,6.625
6616,7.53
6617,7.2595
6618,9.4632
6619,5.0752
6620,6.7358
6621,7.6018
6622,8.2676
6623,8.8556
6624,7.7037
6625,8.6842
6626,6.25
6627,8.5625
6628,7.8
6629,8.9286
6630,7.1689
6631,9.0
6632,8.7029
6633,7.5254
6634,7.9091
6635,9.2
6636,7.6018
6637,7.9947
6638,7.9947
6639,8.8556
6640,7.6018
6641,5.8889
6642,7.2595
6643,7.55
6644,7.2595
6645,6.0
6646,8.2857
6647,8.8333
6648,7.15
6649,6.0909
6650,7.9947
6651,8.875
6652,7.0
6653,7.5278
6654,7.875
6655,8.7778
6656,8.25
6657,7.4
6658,7.4074
6659,7.5065
6660,7.6018
6661,7.8941
6662,9.0
6663,7.2595
6664,7.1429
6665,6.7
6666,7.7105
6667,9.0262
6668,7.8056
6669,7.2595
6670,8.8556
6671,7.6018
6672,6.8889
6673,7.5476
6674,7.1667
6675,8.8556
6676,5.8571
6677,9.0
6678,7.2429
6679,7.6018
6680,7.8617
6681,7.8824
6682,6.8125
6683,7.6018
6684,7.2595
6685,7.0577
6686,9.0262
6687,8.0238
6688,7.6018
6689,8.541
6690,7.6018
6691,5.5
6692,6.0
6693,8.7091
6694,6.65
6695,5.8333
6696,7.53
6697,6.9583
6698,8.8556
6699,8.75
6700,7.8594
6701,7.9
6702,8.0
6703,5.5401
6704,7.0667
6705,7.5
6706,8.283
6707,8.2812
6708,7.8889
6709,7.6018
6710,8.0
6711,7.5476
6712,7.6018
6713,4.4
6714,6.3
6715,7.5065
6716,7.5065
6717,9.6
6718,7.0
6719,7.6018
6720,7.5
6721,7.7449
6722,7.8
6723,8.0435
6724,6.1538
6725,7.3333
6726,8.6
6727,9.4286
6728,6.1667
6729,7.7778
6730,7.6018
6731,7.3333
6732,7.6667
6733,5.25
6734,7.3333
6735,7.0
6736,8.2857
6737,7.6018
6738,6.0
6739,10.0
6740,7.6018
6741,9.0
6742,8.8556
6743,7.3333
6744,8.8571
6745,7.9286
6746,10.0
6747,8.3714
6748,6.0958
6749,8.3
6750,7.2595
6751,7.9947
6752,7.5505
6753,6.8
6754,7.6018
6755,8.7029
6756,8.0
6757,9.0262
6758,7.25
6759,7.2595
6760,8.7048
6761,6.5
6762,9.3333
6763,8.1053
6764,5.0
6765,7.6
6766,7.2595
6767,8.8556
6768,7.5
6769,7.1689
6770,8.1875
6771,7.0
6772,9.4444
6773,6.7129
6774,5.0
6775,5.0752
6776,6.7358
6777,5.5
6778,5.8529
6779,8.5455
6780,8.0294
6781,8.8556
6782,6.0
6783,7.6018
6784,7.5556
6785,7.4074
6786,8.875
6787,8.2
6788,8.8556
6789,8.4474
6790,9.3455
6791,9.6
6792,8.1786
6793,5.25
6794,7.6018
6795,7.6018
6796,8.8556
6797,6.1667
6798,7.9947
6799,7.6018
6800,8.0
6801,6.7328
6802,7.6018
6803,8.0
6804,6.5769
6805,7.3523
6806,6.4545
6807,9.4583
6808,8.7029
6809,7.6018
6810,8.7692
6811,8.2174
6812,6.7129
6813,7.625
6814,7.6018
6815,7.2595
6816,7.2595
6817,7.8
6818,7.9667
6819,7.6018
6820,6.0
6821,10.0
6822,10.0
6823,8.1928
6824,5.8333
6825,7.2243
6826,6.9091
6827,8.25
6828,8.8556
6829,9.15
6830,8.4634
6831,6.5161
6832,7.6018
6833,8.0
6834,7.3333
6835,8.4444
6836,6.3571
6837,9.3455
6838,8.25
6839,7.6018
6840,9.3455
6841,7.6018
6842,6.875
6843,7.5714
6844,7.8108
6845,9.0
6846,8.25
6847,8.0
6848,6.0226
6849,8.6111
6850,7.6018
6851,8.0
6852,7.8617
6853,10.0
6854,6.4
6855,7.2941
6856,7.6018
6857,8.6111
6858,6.0
6859,8.0
6860,9.6429
6861,5.4286
6862,8.275
6863,8.2128
6864,6.3786
6865,7.6018
6866,8.9403
6867,7.6714
6868,7.6018
6869,7.4444
6870,7.6018
6871,7.6018
6872,9.3455
6873,9.0
6874,3.5
6875,9.3455
6876,7.6018
6877,7.9091
6878,8.3971
6879,5.0752
6880,7.6018
6881,7.7236
6882,7.7692
6883,5.1355
6884,7.8462
6885,5.5753
6886,7.0
6887,7.5339
6888,4.7059
6889,8.8556
6890,6.2055
6891,7.0
6892,7.2595
6893,7.9545
6894,7.814
6895,7.5065
6896,8.5667
6897,5.9825
6898,7.885
6899,7.1364
6900,7.5952
6901,6.0
6902,9.0262
6903,5.0
6904,5.0752
6905,8.5
6906,6.6842
6907,7.125
6908,7.5965
6909,6.2222
6910,8.4118
6911,8.8556
6912,8.3333
6913,7.2595
6914,9.0262
6915,7.0
6916,8.8431
6917,8.0094
6918,8.0
6919,9.0
6920,7.6575
6921,7.1689
6922,7.1212
6923,8.8333
6924,7.4
6925,8.8556
6926,7.2595
6927,7.1667
6928,8.0
6929,7.5065
6930,7.6018
6931,7.6018
6932,7.6268
6933,7.2595
6934,6.4444
6935,9.0
6936,7.6018
6937,8.3333
6938,5.25
6939,8.0
6940,7.9947
6941,7.6018
6942,10.0
6943,6.8571
6944,8.8556
6945,7.6018
6946,8.0426
6947,7.8889
6948,7.25
6949,8.8556
6950,9.0227
6951,7.6018
6952,7.6018
6953,8.0426
6954,7.5
6955,8.5
6956,8.7234
6957,7.3523
6958,7.6018
6959,8.8556
6960,9.2
6961,8.3636
6962,7.25
6963,7.2368
6964,7.5
6965,6.3514
6966,9.4583
6967,7.3333
6968,7.6667
6969,8.1471
6970,7.6018
6971,8.6567
6972,8.5875
6973,9.3832
6974,6.0
6975,6.88
6976,8.3333
6977,8.0
6978,7.8333
6979,6.0
6980,7.2595
6981,7.2595
6982,6.9167
6983,7.828
6984,7.2595
6985,9.0
6986,7.6018
6987,7.2595
6988,5.0
6989,5.0752
6990,7.3523
6991,8.4444
6992,7.069
6993,7.2222
6994,6.0
6995,9.1111
6996,10.0
6997,8.0094
6998,8.4091
6999,6.875
7000,6.4
7001,7.5385
7002,7.2243
7003,8.0
7004,7.6018
7005,8.0
7006,7.6018
7007,8.2903
7008,7.6018
7009,8.9315
7010,7.6018
7011,6.5
7012,7.5965
7013,7.6018
7014,7.1689
7015,8.0455
7016,8.0909
7017,7.1689
7018,9.0262
7019,8.6
7020,8.5
7021,8.0
7022,9.0262
7023,8.4474
7024,7.72
7025,6.5161
7026,5.1355
7027,6.375
7028,9.3158
7029,6.9333
7030,8.5875
7031,6.65
7032,7.3523
7033,7.6
7034,7.6018
7035,7.2595
7036,8.1579
7037,6.7581
7038,5.0
7039,7.6018
7040,5.625
7041,7.6018
7042,8.1277
7043,6.5429
7044,6.875
7045,7.2595
7046,8.0
7047,7.3
7048,7.1689
7049,6.6667
7050,5.5401
7051,8.0
7052,5.0752
7053,7.2595
7054,7.6018
7055,7.6018
7056,8.2109
7057,6.8125
7058,6.0
7059,7.3523
7060,8.0
7061,6.6842
7062,7.3333
7063,8.1471
7064,8.375
7065,7.6018
7066,6.4545
7067,7.3846
7068,7.1212
7069,7.1689
7070,8.4091
7071,7.2595
7072,7.6018
7073,7.1333
7074,7.9
7075,7.8462
7076,9.1111
7077,8.0909
7078,7.6018
7079,7.72
7080,7.6018
7081,7.95
7082,8.2676
7083,8.9
7084,7.9545
7085,5.0
7086,8.8556
7087,7.0
7088,7.1944
7089,8.5714
7090,5.0
7091,8.1538
7092,7.5505
7093,7.9167
7094,5.0
7095,7.8
7096,8.8556
7097,7.5065
7098,7.2857
7099,7.6018
7100,6.6
7101,7.0
7102,8.4286
7103,7.1026
7104,7.6018
7105,6.0
7106,8.5
7107,7.6018
7108,7.6018
7109,6.6
7110,8.3333
7111,7.6018
7112,9.0
7113,5.8519
7114,8.9905
7115,7.5065
7116,7.5758
7117,7.2595
7118,5.5401
7119,7.6061
7120,7.7236
7121,7.6018
7122,7.3333
7123,7.5333
7124,7.2595
7125,7.4545
7126,7.7449
7127,7.5968
7128,7.6018
7129,8.8556
7130,7.3523
7131,8.0
7132,5.0
7133,7.6018
7134,6.5
7135,8.0
7136,7.6018
7137,7.2595
7138,6.7143
7139,7.6018
7140,8.2105
7141,6.6
7142,8.2353
7143,7.141
7144,8.8556
7145,4.0
7146,8.0
7147,8.1976
7148,6.75
7149,7.6122
7150,7.6018
7151,7.6268
7152,7.6018
7153,8.75
7154,6.0226
7155,7.3523
7156,8.8556
7157,7.9947
7158,7.6018
7159,9.5
7160,6.875
7161,10.0
7162,7.3333
7163,7.6268
7164,7.2
7165,7.8824
7166,7.6018
7167,7.8108
7168,9.25
7169,8.8556
7170,10.0
7171,8.75
7172,5.0752
7173,5.8667
7174,8.375
7175,7.5
7176,10.0
7177,6.2055
7178,5.0752
7179,9.0
7180,7.3796
7181,7.6018
7182,7.2595
7183,7.3523
7184,5.1355
7185,5.5401
7186,6.3786
7187,9.5
7188,8.0
7189,9.0227
7190,9.0625
7191,7.6018
7192,7.7667
7193,5.8214
7194,7.4483
7195,8.9714
7196,9.0262
7197,6.0
7198,7.6018
7199,7.2963
7200,9.5
7201,9.134
7202,7.9375
7203,7.2595
7204,5.881
7205,8.0909
7206,8.0
7207,7.6875
7208,7.2595
7209,8.0909
7210,7.2595
7211,7.7009
7212,7.6018
7213,7.6
7214,8.1136
7215,7.5
7216,7.2909
7217,7.2595
7218,7.5
7219,8.5
7220,7.619
7221,7.815
7222,9.1765
7223,7.1429
7224,7.8571
7225,8.0429
7226,7.3523
7227,7.5476
7228,9.3455
7229,8.8556
7230,7.0
7231,8.7029
7232,9.075
7233,7.2595
7234,9.3662
7235,8.1538
7236,6.7328
7237,7.815
7238,7.1429
7239,6.7129
7240,8.8556
7241,9.125
7242,7.0
7243,7.8
7244,7.1689
7245,6.0
7246,7.5333
7247,8.8556
7248,7.7449
7249,7.2846
7250,8.3333
7251,7.0484
7252,8.1955
7253,7.9947
7254,8.1976
7255,7.125
7256,7.2595
7257,8.0
7258,5.881
7259,8.7029
7260,7.5505
7261,9.0
7262,7.6364
7263,7.5
7264,9.0
7265,7.2595
7266,7.1463
7267,7.6018
7268,7.6018
7269,7.918
7270,7.9947
7271,5.875
7272,9.3455
7273,5.0752
7274,8.0417
7275,8.5
7276,9.075
7277,7.6018
7278,7.6018
7279,8.5
7280,5.0752
7281,7.6667
7282,6.7328
7283,7.5339
7284,8.1111
7285,9.0
7286,8.64
7287,5.0752
7288,7.3523
7289,8.0
7290,8.3913
7291,8.0
7292,8.5
7293,8.1
7294,7.0
7295,7.0
7296,8.1976
7297,6.1818
7298,8.5818
7299,8.873
7300,7.5505
7301,7.2595
7302,8.8556
7303,7.125
7304,7.9947
7305,8.8556
7306,6.0
7307,7.0476
7308,8.2676
7309,7.9577
7310,8.8556
7311,5.0
7312,8.6471
7313,7.6018
7314,9.0
7315,8.0426
7316,6.3333
7317,8.7404
7318,8.0
7319,7.9143
7320,8.5
7321,7.6018
7322,9.1176
7323,9.4545
7324,6.7403
7325,8.9315
7326,8.0
7327,8.88
7328,5.5
7329,8.5818
7330,7.2595
7331,8.8556
7332,7.4
7333,7.5556
7334,7.6018
7335,7.8941
7336,7.9273
7337,7.3333
7338,7.4286
7339,8.8556
7340,5.7059
7341,7.2429
7342,8.0429
7343,6.6667
7344,8.0
7345,8.1
7346,5.0752
7347,8.5
7348,9.0262
7349,7.0
7350,7.25
7351,7.1689
7352,8.5625
7353,7.6018
7354,8.5
7355,7.85
7356,8.8556
7357,7.8617
7358,8.2143
7359,7.6923
7360,6.0226
7361,8.1976
7362,9.1395
7363,7.2941
7364,7.3438
7365,8.0
7366,7.2174
7367,4.8
7368,7.141
7369,8.7029
7370,7.5505
7371,7.5952
7372,7.6018
7373,8.2
7374,9.0
7375,8.1486
7376,7.6018
7377,7.2595
7378,7.0
7379,8.8556
7380,7.6018
7381,7.4339
7382,7.2595
7383,7.6018
7384,5.6667
7385,7.2595
7386,8.8556
7387,7.6018
7388,6.5625
7389,8.0
7390,7.7009
7391,6.9091
7392,7.2174
7393,5.1355
7394,9.0
7395,6.5
7396,8.8556
7397,8.2
7398,9.0
7399,7.0484
7400,8.4667
7401,8.8556
7402,9.4583
7403,5.0
7404,5.9231
7405,7.5065
7406,8.6842
7407,7.9947
7408,7.6018
7409,9.075
7410,7.5
7411,7.5254
7412,8.283
7413,8.2368
7414,8.6719
7415,7.2595
7416,7.6538
7417,8.1111
7418,7.3523
7419,5.4074
7420,8.0556
7421,7.0
7422,8.0
7423,9.5
7424,7.2595
7425,9.0227
7426,8.8556
7427,7.1667
7428,10.0
7429,7.6268
7430,8.0
7431,8.5833
7432,7.1429
7433,6.1034
7434,7.6018
7435,7.6018
7436,9.6139
7437,5.1667
7438,6.0
7439,7.2595
7440,7.7971
7441,8.0
7442,7.6018
7443,8.5
7444,9.6216
7445,7.0
7446,7.6364
7447,8.069
7448,7.5065
7449,7.6018
7450,6.2
7451,7.6018
7452,7.5758
7453,5.0
7454,5.881
7455,8.5036
7456,8.2019
7457,5.5753
7458,5.5
7459,8.1928
7460,8.9167
7461,6.3333
7462,5.0
7463,6.6667
7464,8.5909
7465,7.5065
7466,7.9143
7467,7.6018
7468,7.9
7469,10.0
7470,5.8333
7471,6.625
7472,7.6018
7473,10.0
7474,6.9483
7475,7.0909
7476,7.2595
7477,7.7449
7478,7.1321
7479,8.4545
7480,9.0262
7481,7.6018
7482,7.1689
7483,9.0262
7484,7.6018
7485,9.3662
7486,5.7059
7487,8.2
7488,9.5
7489,7.6018
7490,6.3786
7491,7.8916
7492,7.2595
7493,7.6018
7494,5.0752
7495,8.75
7496,8.92
7497,7.6018
7498,7.2595
7499,7.2595
7500,6.5161
7501,6.4
7502,7.5
7503,8.9315
7504,7.2595
7505,10.0
7506,8.4286
7507,6.9333
7508,7.6018
7509,6.0
7510,7.2595
7511,5.0752
7512,7.4211
7513,7.3523
7514,7.6018
7515,7.3523
7516,6.8276
7517,5.8214
7518,4.75
7519,6.5
7520,8.0455
7521,7.6471
7522,8.8556
7523,7.6018
7524,7.8
7525,7.2595
7526,7.6018
7527,6.0
7528,7.0
7529,8.8556
7530,8.8556
7531,8.4444
7532,7.9947
7533,9.0
7534,7.2595
7535,8.6579
7536,7.6667
7537,9.3455
7538,7.9947
7539,8.4634
7540,7.6018
7541,6.8462
7542,9.4632
7543,8.8556
7544,6.0226
7545,7.7009
7546,6.1
7547,9.6667
7548,7.7188
7549,7.2595
7550,8.8556
7551,8.2667
7552,5.5
7553,7.5714
7554,7.6018
7555,7.2595
7556,7.4824
7557,6.1818
7558,7.6018
7559,8.2857
7560,7.5714
7561,8.8556
7562,8.8556
7563,7.2941
7564,7.1212
7565,7.6018
7566,9.0625
7567,7.2595
7568,8.023
7569,6.6875
7570,7.6018
7571,8.3953
7572,6.6364
7573,6.0226
7574,8.8556
7575,6.0
7576,8.1111
7577,8.3333
7578,7.4211
7579,7.2595
7580,8.5036
7581,7.6018
7582,6.5625
7583,7.0
7584,8.8556
7585,8.0238
7586,8.2857
7587,9.4545
7588,7.125
7589,7.6667
7590,7.5556
7591,6.0
7592,7.5455
7593,7.2308
7594,8.873
7595,8.5
7596,5.0
7597,7.2595
7598,7.25
7599,8.4444
7600,7.9091
7601,9.0
7602,7.2
7603,8.9714
7604,6.2
7605,10.0
7606,7.5556
7607,7.2595
7608,8.2764
7609,8.8556
7610,7.6018
7611,8.023
7612,8.5036
7613,8.1955
7614,7.828
7615,5.0752
7616,7.6018
7617,8.0755
7618,7.6018
7619,7.6018
7620,6.1
7621,7.4151
7622,5.1355
7623,6.56
7624,8.0455
7625,9.4286
7626,7.5952
7627,6.6667
7628,7.6018
7629,7.6268
7630,9.3333
7631,7.6018
7632,7.6714
7633,7.5
7634,7.7826
7635,8.5753
7636,8.0
7637,7.5
7638,7.6018
7639,6.0226
7640,8.8333
7641,7.6018
7642,7.8723
7643,8.6579
7644,6.2727
7645,7.6018
7646,7.6018
7647,7.815
7648,9.1481
7649,6.56
7650,7.8333
7651,6.7374
7652,7.2143
7653,7.2595
7654,6.5
7655,7.6809
7656,7.4339
7657,7.3571
7658,9.4841
7659,7.6018
7660,7.5
7661,7.6018
7662,8.8556
7663,6.9
7664,6.5
7665,5.1355
7666,9.0227
7667,9.0
7668,6.0226
7669,8.8556
7670,7.1579
7671,5.8333
7672,7.6018
7673,8.4634
7674,6.9667
7675,8.0833
7676,8.4634
7677,7.6018
7678,10.0
7679,7.8824
7680,7.6018
7681,8.3333
7682,4.5
7683,8.25
7684,8.1111
7685,6.2
7686,7.2
7687,9.16
7688,5.7
7689,7.3333
7690,7.6018
7691,7.25
7692,8.8
7693,7.1321
7694,8.0
7695,7.3523
7696,7.0
7697,8.8556
7698,7.2941
7699,7.6018
7700,7.6018
7701,6.4074
7702,8.5
7703,7.6018
7704,8.0
7705,7.2595
7706,8.2
7707,7.2595
7708,7.2595
7709,7.6018
7710,7.8125
7711,9.0
7712,7.9231
7713,7.8108
7714,5.6
7715,7.6018
7716,6.25
7717,8.5875
7718,7.2595
7719,7.7778
7720,8.8556
7721,7.6018
7722,8.8556
7723,6.7129
7724,6.0
7725,9.1786
7726,5.1355
7727,9.1667
7728,7.9947
7729,6.9333
7730,8.0
7731,7.5405
7732,9.0
7733,7.3158
7734,6.25
7735,7.3333
7736,9.4632
7737,8.1829
7738,8.0
7739,9.6667
7740,8.3333
7741,7.6018
7742,8.4091
7743,7.6471
7744,5.5
7745,7.2595
7746,7.6018
7747,7.2595
7748,8.25
7749,7.7009
7750,6.8125
7751,7.1429
7752,9.0262
7753,6.1034
7754,8.0
7755,6.1538
7756,7.6018
7757,6.875
7758,9.1176
7759,7.6018
7760,7.9667
7761,7.0
7762,5.5401
7763,9.0
7764,6.7273
7765,6.9667
7766,6.0226
7767,8.5
7768,8.0
7769,8.0
7770,7.76
7771,8.2105
7772,5.1355
7773,10.0
7774,8.45
7775,7.6018
7776,9.0
7777,7.0
7778,7.7762
7779,7.2595
7780,5.0752
7781,4.6667
7782,4.5
7783,7.6018
7784,7.6018
7785,7.069
7786,7.6018
7787,6.3684
7788,7.4483
7789,7.6018
7790,6.7328
7791,7.2595
7792,7.5952
7793,7.0
7794,8.023
7795,6.0
7796,7.6087
7797,7.6364
7798,5.1385
7799,8.25
7800,8.8556
7801,9.0
7802,8.1955
7803,9.4878
7804,6.3
7805,7.6018
7806,8.0
7807,7.5
7808,7.9452
7809,6.56
7810,8.3333
7811,7.0818
7812,7.9577
7813,6.2308
7814,6.5429
7815,7.6268
7816,7.2595
7817,6.129
7818,8.4737
7819,9.4118
7820,6.625
7821,5.25
7822,7.7971
7823,7.0
7824,5.6667
7825,8.5
7826,8.5625
7827,6.7403
7828,6.6
7829,8.8889
7830,7.3158
7831,7.6018
7832,7.6018
7833,7.8
7834,7.2243
7835,7.6018
7836,8.1976
7837,8.2
7838,6.875
7839,8.5833
7840,6.5
7841,7.0
7842,7.6018
7843,6.625
7844,7.5254
7845,8.1818
7846,8.0094
7847,7.4286
7848,7.6018
7849,7.2595
7850,7.3523
7851,7.1039
7852,6.7129
7853,7.9947
7854,7.75
7855,8.25
7856,6.9091
7857,7.9565
7858,7.885
7859,7.0
7860,7.2595
7861,8.1389
7862,7.6667
7863,8.1976
7864,8.7091
7865,8.0
7866,8.418
7867,7.9947
7868,6.9
7869,8.0094
7870,8.0
7871,7.2595
7872,7.2595
7873,8.0294
7874,8.2
7875,9.0262
7876,7.6018
7877,7.6018
7878,7.6018
7879,4.6667
7880,8.0
7881,8.4545
7882,7.6018
7883,6.3333
7884,8.275
7885,8.8333
7886,7.6018
7887,8.8556
7888,6.8377
7889,8.2
7890,5.5714
7891,10.0
7892,8.3571
7893,6.5833
7894,7.2595
7895,6.7403
7896,7.5185
7897,7.6018
7898,7.3523
7899,7.2595
7900,7.3148
7901,8.0
7902,7.2595
7903,9.0262
7904,10.0
7905,7.5952
7906,7.2595
7907,7.6018
7908,7.6018
7909,6.25
7910,7.9559
7911,7.0625
7912,7.5476
7913,8.2903
7914,8.0426
7915,7.6018
7916,8.125
7917,7.6018
7918,8.0
7919,6.25
7920,7.375
7921,7.8947
7922,9.3455
7923,5.0752
7924,8.5
7925,8.1928
7926,9.4839
7927,6.8
7928,8.8556
7929,5.5
7930,7.6018
7931,8.1111
7932,7.2595
7933,7.6018
7934,5.1355
7935,6.0226
7936,7.0
7937,7.75
7938,10.0
7939,8.4474
7940,7.2595
7941,7.4054
7942,6.7
7943,7.5505
7944,8.0
7945,8.5818
7946,7.0
7947,7.7826
7948,8.2019
7949,7.6018
7950,7.9231
7951,9.25
7952,7.6018
7953,7.6018
7954,8.4375
7955,8.8556
7956,9.0
7957,7.8889
7958,7.1
7959,9.5
7960,7.5556
7961,8.7778
7962,6.5
7963,8.0
7964,7.6018
7965,7.5556
7966,8.1538
7967,8.8556
7968,5.0752
7969,7.6018
7970,9.6139
7971,7.5472
7972,8.8556
7973,6.3333
7974,5.0
7975,6.4286
7976,7.2595
7977,7.2595
7978,7.6018
7979,9.0
7980,7.6018
7981,6.4
7982,6.0226
7983,8.7029
7984,8.0667
7985,7.4
7986,7.3523
7987,7.6122
7988,7.75
7989,10.0
7990,7.6018
7991,3.0
7992,7.4828
7993,8.0
7994,7.6018
7995,7.9947
7996,7.0484
7997,7.5952
7998,7.6018
7999,9.0
8000,8.418
8001,6.129
8002,7.375
8003,7.7762
8004,7.6018
8005,7.2595
8006,8.0
8007,7.2595
8008,7.6018
8009,5.25
8010,7.96
8011,7.8462
8012,8.0
8013,7.0818
8014,8.023
8015,7.6018
8016,7.6018
8017,8.1486
8018,9.375
8019,7.5065
8020,8.2109
8021,5.5
8022,9.0
8023,6.125
8024,10.0
8025,7.52
8026,8.3731
8027,8.3953
8028,7.25
8029,8.0094
8030,9.1786
8031,6.1
8032,10.0
8033,7.1463
8034,7.3913
8035,9.75
8036,7.6018
8037,8.2222
8038,8.7048
8039,8.0
8040,8.5875
8041,7.75
8042,6.0
8043,8.5833
8044,7.2595
8045,6.25
8046,7.5952
8047,6.6667
8048,6.75
8049,5.75
8050,8.8556
8051,6.7358
8052,7.5
8053,9.3662
8054,9.5455
8055,8.7
8056,10.0
8057,7.9545
8058,7.6018
8059,7.6018
8060,6.8333
8061,9.5455
8062,6.4444
8063,8.5714
8064,7.5065
8065,9.0
8066,7.0
8067,8.8556
8068,7.6268
8069,7.4211
8070,7.6018
8071,9.0
8072,7.2595
8073,7.3571
8074,6.6667
8075,6.8462
8076,9.4878
8077,9.5
8078,7.5952
8079,7.6018
8080,9.0
8081,8.6719
8082,6.129
8083,8.0
8084,8.7404
8085,6.6957
8086,9.0
8087,8.5036
8088,8.0
8089,7.1321
8090,7.6018
8091,8.8556
8092,8.5
8093,7.75
8094,9.6216
8095,7.0
8096,7.0818
8097,6.5429
8098,6.1667
8099,7.6714
8100,8.0
8101,8.5
8102,6.2632
8103,7.8941
8104,7.6018
8105,7.6018
8106,7.2595
8107,7.6018
8108,7.2595
8109,7.2595
8110,8.7903
8111,6.25
8112,7.6018
8113,7.885
8114,9.375
8115,10.0
8116,8.8556
8117,7.828
8118,7.6018
8119,10.0
8120,8.7029
8121,6.8571
8122,5.0
8123,7.2595
8124,6.7273
8125,7.0769
8126,6.9556
8127,7.6018
8128,8.0
8129,8.7143
8130,7.9
8131,7.375
8132,9.75
8133,8.5
8134,7.8125
8135,9.3832
8136,9.6139
8137,7.4444
8138,8.7029
8139,7.0
8140,7.0
8141,9.2857
8142,9.0
8143,7.125
8144,8.1111
8145,5.4
8146,8.0
8147,8.2019
8148,7.2595
8149,8.1875
8150,7.5333
8151,8.8556
8152,6.0
8153,8.0
8154,7.2595
8155,8.0
8156,8.5036
8157,7.5952
8158,7.7826
8159,8.6667
8160,7.6
8161,7.6018
8162,7.5339
8163,8.0833
8164,7.5185
8165,7.4
8166,8.0
8167,8.5
8168,7.5065
8169,7.6018
8170,7.6018
8171,7.6018
8172,7.0333
8173,8.9905
8174,6.3
8175,9.0
8176,7.6018
8177,8.0833
8178,7.4583
8179,5.0752
8180,7.2595
8181,7.5278
8182,7.5
8183,6.6923
8184,6.1818
8185,7.1689
8186,8.418
8187,7.0
8188,7.3333
8189,6.5
8190,8.8333
8191,8.0
8192,8.5
8193,7.6268
8194,7.3523
8195,7.2595
8196,8.8556
8197,7.6018
8198,8.0
8199,9.075
8200,6.9231
8201,6.1034
8202,7.6018
8203,8.3333
8204,6.8621
8205,5.2857
8206,7.6018
8207,5.0752
8208,7.375
8209,9.1786
8210,6.0
8211,8.0
8212,7.7449
8213,8.0
8214,7.2222
8215,8.5
8216,8.0
8217,7.6018
8218,7.8718
8219,6.5
8220,8.3649
8221,7.2595
8222,7.6809
8223,7.6018
8224,7.6018
8225,8.1429
8226,7.6667
8227,7.8
8228,7.6018
8229,8.5
8230,6.5333
8231,8.0556
8232,9.1667
8233,7.5
8234,5.0
8235,7.7105
8236,7.5
8237,8.9333
8238,7.2595
8239,6.25
8240,8.8556
8241,7.6018
8242,7.6018
8243,7.6923
8244,7.5339
8245,9.6667
8246,7.8947
8247,7.6018
8248,7.6018
8249,8.75
8250,9.3662
8251,8.2128
8252,8.5556
8253,7.7143
8254,9.0811
8255,8.7091
8256,9.0262
8257,7.9559
8258,7.6018
8259,5.6154
8260,8.9091
8261,8.8556
8262,7.6268
8263,6.7
8264,5.0752
8265,8.1429
8266,8.25
8267,8.05
8268,8.0426
8269,9.0
8270,7.6667
8271,7.6
8272,9.2857
8273,6.0958
8274,5.9825
8275,10.0
8276,7.1039
8277,7.5505
8278,8.1429
8279,8.7048
8280,9.1395
8281,10.0
8282,6.8689
8283,7.3523
8284,7.9677
8285,7.5714
8286,8.5
8287,7.815
8288,9.1429
8289,5.4286
8290,8.6719
8291,8.8556
8292,7.2595
8293,6.6809
8294,8.9905
8295,6.3333
8296,8.1976
8297,8.2019
8298,8.2676
8299,6.6957
8300,7.0484
8301,7.6018
8302,7.25
8303,7.6018
8304,5.75
8305,8.5
8306,7.375
8307,8.2368
8308,7.2595
8309,8.7234
8310,8.2903
8311,8.3649
8312,7.25
8313,7.2595
8314,7.7762
8315,7.9231
8316,8.122
8317,8.2857
8318,6.56
8319,7.2909
8320,8.8556
8321,7.2595
8322,6.8377
8323,7.0
8324,7.6575
8325,7.625
8326,8.5
8327,8.5
8328,9.2857
8329,7.6018
8330,7.8812
8331,7.2595
8332,8.5036
8333,7.7971
8334,6.6667
8335,6.0
8336,6.3333
8337,8.0
8338,6.9091
8339,8.1667
8340,7.0
8341,7.6018
8342,9.0
8343,8.8556
8344,8.5714
8345,7.2595
8346,8.1111
8347,9.25
8348,5.1355
8349,7.0
8350,10.0
8351,9.5
8352,7.6018
8353,7.1463
8354,6.3786
8355,6.625
8356,8.5
8357,7.5263
8358,8.0
8359,9.0
8360,8.931
8361,6.6842
8362,7.6018
8363,6.25
8364,7.8667
8365,8.4286
8366,7.2595
8367,8.1928
8368,7.2727
8369,7.6018
8370,7.45
8371,9.2105
8372,7.885
8373,7.2595
8374,8.8556
8375,9.4583
8376,10.0
8377,5.75
8378,5.0752
8379,8.0
8380,7.6018
8381,5.0752
8382,6.0226
8383,7.9947
8384,6.0
8385,8.8556
8386,7.9947
8387,8.25
8388,9.0262
8389,7.6018
8390,9.075
8391,7.58
8392,8.5
8393,7.8
8394,5.8529
8395,7.087
8396,7.4706
8397,6.6842
8398,8.375
8399,9.134
8400,7.75
8401,7.5
8402,8.8556
8403,9.125
8404,8.5625
8405,8.5
8406,8.0
8407,7.5
8408,7.0
8409,9.0262
8410,8.4474
8411,7.5862
8412,7.0
8413,9.5
8414,7.9
8415,8.931
8416,7.2595
8417,6.0
8418,7.6087
8419,6.25
8420,8.2105
8421,7.5556
8422,8.4091
8423,7.2595
8424,5.1667
8425,7.2595
8426,6.2857
8427,8.3333
8428,7.5472
8429,5.5753
8430,7.0
8431,7.6667
8432,7.6018
8433,5.0752
8434,6.7328
8435,7.8462
8436,7.6018
8437,5.0752
8438,7.6207
8439,7.4865
8440,8.8556
8441,9.0262
8442,7.7667
8443,8.1875
8444,7.6018
8445,6.875
8446,7.2595
8447,6.1818
8448,8.6316
8449,7.6018
8450,9.0
8451,6.7581
8452,7.6018
8453,6.2055
8454,7.1667
8455,9.625
8456,8.3913
8457,7.6018
8458,8.6842
8459,7.2595
8460,7.0
8461,8.3333
8462,9.0
8463,8.1486
8464,7.0714
8465,7.828
8466,7.6018
8467,8.25
8468,7.8333
8469,9.0
8470,5.0752
8471,8.8556
8472,7.6018
8473,10.0
8474,7.5065
8475,7.7778
8476,7.6018
8477,7.6018
8478,8.2019
8479,7.6018
8480,8.4
8481,8.9828
8482,8.8556
8483,7.4746
8484,7.6018
8485,7.6018
8486,9.6667
8487,9.0
8488,5.0
8489,7.3523
8490,7.0
8491,7.8824
8492,8.8556
8493,7.8
8494,8.88
8495,6.125
8496,9.6216
8497,8.42
8498,8.5
8499,8.6667
8500,7.9
8501,7.6
8502,9.0262
8503,9.25
8504,8.8556
8505,7.2143
8506,7.6018
8507,6.0
8508,7.2595
8509,7.6364
8510,7.2595
8511,8.0
8512,8.3571
8513,8.1277
8514,9.7059
8515,7.2595
8516,7.9167
8517,7.3902
8518,8.8556
8519,8.2222
8520,9.134
8521,5.0752
8522,7.7429
8523,6.875
8524,5.5753
8525,7.9143
8526,7.6018
8527,9.3455
8528,7.6018
8529,7.6018
8530,7.1689
8531,7.6087
8532,5.0752
8533,5.0752
8534,6.75
8535,7.7
8536,5.0
8537,7.6018
8538,5.0752
8539,7.5
8540,8.8125
8541,6.7328
8542,6.8689
8543,6.7273
8544,7.5714
8545,7.6667
8546,7.6018
8547,7.6018
8548,7.2595
8549,8.8556
8550,7.2595
8551,8.75
8552,6.3
8553,6.8889
8554,7.0
8555,7.1053
8556,7.0
8557,7.6667
8558,7.0
8559,5.0
8560,5.0
8561,5.8
8562,8.1043
8563,8.1818
8564,7.6471
8565,8.3636
8566,10.0
8567,8.8556
8568,7.4
8569,7.6667
8570,7.0
8571,9.5
8572,7.3571
8573,7.6018
8574,7.6018
8575,8.0294
8576,7.0
8577,7.6875
8578,7.6018
8579,7.2595
8580,7.6018
8581,8.1667
8582,7.6018
8583,8.2222
8584,8.8556
8585,6.8333
8586,9.5
8587,9.375
8588,7.6268
8589,8.1928
8590,10.0
8591,5.1538
8592,10.0
8593,6.25
8594,8.8333
8595,8.2368
8596,7.2595
8597,8.5753
8598,8.9444
8599,7.6018
8600,7.6018
8601,9.8571
8602,7.2595
8603,6.0
8604,7.3523
8605,9.16
8606,7.6268
8607,10.0
8608,7.2595
8609,7.0
8610,7.5065
8611,7.4
8612,7.7009
8613,7.6018
8614,7.6018
8615,7.2595
8616,8.8727
8617,5.881
8618,9.0262
8619,7.375
8620,9.6216
8621,7.4824
8622,7.8077
8623,7.6018
8624,6.4444
8625,9.25
8626,8.5
8627,6.9091
8628,7.2595
8629,7.0
8630,8.7029
8631,8.0
8632,7.6018
8633,8.0
8634,7.4286
8635,7.0294
8636,7.4444
8637,7.9118
8638,7.1039
8639,7.6018
8640,5.5401
8641,9.4841
8642,8.25
8643,5.5753
8644,7.6018
8645,7.2595
8646,6.7917
8647,8.3333
8648,7.6018
8649,7.6122
8650,7.5952
8651,7.9
8652,8.5875
8653,6.1818
8654,7.2595
8655,6.4545
8656,7.2909
8657,5.375
8658,6.0
8659,8.3571
8660,8.0667
8661,6.0
8662,7.5065
8663,7.75
8664,8.283
8665,7.1689
8666,9.0811
8667,8.6
8668,7.2595
8669,7.6018
8670,8.7029
8671,6.8333
8672,7.8947
8673,5.0752
8674,8.3649
8675,7.3333
8676,6.0226
8677,7.4146
8678,7.6018
8679,8.0
8680,7.58
8681,7.4286
8682,6.8333
8683,9.5385
8684,9.0227
8685,7.4746
8686,5.3333
8687,5.0
8688,5.5
8689,9.0
8690,6.7857
8691,8.1852
8692,7.4074
8693,7.2595
8694,7.6018
8695,6.129
8696,5.0752
8697,5.1355
8698,7.7762
8699,4.0
8700,8.8556
8701,6.8621
8702,8.1976
8703,5.0752
8704,7.2595
8705,7.2595
8706,7.5476
8707,7.8462
8708,7.15
8709,8.8556
8710,9.0625
8711,7.6018
8712,8.2778
8713,7.6018
8714,7.4286
8715,5.4286
8716,7.6018
8717,9.6429
8718,8.0
8719,8.1786
8720,7.0
8721,9.0
8722,8.3333
8723,7.6018
8724,7.1429
8725,7.5065
8726,6.8857
8727,9.5
8728,7.58
8729,7.75
8730,7.2595
8731,8.0667
8732,7.1667
8733,7.4151
8734,9.6216
8735,7.6018
8736,7.2595
8737,7.4286
8738,9.28
8739,8.05
8740,7.5339
8741,7.0667
8742,8.8556
8743,8.1579
8744,5.5833
8745,9.075
8746,8.5
8747,8.0
8748,7.5926
8749,7.2595
8750,5.5401
8751,7.5574
8752,7.3571
8753,7.9947
8754,5.0
8755,7.6018
8756,6.8689
8757,9.0
8758,9.0
8759,8.5
8760,7.6667
8761,8.7029
8762,6.16
8763,7.6018
8764,9.3158
8765,7.6018
8766,7.2
8767,6.7403
8768,7.6018
8769,9.0262
8770,7.5714
8771,8.0094
8772,8.7029
8773,7.7236
8774,7.8
8775,8.5385
8776,8.1486
8777,6.8667
8778,7.5065
8779,9.0
8780,9.0262
8781,9.7059
8782,9.4632
8783,8.0455
8784,7.9452
8785,7.1321
8786,8.1928
8787,8.8556
8788,8.0294
8789,9.2105
8790,8.75
8791,9.2222
8792,7.3514
8793,8.9286
8794,8.0
8795,9.4583
8796,7.6667
8797,8.0
8798,8.2109
8799,7.6018
8800,9.5455
8801,7.6018
8802,7.6018
8803,10.0
8804,8.0
8805,5.25
8806,7.0818
8807,6.4921
8808,7.2857
8809,5.8529
8810,9.6139
8811,7.9231
8812,7.3846
8813,6.0226
8814,5.0752
8815,6.7328
8816,8.8556
8817,7.6018
8818,6.0
8819,7.4848
8820,8.5625
8821,6.88
8822,8.8556
8823,6.0
8824,6.4545
8825,8.7029
8826,7.5952
8827,9.0
8828,7.6018
8829,7.2595
8830,6.9412
8831,8.8556
8832,6.6214
8833,5.0752
8834,9.0262
8835,8.875
8836,8.3382
8837,7.1689
8838,5.7143
8839,7.6018
8840,8.0
8841,7.7143
8842,8.8556
8843,8.0
8844,6.8333
8845,7.5065
8846,6.9667
8847,7.2857
8848,6.9
8849,7.2595
8850,6.0
8851,8.2109
8852,7.8667
8853,8.8727
8854,7.6268
8855,8.4444
8856,8.9796
8857,8.375
8858,9.134
8859,8.0294
8860,6.6667
8861,7.5065
8862,7.25
8863,7.8148
8864,6.5238
8865,8.1829
8866,7.6667
8867,9.0262
8868,8.1429
8869,7.7
8870,5.5401
8871,7.6018
8872,7.6018
8873,7.6018
8874,5.0752
8875,7.2632
8876,8.25
8877,7.7236
8878,6.0
8879,7.6018
8880,7.9947
8881,6.75
8882,8.0426
8883,9.375
8884,7.5965
8885,8.2778
8886,7.0
8887,8.3714
8888,7.0
8889,8.8556
8890,7.2595
8891,8.5036
8892,6.0
8893,7.1818
8894,7.6667
8895,7.625
8896,7.75
8897,7.2595
8898,7.2941
8899,7.5
8900,6.0
8901,8.0417
8902,5.5753
8903,9.0262
8904,7.2595
8905,8.0
8906,7.6018
8907,7.6018
8908,7.3636
8909,7.7188
8910,8.7091
8911,7.2595
8912,7.6268
8913,8.8556
8914,8.5625
8915,8.0
8916,7.2595
8917,7.6757
8918,5.1355
8919,8.1852
8920,10.0
8921,7.6018
8922,7.375
8923,8.3333
8924,8.7091
8925,7.9118
8926,8.283
8927,7.6018
8928,8.0294
8929,5.0752
8930,6.56
8931,8.8556
8932,6.9483
8933,9.3455
8934,8.8556
8935,8.1429
8936,7.6018
8937,7.84
8938,8.0
8939,5.0752
8940,5.0
8941,7.3523
8942,7.76
8943,6.2667
8944,8.1955
8945,9.25
8946,7.45
8947,8.6567
8948,7.2595
8949,7.6018
8950,7.8889
8951,7.6018
8952,7.815
8953,8.88
8954,7.6154
8955,7.5278
8956,7.6018
8957,7.2595
8958,9.0
8959,7.2595
8960,8.0333
8961,7.2595
8962,7.7037
8963,8.0
8964,7.4483
8965,6.0
8966,8.5036
8967,8.8556
8968,7.885
8969,7.8333
8970,7.6018
8971,8.5875
8972,7.2595
8973,7.0
8974,7.9
8975,6.3333
8976,8.1667
8977,7.1689
8978,9.1429
8979,8.0
8980,5.1385
8981,4.5455
8982,7.8108
8983,7.0
8984,7.6809
8985,8.0
8986,7.9231
8987,7.0
8988,7.8824
8989,5.1
8990,9.4286
8991,7.6018
8992,9.6
8993,7.6018
8994,7.2595
8995,7.4421
8996,7.5263
8997,5.0
8998,9.3455
8999,6.3333
9000,8.8556
9001,5.8214
9002,7.2595
9003,7.6757
9004,7.2595
9005,6.0
9006,7.5
9007,7.6897
9008,8.8556
9009,8.0294
9010,7.7826
9011,8.16
9012,7.7188
9013,9.5
9014,8.1955
9015,7.4167
9016,8.4
9017,7.2595
9018,7.5
9019,8.8556
9020,7.6575
9021,4.7059
9022,7.9452
9023,6.6667
9024,7.6018
9025,7.9412
9026,8.8556
9027,6.9667
9028,8.1111
9029,7.1429
9030,5.0752
9031,9.4444
9032,6.0
9033,6.8
9034,8.0
9035,8.4634
9036,8.7404
9037,7.2595
9038,6.1818
9039,7.6018
9040,7.2595
9041,6.0226
9042,8.8556
9043,9.8571
9044,7.815
9045,7.6018
9046,5.0752
9047,5.0752
9048,8.0909
9049,7.9947
9050,6.5
9051,7.6018
9052,8.7091
9053,4.25
9054,8.0
9055,9.1111
9056,7.6018
9057,8.7029
9058,8.9655
9059,9.4632
9060,7.6018
9061,8.6667
9062,8.0429
9063,8.88
9064,8.8889
9065,7.6018
9066,6.9688
9067,8.5
9068,6.2727
9069,6.0
9070,9.1786
9071,8.0
9072,7.8
9073,7.815
9074,8.0
9075,7.815
9076,7.375
9077,10.0
9078,6.6667
9079,7.6018
9080,7.1667
9081,5.0752
9082,9.6429
9083,5.8077
9084,8.8333
9085,7.6018
9086,7.0909
9087,8.58
9088,7.3438
9089,8.275
9090,5.5
9091,6.9412
9092,8.1976
9093,7.6018
9094,7.2595
9095,7.7105
9096,7.7236
9097,6.3786
9098,10.0
9099,5.5
9100,7.0
9101,5.5
9102,9.0262
9103,7.0
9104,9.134
9105,5.5401
9106,6.3333
9107,8.2353
9108,8.7091
9109,8.8556
9110,8.0385
9111,8.7391
9112,7.6575
9113,9.16
9114,5.2
9115,7.9947
9116,8.3333
9117,7.6268
9118,7.2595
9119,3.0
9120,9.4878
9121,8.9231
9122,6.0
9123,5.3182
9124,7.6018
9125,9.3662
9126,5.0752
9127,7.9947
9128,8.3714
9129,7.6018
9130,7.2595
9131,7.6018
9132,7.6018
9133,5.0
9134,6.8
9135,9.125
9136,8.1976
9137,8.4634
9138,5.0752
9139,8.8556
9140,7.5952
9141,7.6018
9142,8.8556
9143,7.4828
9144,9.0
9145,9.16
9146,7.4286
9147,7.6018
9148,9.3455
9149,9.0262
9150,5.2
9151,7.2595
9152,7.9947
9153,7.6
9154,6.4
9155,6.1071
9156,5.0909
9157,9.0
9158,7.6018
9159,8.6567
9160,8.6111
9161,9.5
9162,8.9444
9163,8.8556
9164,10.0
9165,7.8077
9166,8.25
9167,7.3913
9168,7.6268
9169,7.8431
9170,7.625
9171,6.5
9172,8.0714
9173,7.0
9174,7.9947
9175,8.8556
9176,7.6018
9177,7.2
9178,7.6575
9179,7.6018
9180,7.2857
9181,6.7358
9182,7.8947
9183,7.6018
9184,8.9333
9185,7.2
9186,8.6111
9187,7.6944
9188,9.3158
9189,7.6018
9190,5.5753
9191,8.8556
9192,6.0
9193,5.0752
9194,6.6885
9195,7.6018
9196,7.5952
9197,7.8
9198,6.6885
9199,7.8594
9200,5.0
9201,8.0
9202,6.0667
9203,7.8
9204,6.0
9205,7.6018
9206,5.0752
9207,7.0882
9208,6.5
9209,7.6018
9210,8.7048
9211,7.6018
9212,7.4074
9213,7.2595
9214,7.3523
9215,8.541
9216,7.8
9217,7.4074
9218,8.1955
9219,9.0
9220,8.1111
9221,8.0
9222,8.023
9223,5.1355
9224,7.6018
9225,6.7129
9226,9.0
9227,5.6667
9228,7.9947
9229,6.3889
9230,9.3832
9231,6.9375
9232,6.3786
9233,5.5833
9234,6.129
9235,7.2595
9236,8.6567
9237,8.0
9238,6.25
9239,6.6364
9240,8.0426
9241,6.0
9242,7.8333
9243,7.84
9244,7.5
9245,8.2778
9246,2.5
9247,8.3636
9248,7.2222
9249,7.6018
9250,7.2595
9251,7.6018
9252,7.4421
9253,5.0752
9254,7.6667
9255,9.0256
9256,7.141
9257,7.6018
9258,7.0
9259,7.7
9260,5.0752
9261,8.0
9262,7.3333
9263,8.122
9264,5.0752
9265,9.3455
9266,7.1429
9267,7.5
9268,7.2595
9269,7.7236
9270,7.6018
9271,8.0
9272,7.3796
9273,8.0
9274,7.6018
9275,7.2595
9276,7.1176
9277,5.0
9278,7.6018
9279,7.2595
9280,5.2727
9281,8.3333
9282,6.8
9283,8.1944
9284,7.2595
9285,7.6018
9286,7.6018
9287,9.3455
9288,7.6018
9289,7.6268
9290,8.0
9291,7.6018
9292,8.1579
9293,9.4444
9294,6.5
9295,8.283
9296,7.2595
9297,7.9444
9298,7.6018
9299,6.0
9300,8.3778
9301,8.0
9302,7.2595
9303,7.6018
9304,7.1689
9305,7.6018
9306,8.6667
9307,6.9667
9308,7.2595
9309,6.3786
9310,7.8617
9311,9.4841
9312,8.8556
9313,6.0
9314,8.5
9315,7.6018
9316,7.9091
9317,8.1955
9318,7.0
9319,7.2595
9320,8.3333
9321,7.8333
9322,8.8387
9323,7.8941
9324,8.0238
9325,6.2308
9326,7.6018
9327,5.25
9328,7.6061
9329,5.5385
9330,7.6018
9331,7.6018
9332,7.141
9333,8.4
9334,9.4583
9335,6.6
9336,7.6018
9337,7.3333
9338,9.3662
9339,7.8333
9340,8.5714
9341,7.8617
9342,8.5
9343,7.5
9344,6.4074
9345,7.6018
9346,5.0
9347,7.9
9348,7.2595
9349,7.9231
9350,8.8556
9351,6.7358
9352,7.5333
9353,9.0
9354,7.9947
9355,7.8148
9356,8.2857
9357,5.0
9358,7.6018
9359,8.1829
9360,7.4151
9361,8.2109
9362,8.0094
9363,7.5714
9364,7.2595
9365,7.6018
9366,8.5
9367,7.6018
9368,7.6
9369,7.6
9370,6.9655
9371,9.0
9372,9.5
9373,9.0
9374,8.0
9375,9.0262
9376,6.6957
9377,7.6575
9378,7.5
9379,8.4474
9380,6.6667
9381,7.7
9382,8.8556
9383,6.9091
9384,7.8617
9385,8.3636
9386,7.2595
9387,9.0227
9388,8.8556
9389,6.0
9390,8.5
9391,7.1053
9392,7.2595
9393,8.2222
9394,8.25
9395,5.5753
9396,7.3902
9397,5.0
9398,5.1355
9399,7.4286
9400,8.0
9401,7.7971
9402,7.6018
9403,8.5
9404,7.6018
9405,7.2143
9406,8.6571
9407,7.6018
9408,7.0
9409,8.5714
9410,5.0752
9411,7.5952
9412,7.5065
9413,7.2595
9414,6.3333
9415,8.3571
9416,6.56
9417,9.0262
9418,7.1455
9419,6.4
9420,8.541
9421,7.0
9422,7.6018
9423,8.0755
9424,7.1689
9425,8.0
9426,7.2595
9427,6.3786
9428,6.0769
9429,7.0
9430,4.0
9431,7.6575
9432,8.5753
9433,7.8125
9434,8.0
9435,5.0
9436,7.1689
9437,7.6018
9438,7.8594
9439,6.0
9440,8.9
9441,8.1429
9442,6.0556
9443,8.0094
9444,8.8556
9445,7.5065
9446,9.0
9447,6.0
9448,7.5065
9449,7.9298
9450,7.3523
9451,7.8941
9452,9.2
9453,7.9444
9454,8.5036
9455,7.1364
9456,7.4339
9457,8.25
9458,7.2595
9459,7.6714
9460,7.53
9461,7.6018
9462,7.1039
9463,7.25
9464,6.3684
9465,7.6018
9466,7.0
9467,6.8689
9468,6.875
9469,5.4545
9470,7.6018
9471,8.0
9472,7.7429
9473,6.7358
9474,7.0769
9475,8.7029
9476,7.2595
9477,8.9333
9478,7.1689
9479,9.0
9480,9.6216
9481,8.6567
9482,7.6268
9483,7.6018
9484,7.7009
9485,8.9333
9486,6.6364
9487,7.6018
9488,6.3786
9489,7.6018
9490,9.0
9491,9.7907
9492,6.25
9493,7.6018
9494,7.1689
9495,7.9
9496,7.5758
9497,7.8462
9498,7.1689
9499,6.8667
9500,7.2595
9501,6.9
9502,7.6018
9503,7.0
9504,7.5556
9505,6.8571
9506,7.2595
9507,6.7358
9508,9.6667
9509,8.5833
9510,7.25
9511,5.8214
9512,10.0
9513,8.8556
9514,8.8556
9515,7.3148
9516,5.8571
9517,5.0
9518,10.0
9519,8.1667
9520,6.0
9521,8.0714
9522,7.2595
9523,7.3
9524,10.0
9525,9.0262
9526,7.2595
9527,6.6667
9528,8.418
9529,7.6018
9530,8.5
9531,6.8889
9532,7.6714
9533,6.9375
9534,7.6364
9535,7.9286
9536,8.275
9537,8.0
9538,7.6018
9539,8.0
9540,6.3786
9541,7.4824
9542,7.9947
9543,7.2595
9544,6.0
9545,6.0
9546,7.7727
9547,6.0958
9548,7.6667
9549,6.7778
9550,8.8556
9551,8.283
9552,8.0
9553,8.2019
9554,8.1579
9555,7.2595
9556,6.3333
9557,5.8
9558,8.05
9559,9.0262
9560,5.7143
9561,9.2857
9562,8.8125
9563,10.0
9564,8.7805
9565,7.6018
9566,7.3523
9567,7.0492
9568,8.2676
9569,7.2595
9570,7.6018
9571,7.5
9572,10.0
9573,7.5455
9574,8.0094
9575,7.2595
9576,7.2595
9577,6.5429
9578,4.5
9579,8.2353
9580,5.1385
9581,6.5161
9582,7.8723
9583,5.0
9584,7.5065
9585,8.1111
9586,7.2595
9587,6.7143
9588,7.5065
9589,8.5036
9590,8.0
9591,8.0
9592,5.0752
9593,7.6018
9594,7.2595
9595,7.6018
9596,9.3158
9597,7.9
9598,6.4921
9599,7.6018
9600,8.7091
9601,7.7667
9602,7.6018
9603,8.6111
9604,7.1579
9605,7.9559
9606,5.3333
9607,8.3158
9608,8.2222
9609,8.8556
9610,6.7403
9611,8.3333
9612,5.0752
9613,7.8889
9614,7.3103
9615,7.6018
9616,8.7
9617,6.9655
9618,7.6018
9619,8.1852
9620,7.2595
9621,7.7449
9622,8.8556
9623,7.7449
9624,7.2174
9625,8.5875
9626,7.6018
9627,6.6364
9628,8.0714
9629,6.6
9630,7.4146
9631,8.0
9632,6.8
9633,7.6018
9634,7.2595
9635,7.2595
9636,9.0
9637,8.9828
9638,7.6
9639,9.8571
9640,8.0
9641,6.125
9642,6.125
9643,8.1852
9644,9.0
9645,4.0
9646,7.625
9647,8.7029
9648,7.9286
9649,6.6214
9650,8.8556
9651,8.3333
9652,8.5
9653,8.8556
9654,7.7762
9655,7.2243
9656,7.5
9657,7.3333
9658,9.0
9659,7.9
9660,8.6667
9661,7.2595
9662,7.6018
9663,10.0
9664,7.6087
9665,7.2595
9666,8.0
9667,6.6842
9668,7.2595
9669,8.1928
9670,9.75
9671,7.4091
9672,8.6667
9673,7.6
9674,7.6018
9675,5.6667
9676,7.8056
9677,8.05
9678,8.8556
9679,6.75
9680,7.7762
9681,9.1333
9682,6.7374
9683,9.16
9684,8.5
9685,6.64
9686,6.3
9687,7.96
9688,7.2595
9689,7.2432
9690,7.6018
9691,9.1395
9692,7.6667
9693,8.0
9694,7.6018
9695,7.7727
9696,8.2353
9697,5.9091
9698,8.8556
9699,7.6018
9700,9.0
9701,4.7059
9702,7.6018
9703,8.8556
9704,8.3971
9705,7.3462
9706,7.6018
9707,9.3333
9708,6.8182
9709,7.8636
9710,7.2595
9711,8.1852
9712,7.5
9713,8.0
9714,5.881
9715,8.8556
9716,7.2595
9717,7.96
9718,9.0262
9719,7.0
9720,9.2
9721,7.2595
9722,8.1976
9723,7.7429
9724,7.0
9725,8.0455
9726,7.2857
9727,9.0
9728,7.871
9729,7.2595
9730,6.7273
9731,6.75
9732,8.2368
9733,6.7358
9734,5.0752
9735,9.3455
9736,7.6714
9737,7.7009
9738,7.7115
9739,7.6018
9740,5.5401
9741,6.6667
9742,7.0
9743,7.0818
9744,7.7009
9745,7.6018
9746,9.0
9747,8.5818
9748,5.3333
9749,7.9577
9750,7.5714
9751,8.0455
9752,10.0
9753,7.0
9754,8.1429
9755,7.0
9756,7.6018
9757,6.7403
9758,7.6018
9759,7.0492
9760,7.2595
9761,9.0
9762,7.2846
9763,8.0417
9764,7.1667
9765,5.25
9766,7.3404
9767,7.6018
9768,5.5753
9769,5.0
9770,7.6018
9771,8.1955
9772,8.5036
9773,8.7091
9774,7.6018
9775,7.0
9776,7.918
9777,8.3953
9778,8.0556
9779,9.0811
9780,8.5
9781,6.1034
9782,7.4339
9783,7.2595
9784,7.58
9785,6.7857
9786,8.275
9787,7.2595
9788,8.2
9789,7.5714
9790,7.4583
9791,5.0752
9792,9.0
9793,8.8125
9794,7.2595
9795,8.5
9796,6.56
9797,7.2595
9798,6.9483
9799,8.2764
9800,10.0
9801,7.815
9802,8.2174
9803,8.1111
9804,6.5
9805,7.5065
9806,9.3158
9807,8.1429
9808,7.0
9809,5.1667
9810,7.4286
9811,7.6018
9812,7.6
9813,8.8302
9814,5.0
9815,7.9
9816,7.6018
9817,7.5065
9818,8.9796
9819,8.541
9820,7.7236
9821,5.0909
9822,8.4
9823,7.4339
9824,6.1034
9825,7.6944
9826,5.5753
9827,8.0294
9828,9.6216
9829,9.0262
9830,8.8556
9831,7.6018
9832,7.5505
9833,7.7838
9834,7.0818
9835,8.1111
9836,7.2595
9837,5.0
9838,6.25
9839,10.0
9840,8.1
9841,5.75
9842,8.8958
9843,8.7029
9844,7.6018
9845,6.875
9846,8.0667
9847,10.0
9848,6.0
9849,9.6216
9850,5.0
9851,8.4474
9852,7.7449
9853,8.5714
9854,5.1355
9855,8.3971
9856,6.8182
9857,7.6018
9858,8.28
9859,8.6111
9860,5.881
9861,8.5
9862,9.0262
9863,7.25
9864,7.3793
9865,7.2595
9866,8.7105
9867,8.4286
9868,8.25
9869,7.6018
9870,6.1667
9871,7.1667
9872,8.3333
9873,7.2595
9874,6.7358
9875,8.3333
9876,6.8571
9877,6.7374
9878,7.8571
9879,7.6018
9880,9.0
9881,7.0
9882,7.5339
9883,8.875
9884,8.3953
9885,9.7
9886,7.875
9887,7.6018
9888,8.3333
9889,8.05
9890,6.3514
9891,6.8
9892,7.6018
9893,7.2595
9894,7.5714
9895,7.4074
9896,7.1039
9897,7.0
9898,9.0
9899,8.9905
9900,9.3333
9901,7.6018
9902,8.8556
9903,6.8377
9904,8.7903
9905,9.4632
9906,7.6
9907,7.0818
9908,7.2595
9909,7.8182
9910,7.5952
9911,7.3523
9912,7.6667
9913,7.6018
9914,8.7368
9915,7.2595
9916,8.2222
9917,8.3333
9918,7.8617
9919,7.2632
9920,7.2595
9921,7.6018
9922,8.1429
9923,5.25
9924,8.8556
9925,7.5278
9926,5.7059
9927,6.9737
9928,7.2595
9929,7.5333
9930,7.6018
9931,8.0
9932,7.8723
9933,7.5
9934,7.6268
9935,8.0294
9936,7.2846
9937,7.6018
9938,6.0
9939,5.9825
9940,8.6552
9941,8.0
9942,8.1043
9943,9.6667
9944,7.6018
9945,9.0262
9946,5.8529
9947,7.6667
9948,5.25
9949,7.1689
9950,7.8571
9951,4.8462
9952,9.6111
9953,5.0752
9954,7.0
9955,6.8333
9956,7.6018
9957,8.4091
9958,7.2595
9959,7.52
9960,8.0
9961,7.2391
9962,9.0
9963,9.075
9964,7.6018
9965,8.5
9966,7.6018
9967,8.1976
9968,9.0262
9969,7.6018
9970,8.1905
9971,5.0
9972,7.5
9973,5.0752
9974,8.8556
9975,7.6018
9976,8.0385
9977,6.7358
9978,7.1689
9979,9.7907
9980,7.6
9981,7.6018
9982,8.8556
9983,5.5
9984,6.0769
9985,8.8556
9986,8.5385
9987,7.9375
9988,8.0094
9989,9.0
9990,6.9556
9991,6.2
9992,8.5714
9993,7.1689
9994,9.0
9995,7.6429
9996,7.2368
9997,8.7091
9998,9.134
9999,7.087
10000,7.3523
10001,8.4091
10002,7.6018
10003,7.2595
10004,10.0
10005,7.2857
10006,8.8824
10007,8.0
10008,8.8
10009,7.6018
10010,9.2
10011,9.4583
10012,7.5714
10013,6.375
10014,8.64
10015,8.4906
10016,7.1667
10017,8.0
10018,7.3913
10019,8.3939
10020,7.0
10021,3.0
10022,7.6018
10023,7.7273
10024,6.25
10025,6.1071
10026,8.4444
10027,7.6018
10028,8.9
10029,7.2595
10030,7.828
10031,7.6
10032,7.5965
10033,6.375
10034,5.8571
10035,7.2595
10036,7.6018
10037,7.6018
10038,7.6018
10039,7.918
10040,7.9167
10041,7.6018
10042,5.0
10043,5.8214
10044,7.6018
10045,7.5185
10046,7.6018
10047,7.1429
10048,8.1579
10049,7.9559
10050,7.5065
10051,5.5401
10052,7.6018
10053,7.8056
10054,7.6018
10055,6.8462
10056,5.0
10057,8.6
10058,7.5
10059,7.0
10060,7.918
10061,9.0
10062,7.6018
10063,7.6018
10064,7.2595
10065,9.0
10066,9.4632
10067,7.6018
10068,7.6018
10069,8.8556
10070,4.0
10071,8.0
10072,9.0262
10073,9.0
10074,8.3333
10075,7.5065
10076,3.5
10077,8.3158
10078,8.5
10079,7.8
10080,8.5165
10081,5.5753
10082,7.087
10083,7.6923
10084,8.4
10085,8.5
10086,8.8556
10087,8.0385
10088,7.2595
10089,8.5
10090,6.3889
10091,7.6018
10092,6.0
10093,7.6957
10094,7.6018
10095,7.3333
10096,4.0
10097,9.134
10098,7.9577
10099,7.5476
10100,8.8556
10101,8.5165
10102,8.8556
10103,6.25
10104,7.6018
10105,7.75
10106,9.0
10107,7.84
10108,7.2917
10109,9.0262
10110,8.2
10111,7.6018
10112,8.7091
10113,7.1689
10114,8.0
10115,9.0262
10116,7.1689
10117,7.55
10118,7.2222
10119,7.6667
10120,7.8333
10121,8.0294
10122,7.2595
10123,7.1212
10124,7.2595
10125,7.0
10126,7.5472
10127,8.7105
10128,8.6471
10129,7.6018
10130,7.6018
10131,5.0
10132,8.1667
10133,7.9231
10134,7.8889
10135,7.6018
10136,8.0
10137,9.0227
10138,7.5
10139,7.5
10140,8.0
10141,9.3455
10142,7.6087
10143,7.0
10144,6.6667
10145,8.4286
10146,7.2595
10147,7.2595
10148,8.2
10149,6.7358
10150,6.9583
10151,7.5714
10152,7.2595
10153,5.0
10154,5.4545
10155,7.815
10156,7.6018
10157,7.6923
10158,7.875
10159,10.0
10160,6.1071
10161,8.122
10162,5.5
10163,8.0588
10164,7.5333
10165,8.7692
10166,7.1689
10167,9.0
10168,7.8617
10169,7.8941
10170,4.0
10171,8.1955
10172,9.0262
10173,7.6018
10174,7.8667
10175,9.0262
10176,6.0
10177,8.2353
10178,5.0752
10179,7.0
10180,8.1944
10181,9.1373
10182,8.0
10183,7.5065
10184,7.2595
10185,8.0
10186,7.6087
10187,7.2595
10188,7.8
10189,7.2909
10190,6.9667
10191,7.6018
10192,8.0
10193,7.4824
10194,7.5505
10195,8.8556
10196,7.8
10197,7.8889
10198,9.3158
10199,5.6667
10200,7.6018
10201,7.9
10202,8.8556
10203,8.3971
10204,8.5875
10205,7.6018
10206,6.1034
10207,6.9333
10208,7.6018
10209,7.6018
10210,7.6018
10211,7.3529
10212,10.0
10213,5.6667
10214,9.0227
10215,5.8214
10216,8.3571
10217,8.0
10218,7.6667
10219,7.6018
10220,8.0
10221,6.0741
10222,7.7838
10223,8.873
10224,6.7129
10225,6.7273
10226,8.418
10227,8.8556
10228,7.141
10229,7.7762
10230,8.375
10231,8.8333
10232,7.6429
10233,8.0
10234,6.0
10235,7.6018
10236,7.7762
10237,8.9403
10238,7.6018
10239,7.6018
10240,8.0
10241,8.0
10242,7.9
10243,7.2368
10244,7.5505
10245,8.1111
10246,7.5065
10247,8.8556
10248,7.6429
10249,6.6809
10250,7.1667
10251,7.0
10252,9.0
10253,4.5
10254,7.4286
10255,7.6018
10256,9.16
10257,7.5065
10258,8.75
10259,7.8571
10260,8.1818
10261,8.8556
10262,8.7222
10263,9.1
10264,7.3796
10265,7.6018
10266,7.6
10267,7.6018
10268,7.8333
10269,7.6018
10270,6.0226
10271,8.1277
10272,8.8556
10273,8.5818
10274,7.2143
10275,8.6842
10276,6.0
10277,7.1818
10278,10.0
10279,7.3333
10280,7.8431
10281,9.375
10282,10.0
10283,8.2368
10284,8.0833
10285,7.0
10286,7.75
10287,6.5
10288,7.6018
10289,7.5968
10290,8.25
10291,7.2595
10292,7.6018
10293,9.5
10294,7.2595
10295,8.8824
10296,10.0
10297,7.3148
10298,9.3455
10299,7.0
10300,7.5
10301,9.075
10302,7.6268
10303,8.8556
10304,7.53
10305,8.2353
10306,7.2595
10307,7.6018
10308,7.6018
10309,6.1538
10310,8.8333
10311,7.5556
10312,9.0
10313,7.9947
10314,7.2595
10315,7.3333
10316,6.8
10317,8.5036
10318,6.4
10319,5.0
10320,7.6018
10321,9.3832
10322,7.2595
10323,6.2632
10324,7.5065
10325,7.6018
10326,7.2595
10327,7.7429
10328,8.05
10329,8.5
10330,7.5926
10331,6.0
10332,8.6667
10333,8.5
10334,7.5065
10335,7.2595
10336,5.5
10337,7.6018
10338,6.8889
10339,7.6018
10340,7.0492
10341,6.0226
10342,7.5065
10343,8.8556
10344,5.25
10345,4.7778
10346,8.0
10347,6.5769
10348,7.6018
10349,8.2353
10350,5.5401
10351,8.1111
10352,7.8916
10353,7.0714
10354,8.7391
10355,7.6018
10356,7.5333
10357,9.4878
10358,6.5
10359,8.3971
10360,6.0
10361,7.4054
10362,8.1579
10363,7.6018
10364,6.7403
10365,7.2846
10366,7.2595
10367,6.5
10368,7.885
10369,5.4
10370,7.0
10371,7.2595
10372,8.0
10373,7.9688
10374,6.4375
10375,8.7778
10376,6.9091
10377,6.2381
10378,7.4
10379,6.1538
10380,5.5
10381,8.0
10382,6.3333
10383,7.0
10384,8.8556
10385,7.9
10386,7.2595
10387,7.375
10388,8.0769
10389,7.2143
10390,6.3333
10391,6.25
10392,8.1976
10393,8.8556
10394,9.3077
10395,8.8556
10396,6.88
10397,8.4
10398,7.1429
10399,7.6018
10400,9.0
10401,6.25
10402,7.2595
10403,7.0
10404,8.1429
10405,7.5065
10406,6.0
10407,7.6018
10408,7.6018
10409,7.9947
10410,7.8056
10411,8.2676
10412,8.2222
10413,8.5
10414,7.2595
10415,6.875
10416,8.8556
10417,7.9947
10418,6.4545
10419,5.4
10420,5.1667
10421,9.0
10422,8.2764
10423,8.2128
10424,10.0
10425,8.8556
10426,7.9667
10427,9.0
10428,8.0429
10429,8.2174
10430,7.75
10431,8.2963
10432,8.0
10433,7.0
10434,5.0752
10435,9.4545
10436,8.1043
10437,6.5
10438,5.0752
10439,8.1111
10440,7.9947
10441,8.0
10442,6.5
10443,7.2595
10444,7.6018
10445,8.8958
10446,7.2
10447,7.6018
10448,8.0
10449,7.2595
10450,7.5065
10451,8.1714
10452,8.75
10453,9.1373
10454,8.4737
10455,7.2595
10456,9.5
10457,6.7368
10458,7.2595
10459,9.2
10460,7.6018
10461,7.6018
10462,9.0
10463,7.0
10464,8.7091
10465,8.0
10466,7.2595
10467,8.6567
10468,7.3333
10469,7.9
10470,7.6018
10471,6.875
10472,8.8302
10473,7.0345
10474,8.1429
10475,9.4632
10476,5.8077
10477,7.6018
10478,8.0857
10479,7.2595
10480,7.2595
10481,7.5385
10482,6.6667
10483,8.9403
10484,7.6018
10485,6.0958
10486,7.6018
10487,6.0
10488,7.3913
10489,8.3731
10490,8.1829
10491,9.3333
10492,7.8667
10493,7.0
10494,7.9
10495,5.0752
10496,7.1667
10497,7.5
10498,7.8148
10499,7.6018
10500,8.2764
10501,6.6667
10502,6.4
10503,5.4
10504,10.0
10505,7.8
10506,6.875
10507,7.5333
10508,7.6538
10509,6.3889
10510,7.9
10511,7.5952
10512,8.5165
10513,8.8556
10514,7.815
10515,7.6018
10516,7.3404
10517,8.8556
10518,8.0
10519,7.1
10520,7.6018
10521,8.2764
10522,7.3158
10523,8.0
10524,7.6757
10525,8.8556
10526,7.2243
10527,7.6018
10528,9.0262
10529,6.6885
10530,5.4
10531,9.5
10532,7.6667
10533,7.375
10534,6.6667
10535,6.0
10536,7.9444
10537,7.6018
10538,6.6667
10539,7.6018
10540,8.1429
10541,8.8556
10542,8.1111
10543,8.3333
10544,7.8889
10545,7.9
10546,7.1212
10547,7.815
10548,8.8556
10549,8.0
10550,8.1976
10551,8.92
10552,6.0958
10553,8.1976
10554,6.2
10555,5.5753
10556,6.4
10557,8.5036
10558,9.5
10559,6.8377
10560,6.0
10561,8.1667
10562,5.0752
10563,9.0262
10564,5.0
10565,7.6018
10566,7.0
10567,6.129
10568,7.4821
10569,8.8556
10570,7.0
10571,6.8182
10572,7.6018
10573,8.8
10574,6.6214
10575,4.25
10576,5.0
10577,7.64
10578,7.2595
10579,7.3913
10580,6.6667
10581,7.125
10582,8.8556
10583,7.6018
10584,6.0
10585,6.0
10586,8.0
10587,7.6429
10588,8.8556
10589,7.3523
10590,9.8667
10591,8.0
10592,6.1034
10593,7.6018
10594,10.0
10595,5.0752
10596,7.0
10597,8.7091
10598,6.3514
10599,7.6018
10600,7.2595
10601,9.6
10602,7.3913
10603,8.0
10604,9.375
10605,7.6268
10606,6.6
10607,6.5
10608,6.25
10609,7.815
10610,8.0
10611,8.6567
10612,7.0769
10613,7.6018
10614,5.5
10615,7.0
10616,7.1667
10617,7.6018
10618,9.5
10619,9.4632
10620,8.9091
10621,7.3333
10622,5.1355
10623,7.2
10624,6.8621
10625,7.3571
10626,8.1429
10627,8.8556
10628,8.0588
10629,5.9091
10630,8.7029
10631,7.75
10632,6.25
10633,7.9452
10634,7.75
10635,8.0385
10636,7.8812
10637,8.75
10638,8.375
10639,9.3529
10640,7.6018
10641,7.2595
10642,9.4583
10643,8.7048
10644,7.9565
10645,8.8556
10646,7.7009
10647,6.5714
10648,7.1321
10649,7.3523
10650,7.6018
10651,8.1579
10652,7.4167
10653,8.8
10654,8.1667
10655,8.0
10656,7.6018
10657,7.3846
10658,7.7778
10659,8.7091
10660,8.0
10661,7.4
10662,6.8621
10663,6.6667
10664,9.3333
10665,7.2595
10666,8.6719
10667,7.375
10668,7.6018
10669,7.5065
10670,8.5
10671,8.2109
10672,7.6018
10673,7.1039
10674,7.3523
10675,6.0
10676,4.6667
10677,9.0256
10678,7.6538
10679,7.6018
10680,6.5
10681,9.2857
10682,7.5065
10683,7.0
10684,7.9091
10685,8.4286
10686,7.3333
10687,8.2019
10688,7.5862
10689,7.1429
10690,7.6018
10691,7.1667
10692,7.8594
10693,8.5875
10694,7.6018
10695,8.0294
10696,7.2857
10697,8.8556
10698,5.0752
10699,7.5065
10700,8.0667
10701,7.0818
10702,7.2595
10703,7.6018
10704,8.8556
10705,5.5753
10706,7.2595
10707,8.3
10708,8.3571
10709,7.0
10710,8.4
10711,8.3333
10712,6.25
10713,9.3455
10714,9.25
10715,7.2595
10716,7.55
10717,8.0
10718,8.1429
10719,7.0
10720,5.0752
10721,7.2595
10722,7.6667
10723,8.8556
10724,7.9577
10725,7.9947
10726,6.5333
10727,8.5
10728,7.4421
10729,8.1538
10730,5.0
10731,7.0
10732,7.6018
10733,7.3333
10734,8.3636
10735,7.6018
10736,8.5
10737,8.1818
10738,7.6018
10739,7.2595
10740,7.6018
10741,9.0262
10742,3.0
10743,7.918
10744,7.75
10745,7.2595
10746,7.2595
10747,7.4824
10748,8.1111
10749,8.0
10750,8.75
10751,7.6018
10752,6.0958
10753,7.1429
10754,9.0262
10755,7.2595
10756,9.1667
10757,8.4118
10758,8.6471
10759,9.3077
10760,8.3571
10761,7.2595
10762,6.0
10763,9.375
10764,6.7358
10765,7.2595
10766,7.2243
10767,6.3514
10768,7.5065
10769,7.0
10770,8.75
10771,7.5065
10772,7.6018
10773,7.6667
10774,8.0
10775,7.0
10776,7.2595
10777,7.6018
10778,7.8
10779,7.6667
10780,8.7029
10781,7.4146
10782,5.9474
10783,8.4
10784,6.0226
10785,8.8462
10786,7.6018
10787,8.8556
10788,7.4339
10789,7.6018
10790,7.7
10791,7.6154
10792,7.6018
10793,6.8689
10794,8.3649
10795,6.7143
10796,7.5065
10797,7.8333
10798,7.72
10799,8.1667
10800,7.5065
10801,5.5401
10802,7.3796
10803,8.5
10804,7.9091
10805,7.625
10806,9.0
10807,7.0818
10808,7.6018
10809,5.0
10810,7.2595
10811,7.5
10812,7.5
10813,8.0
10814,8.7048
10815,9.0
10816,7.1212
10817,8.0
10818,6.7619
10819,9.0
10820,9.0811
10821,9.16
10822,7.4583
10823,7.0
10824,7.5254
10825,8.25
10826,7.3523
10827,8.8556
10828,7.6018
10829,7.8941
10830,7.5385
10831,8.8556
10832,7.9947
10833,7.0
10834,7.2595
10835,7.8333
10836,7.2595
10837,7.2595
10838,9.0
10839,7.815
10840,5.25
10841,8.0455
10842,7.6018
10843,7.6018
10844,7.6018
10845,9.0
10846,8.6667
10847,8.5
10848,7.0
10849,9.16
10850,7.3
10851,6.5714
10852,7.6018
10853,6.875
10854,6.5
10855,7.6018
10856,8.7903
10857,6.6
10858,6.75
10859,7.6018
10860,7.5263
10861,9.075
10862,7.6018
10863,9.0
10864,8.8889
10865,9.0262
10866,9.8571
10867,8.1976
10868,7.0
10869,8.6
10870,7.6018
10871,7.6018
10872,8.5
10873,8.7029
10874,10.0
10875,7.9231
10876,8.0
10877,8.4
10878,8.5
10879,8.8556
10880,8.3333
10881,8.0
10882,8.4118
10883,7.8941
10884,6.6214
10885,7.7
10886,8.7692
10887,7.0
10888,7.0
10889,8.2
10890,7.7009
10891,7.5952
10892,7.0
10893,7.815
10894,7.2391
10895,8.8556
10896,8.9403
10897,9.0
10898,8.0882
10899,7.25
10900,8.3778
10901,7.2595
10902,5.0752
10903,9.0262
10904,9.4583
10905,7.625
10906,9.1176
10907,7.3523
10908,8.625
10909,9.25
10910,7.0
10911,6.3333
10912,6.875
10913,7.6364
10914,8.8556
10915,3.0
10916,8.5833
10917,8.8556
10918,7.5333
10919,7.5065
10920,8.0
10921,7.6018
10922,7.2857
10923,9.0
10924,5.1385
10925,8.7778
10926,7.2632
10927,8.8556
10928,5.0
10929,5.6
10930,9.5
10931,7.6018
10932,6.25
10933,5.5
10934,8.5
10935,8.2222
10936,5.0752
10937,9.9643
10938,8.0857
10939,8.2222
10940,9.0
10941,5.5
10942,7.6018
10943,7.3523
10944,7.3523
10945,7.6018
10946,8.0
10947,7.6018
10948,7.6018
10949,8.5036
10950,7.2595
10951,8.6579
10952,8.5
10953,8.875
10954,7.0
10955,8.4815
10956,5.3846
10957,7.96
10958,7.2595
10959,8.6316
10960,7.6018
10961,5.0752
10962,7.7
10963,7.6018
10964,7.9143
10965,7.2595
10966,7.9143
10967,8.8556
10968,6.3684
10969,7.0
10970,7.2595
10971,5.0752
10972,8.873
10973,7.5
10974,7.0
10975,5.8214
10976,7.5
10977,7.6667
10978,8.8556
10979,8.8556
10980,8.0
10981,7.6018
10982,6.3786
10983,6.3333
10984,8.8302
10985,7.4746
10986,8.7029
10987,8.0
10988,9.5
10989,7.8667
10990,6.3786
10991,8.2812
10992,7.6268
10993,5.0
10994,7.5476
10995,7.2595
10996,7.25
10997,8.0
10998,8.4118
10999,7.4421
11000,7.0
11001,8.5714
11002,7.6018
11003,7.5968
11004,7.2595
11005,8.0
11006,5.0752
11007,5.25
11008,7.2595
11009,9.3158
11010,9.6667
11011,8.48
11012,7.625
11013,5.25
11014,7.3333
11015,6.9583
11016,8.1579
11017,7.6018
11018,8.4634
11019,7.5065
11020,7.72
11021,7.5455
11022,8.75
11023,6.5
11024,8.8333
11025,8.92
11026,8.6176
11027,8.875
11028,7.4339
11029,8.7048
11030,8.0426
11031,7.6018
11032,7.2595
11033,6.0
11034,7.6018
11035,8.023
11036,6.0
11037,9.25
11038,8.6111
11039,9.8125
11040,7.2595
11041,7.6667
11042,9.3832
11043,7.6018
11044,7.5952
11045,6.3786
11046,7.0
11047,6.4
11048,7.5065
11049,6.6
11050,6.3514
11051,7.8
11052,7.0818
11053,7.3523
11054,8.6111
11055,7.2595
11056,9.6216
11057,7.2595
11058,8.375
11059,7.4
11060,8.3571
11061,7.6923
11062,7.6018
11063,6.1034
11064,6.9
11065,8.8556
11066,7.6018
11067,9.0
11068,7.8462
11069,6.375
11070,8.8958
11071,7.6471
11072,5.1355
11073,7.0
11074,6.6
11075,8.0
11076,9.1176
11077,8.1429
11078,7.0
11079,6.9556
11080,8.8556
11081,6.5238
11082,7.2595
11083,7.619
11084,7.1689
11085,8.5
11086,7.0
11087,7.6087
11088,7.6018
11089,7.5
11090,7.6018
11091,7.1463
11092,9.1765
11093,9.3455
11094,8.1944
11095,7.0
11096,7.2222
11097,5.0
11098,7.6018
11099,7.75
11100,9.3455
11101,7.72
11102,8.0
11103,8.4286
11104,7.2857
11105,6.56
11106,7.5
11107,9.0
11108,6.25
11109,8.0
11110,9.0262
11111,7.5
11112,7.7009
11113,6.3333
11114,8.8556
11115,8.8556
11116,8.1429
11117,7.5333
11118,7.6018
11119,8.7091
11120,5.0752
11121,8.0
11122,8.5
11123,8.8556
11124,9.15
11125,8.8556
11126,9.3455
11127,5.5753
11128,7.2595
11129,7.5952
11130,7.6018
11131,6.0
11132,7.6122
11133,7.2963
11134,9.0
11135,7.2595
11136,8.0
11137,5.0
11138,7.1
11139,7.6018
11140,7.814
11141,6.75
11142,7.7826
11143,9.0262
11144,6.5
11145,7.4421
11146,8.6667
11147,7.6018
11148,8.2105
11149,8.2353
11150,7.6667
11151,7.8617
11152,7.9
11153,8.0
11154,6.7129
11155,7.6018
11156,7.6018
11157,7.2595
11158,6.56
11159,8.375
11160,7.2595
11161,8.0
11162,6.75
11163,8.0
11164,6.5
11165,8.8556
11166,9.1395
11167,7.3158
11168,6.1
11169,7.2595
11170,8.0238
11171,8.0294
11172,8.0
11173,7.6268
11174,6.9167
11175,8.1955
11176,7.1689
11177,7.3333
11178,7.1039
11179,5.4
11180,8.8556
11181,5.5753
11182,6.3333
11183,7.0
11184,7.4444
11185,8.8556
11186,8.0
11187,7.6018
11188,7.2243
11189,6.3514
11190,7.9947
11191,7.125
11192,8.0
11193,8.6667
11194,8.8556
11195,7.6944
11196,8.0909
11197,8.0
11198,8.0833
11199,7.3902
11200,8.1111
11201,6.88
11202,9.1111
11203,7.1039
11204,6.3514
11205,7.1429
11206,7.8812
11207,6.8125
11208,7.5505
11209,8.7805
11210,9.1373
11211,9.3455
11212,8.8431
11213,6.5294
11214,8.3971
11215,8.125
11216,8.0
11217,7.9286
11218,10.0
11219,7.6018
11220,8.2368
11221,7.53
11222,6.625
11223,6.6214
11224,7.6018
11225,7.0
11226,7.2
11227,7.25
11228,8.9167
11229,8.0
11230,6.0
11231,10.0
11232,7.6018
11233,8.3571
11234,7.5505
11235,7.0833
11236,7.8718
11237,8.7029
11238,8.4286
11239,9.3455
11240,7.6018
11241,7.2595
11242,8.122
11243,8.75
11244,7.6018
11245,6.6667
11246,7.2595
11247,8.4634
11248,8.1111
11249,7.2595
11250,8.0
11251,6.9333
11252,5.2
11253,8.8556
11254,9.3455
11255,7.2595
11256,7.2595
11257,7.75
11258,7.141
11259,5.0752
11260,7.1039
11261,8.2857
11262,8.5
11263,6.0
11264,5.0
11265,8.0857
11266,6.0958
11267,7.2595
11268,8.3333
11269,7.5
11270,6.7358
11271,5.25
11272,6.8667
11273,5.0
11274,7.6018
11275,7.6018
11276,5.0752
11277,6.5238
11278,8.1486
11279,7.0
11280,7.3333
11281,7.2595
11282,5.0
11283,5.8529
11284,8.1043
11285,7.875
11286,7.6018
11287,8.3333
11288,7.5862
11289,7.0345
11290,6.5
11291,8.8431
11292,8.7048
11293,8.7179
11294,7.2595
11295,5.6
11296,7.3523
11297,7.3913
11298,8.2764
11299,9.3455
11300,8.5714
11301,7.6667
11302,7.2595
11303,9.3662
11304,8.8556
11305,7.6018
11306,7.4286
11307,7.5254
11308,10.0
11309,8.8571
11310,7.5968
11311,8.2963
11312,10.0
11313,7.2595
11314,7.6018
11315,6.0
11316,8.8556
11317,7.4074
11318,7.885
11319,8.9403
11320,8.625
11321,8.375
11322,7.8
11323,7.4483
11324,7.6018
11325,7.6018
11326,6.75
11327,7.6923
11328,9.075
11329,6.6667
11330,7.6018
11331,8.2857
11332,8.1429
11333,8.8556
11334,7.1463
11335,8.0385
11336,7.4545
11337,8.0385
11338,7.2595
11339,7.6018
11340,8.2676
11341,7.8
11342,7.5
11343,7.3333
11344,5.0752
11345,6.6923
11346,8.6667
11347,7.6018
11348,6.5714
11349,7.8941
11350,9.3158
11351,7.9947
11352,8.1852
11353,10.0
11354,7.4146
11355,6.9167
11356,6.0226
11357,7.6018
11358,7.2595
11359,8.0
11360,7.7
11361,8.1829
11362,7.1212
11363,8.92
11364,7.1429
11365,8.0
11366,7.2595
11367,8.0
11368,9.3455
11369,8.0
11370,8.3382
11371,5.0752
11372,7.6018
11373,7.0667
11374,9.0262
11375,7.6018
11376,7.1429
11377,7.6944
11378,7.7115
11379,7.2595
11380,7.6018
11381,10.0
11382,6.6214
11383,5.0
11384,9.6216
11385,8.3333
11386,7.6018
11387,4.8333
11388,7.6018
11389,6.6214
11390,8.3714
11391,7.6018
11392,6.9667
11393,6.25
11394,8.7404
11395,9.0
11396,6.2
11397,7.4444
11398,7.7971
11399,7.6018
11400,9.7907
11401,7.6018
11402,7.3333
11403,7.6018
11404,7.6018
11405,8.0
11406,7.5965
11407,9.15
11408,7.2595
11409,7.8182
11410,7.2595
11411,8.2019
11412,7.6714
11413,8.8556
11414,8.8556
11415,7.6018
11416,7.6018
11417,6.7778
11418,7.2595
11419,7.6268
11420,7.6018
11421,9.1111
11422,5.0
11423,7.6018
11424,9.4118
11425,7.6018
11426,8.5
11427,7.6018
11428,6.7143
11429,5.1355
11430,7.6018
11431,7.3902
11432,9.3455
11433,8.8556
11434,6.0667
11435,7.6018
11436,7.6018
11437,6.9091
11438,7.8182
11439,8.45
11440,7.6018
11441,6.3333
11442,7.4074
11443,7.2595
11444,7.2595
11445,6.65
11446,9.2
11447,7.5065
11448,7.6018
11449,7.5
11450,6.0
11451,9.6667
11452,7.2222
11453,6.3333
11454,7.5505
11455,8.5
11456,7.6018
11457,7.6018
11458,6.7273
11459,10.0
11460,7.6018
11461,7.3793
11462,9.1481
11463,8.0
11464,7.4444
11465,8.5
11466,7.9273
11467,9.3832
11468,8.1053
11469,7.9947
11470,7.6018
11471,7.6018
11472,9.6216
11473,6.6316
11474,5.0752
11475,7.6018
11476,7.7778
11477,7.1429
11478,6.1034
11479,6.7778
11480,4.7059
11481,8.0385
11482,7.5
11483,7.0476
11484,7.9559
11485,7.0
11486,7.5505
11487,6.5862
11488,8.5875
11489,7.2595
11490,7.1818
11491,7.6018
11492,7.1689
11493,8.8556
11494,7.5
11495,6.9583
11496,6.6809
11497,7.6018
11498,8.8556
11499,7.1429
11500,7.4339
11501,8.2222
11502,6.7917
11503,6.7129
11504,6.9091
11505,7.5
11506,7.7778
11507,6.0
11508,5.0
11509,9.0262
11510,6.6214
11511,5.0752
11512,7.6018
11513,6.8125
11514,7.6018
11515,7.2
11516,8.4091
11517,8.0
11518,7.0492
11519,7.3182
11520,5.1385
11521,8.8556
11522,7.84
11523,7.6018
11524,8.1829
11525,7.625
11526,8.0
11527,7.6018
11528,7.6018
11529,7.6571
11530,7.2595
11531,7.0
11532,8.7179
11533,7.8
11534,8.1829
11535,8.0
11536,6.0
11537,7.5556
11538,7.6018
11539,7.6018
11540,8.1136
11541,5.0
11542,5.1385
11543,8.0
11544,7.3158
11545,7.6018
11546,8.4737
11547,10.0
11548,7.6018
11549,8.9905
11550,7.6018
11551,7.8
11552,7.6018
11553,9.1786
11554,5.0
11555,9.6216
11556,9.1111
11557,7.84
11558,6.56
11559,9.0
11560,6.7328
11561,7.2595
11562,5.0752
11563,7.2595
11564,6.8333
11565,5.5401
11566,8.3333
11567,7.8812
11568,8.2222
11569,7.6429
11570,7.85
11571,7.9452
11572,7.6018
11573,6.2381
11574,7.9452
11575,8.0
11576,7.4146
11577,8.3333
11578,8.5
11579,10.0
11580,7.6018
11581,7.6018
11582,7.6018
11583,7.3523
11584,7.0
11585,7.2595
11586,7.2595
11587,7.4
11588,8.7404
11589,8.8556
11590,7.4194
11591,5.4
11592,9.3333
11593,6.4286
11594,7.2595
11595,7.5505
11596,4.6
11597,7.2595
11598,7.6667
11599,7.2595
11600,8.8556
11601,7.2595
11602,7.6018
11603,7.6018
11604,7.3571
11605,7.2595
11606,8.8556
11607,8.0
11608,6.9091
11609,7.6018
11610,7.0
11611,9.0
11612,8.0667
11613,7.0
11614,7.0
11615,7.3523
11616,6.1034
11617,6.7129
11618,5.0
11619,4.0
11620,6.3846
11621,8.1765
11622,7.6018
11623,8.0
11624,8.5
11625,7.1429
11626,7.0
11627,8.6176
11628,8.1976
11629,9.7907
11630,6.5714
11631,9.4632
11632,7.6268
11633,7.4746
11634,9.134
11635,8.1928
11636,5.5753
11637,6.8377
11638,7.3514
11639,7.5968
11640,7.2595
11641,8.7
11642,7.3571
11643,6.0
11644,7.6018
11645,7.6018
11646,8.122
11647,9.0
11648,6.6667
11649,9.2381
11650,7.6018
11651,7.8617
11652,7.5
11653,7.6018
11654,9.1765
11655,7.3103
11656,8.5818
11657,8.8
11658,7.4146
11659,6.6
11660,7.8333
11661,6.6809
11662,7.7236
11663,8.5753
11664,7.6018
11665,8.8889
11666,9.0
11667,7.6018
11668,6.75
11669,6.6
11670,8.2
11671,7.5185
11672,7.1
11673,6.8621
11674,7.2595
11675,7.0
11676,6.2
11677,8.0
11678,6.6667
11679,6.5
11680,8.8556
11681,6.9583
11682,7.7143
11683,5.1355
11684,6.4074
11685,7.6018
11686,7.8148
11687,7.6018
11688,8.5
11689,7.2595
11690,7.0
11691,7.8889
11692,4.7059
11693,8.0
11694,7.2595
11695,8.2963
11696,7.6018
11697,8.023
11698,8.6667
11699,7.0769
11700,9.0
11701,6.0909
11702,9.1176
11703,7.6018
11704,7.75
11705,7.6
11706,6.2
11707,7.3523
11708,8.0417
11709,6.8
11710,7.6018
11711,7.8
11712,8.1852
11713,7.1429
11714,8.3971
11715,7.6018
11716,9.3158
11717,7.6018
11718,8.75
11719,7.0
11720,7.5
11721,7.6018
11722,10.0
11723,8.1852
11724,7.7407
11725,5.0752
11726,7.2595
11727,9.1481
11728,7.9947
11729,4.0
11730,7.7449
11731,8.7903
11732,8.2
11733,5.0752
11734,8.5875
11735,7.6018
11736,8.0094
11737,7.6018
11738,8.5
11739,7.9947
11740,8.7143
11741,8.8556
11742,7.9947
11743,7.0
11744,8.0
11745,6.4444
11746,10.0
11747,9.3158
11748,6.4444
11749,7.2595
11750,7.2595
11751,7.6018
11752,5.25
11753,8.8556
11754,8.6
11755,6.8182
11756,9.0262
11757,7.6018
11758,8.2353
11759,7.6018
11760,7.6667
11761,9.0
11762,7.2
11763,10.0
11764,9.1429
11765,9.0
11766,6.7129
11767,8.5455
11768,8.2353
11769,7.6809
11770,7.6087
11771,8.0
11772,5.8077
11773,9.3158
11774,6.6364
11775,5.8333
11776,6.3333
11777,8.1976
11778,8.7143
11779,7.58
11780,5.2857
11781,6.1818
11782,8.6571
11783,7.0
11784,5.3846
11785,8.05
11786,7.3523
11787,7.8333
11788,9.1081
11789,9.0262
11790,8.0
11791,7.6018
11792,8.5
11793,10.0
11794,7.2595
11795,7.5065
11796,7.6018
11797,7.1689
11798,5.5
11799,7.7449
11800,7.9
11801,7.3529
11802,7.2595
11803,9.25
11804,7.6667
11805,7.5556
11806,7.6018
11807,6.9231
11808,7.125
11809,8.0385
11810,8.1579
11811,7.3529
11812,9.0
11813,8.5818
11814,8.8556
11815,9.15
11816,9.0
11817,6.6214
11818,7.6018
11819,9.0
11820,7.6018
11821,8.0
11822,7.8333
11823,6.6667
11824,7.6018
11825,5.2857
11826,7.0
11827,7.2595
11828,7.6018
11829,9.2
11830,8.7404
11831,4.0
11832,7.5505
11833,7.6667
11834,7.375
11835,6.0
11836,5.8333
11837,7.96
11838,6.25
11839,8.5
11840,8.4091
11841,7.3523
11842,6.7403
11843,7.9375
11844,6.4921
11845,7.6087
11846,6.2857
11847,9.5
11848,8.1538
11849,7.6018
11850,6.1071
11851,7.7236
11852,6.5
11853,8.8
11854,7.8
11855,7.6018
11856,10.0
11857,9.0262
11858,9.0262
11859,6.8571
11860,7.9444
11861,7.6018
11862,7.8617
11863,10.0
11864,7.8718
11865,7.6018
11866,8.0417
11867,5.25
11868,7.4146
11869,7.6018
11870,7.8889
11871,6.4118
11872,7.6018
11873,9.134
11874,8.3333
11875,5.0
11876,4.0
11877,7.3523
11878,7.875
11879,9.28
11880,7.0
11881,6.4
11882,5.7059
11883,7.6018
11884,9.0
11885,6.625
11886,7.815
11887,7.4339
11888,7.75
11889,7.6087
11890,7.6018
11891,7.375
11892,8.5
11893,7.5
11894,8.9905
11895,8.023
11896,7.9559
11897,7.2595
11898,7.5505
11899,7.6018
11900,7.2595
11901,7.6018
11902,8.8556
11903,6.4
11904,6.7358
11905,5.125
11906,5.5401
11907,6.4545
11908,7.6018
11909,7.0909
11910,8.2353
11911,6.9
11912,8.8556
11913,8.3684
11914,6.6214
11915,6.8621
11916,8.8889
11917,8.0
11918,6.8377
11919,6.5
11920,7.6018
11921,7.2595
11922,7.0
11923,6.8377
11924,9.2857
11925,6.7273
11926,8.4286
11927,8.4118
11928,7.0
11929,7.6268
11930,8.8556
11931,5.0752
11932,9.28
11933,6.5429
11934,7.6018
11935,8.8556
11936,2.75
11937,8.7692
11938,7.5333
11939,7.5505
11940,7.6018
11941,7.5965
11942,7.6018
11943,7.6018
11944,7.6018
11945,7.6018
11946,8.375
11947,8.5818
11948,8.8556
11949,8.7048
11950,8.5
11951,7.53
11952,7.0476
11953,8.0238
11954,7.6018
11955,5.7143
11956,7.5065
11957,8.5
11958,9.75
11959,5.8529
11960,7.8108
11961,6.6
11962,7.7778
11963,7.5476
11964,7.0
11965,7.5
11966,7.8
11967,7.4421
11968,8.5
11969,7.4821
11970,7.4
11971,8.2857
11972,7.6018
11973,7.6538
11974,8.8889
11975,4.0
11976,8.8556
11977,8.2353
11978,9.4632
11979,9.3529
11980,8.2222
11981,9.3333
11982,7.6018
11983,7.6018
11984,8.9091
11985,7.6018
11986,8.9714
11987,7.9375
11988,10.0
11989,7.6018
11990,9.3455
11991,6.0958
11992,6.5
11993,7.8182
11994,9.6216
11995,6.1667
11996,7.6667
11997,4.0
11998,6.5
11999,7.4375
12000,7.5065
12001,7.0769
12002,7.0
12003,8.0429
12004,8.1955
12005,6.25
12006,7.2595
12007,8.7143
12008,7.6018
12009,7.0818
12010,7.6018
12011,5.0752
12012,8.122
12013,7.6268
12014,7.5065
12015,8.8333
12016,7.25
12017,8.8462
12018,7.6018
12019,7.3523
12020,9.0262
12021,8.0
12022,6.7143
12023,8.3714
12024,7.5952
12025,7.2595
12026,8.7903
12027,7.9286
12028,8.0
12029,8.8556
12030,8.0
12031,5.6667
12032,7.7236
12033,7.815
12034,7.6018
12035,8.9333
12036,7.5333
12037,8.0
12038,7.5
12039,7.619
12040,7.2595
12041,6.0714
12042,7.2595
12043,6.0226
12044,7.6018
12045,8.7029
12046,7.2595
12047,7.7
12048,8.0417
12049,8.7234
12050,7.0714
12051,7.6018
12052,7.6018
12053,7.6018
12054,6.9737
12055,6.5
12056,8.2353
12057,7.6018
12058,5.6667
12059,7.3478
12060,6.3684
12061,7.45
12062,7.6575
12063,7.2857
12064,7.6018
12065,7.6018
12066,7.8333
12067,8.0333
12068,8.4074
12069,8.0755
12070,9.2857
12071,8.0
12072,7.619
12073,6.6667
12074,7.25
12075,9.1373
12076,7.0
12077,6.3333
12078,7.5065
12079,8.5
12080,7.6018
12081,9.0
12082,6.8621
12083,4.5
12084,7.3902
12085,5.1538
12086,6.7143
12087,8.88
12088,7.53
12089,8.6471
12090,8.7903
12091,9.0
12092,7.6018
12093,7.0
12094,7.25
12095,5.0
12096,8.0
12097,7.6018
12098,7.6018
12099,7.0
12100,6.0
12101,8.3913
12102,8.1111
12103,8.8556
12104,7.815
12105,9.0
12106,8.3684
12107,8.3636
12108,7.9947
12109,6.0909
12110,8.8556
12111,7.5065
12112,5.0752
12113,7.6944
12114,10.0
12115,7.6018
12116,7.2595
12117,7.8077
12118,6.0
12119,8.2105
12120,7.2595
12121,7.6018
12122,8.8556
12123,6.9483
12124,6.9091
12125,7.6087
12126,7.6018
12127,8.25
12128,7.45
12129,7.6018
12130,7.25
12131,7.875
12132,7.6018
12133,7.6018
12134,8.58
12135,8.75
12136,8.9796
12137,7.6
12138,5.0
12139,8.2353
12140,7.2846
12141,8.9167
12142,7.2595
12143,6.5161
12144,9.5833
12145,8.2143
12146,9.0262
12147,7.125
12148,7.1429
12149,6.8824
12150,7.0
12151,8.1976
12152,8.9796
12153,8.0
12154,8.0
12155,7.2429
12156,7.2595
12157,7.6018
12158,7.3333
12159,8.92
12160,7.75
12161,8.8556
12162,8.2727
12163,7.2595
12164,7.5
12165,8.8571
12166,7.6018
12167,8.0
12168,7.9452
12169,7.7778
12170,7.7105
12171,7.6018
12172,7.2
12173,8.931
12174,7.5065
12175,7.25
12176,8.0
12177,7.2595
12178,8.0
12179,7.0
12180,7.9231
12181,9.1176
12182,8.8556
12183,7.0484
12184,9.1429
12185,6.5
12186,8.8556
12187,7.6018
12188,9.6139
12189,7.4286
12190,8.8556
12191,7.9273
12192,7.2595
12193,6.0
12194,9.8571
12195,9.0
12196,7.9947
12197,7.3523
12198,2.5
12199,5.8
12200,7.3333
12201,7.6018
12202,7.2595
12203,8.5165
12204,7.828
12205,7.4
12206,7.6018
12207,7.8056
12208,9.6111
12209,8.3077
12210,10.0
12211,7.2595
12212,6.0
12213,7.6018
12214,7.6018
12215,6.875
12216,6.0667
12217,8.0
12218,7.6018
12219,5.0
12220,8.0
12221,6.3514
12222,5.0
12223,7.8812
12224,7.3
12225,7.9
12226,5.0
12227,7.4821
12228,7.0
12229,7.0
12230,7.4286
12231,5.5
12232,7.6018
12233,7.9375
12234,7.5505
12235,7.6018
12236,5.0
12237,7.5476
12238,8.5818
12239,8.1714
12240,5.0752
12241,6.3
12242,6.5455
12243,8.25
12244,7.6018
12245,6.25
12246,7.6018
12247,6.5
12248,8.3953
12249,7.6018
12250,8.541
12251,7.6018
12252,6.8889
12253,7.1667
12254,8.2222
12255,8.2353
12256,9.5
12257,8.625
12258,7.6667
12259,9.0262
12260,8.0
12261,7.6018
12262,6.8
12263,8.5833
12264,7.2595
12265,8.3077
12266,7.9947
12267,8.5036
12268,5.8077
12269,8.5833
12270,8.283
12271,8.8556
12272,9.3455
12273,7.6018
12274,5.5753
12275,5.25
12276,4.5
12277,7.6018
12278,8.0
12279,9.8182
12280,7.25
12281,7.6018
12282,8.7029
12283,8.2368
12284,8.28
12285,7.6018
12286,8.9905
12287,7.6018
12288,7.8667
12289,7.7762
12290,7.6018
12291,7.3913
12292,8.5625
12293,8.5714
12294,7.2595
12295,7.6018
12296,9.4118
12297,7.5952
12298,5.8519
12299,7.6018
12300,8.8556
12301,7.6122
12302,6.8
12303,8.0
12304,7.5
12305,7.0
12306,7.6
12307,7.8
12308,7.6018
12309,9.1786
12310,6.6667
12311,9.0262
12312,7.2595
12313,9.3333
12314,8.25
12315,10.0
12316,7.6
12317,5.5
12318,6.1765
12319,7.1689
12320,7.6714
12321,7.6018
12322,6.9483
12323,7.5065
12324,9.0
12325,3.8
12326,7.6018
12327,7.6
12328,8.0094
12329,9.0
12330,7.0
12331,6.4118
12332,7.2595
12333,7.6018
12334,7.1689
12335,7.6018
12336,8.5
12337,7.8667
12338,7.0
12339,7.6268
12340,7.6018
12341,9.375
12342,8.4
12343,8.0429
12344,7.6018
12345,7.6018
12346,10.0
12347,7.0
12348,7.7115
12349,6.9091
12350,7.2243
12351,9.4839
12352,7.2595
12353,8.8556
12354,7.6018
12355,6.5455
12356,7.6944
12357,7.6018
12358,7.1039
12359,6.8
12360,7.6018
12361,7.5556
12362,6.8571
12363,7.6061
12364,8.8889
12365,7.1429
12366,8.0
12367,7.2595
12368,4.5556
12369,3.0
12370,4.6
12371,7.1039
12372,5.0752
12373,8.4444
12374,5.5401
12375,7.2595
12376,8.7903
12377,7.6471
12378,7.6018
12379,8.0294
12380,5.5753
12381,7.6018
12382,7.6364
12383,9.4841
12384,6.875
12385,8.2676
12386,7.8941
12387,7.2595
12388,7.2595
12389,7.5
12390,10.0
12391,6.25
12392,7.9545
12393,7.6018
12394,7.1689
12395,6.6809
12396,10.0
12397,8.0857
12398,7.5574
12399,7.0
12400,7.4421
12401,7.25
12402,7.6087
12403,6.0
12404,7.6018
12405,8.8556
12406,7.1689
12407,8.7234
12408,5.0
12409,7.2595
12410,7.6018
12411,8.8556
12412,8.3333
12413,8.3953
12414,7.1429
12415,8.3158
12416,6.8377
12417,7.2595
12418,5.0752
12419,7.4545
12420,7.6018
12421,7.2595
12422,7.0882
12423,9.3455
12424,9.4632
12425,6.8333
12426,8.0294
12427,8.9333
12428,8.45
12429,7.6018
12430,5.0
12431,7.3523
12432,7.8916
12433,7.0
12434,10.0
12435,7.8723
12436,6.7129
12437,8.6667
12438,8.5
12439,6.9091
12440,8.8333
12441,8.9905
12442,7.6018
12443,8.8556
12444,7.6018
12445,7.6018
12446,6.7328
12447,8.2019
12448,8.4074
12449,8.25
12450,8.1486
12451,9.4839
12452,5.0752
12453,9.134
12454,9.134
12455,9.0
12456,10.0
12457,6.6667
12458,9.0
12459,7.5
12460,7.814
12461,7.2917
12462,6.5
12463,8.3731
12464,8.5
12465,7.6018
12466,7.7188
12467,7.6018
12468,7.0
12469,8.5875
12470,8.5714
12471,10.0
12472,8.418
12473,6.4348
12474,8.1786
12475,7.2595
12476,8.0
12477,8.8556
12478,8.25
12479,8.1136
12480,6.16
12481,7.3333
12482,8.1976
12483,7.2595
12484,8.8889
12485,5.0752
12486,8.0755
12487,8.8556
12488,7.2595
12489,8.5
12490,8.2764
12491,7.6018
12492,7.8824
12493,7.815
12494,8.0
12495,6.4545
12496,8.1111
12497,7.2595
12498,7.6429
12499,6.8
12500,8.8556
12501,8.3939
12502,5.0752
12503,8.8431
12504,8.3731
12505,6.5862
12506,7.2595
12507,7.9298
12508,8.7029
12509,8.0
12510,7.2595
12511,7.6018
12512,7.2595
12513,8.1111
12514,7.8182
12515,7.6575
12516,8.7048
12517,6.9667
12518,7.6018
12519,8.8556
12520,8.2019
12521,7.2243
12522,8.8556
12523,5.3846
12524,7.2595
12525,7.2595
12526,7.2727
12527,7.9577
12528,5.25
12529,6.1538
12530,8.7234
12531,7.3404
12532,7.6018
12533,7.6018
12534,7.6268
12535,7.2595
12536,7.6018
12537,7.7778
12538,8.9796
12539,7.2429
12540,8.873
12541,6.3333
12542,4.7059
12543,3.0
12544,7.75
12545,7.6018
12546,8.4906
12547,7.2595
12548,7.6018
12549,8.303
12550,7.3846
12551,8.8556
12552,7.5065
12553,7.6018
12554,7.9091
12555,6.5
12556,8.7048
12557,5.0752
12558,8.0
12559,7.6018
12560,7.5065
12561,8.6719
12562,6.4375
12563,7.0
12564,7.6018
12565,6.1538
12566,7.5714
12567,7.6018
12568,7.5476
12569,6.5
12570,8.3714
12571,7.6018
12572,8.125
12573,7.7826
12574,7.8966
12575,9.0262
12576,5.0
12577,8.5036
12578,7.0
12579,7.5065
12580,7.375
12581,8.0833
12582,9.0
12583,6.4
12584,6.3333
12585,7.6667
12586,7.6018
12587,7.828
12588,7.15
12589,7.5065
12590,7.6
12591,8.8556
12592,7.8
12593,10.0
12594,7.6018
12595,7.1667
12596,8.6
12597,7.6018
12598,7.5333
12599,5.7778
12600,5.1355
12601,8.8556
12602,8.4545
12603,8.4634
12604,8.28
12605,8.8556
12606,7.0
12607,8.3778
12608,7.1429
12609,7.6429
12610,8.9714
12611,7.2941
12612,8.5
12613,7.6
12614,10.0
12615,6.7917
12616,7.4688
12617,6.9483
12618,5.0752
12619,7.6018
12620,7.0
12621,7.1039
12622,9.3333
12623,8.2
12624,7.2595
12625,8.0
12626,9.4118
12627,6.7358
12628,8.873
12629,7.6018
12630,7.0
12631,7.2595
12632,8.7778
12633,9.375
12634,7.5952
12635,7.375
12636,8.0
12637,8.0
12638,7.3796
12639,5.9091
12640,6.8125
12641,6.4
12642,5.8214
12643,7.375
12644,5.0752
12645,8.2857
12646,7.1111
12647,7.6471
12648,8.8556
12649,7.5
12650,5.0752
12651,9.6667
12652,7.2595
12653,8.2258
12654,7.6018
12655,8.8333
12656,6.875
12657,7.2595
12658,7.75
12659,8.5
12660,8.8556
12661,7.1429
12662,9.1176
12663,9.2857
12664,7.8108
12665,7.5065
12666,8.75
12667,8.5
12668,8.1976
12669,7.6018
12670,7.6018
12671,7.0345
12672,8.3
12673,7.6018
12674,5.0752
12675,7.0
12676,8.6
12677,8.9091
12678,9.75
12679,7.3523
12680,7.6018
12681,2.0
12682,6.5
12683,5.0752
12684,7.0
12685,5.0752
12686,7.6018
12687,10.0
12688,7.0
12689,7.6018
12690,8.3333
12691,7.4
12692,7.2857
12693,7.2595
12694,9.0262
12695,8.8556
12696,7.5
12697,7.5
12698,7.2595
12699,7.9744
12700,8.2019
12701,7.6018
12702,8.0
12703,8.8556
12704,7.6538
12705,6.5
12706,8.7692
12707,5.0752
12708,6.8667
12709,9.25
12710,7.2391
12711,7.2595
12712,7.6018
12713,9.3832
12714,7.6018
12715,5.5401
12716,6.8182
12717,7.6018
12718,6.875
12719,8.5165
12720,7.6018
12721,10.0
12722,7.6364
12723,7.9688
12724,8.4091
12725,5.9474
12726,8.4474
12727,9.0
12728,6.0958
12729,7.7115
12730,8.6667
12731,7.9231
12732,7.6018
12733,7.0
12734,8.0238
12735,7.6018
12736,7.2595
12737,6.0
12738,8.5714
12739,8.0714
12740,8.1
12741,8.8889
12742,9.0
12743,7.2595
12744,8.4118
12745,7.0
12746,7.64
12747,8.42
12748,8.9091
12749,6.625
12750,7.8889
12751,7.15
12752,8.5
12753,9.5
12754,7.2595
12755,6.9231
12756,7.3973
12757,5.0
12758,5.5789
12759,9.6216
12760,6.9375
12761,7.885
12762,7.0
12763,5.0
12764,7.6018
12765,7.6923
12766,7.6018
12767,7.6018
12768,6.0
12769,8.5875
12770,7.6018
12771,7.6018
12772,7.0714
12773,7.6018
12774,7.4746
12775,8.8556
12776,7.84
12777,10.0
12778,8.5165
12779,7.0
12780,5.1355
12781,8.45
12782,7.76
12783,7.8889
12784,7.8182
12785,8.75
12786,8.7404
12787,5.5714
12788,7.6018
12789,7.6429
12790,7.6
12791,7.5065
12792,6.5238
12793,7.6018
12794,8.1538
12795,7.2595
12796,7.0
12797,8.0
12798,8.875
12799,8.7091
12800,8.0857
12801,8.0
12802,7.6667
12803,6.7358
12804,7.1667
12805,6.2055
12806,8.0
12807,7.625
12808,7.6018
12809,8.3953
12810,7.2595
12811,6.0226
12812,8.2857
12813,7.6018
12814,7.2595
12815,7.6018
12816,8.1043
12817,7.6018
12818,7.6018
12819,7.5065
12820,7.25
12821,7.4824
12822,7.5556
12823,7.6018
12824,9.0262
12825,8.1818
12826,7.5
12827,5.1667
12828,9.3832
12829,8.5714
12830,7.6018
12831,10.0
12832,8.1852
12833,7.6018
12834,6.875
12835,8.7029
12836,8.1471
12837,7.0833
12838,7.5952
12839,7.6018
12840,7.3913
12841,7.5333
12842,8.8556
12843,6.7358
12844,8.1829
12845,7.6018
12846,7.6667
12847,7.6018
12848,7.6
12849,7.6018
12850,5.0752
12851,7.2595
12852,7.815
12853,8.2
12854,4.0
12855,7.6122
12856,7.0
12857,7.2
12858,5.0
12859,6.0226
12860,9.0
12861,5.5
12862,7.7
12863,7.4421
12864,7.7826
12865,7.3796
12866,7.6018
12867,9.0
12868,7.8571
12869,8.5
12870,9.0
12871,8.25
12872,7.5065
12873,6.0
12874,7.3333
12875,7.8889
12876,9.1
12877,6.9333
12878,8.1852
12879,7.2595
12880,8.8333
12881,8.283
12882,7.5185
12883,7.6018
12884,7.5
12885,7.1667
12886,10.0
12887,5.8214
12888,7.2595
12889,7.2595
12890,9.3832
12891,8.875
12892,8.3333
12893,7.2595
12894,7.6018
12895,4.8333
12896,6.7619
12897,7.2595
12898,6.5
12899,7.6018
12900,7.5714
12901,6.7129
12902,7.7009
12903,7.12
12904,8.0
12905,10.0
12906,6.7129
12907,7.6667
12908,9.0262
12909,9.4878
12910,6.0
12911,5.8966
12912,7.9947
12913,7.8812
12914,9.0
12915,8.75
12916,7.6018
12917,8.8556
12918,7.6018
12919,7.5
12920,7.5263
12921,5.1385
12922,6.5
12923,7.8
12924,7.2595
12925,8.0
12926,7.0
12927,7.0
12928,7.6018
12929,5.25
12930,8.5909
12931,7.8182
12932,8.2
12933,9.6429
12934,8.8556
12935,7.2595
12936,7.2595
12937,7.6018
12938,6.5
12939,5.0
12940,7.6018
12941,6.8377
12942,8.75
12943,7.7143
12944,7.6268
12945,7.2595
12946,7.0
12947,6.3333
12948,5.25
12949,7.6018
12950,7.6018
12951,8.25
12952,7.1689
12953,8.3778
12954,7.6018
12955,7.4444
12956,4.4
12957,7.8333
12958,7.5455
12959,7.125
12960,7.4444
12961,7.6018
12962,8.3913
12963,6.6809
12964,7.0345
12965,7.6018
12966,8.0
12967,7.2595
12968,8.4906
12969,5.0752
12970,8.7091
12971,7.2595
12972,4.7059
12973,7.6018
12974,7.6018
12975,7.0
12976,7.5926
12977,7.6018
12978,5.0
12979,5.75
12980,7.6018
12981,7.3523
12982,7.069
12983,8.3571
12984,8.8889
12985,7.0714
12986,7.0909
12987,7.2595
12988,8.7029
12989,6.5
12990,7.8889
12991,7.8617
12992,7.5
12993,8.75
12994,7.6018
12995,7.5065
12996,9.4841
12997,7.0
12998,7.6018
12999,7.8182
13000,7.6018
13001,8.4286
13002,9.7
13003,7.8125
13004,7.6268
13005,8.1111
13006,7.2222
13007,9.0
13008,7.0
13009,7.2595
13010,7.8431
13011,7.6018
13012,7.2595
13013,7.9
13014,8.0755
13015,8.5036
13016,7.3333
13017,9.0262
13018,7.2429
13019,8.8556
13020,7.815
13021,7.2595
13022,8.8556
13023,8.0667
13024,7.6018
13025,8.8556
13026,7.6018
13027,6.2
13028,8.1955
13029,6.0226
13030,9.1111
13031,8.5882
13032,7.6018
13033,8.1829
13034,8.8556
13035,6.5
13036,6.6364
13037,7.5065
13038,7.0
13039,7.6018
13040,7.6018
13041,8.8556
13042,8.9403
13043,8.1471
13044,6.7581
13045,7.9
13046,7.4
13047,7.5065
13048,7.8594
13049,6.9091
13050,8.0
13051,7.6018
13052,5.0
13053,7.9444
13054,7.1613
13055,8.6667
13056,9.0262
13057,7.0769
13058,7.6018
13059,7.1429
13060,7.5
13061,8.1429
13062,7.2595
13063,7.2595
13064,8.122
13065,8.0667
13066,8.5036
13067,8.5
13068,7.1667
13069,7.3523
13070,10.0
13071,7.5833
13072,9.0
13073,7.5965
13074,7.1689
13075,10.0
13076,7.8617
13077,7.1689
13078,6.5
13079,8.875
13080,7.5556
13081,9.0
13082,7.0
13083,5.0
13084,7.2595
13085,8.5556
13086,7.0
13087,8.2109
13088,7.0
13089,8.4444
13090,7.6018
13091,7.7009
13092,6.875
13093,7.6018
13094,7.3523
13095,10.0
13096,8.0667
13097,9.0262
13098,7.5
13099,5.0
13100,8.8667
13101,7.5065
13102,7.5
13103,7.6571
13104,8.0429
13105,7.5862
13106,5.0752
13107,6.8377
13108,7.6018
13109,7.0
13110,8.8556
13111,6.6923
13112,6.0
13113,8.0
13114,7.6018
13115,9.1081
13116,8.037
13117,7.0
13118,7.1689
13119,7.2595
13120,9.125
13121,7.5065
13122,6.5
13123,8.8556
13124,9.8333
13125,7.6667
13126,8.0094
13127,7.8333
13128,7.6018
13129,6.5
13130,8.1538
13131,7.6018
13132,7.6018
13133,8.6
13134,3.5
13135,7.5
13136,7.6018
13137,7.8
13138,8.0238
13139,7.9273
13140,5.1385
13141,6.0958
13142,8.6571
13143,5.0
13144,7.875
13145,5.5
13146,7.9947
13147,7.9
13148,5.0752
13149,9.6
13150,7.3571
13151,7.9286
13152,9.2
13153,8.8556
13154,7.52
13155,7.6018
13156,7.9559
13157,7.3148
13158,7.6018
13159,5.0752
13160,9.3529
13161,7.5
13162,8.2727
13163,7.5
13164,5.4
13165,7.125
13166,7.6018
13167,8.2353
13168,7.6018
13169,8.2222
13170,7.2941
13171,6.8889
13172,5.0752
13173,5.25
13174,8.8556
13175,8.8556
13176,8.42
13177,7.6018
13178,7.2174
13179,8.1471
13180,7.75
13181,7.9273
13182,8.5
13183,9.8571
13184,7.6018
13185,7.6
13186,8.8556
13187,7.6018
13188,8.5165
13189,8.0
13190,7.3333
13191,8.1043
13192,7.885
13193,7.3523
13194,8.75
13195,8.8556
13196,8.3333
13197,8.8556
13198,8.6567
13199,9.1395
13200,7.6018
13201,6.6957
13202,8.2
13203,7.0
13204,7.6018
13205,5.0
13206,8.8556
13207,5.5401
13208,7.3929
13209,8.9333
13210,7.0
13211,7.3523
13212,9.5
13213,8.5036
13214,7.6018
13215,8.9655
13216,7.6018
13217,7.3158
13218,7.6018
13219,8.1277
13220,7.4375
13221,7.9091
13222,6.7273
13223,7.4339
13224,7.6667
13225,5.0752
13226,9.3455
13227,6.2
13228,7.0909
13229,7.5065
13230,8.5818
13231,7.7971
13232,7.6018
13233,7.6018
13234,5.3333
13235,8.1976
13236,7.815
13237,7.6018
13238,8.2778
13239,6.8377
13240,7.2595
13241,7.6018
13242,7.815
13243,7.6018
13244,5.5401
13245,8.2353
13246,8.8556
13247,9.0227
13248,7.6018
13249,5.0
13250,7.6018
13251,8.0
13252,7.6018
13253,5.5401
13254,9.5714
13255,7.6018
13256,9.3455
13257,8.875
13258,8.0
13259,7.5
13260,7.6018
13261,8.0238
13262,6.3333
13263,7.2595
13264,6.8
13265,9.0
13266,8.3333
13267,7.6714
13268,7.8
13269,7.3333
13270,9.3158
13271,7.2595
13272,7.6018
13273,8.5833
13274,7.4339
13275,7.375
13276,5.5
13277,7.0
13278,7.2595
13279,7.2391
13280,7.6268
13281,7.2595
13282,8.8235
13283,8.6111
13284,8.8889
13285,7.5
13286,8.8556
13287,9.6
13288,7.918
13289,6.3333
13290,7.6018
13291,8.0909
13292,8.9167
13293,8.1976
13294,8.3
13295,8.2109
13296,8.625
13297,7.6018
13298,6.4074
13299,7.25
13300,8.4906
13301,8.5333
13302,7.15
13303,8.0
13304,7.6018
13305,7.2595
13306,5.0752
13307,6.5
13308,9.075
13309,8.7029
13310,5.8
13311,8.8556
13312,7.5968
13313,8.418
13314,7.6018
13315,7.6
13316,7.6018
13317,9.0
13318,7.2595
13319,8.5714
13320,5.5753
13321,7.1667
13322,8.8556
13323,6.5556
13324,8.8065
13325,6.8
13326,7.0
13327,9.1176
13328,6.4
13329,7.4286
13330,8.8571
13331,8.8556
13332,7.3523
13333,7.1944
13334,8.8556
13335,7.3973
13336,8.1429
13337,8.3846
13338,6.5
13339,5.0
13340,6.1667
13341,7.0
13342,7.5
13343,6.0
13344,5.7
13345,7.6018
13346,8.0
13347,6.1667
13348,7.6018
13349,5.6
13350,7.0
13351,7.9947
13352,7.6018
13353,5.5753
13354,7.6018
13355,7.5065
13356,7.9286
13357,5.5753
13358,6.25
13359,7.2
13360,7.814
13361,8.6111
13362,8.0
13363,7.2
13364,6.5
13365,8.25
13366,6.2
13367,8.1667
13368,7.2595
13369,7.75
13370,6.7273
13371,7.2595
13372,7.8617
13373,8.7234
13374,7.6018
13375,7.25
13376,6.9583
13377,7.625
13378,7.8966
13379,9.0262
13380,6.6957
13381,8.9655
13382,7.069
13383,6.1667
13384,8.8556
13385,6.2055
13386,6.8571
13387,7.069
13388,7.6018
13389,7.6018
13390,8.0
13391,7.6018
13392,7.4167
13393,6.3786
13394,8.5625
13395,8.0
13396,7.6018
13397,7.3404
13398,6.3333
13399,7.6018
13400,9.0
13401,6.6885
13402,9.3455
13403,4.9189
13404,7.3973
13405,8.6567
13406,8.4
13407,6.9688
13408,9.6
13409,5.0
13410,6.7273
13411,6.2667
13412,5.0
13413,6.2
13414,7.6018
13415,7.3333
13416,8.1471
13417,7.5
13418,8.8556
13419,7.7857
13420,7.6018
13421,8.1111
13422,7.6018
13423,6.9667
13424,7.6667
13425,7.6018
13426,7.6018
13427,7.6
13428,7.5333
13429,8.1538
13430,7.7429
13431,5.0
13432,7.1
13433,7.0
13434,8.7091
13435,6.1071
13436,6.25
13437,9.6139
13438,5.5753
13439,8.5294
13440,5.1355
13441,7.0
13442,9.0262
13443,7.2595
13444,6.6364
13445,5.5753
13446,7.7
13447,8.5
13448,5.9825
13449,7.1689
13450,10.0
13451,9.0262
13452,7.3796
13453,7.9577
13454,7.2
13455,7.2595
13456,7.5339
13457,7.6018
13458,8.8571
13459,10.0
13460,6.5
13461,6.8667
13462,8.1
13463,6.8689
13464,8.2764
13465,9.0
13466,7.5476
13467,7.918
13468,9.0
13469,8.2353
13470,8.2764
13471,7.2595
13472,6.5238
13473,5.1355
13474,6.4444
13475,7.918
13476,8.0
13477,7.885
13478,9.3455
13479,5.5753
13480,7.9286
13481,7.2595
13482,7.7449
13483,7.1944
13484,7.6018
13485,5.4444
13486,6.6364
13487,6.125
13488,8.9403
13489,6.9
13490,5.3846
13491,7.828
13492,7.2857
13493,7.2595
13494,7.6018
13495,7.6018
13496,5.0
13497,10.0
13498,5.0
13499,8.8556
13500,8.8
13501,7.2243
13502,5.0752
13503,7.6018
13504,7.5862
13505,7.8812
13506,9.4583
13507,7.2595
13508,7.6018
13509,7.7449
13510,10.0
13511,7.6018
13512,8.8556
13513,9.6667
13514,10.0
13515,7.6714
13516,7.2595
13517,7.0625
13518,8.0
13519,7.6018
13520,8.873
13521,6.3786
13522,7.2595
13523,6.7778
13524,8.9796
13525,7.6087
13526,4.7778
13527,9.1304
13528,5.7778
13529,8.7091
13530,7.0
13531,8.0556
13532,8.0426
13533,9.1373
13534,7.4
13535,7.6018
13536,7.2595
13537,7.6018
13538,9.3529
13539,7.0
13540,8.0
13541,6.1111
13542,6.3786
13543,7.2595
13544,8.1486
13545,6.1667
13546,7.6018
13547,7.0
13548,8.418
13549,7.6018
13550,8.8182
13551,8.9
13552,8.8556
13553,8.2857
13554,6.75
13555,8.8556
13556,5.8529
13557,7.4421
13558,7.5065
13559,6.8125
13560,7.1689
13561,7.4167
13562,7.6018
13563,8.8556
13564,5.8529
13565,7.5185
13566,7.6018
13567,7.5065
13568,6.56
13569,7.15
13570,8.3636
13571,7.2595
13572,6.0
13573,7.1613
13574,7.6018
13575,8.3382
13576,7.6018
13577,7.6018
13578,7.6018
13579,8.0755
13580,8.7368
13581,8.1111
13582,6.0958
13583,6.129
13584,7.0
13585,8.0909
13586,7.6018
13587,7.8431
13588,7.2595
13589,7.2595
13590,8.2764
13591,8.7179
13592,7.6018
13593,6.9259
13594,8.0
13595,7.25
13596,7.6018
13597,10.0
13598,5.5753
13599,7.2222
13600,7.1429
13601,6.75
13602,7.6018
13603,8.7903
13604,8.5036
13605,7.3571
13606,6.5
13607,7.4421
13608,8.1538
13609,7.2595
13610,6.9143
13611,7.3333
13612,5.0
13613,6.5
13614,7.6018
13615,5.0
13616,7.2595
13617,8.7105
13618,8.9828
13619,7.6018
13620,7.2846
13621,7.2595
13622,6.6667
13623,6.7619
13624,7.9231
13625,7.375
13626,8.0
13627,6.0
13628,7.9947
13629,7.141
13630,7.8617
13631,7.6018
13632,7.2846
13633,7.3333
13634,7.2595
13635,7.1689
13636,9.0
13637,7.7273
13638,8.75
13639,7.6
13640,8.0
13641,7.5968
13642,7.6018
13643,8.5
13644,8.6176
13645,6.3333
13646,7.6018
13647,7.6018
13648,8.5
13649,7.5833
13650,7.2595
13651,9.3333
13652,8.4
13653,8.873
13654,7.9947
13655,8.8556
13656,7.3333
13657,7.2595
13658,6.5238
13659,6.7129
13660,7.6018
13661,7.3333
13662,6.5
13663,8.9796
13664,7.5455
13665,8.8333
13666,6.0
13667,8.9714
13668,4.3333
13669,7.3333
13670,8.2667
13671,7.6
13672,8.9315
13673,7.9286
13674,8.8556
13675,7.6667
13676,8.4444
13677,7.2595
13678,7.6018
13679,7.4151
13680,7.55
13681,7.6018
13682,9.0262
13683,8.16
13684,7.0
13685,7.0
13686,8.2676
13687,8.023
13688,8.5
13689,7.6018
13690,8.42
13691,8.7903
13692,8.8556
13693,7.6923
13694,7.8824
13695,5.0
13696,8.7048
13697,7.6018
13698,6.2667
13699,8.1471
13700,5.5
13701,7.6018
13702,6.875
13703,7.9947
13704,7.6018
13705,7.2595
13706,7.4146
13707,7.7188
13708,8.0
13709,7.6018
13710,6.9483
13711,7.6018
13712,8.8556
13713,7.6667
13714,9.3455
13715,6.4286
13716,8.1976
13717,8.8556
13718,7.6018
13719,9.0
13720,5.2
13721,5.5753
13722,7.6018
13723,8.9091
13724,8.5
13725,7.3333
13726,7.2595
13727,6.4
13728,7.6018
13729,9.3158
13730,7.2595
13731,6.7358
13732,7.6018
13733,6.7374
13734,7.6018
13735,9.0
13736,8.3333
13737,8.0
13738,5.5714
13739,7.4211
13740,7.125
13741,7.6018
13742,9.28
13743,7.6018
13744,8.3913
13745,5.0
13746,7.3523
13747,6.9091
13748,9.75
13749,5.5401
13750,6.0
13751,8.7029
13752,8.8556
13753,7.4421
13754,8.7091
13755,7.2595
13756,7.8617
13757,8.3382
13758,7.3902
13759,7.9577
13760,6.5
13761,8.2353
13762,8.375
13763,7.5333
13764,8.1955
13765,8.7105
13766,8.3
13767,7.6018
13768,7.2595
13769,7.6018
13770,9.0227
13771,7.4211
13772,7.0
13773,8.8556
13774,6.2308
13775,7.0
13776,7.6
13777,7.2
13778,10.0
13779,7.3796
13780,7.0
13781,7.9524
13782,9.1176
13783,8.1
13784,7.1689
13785,8.0
13786,6.6809
13787,7.6018
13788,6.2
13789,7.3913
13790,9.0262
13791,7.1818
13792,9.1111
13793,8.5
13794,6.6923
13795,7.6018
13796,8.3714
13797,6.8857
13798,5.1355
13799,8.8333
13800,6.7358
13801,6.5
13802,8.1043
13803,7.5065
13804,7.2429
13805,6.0
13806,9.4583
13807,7.3523
13808,8.8556
13809,7.9947
13810,8.375
13811,7.2595
13812,7.6018
13813,7.2595
13814,6.6667
13815,7.5758
13816,7.0
13817,7.25
13818,7.6018
13819,8.0094
13820,8.6176
13821,8.7029
13822,7.5405
13823,7.625
13824,8.8556
13825,8.7619
13826,7.6018
13827,7.6268
13828,8.8556
13829,8.3971
13830,7.6018
13831,8.6667
13832,6.5
13833,5.0752
13834,7.6018
13835,8.0
13836,7.8
13837,7.1039
13838,7.6018
13839,7.0
13840,8.0429
13841,6.6
13842,6.7374
13843,6.9667
13844,6.56
13845,9.6216
13846,7.1
13847,5.0
13848,8.9796
13849,6.0
13850,8.2105
13851,8.8421
13852,8.7091
13853,5.5753
13854,7.5
13855,9.3455
13856,7.7236
13857,7.0
13858,7.8125
13859,7.4211
13860,9.1667
13861,9.0
13862,6.2222
13863,5.6
13864,8.9315
13865,7.2595
13866,7.2
13867,7.5714
13868,7.75
13869,7.25
13870,7.6018
13871,6.0
13872,7.6018
13873,6.0909
13874,6.0
13875,7.8
13876,7.1053
13877,5.25
13878,7.0577
13879,6.4
13880,6.3786
13881,7.2941
13882,7.6018
13883,8.8556
13884,7.5
13885,5.5
13886,8.7029
13887,6.1429
13888,7.4444
13889,5.0752
13890,8.0
13891,7.1689
13892,7.2308
13893,6.8689
13894,7.1689
13895,7.2595
13896,6.0
13897,7.5
13898,7.2595
13899,7.6018
13900,7.2595
13901,8.5
13902,8.4634
13903,7.6018
13904,7.2595
13905,7.9
13906,7.6714
13907,7.1039
13908,7.2857
13909,8.1976
13910,9.25
13911,7.75
13912,8.6552
13913,8.1136
13914,9.0
13915,5.5753
13916,8.1111
13917,8.5753
13918,7.5938
13919,7.0
13920,6.7368
13921,7.3333
13922,7.6018
13923,7.6018
13924,7.6018
13925,7.2941
13926,8.0294
13927,6.5
13928,7.5574
13929,8.375
13930,7.9
13931,6.8
13932,9.1667
13933,7.2632
13934,7.6018
13935,7.2963
13936,8.5753
13937,8.0238
13938,6.8667
13939,7.6018
13940,10.0
13941,6.8689
13942,7.6944
13943,7.5065
13944,8.541
13945,8.3333
13946,8.8556
13947,7.6018
13948,10.0
13949,7.3571
13950,7.6018
13951,7.0
13952,7.0818
13953,8.5
13954,7.5065
13955,7.2595
13956,8.1043
13957,7.0
13958,6.9
13959,8.7029
13960,9.0
13961,7.7236
13962,6.7328
13963,6.6667
13964,7.1613
13965,9.0
13966,6.25
13967,6.0
13968,8.5
13969,9.0
13970,7.6018
13971,7.2595
13972,9.0262
13973,6.0226
13974,8.1955
13975,9.4118
13976,7.4194
13977,9.0
13978,7.2595
13979,8.1389
13980,7.5065
13981,7.3902
13982,7.5065
13983,7.6667
13984,7.5505
13985,7.0818
13986,7.3523
13987,7.6018
13988,5.0
13989,7.6018
13990,8.9444
13991,7.5
13992,6.8333
13993,10.0
13994,8.75
13995,8.8556
13996,7.6923
13997,7.6018
13998,8.7048
13999,8.5875
14000,9.3333
14001,8.8556
14002,7.6018
14003,6.3786
14004,7.2595
14005,7.2909
14006,7.5
14007,6.1667
14008,8.8556
14009,5.0
14010,6.5
14011,7.6471
14012,8.5833
14013,6.0
14014,9.0
14015,7.1429
14016,8.4091
14017,7.7
14018,7.6018
14019,7.5
14020,7.3333
14021,8.5
14022,8.8556
14023,9.4878
14024,8.0
14025,6.125
14026,3.5
14027,8.8462
14028,7.6018
14029,7.6018
14030,8.0
14031,7.9947
14032,8.9828
14033,7.2595
14034,8.2692
14035,8.0
14036,7.3523
14037,8.0
14038,6.5
14039,7.6018
14040,7.6018
14041,7.2595
14042,8.8556
14043,7.6018
14044,7.7037
14045,8.1111
14046,6.0
14047,7.6018
14048,6.7619
14049,5.0
14050,10.0
14051,8.5875
14052,4.0
14053,7.2595
14054,7.2595
14055,8.6
14056,7.815
14057,6.9737
14058,9.1111
14059,7.2595
14060,8.7029
14061,6.7358
14062,7.8636
14063,9.7059
14064,7.125
14065,9.3455
14066,7.2595
14067,7.1429
14068,9.0262
14069,7.8571
14070,8.125
14071,7.6018
14072,5.5
14073,8.0
14074,8.0667
14075,8.0
14076,7.8824
14077,7.6018
14078,8.28
14079,9.8571
14080,7.2595
14081,7.4824
14082,7.2595
14083,8.5
14084,6.75
14085,7.6667
14086,7.0
14087,7.6429
14088,8.0
14089,8.5
14090,7.6018
14091,8.1389
14092,7.0625
14093,7.64
14094,7.6018
14095,7.0
14096,8.8
14097,7.1689
14098,7.8916
14099,7.4824
14100,8.0
14101,7.2222
14102,7.125
14103,6.5
14104,8.0
14105,8.5036
14106,5.8333
14107,7.5263
14108,8.0
14109,7.6018
14110,7.9577
14111,8.4286
14112,7.25
14113,7.5
14114,8.8556
14115,7.6018
14116,7.6018
14117,7.9286
14118,6.0303
14119,7.2595
14120,7.9688
14121,8.8333
14122,7.1689
14123,8.0
14124,6.5
14125,5.5
14126,7.0
14127,8.3333
14128,7.9091
14129,8.8556
14130,7.2595
14131,7.2727
14132,8.0667
14133,7.75
14134,4.9189
14135,8.2368
14136,8.0385
14137,8.9655
14138,7.2595
14139,8.1786
14140,8.0094
14141,7.45
14142,8.9091
14143,7.0
14144,7.2595
14145,7.52
14146,7.6018
14147,8.8556
14148,7.6018
14149,6.5714
14150,7.6018
14151,5.0
14152,6.9259
14153,8.8556
14154,7.6018
14155,6.0
14156,7.5
14157,8.96
14158,7.2595
14159,7.6897
14160,9.3455
14161,6.6667
14162,6.6214
14163,8.7091
14164,8.2109
14165,7.5
14166,7.5333
14167,9.0262
14168,8.6567
14169,7.5472
14170,7.2595
14171,8.5625
14172,8.8333
14173,7.6842
14174,8.7778
14175,8.4091
14176,8.0833
14177,6.9483
14178,9.3455
14179,9.2222
14180,5.0
14181,7.6018
14182,8.1905
14183,7.6018
14184,7.1212
14185,7.6018
14186,6.3786
14187,7.5065
14188,7.6018
14189,6.7328
14190,7.0833
14191,7.2243
14192,9.0227
14193,7.2595
14194,8.4444
14195,8.5875
14196,8.8556
14197,8.5165
14198,5.0752
14199,7.6018
14200,7.6575
14201,8.6667
14202,5.1385
14203,8.8556
14204,8.2353
14205,5.5753
14206,7.6018
14207,6.6875
14208,8.0882
14209,5.0752
14210,10.0
14211,8.0
14212,7.6018
14213,9.6429
14214,6.0226
14215,7.6018
14216,5.1385
14217,7.1818
14218,7.0
14219,7.6018
14220,7.9947
14221,8.42
14222,10.0
14223,8.4286
14224,7.0
14225,7.2595
14226,8.873
14227,9.075
14228,7.6018
14229,7.6018
14230,7.9947
14231,8.7048
14232,7.2595
14233,5.0
14234,9.0
14235,7.4545
14236,7.9
14237,5.0
14238,7.6268
14239,8.2109
14240,7.087
14241,5.0752
14242,7.6667
14243,8.8
14244,7.3796
14245,7.1429
14246,7.6018
14247,5.0
14248,7.8889
14249,7.0
14250,8.023
14251,7.1667
14252,7.4339
14253,7.15
14254,7.0
14255,7.6087
14256,6.6364
14257,9.0262
14258,7.2595
14259,7.5714
14260,7.6018
14261,6.6667
14262,9.0
14263,8.0238
14264,9.0
14265,7.6944
14266,9.0811
14267,8.2353
14268,8.0
14269,7.4167
14270,7.2595
14271,8.5165
14272,7.1689
14273,6.8276
14274,8.0
14275,7.2846
14276,9.0
14277,8.1955
14278,7.6018
14279,5.3333
14280,6.0
14281,7.6018
14282,7.5065
14283,7.7857
14284,7.7009
14285,7.7059
14286,8.5036
14287,7.814
14288,7.0
14289,6.7129
14290,7.7273
14291,7.9947
14292,6.6364
14293,5.8214
14294,7.0
14295,6.0714
14296,8.0
14297,7.6667
14298,6.8571
14299,7.6018
14300,7.6018
14301,8.8556
14302,8.3333
14303,6.6667
14304,7.9577
14305,8.2
14306,7.2595
14307,7.5
14308,7.5952
14309,7.0
14310,6.8889
14311,7.9143
14312,7.2595
14313,6.2
14314,9.0
14315,6.0226
14316,7.0
14317,7.2595
14318,7.815
14319,7.6018
14320,6.6667
14321,8.48
14322,7.5472
14323,5.3333
14324,7.6018
14325,6.2727
14326,9.1667
14327,7.875
14328,7.75
14329,6.2055
14330,7.6018
14331,7.9
14332,7.3523
14333,8.7029
14334,6.5
14335,8.3333
14336,7.2595
14337,5.0
14338,8.8462
14339,7.9231
14340,7.5278
14341,7.5263
14342,8.7391
14343,5.0
14344,6.3333
14345,7.9947
14346,8.0882
14347,7.3793
14348,5.9375
14349,8.1875
14350,6.9583
14351,6.0
14352,7.3796
14353,4.7059
14354,7.375
14355,8.4444
14356,8.0
14357,7.7449
14358,8.9286
14359,7.6018
14360,8.9315
14361,7.2595
14362,6.0226
14363,7.3
14364,7.0909
14365,9.4444
14366,7.2917
14367,8.3731
14368,7.5714
14369,7.6018
14370,7.0
14371,7.7059
14372,7.6018
14373,8.8556
14374,7.8
14375,7.3571
14376,7.2595
14377,7.4074
14378,7.4286
14379,7.3523
14380,7.0
14381,9.4841
14382,7.5065
14383,7.0
14384,7.8812
14385,7.6018
14386,6.5862
14387,7.6018
14388,7.2595
14389,7.6471
14390,7.9143
14391,8.2222
14392,8.8333
14393,8.1667
14394,8.8556
14395,6.0226
14396,8.8556
14397,8.3953
14398,5.8333
14399,7.2222
14400,6.0
14401,7.6018
14402,7.6018
14403,8.3953
14404,7.2595
14405,6.9688
14406,6.0958
14407,5.7
14408,6.25
14409,5.0752
14410,7.6018
14411,7.9577
14412,7.6018
14413,5.0752
14414,7.1689
14415,8.8958
14416,7.0
14417,6.3333
14418,9.134
14419,7.4
14420,7.6087
14421,5.8333
14422,7.6268
14423,7.6429
14424,8.25
14425,7.6018
14426,7.2595
14427,5.9286
14428,5.0
14429,9.0
14430,6.0
14431,7.1429
14432,9.0262
14433,7.2595
14434,6.0
14435,9.0
14436,9.3832
14437,6.8377
14438,7.2222
14439,7.58
14440,8.5833
14441,6.8
14442,8.3913
14443,8.4634
14444,8.8556
14445,7.2595
14446,7.9947
14447,7.0769
14448,7.6667
14449,7.5926
14450,7.6018
14451,7.0577
14452,7.6897
14453,7.0
14454,8.0882
14455,6.6
14456,10.0
14457,6.25
14458,9.3455
14459,10.0
14460,6.8333
14461,7.6018
14462,7.2595
14463,6.0
14464,9.4632
14465,7.6018
14466,7.6018
14467,7.05
14468,7.6018
14469,7.6018
14470,7.1689
14471,7.6018
14472,9.0
14473,6.8824
14474,7.2595
14475,7.6018
14476,9.0
14477,7.2595
14478,6.0
14479,7.5
14480,8.8556
14481,7.6018
14482,7.6018
14483,9.6216
14484,10.0
14485,8.5
14486,9.0262
14487,6.0714
14488,8.25
14489,7.2595
14490,7.5
14491,7.2595
14492,9.6216
14493,9.0
14494,8.0
14495,8.2353
14496,7.5065
14497,6.7403
14498,7.6018
14499,8.1667
14500,7.6018
14501,7.3103
14502,8.1955
14503,6.75
14504,8.3971
14505,7.6018
14506,9.5
14507,8.8
14508,8.8667
14509,7.2595
14510,6.88
14511,7.8812
14512,9.0262
14513,7.6018
14514,7.6018
14515,7.8916
14516,7.9452
14517,5.0
14518,7.8
14519,7.6018
14520,7.6018
14521,7.2595
14522,7.75
14523,8.0
14524,9.75
14525,7.6018
14526,7.6018
14527,7.6018
14528,7.4167
14529,6.9375
14530,7.6018
14531,7.55
14532,7.1689
14533,7.8
14534,7.6018
14535,7.125
14536,8.0755
14537,7.2595
14538,8.8556
14539,7.6018
14540,6.5
14541,8.3143
14542,8.0
14543,8.1955
14544,7.6018
14545,8.2019
14546,7.6018
14547,9.0262
14548,9.3455
14549,7.2595
14550,8.5
14551,7.4091
14552,5.9825
14553,8.0
14554,7.6018
14555,8.8556
14556,9.2353
14557,9.0
14558,7.6018
14559,6.9524
14560,6.7328
14561,7.6018
14562,6.0303
14563,7.6018
14564,8.0
14565,7.0
14566,8.5036
14567,5.25
14568,7.6018
14569,7.6018
14570,7.3148
14571,5.5753
14572,8.2222
14573,7.2595
14574,7.2595
14575,7.5065
14576,7.6018
14577,7.3333
14578,5.65
14579,7.625
14580,7.9
14581,5.5
14582,7.9947
14583,7.2595
14584,7.0818
14585,7.4
14586,7.9947
14587,8.1579
14588,6.88
14589,10.0
14590,8.0
14591,7.9
14592,6.3514
14593,9.0
14594,8.2222
14595,6.3333
14596,8.75
14597,7.6018
14598,8.0385
14599,7.25
14600,7.6018
14601,5.1355
14602,4.5
14603,9.1176
14604,9.1176
14605,7.5505
14606,9.9643
14607,8.6579
14608,7.3846
14609,8.0
14610,8.9714
14611,6.6667
14612,7.815
14613,7.3902
14614,8.8333
14615,6.6667
14616,5.0
14617,7.5333
14618,6.8377
14619,7.8916
14620,8.1111
14621,7.6018
14622,7.0
14623,8.5036
14624,7.8
14625,7.7762
14626,7.5333
14627,7.4074
14628,5.5
14629,8.8556
14630,8.5
14631,7.828
14632,7.6018
14633,8.75
14634,6.0
14635,7.5
14636,7.6018
14637,7.58
14638,7.2595
14639,7.8182
14640,10.0
14641,8.8
14642,8.375
14643,8.0
14644,6.9091
14645,7.6364
14646,6.0
14647,7.4286
14648,8.4091
14649,8.4474
14650,7.6018
14651,7.5333
14652,8.1955
14653,5.0752
14654,7.913
14655,8.5
14656,7.7009
14657,7.55
14658,7.7009
14659,8.16
14660,7.0
14661,7.6018
14662,6.0588
14663,7.9286
14664,9.4632
14665,6.75
14666,6.8377
14667,5.0
14668,6.7358
14669,9.0
14670,6.8235
14671,6.0741
14672,7.2595
14673,7.6018
14674,7.6018
14675,9.3455
14676,8.069
14677,7.2258
14678,5.5753
14679,8.375
14680,7.5065
14681,7.2595
14682,10.0
14683,7.05
14684,8.8556
14685,7.9298
14686,7.6018
14687,8.25
14688,7.6018
14689,8.5036
14690,10.0
14691,8.122
14692,10.0
14693,8.5
14694,7.0
14695,8.0
14696,5.875
14697,8.8556
14698,7.9091
14699,7.875
14700,9.5
14701,7.6018
14702,7.6018
14703,7.8431
14704,10.0
14705,6.1818
14706,7.7
14707,7.1463
14708,8.8556
14709,6.4545
14710,8.0
14711,5.1429
14712,7.6018
14713,7.2595
14714,6.7
14715,5.2727
14716,9.0
14717,8.8556
14718,7.6667
14719,8.1829
14720,5.0
14721,7.1111
14722,7.918
14723,6.0769
14724,6.6214
14725,7.2222
14726,7.3
14727,7.0
14728,7.5
14729,8.6579
14730,7.9452
14731,6.0
14732,8.8556
14733,7.1039
14734,8.2727
14735,8.8556
14736,7.8148
14737,7.6018
14738,8.1714
14739,7.2595
14740,8.8431
14741,9.0262
14742,7.6018
14743,7.6018
14744,8.8556
14745,7.4
14746,6.6842
14747,9.0262
14748,6.0
14749,7.5333
14750,6.0
14751,8.8556
14752,7.2595
14753,8.2353
14754,6.9483
14755,8.2368
14756,7.828
14757,7.6714
14758,8.3649
14759,7.625
14760,6.0
14761,7.2595
14762,9.1667
14763,6.7358
14764,7.9744
14765,7.6018
14766,7.6018
14767,6.4375
14768,5.5401
14769,5.125
14770,7.6018
14771,7.9118
14772,6.6364
14773,6.8889
14774,6.25
14775,8.5753
14776,9.1373
14777,8.0625
14778,6.7403
14779,7.6018
14780,7.6018
14781,7.7449
14782,7.2595
14783,7.3478
14784,8.3731
14785,8.8556
14786,6.8689
14787,7.9375
14788,7.6018
14789,7.6018
14790,8.5875
14791,7.8333
14792,7.2595
14793,7.6018
14794,7.0
14795,9.2222
14796,7.6018
14797,7.6018
14798,7.2243
14799,7.0
14800,6.4074
14801,7.2595
14802,7.375
14803,7.3796
14804,6.0
14805,7.6018
14806,8.5
14807,7.6
14808,7.3523
14809,7.2595
14810,7.8
14811,7.8723
14812,7.6018
14813,8.1818
14814,5.0752
14815,7.2595
14816,8.0
14817,8.8125
14818,7.2595
14819,7.9947
14820,8.023
14821,7.3103
14822,6.5714
14823,9.1786
14824,6.375
14825,8.7619
14826,6.0
14827,5.5
14828,6.0
14829,7.6018
14830,6.625
14831,3.0
14832,8.0
14833,5.5753
14834,7.6018
14835,8.375
14836,7.2595
14837,7.3
14838,5.5401
14839,7.6018
14840,7.2857
14841,7.6018
14842,7.2595
14843,9.0
14844,7.6018
14845,7.7236
14846,7.6018
14847,10.0
14848,8.2128
14849,7.6018
14850,8.5
14851,8.2
14852,7.6018
14853,8.6
14854,8.7029
14855,7.9677
14856,7.84
14857,7.6018
14858,7.6018
14859,7.8594
14860,7.7449
14861,7.8125
14862,7.4583
14863,7.1689
14864,5.5401
14865,9.0
14866,7.6018
14867,7.2595
14868,7.6018
14869,7.6018
14870,7.1212
14871,7.0484
14872,8.8556
14873,9.134
14874,8.0385
14875,7.1053
14876,7.6018
14877,7.2595
14878,6.0
14879,7.2243
14880,8.875
14881,5.1355
14882,9.6216
14883,7.2595
14884,9.0
14885,8.1111
14886,7.1667
14887,7.5385
14888,6.5
14889,6.9375
14890,7.8617
14891,8.0
14892,8.2676
14893,7.2595
14894,5.0
14895,9.6216
14896,7.3077
14897,7.0818
14898,7.9
14899,6.6
14900,7.9286
14901,8.0
14902,9.3662
14903,7.3796
14904,6.3333
14905,7.1176
14906,8.1111
14907,8.1486
14908,9.3333
14909,9.0
14910,7.7115
14911,7.2595
14912,7.6018
14913,7.6268
14914,7.6018
14915,8.5
14916,6.0
14917,8.0455
14918,6.5
14919,7.1039
14920,7.9452
14921,9.6
14922,8.5
14923,5.0
14924,7.6018
14925,7.2595
14926,9.0227
14927,7.3523
14928,7.2
14929,7.9947
14930,7.6018
14931,8.5714
14932,8.8556
14933,7.4151
14934,7.0
14935,7.6018
14936,6.25
14937,7.2909
14938,7.6018
14939,8.3333
14940,8.8556
14941,6.6667
14942,6.35
14943,6.6885
14944,7.6018
14945,7.75
14946,8.8556
14947,8.0
14948,7.2595
14949,8.541
14950,9.1481
14951,7.6122
14952,7.6018
14953,7.6154
14954,8.8556
14955,6.7619
14956,7.9577
14957,7.0
14958,8.0
14959,7.2595
14960,7.2595
14961,7.5
14962,7.6018
14963,8.8556
14964,8.5
14965,8.1852
14966,7.3973
14967,8.3636
14968,7.5065
14969,7.6018
14970,7.3523
14971,7.6018
14972,6.6214
14973,7.4
14974,8.8333
14975,7.6667
14976,8.5
14977,9.0
14978,5.65
14979,8.0455
14980,8.1829
14981,7.0
14982,7.828
14983,8.6667
14984,8.0094
14985,8.1111
14986,8.0
14987,8.8556
14988,7.1689
14989,7.4286
14990,8.8556
14991,8.5
14992,8.1136
14993,5.8
14994,8.2778
14995,7.8
14996,7.8824
14997,7.5065
14998,9.3333
14999,7.4151
15000,7.6364
15001,8.9714
15002,7.2595
15003,7.5185
15004,8.0
15005,7.918
15006,7.6018
15007,7.2595
15008,7.6667
15009,8.1955
15010,5.1355
15011,7.9677
15012,6.4074
15013,7.9947
15014,8.1053
15015,8.2105
15016,8.0909
15017,7.9744
15018,7.4421
15019,7.3
15020,7.6
15021,7.3523
15022,5.6667
15023,9.1081
15024,7.814
15025,7.8431
15026,7.8636
15027,6.64
15028,8.8302
15029,8.4
15030,9.0262
15031,8.8556
15032,8.0
15033,8.3649
15034,7.2595
15035,6.1538
15036,7.6018
15037,9.0
15038,7.0
15039,9.0
15040,7.3523
15041,8.0909
15042,8.8556
15043,8.8556
15044,7.3523
15045,8.1955
15046,8.0
15047,7.2846
15048,8.0
15049,7.375
15050,8.125
15051,7.3523
15052,7.6018
15053,7.6018
15054,8.2
15055,7.4286
15056,6.0
15057,7.6018
15058,7.6667
15059,9.2857
15060,5.0752
15061,8.2105
15062,7.9577
15063,7.0
15064,9.0
15065,7.2
15066,7.6018
15067,8.5
15068,6.5
15069,7.2595
15070,9.0
15071,8.0
15072,9.6667
15073,5.0
15074,7.6018
15075,6.25
15076,9.0
15077,7.1613
15078,7.2595
15079,5.9474
15080,7.5
15081,7.0
15082,7.6018
15083,7.2595
15084,8.4286
15085,8.7143
15086,9.4583
15087,7.3148
15088,7.4194
15089,7.6018
15090,7.6018
15091,7.2308
15092,7.6018
15093,7.53
15094,4.3333
15095,8.8556
15096,7.2243
15097,4.0
15098,8.75
15099,8.931
15100,7.2595
15101,6.9091
15102,7.6018
15103,7.2
15104,8.0
15105,8.5667
15106,7.3158
15107,9.25
15108,6.56
15109,7.0667
15110,7.9452
15111,7.0
15112,8.0
15113,8.541
15114,7.3
15115,8.9655
15116,7.2595
15117,6.0958
15118,5.0752
15119,5.875
15120,8.8556
15121,7.8333
15122,7.6018
15123,5.9091
15124,8.3971
15125,7.1689
15126,6.0667
15127,6.5
15128,7.25
15129,7.4339
15130,7.6757
15131,7.2391
15132,7.815
15133,6.3684
15134,8.0
15135,3.0
15136,7.6018
15137,7.2595
15138,8.3333
15139,7.0769
15140,5.2857
15141,7.96
15142,8.8556
15143,8.8556
15144,8.1111
15145,7.7826
15146,7.6018
15147,7.8
15148,7.5
15149,8.1579
15150,7.918
15151,8.6
15152,8.8556
15153,6.56
15154,7.3571
15155,9.4615
15156,8.7
15157,7.6018
15158,7.1212
15159,7.6018
15160,7.9231
15161,7.815
15162,8.9403
15163,8.0426
15164,7.8333
15165,8.7368
15166,7.9091
15167,9.2857
15168,7.6018
15169,7.5278
15170,7.9577
15171,9.0
15172,8.8556
15173,5.0
15174,7.2595
15175,7.6897
15176,8.4
15177,7.6018
15178,8.0455
15179,10.0
15180,7.6018
15181,9.0
15182,9.9643
15183,7.6018
15184,7.3973
15185,9.1176
15186,9.8571
15187,10.0
15188,7.8617
15189,9.6216
15190,6.0226
15191,7.6667
15192,7.25
15193,9.9643
15194,7.6018
15195,7.1689
15196,8.8556
15197,6.9524
15198,6.875
15199,7.3514
15200,4.2857
15201,6.0226
15202,7.6018
15203,6.75
15204,7.2595
15205,7.2595
15206,7.8
15207,7.6018
15208,7.6018
15209,8.0
15210,5.9286
15211,7.4421
15212,6.5429
15213,9.0
15214,7.6018
15215,7.6018
15216,7.1689
15217,9.1429
15218,7.5
15219,8.8333
15220,9.6139
15221,8.1579
15222,7.6018
15223,8.0
15224,8.5
15225,9.6139
15226,8.2222
15227,7.6018
15228,7.7236
15229,9.0
15230,6.7374
15231,7.1463
15232,7.4167
15233,8.36
15234,6.5
15235,7.6018
15236,7.885
15237,9.8571
15238,7.8824
15239,6.4286
15240,7.2595
15241,7.6018
15242,8.1579
15243,7.6018
15244,7.7
15245,7.2595
15246,7.6018
15247,7.125
15248,7.1689
15249,7.2909
15250,7.6018
15251,7.8824
15252,8.7903
15253,7.6018
15254,7.6018
15255,7.6018
15256,7.6018
15257,8.2109
15258,7.875
15259,7.7
15260,7.141
15261,7.76
15262,5.6667
15263,6.5
15264,6.8
15265,8.9796
15266,7.4074
15267,7.2595
15268,5.1667
15269,8.0
15270,8.6567
15271,8.6842
15272,7.6018
15273,8.023
15274,8.375
15275,7.0
15276,7.6018
15277,7.6018
15278,7.0769
15279,9.0262
15280,7.6018
15281,7.2595
15282,7.64
15283,7.6018
15284,7.7449
15285,8.2857
15286,7.3333
15287,6.8689
15288,7.0
15289,6.8
15290,8.2222
15291,8.0429
15292,7.2595
15293,7.7009
15294,6.0
15295,7.6018
15296,8.1111
15297,7.5
15298,7.2595
15299,7.5714
15300,7.2595
15301,9.1429
15302,8.8556
15303,7.6018
15304,7.625
15305,8.2353
15306,7.4286
15307,8.8556
15308,7.1
15309,8.8556
15310,7.6018
15311,7.6018
15312,8.5625
15313,6.8125
15314,7.9231
15315,6.0
15316,6.375
15317,7.75
15318,5.5
15319,6.6842
15320,7.0
15321,6.1667
15322,7.2243
15323,7.6018
15324,9.0262
15325,4.0
15326,9.0262
15327,5.3846
15328,8.8556
15329,7.2595
15330,5.8519
15331,6.4
15332,8.8556
15333,6.9688
15334,8.8333
15335,9.4583
15336,7.4
15337,9.28
15338,9.3832
15339,9.8571
15340,6.375
15341,7.6018
15342,9.4632
15343,7.6018
15344,7.5505
15345,7.1176
15346,8.8556
15347,4.0
15348,7.2595
15349,7.8333
15350,8.5753
15351,7.7778
15352,6.16
15353,7.3103
15354,5.0
15355,7.6
15356,6.4
15357,7.6018
15358,7.2308
15359,8.0429
15360,9.4841
15361,7.0
15362,9.3455
15363,10.0
15364,7.6018
15365,8.0
15366,5.6667
15367,6.1667
15368,7.8617
15369,7.75
15370,7.9286
15371,8.8556
15372,10.0
15373,7.6
15374,6.7403
15375,7.1463
15376,8.6364
15377,5.0
15378,7.3148
15379,9.2
15380,7.6018
15381,6.8333
15382,9.0811
15383,7.1212
15384,7.069
15385,9.0
15386,7.815
15387,5.0
15388,8.0667
15389,7.6087
15390,8.3731
15391,6.125
15392,7.9947
15393,7.4
15394,9.1176
15395,8.8556
15396,7.5065
15397,8.8556
15398,6.5161
15399,9.0
15400,8.1818
15401,7.4194
15402,5.1355
15403,6.375
15404,7.0
15405,8.5833
15406,7.0
15407,7.6018
15408,7.2595
15409,8.8556
15410,6.9
15411,7.6018
15412,7.25
15413,7.6018
15414,9.25
15415,8.3939
15416,6.7358
15417,5.1355
15418,9.2857
15419,8.4286
15420,8.7234
15421,7.6
15422,8.3913
15423,7.5
15424,8.8333
15425,8.5036
15426,7.6714
15427,7.0
15428,7.6268
15429,8.3333
15430,7.4146
15431,7.2595
15432,8.1667
15433,7.815
15434,7.828
15435,7.6667
15436,7.8182
15437,5.0
15438,7.2595
15439,9.0
15440,7.7449
15441,7.6018
15442,9.0
15443,7.0714
15444,7.6018
15445,7.6364
15446,7.6018
15447,7.6018
15448,7.3158
15449,9.0
15450,7.6018
15451,8.8556
15452,7.9
15453,7.6018
15454,7.5938
15455,7.6667
15456,7.5
15457,5.0752
15458,5.0752
15459,7.6018
15460,7.2595
15461,9.0
15462,7.6018
15463,10.0
15464,9.3333
15465,6.7857
15466,9.8125
15467,6.75
15468,8.25
15469,8.0426
15470,5.5753
15471,8.0
15472,8.1765
15473,7.2595
15474,6.25
15475,6.3333
15476,8.2857
15477,7.6018
15478,5.0752
15479,5.25
15480,7.6667
15481,9.125
15482,5.0
15483,7.5965
15484,9.0262
15485,7.6018
15486,6.0
15487,5.1355
15488,7.6018
15489,7.2903
15490,7.8966
15491,7.85
15492,7.6018
15493,8.2368
15494,7.6018
15495,7.9298
15496,7.4444
15497,7.6018
15498,9.0
15499,6.0
15500,5.0752
15501,8.0
15502,7.7059
15503,7.3523
15504,8.25
15505,5.1385
15506,7.9744
15507,6.0
15508,7.6018
15509,8.2812
15510,7.5333
15511,7.6018
15512,7.5574
15513,7.3438
15514,8.6719
15515,7.4286
15516,5.1355
15517,8.5833
15518,7.2595
15519,7.4
15520,8.6567
15521,5.1355
15522,7.5
15523,8.8556
15524,7.2595
15525,8.7404
15526,8.5385
15527,8.0
15528,9.0
15529,6.8182
15530,7.6429
15531,7.4848
15532,6.4667
15533,7.3523
15534,7.2595
15535,6.25
15536,7.3796
15537,7.2595
15538,10.0
15539,7.5278
15540,6.3514
15541,6.0226
15542,6.0
15543,7.6018
15544,6.3514
15545,7.0
15546,5.65
15547,9.0262
15548,8.0
15549,7.6018
15550,5.25
15551,7.6018
15552,5.8214
15553,7.6018
15554,6.7857
15555,7.8594
15556,7.5065
15557,8.3714
15558,7.2595
15559,7.6018
15560,7.6018
15561,6.7778
15562,8.1955
15563,7.828
15564,5.9375
15565,8.0
15566,7.814
15567,8.375
15568,7.0
15569,7.6018
15570,7.0
15571,7.6018
15572,7.0345
15573,9.0
15574,6.0
15575,8.25
15576,7.6018
15577,7.9688
15578,7.3571
15579,8.1111
15580,7.2595
15581,8.8556
15582,8.8556
15583,8.88
15584,8.0
15585,8.25
15586,8.5818
15587,8.7029
15588,8.5
15589,5.8214
15590,7.6018
15591,6.0
15592,7.2595
15593,8.7179
15594,7.3333
15595,8.0909
15596,7.0
15597,7.6018
15598,6.875
15599,7.0
15600,9.0
15601,7.1429
15602,5.1385
15603,6.6667
15604,7.2595
15605,7.814
15606,7.4211
15607,8.7029
15608,8.75
15609,7.5065
15610,8.8556
15611,8.7903
15612,9.5
15613,7.4688
15614,7.6667
15615,8.8556
15616,7.815
15617,7.6018
15618,6.0
15619,6.0
15620,6.0
15621,7.6018
15622,8.8556
15623,6.0
15624,8.8556
15625,6.5
15626,7.6018
15627,7.8
15628,9.0
15629,9.3455
15630,8.625
15631,8.2353
15632,5.0
15633,8.283
15634,2.0
15635,8.3636
15636,7.2595
15637,8.418
15638,8.6316
15639,6.7778
15640,9.1786
15641,8.1955
15642,8.1818
15643,6.6
15644,8.7404
15645,6.6923
15646,8.0455
15647,7.2595
15648,8.4091
15649,7.6061
15650,6.3889
15651,8.92
15652,7.6018
15653,8.8556
15654,7.3523
15655,8.0
15656,7.4151
15657,8.5714
15658,8.2676
15659,7.1689
15660,7.76
15661,7.1689
15662,8.1818
15663,9.375
15664,8.2109
15665,7.1321
15666,7.45
15667,8.873
15668,7.6018
15669,7.84
15670,7.6018
15671,9.3832
15672,8.2222
15673,8.418
15674,7.6018
15675,7.5714
15676,7.2243
15677,7.6018
15678,7.5472
15679,7.3523
15680,7.2857
15681,9.0262
15682,7.0
15683,8.5
15684,7.5
15685,4.0
15686,7.6268
15687,8.2764
15688,7.2595
15689,5.65
15690,7.1818
15691,7.2143
15692,8.5
15693,7.6018
15694,7.2595
15695,8.8
15696,7.25
15697,7.85
15698,7.0
15699,6.5238
15700,5.0
15701,8.3333
15702,8.3636
15703,8.2222
15704,8.6719
15705,7.6923
15706,7.5833
15707,5.5753
15708,6.6667
15709,7.6018
15710,8.1976
15711,9.0
15712,6.0226
15713,7.5333
15714,8.2812
15715,10.0
15716,8.2764
15717,7.2595
15718,7.5278
15719,6.7273
15720,9.4841
15721,6.4
15722,7.5
15723,7.2595
15724,5.0
15725,7.2595
15726,8.8556
15727,7.3333
15728,7.6018
15729,9.3158
15730,7.2857
15731,9.0
15732,7.6
15733,5.0
15734,8.2857
15735,7.3523
15736,7.6667
15737,8.0
15738,8.3333
15739,8.8556
15740,7.2595
15741,8.0755
15742,7.5476
15743,8.7029
15744,8.5556
15745,6.3333
15746,7.2595
15747,5.0
15748,7.2846
15749,7.6268
15750,9.0
15751,7.2941
15752,8.8556
15753,7.6018
15754,7.0
15755,7.6018
15756,7.4824
15757,5.9286
15758,7.4118
15759,4.5455
15760,6.56
15761,7.6018
15762,7.2595
15763,7.5952
15764,7.5968
15765,7.6018
15766,5.5401
15767,7.1689
15768,6.4545
15769,8.8556
15770,6.0226
15771,7.5505
15772,8.0
15773,7.125
15774,7.6667
15775,7.8182
15776,7.6018
15777,7.5
15778,8.8556
15779,7.55
15780,7.5417
15781,7.2595
15782,8.8556
15783,7.2432
15784,6.1111
15785,7.6018
15786,7.9667
15787,6.375
15788,7.1429
15789,7.069
15790,7.6018
15791,7.2595
15792,7.3523
15793,7.6018
15794,7.7188
15795,7.7105
15796,6.2143
15797,7.7762
15798,8.45
15799,8.4667
15800,7.6018
15801,7.5952
15802,8.7692
15803,8.8556
15804,7.8947
15805,8.88
15806,7.2595
15807,7.6018
15808,10.0
15809,8.8556
15810,7.0
15811,8.0
15812,7.0
15813,8.9403
15814,7.815
15815,8.8556
15816,7.3523
15817,7.3333
15818,8.8556
15819,5.0
15820,7.4074
15821,7.5
15822,8.1136
15823,8.5036
15824,9.2381
15825,7.6018
15826,5.4
15827,8.6667
15828,8.8302
15829,7.6018
15830,8.8958
15831,7.7009
15832,8.1829
15833,8.1471
15834,8.3636
15835,7.6018
15836,7.0714
15837,9.4841
15838,7.2595
15839,8.4
15840,8.1486
15841,7.9947
15842,8.45
15843,5.0
15844,8.8302
15845,8.8556
15846,7.2595
15847,7.6429
15848,7.2143
15849,7.4688
15850,8.6567
15851,8.8556
15852,7.4583
15853,7.9744
15854,7.6018
15855,5.6667
15856,6.7143
15857,6.0741
15858,7.75
15859,4.0
15860,7.3462
15861,7.0
15862,7.25
15863,7.3846
15864,8.0455
15865,7.6018
15866,7.6018
15867,8.3778
15868,8.0094
15869,7.6018
15870,8.5818
15871,8.0
15872,9.4632
15873,7.1429
15874,8.873
15875,6.7
15876,8.0
15877,6.16
15878,10.0
15879,7.9947
15880,7.5185
15881,7.2595
15882,7.9231
15883,6.8333
15884,4.0
15885,7.6667
15886,8.42
15887,7.2595
15888,8.1955
15889,7.2595
15890,8.375
15891,7.9
15892,7.6018
15893,8.0
15894,5.25
15895,7.3333
15896,7.2595
15897,7.6944
15898,5.9825
15899,8.8556
15900,8.0
15901,8.5
15902,7.1667
15903,8.75
15904,7.9947
15905,8.0
15906,7.6018
15907,9.0262
15908,7.5065
15909,6.0
15910,8.8333
15911,7.53
15912,7.5833
15913,7.2243
15914,7.6268
15915,8.4091
15916,8.0
15917,5.5401
15918,8.2857
15919,8.1976
15920,6.9524
15921,9.3455
15922,7.0345
15923,7.8
15924,9.4545
15925,10.0
15926,8.5036
15927,9.6667
15928,7.7826
15929,6.7358
15930,8.4286
15931,7.0
15932,8.1136
15933,5.6667
15934,8.3333
15935,7.6018
15936,7.6018
15937,8.1486
15938,5.0
15939,9.4841
15940,9.2857
15941,7.2595
15942,5.9825
15943,7.6018
15944,7.6018
15945,8.7029
15946,8.0
15947,5.1385
15948,7.815
15949,9.0262
15950,9.134
15951,8.6567
15952,6.6522
15953,6.7
15954,6.6667
15955,7.9667
15956,8.5818
15957,7.1689
15958,8.1765
15959,7.6018
15960,5.5753
15961,7.6018
15962,7.5
15963,9.125
15964,7.7692
15965,7.7236
15966,5.5753
15967,6.8889
15968,8.6667
15969,6.6842
15970,8.8571
15971,7.0
15972,5.5
15973,5.4074
15974,9.16
15975,8.0755
15976,8.5625
15977,8.1429
15978,8.6842
15979,7.5
15980,7.8
15981,7.6018
15982,7.6018
15983,8.0
15984,8.1579
15985,8.0
15986,7.5952
15987,6.5455
15988,7.8889
15989,7.5333
15990,7.0345
15991,9.3158
15992,6.9259
15993,8.88
15994,7.6018
15995,8.3953
15996,6.7328
15997,7.5
15998,7.2595
15999,7.2595
16000,5.0
16001,7.6018
16002,7.0714
16003,6.2381
16004,8.2764
16005,8.2764
16006,6.875
16007,7.2595
16008,9.2222
16009,8.5036
16010,7.1667
16011,7.6018
16012,5.9825
16013,9.3158
16014,7.53
16015,8.1976
16016,7.7037
16017,7.7826
16018,6.6923
16019,7.6018
16020,9.0
16021,6.9333
16022,7.2595
16023,7.0
16024,7.5385
16025,6.5429
16026,5.5753
16027,7.828
16028,5.0
16029,8.2353
16030,8.8556
16031,8.9403
16032,7.1689
16033,7.7762
16034,7.3523
16035,6.0
16036,8.0
16037,7.0818
16038,8.8556
16039,7.0
16040,7.8
16041,8.8556
16042,7.6018
16043,7.2595
16044,7.6018
16045,8.2353
16046,8.3333
16047,6.25
16048,6.1
16049,6.1667
16050,7.2595
16051,7.0
16052,7.4824
16053,8.0
16054,8.3333
16055,7.75
16056,7.5
16057,9.0
16058,6.7
16059,7.6018
16060,5.9286
16061,8.5833
16062,6.0226
16063,8.5
16064,7.2595
16065,8.625
16066,7.6667
16067,7.2595
16068,6.6214
16069,5.1355
16070,7.2941
16071,6.56
16072,6.5
16073,8.0
16074,7.0818
16075,8.0755
16076,7.6154
16077,7.5
16078,7.4688
16079,8.8556
16080,7.9143
16081,6.0958
16082,8.1976
16083,5.0752
16084,7.2595
16085,9.0
16086,7.6018
16087,7.8723
16088,7.0
16089,8.0
16090,9.375
16091,8.1043
16092,7.6018
16093,7.6018
16094,8.122
16095,8.5165
16096,7.6018
16097,8.2174
16098,8.5769
16099,8.3939
16100,8.0
16101,7.0
16102,9.0
16103,8.8556
16104,7.2595
16105,7.2595
16106,6.5238
16107,6.5
16108,8.7778
16109,7.6018
16110,6.0226
16111,6.25
16112,8.1538
16113,7.5065
16114,8.8556
16115,7.6018
16116,7.6018
16117,8.9655
16118,7.6018
16119,7.5065
16120,7.6018
16121,5.0
16122,7.625
16123,7.2595
16124,7.5065
16125,7.6018
16126,7.6268
16127,8.5
16128,9.0227
16129,7.0
16130,8.4
16131,9.1304
16132,6.0
16133,8.5714
16134,8.05
16135,8.6719
16136,6.0226
16137,6.5
16138,8.2
16139,8.2222
16140,8.1429
16141,7.6018
16142,8.5
16143,8.1053
16144,7.6268
16145,10.0
16146,6.3786
16147,6.3
16148,8.418
16149,8.8556
16150,7.76
16151,7.625
16152,6.9737
16153,8.3143
16154,8.7778
16155,9.0
16156,8.7029
16157,7.2595
16158,7.9577
16159,7.6018
16160,7.4
16161,8.0
16162,4.7059
16163,8.1111
16164,7.6018
16165,7.6018
16166,7.2595
16167,7.9577
16168,8.8556
16169,8.0385
16170,9.3832
16171,7.5065
16172,7.6667
16173,10.0
16174,8.8556
16175,7.4821
16176,6.2632
16177,9.3333
16178,7.5968
16179,5.0
16180,7.9947
16181,9.0
16182,9.3662
16183,7.6667
16184,8.8556
16185,7.4074
16186,6.8
16187,6.8377
16188,8.0
16189,7.0818
16190,8.5
16191,7.6018
16192,8.3649
16193,7.6018
16194,9.6667
16195,7.5
16196,7.3796
16197,7.6018
16198,7.2595
16199,8.0435
16200,5.6154
16201,6.5
16202,7.5952
16203,7.5574
16204,7.8
16205,8.0
16206,7.2857
16207,7.5
16208,8.6571
16209,7.6018
16210,7.2595
16211,5.0
16212,3.0
16213,6.0
16214,5.5
16215,7.25
16216,9.0262
16217,7.5
16218,10.0
16219,8.1955
16220,7.2595
16221,7.7429
16222,7.8182
16223,7.0
16224,6.5238
16225,8.1955
16226,8.1471
16227,7.5965
16228,7.6018
16229,8.0
16230,7.6018
16231,7.6471
16232,7.0
16233,6.5
16234,6.3333
16235,6.4
16236,7.6018
16237,7.6018
16238,7.6018
16239,8.0755
16240,8.0909
16241,8.0
16242,8.2
16243,8.0
16244,7.6923
16245,7.6018
16246,6.6667
16247,7.3913
16248,7.6667
16249,7.4339
16250,5.8214
16251,7.2595
16252,7.0
16253,10.0
16254,7.6018
16255,7.3514
16256,7.6018
16257,8.2764
16258,7.6018
16259,8.1043
16260,7.4074
16261,8.0588
16262,7.2222
16263,8.1875
16264,7.6018
16265,5.0
16266,7.0
16267,7.0625
16268,9.0
16269,7.2595
16270,8.3731
16271,8.3953
16272,8.5
16273,8.0
16274,7.3796
16275,6.1071
16276,7.8966
16277,7.0769
16278,6.3
16279,7.9091
16280,5.5753
16281,5.0752
16282,8.9403
16283,7.5476
16284,5.5833
16285,8.8556
16286,6.0
16287,5.25
16288,6.0
16289,7.6667
16290,7.8
16291,5.0752
16292,7.2595
16293,8.8556
16294,7.0492
16295,5.0
16296,8.0
16297,7.5714
16298,8.0
16299,6.0
16300,8.0
16301,7.5882
16302,7.6018
16303,7.0882
16304,8.3382
16305,6.3333
16306,7.125
16307,7.125
16308,8.58
16309,7.2595
16310,7.3523
16311,8.275
16312,7.6667
16313,5.1667
16314,7.3523
16315,8.3731
16316,9.6216
16317,8.2764
16318,9.3529
16319,7.0
16320,7.6018
16321,7.0
16322,8.375
16323,5.0
16324,4.6
16325,6.0958
16326,8.1976
16327,8.023
16328,7.6018
16329,7.6018
16330,6.3786
16331,6.5
16332,9.6139
16333,8.541
16334,7.6018
16335,6.5
16336,8.2764
16337,10.0
16338,7.2143
16339,7.6018
16340,7.5065
16341,8.5165
16342,6.875
16343,8.0
16344,9.3333
16345,7.5505
16346,7.0
16347,5.7143
16348,9.4878
16349,5.3333
16350,7.2595
16351,7.6018
16352,7.6018
16353,8.2692
16354,8.7029
16355,7.6268
16356,7.6018
16357,6.7129
16358,9.3455
16359,6.0
16360,5.6
16361,7.6018
16362,7.3796
16363,6.5
16364,5.0752
16365,7.6018
16366,7.6018
16367,7.6018
16368,6.7358
16369,7.3514
16370,9.0262
16371,7.5
16372,8.42
16373,7.6018
16374,8.15
16375,7.6018
16376,6.0958
16377,7.6018
16378,7.5065
16379,8.8556
16380,7.0
16381,7.6018
16382,7.8571
16383,8.7029
16384,7.2595
16385,9.3158
16386,7.6018
16387,7.1429
16388,5.5753
16389,8.0
16390,8.8556
16391,9.1765
16392,6.2143
16393,7.6018
16394,8.8333
16395,7.2595
16396,8.8556
16397,8.92
16398,7.6018
16399,7.0
16400,7.3077
16401,7.2595
16402,6.7778
16403,6.875
16404,7.0
16405,9.6111
16406,7.2595
16407,7.6018
16408,7.3333
16409,7.7727
16410,9.1176
16411,7.6018
16412,8.8556
16413,7.3523
16414,5.0752
16415,7.0
16416,8.8556
16417,8.8556
16418,8.7029
16419,7.9559
16420,7.9
16421,7.1689
16422,6.5333
16423,7.2595
16424,4.6
16425,7.6018
16426,4.75
16427,7.6018
16428,9.0
16429,9.0262
16430,7.0
16431,7.6018
16432,8.283
16433,7.7273
16434,7.25
16435,7.2
16436,7.5
16437,7.6
16438,8.8556
16439,3.5
16440,6.25
16441,7.1579
16442,8.1852
16443,7.6018
16444,8.4375
16445,8.0
16446,8.7091
16447,9.0262
16448,7.6018
16449,8.9403
16450,8.5
16451,4.75
16452,4.0
16453,7.5417
16454,7.6018
16455,6.4074
16456,8.8556
16457,7.0
16458,7.4483
16459,8.5294
16460,8.9315
16461,5.3333
16462,7.6018
16463,7.6667
16464,7.2595
16465,8.0
16466,5.1355
16467,7.3636
16468,8.8556
16469,7.0
16470,7.2595
16471,6.6
16472,8.75
16473,5.0
16474,8.2368
16475,7.6018
16476,9.0262
16477,6.8
16478,6.5
16479,5.5401
16480,8.8387
16481,8.8556
16482,6.5
16483,7.2595
16484,8.25
16485,9.2
16486,7.5294
16487,7.5065
16488,9.5556
16489,7.0
16490,8.9714
16491,7.7778
16492,7.6018
16493,7.828
16494,8.6667
16495,8.6667
16496,8.0
16497,7.2595
16498,8.5769
16499,6.5
16500,8.3953
16501,8.0294
16502,7.3523
16503,7.5862
16504,7.3514
16505,7.2595
16506,8.3333
16507,9.6429
16508,7.2595
16509,7.6018
16510,8.1875
16511,8.8431
16512,8.9905
16513,7.6018
16514,8.9333
16515,7.6018
16516,8.2676
16517,7.6667
16518,7.5556
16519,5.3636
16520,7.2595
16521,8.6842
16522,7.2595
16523,7.6667
16524,7.2595
16525,8.1389
16526,7.0
16527,7.6018
16528,8.3333
16529,7.6018
16530,7.5862
16531,7.8333
16532,9.25
16533,7.375
16534,7.8
16535,7.4421
16536,7.9947
16537,7.5455
16538,5.1667
16539,7.3523
16540,7.6018
16541,7.6018
16542,7.5714
16543,9.4878
16544,7.6018
16545,7.2
16546,7.815
16547,8.0
16548,9.6216
16549,7.2595
16550,7.5
16551,7.2595
16552,8.8556
16553,5.0752
16554,8.8
16555,9.0
16556,6.8857
16557,7.6018
16558,7.55
16559,7.0
16560,8.8556
16561,7.5
16562,8.2019
16563,7.6018
16564,7.6018
16565,5.8333
16566,7.5065
16567,9.1333
16568,5.1355
16569,10.0
16570,6.0
16571,7.2243
16572,5.0752
16573,6.6667
16574,7.3333
16575,6.7143
16576,6.0
16577,9.1373
16578,7.6018
16579,8.0882
16580,7.2857
16581,8.5165
16582,8.8556
16583,7.8916
16584,8.7029
16585,7.0769
16586,8.0
16587,7.6018
16588,7.9452
16589,7.7009
16590,6.8
16591,7.9412
16592,7.1429
16593,8.5
16594,7.6018
16595,8.0294
16596,10.0
16597,6.0
16598,7.087
16599,7.9947
16600,8.7029
16601,9.1
16602,6.0
16603,6.8377
16604,8.0
16605,7.2595
16606,8.3731
16607,7.3333
16608,7.0818
16609,7.2595
16610,8.5875
16611,7.5
16612,7.6018
16613,8.7029
16614,5.6667
16615,7.2595
16616,7.6018
16617,7.7037
16618,7.7236
16619,7.7236
16620,7.6018
16621,7.6018
16622,9.25
16623,7.2595
16624,7.8
16625,8.8333
16626,7.918
16627,8.1579
16628,9.0
16629,10.0
16630,7.3103
16631,5.8214
16632,8.6579
16633,7.5
16634,8.0
16635,7.6667
16636,7.3333
16637,7.0
16638,7.6087
16639,8.1111
16640,5.8214
16641,8.4286
16642,7.0
16643,7.5
16644,9.1176
16645,7.1689
16646,7.0909
16647,7.6
16648,3.0
16649,6.6667
16650,7.2595
16651,7.375
16652,7.5065
16653,7.0
16654,7.6018
16655,6.25
16656,7.0
16657,8.8556
16658,8.4286
16659,8.7029
16660,9.0
16661,7.5
16662,7.125
16663,7.9947
16664,7.6667
16665,8.8556
16666,7.6667
16667,7.7
16668,7.1111
16669,5.7059
16670,7.6714
16671,7.1689
16672,9.0
16673,7.6018
16674,8.6667
16675,8.0
16676,7.2595
16677,9.0
16678,10.0
16679,7.5714
16680,7.9298
16681,7.6897
16682,7.2595
16683,8.4
16684,8.4
16685,9.3333
16686,7.2595
16687,7.6018
16688,7.3523
16689,9.4839
16690,7.3846
16691,8.0385
16692,7.2917
16693,8.7091
16694,6.6
16695,7.4118
16696,7.9
16697,8.8556
16698,8.8556
16699,7.6018
16700,9.0
16701,7.5952
16702,8.6667
16703,7.8333
16704,8.0
16705,7.0
16706,6.9737
16707,8.8556
16708,8.5
16709,7.2595
16710,6.5
16711,7.6018
16712,5.0752
16713,7.5
16714,8.7029
16715,7.6018
16716,8.5769
16717,6.0909
16718,7.6018
16719,7.2595
16720,6.0226
16721,8.8556
16722,8.0
16723,7.3523
16724,6.0741
16725,5.0
16726,6.25
16727,7.2595
16728,8.2109
16729,6.875
16730,5.1385
16731,8.8556
16732,6.6
16733,7.58
16734,7.6018
16735,7.6
16736,7.6018
16737,8.4444
16738,5.2727
16739,4.9189
16740,5.8333
16741,7.6757
16742,8.92
16743,7.9273
16744,8.8556
16745,8.0
16746,7.4339
16747,9.6667
16748,9.3455
16749,8.5714
16750,7.6018
16751,7.6018
16752,7.2595
16753,8.8556
16754,8.8556
16755,7.5455
16756,7.2846
16757,8.2
16758,7.6897
16759,7.6018
16760,7.2595
16761,8.1852
16762,7.5339
16763,6.5
16764,7.0
16765,7.0
16766,7.9091
16767,6.0226
16768,7.9559
16769,6.6471
16770,8.0
16771,7.3333
16772,7.5
16773,8.8556
16774,8.3333
16775,9.7907
16776,7.6018
16777,8.5
16778,8.2353
16779,8.45
16780,7.6018
16781,5.0752
16782,7.6018
16783,5.5385
16784,7.4
16785,8.7048
16786,8.0857
16787,8.9905
16788,5.5
16789,4.0
16790,6.6154
16791,8.8556
16792,6.0
16793,9.3455
16794,9.4632
16795,8.8556
16796,7.6018
16797,9.5
16798,8.931
16799,7.25
16800,9.0262
16801,7.6018
16802,9.6
16803,8.8556
16804,7.6018
16805,7.5455
16806,7.6018
16807,8.6667
16808,7.2174
16809,7.2595
16810,6.9091
16811,7.0818
16812,7.2595
16813,8.8889
16814,7.0
16815,4.9167
16816,8.4906
16817,5.5753
16818,7.3913
16819,5.75
16820,6.5
16821,9.3455
16822,7.4583
16823,6.8667
16824,8.9315
16825,10.0
16826,8.5
16827,9.125
16828,7.6018
16829,8.2222
16830,7.6018
16831,5.5401
16832,7.6018
16833,7.375
16834,7.2857
16835,8.8824
16836,7.2308
16837,8.7222
16838,8.7234
16839,7.5882
16840,5.25
16841,10.0
16842,7.9947
16843,7.6667
16844,5.25
16845,7.0
16846,7.6018
16847,7.8889
16848,7.1429
16849,9.0
16850,7.4746
16851,6.375
16852,7.2595
16853,6.9667
16854,5.5401
16855,7.5333
16856,9.0
16857,8.2857
16858,9.0227
16859,7.6018
16860,7.5339
16861,7.7838
16862,7.7188
16863,7.9947
16864,6.6
16865,7.8
16866,7.6018
16867,8.8727
16868,7.6018
16869,7.3462
16870,4.0
16871,7.5862
16872,8.7778
16873,7.2595
16874,8.0
16875,7.7009
16876,7.6018
16877,7.1321
16878,10.0
16879,7.6018
16880,8.0
16881,7.5
16882,8.283
16883,7.9
16884,8.1111
16885,7.6667
16886,8.7143
16887,7.9091
16888,7.6018
16889,7.2595
16890,7.6018
16891,7.6018
16892,7.0
16893,7.6018
16894,7.6018
16895,7.871
16896,7.2595
16897,7.6018
16898,7.1
16899,7.6018
16900,8.7029
16901,8.2692
16902,7.6018
16903,7.2595
16904,9.375
16905,8.0755
16906,6.6214
16907,7.25
16908,9.55
16909,7.2143
16910,6.8333
16911,7.6018
16912,6.2222
16913,8.3571
16914,8.5
16915,7.2595
16916,7.0
16917,9.0
16918,7.5
16919,8.75
16920,8.25
16921,7.5952
16922,6.0303
16923,7.2595
16924,7.2595
16925,6.4118
16926,6.7374
16927,7.6714
16928,7.2595
16929,6.3514
16930,9.7907
16931,7.9688
16932,5.5753
16933,5.65
16934,6.9375
16935,7.6018
16936,7.2595
16937,7.2595
16938,7.6018
16939,7.5476
16940,7.069
16941,5.8
16942,9.55
16943,6.9091
16944,7.6923
16945,5.9091
16946,7.6018
16947,7.4
16948,8.0426
16949,8.8556
16950,7.75
16951,8.8556
16952,6.75
16953,7.0
16954,7.2595
16955,6.8621
16956,5.5753
16957,9.134
16958,6.8276
16959,8.4
16960,5.1667
16961,6.0
16962,3.0
16963,8.0
16964,7.0
16965,7.0
16966,7.6018
16967,6.7
16968,9.0
16969,6.0
16970,7.2595
16971,7.6018
16972,6.0
16973,8.3077
16974,6.7403
16975,8.6316
16976,8.2019
16977,7.7188
16978,8.0
16979,9.5
16980,6.25
16981,6.3333
16982,7.6018
16983,6.2055
16984,6.0
16985,7.2595
16986,7.6018
16987,7.815
16988,8.8556
16989,7.6575
16990,8.6364
16991,7.6018
16992,7.1667
16993,6.6667
16994,7.4865
16995,8.0952
16996,7.5
16997,6.875
16998,7.125
16999,9.1667
17000,5.0752
17001,8.2109
17002,8.0952
17003,8.3333
17004,8.3649
17005,7.7037
17006,7.6018
17007,7.6018
17008,8.0
17009,8.5294
17010,8.3953
17011,5.1355
17012,7.6087
17013,7.5472
17014,7.6018
17015,9.5
17016,7.6018
17017,7.6018
17018,6.7917
17019,7.625
17020,8.8333
17021,9.3455
17022,7.0492
17023,7.9577
17024,9.1481
17025,7.2
17026,7.6018
17027,7.2595
17028,7.4118
17029,6.3333
17030,8.9444
17031,5.5
17032,5.9091
17033,8.25
17034,7.7449
17035,7.6018
17036,9.3455
17037,8.0
17038,7.7692
17039,8.8556
17040,7.375
17041,7.8148
17042,7.6842
17043,6.8125
17044,5.8529
17045,7.6018
17046,7.2595
17047,6.4
17048,6.16
17049,7.6018
17050,6.625
17051,8.7048
17052,8.0385
17053,8.375
17054,10.0
17055,7.1039
17056,8.1111
17057,7.6018
17058,7.6018
17059,6.0
17060,7.5574
17061,7.0476
17062,6.9091
17063,8.2
17064,8.5
17065,8.75
17066,6.5
17067,7.25
17068,8.375
17069,8.5
17070,7.1039
17071,8.45
17072,6.0
17073,7.2595
17074,8.8556
17075,6.5
17076,8.2222
17077,8.7091
17078,8.3649
17079,7.2595
17080,7.6667
17081,7.6018
17082,8.375
17083,7.0
17084,7.2595
17085,9.0262
17086,7.2595
17087,6.7857
17088,5.1355
17089,6.8125
17090,7.4824
17091,7.1429
17092,7.4545
17093,8.6
17094,7.6018
17095,7.6018
17096,7.5
17097,7.9947
17098,5.0752
17099,5.8519
17100,7.6018
17101,5.0752
17102,7.2595
17103,7.6018
17104,7.814
17105,7.8431
17106,8.25
17107,7.4339
17108,9.125
17109,7.2846
17110,5.0
17111,7.6018
17112,7.6018
17113,7.6018
17114,8.75
17115,9.7
17116,8.8556
17117,7.4828
17118,7.5065
17119,7.2595
17120,5.5
17121,7.7429
17122,6.0
17123,8.1955
17124,9.6216
17125,8.5556
17126,8.8556
17127,7.6018
17128,8.5
17129,6.3333
17130,9.4878
17131,8.9091
17132,6.0
17133,7.2595
17134,7.2595
17135,6.7273
17136,7.2595
17137,7.6018
17138,8.1875
17139,7.0
17140,7.2595
17141,7.2595
17142,8.1043
17143,5.0752
17144,5.1
17145,7.6018
17146,8.25
17147,7.6667
17148,7.4167
17149,6.7129
17150,8.375
17151,8.92
17152,7.2595
17153,7.5652
17154,8.5036
17155,6.0588
17156,7.5556
17157,7.75
17158,7.1053
17159,7.6018
17160,7.2595
17161,8.2812
17162,7.7009
17163,7.8941
17164,5.0
17165,6.4074
17166,7.6018
17167,5.0752
17168,7.2857
17169,8.8556
17170,8.0
17171,8.88
17172,8.6842
17173,8.8556
17174,6.4921
17175,8.8333
17176,9.0227
17177,8.4091
17178,8.0909
17179,8.4286
17180,9.3455
17181,5.0752
17182,7.2595
17183,5.6667
17184,7.4848
17185,8.0417
17186,7.1429
17187,10.0
17188,7.8
17189,7.6018
17190,8.25
17191,7.6018
17192,6.6842
17193,8.2353
17194,8.1905
17195,8.375
17196,7.0909
17197,9.0
17198,7.9231
17199,8.0625
17200,8.75
17201,7.6061
17202,7.6018
17203,6.7403
17204,7.125
17205,6.9483
17206,7.6018
17207,7.6018
17208,9.0
17209,8.5
17210,8.0
17211,7.6018
17212,8.1429
17213,9.4878
17214,7.2595
17215,7.4146
17216,6.8377
17217,9.25
17218,9.5556
17219,8.2
17220,7.2595
17221,8.75
17222,7.2857
17223,6.3636
17224,7.6018
17225,7.9667
17226,6.2308
17227,6.6
17228,7.6018
17229,7.2595
17230,7.2595
17231,7.6018
17232,7.2
17233,7.4151
17234,9.6139
17235,6.2857
17236,7.5952
17237,7.0
17238,6.5
17239,8.2368
17240,7.5476
17241,7.9744
17242,9.075
17243,8.8556
17244,9.0262
17245,6.3889
17246,7.1212
17247,7.0
17248,7.8824
17249,7.2595
17250,5.0752
17251,8.7091
17252,7.2595
17253,7.9
17254,7.8667
17255,5.5401
17256,8.0455
17257,8.9714
17258,9.6429
17259,7.5
17260,8.2857
17261,7.9286
17262,8.28
17263,6.6214
17264,7.6018
17265,8.0882
17266,5.1355
17267,6.3889
17268,10.0
17269,7.6018
17270,7.0
17271,7.3523
17272,8.4444
17273,7.5965
17274,8.8556
17275,6.0
17276,8.1928
17277,7.0
17278,8.7048
17279,7.2595
17280,8.4375
17281,7.2595
17282,8.3333
17283,7.25
17284,9.3455
17285,7.1689
17286,6.9259
17287,6.8377
17288,7.2595
17289,6.8
17290,7.6018
17291,8.0
17292,7.1667
17293,8.7778
17294,8.3953
17295,5.0752
17296,7.3514
17297,7.0345
17298,7.2595
17299,7.6018
17300,8.5
17301,7.6667
17302,6.8333
17303,7.0882
17304,8.8556
17305,8.5455
17306,8.7404
17307,9.3832
17308,4.0
17309,8.3778
17310,7.2595
17311,7.0577
17312,8.6176
17313,8.1976
17314,6.25
17315,5.8529
17316,10.0
17317,7.5714
17318,9.0
17319,7.6018
17320,8.9655
17321,8.0333
17322,6.4167
17323,7.2243
17324,7.6018
17325,5.0
17326,8.0
17327,7.2595
17328,8.418
17329,7.6018
17330,8.3731
17331,8.4634
17332,8.0094
17333,9.6139
17334,7.6018
17335,7.7009
17336,7.918
17337,8.8556
17338,7.6018
17339,6.6522
17340,6.0
17341,8.2222
17342,6.7328
17343,7.1944
17344,7.6018
17345,8.3971
17346,8.8556
17347,8.5753
17348,7.6018
17349,7.1
17350,6.6667
17351,7.6809
17352,6.6
17353,7.6018
17354,7.4146
17355,7.2595
17356,8.4091
17357,8.9714
17358,7.4688
17359,6.56
17360,8.0
17361,7.1429
17362,8.0
17363,8.0
17364,7.9565
17365,7.1689
17366,8.5
17367,8.0
17368,7.4286
17369,5.1355
17370,7.6018
17371,7.5476
17372,6.5
17373,8.2353
17374,7.4167
17375,9.5385
17376,7.6018
17377,8.0
17378,6.9259
17379,7.5339
17380,9.2857
17381,7.0333
17382,8.8556
17383,9.1111
17384,8.4
17385,5.0
17386,7.2857
17387,6.4
17388,8.2174
17389,9.25
17390,7.0
17391,7.2595
17392,8.5
17393,8.1486
17394,7.3333
17395,7.4054
17396,9.3333
17397,9.2
17398,8.2109
17399,8.1111
17400,6.4545
17401,7.6018
17402,7.2595
17403,7.8916
17404,9.16
17405,7.5
17406,8.2105
17407,7.6018
17408,8.023
17409,8.6111
17410,7.8462
17411,9.4632
17412,8.6154
17413,8.6667
17414,7.5278
17415,9.3455
17416,7.6018
17417,8.9905
17418,5.0
17419,6.35
17420,8.2143
17421,8.5
17422,5.1385
17423,5.0
17424,7.828
17425,2.75
17426,7.3846
17427,10.0
17428,7.375
17429,7.3333
17430,8.2222
17431,7.5714
17432,8.3571
17433,9.0
17434,7.9947
17435,9.25
17436,8.3333
17437,8.8556
17438,7.6018
17439,8.5833
17440,7.5065
17441,7.6
17442,9.4545
17443,7.5065
17444,7.6018
17445,8.0
17446,7.6018
17447,8.1043
17448,7.7429
17449,9.0
17450,8.023
17451,8.0882
17452,8.25
17453,5.0752
17454,9.0
17455,10.0
17456,7.1429
17457,7.6018
17458,7.0
17459,4.0
17460,7.0
17461,7.0484
17462,5.0
17463,9.3455
17464,6.0226
17465,8.0
17466,8.3953
17467,7.6018
17468,7.9947
17469,7.6429
17470,7.3523
17471,8.1944
17472,8.5
17473,7.5
17474,5.6667
17475,7.5968
17476,7.6018
17477,6.9231
17478,7.8
17479,7.6018
17480,9.375
17481,6.0
17482,8.0
17483,7.1039
17484,8.1111
17485,8.5
17486,8.9905
17487,7.6018
17488,7.3438
17489,8.0
17490,8.8556
17491,7.8617
17492,7.6018
17493,8.3333
17494,7.9091
17495,8.3333
17496,6.6809
17497,9.0
17498,8.2222
17499,7.2595
17500,9.1
17501,8.9403
17502,8.3
17503,10.0
17504,7.141
17505,8.9828
17506,7.2432
17507,7.6018
17508,7.6018
17509,7.5065
17510,7.7449
17511,10.0
17512,7.0
17513,8.0
17514,6.7358
17515,8.6667
17516,9.0
17517,5.0752
17518,6.8689
17519,8.4286
17520,7.6018
17521,8.5714
17522,9.075
17523,6.0958
17524,7.75
17525,8.1429
17526,8.8556
17527,8.5
17528,9.3333
17529,6.5429
17530,7.2595
17531,5.0
17532,8.1053
17533,8.8556
17534,9.4841
17535,6.9583
17536,8.9796
17537,9.0
17538,7.6018
17539,8.6471
17540,7.4421
17541,7.4583
17542,8.8556
17543,7.5065
17544,8.375
17545,9.3662
17546,8.1043
17547,7.2595
17548,8.8556
17549,7.3333
17550,7.5333
17551,8.1875
17552,5.0752
17553,8.6719
17554,6.9583
17555,8.0
17556,8.2109
17557,7.6018
17558,8.8556
17559,7.5926
17560,8.5875
17561,7.6018
17562,7.2595
17563,7.4
17564,7.0
17565,5.0752
17566,6.0
17567,9.3455
17568,7.6018
17569,5.6667
17570,6.7358
17571,7.6
17572,6.8889
17573,6.5
17574,7.4286
17575,7.6018
17576,7.2595
17577,6.0226
17578,8.5
17579,7.2595
17580,7.0
17581,7.8667
17582,10.0
17583,5.5753
17584,7.6018
17585,5.8529
17586,8.2109
17587,8.0
17588,7.125
17589,9.3333
17590,7.6018
17591,7.1667
17592,8.7368
17593,7.2595
17594,6.0
17595,8.6
17596,7.6018
17597,7.7667
17598,7.5505
17599,8.0
17600,7.5968
17601,7.6018
17602,8.5714
17603,8.5875
17604,7.6018
17605,7.7838
17606,8.2
17607,7.0345
17608,8.8556
17609,7.6018
17610,7.6018
17611,7.7857
17612,6.75
17613,6.3786
17614,10.0
17615,9.3158
17616,7.5
17617,7.5263
17618,8.58
17619,5.75
17620,6.5455
17621,7.5
17622,7.6018
17623,8.9315
17624,7.2243
17625,6.7374
17626,8.1429
17627,6.7403
17628,8.4286
17629,6.125
17630,7.6018
17631,7.6018
17632,8.8556
17633,6.2857
17634,7.1689
17635,7.625
17636,7.72
17637,7.3523
17638,7.6018
17639,7.2595
17640,8.3382
17641,5.0
17642,7.25
17643,6.6214
17644,7.6018
17645,8.0
17646,8.3971
17647,7.2595
17648,8.0
17649,7.6018
17650,8.1111
17651,5.5714
17652,6.7403
17653,7.8
17654,9.0
17655,7.5065
17656,8.2353
17657,7.6
17658,7.6268
17659,7.2595
17660,7.7009
17661,10.0
17662,6.5
17663,8.8556
17664,7.6018
17665,7.9947
17666,6.7581
17667,7.6667
17668,7.6
17669,6.8
17670,8.3649
17671,5.5
17672,8.7048
17673,8.2
17674,8.2857
17675,9.1176
17676,6.9667
17677,7.0
17678,8.0
17679,8.6667
17680,7.6471
17681,7.5065
17682,1.0
17683,8.5714
17684,7.6268
17685,5.0
17686,7.9947
17687,7.2595
17688,8.4906
17689,7.6018
17690,8.1829
17691,8.5
17692,7.6268
17693,6.0
17694,5.5401
17695,6.8667
17696,8.42
17697,8.8556
17698,6.0226
17699,9.0
17700,8.8556
17701,8.8556
17702,8.1852
17703,5.1355
17704,8.0
17705,5.0752
17706,7.6018
17707,7.0
17708,7.3
17709,4.25
17710,7.2595
17711,8.1
17712,7.4824
17713,7.2595
17714,5.0752
17715,4.0
17716,6.3333
17717,7.6018
17718,8.0094
17719,7.5065
17720,7.5
17721,8.8556
17722,9.0
17723,7.3333
17724,7.6018
17725,5.1385
17726,8.8556
17727,10.0
17728,8.8556
17729,7.125
17730,8.8421
17731,7.2595
17732,7.6018
17733,7.0
17734,7.1039
17735,6.7403
17736,6.8333
17737,7.871
17738,5.1355
17739,6.4348
17740,8.8556
17741,8.8556
17742,7.0
17743,7.5405
17744,6.0
17745,7.5339
17746,8.0667
17747,6.75
17748,7.4146
17749,8.2105
17750,8.8556
17751,7.7449
17752,9.1395
17753,8.8556
17754,8.0
17755,7.6018
17756,8.7029
17757,7.6018
17758,7.5
17759,7.5476
17760,8.0755
17761,7.6018
17762,8.6
17763,7.5333
17764,6.4545
17765,7.8718
17766,8.4091
17767,7.619
17768,7.6018
17769,7.6018
17770,7.7236
17771,9.1
17772,7.6018
17773,6.5429
17774,6.0
17775,8.5714
17776,7.4167
17777,6.7778
17778,6.6809
17779,7.5882
17780,8.8889
17781,7.2595
17782,7.1689
17783,6.1034
17784,7.5
17785,6.0
17786,8.418
17787,7.6018
17788,4.0
17789,10.0
17790,5.0752
17791,7.1613
17792,7.6018
17793,9.3455
17794,8.4634
17795,8.3953
17796,6.6214
17797,8.5036
17798,8.5
17799,7.2595
17800,7.6018
17801,7.0
17802,9.3455
17803,7.5574
17804,7.6018
17805,8.5
17806,7.2595
17807,8.7105
17808,8.023
17809,8.7091
17810,6.7368
17811,7.2595
17812,9.0262
17813,6.2381
17814,7.6018
17815,7.5065
17816,7.4
17817,5.8519
17818,8.8556
17819,8.25
17820,8.8556
17821,6.0
17822,7.8571
17823,7.2595
17824,8.303
17825,7.1689
17826,7.6018
17827,8.8556
17828,5.0752
17829,6.0
17830,7.9559
17831,9.2857
17832,8.5714
17833,7.6018
17834,8.5
17835,7.5339
17836,8.2222
17837,4.5
17838,7.6018
17839,8.1486
17840,8.8556
17841,9.3832
17842,6.6667
17843,8.8556
17844,6.4444
17845,8.2019
17846,7.6018
17847,7.5065
17848,8.0909
17849,8.6667
17850,6.375
17851,7.828
17852,5.0
17853,7.6018
17854,6.3846
17855,7.6018
17856,8.7179
17857,7.6018
17858,8.5
17859,7.6018
17860,8.7091
17861,6.0226
17862,7.815
17863,7.6018
17864,6.125
17865,6.7328
17866,7.2595
17867,8.25
17868,7.6018
17869,7.2595
17870,8.5
17871,7.5417
17872,7.75
17873,7.7838
17874,7.141
17875,8.0
17876,5.5
17877,7.0
17878,7.8108
17879,6.16
17880,7.7449
17881,7.3902
17882,8.1
17883,7.6018
17884,7.5714
17885,6.88
17886,6.3333
17887,9.6216
17888,5.0752
17889,7.6018
17890,8.3333
17891,9.0
17892,6.0
17893,8.6
17894,7.1667
17895,6.3333
17896,7.25
17897,7.5065
17898,6.1034
17899,7.2846
17900,7.6018
17901,7.6
17902,8.5833
17903,7.6018
17904,8.25
17905,8.8556
17906,6.5714
17907,7.2595
17908,7.3
17909,9.3333
17910,8.2
17911,7.6018
17912,6.3333
17913,9.1395
17914,7.5333
17915,8.0435
17916,8.5625
17917,7.1039
17918,6.56
17919,7.0
17920,6.3333
17921,7.6018
17922,7.4167
17923,7.2595
17924,8.75
17925,5.0
17926,7.4146
17927,5.5
17928,8.0
17929,7.2595
17930,5.5
17931,8.0909
17932,7.6018
17933,7.0769
17934,9.0811
17935,6.3
17936,7.918
17937,7.5065
17938,6.0226
17939,7.4
17940,7.2595
17941,7.2595
17942,7.2595
17943,7.4211
17944,4.0
17945,6.3333
17946,7.5505
17947,9.25
17948,8.1043
17949,8.4906
17950,8.0429
17951,10.0
17952,7.8431
17953,7.5714
17954,8.0
17955,9.4841
17956,6.0226
17957,7.9947
17958,7.0333
17959,9.2857
17960,9.3333
17961,7.6018
17962,8.5
17963,7.4824
17964,5.1875
17965,7.2595
17966,7.6018
17967,7.6757
17968,9.7
17969,6.0
17970,6.3333
17971,7.2595
17972,7.6018
17973,7.7762
17974,7.2595
17975,7.6018
17976,8.0
17977,10.0
17978,8.0
17979,7.0492
17980,6.3636
17981,6.0
17982,8.9403
17983,7.0
17984,6.88
17985,8.8556
17986,9.2857
17987,5.0752
17988,7.4688
17989,8.7692
17990,7.6018
17991,6.4
17992,4.0
17993,9.3662
17994,9.4632
17995,6.8571
17996,8.5
17997,7.6018
17998,8.2258
17999,8.5
18000,8.7812
18001,8.4444
18002,7.1538
18003,6.25
18004,7.6018
18005,7.7778
18006,7.8
18007,6.8
18008,7.6018
18009,8.9403
18010,6.8889
18011,7.918
18012,7.25
18013,7.0
18014,6.7403
18015,7.6018
18016,9.134
18017,7.75
18018,8.1043
18019,8.1875
18020,7.6429
18021,8.8556
18022,8.1
18023,8.7029
18024,9.1176
18025,5.1355
18026,7.58
18027,5.0
18028,5.0
18029,6.4348
18030,7.6018
18031,5.0
18032,8.8125
18033,8.6842
18034,8.0
18035,7.1053
18036,6.6667
18037,7.6018
18038,7.2595
18039,7.6018
18040,4.7059
18041,9.3333
18042,8.0
18043,9.3158
18044,6.0
18045,7.5385
18046,7.6018
18047,7.2595
18048,8.92
18049,7.1039
18050,9.5
18051,9.55
18052,7.2595
18053,9.3455
18054,7.5
18055,6.64
18056,7.7778
18057,7.3
18058,7.6018
18059,7.2595
18060,6.8824
18061,8.8556
18062,7.3793
18063,6.0226
18064,7.6018
18065,7.5065
18066,8.8556
18067,7.814
18068,8.6667
18069,8.0094
18070,7.95
18071,7.5
18072,6.0958
18073,8.8556
18074,6.25
18075,6.9091
18076,7.6018
18077,8.4074
18078,7.0
18079,7.0
18080,7.6018
18081,7.2595
18082,6.4118
18083,9.6667
18084,6.625
18085,5.6667
18086,9.375
18087,7.3523
18088,7.5
18089,8.3714
18090,6.1818
18091,7.1026
18092,8.0
18093,6.875
18094,10.0
18095,7.1212
18096,7.6018
18097,5.3636
18098,5.0
18099,7.2368
18100,6.7358
18101,7.6018
18102,5.1355
18103,7.6018
18104,8.8556
18105,8.75
18106,7.6018
18107,8.0
18108,7.6018
18109,7.6018
18110,9.4583
18111,7.6018
18112,7.2595
18113,7.6018
18114,7.814
18115,5.0752
18116,7.5065
18117,10.0
18118,7.2595
18119,9.25
18120,7.8
18121,8.2222
18122,9.8182
18123,8.4
18124,7.4167
18125,8.931
18126,6.875
18127,7.8889
18128,9.28
18129,6.6522
18130,8.1928
18131,7.8148
18132,7.6018
18133,8.2128
18134,7.0
18135,7.9298
18136,8.375
18137,8.75
18138,5.0
18139,5.25
18140,7.6018
18141,7.6018
18142,7.0909
18143,10.0
18144,4.3333
18145,7.2857
18146,7.1667
18147,7.1176
18148,8.0
18149,8.8556
18150,7.6018
18151,7.2
18152,8.8556
18153,7.5385
18154,8.7029
18155,4.3333
18156,7.1321
18157,7.6018
18158,7.814
18159,7.2595
18160,7.75
18161,9.3455
18162,8.3333
18163,7.6364
18164,7.6018
18165,7.6268
18166,8.1429
18167,7.0
18168,9.3333
18169,8.0882
18170,6.0
18171,7.9947
18172,9.0
18173,7.2595
18174,8.8556
18175,6.3333
18176,7.9
18177,7.2595
18178,8.3333
18179,7.9452
18180,7.6018
18181,7.6018
18182,8.8556
18183,9.3455
18184,10.0
18185,6.5429
18186,7.9
18187,6.7778
18188,7.8462
18189,8.45
18190,8.2764
18191,6.3514
18192,8.5
18193,7.6018
18194,7.8617
18195,7.5333
18196,7.9559
18197,7.2595
18198,9.6
18199,9.3455
18200,8.4634
18201,7.1212
18202,7.6667
18203,7.1818
18204,7.6018
18205,7.6667
18206,7.9286
18207,8.4634
18208,9.0
18209,7.25
18210,8.0238
18211,5.0752
18212,5.9825
18213,8.6316
18214,5.75
18215,8.6667
18216,7.625
18217,7.3523
18218,7.5065
18219,5.7059
18220,10.0
18221,8.3731
18222,7.6018
18223,8.0667
18224,8.3333
18225,8.0
18226,9.3455
18227,7.6018
18228,7.6018
18229,5.0
18230,7.069
18231,7.6018
18232,8.1
18233,7.5952
18234,6.0714
18235,5.0752
18236,8.1111
18237,7.6018
18238,7.1689
18239,6.7328
18240,9.0
18241,6.3333
18242,8.1829
18243,7.6018
18244,7.2846
18245,7.375
18246,8.8556
18247,8.0
18248,7.0484
18249,5.0752
18250,6.6
18251,7.6268
18252,7.2222
18253,6.5833
18254,7.6018
18255,8.75
18256,7.9565
18257,6.8
18258,7.6
18259,7.8148
18260,7.6018
18261,7.815
18262,8.0
18263,6.5
18264,7.7105
18265,6.6957
18266,8.7029
18267,7.4339
18268,7.2595
18269,7.2595
18270,5.5401
18271,7.12
18272,8.8556
18273,9.0
18274,8.3333
18275,7.8571
18276,7.1039
18277,6.3333
18278,7.84
18279,6.4
18280,5.0
18281,6.6214
18282,6.8182
18283,5.7059
18284,7.2429
18285,7.5339
18286,7.6018
18287,7.2595
18288,6.125
18289,7.2595
18290,6.8377
18291,7.2595
18292,6.0
18293,8.9
18294,5.0
18295,7.2595
18296,6.8182
18297,8.58
18298,8.5714
18299,8.1579
18300,7.2595
18301,8.0
18302,7.0
18303,7.2846
18304,7.4865
18305,5.5401
18306,6.6522
18307,6.9091
18308,7.6018
18309,5.0
18310,7.6018
18311,8.6
18312,6.6667
18313,8.4815
18314,8.42
18315,6.5238
18316,8.0
18317,8.0
18318,7.1689
18319,7.6018
18320,9.0
18321,7.6018
18322,8.3913
18323,7.6018
18324,6.8377
18325,9.0
18326,8.7368
18327,9.3455
18328,7.6018
18329,7.6667
18330,9.0
18331,7.6018
18332,8.7091
18333,5.5753
18334,6.9737
18335,6.9556
18336,10.0
18337,7.6018
18338,6.2632
18339,8.7091
18340,8.2857
18341,9.3662
18342,9.4444
18343,5.1355
18344,8.122
18345,8.0
18346,7.6018
18347,8.8556
18348,7.2595
18349,7.8333
18350,8.7179
18351,9.0
18352,7.8125
18353,6.75
18354,8.25
18355,7.9559
18356,7.6087
18357,8.125
18358,7.0
18359,6.5
18360,8.58
18361,6.6842
18362,7.6018
18363,7.6018
18364,5.0752
18365,6.6875
18366,8.0
18367,8.3913
18368,7.0333
18369,7.25
18370,7.913
18371,8.7404
18372,7.6154
18373,10.0
18374,7.5339
18375,5.5753
18376,7.8
18377,8.8556
18378,7.6018
18379,7.5952
18380,9.0
18381,7.6268
18382,6.0
18383,7.6018
18384,8.8065
18385,7.5952
18386,7.64
18387,5.0
18388,8.5
18389,7.5
18390,7.2595
18391,7.6018
18392,10.0
18393,7.6018
18394,9.0811
18395,9.25
18396,6.5
18397,5.8519
18398,8.8556
18399,7.5065
18400,8.4906
18401,5.0
18402,6.25
18403,6.7358
18404,7.4545
18405,8.4634
18406,8.1875
18407,8.023
18408,7.2595
18409,8.8556
18410,7.5
18411,8.5
18412,7.5714
18413,7.6018
18414,8.1818
18415,8.8556
18416,8.5
18417,7.6018
18418,8.8556
18419,6.25
18420,8.8556
18421,7.6018
18422,7.9412
18423,6.8667
18424,9.134
18425,10.0
18426,8.0333
18427,4.9189
18428,7.2595
18429,7.2595
18430,6.0
18431,7.2595
18432,7.375
18433,7.5952
18434,8.3714
18435,6.0226
18436,7.2595
18437,7.2595
18438,8.0
18439,7.6018
18440,5.25
18441,7.0
18442,8.3913
18443,8.8556
18444,7.5065
18445,7.55
18446,7.6018
18447,6.8377
18448,9.1176
18449,7.6018
18450,7.6018
18451,8.5909
18452,7.2595
18453,7.4421
18454,8.7029
18455,7.5
18456,7.6018
18457,8.8556
18458,8.0
18459,7.2595
18460,7.5
18461,7.6018
18462,7.3148
18463,7.5
18464,7.2595
18465,7.3333
18466,7.1667
18467,7.3523
18468,6.7917
18469,8.2109
18470,7.0345
18471,9.1429
18472,8.2353
18473,5.5753
18474,6.6364
18475,7.6018
18476,7.6018
18477,8.7091
18478,9.4841
18479,7.9452
18480,5.5401
18481,6.0
18482,7.4286
18483,6.5161
18484,6.6957
18485,7.2595
18486,6.5
18487,6.0667
18488,9.134
18489,8.2258
18490,8.5
18491,7.6018
18492,7.3523
18493,7.3148
18494,5.5
18495,7.2595
18496,8.3333
18497,8.8556
18498,6.8377
18499,8.1
18500,7.871
18501,6.1667
18502,7.6018
18503,10.0
18504,7.4615
18505,8.7234
18506,6.4
18507,8.8333
18508,7.6018
18509,6.0909
18510,7.4194
18511,8.0
18512,5.0752
18513,7.5065
18514,7.6018
18515,6.3786
18516,8.4444
18517,7.5952
18518,7.5405
18519,8.0833
18520,8.3382
18521,9.4583
18522,5.0
18523,8.1429
18524,7.6018
18525,7.58
18526,7.8
18527,8.25
18528,7.0
18529,5.0752
18530,8.2857
18531,7.2595
18532,7.3523
18533,7.375
18534,7.5
18535,5.3333
18536,7.2595
18537,6.9091
18538,8.0
18539,7.6018
18540,9.3455
18541,7.7009
18542,6.0
18543,7.918
18544,5.9825
18545,9.0262
18546,5.5753
18547,9.2
18548,7.2595
18549,7.2857
18550,7.6268
18551,9.2
18552,8.8556
18553,6.9483
18554,7.2595
18555,9.2
18556,9.4841
18557,7.0
18558,7.6018
18559,7.5065
18560,7.1689
18561,9.6667
18562,7.6018
18563,7.6018
18564,7.0
18565,4.0
18566,8.5036
18567,6.875
18568,9.4583
18569,7.9947
18570,6.6667
18571,7.2595
18572,6.3333
18573,7.95
18574,7.2595
18575,7.6018
18576,7.8182
18577,8.7091
18578,6.0
18579,8.3913
18580,7.9452
18581,8.8556
18582,6.0
18583,9.3455
18584,9.075
18585,8.8556
18586,7.6018
18587,8.0
18588,7.6018
18589,7.2595
18590,6.9556
18591,5.0
18592,8.0
18593,7.2
18594,8.3
18595,8.0
18596,7.5405
18597,7.0
18598,5.9474
18599,6.2
18600,7.3333
18601,7.0
18602,8.2667
18603,6.0958
18604,7.5065
18605,6.1818
18606,7.6018
18607,7.8617
18608,7.9286
18609,8.8556
18610,8.8889
18611,5.0
18612,8.0909
18613,8.6
18614,6.3571
18615,7.8
18616,9.0262
18617,10.0
18618,7.9
18619,6.9655
18620,7.6018
18621,8.64
18622,9.075
18623,5.6667
18624,6.0
18625,7.5333
18626,7.15
18627,7.2595
18628,7.7762
18629,9.7
18630,6.88
18631,7.5574
18632,6.5
18633,7.2595
18634,8.1852
18635,8.8
18636,7.9231
18637,7.6018
18638,7.6018
18639,8.7
18640,7.6018
18641,8.4634
18642,8.8556
18643,8.8556
18644,7.5505
18645,5.5401
18646,7.5065
18647,7.6018
18648,8.5
18649,7.6018
18650,8.25
18651,7.5339
18652,8.3731
18653,7.3404
18654,7.4118
18655,7.9947
18656,7.8333
18657,7.0
18658,7.75
18659,7.15
18660,7.6018
18661,7.9947
18662,8.5036
18663,9.0625
18664,8.0455
18665,7.7762
18666,7.2595
18667,8.4906
18668,8.1976
18669,5.0752
18670,8.3649
18671,7.7143
18672,8.0
18673,7.6018
18674,8.1579
18675,6.1538
18676,8.8333
18677,7.4167
18678,6.9737
18679,9.2857
18680,9.3455
18681,5.1355
18682,7.2595
18683,6.0588
18684,8.8556
18685,7.6018
18686,7.6018
18687,8.1976
18688,8.2222
18689,8.2353
18690,6.5161
18691,7.4286
18692,8.0
18693,6.5
18694,6.8824
18695,7.3333
18696,9.1395
18697,8.0
18698,6.3333
18699,8.6111
18700,7.6018
18701,8.8
18702,7.4828
18703,7.4286
18704,7.4091
18705,6.7129
18706,9.0
18707,7.6018
18708,8.7048
18709,8.6111
18710,6.0226
18711,9.1304
18712,7.1689
18713,6.5714
18714,7.1667
18715,8.2019
18716,9.0
18717,7.3
18718,8.7404
18719,7.6018
18720,9.7907
18721,7.3846
18722,9.0262
18723,9.5
18724,8.88
18725,7.3913
18726,6.3333
18727,7.6018
18728,7.2595
18729,7.6018
18730,8.3382
18731,7.1039
18732,8.3
18733,8.6667
18734,7.0
18735,7.8889
18736,7.6018
18737,7.1689
18738,9.3455
18739,5.7059
18740,8.3333
18741,8.0
18742,7.875
18743,7.6018
18744,7.8966
18745,8.6667
18746,7.5333
18747,7.6018
18748,8.3953
18749,8.8556
18750,8.0
18751,8.1043
18752,7.6018
18753,7.6018
18754,8.3953
18755,8.1905
18756,7.8824
18757,9.075
18758,6.5625
18759,7.9565
18760,8.8556
18761,8.5875
18762,7.2368
18763,7.6018
18764,8.0
18765,7.58
18766,5.5714
18767,7.5333
18768,6.7403
18769,7.3
18770,8.7619
18771,7.6018
18772,6.9333
18773,8.5
18774,6.8571
18775,7.5
18776,6.0
18777,7.2595
18778,7.6018
18779,7.9677
18780,7.6018
18781,7.2595
18782,7.2595
18783,7.5065
18784,7.6018
18785,7.6
18786,6.5
18787,9.0
18788,7.2595
18789,7.5574
18790,7.6018
18791,8.7368
18792,6.5
18793,7.3333
18794,7.2595
18795,7.6018
18796,6.7143
18797,8.3714
18798,8.7091
18799,8.0294
18800,7.6018
18801,8.7029
18802,8.5
18803,7.815
18804,7.141
18805,7.4746
18806,6.7374
18807,8.1852
18808,8.8556
18809,7.2595
18810,7.0
18811,7.9452
18812,5.0
18813,7.6018
18814,8.3913
18815,8.8556
18816,9.0
18817,7.6018
18818,7.6018
18819,7.2595
18820,9.2381
18821,7.1944
18822,7.6018
18823,7.2595
18824,8.0
18825,7.6018
18826,7.6087
18827,9.8182
18828,7.2595
18829,6.0226
18830,7.2595
18831,6.0
18832,5.6667
18833,8.8125
18834,7.9118
18835,7.6018
18836,9.2857
18837,9.0
18838,5.5753
18839,7.1667
18840,7.9
18841,6.7857
18842,8.8302
18843,8.3649
18844,7.828
18845,8.8333
18846,8.0882
18847,7.6018
18848,8.88
18849,6.0
18850,7.2595
18851,7.6018
18852,5.0
18853,9.125
18854,9.4583
18855,8.3953
18856,7.0
18857,8.1852
18858,6.3786
18859,5.0752
18860,8.8556
18861,7.6018
18862,7.9273
18863,7.6018
18864,6.6667
18865,7.0484
18866,7.0
18867,7.6018
18868,7.6018
18869,7.7449
18870,7.6667
18871,7.75
18872,7.6018
18873,8.0
18874,7.1212
18875,8.7048
18876,9.0227
18877,7.6018
18878,9.0
18879,7.6018
18880,8.1667
18881,6.8333
18882,6.5
18883,7.6268
18884,8.8556
18885,6.0
18886,6.875
18887,7.95
18888,8.5833
18889,7.8
18890,8.8556
18891,8.8556
18892,6.7581
18893,8.8556
18894,7.6018
18895,7.3148
18896,9.0
18897,9.6429
18898,7.0
18899,7.9947
18900,7.6018
18901,7.2595
18902,9.0262
18903,6.5
18904,7.2595
18905,7.6018
18906,7.6018
18907,6.5429
18908,7.9
18909,7.2595
18910,8.9655
18911,7.3523
18912,7.6018
18913,7.6018
18914,8.0
18915,7.5339
18916,7.3438
18917,8.5
18918,7.75
18919,9.1373
18920,8.0
18921,6.3333
18922,7.6018
18923,9.0
18924,7.6018
18925,7.2595
18926,5.8
18927,5.0752
18928,9.0
18929,10.0
18930,8.3333
18931,7.7727
18932,7.2595
18933,7.1689
18934,7.8812
18935,6.3786
18936,8.6571
18937,7.5926
18938,10.0
18939,6.9333
18940,7.6018
18941,8.7391
18942,8.6567
18943,9.8667
18944,7.0
18945,6.3333
18946,7.9091
18947,6.0226
18948,8.875
18949,8.7105
18950,7.5505
18951,7.6018
18952,9.3832
18953,8.25
18954,7.2595
18955,7.0
18956,5.0
18957,7.2595
18958,6.25
18959,5.0752
18960,7.6018
18961,5.25
18962,9.0
18963,8.4634
18964,7.6018
18965,7.1689
18966,7.0345
18967,6.9583
18968,10.0
18969,7.72
18970,8.3
18971,8.8556
18972,8.8
18973,8.9905
18974,8.1955
18975,5.0752
18976,6.1
18977,7.0818
18978,7.2595
18979,9.0
18980,8.1955
18981,7.3438
18982,8.5
18983,8.8556
18984,7.8594
18985,7.4545
18986,9.4878
18987,8.1955
18988,8.0333
18989,7.4828
18990,6.8377
18991,9.0
18992,7.6018
18993,7.6018
18994,7.0
18995,7.4828
18996,8.2222
18997,7.5
18998,7.6018
18999,8.1955
19000,7.6018
19001,8.8556
19002,7.1026
19003,8.8556
19004,7.25
19005,8.92
19006,7.6809
19007,7.6018
19008,7.6018
19009,9.1429
19010,7.6667
19011,7.2243
19012,7.0
19013,9.0262
19014,6.8571
19015,6.0
19016,8.1486
19017,9.0
19018,8.48
19019,5.75
19020,7.0
19021,8.2019
19022,10.0
19023,9.0
19024,9.75
19025,9.075
19026,8.0
19027,5.0
19028,8.5667
19029,8.0
19030,6.9091
19031,8.4906
19032,8.6111
19033,7.8617
19034,6.0958
19035,7.2909
19036,8.5556
19037,7.5476
19038,9.0
19039,6.2632
19040,7.4339
19041,5.0
19042,7.2222
19043,6.6471
19044,5.5
19045,5.1385
19046,8.9286
19047,8.6176
19048,6.5
19049,7.5
19050,7.6018
19051,8.0
19052,8.5036
19053,7.0
19054,8.1
19055,8.9565
19056,7.3636
19057,8.4091
19058,7.6018
19059,7.2595
19060,7.8148
19061,8.25
19062,8.1277
19063,7.6018
19064,8.1667
19065,7.6667
19066,8.25
19067,5.5753
19068,7.55
19069,5.0752
19070,7.125
19071,8.0667
19072,7.2595
19073,7.6018
19074,9.4839
19075,6.8125
19076,9.0
19077,5.0752
19078,5.8077
19079,7.2595
19080,7.5254
19081,7.6018
19082,7.6018
19083,8.6
19084,6.88
19085,5.1355
19086,9.0262
19087,8.8556
19088,8.4074
19089,7.6018
19090,7.5405
19091,5.0909
19092,7.6
19093,7.4167
19094,7.6268
19095,7.2595
19096,7.5065
19097,6.6364
19098,8.9828
19099,6.3
19100,7.5
19101,5.1355
19102,7.5
19103,6.9333
19104,7.6018
19105,5.0752
19106,9.0
19107,8.8556
19108,7.0
19109,7.0
19110,7.8235
19111,7.6018
19112,6.5
19113,7.8824
19114,7.0
19115,7.6018
19116,7.2595
19117,6.7
19118,9.1081
19119,7.6018
19120,7.6018
19121,8.0
19122,6.625
19123,7.0714
19124,7.6018
19125,9.6216
19126,7.8723
19127,7.6018
19128,7.2595
19129,9.125
19130,7.6809
19131,6.8571
19132,8.7029
19133,7.2595
19134,7.4
19135,7.6018
19136,7.4
19137,7.0
19138,8.0455
19139,6.1034
19140,10.0
19141,8.1875
19142,6.7581
19143,5.5753
19144,8.0
19145,7.3333
19146,5.8
19147,7.6018
19148,8.0909
19149,8.125
19150,7.2595
19151,7.6018
19152,10.0
19153,7.2595
19154,7.9231
19155,7.2595
19156,7.6018
19157,9.4632
19158,7.2595
19159,6.0
19160,6.5
19161,7.0
19162,8.2019
19163,4.75
19164,7.7236
19165,7.5065
19166,5.1667
19167,9.0
19168,7.6268
19169,7.6
19170,6.7917
19171,9.8571
19172,8.0294
19173,7.5
19174,8.6316
19175,8.7391
19176,7.5333
19177,7.0
19178,7.8947
19179,8.4444
19180,7.4211
19181,7.6268
19182,9.0
19183,7.2595
19184,8.023
19185,7.4
19186,7.5065
19187,8.1429
19188,7.6018
19189,7.0714
19190,7.5
19191,6.3333
19192,6.0958
19193,6.6923
19194,5.6154
19195,9.0
19196,7.2222
19197,5.0752
19198,8.2109
19199,8.3333
19200,8.8556
19201,7.9
19202,6.0226
19203,8.9796
19204,9.2857
19205,7.0
19206,8.8556
19207,7.7429
19208,7.6018
19209,6.8
19210,6.0909
19211,7.6667
19212,8.7091
19213,7.6018
19214,7.3796
19215,7.5417
19216,8.0
19217,7.6018
19218,5.0
19219,7.6018
19220,5.0752
19221,7.1212
19222,8.1389
19223,7.5
19224,10.0
19225,7.7762
19226,8.2353
19227,7.625
19228,7.6018
19229,8.5625
19230,10.0
19231,7.5
19232,7.2258
19233,6.6667
19234,8.0
19235,7.4339
19236,7.4151
19237,7.6018
19238,7.2595
19239,8.0833
19240,8.1579
19241,7.2846
19242,7.6018
19243,8.6719
19244,7.3913
19245,7.7
19246,8.7091
19247,7.9286
19248,7.3523
19249,9.5714
19250,9.0
19251,8.0294
19252,7.5455
19253,9.0
19254,8.1579
19255,6.8377
19256,7.2595
19257,7.5065
19258,7.6018
19259,7.3913
19260,6.8
19261,6.0
19262,5.9091
19263,7.3796
19264,7.0
19265,8.0
19266,7.2
19267,5.0
19268,7.6018
19269,5.8
19270,6.6885
19271,8.1976
19272,6.0
19273,7.6018
19274,7.5
19275,5.0752
19276,6.2381
19277,9.0
19278,7.6667
19279,7.4848
19280,7.6268
19281,7.6018
19282,8.1
19283,9.0
19284,7.9
19285,7.6018
19286,7.5574
19287,7.2595
19288,6.6667
19289,7.6018
19290,7.069
19291,6.0958
19292,7.4286
19293,6.5
19294,8.1111
19295,7.0
19296,8.1043
19297,8.9333
19298,8.8556
19299,8.0
19300,8.0
19301,8.5
19302,7.5065
19303,5.0
19304,7.0
19305,7.2595
19306,7.5505
19307,7.2595
19308,9.0227
19309,5.6
19310,7.2595
19311,7.5065
19312,6.25
19313,7.6018
19314,7.4339
19315,8.0
19316,5.5
19317,8.1905
19318,7.6018
19319,7.0
19320,7.7838
19321,8.8556
19322,8.75
19323,8.037
19324,7.2595
19325,5.1355
19326,6.75
19327,8.2353
19328,9.0
19329,7.9947
19330,8.8556
19331,8.6667
19332,7.6018
19333,7.6018
19334,5.0752
19335,7.6018
19336,8.3382
19337,9.0
19338,7.2857
19339,8.8556
19340,6.7403
19341,8.4444
19342,7.6667
19343,8.0
19344,5.2
19345,7.6018
19346,8.8556
19347,9.0
19348,7.5
19349,7.2595
19350,8.8556
19351,8.8556
19352,7.5
19353,7.1689
19354,7.8462
19355,9.4878
19356,8.5
19357,7.2595
19358,7.2595
19359,7.9286
19360,9.134
19361,7.75
19362,5.5
19363,7.2727
19364,6.5
19365,7.9947
19366,6.5
19367,8.9796
19368,7.5556
19369,7.6018
19370,8.5
19371,7.5339
19372,8.2019
19373,7.8812
19374,6.1765
19375,7.4286
19376,8.8556
19377,7.6018
19378,7.8
19379,7.2432
19380,5.8214
19381,7.9231
19382,8.1976
19383,7.6018
19384,7.6087
19385,8.15
19386,7.6018
19387,7.9231
19388,7.4375
19389,8.8431
19390,7.6018
19391,7.3333
19392,7.25
19393,7.2595
19394,6.8377
19395,7.0
19396,7.2595
19397,6.3
19398,6.0
19399,7.2595
19400,5.4286
19401,7.1667
19402,7.6018
19403,8.5
19404,6.7403
19405,8.5753
19406,8.8556
19407,6.2857
19408,6.6875
19409,8.25
19410,7.8824
19411,7.1039
19412,6.5
19413,8.3333
19414,7.6897
19415,8.5
19416,7.6018
19417,9.3333
19418,7.6268
19419,8.069
19420,6.6957
19421,8.7234
19422,7.8667
19423,8.1429
19424,7.2595
19425,7.5065
19426,8.8556
19427,7.2595
19428,7.6018
19429,7.7762
19430,6.7328
19431,8.2368
19432,8.0333
19433,8.7692
19434,7.6429
19435,8.6842
19436,9.0
19437,8.3
19438,7.0
19439,8.5
19440,7.5505
19441,6.5
19442,7.5263
19443,7.1667
19444,8.5
19445,7.6018
19446,7.6018
19447,7.25
19448,7.2595
19449,5.8077
19450,9.0
19451,5.0
19452,7.4746
19453,7.6018
19454,7.2595
19455,7.8916
19456,7.4821
19457,8.7048
19458,6.6
19459,8.8556
19460,7.8941
19461,7.2595
19462,8.8556
19463,4.5556
19464,9.1373
19465,9.2857
19466,7.5968
19467,7.5968
19468,10.0
19469,5.881
19470,7.2857
19471,8.0
19472,7.5
19473,7.0
19474,8.3333
19475,8.1111
19476,7.64
19477,6.4
19478,7.6018
19479,6.8462
19480,8.0
19481,7.4286
19482,8.8556
19483,7.6018
19484,8.7368
19485,7.6018
19486,6.0226
19487,8.2353
19488,7.6268
19489,7.6018
19490,7.6429
19491,5.7778
19492,8.375
19493,8.0385
19494,7.4091
19495,7.6018
19496,8.0
19497,8.0
19498,8.8556
19499,9.1373
19500,8.1111
19501,7.3523
19502,7.2
19503,7.6018
19504,6.3684
19505,7.3796
19506,8.7234
19507,7.2595
19508,7.6018
19509,8.2109
19510,5.6154
19511,7.1039
19512,7.6018
19513,7.2595
19514,8.6
19515,5.6667
19516,5.0752
19517,7.2595
19518,7.9118
19519,7.8824
19520,7.6018
19521,6.56
19522,6.0
19523,7.4211
19524,6.8689
19525,7.3523
19526,7.2432
19527,7.55
19528,6.6885
19529,8.48
19530,6.9375
19531,7.75
19532,8.8556
19533,7.6018
19534,8.7404
19535,7.9559
19536,9.16
19537,7.069
19538,7.6018
19539,9.0
19540,7.6018
19541,6.0
19542,5.5
19543,7.1463
19544,10.0
19545,8.7029
19546,8.2109
19547,6.56
19548,7.1689
19549,6.7129
19550,8.1538
19551,7.84
19552,6.7581
19553,6.1818
19554,7.2632
19555,6.75
19556,9.0
19557,6.7374
19558,5.5714
19559,8.6667
19560,7.6018
19561,7.1463
19562,5.0
19563,8.6
19564,7.2595
19565,7.0
19566,8.4118
19567,9.0262
19568,5.0752
19569,7.6018
19570,6.8
19571,8.0
19572,6.6364
19573,7.2595
19574,8.2
19575,6.0
19576,9.16
19577,7.2595
19578,8.8556
19579,6.0
19580,7.2595
19581,7.2595
19582,7.0
19583,6.3514
19584,8.0
19585,7.6268
19586,7.625
19587,8.25
19588,7.6018
19589,8.8889
19590,5.0
19591,7.5714
19592,7.3523
19593,7.069
19594,8.873
19595,8.1928
19596,6.0
19597,7.8
19598,7.871
19599,7.0
19600,7.4706
19601,7.2595
19602,6.4286
19603,8.8556
19604,8.0
19605,7.5
19606,5.25
19607,6.8947
19608,8.7091
19609,10.0
19610,7.9947
19611,7.5405
19612,8.5625
19613,9.8182
19614,7.96
19615,8.0
19616,6.6667
19617,8.7368
19618,8.0
19619,7.0577
19620,7.5
19621,7.9947
19622,8.8
19623,7.5065
19624,7.9091
19625,7.7407
19626,8.2109
19627,8.8556
19628,7.6018
19629,7.3902
19630,8.2667
19631,6.7358
19632,6.0
19633,9.16
19634,7.0
19635,9.0
19636,7.3462
19637,6.0226
19638,7.1689
19639,7.3523
19640,7.6018
19641,7.6018
19642,8.8556
19643,7.2963
19644,8.0
19645,7.2595
19646,9.375
19647,8.0294
19648,7.4074
19649,7.2595
19650,8.0
19651,6.4
19652,7.5385
19653,8.9828
19654,8.0455
19655,9.4878
19656,6.6885
19657,7.8
19658,7.2595
19659,7.8333
19660,7.8
19661,7.4824
19662,7.5333
19663,8.8556
19664,7.4146
19665,7.0
19666,9.3455
19667,8.8333
19668,7.96
19669,8.0
19670,6.7328
19671,7.1053
19672,7.2595
19673,8.0
19674,9.25
19675,6.5161
19676,8.5
19677,9.5455
19678,7.6018
19679,6.1667
19680,6.1818
19681,7.5065
19682,8.6552
19683,8.0455
19684,7.3333
19685,7.5333
19686,8.75
19687,8.0
19688,9.0262
19689,9.6216
19690,6.0
19691,6.9556
19692,7.2857
19693,6.5161
19694,7.5065
19695,8.3333
19696,7.9231
19697,6.6667
19698,9.3333
19699,8.8556
19700,8.0
19701,7.15
19702,7.6018
19703,5.0752
19704,7.2595
19705,7.6018
19706,7.6268
19707,6.9375
19708,9.0
19709,7.4444
19710,7.6018
19711,8.303
19712,7.4
19713,7.5965
19714,7.6018
19715,7.6268
19716,3.5
19717,7.4286
19718,7.6018
19719,8.0
19720,7.8718
19721,4.7059
19722,8.0294
19723,7.5938
19724,7.2595
19725,8.5
19726,8.0429
19727,8.0
19728,9.0262
19729,7.64
19730,7.6018
19731,7.6429
19732,7.15
19733,7.0
19734,6.9259
19735,8.3143
19736,8.8
19737,7.2595
19738,6.0958
19739,9.0256
19740,5.8
19741,7.2595
19742,9.3662
19743,6.6
19744,7.5556
19745,7.6018
19746,7.4074
19747,8.0
19748,7.2941
19749,5.0752
19750,3.0
19751,7.5472
19752,6.9667
19753,7.6667
19754,7.4746
19755,7.5476
19756,9.5
19757,8.375
19758,6.3333
19759,10.0
19760,8.5
19761,8.7091
19762,9.0
19763,9.2857
19764,7.2595
19765,7.4167
19766,7.5065
19767,8.5
19768,8.75
19769,7.6018
19770,5.5
19771,8.9796
19772,8.8333
19773,7.4828
19774,5.5401
19775,7.2595
19776,8.3382
19777,8.1111
19778,8.8556
19779,9.1818
19780,8.8556
19781,8.0
19782,8.303
19783,8.8
19784,8.7029
19785,9.7
19786,6.8667
19787,7.6018
19788,8.2019
19789,8.5036
19790,7.7105
19791,5.25
19792,8.1667
19793,5.0
19794,7.1538
19795,7.15
19796,6.1071
19797,7.9559
19798,5.7059
19799,8.0
19800,8.8556
19801,9.0262
19802,6.0226
19803,7.4821
19804,7.8636
19805,6.8667
19806,8.0
19807,8.5036
19808,5.5401
19809,7.6018
19810,7.9
19811,6.5
19812,7.5505
19813,5.25
19814,7.1689
19815,8.4
19816,8.0
19817,7.5065
19818,7.0
19819,7.0
19820,7.3333
19821,7.918
19822,6.4667
19823,6.6364
19824,7.4848
19825,9.0
19826,8.25
19827,7.6018
19828,7.6018
19829,6.7358
19830,6.7403
19831,8.1818
19832,8.0833
19833,5.0752
19834,8.375
19835,6.25
19836,7.7778
19837,7.2903
19838,6.8
19839,7.4746
19840,8.0
19841,7.4118
19842,5.0752
19843,6.0226
19844,7.5455
19845,8.0
19846,6.25
19847,7.6018
19848,10.0
19849,7.5
19850,8.7404
19851,5.8529
19852,7.6018
19853,7.1
19854,7.3103
19855,7.1321
19856,7.6018
19857,6.0909
19858,7.6018
19859,7.6018
19860,8.2692
19861,7.4194
19862,8.7903
19863,8.5833
19864,7.1667
19865,8.0
19866,5.0
19867,7.8
19868,6.5
19869,8.1818
19870,7.4
19871,8.4
19872,7.5556
19873,7.4824
19874,8.8556
19875,7.0
19876,5.75
19877,6.0
19878,10.0
19879,7.2595
19880,6.0303
19881,9.7907
19882,6.7328
19883,9.15
19884,8.375
19885,7.5
19886,6.0958
19887,7.6018
19888,5.0
19889,6.0
19890,9.075
19891,7.6018
19892,8.7778
19893,8.1429
19894,8.275
19895,8.5753
19896,7.6018
19897,9.0
19898,7.375
19899,7.1212
19900,8.8556
19901,7.2595
19902,7.8916
19903,9.3455
19904,8.8556
19905,6.9091
19906,6.9655
19907,5.0752
19908,6.6
19909,6.8235
19910,6.9737
19911,8.5036
19912,8.1538
19913,8.3382
19914,9.5714
19915,9.6139
19916,8.7234
19917,6.8377
19918,9.0262
19919,6.8689
19920,5.0752
19921,9.1373
19922,6.1071
19923,6.9091
19924,6.7358
19925,7.5714
19926,7.5339
19927,7.3973
19928,7.1689
19929,8.8556
19930,6.875
19931,7.2595
19932,7.1689
19933,7.6018
19934,5.5401
19935,6.1034
19936,5.0752
19937,7.885
19938,10.0
19939,9.0
19940,7.6018
19941,8.4906
19942,7.6018
19943,7.3523
19944,6.1111
19945,6.8824
19946,9.0262
19947,8.7091
19948,7.3462
19949,8.1579
19950,7.75
19951,7.6018
19952,7.6018
19953,8.4
19954,8.2353
19955,7.0
19956,7.9545
19957,7.5
19958,7.9091
19959,6.1111
19960,9.0
19961,7.2595
19962,2.0
19963,7.6018
19964,7.6018
19965,7.0
19966,5.1355
19967,7.5758
19968,9.4841
19969,7.6575
19970,8.9091
19971,8.0455
19972,5.6154
19973,7.2595
19974,7.2595
19975,7.6018
19976,8.4
19977,7.9688
19978,8.0
19979,7.6667
19980,8.2
19981,5.5753
19982,7.2595
19983,8.1875
19984,7.0
19985,9.0
19986,9.5
19987,7.1429
19988,7.2595
19989,7.1689
19990,7.6268
19991,7.4167
19992,8.4
19993,7.1818
19994,10.0
19995,5.5753
19996,7.2595
19997,7.6018
19998,9.0
19999,7.8056
20000,8.0755
20001,8.8556
20002,7.9577
20003,8.8387
20004,5.0752
20005,9.8182
20006,8.1111
20007,8.3684
20008,9.0
20009,8.2
20010,7.5926
20011,7.7762
20012,7.7009
20013,7.6018
20014,7.5
20015,6.5
20016,6.25
20017,6.9556
20018,7.8333
20019,7.0
20020,7.0
20021,8.4444
20022,7.1689
20023,9.3662
20024,8.0
20025,9.0
20026,8.3913
20027,8.2857
20028,8.4091
20029,7.6018
20030,7.9545
20031,9.25
20032,6.4
20033,7.2308
20034,7.9947
20035,8.8556
20036,7.3846
20037,8.05
20038,7.6018
20039,8.2692
20040,7.9231
20041,6.7358
20042,5.5753
20043,8.0385
20044,7.0
20045,7.7895
20046,7.2595
20047,7.0
20048,8.1852
20049,5.4
20050,5.5753
20051,6.0
20052,8.6571
20053,5.8529
20054,7.2595
20055,4.75
20056,8.7619
20057,6.0
20058,9.0
20059,8.8556
20060,7.8108
20061,8.2109
20062,7.6018
20063,8.5
20064,8.7029
20065,9.0262
20066,7.6018
20067,10.0
20068,7.1429
20069,6.2222
20070,7.3796
20071,7.6268
20072,6.0226
20073,8.0909
20074,8.2857
20075,7.9
20076,7.6268
20077,7.7971
20078,9.0
20079,7.6018
20080,7.375
20081,7.6018
20082,7.2595
20083,7.3571
20084,7.4286
20085,7.3
20086,5.0
20087,8.9333
20088,7.9
20089,5.0752
20090,9.0262
20091,7.5
20092,7.2595
20093,7.1039
20094,7.2846
20095,7.6018
20096,7.8
20097,9.0262
20098,7.1212
20099,9.0
20100,8.0
20101,7.6018
20102,6.0
20103,7.1667
20104,7.9
20105,8.3333
20106,7.6
20107,9.0
20108,7.5
20109,7.0
20110,7.2595
20111,9.16
20112,7.3333
20113,9.2
20114,8.1
20115,8.8556
20116,9.0227
20117,7.3523
20118,6.0
20119,7.4286
20120,6.7374
20121,8.8556
20122,7.4828
20123,7.5065
20124,7.6667
20125,8.5
20126,7.9273
20127,8.8
20128,10.0
20129,7.5
20130,8.023
20131,7.6018
20132,5.7059
20133,7.5
20134,8.8556
20135,7.5
20136,10.0
20137,7.2595
20138,8.8556
20139,8.75
20140,7.0
20141,7.5
20142,8.45
20143,9.6364
20144,7.6018
20145,7.6018
20146,8.5
20147,8.0294
20148,7.6018
20149,7.6018
20150,8.3333
20151,7.6018
20152,7.6018
20153,8.8556
20154,7.6667
20155,8.0667
20156,8.0
20157,8.8556
20158,7.6018
20159,8.0094
20160,8.8556
20161,7.1667
20162,4.7059
20163,7.3462
20164,7.3148
20165,7.6667
20166,7.4615
20167,9.3662
20168,8.625
20169,6.5
20170,6.7403
20171,8.8556
20172,7.9273
20173,7.2
20174,5.3333
20175,7.2595
20176,7.0
20177,7.0
20178,8.5
20179,8.3778
20180,8.1955
20181,7.5
20182,9.25
20183,7.8947
20184,8.0755
20185,10.0
20186,7.3
20187,8.5
20188,8.7404
20189,6.7403
20190,9.55
20191,8.0667
20192,6.0
20193,8.6667
20194,9.0
20195,7.6268
20196,7.6018
20197,7.2917
20198,6.6
20199,7.0492
20200,7.7407
20201,7.9947
20202,7.2595
20203,7.6018
20204,7.9559
20205,6.8689
20206,8.5753
20207,7.2595
20208,9.7692
20209,7.53
20210,6.6
20211,7.875
20212,7.8
20213,7.1689
20214,6.0226
20215,7.5574
20216,7.0
20217,7.1053
20218,7.5505
20219,10.0
20220,7.7778
20221,6.0
20222,7.6018
20223,8.8556
20224,8.1471
20225,7.45
20226,7.4286
20227,9.0
20228,7.5714
20229,9.0
20230,8.3649
20231,7.6018
20232,6.0
20233,6.6214
20234,7.6018
20235,8.25
20236,7.25
20237,7.6018
20238,5.25
20239,7.6018
20240,7.9947
20241,8.2019
20242,7.2595
20243,7.5065
20244,7.6018
20245,6.7917
20246,7.0
20247,7.5065
20248,7.9947
20249,8.1111
20250,8.375
20251,8.4
20252,6.7581
20253,8.4
20254,5.7778
20255,7.2595
20256,8.7778
20257,7.15
20258,7.7009
20259,7.2
20260,7.875
20261,7.6018
20262,7.6
20263,7.8
20264,5.5
20265,8.2222
20266,7.3462
20267,7.3523
20268,6.9333
20269,10.0
20270,7.6018
20271,8.1955
20272,7.2595
20273,7.2
20274,8.8556
20275,9.0
20276,6.0
20277,5.7778
20278,7.141
20279,8.3333
20280,7.5505
20281,8.122
20282,7.4118
20283,7.2595
20284,7.4054
20285,7.3523
20286,7.2595
20287,5.8214
20288,7.6018
20289,6.625
20290,6.5
20291,7.5339
20292,8.7029
20293,8.283
20294,7.6018
20295,7.5968
20296,9.3158
20297,7.5968
20298,7.3333
20299,5.0
20300,8.1818
20301,9.0
20302,7.6018
20303,8.0
20304,6.0
20305,7.6018
20306,7.3523
20307,8.8556
20308,7.6018
20309,9.0
20310,7.8333
20311,9.4632
20312,7.2595
20313,7.2595
20314,8.0294
20315,7.4151
20316,7.5652
20317,7.6018
20318,7.1429
20319,7.0
20320,5.0
20321,9.0
20322,7.5455
20323,8.8556
20324,8.0
20325,6.6957
20326,8.375
20327,8.5753
20328,7.9
20329,8.88
20330,9.375
20331,7.9
20332,6.5
20333,8.2692
20334,7.2595
20335,8.5
20336,7.3148
20337,7.375
20338,8.375
20339,7.6471
20340,8.1111
20341,7.3404
20342,8.8556
20343,5.0
20344,7.375
20345,7.2595
20346,7.6018
20347,5.5753
20348,10.0
20349,8.1429
20350,9.0
20351,7.4421
20352,7.815
20353,7.5833
20354,7.2595
20355,8.0
20356,8.2105
20357,7.2595
20358,7.0882
20359,7.3523
20360,6.6
20361,7.5574
20362,8.0
20363,7.1429
20364,8.0
20365,8.5
20366,6.9412
20367,5.5401
20368,7.7
20369,9.1786
20370,7.069
20371,9.0
20372,8.1667
20373,8.5385
20374,8.541
20375,7.5065
20376,7.6018
20377,6.9091
20378,7.2
20379,6.5
20380,6.6
20381,8.8333
20382,8.9714
20383,6.8
20384,9.0
20385,6.0
20386,8.25
20387,9.3455
20388,7.6018
20389,8.0909
20390,9.0
20391,8.1667
20392,8.1429
20393,9.0
20394,8.8556
20395,8.0
20396,7.9231
20397,6.75
20398,5.25
20399,7.6018
20400,8.7091
20401,7.6018
20402,7.6018
20403,9.6139
20404,7.087
20405,7.2595
20406,6.4
20407,7.828
20408,6.5
20409,6.0
20410,7.7188
20411,7.2595
20412,7.6018
20413,7.9947
20414,8.8958
20415,8.0
20416,7.4286
20417,7.6667
20418,8.4444
20419,5.75
20420,7.5714
20421,6.6667
20422,7.6018
20423,7.6018
20424,7.6667
20425,8.0667
20426,6.7727
20427,7.6018
20428,9.0262
20429,8.2353
20430,7.1333
20431,7.2595
20432,7.6018
20433,8.3333
20434,8.8556
20435,7.5476
20436,7.0
20437,7.6061
20438,7.2595
20439,7.6018
20440,8.2353
20441,8.0
20442,7.8182
20443,5.0
20444,6.6923
20445,8.8958
20446,7.45
20447,8.8333
20448,6.0226
20449,8.8889
20450,7.2595
20451,8.3333
20452,9.1176
20453,8.8556
20454,7.815
20455,8.1905
20456,6.2
20457,7.6018
20458,8.0
20459,7.0
20460,7.375
20461,8.8556
20462,7.53
20463,8.0
20464,8.28
20465,7.5065
20466,7.1944
20467,7.5556
20468,7.8667
20469,9.375
20470,7.9947
20471,7.0
20472,5.5753
20473,8.1277
20474,8.5714
20475,7.6018
20476,7.6018
20477,7.6018
20478,7.6018
20479,6.8857
20480,7.8889
20481,7.2595
20482,7.9577
20483,8.8556
20484,7.9947
20485,7.1689
20486,7.25
20487,6.0
20488,6.875
20489,9.25
20490,9.075
20491,6.25
20492,8.0
20493,6.75
20494,7.0
20495,6.8377
20496,7.6875
20497,8.5
20498,7.4865
20499,8.6
20500,6.1071
20501,7.9947
20502,8.0755
20503,7.6018
20504,8.0
20505,7.6571
20506,7.0
20507,7.6018
20508,7.5968
20509,8.1
20510,8.0
20511,6.8571
20512,7.6018
20513,9.2
20514,6.8571
20515,8.1905
20516,6.5
20517,7.2857
20518,7.6018
20519,7.5505
20520,7.9947
20521,7.2595
20522,7.1689
20523,7.6018
20524,7.6018
20525,5.0752
20526,7.8
20527,8.7179
20528,7.6018
20529,9.1176
20530,8.2353
20531,9.0
20532,9.2857
20533,9.4632
20534,7.5505
20535,8.8556
20536,8.1667
20537,6.3786
20538,7.6018
20539,8.7143
20540,7.6122
20541,8.1111
20542,6.65
20543,7.6757
20544,7.6268
20545,7.2595
20546,6.8857
20547,6.35
20548,6.0
20549,6.56
20550,8.8556
20551,3.0
20552,6.0
20553,8.6471
20554,9.6429
20555,9.0
20556,9.0
20557,8.7105
20558,5.5753
20559,9.3832
20560,7.8916
20561,8.5
20562,7.5254
20563,7.8571
20564,7.6268
20565,7.3523
20566,7.1689
20567,9.0
20568,5.4074
20569,9.0256
20570,7.2595
20571,9.1786
20572,7.6018
20573,7.2595
20574,7.9947
20575,8.8556
20576,7.5714
20577,7.6897
20578,8.2676
20579,6.0
20580,7.8889
20581,5.5753
20582,8.5
20583,7.1818
20584,7.9298
20585,9.0
20586,7.5
20587,6.0958
20588,9.0
20589,9.0
20590,7.6018
20591,8.0
20592,8.1538
20593,8.0755
20594,7.8182
20595,6.3571
20596,6.7778
20597,6.0
20598,7.6018
20599,7.6018
20600,7.6018
20601,7.6268
20602,4.0
20603,7.6018
20604,7.8617
20605,7.6018
20606,6.9
20607,7.6018
20608,6.25
20609,7.6018
20610,8.2353
20611,7.6018
20612,7.9
20613,7.2595
20614,7.6018
20615,7.45
20616,7.0
20617,7.913
20618,7.6122
20619,8.8556
20620,9.1081
20621,6.4667
20622,8.4444
20623,8.931
20624,6.0
20625,7.5065
20626,8.1928
20627,7.5952
20628,5.3333
20629,7.6018
20630,5.75
20631,8.0
20632,8.5625
20633,7.5333
20634,8.8958
20635,9.7
20636,8.3971
20637,6.6809
20638,9.6216
20639,7.9273
20640,7.6667
20641,7.6018
20642,8.88
20643,7.2632
20644,9.0
20645,7.815
20646,6.9143
20647,7.0
20648,7.3793
20649,7.6018
20650,7.8125
20651,8.4634
20652,8.2353
20653,5.5
20654,7.3913
20655,7.0
20656,5.5753
20657,8.5
20658,7.6018
20659,9.1176
20660,7.2857
20661,7.6018
20662,6.9091
20663,7.2595
20664,5.0752
20665,7.6018
20666,7.1689
20667,7.5952
20668,7.25
20669,7.2595
20670,10.0
20671,5.0
20672,8.8556
20673,9.25
20674,7.7449
20675,8.3571
20676,5.375
20677,7.8636
20678,8.8556
20679,8.25
20680,7.6018
20681,6.5455
20682,9.3158
20683,7.9231
20684,7.6018
20685,10.0
20686,8.2222
20687,7.6018
20688,7.6018
20689,7.2595
20690,8.0
20691,6.0588
20692,8.1429
20693,7.2595
20694,8.9403
20695,8.88
20696,7.75
20697,7.3333
20698,10.0
20699,7.4824
20700,7.2595
20701,5.0752
20702,8.873
20703,9.1786
20704,6.7
20705,7.6018
20706,8.3571
20707,7.2
20708,7.7778
20709,4.0
20710,7.6018
20711,5.5753
20712,6.8377
20713,6.375
20714,7.5333
20715,8.8556
20716,5.0752
20717,8.0
20718,9.0
20719,6.7619
20720,7.84
20721,8.5818
20722,7.6018
20723,6.5
20724,8.9905
20725,7.6
20726,7.6018
20727,6.0
20728,7.1689
20729,8.7029
20730,6.5
20731,9.5833
20732,7.5333
20733,7.6018
20734,7.2595
20735,6.8
20736,7.5263
20737,7.9577
20738,7.6018
20739,7.4483
20740,5.0
20741,8.0
20742,8.58
20743,6.2222
20744,7.2595
20745,7.2595
20746,8.0
20747,7.6018
20748,7.6018
20749,7.1689
20750,6.0958
20751,6.6214
20752,7.1212
20753,9.5
20754,7.2595
20755,7.6018
20756,8.7179
20757,7.3404
20758,7.2857
20759,7.2595
20760,6.8125
20761,4.0
20762,7.5065
20763,6.9556
20764,7.3333
20765,7.6018
20766,8.8556
20767,7.6018
20768,7.6018
20769,6.7143
20770,7.5968
20771,8.1667
20772,8.873
20773,7.2595
20774,7.2595
20775,7.5758
20776,8.0909
20777,6.7403
20778,7.2595
20779,5.2857
20780,7.0
20781,7.0
20782,8.0
20783,8.0
20784,7.8
20785,7.6018
20786,7.6018
20787,7.6018
20788,7.6087
20789,8.2222
20790,7.1026
20791,8.3649
20792,9.3662
20793,8.5
20794,9.6429
20795,9.3455
20796,7.9947
20797,5.0752
20798,7.6018
20799,7.6018
20800,7.6018
20801,6.6364
20802,8.0
20803,7.8594
20804,7.815
20805,8.7368
20806,9.1
20807,7.4167
20808,7.8
20809,8.3333
20810,7.6018
20811,8.2109
20812,7.7143
20813,7.6018
20814,7.6018
20815,7.2595
20816,8.8333
20817,6.25
20818,6.6885
20819,8.1667
20820,8.5714
20821,7.6018
20822,7.6018
20823,8.8824
20824,9.4583
20825,8.418
20826,9.0262
20827,7.2595
20828,8.8556
20829,5.1355
20830,7.0
20831,6.7273
20832,7.8889
20833,5.1385
20834,7.2595
20835,7.1
20836,7.58
20837,8.5833
20838,8.0
20839,7.6018
20840,7.6018
20841,8.8556
20842,7.0
20843,7.95
20844,7.2595
20845,7.2595
20846,7.9375
20847,7.9744
20848,8.6111
20849,5.9091
20850,8.0
20851,7.2
20852,8.0755
20853,7.5505
20854,5.4074
20855,8.3333
20856,6.7403
20857,9.0
20858,5.0
20859,6.1429
20860,7.0
20861,7.7762
20862,7.3902
20863,6.8377
20864,7.375
20865,8.5667
20866,7.6018
20867,7.815
20868,8.75
20869,8.023
20870,7.0
20871,7.7762
20872,7.5
20873,8.1875
20874,7.1689
20875,7.6018
20876,6.4
20877,7.6018
20878,6.0226
20879,8.0
20880,7.6018
20881,7.0
20882,8.8556
20883,7.6018
20884,7.2846
20885,7.6018
20886,7.2595
20887,7.6018
20888,7.6018
20889,7.7762
20890,8.0
20891,7.6018
20892,7.7826
20893,7.2595
20894,7.2595
20895,6.8
20896,6.0
20897,5.8077
20898,5.0
20899,7.4074
20900,5.0752
20901,8.5165
20902,7.1818
20903,8.1829
20904,7.2595
20905,5.7143
20906,8.9167
20907,7.2595
20908,8.7368
20909,7.9412
20910,8.1
20911,7.6018
20912,7.6018
20913,8.4118
20914,7.4286
20915,8.4
20916,9.0
20917,7.9947
20918,8.0
20919,7.4583
20920,7.2595
20921,6.7778
20922,7.1429
20923,5.0752
20924,8.9444
20925,7.7762
20926,8.4
20927,6.0909
20928,5.8077
20929,7.0
20930,8.25
20931,6.8333
20932,7.6667
20933,7.2595
20934,7.2595
20935,8.1667
20936,7.6018
20937,6.7917
20938,5.8214
20939,6.1667
20940,5.0
20941,7.6018
20942,8.9714
20943,7.5385
20944,6.8377
20945,7.5065
20946,8.875
20947,10.0
20948,8.8333
20949,7.0
20950,8.7029
20951,7.1689
20952,7.4339
20953,7.6018
20954,8.1976
20955,8.2019
20956,6.4921
20957,7.2595
20958,6.8667
20959,8.7903
20960,7.2595
20961,7.9947
20962,8.4444
20963,7.4286
20964,8.0385
20965,6.9583
20966,7.2595
20967,6.7
20968,10.0
20969,7.0
20970,7.9947
20971,8.0
20972,7.2595
20973,7.1
20974,7.6018
20975,7.6018
20976,7.3
20977,6.75
20978,8.2812
20979,7.7188
20980,6.5833
20981,8.9828
20982,7.5714
20983,6.6364
20984,7.2595
20985,7.6018
20986,4.8462
20987,7.6018
20988,6.5
20989,8.0
20990,7.0492
20991,7.2595
20992,7.6018
20993,5.0
20994,7.2595
20995,7.2595
20996,6.0958
20997,6.4167
20998,5.0
20999,7.0625
21000,10.0
21001,8.6571
21002,8.0
21003,6.9231
21004,7.6061
21005,9.1333
21006,6.56
21007,7.0333
21008,8.8556
21009,8.5294
21010,6.7
21011,9.3455
21012,4.0
21013,7.6897
21014,8.3778
21015,6.5
21016,10.0
21017,7.6667
21018,7.0
21019,7.6018
21020,6.3333
21021,6.3333
21022,7.6018
21023,8.7091
21024,5.0752
21025,8.9828
21026,8.5
21027,7.6018
21028,7.5556
21029,8.418
21030,9.6216
21031,7.2595
21032,4.25
21033,5.2857
21034,8.4634
21035,7.2595
21036,9.1786
21037,7.6018
21038,8.5
21039,7.0769
21040,7.6018
21041,9.0262
21042,6.25
21043,7.6018
21044,1.0
21045,3.0
21046,6.6667
21047,7.3333
21048,9.2857
21049,8.2764
21050,7.5
21051,8.5036
21052,5.5753
21053,8.25
21054,7.6018
21055,8.375
21056,9.7059
21057,7.5
21058,6.9583
21059,9.0
21060,5.0752
21061,7.6018
21062,8.9444
21063,7.7762
21064,7.6018
21065,6.0909
21066,7.5065
21067,7.2595
21068,8.7091
21069,8.8556
21070,8.0
21071,8.4634
21072,9.25
21073,8.3636
21074,8.8556
21075,9.0
21076,8.0833
21077,6.0
21078,7.5
21079,5.1385
21080,7.6018
21081,7.2595
21082,8.0094
21083,7.8947
21084,8.25
21085,6.5
21086,7.2595
21087,6.6316
21088,7.6018
21089,8.2676
21090,6.7727
21091,5.6667
21092,7.5065
21093,6.6214
21094,7.0
21095,6.8
21096,9.4841
21097,8.8556
21098,9.2
21099,7.1689
21100,6.129
21101,8.2676
21102,7.5476
21103,7.6018
21104,7.2909
21105,7.2595
21106,7.6667
21107,8.8556
21108,5.0752
21109,7.6018
21110,7.4286
21111,7.4339
21112,6.2
21113,7.0
21114,7.0
21115,10.0
21116,8.3731
21117,8.8556
21118,7.1053
21119,7.6018
21120,7.75
21121,7.918
21122,7.5
21123,7.2595
21124,7.1667
21125,3.0
21126,7.9947
21127,5.0
21128,9.0256
21129,7.6018
21130,7.4746
21131,5.0
21132,7.2595
21133,9.0262
21134,9.0
21135,6.375
21136,7.0714
21137,5.5753
21138,7.75
21139,8.7778
21140,7.2903
21141,6.8333
21142,5.0752
21143,7.1667
21144,8.7091
21145,7.5505
21146,10.0
21147,9.3455
21148,7.5
21149,9.0262
21150,7.6018
21151,7.2258
21152,9.6216
21153,7.2595
21154,7.1689
21155,7.9
21156,10.0
21157,6.0226
21158,7.6667
21159,7.5476
21160,7.828
21161,7.125
21162,6.5
21163,7.6429
21164,7.5455
21165,7.6018
21166,8.5
21167,6.3514
21168,7.2143
21169,9.0
21170,7.6429
21171,9.0
21172,6.375
21173,5.0752
21174,7.9
21175,7.3571
21176,8.0
21177,7.6018
21178,7.6018
21179,5.2
21180,7.6667
21181,8.7029
21182,8.375
21183,9.5455
21184,7.815
21185,6.9444
21186,8.3333
21187,7.6
21188,7.0
21189,8.2109
21190,7.5
21191,8.1043
21192,6.5
21193,6.56
21194,7.5065
21195,8.3158
21196,7.8594
21197,7.2
21198,7.6018
21199,8.7029
21200,7.4167
21201,7.4688
21202,7.8333
21203,6.6154
21204,6.7143
21205,8.8556
21206,9.5455
21207,7.2595
21208,8.0
21209,5.6
21210,7.2941
21211,6.6667
21212,7.1579
21213,8.2019
21214,8.3778
21215,8.0
21216,7.8889
21217,7.3
21218,8.6719
21219,7.6018
21220,7.6018
21221,6.5862
21222,7.5065
21223,6.0
21224,9.0262
21225,6.0958
21226,7.75
21227,8.0
21228,7.6018
21229,8.0
21230,7.5
21231,7.4746
21232,7.5
21233,8.023
21234,7.6018
21235,7.6571
21236,8.0
21237,7.5
21238,6.3333
21239,7.6268
21240,6.3333
21241,8.0
21242,9.3455
21243,8.3382
21244,7.6018
21245,7.6018
21246,7.3333
21247,8.7048
21248,8.3382
21249,7.05
21250,8.25
21251,7.3523
21252,7.6018
21253,8.0
21254,8.9714
21255,7.25
21256,5.1355
21257,7.6667
21258,7.5
21259,7.2857
21260,5.1355
21261,5.4444
21262,7.6018
21263,7.6018
21264,4.0
21265,7.8889
21266,9.3455
21267,8.4
21268,7.4746
21269,7.9286
21270,8.873
21271,7.6018
21272,7.6018
21273,7.6018
21274,8.375
21275,8.8556
21276,8.5165
21277,6.8462
21278,6.0
21279,8.8556
21280,8.2222
21281,8.873
21282,8.6571
21283,7.815
21284,7.6018
21285,7.2595
21286,7.5333
21287,8.5
21288,9.6139
21289,7.5
21290,7.6018
21291,9.4841
21292,7.1039
21293,8.0
21294,10.0
21295,6.7358
21296,7.4054
21297,5.1
21298,7.3103
21299,5.0752
21300,7.885
21301,6.56
21302,8.1667
21303,7.7449
21304,6.8667
21305,7.6018
21306,5.0752
21307,7.53
21308,8.7029
21309,8.5
21310,7.9231
21311,6.9444
21312,8.05
21313,7.5
21314,9.0
21315,7.6018
21316,7.7762
21317,7.0
21318,8.1429
21319,7.6018
21320,10.0
21321,8.2
21322,7.2595
21323,6.7273
21324,7.6018
21325,7.5938
21326,6.3333
21327,7.1111
21328,9.6216
21329,7.6364
21330,6.0226
21331,7.6018
21332,7.5
21333,6.9737
21334,7.1455
21335,8.1111
21336,7.53
21337,5.5
21338,7.6667
21339,5.5753
21340,8.875
21341,6.6667
21342,8.25
21343,7.5
21344,7.4339
21345,6.5
21346,8.0
21347,7.6018
21348,9.3455
21349,7.8617
21350,7.0
21351,7.6923
21352,7.6018
21353,8.0
21354,8.5
21355,7.9375
21356,7.2846
21357,6.0226
21358,8.5753
21359,6.8
21360,7.2595
21361,7.2595
21362,7.6897
21363,8.25
21364,7.2595
21365,8.0
21366,6.8667
21367,7.4
21368,6.3333
21369,6.0
21370,5.8462
21371,8.0
21372,7.52
21373,7.2595
21374,8.8556
21375,7.2595
21376,8.8387
21377,7.6018
21378,7.6018
21379,7.5574
21380,9.0
21381,7.6018
21382,7.2595
21383,7.885
21384,8.5625
21385,7.2632
21386,6.2055
21387,8.5
21388,7.8125
21389,8.1875
21390,7.0
21391,7.9577
21392,7.0
21393,8.0333
21394,8.0714
21395,7.815
21396,5.75
21397,8.0
21398,10.0
21399,8.7091
21400,7.6018
21401,5.0
21402,6.1667
21403,6.75
21404,8.9714
21405,8.3382
21406,7.1689
21407,6.3333
21408,7.6923
21409,7.2857
21410,6.7
21411,7.2595
21412,7.8718
21413,7.7778
21414,7.0
21415,7.2595
21416,8.0
21417,8.3684
21418,8.8556
21419,5.1355
21420,7.2595
21421,6.8333
21422,5.5753
21423,7.6018
21424,7.6018
21425,5.8214
21426,6.9737
21427,7.6714
21428,7.25
21429,7.2595
21430,9.25
21431,5.0752
21432,7.6018
21433,5.0752
21434,8.2
21435,8.5
21436,8.5875
21437,7.0
21438,7.0
21439,7.7762
21440,9.3333
21441,7.5
21442,7.5
21443,5.5401
21444,7.1689
21445,7.6018
21446,7.0
21447,7.4545
21448,7.9947
21449,7.6018
21450,4.7059
21451,7.5882
21452,7.6018
21453,7.6018
21454,7.2595
21455,7.0
21456,7.2595
21457,7.6018
21458,8.5625
21459,8.1136
21460,7.6018
21461,7.0818
21462,8.3913
21463,5.1355
21464,8.8556
21465,6.8462
21466,7.1429
21467,8.0
21468,8.2019
21469,9.0227
21470,8.15
21471,5.881
21472,9.2
21473,7.0
21474,7.6018
21475,7.3404
21476,8.1111
21477,7.3523
21478,5.0752
21479,7.9565
21480,9.4878
21481,8.8065
21482,8.1111
21483,6.0
21484,8.2258
21485,8.1829
21486,7.3333
21487,9.4583
21488,5.0
21489,8.0
21490,7.8916
21491,10.0
21492,5.1355
21493,7.4286
21494,8.8556
21495,7.5339
21496,6.5
21497,7.0
21498,8.5714
21499,7.6018
21500,8.0
21501,7.5333
21502,7.6018
21503,7.6018
21504,8.4444
21505,7.6018
21506,7.7236
21507,9.0
21508,7.2
21509,9.0227
21510,7.5339
21511,7.7009
21512,4.0
21513,7.2595
21514,7.2595
21515,8.375
21516,7.6018
21517,9.1395
21518,7.8966
21519,7.5455
21520,8.0
21521,7.5254
21522,7.6018
21523,5.3333
21524,7.0
21525,7.53
21526,7.6018
21527,7.2595
21528,8.0
21529,7.5
21530,6.7328
21531,8.8556
21532,7.2595
21533,8.4
21534,7.6268
21535,8.0426
21536,6.5
21537,8.3971
21538,8.0
21539,6.7778
21540,9.3455
21541,7.4167
21542,6.6
21543,6.625
21544,4.75
21545,8.0
21546,8.8556
21547,8.0769
21548,7.3523
21549,9.75
21550,7.0
21551,8.1944
21552,8.2812
21553,10.0
21554,5.5
21555,9.1111
21556,8.8556
21557,7.9744
21558,7.3523
21559,7.6018
21560,8.7091
21561,7.5
21562,5.0752
21563,8.7903
21564,6.75
21565,7.6018
21566,4.0
21567,8.0094
21568,7.6018
21569,8.8556
21570,7.6018
21571,7.6018
21572,7.6018
21573,7.6018
21574,7.6018
21575,7.6018
21576,6.0
21577,7.6
21578,5.0752
21579,7.0833
21580,8.8556
21581,8.2676
21582,7.7009
21583,8.275
21584,8.7048
21585,7.0
21586,8.0
21587,10.0
21588,8.25
21589,7.6018
21590,6.25
21591,7.5882
21592,6.0
21593,7.6018
21594,7.2595
21595,7.5
21596,8.0
21597,7.6122
21598,7.9947
21599,7.6018
21600,5.5
21601,7.2595
21602,8.5
21603,7.5556
21604,7.0
21605,8.8556
21606,5.0
21607,9.0262
21608,7.6018
21609,9.3333
21610,5.0752
21611,7.6018
21612,7.6471
21613,8.25
21614,7.6268
21615,8.5769
21616,8.4545
21617,7.625
21618,8.16
21619,7.9947
21620,8.0
21621,7.1689
21622,6.5
21623,7.6018
21624,8.0238
21625,7.8333
21626,7.6018
21627,7.0
21628,10.0
21629,8.6571
21630,7.6018
21631,7.9091
21632,7.1667
21633,8.1829
21634,7.6018
21635,7.0
21636,9.4583
21637,7.25
21638,7.1667
21639,7.2595
21640,7.9091
21641,7.6018
21642,7.5065
21643,8.3333
21644,7.2243
21645,6.0
21646,7.2595
21647,6.0
21648,7.6018
21649,8.8556
21650,5.0
21651,6.7143
21652,7.6018
21653,5.5
21654,7.6018
21655,7.2595
21656,6.9583
21657,5.75
21658,8.0625
21659,7.6018
21660,7.5065
21661,7.6018
21662,7.4194
21663,5.95
21664,7.3913
21665,8.3953
21666,7.6018
21667,8.5
21668,8.1486
21669,7.2917
21670,9.0262
21671,10.0
21672,7.5278
21673,10.0
21674,6.0958
21675,7.6018
21676,7.6018
21677,7.1364
21678,7.2595
21679,7.6018
21680,7.3523
21681,7.6018
21682,7.5
21683,7.3158
21684,7.25
21685,8.5036
21686,8.5036
21687,7.2595
21688,9.2
21689,7.0818
21690,7.9452
21691,7.6018
21692,6.0958
21693,8.5556
21694,7.25
21695,8.75
21696,7.6018
21697,7.2857
21698,6.1
21699,7.6667
21700,8.5
21701,8.2105
21702,8.6667
21703,9.375
21704,6.0958
21705,7.6018
21706,7.2595
21707,7.2391
21708,9.0262
21709,8.1928
21710,6.8571
21711,8.8556
21712,7.3902
21713,4.5
21714,5.5401
21715,5.3636
21716,6.5429
21717,9.1176
21718,8.0
21719,8.0
21720,7.64
21721,6.0226
21722,7.375
21723,7.2595
21724,7.2595
21725,7.6018
21726,5.0752
21727,7.6018
21728,8.0
21729,9.3455
21730,7.2595
21731,8.8556
21732,5.0
21733,8.5036
21734,7.6018
21735,7.2595
21736,7.6268
21737,10.0
21738,5.0
21739,7.4286
21740,7.125
21741,7.3333
21742,7.2595
21743,7.1613
21744,7.9744
21745,8.8556
21746,5.25
21747,7.1667
21748,7.2595
21749,5.1355
21750,6.1429
21751,5.0
21752,8.75
21753,6.8333
21754,8.2128
21755,7.9947
21756,5.6667
21757,8.8556
21758,9.7
21759,7.6
21760,8.9905
21761,6.7358
21762,7.5065
21763,9.4841
21764,7.6018
21765,7.375
21766,5.1355
21767,8.8556
21768,7.0
21769,7.6018
21770,5.1355
21771,7.0
21772,7.6018
21773,7.3148
21774,8.0625
21775,8.2692
21776,8.0
21777,7.6018
21778,7.8333
21779,7.6018
21780,7.9947
21781,7.6018
21782,7.2595
21783,8.0667
21784,6.7
21785,6.9231
21786,5.881
21787,7.6018
21788,6.7778
21789,9.0262
21790,6.7917
21791,7.6268
21792,8.0
21793,7.3523
21794,7.6018
21795,7.2595
21796,7.4
21797,7.3333
21798,8.7029
21799,7.5
21800,8.8556
21801,8.2676
21802,8.375
21803,7.6429
21804,4.9189
21805,7.6087
21806,7.2
21807,8.0625
21808,7.6667
21809,8.541
21810,7.2595
21811,8.3333
21812,7.2595
21813,6.25
21814,8.3333
21815,8.0
21816,8.2019
21817,7.875
21818,8.5
21819,8.7619
21820,7.6667
21821,6.0
21822,7.3333
21823,7.6018
21824,6.5
21825,7.3333
21826,9.1111
21827,10.0
21828,7.5065
21829,8.8333
21830,7.6018
21831,7.2595
21832,7.6018
21833,10.0
21834,7.7009
21835,5.8529
21836,6.6842
21837,8.0714
21838,8.6667
21839,5.1538
21840,8.023
21841,7.815
21842,5.8519
21843,9.125
21844,7.6018
21845,7.2595
21846,7.2258
21847,7.375
21848,8.5294
21849,5.75
21850,8.5
21851,7.2429
21852,5.0752
21853,7.6018
21854,8.2105
21855,7.9947
21856,8.3333
21857,7.0
21858,7.5
21859,7.0
21860,7.5938
21861,7.2595
21862,7.3333
21863,5.75
21864,7.6087
21865,8.2368
21866,7.1463
21867,9.9643
21868,9.0262
21869,7.6018
21870,8.45
21871,7.1212
21872,7.1818
21873,7.4286
21874,7.069
21875,8.875
21876,8.7091
21877,6.3333
21878,5.5401
21879,8.1829
21880,7.3523
21881,8.1111
21882,9.0
21883,7.9577
21884,7.6018
21885,7.5
21886,7.2595
21887,7.2846
21888,7.7778
21889,7.6018
21890,7.6018
21891,7.6018
21892,7.2595
21893,7.2941
21894,8.1486
21895,7.6018
21896,7.6018
21897,8.1429
21898,8.3731
21899,7.6018
21900,7.3148
21901,6.5
21902,7.5339
21903,7.1429
21904,7.1667
21905,9.0
21906,7.6018
21907,7.7429
21908,6.4348
21909,8.4615
21910,7.6
21911,7.0
21912,8.8556
21913,8.0
21914,4.4
21915,7.6018
21916,7.1212
21917,7.3333
21918,7.2595
21919,6.7403
21920,7.5065
21921,8.8889
21922,8.0
21923,5.0
21924,8.6176
21925,7.6018
21926,7.0
21927,5.5401
21928,7.1818
21929,7.6018
21930,7.6018
21931,7.6018
21932,6.7778
21933,7.6018
21934,7.8941
21935,8.1111
21936,6.0
21937,1.0
21938,4.0
21939,5.1385
21940,8.2857
21941,8.375
21942,7.2595
21943,7.75
21944,7.6018
21945,6.5625
21946,6.0226
21947,7.58
21948,7.6897
21949,7.3333
21950,7.8333
21951,8.2222
21952,8.9714
21953,7.6018
21954,7.0
21955,5.5
21956,8.5
21957,6.6842
21958,7.3523
21959,7.5065
21960,6.2
21961,8.2676
21962,7.9559
21963,7.5952
21964,8.1111
21965,7.6018
21966,7.6018
21967,8.0
21968,7.9231
21969,9.0
21970,8.1852
21971,6.7328
21972,7.2595
21973,7.0
21974,7.6018
21975,7.6018
21976,7.5
21977,7.75
21978,8.1277
21979,7.625
21980,9.0256
21981,7.7971
21982,8.58
21983,7.6018
21984,7.069
21985,7.6018
21986,7.8966
21987,9.2222
21988,8.0
21989,8.8556
21990,9.4583
21991,8.375
21992,7.2595
21993,8.1579
21994,7.6018
21995,7.6018
21996,8.1976
21997,7.625
21998,6.8333
21999,7.2595
22000,7.2595
22001,8.8556
22002,5.0752
22003,8.0
22004,7.6018
22005,7.2
22006,7.0818
22007,6.6364
22008,8.2368
22009,7.6018
22010,7.8824
22011,7.5
22012,7.2595
22013,7.7236
22014,8.6667
22015,7.815
22016,10.0
22017,8.0
22018,8.2353
22019,5.0
22020,8.25
22021,7.125
22022,7.2595
22023,8.4444
22024,5.0
22025,7.2595
22026,7.6667
22027,7.0
22028,10.0
22029,7.3333
22030,8.1429
22031,9.4841
22032,9.3832
22033,6.6875
22034,7.6018
22035,7.3333
22036,8.1538
22037,7.6018
22038,7.375
22039,7.2595
22040,8.8556
22041,7.8333
22042,7.55
22043,7.4286
22044,6.6316
22045,7.6667
22046,7.6018
22047,8.0
22048,5.5753
22049,7.2595
22050,8.1667
22051,7.5
22052,9.2105
22053,7.6667
22054,8.3333
22055,5.75
22056,7.0
22057,6.0
22058,7.0818
22059,6.0
22060,8.1875
22061,9.0
22062,7.6018
22063,5.8214
22064,6.1034
22065,8.25
22066,9.0
22067,6.7403
22068,7.2595
22069,6.5238
22070,7.6
22071,8.6667
22072,5.1355
22073,7.2857
22074,8.25
22075,7.5339
22076,7.2595
22077,9.2381
22078,5.8529
22079,5.0752
22080,8.1852
22081,7.6018
22082,8.9403
22083,7.6018
22084,9.6667
22085,8.8556
22086,8.1429
22087,6.7619
22088,7.6667
22089,7.2595
22090,7.5065
22091,8.9315
22092,6.0
22093,7.6018
22094,5.0752
22095,7.7778
22096,5.0
22097,7.6018
22098,8.125
22099,7.918
22100,8.8556
22101,7.25
22102,7.6018
22103,5.6154
22104,8.0588
22105,8.4
22106,8.2
22107,8.7805
22108,7.5
22109,9.4878
22110,7.6809
22111,7.6575
22112,6.0303
22113,6.8689
22114,7.5065
22115,8.25
22116,8.3684
22117,7.9947
22118,7.6018
22119,9.0
22120,7.7009
22121,7.4848
22122,8.6567
22123,5.0
22124,6.5769
22125,6.1111
22126,9.0
22127,8.1852
22128,8.8302
22129,7.6018
22130,6.6214
22131,9.4878
22132,7.6018
22133,8.1852
22134,7.2595
22135,7.2595
22136,7.2595
22137,8.1429
22138,7.52
22139,7.1689
22140,7.1689
22141,7.3333
22142,9.4615
22143,7.0577
22144,7.6018
22145,7.6018
22146,7.9
22147,4.0
22148,6.5
22149,5.0
22150,6.1765
22151,6.4667
22152,6.5
22153,5.5
22154,7.2595
22155,7.3
22156,7.6018
22157,7.3158
22158,7.6018
22159,7.0476
22160,6.6667
22161,5.0752
22162,6.8
22163,6.5
22164,4.0
22165,7.6018
22166,8.8556
22167,8.7048
22168,8.0
22169,9.0
22170,8.8333
22171,7.9091
22172,6.7778
22173,7.2857
22174,7.7188
22175,6.3514
22176,9.0262
22177,8.0
22178,8.2222
22179,7.2595
22180,6.7374
22181,6.1667
22182,7.75
22183,7.6018
22184,7.25
22185,8.1053
22186,7.0
22187,7.1455
22188,7.6018
22189,9.4839
22190,5.0
22191,8.5036
22192,7.6018
22193,7.0
22194,8.8462
22195,5.0
22196,8.5
22197,6.5
22198,7.55
22199,8.2019
22200,9.0
22201,9.4583
22202,7.6018
22203,5.0752
22204,7.9412
22205,7.6018
22206,6.0226
22207,7.6018
22208,8.8065
22209,8.8556
22210,8.7404
22211,7.5065
22212,7.6018
22213,8.5833
22214,8.5
22215,6.8
22216,6.0958
22217,7.6018
22218,7.7009
22219,7.6018
22220,8.541
22221,6.5294
22222,9.0
22223,8.0
22224,8.8556
22225,7.7762
22226,7.7115
22227,8.25
22228,8.1944
22229,7.0
22230,7.05
22231,9.1667
22232,6.375
22233,8.8556
22234,8.8556
22235,8.1928
22236,8.0
22237,8.7029
22238,7.2
22239,7.2595
22240,5.0752
22241,9.4545
22242,7.15
22243,7.6018
22244,8.3333
22245,6.6
22246,7.125
22247,7.6018
22248,8.3333
22249,8.8556
22250,6.6
22251,9.2
22252,8.2109
22253,6.5
22254,6.3
22255,6.5
22256,7.6018
22257,7.3333
22258,7.1212
22259,7.2595
22260,7.8723
22261,7.6018
22262,7.6667
22263,7.5714
22264,8.8556
22265,8.873
22266,8.5036
22267,7.6018
22268,6.9091
22269,7.4375
22270,7.0484
22271,7.0
22272,9.3455
22273,9.6216
22274,7.815
22275,7.6018
22276,9.0
22277,7.2595
22278,5.5401
22279,7.0
22280,9.28
22281,5.0752
22282,8.3333
22283,6.1071
22284,7.0
22285,8.2353
22286,7.6018
22287,7.6018
22288,8.6571
22289,7.5
22290,8.3333
22291,7.6
22292,7.6018
22293,6.4
22294,6.1111
22295,7.6018
22296,7.2595
22297,7.875
22298,7.5417
22299,6.56
22300,8.2857
22301,6.0226
22302,9.3333
22303,7.8431
22304,8.4667
22305,8.9403
22306,7.6018
22307,7.6087
22308,8.1818
22309,7.5065
22310,6.6957
22311,5.0752
22312,8.8889
22313,9.0
22314,7.8
22315,8.5714
22316,8.037
22317,7.5065
22318,8.375
22319,7.087
22320,8.8556
22321,8.2778
22322,8.2727
22323,9.16
22324,9.1667
22325,7.1463
22326,6.0
22327,7.7762
22328,7.9
22329,8.9403
22330,6.2
22331,8.303
22332,7.5
22333,6.0
22334,7.2595
22335,7.2595
22336,6.7358
22337,8.2019
22338,8.3571
22339,7.3333
22340,5.6667
22341,7.5254
22342,7.9286
22343,5.1385
22344,6.0556
22345,6.1667
22346,6.4348
22347,7.6018
22348,6.4074
22349,7.4339
22350,7.2917
22351,7.2595
22352,6.88
22353,8.8
22354,7.55
22355,7.2595
22356,7.6364
22357,8.1955
22358,6.875
22359,5.0
22360,7.6018
22361,6.3333
22362,7.6018
22363,8.0
22364,7.2846
22365,4.9189
22366,7.5
22367,7.1579
22368,5.0
22369,7.6667
22370,5.5753
22371,7.2595
22372,5.65
22373,6.1429
22374,7.0
22375,7.6018
22376,6.3786
22377,9.4839
22378,6.9375
22379,8.1667
22380,8.8387
22381,7.069
22382,7.2595
22383,7.6018
22384,6.7358
22385,8.4286
22386,8.8556
22387,7.2595
22388,8.2128
22389,7.2368
22390,6.2727
22391,7.9452
22392,9.5
22393,8.4
22394,10.0
22395,6.3333
22396,7.2595
22397,7.6018
22398,7.2595
22399,5.5401
22400,8.6842
22401,7.9545
22402,7.8916
22403,7.5
22404,7.3973
22405,7.6018
22406,5.25
22407,7.8889
22408,7.7429
22409,7.0
22410,9.0
22411,7.6018
22412,6.75
22413,7.9577
22414,7.2857
22415,7.3523
22416,7.0577
22417,6.7328
22418,7.6018
22419,8.0
22420,5.8077
22421,7.3846
22422,8.5036
22423,8.3382
22424,7.6018
22425,9.0
22426,8.0
22427,8.5036
22428,7.6018
22429,7.75
22430,8.6567
22431,7.875
22432,7.9677
22433,7.6018
22434,9.0
22435,8.8556
22436,7.2222
22437,7.2595
22438,8.1852
22439,6.5
22440,6.6667
22441,7.5833
22442,6.0
22443,7.6018
22444,8.1875
22445,6.6923
22446,9.1111
22447,7.6018
22448,7.2595
22449,7.1429
22450,7.5556
22451,7.0
22452,7.6018
22453,7.5
22454,8.6316
22455,8.2353
22456,7.6944
22457,7.0
22458,8.8556
22459,8.8556
22460,8.1579
22461,7.2
22462,7.4444
22463,8.3971
22464,6.6667
22465,5.0752
22466,7.75
22467,6.5
22468,6.6
22469,7.875
22470,9.6
22471,8.1667
22472,5.125
22473,8.0
22474,7.5714
22475,5.7143
22476,8.6719
22477,9.75
22478,8.6667
22479,5.8214
22480,8.7029
22481,6.3786
22482,8.5909
22483,2.75
22484,9.0
22485,7.1689
22486,6.0958
22487,6.6923
22488,7.7009
22489,6.3333
22490,7.1667
22491,7.3796
22492,7.5339
22493,6.7619
22494,7.4421
22495,8.4118
22496,7.75
22497,10.0
22498,6.7917
22499,7.2595
22500,6.8889
22501,7.0
22502,7.6667
22503,8.0
22504,7.4167
22505,7.3158
22506,4.7059
22507,6.0
22508,8.1829
22509,5.5
22510,7.3523
22511,7.5
22512,7.5
22513,7.6268
22514,7.9
22515,8.0833
22516,8.375
22517,5.75
22518,9.1081
22519,7.2429
22520,7.4339
22521,5.0752
22522,7.9947
22523,7.2595
22524,5.0
22525,8.8125
22526,7.6944
22527,6.7581
22528,8.8556
22529,5.6667
22530,7.0769
22531,8.5
22532,5.25
22533,7.6018
22534,8.0294
22535,6.3333
22536,6.9688
22537,7.125
22538,7.2595
22539,5.0
22540,7.2595
22541,9.1395
22542,7.2143
22543,7.6268
22544,8.8556
22545,6.3333
22546,7.2595
22547,8.1486
22548,9.0
22549,7.58
22550,8.4091
22551,10.0
22552,8.0556
22553,8.1829
22554,6.8
22555,7.6018
22556,6.4921
22557,8.0
22558,8.8556
22559,8.0
22560,7.5714
22561,7.9667
22562,7.6018
22563,8.0
22564,7.6018
22565,8.0
22566,7.9
22567,7.3182
22568,7.2595
22569,7.2595
22570,7.4583
22571,8.9905
22572,6.7129
22573,8.0
22574,7.0769
22575,7.5505
22576,6.16
22577,8.0
22578,7.0
22579,7.6018
22580,9.6216
22581,8.023
22582,7.6
22583,7.6018
22584,7.6018
22585,6.0
22586,7.2243
22587,7.2174
22588,6.4074
22589,8.5
22590,6.9667
22591,7.3973
22592,8.6579
22593,7.9947
22594,7.1212
22595,8.9905
22596,7.0
22597,5.1355
22598,7.6018
22599,8.5036
22600,7.6018
22601,8.8556
22602,7.8916
22603,3.0
22604,8.2
22605,7.3523
22606,5.5753
22607,9.6139
22608,9.0262
22609,9.0
22610,5.0
22611,7.6018
22612,10.0
22613,8.0
22614,9.4632
22615,8.88
22616,8.7029
22617,7.6897
22618,7.5505
22619,7.6667
22620,8.6667
22621,7.6018
22622,6.7403
22623,7.2595
22624,7.5065
22625,7.7449
22626,8.2353
22627,7.8431
22628,7.6018
22629,7.0
22630,8.4444
22631,7.0
22632,7.75
22633,8.0
22634,7.2595
22635,9.0
22636,9.0
22637,6.6
22638,7.5065
22639,7.0
22640,7.2595
22641,7.6667
22642,5.1385
22643,7.828
22644,6.2222
22645,8.0238
22646,7.7009
22647,7.6018
22648,8.7903
22649,7.6018
22650,7.6018
22651,8.3953
22652,7.6018
22653,7.5065
22654,7.6757
22655,7.4421
22656,9.8571
22657,7.3148
22658,7.9947
22659,8.4
22660,7.6667
22661,5.8529
22662,9.5
22663,7.3333
22664,7.3
22665,7.8617
22666,9.3333
22667,6.7273
22668,7.5574
22669,5.3333
22670,5.0
22671,4.5455
22672,10.0
22673,5.1355
22674,5.25
22675,8.25
22676,5.0
22677,7.5065
22678,5.8667
22679,8.1955
22680,6.8377
22681,7.4444
22682,8.2812
22683,7.1579
22684,7.2595
22685,8.8302
22686,9.1176
22687,8.3971
22688,7.6018
22689,6.5
22690,8.4545
22691,8.5036
22692,10.0
22693,8.1667
22694,7.2595
22695,9.3158
22696,7.3103
22697,7.6018
22698,7.2595
22699,9.3158
22700,8.5
22701,9.6139
22702,7.1111
22703,5.1355
22704,9.0
22705,7.125
22706,8.4
22707,8.8556
22708,6.7
22709,8.7029
22710,7.1
22711,6.0
22712,7.2595
22713,7.8889
22714,7.2595
22715,8.8958
22716,9.0
22717,8.2353
22718,7.5254
22719,7.2595
22720,6.9091
22721,8.8556
22722,5.8077
22723,7.6268
22724,7.2595
22725,7.2857
22726,6.6667
22727,7.8333
22728,9.0262
22729,6.0
22730,9.0
22731,9.3455
22732,8.5
22733,7.5
22734,7.6018
22735,6.0
22736,7.2258
22737,10.0
22738,8.8556
22739,10.0
22740,7.2595
22741,9.0262
22742,8.0
22743,7.3973
22744,8.75
22745,7.6667
22746,5.1355
22747,8.2676
22748,5.0
22749,7.2595
22750,6.0
22751,7.375
22752,7.9231
22753,8.0
22754,8.5556
22755,5.7778
22756,7.6018
22757,6.5
22758,8.8556
22759,8.0
22760,7.7236
22761,5.9825
22762,7.828
22763,7.6018
22764,7.6018
22765,7.6018
22766,8.9714
22767,7.7143
22768,8.0
22769,7.6018
22770,5.8667
22771,7.6018
22772,7.1667
22773,9.6
22774,8.2128
22775,9.3333
22776,8.2
22777,8.1852
22778,7.2595
22779,9.3158
22780,7.6018
22781,6.6667
22782,7.3973
22783,8.5
22784,8.3333
22785,7.6018
22786,8.0
22787,6.0
22788,9.6667
22789,6.9333
22790,5.4074
22791,7.4167
22792,7.6018
22793,7.7778
22794,8.5714
22795,7.7778
22796,8.2109
22797,7.5
22798,6.8333
22799,8.5833
22800,7.6575
22801,9.55
22802,7.6944
22803,9.9643
22804,8.96
22805,5.0752
22806,8.5
22807,5.8214
22808,8.0
22809,6.2
22810,6.875
22811,4.9189
22812,8.3333
22813,7.6471
22814,6.5
22815,8.5
22816,7.5339
22817,8.1944
22818,7.6018
22819,6.7143
22820,8.8556
22821,5.0
22822,7.0577
22823,9.8182
22824,7.6018
22825,7.6018
22826,7.6018
22827,8.9167
22828,6.7358
22829,8.5
22830,7.9091
22831,9.0
22832,8.3714
22833,7.2595
22834,6.0958
22835,6.375
22836,7.6018
22837,8.75
22838,8.8556
22839,7.6018
22840,7.2595
22841,8.58
22842,7.0769
22843,5.25
22844,7.6018
22845,7.5476
22846,8.122
22847,6.6667
22848,7.6018
22849,8.0
22850,9.8667
22851,8.8556
22852,7.6018
22853,8.8556
22854,7.9947
22855,7.8108
22856,7.25
22857,7.6018
22858,7.6018
22859,7.8
22860,8.5
22861,7.2595
22862,6.75
22863,6.5
22864,7.6268
22865,9.0
22866,8.1829
22867,7.6018
22868,7.913
22869,7.2595
22870,8.8556
22871,8.2353
22872,8.2676
22873,8.0
22874,7.6018
22875,8.25
22876,7.5758
22877,7.1689
22878,7.15
22879,6.9655
22880,7.6018
22881,7.2595
22882,7.0
22883,7.0
22884,7.6018
22885,5.7692
22886,7.7105
22887,7.6018
22888,5.0752
22889,6.7374
22890,5.1355
22891,5.8462
22892,8.2019
22893,7.2391
22894,7.8941
22895,7.5505
22896,6.6667
22897,7.2595
22898,7.6268
22899,8.7222
22900,8.8556
22901,8.5036
22902,7.3158
22903,8.5
22904,7.6018
22905,7.1455
22906,7.0
22907,8.8556
22908,6.7143
22909,7.1429
22910,6.5
22911,7.9286
22912,7.8333
22913,8.5833
22914,8.0
22915,7.64
22916,7.8333
22917,7.2595
22918,7.0
22919,8.3333
22920,9.0
22921,7.2595
22922,7.6018
22923,9.3158
22924,8.0
22925,8.2128
22926,7.5476
22927,7.9565
22928,7.2595
22929,8.8125
22930,7.1026
22931,7.087
22932,7.9
22933,8.8889
22934,6.25
22935,6.5161
22936,7.6018
22937,8.7143
22938,6.7129
22939,7.3913
22940,10.0
22941,6.9091
22942,6.8377
22943,6.8377
22944,9.4444
22945,8.8556
22946,7.885
22947,7.2595
22948,8.58
22949,7.6018
22950,8.7029
22951,7.828
22952,10.0
22953,8.8556
22954,7.2595
22955,5.1355
22956,7.2595
22957,6.4
22958,6.6214
22959,7.1689
22960,6.1667
22961,7.5333
22962,8.275
22963,7.3523
22964,7.3333
22965,7.75
22966,6.3333
22967,7.25
22968,8.8556
22969,9.0
22970,9.0262
22971,9.4839
22972,5.3333
22973,8.3
22974,7.9524
22975,8.3649
22976,5.0
22977,9.25
22978,8.1976
22979,5.0
22980,6.375
22981,7.0
22982,8.5
22983,7.6018
22984,7.0
22985,7.6018
22986,5.0
22987,8.8556
22988,7.0
22989,8.2667
22990,8.931
22991,7.2595
22992,7.375
22993,6.8889
22994,7.76
22995,8.1043
22996,5.0752
22997,7.2595
22998,7.2595
22999,9.3158
23000,7.5505
23001,7.9947
23002,7.1026
23003,6.25
23004,7.2595
23005,5.0
23006,7.6018
23007,7.2595
23008,7.6018
23009,7.6018
23010,7.0
23011,8.0
23012,7.815
23013,7.4151
23014,6.0226
23015,7.2595
23016,8.0238
23017,9.3455
23018,5.2
23019,8.0
23020,7.9452
23021,8.1955
23022,5.8519
23023,8.0
23024,7.5472
23025,7.4
23026,7.5574
23027,9.0
23028,7.2595
23029,7.6018
23030,5.0752
23031,7.6018
23032,5.0
23033,8.2676
23034,7.2595
23035,6.0
23036,5.8571
23037,8.0
23038,8.0
23039,8.5
23040,9.3455
23041,8.0
23042,8.75
23043,7.3973
23044,6.2778
23045,8.25
23046,8.2857
23047,7.5065
23048,9.3333
23049,7.2595
23050,7.0
23051,7.6018
23052,8.4444
23053,6.3514
23054,7.5
23055,7.6364
23056,8.5667
23057,9.1429
23058,7.6667
23059,9.3455
23060,9.134
23061,5.0
23062,8.8387
23063,7.6018
23064,6.25
23065,5.0752
23066,7.2857
23067,8.4091
23068,8.5556
23069,6.8333
23070,7.4339
23071,8.0625
23072,8.1486
23073,7.6268
23074,7.4
23075,8.2105
23076,8.1944
23077,6.9091
23078,7.1111
23079,6.5
23080,4.5
23081,8.0667
23082,7.2909
23083,7.2595
23084,9.1395
23085,7.6018
23086,6.0
23087,7.3333
23088,7.5
23089,7.6018
23090,7.0
23091,7.7
23092,7.6018
23093,6.8377
23094,9.2
23095,8.6667
23096,9.0
23097,8.0
23098,7.6018
23099,6.2143
23100,7.6018
23101,7.75
23102,7.9565
23103,7.815
23104,7.6018
23105,7.4375
23106,7.5938
23107,8.1111
23108,7.9143
23109,7.2595
23110,7.2595
23111,8.7692
23112,9.0
23113,7.6018
23114,9.0
23115,7.6018
23116,8.1818
23117,8.122
23118,8.7368
23119,9.0
23120,8.8556
23121,7.6667
23122,7.8617
23123,7.2595
23124,6.75
23125,8.0426
23126,7.6667
23127,8.023
23128,8.1053
23129,8.0
23130,7.53
23131,8.5753
23132,7.4074
23133,8.7222
23134,6.7129
23135,7.3523
23136,8.8556
23137,8.1579
23138,8.8571
23139,8.8235
23140,8.1579
23141,6.5833
23142,7.1455
23143,7.5714
23144,8.2353
23145,4.6667
23146,7.6018
23147,5.5
23148,6.5
23149,6.7129
23150,8.0
23151,7.6018
23152,6.6364
23153,9.3832
23154,5.3333
23155,8.8556
23156,7.0
23157,6.7403
23158,9.75
23159,8.8302
23160,7.2857
23161,6.9556
23162,7.6018
23163,7.1667
23164,7.2595
23165,7.6018
23166,6.7328
23167,6.4
23168,8.8556
23169,7.0
23170,7.6923
23171,7.6018
23172,6.4286
23173,7.2
23174,7.8571
23175,4.0
23176,7.6018
23177,7.45
23178,7.2595
23179,7.7236
23180,7.7449
23181,8.0
23182,10.0
23183,7.6
23184,6.7581
23185,7.0
23186,6.8125
23187,8.5818
23188,7.2857
23189,7.9273
23190,7.5
23191,7.3796
23192,7.6018
23193,7.0
23194,8.7029
23195,7.6018
23196,9.0
23197,7.2595
23198,7.0
23199,9.0
23200,7.2595
23201,7.0
23202,8.8667
23203,10.0
23204,8.0
23205,6.25
23206,6.1071
23207,7.5476
23208,5.0
23209,7.4828
23210,8.0
23211,8.1277
23212,9.1429
23213,8.0
23214,8.8333
23215,7.9
23216,7.6018
23217,6.8571
23218,7.75
23219,7.4421
23220,7.375
23221,6.6214
23222,6.25
23223,7.8
23224,7.0882
23225,7.7009
23226,8.8556
23227,7.3793
23228,5.8519
23229,9.3158
23230,9.125
23231,7.8947
23232,9.2857
23233,7.6018
23234,8.4091
23235,7.0
23236,8.2105
23237,8.8556
23238,7.3333
23239,7.885
23240,9.0
23241,7.3333
23242,7.5
23243,6.3333
23244,7.6018
23245,7.3846
23246,6.0
23247,9.0
23248,8.6579
23249,7.6757
23250,7.2595
23251,7.5714
23252,6.6
23253,8.7029
23254,7.0
23255,7.6875
23256,8.375
23257,7.5
23258,7.9947
23259,5.1
23260,7.2595
23261,8.8556
23262,7.1689
23263,7.3478
23264,6.7917
23265,6.0226
23266,8.7029
23267,8.122
23268,7.0
23269,8.1
23270,8.7692
23271,7.6018
23272,7.9167
23273,7.4286
23274,6.6667
23275,7.6018
23276,6.4
23277,8.8556
23278,8.1786
23279,10.0
23280,7.2595
23281,5.7143
23282,8.0094
23283,7.7009
23284,6.8689
23285,7.5065
23286,8.3
23287,7.6
23288,8.0294
23289,7.8
23290,6.5
23291,7.2391
23292,6.1429
23293,7.2595
23294,9.0262
23295,5.0752
23296,7.9947
23297,5.25
23298,9.0
23299,6.75
23300,7.8812
23301,8.0385
23302,6.0958
23303,7.7838
23304,7.2595
23305,7.6018
23306,7.0
23307,9.0
23308,7.9947
23309,7.3333
23310,6.9231
23311,7.6018
23312,8.1053
23313,7.6018
23314,8.283
23315,7.7762
23316,5.0752
23317,7.6429
23318,8.9091
23319,9.28
23320,8.0
23321,9.3832
23322,7.2368
23323,7.2595
23324,6.4
23325,8.7143
23326,7.6018
23327,8.3971
23328,6.0
23329,8.418
23330,8.2353
23331,6.6667
23332,7.1689
23333,7.5065
23334,7.3523
23335,7.3929
23336,7.6018
23337,7.7971
23338,7.5065
23339,6.8333
23340,7.2595
23341,8.9403
23342,7.6018
23343,8.1976
23344,8.3731
23345,6.5
23346,8.0
23347,8.45
23348,7.0294
23349,7.2595
23350,6.5
23351,7.0345
23352,6.0667
23353,7.0
23354,9.0
23355,8.0455
23356,6.6885
23357,8.8333
23358,7.9947
23359,8.2019
23360,7.75
23361,8.88
23362,7.6018
23363,7.1429
23364,7.0
23365,9.0
23366,7.6018
23367,8.5036
23368,7.3523
23369,6.7
23370,9.5
23371,7.2595
23372,7.5
23373,8.48
23374,8.5333
23375,6.0958
23376,8.4286
23377,9.55
23378,8.7404
23379,8.6567
23380,6.0226
23381,8.7404
23382,9.4632
23383,5.1355
23384,8.8556
23385,6.9143
23386,8.6567
23387,6.8333
23388,7.6
23389,7.6429
23390,8.8556
23391,7.5505
23392,8.0
23393,6.4286
23394,8.1829
23395,5.1385
23396,7.6018
23397,8.7029
23398,7.6018
23399,7.8
23400,7.7762
23401,7.6018
23402,6.56
23403,9.0
23404,8.4444
23405,7.4
23406,7.0
23407,7.6018
23408,9.3455
23409,7.2595
23410,7.53
23411,10.0
23412,7.2595
23413,7.7778
23414,5.5
23415,7.75
23416,7.2595
23417,8.8556
23418,8.7091
23419,9.2
23420,8.8556
23421,7.2595
23422,5.65
23423,5.5753
23424,9.0
23425,7.1429
23426,7.6018
23427,7.6
23428,6.5
23429,9.3333
23430,8.0
23431,7.6944
23432,8.5882
23433,7.2595
23434,7.4339
23435,9.5
23436,7.9444
23437,8.8556
23438,9.3455
23439,8.2222
23440,7.6018
23441,7.5
23442,5.0752
23443,8.2222
23444,7.8077
23445,7.6018
23446,8.0
23447,7.6018
23448,8.4286
23449,7.5065
23450,5.0
23451,7.2595
23452,7.0
23453,6.75
23454,6.0
23455,6.2
23456,8.5
23457,6.7358
23458,8.1955
23459,7.4824
23460,7.3333
23461,8.7368
23462,6.3846
23463,6.6667
23464,8.4634
23465,10.0
23466,7.2595
23467,5.1355
23468,6.1875
23469,7.828
23470,7.8333
23471,6.7403
23472,7.6
23473,7.6429
23474,8.8462
23475,7.2595
23476,7.3333
23477,7.6667
23478,7.2595
23479,5.3333
23480,7.6923
23481,8.4545
23482,5.0752
23483,7.4167
23484,7.1667
23485,8.8556
23486,8.0
23487,7.8889
23488,7.2595
23489,7.4421
23490,6.7403
23491,8.7029
23492,6.88
23493,8.9565
23494,7.2595
23495,9.1429
23496,5.0752
23497,7.6667
23498,7.6018
23499,7.1429
23500,7.2846
23501,7.6018
23502,6.8182
23503,8.1043
23504,8.6552
23505,7.5278
23506,8.0
23507,7.6018
23508,6.4074
23509,6.125
23510,7.0
23511,9.0227
23512,8.0
23513,9.3662
23514,7.5
23515,5.875
23516,7.2595
23517,7.1689
23518,6.0
23519,7.2595
23520,7.1455
23521,8.0755
23522,6.8571
23523,8.6
23524,7.2595
23525,7.2595
23526,7.2595
23527,9.0
23528,6.5238
23529,7.2595
23530,8.2353
23531,6.16
23532,6.75
23533,7.6018
23534,9.3662
23535,7.2595
23536,8.023
23537,7.3796
23538,8.1429
23539,8.6667
23540,5.5
23541,7.5476
23542,5.0752
23543,7.9118
23544,8.8556
23545,8.7091
23546,8.4375
23547,7.8
23548,7.6018
23549,7.2595
23550,7.6714
23551,7.4821
23552,7.4091
23553,9.0
23554,8.6842
23555,7.6018
23556,6.25
23557,8.8727
23558,8.4
23559,8.2109
23560,5.9286
23561,6.4
23562,5.0
23563,6.7403
23564,7.2595
23565,8.0588
23566,6.0226
23567,5.0
23568,5.6
23569,7.2595
23570,8.0
23571,8.4906
23572,7.6018
23573,7.6944
23574,7.7762
23575,8.0
23576,6.9667
23577,8.7091
23578,7.6018
23579,6.4921
23580,9.0
23581,7.0
23582,6.4
23583,7.125
23584,7.3523
23585,8.6
23586,5.0752
23587,7.4421
23588,7.2595
23589,7.2595
23590,8.5875
23591,8.8
23592,9.3455
23593,7.6018
23594,7.6018
23595,7.0
23596,7.3514
23597,7.1429
23598,6.0
23599,8.4
23600,8.6111
23601,8.5
23602,8.5
23603,8.8667
23604,6.7328
23605,8.1667
23606,7.6018
23607,9.5
23608,6.6
23609,8.8556
23610,6.2055
23611,8.5
23612,8.5036
23613,7.5476
23614,8.8556
23615,7.6018
23616,8.0
23617,5.5753
23618,7.8889
23619,9.8571
23620,7.8
23621,7.6018
23622,7.2595
23623,8.1053
23624,8.4286
23625,7.6018
23626,8.8556
23627,7.6018
23628,8.8556
23629,7.2595
23630,9.4583
23631,9.16
23632,7.2595
23633,9.375
23634,9.1481
23635,7.5065
23636,7.5965
23637,7.5065
23638,8.48
23639,7.6018
23640,8.9315
23641,5.0752
23642,7.6018
23643,8.7805
23644,5.1355
23645,7.2595
23646,8.0833
23647,7.6018
23648,7.6018
23649,9.0262
23650,7.7143
23651,6.5
23652,7.2595
23653,7.1429
23654,7.5505
23655,6.5714
23656,7.8889
23657,5.0752
23658,8.4906
23659,8.1043
23660,8.1486
23661,7.0
23662,7.7971
23663,8.7903
23664,9.3832
23665,8.8556
23666,6.9688
23667,7.2143
23668,8.2019
23669,5.5
23670,7.2595
23671,9.0
23672,7.6018
23673,9.2222
23674,7.375
23675,7.6
23676,7.2595
23677,7.5065
23678,7.2595
23679,7.2595
23680,7.3462
23681,8.4
23682,7.6018
23683,7.2243
23684,8.25
23685,7.2595
23686,9.0
23687,6.3786
23688,7.1689
23689,8.8556
23690,6.8
23691,8.3953
23692,8.5036
23693,2.0
23694,4.5
23695,7.3846
23696,6.7778
23697,5.6667
23698,5.0752
23699,8.0
23700,7.9444
23701,6.5
23702,7.6018
23703,7.6268
23704,8.8
23705,7.0818
23706,7.5065
23707,6.6154
23708,5.0
23709,6.1034
23710,8.1955
23711,7.6018
23712,7.2
23713,7.6018
23714,7.9947
23715,7.9947
23716,6.8377
23717,7.7449
23718,7.6018
23719,7.5385
23720,7.5065
23721,8.1955
23722,8.3
23723,8.4737
23724,6.5
23725,8.1
23726,6.56
23727,7.4167
23728,7.2909
23729,6.4667
23730,8.8556
23731,6.0
23732,7.9947
23733,8.0429
23734,5.881
23735,8.8556
23736,7.5472
23737,6.6875
23738,8.5625
23739,7.8916
23740,8.64
23741,6.0909
23742,8.5036
23743,7.0
23744,7.4865
23745,8.0
23746,6.88
23747,6.7328
23748,7.5965
23749,7.6018
23750,8.1429
23751,8.418
23752,7.3148
23753,8.64
23754,7.6667
23755,6.0
23756,6.0958
23757,7.6018
23758,7.6018
23759,7.2595
23760,9.0
23761,5.5
23762,9.0
23763,8.42
23764,7.5455
23765,8.9905
23766,8.3571
23767,8.7029
23768,7.6018
23769,6.0
23770,5.0
23771,6.25
23772,6.4921
23773,7.2941
23774,9.0
23775,6.0
23776,5.0752
23777,8.5333
23778,7.6018
23779,6.1034
23780,9.25
23781,9.375
23782,7.6018
23783,7.0
23784,7.0
23785,9.2222
23786,8.2308
23787,7.6018
23788,7.3333
23789,6.2
23790,7.3158
23791,7.5652
23792,7.2595
23793,9.4632
23794,7.0484
23795,7.7692
23796,7.4
23797,7.4444
23798,8.875
23799,9.0625
23800,7.6018
23801,8.5833
23802,6.0226
23803,7.2595
23804,9.5
23805,7.5065
23806,7.5
23807,7.6018
23808,6.4921
23809,9.0
23810,8.0
23811,5.0
23812,5.1429
23813,5.0752
23814,7.3333
23815,7.0
23816,7.8235
23817,7.3158
23818,7.6018
23819,7.6018
23820,8.8556
23821,6.0
23822,8.2019
23823,5.0
23824,7.6018
23825,4.7059
23826,8.1976
23827,8.8387
23828,7.2595
23829,10.0
23830,9.2381
23831,5.0752
23832,7.53
23833,8.8556
23834,5.5
23835,7.2368
23836,6.2667
23837,9.1786
23838,7.6018
23839,4.5
23840,7.4286
23841,8.5
23842,7.6018
23843,7.2595
23844,7.6018
23845,6.9259
23846,7.6018
23847,7.2595
23848,9.0
23849,9.0
23850,7.6018
23851,8.8556
23852,8.8556
23853,7.6018
23854,5.1355
23855,6.9524
23856,9.5
23857,8.023
23858,7.0
23859,8.2903
23860,7.8824
23861,6.0
23862,8.1976
23863,5.5
23864,9.0
23865,8.8235
23866,6.1034
23867,7.6018
23868,7.1667
23869,8.0
23870,8.5625
23871,7.6018
23872,6.0226
23873,7.2595
23874,8.0
23875,7.6
23876,7.2595
23877,6.0
23878,8.0
23879,7.6018
23880,8.541
23881,8.8556
23882,7.2963
23883,6.1
23884,6.0
23885,7.5758
23886,7.4146
23887,4.7778
23888,7.5
23889,8.375
23890,8.3939
23891,6.5429
23892,7.2595
23893,7.6667
23894,7.7009
23895,7.6018
23896,8.0455
23897,6.7358
23898,7.8941
23899,7.3148
23900,6.5
23901,7.3523
23902,5.5753
23903,7.7971
23904,7.5968
23905,7.9452
23906,8.875
23907,8.8556
23908,8.0
23909,6.2
23910,9.6364
23911,8.6571
23912,7.5333
23913,7.6018
23914,5.0
23915,8.1043
23916,8.6
23917,8.8556
23918,7.25
23919,8.0909
23920,9.3333
23921,10.0
23922,7.3636
23923,7.6
23924,8.7805
23925,7.6018
23926,7.3478
23927,8.0
23928,6.6667
23929,6.0
23930,7.6018
23931,10.0
23932,9.0
23933,5.0752
23934,6.3889
23935,7.6018
23936,7.5065
23937,5.0752
23938,9.6
23939,5.0
23940,7.6018
23941,8.0
23942,8.5
23943,8.0
23944,6.0226
23945,7.9947
23946,7.3913
23947,7.5
23948,6.875
23949,7.2429
23950,7.5065
23951,8.8556
23952,8.122
23953,8.8556
23954,8.6
23955,6.6885
23956,8.0455
23957,7.828
23958,7.4
23959,8.1429
23960,8.9905
23961,8.0
23962,7.5938
23963,5.375
23964,7.6018
23965,5.1385
23966,6.6667
23967,6.8689
23968,7.2143
23969,7.6018
23970,7.6018
23971,7.6018
23972,7.8
23973,7.1689
23974,7.5505
23975,8.8556
23976,7.9559
23977,7.0
23978,8.25
23979,7.8182
23980,8.2109
23981,8.6567
23982,6.7368
23983,7.2595
23984,6.0
23985,6.9375
23986,7.4848
23987,6.75
23988,6.2222
23989,7.7838
23990,8.25
23991,7.6018
23992,7.3158
23993,7.6018
23994,7.5
23995,7.9947
23996,7.0
23997,5.0752
23998,7.2595
23999,9.4583
24000,4.5
24001,7.6018
24002,7.05
24003,9.0262
24004,7.2243
24005,7.2917
24006,7.3523
24007,8.3953
24008,6.0
24009,8.8556
24010,7.8333
24011,8.5
24012,8.1667
24013,6.25
24014,8.8556
24015,5.0
24016,5.0
24017,8.1111
24018,7.6667
24019,9.0
24020,7.1689
24021,7.6018
24022,7.5455
24023,8.0
24024,6.8
24025,7.5065
24026,9.0
24027,8.283
24028,7.2
24029,5.0752
24030,8.6
24031,7.2595
24032,7.5
24033,5.25
24034,8.8556
24035,7.6018
24036,8.0
24037,8.5165
24038,7.5833
24039,7.6018
24040,8.5
24041,9.0
24042,8.8556
24043,7.2595
24044,8.3333
24045,9.4583
24046,7.0
24047,5.25
24048,9.0
24049,7.6018
24050,5.0
24051,8.4074
24052,7.3523
24053,7.6018
24054,7.6018
24055,8.8556
24056,7.2595
24057,8.625
24058,7.6268
24059,7.5
24060,5.5401
24061,7.5333
24062,8.8333
24063,7.6018
24064,7.6268
24065,7.2595
24066,5.3182
24067,7.1429
24068,8.7029
24069,7.3846
24070,5.0
24071,7.7449
24072,7.6667
24073,7.5339
24074,8.1955
24075,8.8556
24076,9.0
24077,9.3455
24078,7.2595
24079,7.2857
24080,8.0
24081,7.55
24082,9.0
24083,9.0
24084,7.7188
24085,8.4815
24086,7.6018
24087,7.5
24088,7.6018
24089,6.2
24090,6.0
24091,7.7762
24092,6.7857
24093,10.0
24094,8.8556
24095,7.6018
24096,7.5065
24097,9.16
24098,8.2109
24099,7.2595
24100,5.5753
24101,7.4421
24102,7.6018
24103,7.7971
24104,7.6018
24105,7.6018
24106,7.6018
24107,7.815
24108,7.6018
24109,6.7
24110,7.9
24111,7.2143
24112,8.9403
24113,5.0
24114,7.9
24115,7.75
24116,7.4821
24117,7.6018
24118,8.0833
24119,6.0
24120,9.4841
24121,8.7048
24122,5.5
24123,8.4118
24124,8.5
24125,7.6018
24126,6.8689
24127,7.2595
24128,7.6018
24129,7.5333
24130,7.8
24131,9.6
24132,7.7449
24133,6.2857
24134,8.0
24135,6.25
24136,7.3
24137,8.0094
24138,8.0755
24139,8.5
24140,5.3846
24141,8.5
24142,8.0667
24143,8.2019
24144,7.7236
24145,7.9286
24146,6.0
24147,7.2595
24148,8.2109
24149,5.8
24150,8.2368
24151,6.7778
24152,7.6018
24153,6.0
24154,7.5
24155,7.6
24156,6.9483
24157,7.0484
24158,7.6667
24159,7.918
24160,8.7143
24161,8.418
24162,8.0
24163,8.75
24164,7.8947
24165,7.3333
24166,7.6018
24167,7.5333
24168,7.3333
24169,8.3939
24170,6.7374
24171,8.8556
24172,8.8556
24173,8.8556
24174,7.3523
24175,9.4841
24176,8.9714
24177,9.0
24178,7.7692
24179,7.9577
24180,9.4878
24181,7.5
24182,7.6018
24183,5.4
24184,8.9905
24185,8.2857
24186,5.0
24187,7.2595
24188,6.0
24189,7.6018
24190,8.3939
24191,7.8108
24192,7.5
24193,7.6018
24194,6.4
24195,8.0
24196,8.4
24197,8.5036
24198,8.28
24199,7.2846
24200,6.5
24201,8.0
24202,8.7692
24203,6.4074
24204,8.1928
24205,7.7236
24206,10.0
24207,7.0
24208,8.2727
24209,6.0909
24210,7.1
24211,7.6018
24212,8.2109
24213,6.7403
24214,6.0958
24215,8.0294
24216,7.6018
24217,9.0
24218,7.6018
24219,7.6018
24220,8.3333
24221,7.2595
24222,7.3158
24223,7.7407
24224,8.8556
24225,7.2595
24226,7.0
24227,7.75
24228,8.3953
24229,7.8182
24230,7.0
24231,7.8916
24232,9.7907
24233,7.1667
24234,9.0
24235,8.0909
24236,7.6667
24237,7.6018
24238,6.6809
24239,8.8556
24240,7.2963
24241,8.6719
24242,6.375
24243,8.5667
24244,7.6667
24245,7.6018
24246,7.3973
24247,7.2595
24248,7.6018
24249,8.7234
24250,9.5
24251,8.6567
24252,7.8916
24253,7.6018
24254,8.9565
24255,6.25
24256,8.1
24257,7.2595
24258,7.0484
24259,8.418
24260,6.0958
24261,8.873
24262,7.0
24263,9.0
24264,6.88
24265,7.9577
24266,7.1429
24267,8.0
24268,10.0
24269,7.1111
24270,7.7857
24271,7.6018
24272,6.0
24273,7.0
24274,8.0094
24275,7.9545
24276,8.7048
24277,7.8617
24278,7.2595
24279,5.7778
24280,8.0
24281,7.2595
24282,7.2595
24283,8.9714
24284,8.75
24285,6.3786
24286,8.0
24287,7.7449
24288,5.5401
24289,8.0094
24290,8.6316
24291,7.5
24292,7.8617
24293,9.2
24294,6.0
24295,7.6018
24296,9.5556
24297,6.9444
24298,7.2595
24299,7.2595
24300,7.25
24301,8.0
24302,7.75
24303,7.4421
24304,6.8462
24305,5.0752
24306,8.1667
24307,5.0
24308,7.6018
24309,7.0
24310,7.2595
24311,8.0
24312,7.2595
24313,7.5385
24314,5.65
24315,7.3438
24316,6.4375
24317,8.0
24318,8.1538
24319,7.2595
24320,7.5556
24321,7.6018
24322,8.8556
24323,2.0
24324,8.0
24325,7.625
24326,8.2903
24327,6.7403
24328,8.88
24329,9.3529
24330,8.7029
24331,8.0426
24332,9.075
24333,6.2778
24334,7.875
24335,6.0
24336,8.122
24337,7.8667
24338,6.8182
24339,9.0
24340,7.6018
24341,5.5
24342,6.3333
24343,5.0752
24344,7.918
24345,7.3523
24346,7.25
24347,9.4841
24348,7.6018
24349,7.6018
24350,8.2727
24351,7.6018
24352,5.5401
24353,7.6018
24354,5.0
24355,8.0
24356,7.1429
24357,8.1976
24358,6.7778
24359,8.873
24360,7.3846
24361,7.3333
24362,7.72
24363,7.6018
24364,7.4286
24365,9.5
24366,7.6018
24367,6.6667
24368,8.8556
24369,7.6
24370,7.3514
24371,7.918
24372,7.6018
24373,7.9091
24374,5.0752
24375,8.0
24376,6.4375
24377,6.5238
24378,6.8377
24379,5.5753
24380,7.6018
24381,8.2258
24382,7.6018
24383,7.6018
24384,8.0294
24385,8.875
24386,8.0
24387,6.6364
24388,7.6667
24389,8.0294
24390,8.8556
24391,8.0
24392,7.2595
24393,7.8571
24394,7.6018
24395,5.8077
24396,7.6018
24397,7.0
24398,7.6018
24399,5.0752
24400,9.3333
24401,7.2595
24402,7.6018
24403,5.0752
24404,5.5
24405,7.6018
24406,6.7727
24407,7.4821
24408,7.5065
24409,7.6018
24410,7.6018
24411,8.9796
24412,7.0
24413,7.0
24414,7.6018
24415,7.6018
24416,5.0752
24417,6.7143
24418,9.3455
24419,7.2595
24420,7.6018
24421,6.6522
24422,7.5968
24423,8.1111
24424,7.9577
24425,8.25
24426,7.8594
24427,7.6018
24428,8.5
24429,8.8556
24430,8.7179
24431,7.6018
24432,9.3455
24433,8.2676
24434,10.0
24435,8.0667
24436,7.2595
24437,8.0
24438,8.5625
24439,6.2727
24440,8.125
24441,7.0345
24442,7.6018
24443,7.5505
24444,9.1
24445,6.0
24446,7.5333
24447,8.6154
24448,7.1689
24449,7.6018
24450,8.8556
24451,7.5952
24452,9.0262
24453,7.9947
24454,5.1355
24455,6.0
24456,7.3571
24457,7.6018
24458,7.2174
24459,7.6018
24460,7.8617
24461,7.2595
24462,7.0
24463,7.6018
24464,8.7029
24465,7.1039
24466,9.0
24467,7.53
24468,7.2
24469,5.0752
24470,7.6018
24471,7.9091
24472,6.56
24473,8.1667
24474,8.8556
24475,7.6809
24476,6.6667
24477,7.3514
24478,7.6018
24479,7.6018
24480,9.2
24481,8.7143
24482,7.8617
24483,6.4
24484,6.6
24485,7.814
24486,7.1689
24487,5.0
24488,9.0
24489,6.6667
24490,7.5952
24491,7.7236
24492,6.0741
24493,7.6667
24494,7.1689
24495,8.8889
24496,8.6
24497,8.8556
24498,8.9
24499,8.6667
24500,8.2174
24501,6.1071
24502,5.5753
24503,7.2595
24504,8.25
24505,8.8556
24506,7.2595
24507,7.1689
24508,7.8333
24509,8.0294
24510,7.6018
24511,9.3158
24512,7.5065
24513,7.6018
24514,7.2222
24515,7.0294
24516,7.2595
24517,7.2595
24518,7.3333
24519,8.3714
24520,8.9315
24521,7.5714
24522,5.0752
24523,9.0
24524,6.0
24525,8.8302
24526,8.7048
24527,6.7374
24528,7.5
24529,9.0
24530,8.7091
24531,6.125
24532,7.2917
24533,9.0262
24534,9.3158
24535,7.6018
24536,7.0
24537,7.5
24538,8.0417
24539,7.6018
24540,8.023
24541,7.6018
24542,7.2595
24543,7.6018
24544,8.2
24545,7.8
24546,6.0
24547,6.0226
24548,7.3333
24549,7.6018
24550,8.6316
24551,8.4444
24552,7.6268
24553,9.0
24554,7.7762
24555,7.6018
24556,6.7129
24557,7.55
24558,9.1081
24559,7.4848
24560,7.5
24561,7.0909
24562,6.8571
24563,7.3333
24564,8.0
24565,7.0
24566,5.8889
24567,9.6
24568,8.0
24569,8.0
24570,7.8333
24571,7.9545
24572,7.1689
24573,7.0
24574,7.4421
24575,7.9286
24576,5.0
24577,7.2595
24578,7.6667
24579,8.5036
24580,8.5625
24581,7.6018
24582,8.2764
24583,5.3333
24584,7.7449
24585,8.0429
24586,6.9655
24587,7.4824
24588,8.8958
24589,9.0
24590,9.3455
24591,7.6018
24592,6.25
24593,7.5455
24594,8.0
24595,8.1955
24596,8.9403
24597,6.0
24598,7.5952
24599,7.8947
24600,7.0577
24601,7.6018
24602,6.25
24603,8.3333
24604,8.8556
24605,7.3902
24606,6.16
24607,9.4583
24608,8.1538
24609,9.2381
24610,6.8689
24611,8.8556
24612,7.9231
24613,6.3636
24614,7.6018
24615,7.6018
24616,5.1355
24617,6.8333
24618,9.0
24619,7.6018
24620,5.6154
24621,7.8889
24622,7.087
24623,7.3523
24624,9.6216
24625,7.2595
24626,7.9947
24627,4.8
24628,6.8377
24629,7.2595
24630,5.0
24631,7.4444
24632,7.6018
24633,8.2
24634,6.4545
24635,7.6018
24636,8.0429
24637,7.6018
24638,8.5
24639,8.0909
24640,7.6667
24641,7.8941
24642,7.6018
24643,7.3333
24644,7.3523
24645,8.25
24646,8.2857
24647,7.6018
24648,9.3455
24649,7.6018
24650,7.6018
24651,8.7029
24652,7.6018
24653,7.7971
24654,7.2595
24655,7.6018
24656,8.9315
24657,10.0
24658,8.0
24659,6.6667
24660,6.5
24661,6.9737
24662,7.2
24663,10.0
24664,8.8556
24665,7.6018
24666,8.4474
24667,9.4444
24668,7.6018
24669,8.0755
24670,6.875
24671,7.6018
24672,8.25
24673,9.0
24674,8.6842
24675,7.0
24676,8.0
24677,6.9091
24678,9.1176
24679,7.9577
24680,9.4545
24681,7.6018
24682,7.6018
24683,6.5
24684,7.4339
24685,9.8333
24686,8.4286
24687,7.2595
24688,7.5505
24689,7.0
24690,8.48
24691,7.58
24692,7.0
24693,7.2595
24694,8.0435
24695,7.5
24696,7.2595
24697,8.8556
24698,7.2595
24699,7.0
24700,7.4211
24701,7.5
24702,6.7581
24703,7.2595
24704,7.9091
24705,7.6018
24706,8.3
24707,6.4
24708,7.9577
24709,5.0
24710,7.9677
24711,8.5
24712,8.6
24713,8.4444
24714,6.8667
24715,7.2595
24716,7.6018
24717,6.7358
24718,7.2595
24719,7.6018
24720,7.6018
24721,8.0755
24722,7.8617
24723,9.2
24724,8.0
24725,5.8462
24726,7.5
24727,8.25
24728,8.9905
24729,8.0455
24730,8.1538
24731,7.6018
24732,6.0
24733,8.8
24734,7.6018
24735,8.7048
24736,5.0
24737,7.6018
24738,7.2595
24739,8.3333
24740,7.5862
24741,8.3953
24742,8.3649
24743,8.6316
24744,9.15
24745,7.6154
24746,7.1429
24747,6.4545
24748,8.1111
24749,6.5
24750,7.5333
24751,7.6667
24752,7.6018
24753,7.2595
24754,8.2222
24755,8.6176
24756,5.7826
24757,8.1429
24758,7.2595
24759,7.8889
24760,7.918
24761,10.0
24762,7.4339
24763,8.0
24764,6.3333
24765,7.0
24766,7.6018
24767,10.0
24768,7.8
24769,8.5625
24770,7.5714
24771,7.2595
24772,8.75
24773,7.6575
24774,5.8519
24775,3.5
24776,7.6018
24777,9.2857
24778,7.4824
24779,7.6018
24780,8.0
24781,7.6018
24782,6.125
24783,7.6018
24784,7.0
24785,9.5
24786,6.3333
24787,6.9524
24788,8.2128
24789,7.0
24790,6.0958
24791,8.2857
24792,8.8556
24793,7.5926
24794,7.6018
24795,7.6018
24796,7.2595
24797,7.1689
24798,6.0
24799,7.6018
24800,8.1786
24801,7.4091
24802,7.2917
24803,7.6018
24804,7.6018
24805,7.8966
24806,7.2595
24807,7.1689
24808,7.2595
24809,7.2595
24810,9.0
24811,8.2368
24812,7.4
24813,7.2595
24814,9.4583
24815,8.5818
24816,8.8571
24817,7.6018
24818,8.7692
24819,6.6885
24820,7.2595
24821,8.8556
24822,8.5
24823,8.75
24824,8.75
24825,5.881
24826,7.7236
24827,9.3662
24828,7.2429
24829,7.6018
24830,7.6018
24831,6.0
24832,8.375
24833,8.1976
24834,7.4339
24835,3.0
24836,7.6018
24837,7.4074
24838,7.2595
24839,8.8556
24840,7.5333
24841,5.0752
24842,6.6923
24843,7.6944
24844,8.2727
24845,6.0556
24846,8.0
24847,8.92
24848,7.3333
24849,7.8
24850,7.1667
24851,8.8302
24852,8.6111
24853,6.5
24854,7.6018
24855,8.3333
24856,7.0
24857,7.6018
24858,7.6
24859,7.2595
24860,5.0
24861,7.6018
24862,8.8333
24863,7.6018
24864,7.4091
24865,7.6018
24866,7.8108
24867,8.0
24868,7.6018
24869,7.6018
24870,8.6579
24871,6.0226
24872,7.6018
24873,5.1355
24874,7.6018
24875,8.5
24876,8.7029
24877,7.2595
24878,9.75
24879,7.6018
24880,6.7358
24881,6.0
24882,9.1176
24883,7.815
24884,9.0811
24885,8.2128
24886,8.8958
24887,7.0577
24888,7.8966
24889,7.5065
24890,9.0
24891,7.6018
24892,7.2595
24893,6.4
24894,7.3333
24895,8.122
24896,7.814
24897,6.0
24898,7.885
24899,9.0
24900,5.0752
24901,8.0
24902,7.6018
24903,8.6667
24904,7.6944
24905,7.3438
24906,4.0
24907,9.6139
24908,10.0
24909,7.3333
24910,6.6214
24911,7.815
24912,7.4339
24913,9.8
24914,7.1613
24915,10.0
24916,6.7619
24917,8.6
24918,9.7692
24919,6.7374
24920,7.4
24921,7.8056
24922,7.2595
24923,8.0
24924,6.0
24925,6.3636
24926,6.2778
24927,7.96
24928,8.25
24929,7.2595
24930,7.6018
24931,7.2595
24932,7.8
24933,9.0
24934,8.0
24935,7.6018
24936,4.3333
24937,7.2595
24938,8.4
24939,7.2595
24940,5.5401
24941,8.7903
24942,8.0385
24943,7.828
24944,7.5065
24945,8.2109
24946,7.25
24947,7.6018
24948,7.1689
24949,8.48
24950,8.8556
24951,8.3333
24952,8.0
24953,9.3662
24954,7.828
24955,8.0
24956,7.141
24957,9.2857
24958,7.3523
24959,7.6018
24960,7.9118
24961,7.6667
24962,8.8556
24963,7.6018
24964,9.0811
24965,8.6
24966,8.2
24967,8.25
24968,7.6268
24969,7.6018
24970,10.0
24971,7.0
24972,8.0
24973,8.4118
24974,7.2595
24975,8.0
24976,6.0
24977,7.5
24978,8.0
24979,7.5938
24980,7.087
24981,5.4
24982,6.8125
24983,7.8
24984,7.6018
24985,7.1429
24986,7.1689
24987,8.8556
24988,7.6
24989,7.6018
24990,9.0
24991,7.5
24992,6.875
24993,7.2432
24994,7.5065
24995,7.1039
24996,8.5
24997,7.3333
24998,7.5952
24999,7.2595
25000,8.7029
25001,7.1039
25002,5.1385
25003,8.8556
25004,9.134
25005,7.1944
25006,9.3455
25007,7.2595
25008,8.5875
25009,9.7
25010,5.3333
25011,9.0
25012,8.4444
25013,8.1486
25014,8.7368
25015,8.0
25016,7.6
25017,8.8
25018,5.0752
25019,6.9667
25020,7.6018
25021,6.8
25022,7.2846
25023,7.8
25024,7.087
25025,8.0
25026,8.2
25027,8.8556
25028,7.0
25029,7.6018
25030,7.918
25031,6.75
25032,7.1689
25033,5.75
25034,6.6
25035,7.6018
25036,7.2595
25037,8.8556
25038,6.6364
25039,7.2595
25040,8.1111
25041,6.0226
25042,9.0262
25043,6.7917
25044,7.6018
25045,7.6018
25046,7.2595
25047,7.9947
25048,7.72
25049,7.6018
25050,7.9947
25051,8.9167
25052,7.2595
25053,7.2595
25054,7.6018
25055,9.3158
25056,8.0
25057,7.6944
25058,8.6667
25059,7.2595
25060,4.0
25061,7.2243
25062,7.0
25063,7.6018
25064,8.0
25065,7.6018
25066,7.2595
25067,8.8556
25068,6.6364
25069,7.8889
25070,7.6575
25071,4.25
25072,10.0
25073,8.5036
25074,7.6018
25075,6.9667
25076,8.3333
25077,8.6667
25078,8.1136
25079,7.2595
25080,7.1689
25081,8.5714
25082,6.3333
25083,6.6842
25084,8.8556
25085,5.75
25086,8.9403
25087,7.885
25088,5.1385
25089,4.0
25090,5.0
25091,7.0
25092,7.6018
25093,7.3796
25094,7.1333
25095,8.3333
25096,9.1176
25097,7.2857
25098,9.0262
25099,7.4824
25100,8.8556
25101,8.0
25102,7.2595
25103,7.4146
25104,7.2595
25105,6.875
25106,6.0
25107,7.1689
25108,8.3971
25109,7.5505
25110,8.8556
25111,5.1355
25112,6.2055
25113,7.6018
25114,7.0
25115,7.2595
25116,4.0
25117,9.0
25118,7.7143
25119,7.3333
25120,6.375
25121,8.3953
25122,5.1355
25123,7.5968
25124,7.5
25125,7.4583
25126,8.8556
25127,5.0752
25128,7.5505
25129,8.8556
25130,9.2105
25131,7.3182
25132,5.0752
25133,6.9655
25134,10.0
25135,6.5455
25136,5.8077
25137,7.6018
25138,7.0
25139,7.1111
25140,8.2778
25141,7.2632
25142,6.8889
25143,7.6018
25144,8.5165
25145,7.2595
25146,7.6018
25147,7.5952
25148,7.6018
25149,7.76
25150,8.4091
25151,8.1955
25152,7.5294
25153,9.4632
25154,7.2595
25155,8.6571
25156,7.12
25157,7.3
25158,8.3333
25159,9.0262
25160,8.88
25161,6.7143
25162,8.0
25163,7.2595
25164,7.4
25165,6.9524
25166,7.72
25167,6.0
25168,6.0
25169,6.9375
25170,7.5065
25171,7.2857
25172,7.5333
25173,5.0
25174,7.6018
25175,7.9
25176,7.828
25177,8.8333
25178,6.0
25179,7.0
25180,8.2764
25181,7.0
25182,5.0752
25183,9.0256
25184,8.0
25185,8.1818
25186,7.9298
25187,7.2308
25188,6.1034
25189,7.5
25190,8.8556
25191,7.4339
25192,5.0
25193,8.8333
25194,8.0
25195,6.7581
25196,7.6018
25197,8.4
25198,7.1111
25199,7.5
25200,8.283
25201,8.8
25202,8.2764
25203,8.2764
25204,6.5
25205,7.6018
25206,7.6897
25207,7.2595
25208,8.0755
25209,7.6018
25210,5.0
25211,7.8723
25212,9.5
25213,7.6018
25214,7.6018
25215,7.885
25216,7.8824
25217,2.0
25218,7.7449
25219,8.1111
25220,8.0385
25221,7.6018
25222,6.7358
25223,5.5401
25224,6.2055
25225,7.76
25226,8.5714
25227,7.2595
25228,8.8556
25229,7.7449
25230,8.1976
25231,7.25
25232,8.3913
25233,7.5333
25234,7.8947
25235,7.2222
25236,5.5753
25237,7.815
25238,8.0
25239,8.8556
25240,8.5
25241,5.9286
25242,7.2595
25243,9.75
25244,7.4286
25245,6.8824
25246,5.0752
25247,9.3455
25248,6.9091
25249,7.3523
25250,8.2019
25251,7.6018
25252,8.1111
25253,9.4444
25254,7.6
25255,8.42
25256,5.0
25257,5.0752
25258,8.4
25259,7.25
25260,8.8333
25261,6.56
25262,7.2595
25263,8.0238
25264,8.2857
25265,7.2595
25266,7.6018
25267,7.1321
25268,7.5758
25269,7.0476
25270,9.3455
25271,5.0
25272,8.8556
25273,6.0
25274,7.9947
25275,5.0
25276,8.05
25277,8.5
25278,8.8556
25279,7.0882
25280,7.5333
25281,8.4091
25282,7.3913
25283,7.2595
25284,7.6018
25285,7.1039
25286,7.0
25287,7.6018
25288,5.0
25289,8.1976
25290,7.3148
25291,7.6018
25292,7.3077
25293,8.0
25294,8.7091
25295,7.8462
25296,7.8333
25297,8.8556
25298,7.6
25299,7.2595
25300,8.2903
25301,8.8556
25302,7.6018
25303,8.2
25304,7.2941
25305,8.1818
25306,7.3846
25307,7.3523
25308,7.0577
25309,7.828
25310,8.9286
25311,8.5714
25312,7.6018
25313,7.6575
25314,7.913
25315,8.8556
25316,7.6429
25317,7.1689
25318,5.9091
25319,7.0
25320,8.7029
25321,8.8556
25322,7.1212
25323,9.2857
25324,8.5
25325,7.2595
25326,6.1538
25327,7.5
25328,7.7188
25329,9.5714
25330,9.0
25331,8.0556
25332,8.3731
25333,7.6018
25334,7.6018
25335,8.1829
25336,7.6018
25337,6.5455
25338,7.2595
25339,7.6018
25340,8.0
25341,8.0
25342,7.141
25343,7.5339
25344,7.0
25345,7.7009
25346,7.0818
25347,6.7581
25348,7.25
25349,4.5
25350,8.4474
25351,8.1538
25352,7.8667
25353,7.9947
25354,8.6719
25355,8.5
25356,8.88
25357,7.6018
25358,8.5385
25359,7.5833
25360,7.6018
25361,9.4841
25362,8.3158
25363,7.2595
25364,7.7407
25365,7.2595
25366,10.0
25367,8.8556
25368,7.6018
25369,7.6018
25370,8.3333
25371,8.2353
25372,7.9744
25373,9.0227
25374,7.53
25375,7.5278
25376,6.3333
25377,8.6567
25378,7.2595
25379,7.2595
25380,7.7692
25381,8.8556
25382,7.0
25383,7.0
25384,7.6923
25385,8.0
25386,7.2595
25387,9.1176
25388,8.4444
25389,6.0
25390,7.6667
25391,5.0
25392,7.8182
25393,10.0
25394,7.3571
25395,5.5401
25396,9.3455
25397,5.3333
25398,7.4339
25399,8.8556
25400,7.4821
25401,5.0
25402,7.85
25403,4.9189
25404,8.2019
25405,7.2595
25406,8.0
25407,7.5065
25408,6.7917
25409,5.0
25410,7.2595
25411,7.2174
25412,7.6018
25413,7.9545
25414,6.7143
25415,8.8556
25416,6.9259
25417,5.0
25418,8.1579
25419,7.5385
25420,6.6842
25421,9.375
25422,7.2595
25423,7.8594
25424,5.0
25425,7.5065
25426,7.9947
25427,5.3333
25428,9.1373
25429,7.5185
25430,8.6842
25431,6.9667
25432,8.4
25433,6.9259
25434,7.55
25435,7.815
25436,5.1355
25437,7.7
25438,7.7692
25439,6.6885
25440,6.8889
25441,7.5
25442,2.0
25443,6.3333
25444,8.5833
25445,5.0
25446,5.6
25447,8.8556
25448,8.023
25449,7.3523
25450,8.0294
25451,8.25
25452,7.2222
25453,7.3523
25454,6.9231
25455,5.1538
25456,6.7581
25457,7.6018
25458,6.5
25459,7.6018
25460,7.7
25461,9.0
25462,8.5
25463,7.9091
25464,7.6018
25465,6.7581
25466,5.881
25467,6.0
25468,8.0667
25469,7.6018
25470,8.8556
25471,7.3796
25472,7.6268
25473,8.0
25474,7.6018
25475,7.815
25476,8.5714
25477,8.0333
25478,7.0
25479,8.25
25480,8.8556
25481,7.3846
25482,10.0
25483,7.25
25484,8.0
25485,7.2595
25486,8.0
25487,8.6567
25488,2.0
25489,7.7105
25490,6.8333
25491,9.25
25492,8.3
25493,6.3333
25494,9.4841
25495,7.76
25496,8.8
25497,7.2595
25498,10.0
25499,7.1455
25500,7.6018
25501,8.1579
25502,7.2595
25503,7.0
25504,8.023
25505,7.7449
25506,6.5714
25507,6.0226
25508,7.25
25509,8.9403
25510,8.8302
25511,7.6018
25512,7.0
25513,8.9796
25514,7.2595
25515,7.2595
25516,7.6018
25517,9.0
25518,7.0882
25519,7.7236
25520,7.0
25521,7.55
25522,9.0
25523,4.8
25524,6.1765
25525,7.6087
25526,7.5
25527,10.0
25528,8.0
25529,7.2595
25530,6.2222
25531,7.2595
25532,7.1321
25533,8.4474
25534,9.2
25535,7.6018
25536,8.0
25537,7.6018
25538,9.6216
25539,7.2243
25540,7.8667
25541,8.3913
25542,5.0752
25543,7.6018
25544,7.5065
25545,8.0
25546,7.0
25547,7.2595
25548,5.8214
25549,4.5
25550,8.1852
25551,7.2941
25552,8.1829
25553,8.5
25554,7.2243
25555,7.3973
25556,8.3382
25557,7.0
25558,7.6018
25559,8.0
25560,8.8556
25561,8.1111
25562,9.25
25563,7.1429
25564,8.8727
25565,7.2941
25566,7.6018
25567,7.2222
25568,8.0417
25569,7.6471
25570,7.4054
25571,9.0
25572,7.8
25573,7.815
25574,8.0
25575,6.4
25576,8.3714
25577,7.5065
25578,7.6018
25579,6.0
25580,8.0
25581,8.5875
25582,7.6018
25583,7.6087
25584,8.45
25585,7.2595
25586,8.5
25587,7.6018
25588,7.6018
25589,8.5556
25590,7.0
25591,6.8125
25592,8.0
25593,7.2595
25594,7.5339
25595,9.0
25596,7.7009
25597,9.4632
25598,8.3714
25599,7.6018
25600,7.4091
25601,5.1355
25602,9.0262
25603,8.2222
25604,7.2595
25605,9.075
25606,7.0
25607,9.1333
25608,5.0752
25609,7.6018
25610,6.875
25611,7.375
25612,6.5
25613,8.1667
25614,8.0
25615,9.3455
25616,7.6018
25617,8.6567
25618,6.5
25619,7.6018
25620,7.2595
25621,7.2595
25622,6.0769
25623,8.8556
25624,8.1786
25625,10.0
25626,7.3902
25627,7.4339
25628,6.5
25629,5.3333
25630,8.873
25631,9.125
25632,7.0
25633,7.1212
25634,7.2595
25635,7.9167
25636,9.3455
25637,5.0752
25638,6.875
25639,6.5
25640,9.1429
25641,8.1471
25642,7.6018
25643,7.0
25644,8.8556
25645,7.1039
25646,7.2595
25647,7.6018
25648,6.6214
25649,7.6018
25650,5.3333
25651,7.9231
25652,7.6018
25653,8.7404
25654,8.7812
25655,7.6757
25656,7.2595
25657,6.7
25658,5.25
25659,6.625
25660,7.6087
25661,7.828
25662,8.0
25663,7.9947
25664,7.5556
25665,8.0
25666,8.0294
25667,7.8889
25668,7.6809
25669,7.5
25670,7.9091
25671,7.2595
25672,8.6667
25673,7.828
25674,7.2917
25675,8.1905
25676,5.0752
25677,7.0
25678,8.0
25679,6.4
25680,8.3
25681,8.25
25682,8.1976
25683,7.6471
25684,9.4841
25685,7.2595
25686,7.9375
25687,8.0
25688,6.625
25689,8.0
25690,8.8958
25691,8.0
25692,9.4839
25693,8.0
25694,7.6018
25695,5.9091
25696,7.1212
25697,7.6018
25698,7.7895
25699,9.134
25700,7.6018
25701,7.7971
25702,8.8556
25703,7.069
25704,5.5401
25705,7.0492
25706,7.2429
25707,7.1689
25708,7.6018
25709,7.84
25710,7.9947
25711,8.8556
25712,6.56
25713,8.2222
25714,7.8333
25715,7.6018
25716,7.6018
25717,7.4
25718,8.5833
25719,7.9231
25720,7.6018
25721,7.1689
25722,7.9947
25723,7.6018
25724,9.7907
25725,7.64
25726,7.5405
25727,5.0752
25728,8.75
25729,8.375
25730,7.3148
25731,7.0
25732,8.9403
25733,7.2595
25734,8.1538
25735,7.1667
25736,7.2595
25737,7.2595
25738,7.6018
25739,7.2595
25740,7.6018
25741,10.0
25742,7.6018
25743,8.0294
25744,6.0
25745,8.5
25746,8.0429
25747,8.2903
25748,7.8947
25749,7.6018
25750,5.7143
25751,7.4545
25752,7.2595
25753,8.4906
25754,7.4167
25755,8.0294
25756,8.5
25757,7.0
25758,8.0
25759,7.1667
25760,7.5065
25761,8.8556
25762,7.8947
25763,7.7009
25764,7.6018
25765,7.6757
25766,6.0226
25767,7.5065
25768,7.0
25769,8.0238
25770,7.2595
25771,6.4545
25772,9.3333
25773,7.3523
25774,7.5065
25775,8.4286
25776,9.6216
25777,7.6018
25778,8.1579
25779,9.0262
25780,7.0
25781,8.1486
25782,6.2055
25783,6.9583
25784,9.5
25785,5.0
25786,7.25
25787,7.0
25788,9.0
25789,7.6018
25790,7.2595
25791,8.1976
25792,7.7188
25793,8.8556
25794,5.0752
25795,8.8958
25796,8.1714
25797,8.8958
25798,8.75
25799,8.8556
25800,7.75
25801,8.0
25802,7.2595
25803,6.0
25804,6.1071
25805,7.6018
25806,7.2595
25807,8.4286
25808,7.6018
25809,6.6
25810,7.0
25811,9.0262
25812,8.3333
25813,8.8556
25814,8.1765
25815,8.4444
25816,5.0
25817,7.1463
25818,7.2595
25819,8.5
25820,6.6
25821,7.3
25822,8.5
25823,7.5556
25824,7.2595
25825,7.5952
25826,9.2857
25827,8.2857
25828,6.7374
25829,5.8529
25830,6.2727
25831,7.8617
25832,5.9091
25833,7.5
25834,7.2595
25835,7.2595
25836,6.5
25837,7.871
25838,7.2595
25839,6.75
25840,9.16
25841,9.0262
25842,6.8
25843,7.5417
25844,6.0
25845,7.2595
25846,9.0
25847,6.8333
25848,10.0
25849,9.4841
25850,7.6018
25851,7.4339
25852,7.4151
25853,6.5
25854,8.85
25855,6.3333
25856,7.6018
25857,5.0752
25858,5.2857
25859,8.873
25860,7.6944
25861,9.0
25862,8.6364
25863,5.0
25864,8.8556
25865,7.3523
25866,8.7029
25867,8.7234
25868,8.5
25869,6.875
25870,10.0
25871,5.1385
25872,7.3333
25873,8.8
25874,7.2595
25875,7.7778
25876,5.5401
25877,7.8
25878,8.0
25879,7.3077
25880,7.375
25881,7.8617
25882,7.6018
25883,7.6018
25884,7.0
25885,7.6018
25886,5.0
25887,7.6268
25888,7.7971
25889,6.8182
25890,7.6018
25891,8.2676
25892,8.1976
25893,10.0
25894,7.6018
25895,6.6364
25896,7.6018
25897,7.6667
25898,6.2
25899,7.0
25900,6.8571
25901,7.2595
25902,7.0
25903,8.45
25904,6.8377
25905,7.3523
25906,9.0
25907,7.6018
25908,6.0
25909,8.4444
25910,7.9744
25911,8.0
25912,8.5818
25913,6.0
25914,8.5
25915,7.6018
25916,8.7105
25917,7.3973
25918,7.6018
25919,7.2595
25920,7.55
25921,7.6268
25922,6.9091
25923,6.0
25924,7.6018
25925,7.1429
25926,7.3182
25927,9.3455
25928,8.8556
25929,7.5714
25930,7.4706
25931,8.9403
25932,7.6268
25933,8.1471
25934,8.25
25935,6.9167
25936,7.087
25937,9.0
25938,7.9
25939,7.6018
25940,8.2
25941,7.0
25942,7.2595
25943,8.1429
25944,7.6471
25945,7.5065
25946,7.125
25947,8.8958
25948,7.2243
25949,9.3455
25950,7.5065
25951,7.6018
25952,8.3714
25953,10.0
25954,6.6
25955,8.1111
25956,7.6018
25957,7.1321
25958,6.9091
25959,8.0
25960,7.8812
25961,7.6018
25962,8.6567
25963,7.6018
25964,7.15
25965,8.0
25966,5.1355
25967,8.8556
25968,7.0909
25969,9.28
25970,7.8617
25971,7.6061
25972,7.6018
25973,8.7029
25974,6.6667
25975,8.2778
25976,6.875
25977,8.7091
25978,7.6018
25979,7.3148
25980,8.0
25981,8.5
25982,5.0
25983,9.4583
25984,6.7403
25985,8.8421
25986,7.5
25987,7.6018
25988,7.6268
25989,8.8556
25990,6.7143
25991,8.375
25992,7.2432
25993,7.5065
25994,6.3889
25995,7.6018
25996,7.0
25997,8.0
25998,7.2595
25999,8.1928
26000,6.7328
26001,7.6018
26002,7.2595
26003,5.7143
26004,6.9231
26005,5.1355
26006,7.6018
26007,6.3333
26008,7.6018
26009,6.4074
26010,7.6018
26011,8.5
26012,7.6018
26013,7.6018
26014,8.8556
26015,8.8556
26016,4.3333
26017,7.64
26018,7.9167
26019,7.5952
26020,9.4583
26021,7.6018
26022,7.5294
26023,9.0
26024,7.3523
26025,7.4375
26026,7.2595
26027,8.3649
26028,7.8333
26029,7.6018
26030,5.7059
26031,7.6018
26032,7.9375
26033,7.6018
26034,8.1852
26035,6.875
26036,6.2308
26037,7.4074
26038,8.6667
26039,7.6018
26040,5.4286
26041,6.6923
26042,7.0
26043,7.6268
26044,7.6575
26045,6.5
26046,6.6214
26047,8.3382
26048,8.9714
26049,7.6018
26050,6.0
26051,7.9
26052,6.8571
26053,7.5556
26054,7.6018
26055,7.2595
26056,8.1905
26057,7.6018
26058,8.25
26059,7.6018
26060,8.1429
26061,7.0
26062,7.05
26063,9.3455
26064,7.087
26065,7.3523
26066,7.2595
26067,7.9545
26068,7.2595
26069,8.3077
26070,9.3455
26071,7.6018
26072,7.2595
26073,8.2857
26074,7.2595
26075,7.6268
26076,8.122
26077,7.4421
26078,8.1053
26079,8.0833
26080,6.8889
26081,6.8689
26082,7.6
26083,7.2595
26084,7.2595
26085,8.8387
26086,7.6018
26087,7.6018
26088,8.1976
26089,7.3333
26090,6.25
26091,7.2595
26092,8.8556
26093,10.0
26094,7.913
26095,7.5952
26096,6.0
26097,8.2676
26098,5.5753
26099,7.75
26100,8.8556
26101,7.9947
26102,7.9947
26103,7.52
26104,7.2595
26105,6.5
26106,6.6667
26107,9.0
26108,7.6018
26109,7.2
26110,7.2595
26111,9.8571
26112,7.9577
26113,7.6018
26114,7.871
26115,10.0
26116,7.2595
26117,7.4375
26118,8.0429
26119,7.7449
26120,7.2595
26121,6.0
26122,7.6268
26123,6.7358
26124,7.6018
26125,8.8556
26126,6.6667
26127,8.3731
26128,7.2595
26129,7.25
26130,7.2595
26131,7.5455
26132,8.4
26133,8.1053
26134,6.7358
26135,7.6268
26136,6.7403
26137,3.6667
26138,6.1538
26139,7.5952
26140,7.8889
26141,7.6018
26142,7.2595
26143,5.0
26144,7.3333
26145,7.2632
26146,7.2595
26147,7.0
26148,7.6018
26149,9.0262
26150,8.2
26151,7.9947
26152,7.2595
26153,7.0
26154,8.5714
26155,8.0
26156,8.6667
26157,7.6018
26158,7.7273
26159,7.6757
26160,7.2595
26161,5.9825
26162,10.0
26163,8.375
26164,7.6018
26165,7.9
26166,8.8667
26167,7.6667
26168,8.8556
26169,8.0
26170,8.9
26171,8.8556
26172,8.0
26173,7.6018
26174,7.0
26175,8.0
26176,8.0
26177,7.6018
26178,8.1976
26179,8.0
26180,7.8462
26181,2.75
26182,7.5333
26183,6.4
26184,9.0262
26185,7.3523
26186,7.5
26187,9.0262
26188,8.0455
26189,8.8889
26190,7.4444
26191,9.0
26192,8.0
26193,7.6018
26194,7.6018
26195,7.2595
26196,3.2308
26197,8.8556
26198,7.6018
26199,7.25
26200,6.9
26201,8.2128
26202,7.3
26203,8.0238
26204,5.0
26205,7.8431
26206,6.7403
26207,7.0
26208,6.5625
26209,8.5
26210,8.3
26211,8.2727
26212,7.0345
26213,8.3333
26214,8.0
26215,9.375
26216,7.8
26217,7.2222
26218,5.8529
26219,9.4841
26220,8.2727
26221,7.4375
26222,7.2909
26223,7.2595
26224,7.7971
26225,8.283
26226,8.8556
26227,9.125
26228,6.5
26229,7.2595
26230,7.5
26231,8.0755
26232,7.6944
26233,7.2595
26234,7.2
26235,8.8556
26236,7.0
26237,7.9947
26238,7.6018
26239,8.1538
26240,8.8556
26241,8.1538
26242,7.3158
26243,8.8556
26244,7.3523
26245,7.5714
26246,7.6018
26247,8.0
26248,8.88
26249,8.0
26250,5.0
26251,7.6018
26252,7.6923
26253,7.5476
26254,8.0
26255,5.1385
26256,9.3832
26257,7.6018
26258,8.1111
26259,7.8889
26260,9.0811
26261,7.2595
26262,8.0
26263,7.6018
26264,7.6018
26265,5.5753
26266,7.6018
26267,5.5753
26268,4.0
26269,7.5
26270,8.0
26271,8.8421
26272,8.2222
26273,7.1579
26274,9.0
26275,8.8556
26276,5.1667
26277,7.2429
26278,7.6667
26279,5.0752
26280,7.7762
26281,9.16
26282,7.125
26283,8.7029
26284,5.0752
26285,8.7091
26286,8.3953
26287,9.3333
26288,5.1355
26289,5.6154
26290,7.6
26291,7.6018
26292,7.2595
26293,8.5818
26294,7.875
26295,7.6018
26296,9.125
26297,7.2595
26298,7.3523
26299,8.6667
26300,6.0909
26301,5.8214
26302,7.8462
26303,8.873
26304,6.5
26305,9.0
26306,7.6018
26307,8.418
26308,6.0
26309,7.4746
26310,6.3889
26311,7.9565
26312,7.4286
26313,7.5952
26314,5.875
26315,6.0226
26316,7.3523
26317,7.6018
26318,8.0833
26319,7.6
26320,8.2019
26321,7.5505
26322,7.6018
26323,7.6018
26324,7.4146
26325,7.885
26326,6.3333
26327,7.9375
26328,7.52
26329,6.0
26330,7.8824
26331,8.873
26332,7.8889
26333,7.96
26334,7.9947
26335,7.5556
26336,7.5968
26337,7.1689
26338,7.3148
26339,7.6018
26340,5.0
26341,6.3333
26342,7.5
26343,6.6667
26344,10.0
26345,7.1667
26346,9.0262
26347,6.1667
26348,6.6667
26349,8.9091
26350,7.9452
26351,8.1429
26352,7.4421
26353,7.0
26354,5.5401
26355,7.25
26356,8.7404
26357,7.6018
26358,7.3796
26359,6.0
26360,7.2595
26361,8.9091
26362,9.4878
26363,7.5065
26364,7.6268
26365,7.7692
26366,7.2595
26367,4.5556
26368,7.2595
26369,7.5065
26370,9.0262
26371,7.6018
26372,7.0909
26373,8.7091
26374,8.8556
26375,7.6018
26376,8.5036
26377,6.6667
26378,7.6018
26379,8.8556
26380,8.0556
26381,7.2595
26382,8.9403
26383,7.6018
26384,7.5065
26385,7.6018
26386,9.4545
26387,7.6268
26388,7.6018
26389,8.6667
26390,7.6018
26391,5.8182
26392,7.5065
26393,7.9
26394,8.5
26395,6.8
26396,8.9333
26397,7.4
26398,7.2595
26399,9.0
26400,7.9947
26401,9.0262
26402,9.1786
26403,7.3796
26404,7.6018
26405,7.8182
26406,7.0
26407,7.6018
26408,9.3455
26409,8.0
26410,6.0769
26411,7.2595
26412,7.1689
26413,7.2595
26414,6.2857
26415,6.625
26416,7.8941
26417,8.3333
26418,7.6018
26419,7.2595
26420,7.6018
26421,8.0
26422,7.6018
26423,7.6018
26424,5.875
26425,8.9905
26426,6.7129
26427,7.5
26428,5.0752
26429,8.0
26430,5.0
26431,7.3333
26432,5.1355
26433,8.5714
26434,7.8
26435,7.0
26436,7.8182
26437,7.2595
26438,7.6018
26439,9.0262
26440,9.3455
26441,8.8556
26442,9.4583
26443,7.6018
26444,7.6018
26445,8.8727
26446,8.7404
26447,8.6111
26448,8.6
26449,8.3649
26450,9.0
26451,7.6018
26452,5.0752
26453,8.1111
26454,8.4634
26455,8.0
26456,7.625
26457,8.541
26458,7.6018
26459,8.5818
26460,7.6018
26461,9.4632
26462,6.0
26463,9.0
26464,7.6471
26465,5.8529
26466,7.6018
26467,7.1689
26468,7.0
26469,10.0
26470,5.0
26471,5.3333
26472,7.6018
26473,7.6667
26474,8.5
26475,9.6216
26476,7.6018
26477,6.3333
26478,7.3158
26479,8.96
26480,6.2
26481,7.6018
26482,8.0
26483,10.0
26484,8.4286
26485,2.0
26486,7.1667
26487,10.0
26488,5.9375
26489,8.9403
26490,7.4286
26491,7.9565
26492,9.0262
26493,7.125
26494,8.0
26495,7.9
26496,8.2019
26497,7.6018
26498,8.6567
26499,8.2812
26500,6.0226
26501,6.7358
26502,7.0
26503,8.1976
26504,7.6018
26505,6.8
26506,7.5065
26507,8.1714
26508,7.6018
26509,8.8556
26510,7.6018
26511,8.8431
26512,8.0238
26513,9.16
26514,6.5714
26515,7.5556
26516,5.9
26517,8.75
26518,7.6018
26519,5.0
26520,5.75
26521,8.4
26522,9.1667
26523,9.0
26524,6.2055
26525,7.9231
26526,4.8
26527,6.6667
26528,7.2595
26529,7.2595
26530,7.6018
26531,7.9
26532,6.0
26533,7.4211
26534,5.1667
26535,5.65
26536,7.8056
26537,7.5
26538,7.6018
26539,10.0
26540,7.6018
26541,6.9737
26542,5.6667
26543,5.8182
26544,5.95
26545,6.375
26546,7.6268
26547,5.0752
26548,9.1429
26549,7.6018
26550,7.6018
26551,7.6018
26552,7.5
26553,7.2595
26554,6.0958
26555,7.2595
26556,5.0752
26557,5.0752
26558,7.2595
26559,8.25
26560,7.6667
26561,7.6018
26562,5.4
26563,7.2595
26564,8.5
26565,8.7029
26566,7.1689
26567,8.2764
26568,9.3832
26569,7.1039
26570,10.0
26571,8.2676
26572,8.8556
26573,9.0227
26574,6.7581
26575,8.0
26576,7.3796
26577,6.6214
26578,7.8594
26579,7.2595
26580,7.2595
26581,8.0
26582,9.0262
26583,7.2941
26584,8.1667
26585,8.1043
26586,8.0094
26587,8.3333
26588,7.6923
26589,5.3333
26590,6.8
26591,7.6018
26592,7.0
26593,5.0752
26594,7.6018
26595,6.3333
26596,7.2595
26597,8.0
26598,7.3333
26599,8.875
26600,10.0
26601,5.0752
26602,7.5505
26603,10.0
26604,7.3523
26605,7.2595
26606,7.6018
26607,6.35
26608,6.7917
26609,8.1111
26610,7.6018
26611,7.6018
26612,7.58
26613,7.2595
26614,8.0333
26615,8.1955
26616,8.3953
26617,6.6885
26618,9.3662
26619,7.6018
26620,6.25
26621,7.6018
26622,5.9091
26623,7.6018
26624,7.6
26625,7.3333
26626,5.9825
26627,7.2595
26628,8.2764
26629,7.0
26630,8.3778
26631,7.8636
26632,7.875
26633,6.0
26634,7.6018
26635,7.2595
26636,7.2846
26637,7.3523
26638,9.3455
26639,9.125
26640,8.0
26641,8.6567
26642,6.8125
26643,7.6018
26644,8.4474
26645,8.6567
26646,10.0
26647,7.6575
26648,8.0
26649,7.1689
26650,7.0
26651,8.1928
26652,8.5875
26653,9.6
26654,6.1538
26655,8.5625
26656,5.0752
26657,6.6
26658,7.6018
26659,7.6018
26660,6.5833
26661,4.8
26662,8.75
26663,8.0455
26664,9.0
26665,7.6018
26666,8.3333
26667,6.875
26668,7.9947
26669,8.4
26670,7.2432
26671,7.6018
26672,7.4444
26673,7.75
26674,7.8617
26675,7.3523
26676,8.0
26677,6.4921
26678,7.0
26679,7.2595
26680,7.3158
26681,7.8617
26682,10.0
26683,7.0
26684,8.375
26685,7.25
26686,6.6667
26687,6.3846
26688,7.0
26689,7.2917
26690,9.4841
26691,6.0
26692,8.1111
26693,7.6018
26694,8.0
26695,4.3333
26696,8.375
26697,8.1053
26698,6.5
26699,8.0
26700,6.6667
26701,5.5
26702,6.0226
26703,7.6018
26704,7.2595
26705,6.6
26706,7.0818
26707,7.1039
26708,7.7009
26709,7.625
26710,7.6018
26711,6.6214
26712,8.75
26713,7.2243
26714,5.4
26715,7.0
26716,7.0
26717,7.6018
26718,6.0958
26719,7.4339
26720,7.0
26721,8.0
26722,7.5952
26723,7.6667
26724,7.6018
26725,7.1667
26726,7.3103
26727,7.5339
26728,7.9559
26729,8.48
26730,7.2595
26731,9.4841
26732,7.6667
26733,8.1538
26734,7.25
26735,7.9273
26736,10.0
26737,8.0
26738,7.2595
26739,7.7009
26740,7.7429
26741,8.8556
26742,7.9947
26743,7.3333
26744,9.4583
26745,7.9744
26746,7.4118
26747,8.3333
26748,7.2243
26749,5.8182
26750,7.5065
26751,9.0
26752,6.6667
26753,8.0
26754,8.2143
26755,7.2595
26756,8.0
26757,8.0
26758,8.4091
26759,7.6018
26760,7.6018
26761,7.5
26762,8.9796
26763,7.6018
26764,8.75
26765,7.75
26766,7.5938
26767,7.6018
26768,7.6018
26769,7.6018
26770,8.2727
26771,7.9947
26772,5.5753
26773,7.4444
26774,7.25
26775,10.0
26776,7.8916
26777,10.0
26778,6.0
26779,8.6667
26780,6.2667
26781,7.1667
26782,5.0752
26783,7.6018
26784,8.0
26785,7.5714
26786,6.6885
26787,7.0577
26788,7.6018
26789,7.2595
26790,9.7907
26791,8.1111
26792,8.4074
26793,7.5833
26794,4.0
26795,5.0
26796,9.6
26797,4.4
26798,7.2595
26799,7.0
26800,6.3846
26801,7.6018
26802,5.2
26803,8.8421
26804,8.1486
26805,7.3846
26806,9.0
26807,7.1689
26808,7.5952
26809,6.8
26810,8.0556
26811,7.815
26812,8.4286
26813,8.0833
26814,5.5401
26815,7.7449
26816,6.3786
26817,6.5
26818,9.3158
26819,7.8182
26820,8.2963
26821,7.3148
26822,8.5
26823,6.9583
26824,8.16
26825,8.0
26826,7.45
26827,8.3636
26828,7.2595
26829,7.6018
26830,5.0
26831,7.6018
26832,8.0
26833,7.2595
26834,7.6018
26835,8.75
26836,7.7692
26837,7.2595
26838,7.4211
26839,7.2595
26840,7.1212
26841,7.1689
26842,5.25
26843,8.0
26844,7.6018
26845,7.0
26846,8.8727
26847,7.7826
26848,8.3333
26849,6.5
26850,7.0
26851,7.6
26852,9.1765
26853,7.9947
26854,7.7407
26855,7.0
26856,7.2595
26857,7.7971
26858,8.2676
26859,7.6018
26860,8.6667
26861,9.3662
26862,8.3382
26863,9.0
26864,7.1039
26865,8.4091
26866,5.8214
26867,9.4632
26868,8.8333
26869,8.1277
26870,9.3832
26871,7.2308
26872,8.0
26873,9.125
26874,8.0
26875,7.8916
26876,8.8421
26877,7.5
26878,6.2222
26879,8.873
26880,6.6667
26881,9.0
26882,8.0
26883,8.4286
26884,7.6429
26885,8.2353
26886,7.0
26887,7.15
26888,8.1579
26889,7.3523
26890,5.5753
26891,6.7358
26892,8.7778
26893,7.6018
26894,6.8182
26895,7.0
26896,8.6579
26897,7.9565
26898,7.6018
26899,7.6018
26900,9.0
26901,10.0
26902,7.5065
26903,8.8556
26904,5.1355
26905,6.4921
26906,7.2595
26907,8.8556
26908,6.7143
26909,7.2595
26910,6.5
26911,7.6471
26912,7.0
26913,8.2
26914,6.375
26915,7.6268
26916,10.0
26917,8.8
26918,6.4921
26919,7.53
26920,7.4194
26921,7.4865
26922,7.5
26923,7.6018
26924,9.134
26925,8.8556
26926,9.134
26927,7.6018
26928,7.6018
26929,7.0667
26930,7.6018
26931,7.6087
26932,9.0
26933,4.0
26934,7.2595
26935,6.2
26936,7.1111
26937,7.2595
26938,7.6018
26939,7.6018
26940,7.2595
26941,7.6018
26942,8.25
26943,8.9403
26944,4.5455
26945,5.0
26946,8.0
26947,7.0
26948,7.2391
26949,8.0
26950,8.9315
26951,7.1944
26952,8.8556
26953,7.6018
26954,8.2
26955,8.0
26956,5.0
26957,7.6471
26958,7.5065
26959,6.5
26960,7.2258
26961,8.0
26962,7.918
26963,7.3523
26964,6.7358
26965,6.3333
26966,7.3796
26967,5.8214
26968,7.6018
26969,6.0
26970,7.4
26971,6.0909
26972,6.8
26973,10.0
26974,7.4
26975,6.3333
26976,7.8889
26977,7.8182
26978,7.6018
26979,7.2595
26980,7.5714
26981,7.5556
26982,6.1034
26983,7.5
26984,1.0
26985,7.2595
26986,6.6
26987,7.3523
26988,9.25
26989,7.2595
26990,7.6018
26991,8.8556
26992,7.2846
26993,7.0
26994,5.0752
26995,8.8
26996,6.0958
26997,8.5
26998,8.7404
26999,7.6667
27000,7.0882
27001,7.2595
27002,7.3103
27003,6.0
27004,8.7368
27005,8.5
27006,7.6018
27007,5.9
27008,5.6154
27009,9.7907
27010,7.0
27011,5.5753
27012,8.0
27013,8.2105
27014,7.0
27015,7.2595
27016,6.0
27017,9.7907
27018,7.2595
27019,8.85
27020,7.0
27021,8.8556
27022,5.1355
27023,7.0
27024,7.5
27025,7.5
27026,7.6018
27027,6.4286
27028,6.0909
27029,8.4286
27030,8.5
27031,9.0811
27032,7.5968
27033,7.2
27034,7.6018
27035,7.3333
27036,7.4
27037,8.25
27038,7.375
27039,5.0752
27040,5.0752
27041,6.8377
27042,5.7
27043,8.8667
27044,8.1955
27045,6.0226
27046,6.6667
27047,7.6268
27048,7.8333
27049,6.0
27050,7.5455
27051,7.5862
27052,8.873
27053,5.0
27054,7.6018
27055,8.0
27056,7.0
27057,7.4054
27058,7.6018
27059,5.0752
27060,7.7778
27061,7.6018
27062,8.1667
27063,7.3796
27064,8.5
27065,8.5
27066,5.0752
27067,7.2595
27068,6.2222
27069,7.5
27070,8.1852
27071,7.2595
27072,6.0
27073,7.0
27074,8.7368
27075,7.1429
27076,8.6667
27077,7.3333
27078,9.4878
27079,7.6018
27080,6.3333
27081,8.7234
27082,7.2595
27083,7.2595
27084,7.0
27085,7.6018
27086,7.6018
27087,5.1667
27088,6.625
27089,7.0484
27090,8.3333
27091,7.5065
27092,7.6018
27093,7.2595
27094,6.0
27095,9.0
27096,6.7778
27097,9.3455
27098,7.6018
27099,7.375
27100,7.0
27101,6.6667
27102,7.0
27103,7.7236
27104,6.6214
27105,7.815
27106,6.8824
27107,8.0
27108,7.7762
27109,7.96
27110,7.5065
27111,8.4545
27112,7.4151
27113,5.0752
27114,5.0
27115,7.2595
27116,6.25
27117,9.0262
27118,8.8556
27119,7.6018
27120,7.2941
27121,8.8556
27122,7.2595
27123,8.4286
27124,8.541
27125,6.4
27126,7.6018
27127,7.4545
27128,8.5625
27129,8.2676
27130,7.2
27131,8.283
27132,7.2595
27133,7.2595
27134,7.5
27135,7.2595
27136,7.6018
27137,8.1043
27138,8.5
27139,8.8556
27140,7.6667
27141,7.6018
27142,8.1829
27143,8.8556
27144,8.6176
27145,7.2595
27146,7.6018
27147,8.2857
27148,7.2595
27149,7.4151
27150,8.0
27151,8.8556
27152,7.5065
27153,7.3902
27154,4.0
27155,7.6018
27156,6.9412
27157,6.0
27158,7.2595
27159,7.2595
27160,7.25
27161,5.0
27162,5.0752
27163,5.6667
27164,7.3333
27165,8.1955
27166,6.8377
27167,7.1212
27168,7.2595
27169,6.7
27170,7.6018
27171,6.6
27172,8.0
27173,7.6018
27174,7.6018
27175,10.0
27176,7.2595
27177,7.2595
27178,9.0
27179,7.6268
27180,9.6216
27181,8.5714
27182,8.4091
27183,7.75
27184,7.0
27185,7.5
27186,7.7429
27187,8.05
27188,7.5882
27189,6.625
27190,7.6018
27191,7.1429
27192,7.6018
27193,7.6018
27194,6.9583
27195,7.6018
27196,10.0
27197,7.2595
27198,8.0417
27199,7.6018
27200,7.6018
27201,8.0
27202,7.2595
27203,6.5
27204,9.4583
27205,7.6018
27206,7.4421
27207,7.2595
27208,7.5
27209,7.2595
27210,8.8556
27211,6.0
27212,7.8125
27213,7.6018
27214,7.6268
27215,7.8
27216,6.6667
27217,7.9452
27218,8.375
27219,5.0909
27220,7.6018
27221,7.2595
27222,7.5
27223,7.2143
27224,5.0
27225,8.3953
27226,7.5278
27227,9.6667
27228,7.2243
27229,7.3523
27230,9.0262
27231,5.0
27232,7.6
27233,7.6018
27234,9.0262
27235,8.9655
27236,7.5065
27237,9.2353
27238,7.6018
27239,8.0
27240,6.25
27241,8.0
27242,7.9
27243,9.1429
27244,7.2595
27245,6.2055
27246,8.5
27247,8.5769
27248,7.2595
27249,8.8556
27250,7.0833
27251,8.8556
27252,7.125
27253,8.8556
27254,6.3786
27255,7.0
27256,8.25
27257,6.0
27258,7.9231
27259,7.2595
27260,8.8556
27261,5.1385
27262,5.4286
27263,5.0
27264,6.6471
27265,8.0
27266,7.3846
27267,7.8
27268,7.6575
27269,8.1852
27270,7.5505
27271,7.2595
27272,7.6018
27273,10.0
27274,7.6018
27275,9.0262
27276,5.5
27277,7.6018
27278,7.5065
27279,7.2
27280,8.8556
27281,7.5065
27282,5.8214
27283,7.9688
27284,8.0
27285,6.25
27286,6.6667
27287,7.6018
27288,7.6018
27289,7.6018
27290,7.2
27291,6.8571
27292,8.7778
27293,7.6018
27294,7.2595
27295,7.6018
27296,8.7091
27297,4.6667
27298,7.6018
27299,8.8556
27300,9.3662
27301,6.7403
27302,9.4545
27303,7.7838
27304,8.0
27305,8.6667
27306,7.2857
27307,9.0262
27308,7.3523
27309,8.8556
27310,7.6018
27311,7.0
27312,7.9947
27313,7.2595
27314,8.0909
27315,7.6667
27316,8.8556
27317,8.3778
27318,8.5875
27319,7.8431
27320,7.3913
27321,9.0227
27322,8.7391
27323,7.625
27324,8.3684
27325,7.5472
27326,7.7188
27327,7.6018
27328,9.0
27329,6.0
27330,7.4286
27331,7.2595
27332,7.6018
27333,9.2857
27334,6.9375
27335,8.3731
27336,8.873
27337,8.2308
27338,8.7091
27339,8.8556
27340,6.9143
27341,6.5
27342,8.037
27343,6.8125
27344,9.0
27345,8.3636
27346,8.0
27347,9.2
27348,8.5875
27349,8.2
27350,8.3
27351,7.6018
27352,6.7328
27353,7.1321
27354,7.6018
27355,7.1689
27356,7.1455
27357,7.6018
27358,8.8556
27359,7.2595
27360,5.1355
27361,9.1176
27362,7.6018
27363,8.8958
27364,7.3462
27365,7.0
27366,7.5254
27367,8.7029
27368,8.0
27369,8.6
27370,10.0
27371,5.8
27372,7.6268
27373,7.3523
27374,7.2595
27375,7.84
27376,7.2963
27377,9.3455
27378,6.6842
27379,10.0
27380,7.2595
27381,7.2595
27382,7.6018
27383,7.6018
27384,8.5833
27385,8.7234
27386,9.075
27387,5.0752
27388,6.5
27389,9.0
27390,7.6923
27391,7.3438
27392,7.0294
27393,8.2857
27394,6.1818
27395,8.541
27396,7.5476
27397,5.4
27398,7.6018
27399,7.6364
27400,6.1538
27401,6.8276
27402,7.6957
27403,5.4615
27404,7.6571
27405,9.0
27406,7.5714
27407,7.3523
27408,7.0
27409,7.6018
27410,8.0
27411,7.6018
27412,8.0455
27413,8.8556
27414,7.0
27415,7.75
27416,8.0755
27417,6.4
27418,8.0952
27419,8.7
27420,8.5753
27421,6.2308
27422,7.6018
27423,7.2595
27424,7.6018
27425,9.3333
27426,7.8
27427,5.0
27428,5.0752
27429,7.8812
27430,6.7143
27431,7.5
27432,6.0
27433,6.0303
27434,7.2595
27435,7.1689
27436,8.8556
27437,8.037
27438,8.0
27439,9.0
27440,9.4583
27441,5.75
27442,7.5065
27443,10.0
27444,8.5833
27445,9.0
27446,7.2595
27447,8.0
27448,6.6667
27449,9.4583
27450,7.918
27451,7.5
27452,7.0
27453,8.5036
27454,8.7029
27455,7.6018
27456,7.9947
27457,7.4421
27458,7.6018
27459,7.2595
27460,7.6018
27461,7.6018
27462,7.6018
27463,7.5333
27464,7.6018
27465,6.6
27466,7.5
27467,5.0
27468,5.875
27469,7.6018
27470,7.2595
27471,4.75
27472,8.0
27473,8.122
27474,6.6214
27475,7.3523
27476,8.1136
27477,8.0
27478,7.5
27479,7.1667
27480,6.2667
27481,5.0752
27482,7.6
27483,8.5165
27484,9.3333
27485,7.2595
27486,7.8889
27487,7.7143
27488,7.6018
27489,9.3662
27490,6.7328
27491,6.75
27492,7.6018
27493,7.6018
27494,8.9796
27495,6.6885
27496,7.53
27497,7.6018
27498,6.5769
27499,7.4339
27500,8.3333
27501,8.1429
27502,5.1385
27503,7.6018
27504,7.0
27505,8.9403
27506,8.4474
27507,8.8556
27508,7.6018
27509,8.7029
27510,7.0345
27511,7.2595
27512,7.5339
27513,7.8947
27514,7.6018
27515,8.0
27516,4.0
27517,6.4348
27518,6.0226
27519,8.4
27520,9.3455
27521,6.3333
27522,8.2353
27523,7.6018
27524,7.6667
27525,5.5401
27526,7.3333
27527,7.6018
27528,7.6714
27529,7.6667
27530,8.1667
27531,7.2595
27532,10.0
27533,6.6809
27534,7.5065
27535,6.5161
27536,8.875
27537,7.2595
27538,7.5065
27539,7.6667
27540,8.8556
27541,7.885
27542,6.7917
27543,8.6579
27544,7.0
27545,7.3523
27546,7.1689
27547,7.6018
27548,6.9524
27549,8.0714
27550,10.0
27551,7.3523
27552,6.7581
27553,8.25
27554,6.5
27555,5.1355
27556,8.8556
27557,7.1689
27558,8.0294
27559,7.6842
27560,9.2222
27561,7.5065
27562,5.5
27563,7.6018
27564,7.5505
27565,7.6018
27566,7.7762
27567,8.5036
27568,8.8556
27569,8.0
27570,8.0
27571,8.0
27572,6.8857
27573,8.5
27574,6.0
27575,6.9
27576,7.1039
27577,8.1818
27578,7.2963
27579,6.8947
27580,8.0909
27581,8.5556
27582,8.023
27583,7.6018
27584,4.5
27585,5.6667
27586,8.1043
27587,5.3333
27588,7.5065
27589,8.9444
27590,7.2595
27591,7.9947
27592,9.6667
27593,9.4841
27594,7.25
27595,7.1
27596,7.6667
27597,8.8556
27598,7.7762
27599,8.4667
27600,8.2353
27601,7.6018
27602,5.1667
27603,7.6018
27604,8.7029
27605,8.05
27606,7.6018
27607,7.5065
27608,7.6018
27609,7.4167
27610,7.7188
27611,7.53
27612,7.6018
27613,7.5
27614,7.72
27615,7.6018
27616,7.6268
27617,7.7449
27618,9.0
27619,6.6316
27620,5.6667
27621,7.5254
27622,10.0
27623,8.8556
27624,7.9143
27625,7.5333
27626,9.075
27627,5.5753
27628,8.8824
27629,8.9403
27630,7.6018
27631,8.7391
27632,8.8958
27633,8.8556
27634,6.6
27635,7.7778
27636,9.4878
27637,7.6018
27638,7.6714
27639,7.6018
27640,8.58
27641,5.4
27642,5.5401
27643,7.2595
27644,7.2595
27645,8.0294
27646,7.6018
27647,6.0226
27648,8.0385
27649,5.25
27650,8.6
27651,6.0714
27652,9.3455
27653,7.6018
27654,6.5714
27655,7.5505
27656,7.4615
27657,8.2109
27658,8.0429
27659,7.5333
27660,8.5165
27661,7.3404
27662,7.5714
27663,8.0
27664,7.6018
27665,8.8556
27666,7.6
27667,7.5333
27668,8.0455
27669,6.875
27670,7.2
27671,5.2857
27672,8.9655
27673,6.88
27674,7.6018
27675,7.5952
27676,7.2595
27677,7.6923
27678,8.2857
27679,8.1955
27680,7.1321
27681,7.7188
27682,7.75
27683,8.0
27684,7.4286
27685,7.8182
27686,7.5294
27687,7.6897
27688,7.25
27689,7.2595
27690,9.1176
27691,8.64
27692,5.0
27693,6.8333
27694,8.4118
27695,9.0
27696,6.8333
27697,6.2222
27698,8.7404
27699,7.2429
27700,9.3455
27701,7.0
27702,6.3333
27703,7.1689
27704,6.0226
27705,6.3333
27706,7.55
27707,5.5
27708,7.6018
27709,7.8636
27710,6.0
27711,6.8889
27712,5.0752
27713,8.625
27714,4.0
27715,7.3523
27716,8.8556
27717,8.3333
27718,6.0
27719,8.3333
27720,8.3571
27721,8.5
27722,8.0
27723,5.3333
27724,7.2595
27725,7.2595
27726,7.6018
27727,7.0
27728,5.0752
27729,6.5
27730,7.6018
27731,8.3333
27732,8.069
27733,8.92
27734,5.5
27735,6.875
27736,8.1277
27737,7.5
27738,7.25
27739,7.2595
27740,6.7143
27741,7.5965
27742,5.0752
27743,7.0
27744,5.0752
27745,5.881
27746,8.8556
27747,7.6018
27748,7.9286
27749,7.5574
27750,7.9
27751,7.6018
27752,9.3455
27753,8.8556
27754,6.7328
27755,7.5952
27756,7.6018
27757,6.2055
27758,5.0752
27759,8.0755
27760,6.0226
27761,6.9483
27762,7.6018
27763,6.6885
27764,7.5556
27765,8.2353
27766,8.1538
27767,7.2595
27768,7.6018
27769,7.2
27770,7.2595
27771,5.1355
27772,7.6018
27773,7.2595
27774,8.931
27775,8.6471
27776,7.5
27777,8.0
27778,6.7403
27779,7.6018
27780,5.0752
27781,4.5
27782,9.25
27783,6.5
27784,5.8214
27785,7.2595
27786,6.3
27787,8.7029
27788,6.25
27789,6.6885
27790,8.8556
27791,8.4091
27792,7.5926
27793,7.5714
27794,7.6018
27795,7.3333
27796,6.625
27797,8.0833
27798,7.4151
27799,8.5714
27800,7.6
27801,7.0
27802,8.2222
27803,9.125
27804,7.1667
27805,7.3523
27806,4.6
27807,9.0
27808,7.6018
27809,8.6
27810,8.7029
27811,8.0909
27812,8.9905
27813,5.1429
27814,8.5
27815,7.0
27816,9.6139
27817,9.8667
27818,8.8958
27819,6.7273
27820,7.2595
27821,7.2432
27822,8.8556
27823,8.9828
27824,8.8387
27825,5.5
27826,8.875
27827,7.8
27828,5.8966
27829,7.6018
27830,7.0
27831,7.5472
27832,7.2903
27833,7.8182
27834,8.0
27835,7.2595
27836,6.2
27837,7.3523
27838,6.0226
27839,8.5556
27840,8.0238
27841,8.1429
27842,6.0
27843,8.3939
27844,7.2595
27845,7.6268
27846,5.5
27847,5.875
27848,7.0345
27849,6.6
27850,6.4921
27851,8.7029
27852,9.8182
27853,8.0
27854,8.9333
27855,9.0
27856,8.8556
27857,8.283
27858,7.2595
27859,7.6018
27860,8.0
27861,9.3455
27862,7.6018
27863,6.9167
27864,8.5833
27865,7.6018
27866,7.6268
27867,8.8889
27868,8.8556
27869,7.6429
27870,9.0262
27871,7.9947
27872,5.7059
27873,8.5
27874,8.7805
27875,7.9167
27876,8.0
27877,8.0667
27878,7.4146
27879,7.6018
27880,7.2595
27881,7.6122
27882,7.6667
27883,6.4444
27884,8.1043
27885,7.6018
27886,7.6667
27887,7.0
27888,8.8
27889,8.8556
27890,7.5065
27891,9.375
27892,7.7236
27893,6.8333
27894,8.5
27895,8.5753
27896,7.5065
27897,7.6018
27898,8.6667
27899,7.6018
27900,8.7029
27901,7.6018
27902,7.6018
27903,7.8916
27904,7.3333
27905,7.0714
27906,8.9905
27907,7.3523
27908,5.8519
27909,8.8556
27910,6.3333
27911,6.8333
27912,7.6018
27913,8.1852
27914,6.5714
27915,8.1579
27916,7.6268
27917,6.6471
27918,6.0226
27919,7.2595
27920,8.4091
27921,7.6018
27922,7.6018
27923,7.6018
27924,7.5505
27925,5.1355
27926,8.8556
27927,6.7129
27928,8.0238
27929,8.7143
27930,8.0
27931,7.6018
27932,8.0
27933,7.5
27934,7.6018
27935,6.0
27936,9.2857
27937,8.2109
27938,9.6139
27939,8.5165
27940,7.5
27941,7.6268
27942,7.2432
27943,7.6018
27944,7.9947
27945,8.5165
27946,8.1765
27947,7.7449
27948,5.1667
27949,7.5
27950,8.375
27951,7.6018
27952,6.5161
27953,8.7903
27954,6.5429
27955,6.0
27956,8.8556
27957,6.5
27958,9.7907
27959,7.0
27960,7.6018
27961,8.541
27962,7.6018
27963,6.0
27964,8.8462
27965,7.4444
27966,7.6018
27967,5.5
27968,7.6944
27969,5.0752
27970,7.25
27971,7.0
27972,6.6522
27973,7.3333
27974,8.0
27975,8.4474
27976,6.6
27977,9.0
27978,7.6018
27979,9.134
27980,7.6018
27981,7.4824
27982,7.6018
27983,7.3913
27984,8.5036
27985,8.3
27986,7.6018
27987,5.8529
27988,7.6667
27989,7.1689
27990,7.5574
27991,8.6667
27992,8.9828
27993,7.3523
27994,8.1818
27995,6.8857
27996,9.2353
27997,7.6018
27998,6.0
27999,7.4444
28000,8.8556
28001,7.0
28002,7.9375
28003,8.8556
28004,7.4706
28005,7.9947
28006,5.75
28007,5.7143
28008,6.1667
28009,7.2595
28010,8.8556
28011,8.2019
28012,7.3902
28013,8.9403
28014,7.0
28015,8.0
28016,7.2222
28017,8.1875
28018,7.7762
28019,5.0
28020,8.8556
28021,7.6018
28022,7.2595
28023,7.6018
28024,7.5065
28025,7.3973
28026,8.1486
28027,7.2595
28028,8.88
28029,8.8556
28030,8.2368
28031,7.6018
28032,6.6471
28033,9.1429
28034,7.6018
28035,5.8529
28036,7.0
28037,8.4118
28038,7.0
28039,8.8727
28040,5.0752
28041,7.6018
28042,9.3832
28043,8.2
28044,7.6018
28045,7.6571
28046,6.6667
28047,7.6018
28048,8.0
28049,6.6667
28050,8.2105
28051,9.0
28052,10.0
28053,8.8556
28054,7.8462
28055,8.9655
28056,7.2595
28057,6.0
28058,8.0
28059,9.0
28060,8.7903
28061,8.0
28062,8.0
28063,8.0238
28064,6.8125
28065,7.5263
28066,5.4286
28067,8.9403
28068,9.0
28069,5.1429
28070,6.8621
28071,7.918
28072,7.6018
28073,8.0667
28074,7.6018
28075,7.918
28076,10.0
28077,7.5
28078,6.8182
28079,6.0
28080,9.3662
28081,6.3514
28082,8.4634
28083,7.6018
28084,8.8556
28085,6.0
28086,8.7029
28087,7.8333
28088,7.2595
28089,6.0226
28090,8.5
28091,8.0
28092,8.45
28093,9.6429
28094,8.0625
28095,7.0
28096,7.8056
28097,7.3478
28098,8.875
28099,6.0958
28100,8.8556
28101,7.2595
28102,7.6018
28103,8.8556
28104,5.8333
28105,7.6087
28106,5.0752
28107,7.6018
28108,8.1667
28109,9.3662
28110,7.6018
28111,7.6018
28112,7.2595
28113,7.4444
28114,7.1667
28115,7.6018
28116,6.8
28117,5.0752
28118,7.2432
28119,7.6268
28120,7.6018
28121,8.1111
28122,8.1
28123,6.6667
28124,9.0
28125,7.6018
28126,8.88
28127,8.2
28128,8.4286
28129,7.2595
28130,8.0238
28131,7.8125
28132,6.9091
28133,7.4339
28134,8.1389
28135,7.6018
28136,8.7273
28137,6.1538
28138,7.9231
28139,7.1689
28140,7.2595
28141,7.6018
28142,7.6809
28143,8.8556
28144,8.6176
28145,7.2595
28146,7.1111
28147,7.1689
28148,8.6111
28149,7.069
28150,9.4841
28151,8.8387
28152,9.4583
28153,5.0
28154,6.6667
28155,8.3333
28156,7.6018
28157,8.0
28158,7.5574
28159,8.5
28160,8.375
28161,8.1955
28162,9.0
28163,5.5
28164,8.0
28165,7.3796
28166,8.05
28167,6.8889
28168,7.6018
28169,8.0
28170,8.9828
28171,8.2
28172,7.5339
28173,8.0
28174,7.6018
28175,7.4421
28176,5.8529
28177,5.1355
28178,9.16
28179,8.6667
28180,7.7667
28181,8.4474
28182,8.7029
28183,6.6
28184,5.4074
28185,8.0
28186,9.5
28187,7.2595
28188,6.3333
28189,7.3333
28190,7.5
28191,8.0
28192,7.9947
28193,7.2595
28194,7.6018
28195,8.1818
28196,8.5714
28197,5.0
28198,7.6018
28199,8.28
28200,7.8333
28201,7.6897
28202,8.0
28203,7.8
28204,7.0
28205,7.0492
28206,9.2
28207,7.6018
28208,8.0
28209,8.2019
28210,7.8333
28211,6.6885
28212,8.5909
28213,7.6018
28214,7.1689
28215,8.2105
28216,6.7143
28217,5.2857
28218,8.1486
28219,6.3
28220,8.0
28221,7.6018
28222,5.0
28223,8.1111
28224,7.1429
28225,10.0
28226,7.6667
28227,6.0
28228,7.3478
28229,9.0
28230,7.375
28231,5.5753
28232,6.0226
28233,9.0
28234,7.0
28235,7.0
28236,8.8556
28237,7.2595
28238,8.0
28239,6.0
28240,7.0
28241,7.6018
28242,9.0
28243,7.7449
28244,10.0
28245,8.2128
28246,7.1613
28247,7.6018
28248,8.8556
28249,7.6018
28250,6.0958
28251,8.1538
28252,7.125
28253,7.2429
28254,5.0752
28255,7.0
28256,7.0
28257,8.023
28258,7.3796
28259,7.9452
28260,8.8556
28261,9.0262
28262,8.7091
28263,7.2595
28264,8.8556
28265,4.0
28266,7.1689
28267,8.5
28268,9.6216
28269,7.6018
28270,8.2764
28271,9.5
28272,6.5
28273,9.0
28274,7.6897
28275,7.875
28276,6.8377
28277,6.0958
28278,8.16
28279,7.6667
28280,8.75
28281,5.0752
28282,6.7374
28283,8.2857
28284,9.0
28285,8.0
28286,8.3571
28287,6.6316
28288,10.0
28289,7.8617
28290,6.3333
28291,9.6429
28292,8.4091
28293,6.8889
28294,5.1385
28295,5.25
28296,9.3455
28297,8.7029
28298,8.88
28299,6.3333
28300,7.6018
28301,7.3973
28302,5.7273
28303,8.0
28304,8.0
28305,8.7091
28306,8.8333
28307,5.0752
28308,7.2595
28309,7.6061
28310,7.5
28311,7.1818
28312,7.9947
28313,7.6018
28314,7.815
28315,6.7619
28316,8.1111
28317,10.0
28318,8.0625
28319,5.6667
28320,6.0
28321,8.3939
28322,8.1852
28323,7.6018
28324,8.2222
28325,8.8556
28326,6.8
28327,6.0226
28328,7.6018
28329,7.125
28330,9.0
28331,6.6
28332,8.0455
28333,9.134
28334,6.7403
28335,7.6018
28336,7.0
28337,7.8148
28338,8.5753
28339,7.1667
28340,8.8889
28341,7.9091
28342,6.0226
28343,7.0
28344,5.5753
28345,8.7029
28346,8.1
28347,7.5065
28348,7.6667
28349,8.9714
28350,7.2595
28351,7.6018
28352,8.3333
28353,6.9
28354,8.8125
28355,7.6018
28356,6.0
28357,7.6018
28358,7.6018
28359,7.9947
28360,7.2595
28361,5.8214
28362,8.25
28363,7.0
28364,7.6018
28365,8.0
28366,7.6018
28367,7.0
28368,7.6018
28369,7.9298
28370,7.5952
28371,6.7328
28372,9.1373
28373,8.7812
28374,8.3571
28375,7.6018
28376,7.4444
28377,9.1111
28378,7.5
28379,7.6018
28380,9.1786
28381,8.0
28382,8.2
28383,7.6018
28384,5.5753
28385,7.6018
28386,7.2258
28387,5.0752
28388,7.8077
28389,6.7129
28390,5.0
28391,7.3636
28392,7.2595
28393,6.625
28394,9.3455
28395,7.3333
28396,7.6018
28397,7.0
28398,5.8214
28399,8.3731
28400,7.4421
28401,7.5714
28402,7.6364
28403,8.3778
28404,7.8824
28405,7.7449
28406,5.1355
28407,9.3455
28408,8.3077
28409,8.9828
28410,8.3333
28411,7.125
28412,7.8966
28413,7.6018
28414,7.8916
28415,7.1689
28416,8.0455
28417,7.5254
28418,5.5753
28419,7.5574
28420,7.6018
28421,8.0
28422,5.8529
28423,7.885
28424,7.6018
28425,8.8556
28426,8.5036
28427,5.1355
28428,7.2595
28429,7.0714
28430,7.6018
28431,5.25
28432,7.6018
28433,7.6018
28434,4.6667
28435,6.5
28436,7.6018
28437,8.6667
28438,8.75
28439,7.625
28440,7.6018
28441,8.7029
28442,7.5556
28443,7.6018
28444,9.5714
28445,8.9655
28446,6.7
28447,7.2595
28448,5.0752
28449,7.25
28450,8.7091
28451,7.4118
28452,6.0
28453,8.8
28454,6.0
28455,10.0
28456,8.8556
28457,8.8333
28458,8.2105
28459,7.2595
28460,5.6667
28461,10.0
28462,7.2595
28463,8.88
28464,7.2595
28465,6.6667
28466,8.625
28467,7.0
28468,9.0
28469,7.8
28470,5.0
28471,9.4583
28472,8.5625
28473,7.4167
28474,8.0
28475,9.3455
28476,8.05
28477,7.4339
28478,7.2595
28479,7.2595
28480,7.6018
28481,8.85
28482,7.2429
28483,7.2846
28484,8.6111
28485,7.0909
28486,5.25
28487,5.881
28488,8.0909
28489,8.0455
28490,7.6018
28491,7.6018
28492,7.8812
28493,7.8077
28494,7.9667
28495,7.2595
28496,7.1689
28497,7.8889
28498,8.875
28499,5.5401
28500,5.0752
28501,7.2595
28502,8.3731
28503,5.1429
28504,9.0
28505,3.0
28506,8.2105
28507,7.5161
28508,7.6018
28509,7.0492
28510,8.8556
28511,8.2128
28512,7.6018
28513,8.7778
28514,6.6885
28515,9.0625
28516,7.6018
28517,7.2595
28518,5.1429
28519,7.0
28520,5.8214
28521,7.6018
28522,7.0
28523,7.1689
28524,7.3523
28525,8.0
28526,7.5065
28527,8.8556
28528,6.6667
28529,7.4421
28530,7.2846
28531,7.6018
28532,9.134
28533,7.6575
28534,8.3939
28535,7.4339
28536,7.2595
28537,7.6018
28538,6.1
28539,9.0811
28540,7.6018
28541,8.0
28542,7.6087
28543,7.2595
28544,7.6538
28545,8.5
28546,8.0
28547,7.6018
28548,10.0
28549,7.6018
28550,7.5
28551,8.1818
28552,7.6018
28553,7.0
28554,9.25
28555,7.8
28556,8.6719
28557,7.6087
28558,7.0484
28559,9.0
28560,7.6757
28561,5.4
28562,7.8941
28563,8.8889
28564,7.6944
28565,7.087
28566,5.875
28567,8.0
28568,7.6018
28569,7.6018
28570,7.6018
28571,9.075
28572,8.6567
28573,8.0
28574,7.6018
28575,8.1389
28576,8.4906
28577,8.8333
28578,7.7188
28579,8.0
28580,5.5
28581,6.8377
28582,7.2595
28583,8.0
28584,5.0
28585,7.2595
28586,5.1355
28587,6.5
28588,7.6018
28589,4.0
28590,8.25
28591,7.6018
28592,7.1039
28593,7.6018
28594,7.0
28595,5.0
28596,5.0752
28597,7.8941
28598,6.0
28599,8.8556
28600,8.8556
28601,7.2595
28602,7.828
28603,8.8556
28604,7.4746
28605,7.7449
28606,7.1039
28607,7.5333
28608,8.5833
28609,9.25
28610,7.0
28611,7.5952
28612,8.125
28613,7.2595
28614,6.3
28615,4.6667
28616,5.0752
28617,8.0
28618,7.6018
28619,6.8857
28620,7.1039
28621,7.75
28622,7.9559
28623,8.0426
28624,6.8621
28625,8.8556
28626,8.8302
28627,7.2595
28628,8.1
28629,6.5
28630,10.0
28631,7.2595
28632,7.3523
28633,7.9286
28634,9.6
28635,9.0
28636,8.8556
28637,6.0
28638,7.125
28639,6.5556
28640,7.9947
28641,8.2109
28642,6.7129
28643,5.8182
28644,7.7236
28645,9.4841
28646,8.8556
28647,8.7903
28648,7.7762
28649,8.7091
28650,8.92
28651,7.2432
28652,5.0
28653,8.023
28654,8.1538
28655,6.9737
28656,7.9947
28657,8.5
28658,7.6667
28659,7.0
28660,7.875
28661,8.0
28662,8.3333
28663,8.4
28664,6.7143
28665,6.5
28666,8.4634
28667,6.0226
28668,6.4
28669,8.4118
28670,5.1355
28671,7.7895
28672,7.6018
28673,5.0
28674,9.0256
28675,7.4444
28676,9.8667
28677,5.8519
28678,8.8556
28679,7.6018
28680,7.815
28681,7.4848
28682,7.5952
28683,8.0
28684,6.6667
28685,8.0426
28686,8.6667
28687,7.2595
28688,7.3523
28689,7.0833
28690,6.875
28691,7.6018
28692,6.1667
28693,7.9947
28694,7.6018
28695,7.6018
28696,8.122
28697,8.2109
28698,8.1829
28699,7.2595
28700,6.7358
28701,7.6018
28702,10.0
28703,7.3796
28704,6.1429
28705,7.2
28706,8.8556
28707,7.6018
28708,8.8333
28709,8.0
28710,6.4348
28711,10.0
28712,8.8333
28713,8.8556
28714,7.2595
28715,7.6018
28716,7.3333
28717,6.5
28718,8.1818
28719,7.6018
28720,7.9947
28721,7.8617
28722,7.6018
28723,8.1829
28724,7.8571
28725,9.1667
28726,9.0811
28727,8.3571
28728,8.8387
28729,8.7273
28730,9.1481
28731,8.8556
28732,9.4839
28733,8.1928
28734,7.871
28735,7.8
28736,8.2727
28737,8.3333
28738,7.5
28739,7.6944
28740,7.6018
28741,10.0
28742,7.5
28743,7.6018
28744,7.3333
28745,9.0
28746,7.9947
28747,7.6018
28748,5.7273
28749,9.5
28750,7.1429
28751,9.8667
28752,6.9688
28753,5.5
28754,7.7429
28755,9.0
28756,5.5753
28757,7.5556
28758,5.3333
28759,10.0
28760,9.0262
28761,7.6018
28762,8.8556
28763,8.0
28764,7.0
28765,6.4286
28766,7.6018
28767,7.6018
28768,7.0714
28769,5.3846
28770,8.0429
28771,7.3462
28772,8.0
28773,7.6018
28774,6.7
28775,7.9231
28776,7.25
28777,7.1689
28778,7.6
28779,5.1385
28780,7.1689
28781,8.3913
28782,7.2391
28783,7.6667
28784,6.7143
28785,7.6018
28786,8.8302
28787,7.5065
28788,8.2
28789,7.15
28790,7.7236
28791,6.9333
28792,5.0752
28793,7.6018
28794,7.6018
28795,7.5385
28796,7.5556
28797,8.5
28798,6.5769
28799,8.0625
28800,7.0577
28801,8.3731
28802,8.8556
28803,8.3
28804,8.5455
28805,7.0
28806,8.8556
28807,7.6429
28808,7.6429
28809,7.6
28810,7.8
28811,7.5333
28812,7.5
28813,7.6018
28814,6.7778
28815,7.6018
28816,8.4
28817,8.9444
28818,8.8556
28819,8.0294
28820,7.9947
28821,7.8617
28822,6.9655
28823,7.9947
28824,8.1976
28825,8.7234
28826,9.0262
28827,7.3523
28828,7.1538
28829,8.0
28830,7.4706
28831,6.0
28832,9.0262
28833,8.1976
28834,7.2595
28835,7.6018
28836,6.2055
28837,9.1176
28838,8.5714
28839,9.1333
28840,7.0
28841,6.6885
28842,8.8556
28843,8.8
28844,6.2055
28845,5.0752
28846,5.4
28847,8.023
28848,7.0
28849,6.0
28850,8.0385
28851,8.8556
28852,9.6139
28853,9.3333
28854,7.814
28855,7.5405
28856,7.25
28857,8.0556
28858,7.6018
28859,7.6018
28860,4.0
28861,8.2764
28862,8.3649
28863,6.3514
28864,6.5
28865,8.0
28866,7.6018
28867,7.5968
28868,8.4667
28869,8.1053
28870,7.2595
28871,6.7143
28872,8.0238
28873,7.2595
28874,8.0755
28875,7.5
28876,8.375
28877,8.0
28878,7.6018
28879,8.873
28880,7.2595
28881,5.375
28882,9.1395
28883,7.5
28884,5.2222
28885,7.4746
28886,8.122
28887,9.0
28888,7.6018
28889,5.0752
28890,8.2109
28891,7.6018
28892,6.625
28893,8.8556
28894,8.9828
28895,8.7805
28896,7.0
28897,7.2595
28898,7.4211
28899,7.7762
28900,8.7029
28901,5.9825
28902,7.6018
28903,7.6268
28904,7.6018
28905,7.828
28906,7.8333
28907,7.7778
28908,6.9375
28909,8.0
28910,7.4421
28911,7.3913
28912,7.6122
28913,7.815
28914,6.5
28915,9.125
28916,8.8333
28917,8.1
28918,8.5753
28919,6.64
28920,7.7838
28921,7.5952
28922,10.0
28923,7.2595
28924,7.7143
28925,7.8636
28926,8.2368
28927,6.25
28928,7.6018
28929,5.65
28930,7.2595
28931,5.9825
28932,7.2595
28933,6.7143
28934,9.3832
28935,8.4
28936,5.4
28937,7.3438
28938,6.2143
28939,7.2595
28940,7.5
28941,8.4091
28942,8.7404
28943,5.5401
28944,7.6667
28945,7.6018
28946,7.2595
28947,7.0
28948,9.3455
28949,7.5
28950,8.4444
28951,10.0
28952,7.6018
28953,7.2595
28954,7.4
28955,7.2595
28956,7.5968
28957,7.0
28958,7.3523
28959,6.7358
28960,7.0
28961,5.6667
28962,7.6018
28963,8.8571
28964,7.2595
28965,7.0882
28966,8.0
28967,7.3973
28968,7.6018
28969,8.8556
28970,8.1955
28971,7.0
28972,5.5401
28973,7.2595
28974,8.8302
28975,8.2812
28976,7.6714
28977,7.6667
28978,6.0
28979,7.2595
28980,7.6018
28981,6.75
28982,7.9577
28983,7.7971
28984,8.0
28985,7.0484
28986,7.7971
28987,9.1667
28988,8.16
28989,6.8125
28990,7.6
28991,9.0
28992,8.6842
28993,7.2595
28994,7.0
28995,7.2917
28996,9.4841
28997,5.4286
28998,7.6018
28999,8.3333
29000,7.2595
29001,8.5818
29002,8.0455
29003,6.6885
29004,7.6018
29005,9.4286
29006,7.0
29007,7.9947
29008,4.4
29009,7.5
29010,6.0
29011,8.122
29012,5.0752
29013,8.7105
29014,8.8667
29015,6.7
29016,7.0
29017,7.1667
29018,7.2595
29019,7.5065
29020,5.0
29021,7.2595
29022,8.0
29023,8.3913
29024,6.129
29025,6.2381
29026,7.6268
29027,8.1111
29028,7.375
29029,8.1486
29030,8.8556
29031,7.6018
29032,8.1875
29033,7.3523
29034,7.8594
29035,7.9286
29036,5.7
29037,9.1765
29038,7.6018
29039,8.8556
29040,9.3455
29041,7.2727
29042,5.0752
29043,6.0
29044,5.5401
29045,6.8
29046,7.6018
29047,7.6018
29048,8.023
29049,7.3333
29050,5.1355
29051,7.8
29052,8.0667
29053,9.4632
29054,8.2222
29055,8.2222
29056,7.6268
29057,7.6
29058,7.6018
29059,7.6268
29060,6.6364
29061,6.4
29062,8.0
29063,7.6018
29064,8.0833
29065,8.8556
29066,8.0429
29067,9.375
29068,7.2595
29069,7.0
29070,6.0
29071,8.9315
29072,8.8556
29073,7.1321
29074,8.8556
29075,7.0
29076,6.4
29077,7.0
29078,4.9189
29079,6.9091
29080,4.0
29081,8.3731
29082,7.6018
29083,7.6018
29084,7.5065
29085,7.8723
29086,8.8727
29087,7.6018
29088,7.0
29089,7.6809
29090,9.0262
29091,6.75
29092,7.2595
29093,7.6018
29094,8.541
29095,7.5065
29096,9.75
29097,6.0
29098,9.6667
29099,8.0
29100,7.6018
29101,9.55
29102,8.3333
29103,7.6018
29104,8.1429
29105,8.4906
29106,7.4146
29107,7.2595
29108,8.0
29109,8.0
29110,8.0
29111,7.7762
29112,8.8667
29113,7.2595
29114,7.25
29115,8.05
29116,7.3333
29117,8.0
29118,9.1304
29119,5.0
29120,7.6018
29121,9.0
29122,8.1043
29123,7.6018
29124,7.6018
29125,7.5505
29126,7.913
29127,6.875
29128,8.3571
29129,7.1689
29130,7.2595
29131,7.1689
29132,9.7692
29133,8.5625
29134,6.25
29135,7.0
29136,10.0
29137,8.8556
29138,8.4444
29139,7.6018
29140,9.0
29141,9.3662
29142,9.55
29143,9.0262
29144,8.8556
29145,7.0
29146,8.0
29147,9.8889
29148,8.8556
29149,7.625
29150,7.25
29151,7.5065
29152,5.65
29153,8.25
29154,5.3182
29155,7.9947
29156,7.2909
29157,7.6018
29158,8.25
29159,8.5818
29160,9.0
29161,6.1034
29162,7.2595
29163,8.7
29164,9.0
29165,7.1463
29166,6.875
29167,8.8556
29168,7.5
29169,7.918
29170,7.8812
29171,9.6429
29172,7.0
29173,5.4444
29174,6.5
29175,7.3404
29176,7.3973
29177,10.0
29178,8.92
29179,5.5401
29180,7.0
29181,7.55
29182,7.7236
29183,8.0
29184,7.6018
29185,5.0752
29186,8.8889
29187,8.5
29188,8.8556
29189,7.5
29190,8.8556
29191,6.2055
29192,7.0
29193,7.9524
29194,5.65
29195,5.7692
29196,6.0
29197,7.6018
29198,7.6018
29199,8.96
29200,9.3832
29201,8.8556
29202,8.2857
29203,8.7222
29204,7.2595
29205,7.2963
29206,8.2764
29207,5.0
29208,6.5
29209,8.8556
29210,6.3333
29211,8.1429
29212,10.0
29213,8.303
29214,7.6667
29215,7.0
29216,7.375
29217,7.1321
29218,8.5
29219,8.1111
29220,8.8556
29221,7.6018
29222,8.8556
29223,8.275
29224,7.5952
29225,8.8556
29226,7.6018
29227,7.8056
29228,7.2846
29229,8.5882
29230,7.8
29231,6.9091
29232,7.6018
29233,8.4091
29234,7.64
29235,7.3796
29236,7.9947
29237,8.0
29238,7.6018
29239,6.0226
29240,7.25
29241,8.8556
29242,9.0
29243,6.9231
29244,7.6018
29245,8.0882
29246,8.8431
29247,8.8556
29248,6.3514
29249,5.0752
29250,7.3514
29251,7.0
29252,7.6018
29253,8.0
29254,5.0752
29255,6.3
29256,8.3333
29257,7.0
29258,5.5753
29259,7.6018
29260,7.2595
29261,8.7404
29262,7.6018
29263,6.2222
29264,7.2595
29265,7.3333
29266,5.5753
29267,7.6018
29268,9.0262
29269,6.9583
29270,5.2
29271,7.2595
29272,7.6018
29273,9.5714
29274,6.5161
29275,9.5
29276,7.3333
29277,8.5818
29278,7.3523
29279,8.4
29280,8.3846
29281,7.2595
29282,7.5
29283,7.0
29284,7.5065
29285,6.5
29286,8.8556
29287,7.2941
29288,7.0769
29289,7.0
29290,8.0
29291,8.0
29292,7.6018
29293,8.8556
29294,7.5333
29295,7.8056
29296,4.0
29297,8.2692
29298,7.0
29299,7.6268
29300,8.8556
29301,7.3438
29302,7.7143
29303,6.0
29304,8.7273
29305,8.2109
29306,8.0
29307,7.6018
29308,7.2595
29309,8.3
29310,7.2595
29311,7.6018
29312,5.0
29313,5.7778
29314,6.9667
29315,7.6018
29316,6.9
29317,8.3731
29318,5.5401
29319,7.6
29320,6.5833
29321,6.5
29322,8.2109
29323,8.6719
29324,9.0262
29325,8.8556
29326,8.8556
29327,7.6018
29328,7.6018
29329,8.2676
29330,7.6018
29331,8.7091
29332,5.3333
29333,9.3455
29334,7.6018
29335,7.6018
29336,9.25
29337,8.8556
29338,7.6575
29339,5.1538
29340,7.6018
29341,7.6018
29342,7.2595
29343,8.8556
29344,9.6667
29345,8.4286
29346,7.2857
29347,7.5938
29348,7.1667
29349,6.0226
29350,7.9744
29351,7.6667
29352,8.8
29353,5.1667
29354,7.2
29355,7.0
29356,7.4286
29357,5.0752
29358,8.7091
29359,5.5753
29360,8.7812
29361,7.2595
29362,7.6471
29363,7.6018
29364,6.375
29365,7.6018
29366,7.64
29367,8.023
29368,6.25
29369,7.141
29370,3.2308
29371,7.9565
29372,6.7358
29373,9.2381
29374,9.6216
29375,9.3662
29376,9.0
29377,7.6018
29378,8.9231
29379,7.5
29380,7.6018
29381,7.6018
29382,5.75
29383,9.0
29384,7.7009
29385,6.8377
29386,10.0
29387,8.7234
29388,7.6018
29389,8.4286
29390,8.9231
29391,7.6018
29392,7.3333
29393,8.0
29394,6.3333
29395,8.5556
29396,8.1043
29397,8.0455
29398,5.1355
29399,9.075
29400,6.0
29401,7.9091
29402,7.0484
29403,7.2595
29404,8.1111
29405,7.6018
29406,9.0262
29407,7.9577
29408,7.2595
29409,6.875
29410,8.0
29411,9.3455
29412,5.0
29413,7.6018
29414,9.3662
29415,7.9452
29416,7.53
29417,8.6552
29418,8.7143
29419,8.0
29420,8.2764
29421,7.6018
29422,7.3523
29423,9.0
29424,7.2595
29425,8.2
29426,6.4
29427,8.5
29428,7.7449
29429,6.8125
29430,8.0
29431,7.6018
29432,7.2595
29433,7.8
29434,8.42
29435,8.3649
29436,7.3523
29437,8.375
29438,8.0857
29439,5.1355
29440,7.6018
29441,6.1667
29442,8.1976
29443,9.0
29444,7.1689
29445,7.3404
29446,7.2595
29447,8.8556
29448,7.3523
29449,8.0
29450,8.0
29451,6.7581
29452,8.6571
29453,8.3333
29454,7.1176
29455,6.5
29456,10.0
29457,5.8182
29458,8.9655
29459,8.8556
29460,7.5714
29461,9.3662
29462,7.2595
29463,8.0
29464,5.1429
29465,6.25
29466,7.7971
29467,8.7048
29468,5.0
29469,9.1176
29470,7.9298
29471,7.3523
29472,7.6018
29473,7.5
29474,6.8462
29475,5.0
29476,7.9231
29477,9.375
29478,7.5333
29479,7.8667
29480,7.6018
29481,8.0
29482,7.0
29483,7.7692
29484,7.1689
29485,7.6018
29486,7.4091
29487,8.5
29488,6.3333
29489,9.25
29490,6.7328
29491,6.0588
29492,7.2595
29493,8.0
29494,7.6018
29495,6.4444
29496,8.0
29497,7.2595
29498,7.3478
29499,7.7971
29500,7.6018
29501,7.2595
29502,7.6018
29503,8.8556
29504,8.5833
29505,7.6018
29506,9.125
29507,10.0
29508,6.6885
29509,7.4339
29510,7.6018
29511,7.5
29512,8.0094
29513,8.0
29514,7.0
29515,5.95
29516,7.9231
29517,7.6018
29518,8.931
29519,7.625
29520,7.6018
29521,7.6018
29522,6.8
29523,8.8556
29524,7.9565
29525,7.5065
29526,7.6018
29527,7.2595
29528,7.9
29529,8.7091
29530,8.8556
29531,6.6471
29532,8.0755
29533,8.0426
29534,7.3846
29535,7.75
29536,8.6719
29537,5.0752
29538,8.1667
29539,6.6667
29540,7.4421
29541,7.2595
29542,9.0
29543,6.2055
29544,7.8916
29545,9.1786
29546,5.0
29547,7.6018
29548,7.6268
29549,7.8
29550,5.5
29551,8.1955
29552,8.0
29553,7.6018
29554,8.0
29555,5.0
29556,7.0
29557,8.8556
29558,7.0625
29559,7.6018
29560,7.6018
29561,8.8556
29562,8.1667
29563,7.1613
29564,8.2353
29565,8.5
29566,6.0
29567,6.7358
29568,7.5065
29569,7.5
29570,7.6018
29571,7.3523
29572,5.0752
29573,6.3786
29574,8.7105
29575,7.6018
29576,7.0818
29577,7.6018
29578,6.7374
29579,7.2595
29580,9.6
29581,8.5
29582,8.0
29583,7.6018
29584,8.6471
29585,9.6429
29586,9.0262
29587,7.6018
29588,7.2595
29589,8.7029
29590,8.3333
29591,7.6018
29592,8.8556
29593,7.6018
29594,7.6018
29595,7.2595
29596,5.1355
29597,9.1429
29598,8.541
29599,7.2
29600,8.0
29601,8.1471
29602,6.6214
29603,8.1111
29604,7.6018
29605,5.1875
29606,8.0
29607,7.2595
29608,7.4286
29609,6.7
29610,7.75
29611,7.5065
29612,8.8556
29613,7.2368
29614,7.3523
29615,7.2595
29616,7.0
29617,8.4634
29618,7.3523
29619,7.3333
29620,7.0
29621,6.0909
29622,6.2222
29623,8.037
29624,8.6154
29625,8.0
29626,8.0
29627,7.4444
29628,7.0
29629,10.0
29630,10.0
29631,8.8556
29632,7.087
29633,9.3455
29634,7.3523
29635,7.6018
29636,6.6885
29637,9.0262
29638,8.5333
29639,5.4074
29640,7.15
29641,10.0
29642,7.4054
29643,4.5
29644,8.8462
29645,7.9286
29646,8.5
29647,6.8182
29648,7.6018
29649,8.418
29650,5.5
29651,7.6018
29652,8.8556
29653,7.2595
29654,10.0
29655,7.6018
29656,8.0
29657,7.96
29658,5.5753
29659,9.0
29660,4.7778
29661,10.0
29662,8.8556
29663,7.6018
29664,7.4286
29665,8.303
29666,6.6923
29667,8.3649
29668,7.9577
29669,7.2595
29670,7.2595
29671,7.6018
29672,8.8333
29673,8.2353
29674,6.2667
29675,7.7762
29676,7.2963
29677,6.75
29678,7.4821
29679,8.9714
29680,9.6429
29681,5.0752
29682,8.3971
29683,8.1667
29684,8.7029
29685,7.2
29686,9.4841
29687,9.3455
29688,7.0
29689,7.6018
29690,7.6018
29691,7.6018
29692,9.3662
29693,8.1579
29694,6.0769
29695,7.6018
29696,8.0
29697,8.2676
29698,5.0
29699,7.2595
29700,7.9524
29701,8.1277
29702,6.3333
29703,7.0625
29704,8.6567
29705,8.5909
29706,7.6897
29707,8.0
29708,8.8556
29709,7.9688
29710,6.0958
29711,7.8571
29712,8.8556
29713,7.6268
29714,7.6018
29715,8.2128
29716,7.6018
29717,6.8462
29718,10.0
29719,7.3514
29720,5.3846
29721,7.1667
29722,7.6018
29723,7.6018
29724,8.5
29725,7.6018
29726,7.8
29727,7.6018
29728,9.0262
29729,9.6216
29730,7.6018
29731,8.5833
29732,8.9403
29733,7.6018
29734,4.8333
29735,7.0
29736,7.3523
29737,8.25
29738,6.5
29739,5.0
29740,9.0
29741,7.72
29742,8.1976
29743,8.8556
29744,7.6018
29745,8.8556
29746,7.815
29747,5.8077
29748,7.0
29749,7.875
29750,8.3636
29751,8.2368
29752,7.6018
29753,8.8333
29754,7.5065
29755,7.2595
29756,8.5625
29757,6.5455
29758,7.1039
29759,7.6714
29760,8.3333
29761,8.0
29762,7.6018
29763,7.1429
29764,7.3523
29765,6.6522
29766,8.0
29767,8.0
29768,7.125
29769,7.7778
29770,6.5625
29771,7.6018
29772,7.5
29773,7.141
29774,6.7778
29775,7.1212
29776,7.5926
29777,7.55
29778,8.8556
29779,5.3636
29780,5.0752
29781,7.2595
29782,7.6018
29783,8.1111
29784,5.7143
29785,6.0
29786,7.8333
29787,6.9483
29788,7.6018
29789,7.6268
29790,8.4
29791,8.0
29792,8.8889
29793,5.8
29794,7.6018
29795,7.5065
29796,7.6018
29797,8.5714
29798,7.6018
29799,9.7
29800,6.6154
29801,6.7778
29802,7.7143
29803,8.3333
29804,8.8556
29805,8.0
29806,8.8556
29807,7.9
29808,9.0
29809,9.0262
29810,7.4824
29811,7.6018
29812,7.7826
29813,7.3
29814,7.5263
29815,6.5
29816,8.375
29817,7.5965
29818,7.2595
29819,8.0
29820,7.8056
29821,7.7143
29822,9.3455
29823,8.1667
29824,5.0
29825,7.9375
29826,6.4921
29827,8.1928
29828,7.0
29829,7.8947
29830,7.9947
29831,8.1043
29832,7.815
29833,7.6018
29834,7.5339
29835,7.9
29836,8.0
29837,7.6018
29838,8.25
29839,8.2676
29840,7.2595
29841,8.7048
29842,5.0
29843,7.3929
29844,8.5
29845,6.6923
29846,6.0
29847,5.1667
29848,7.6018
29849,8.8556
29850,8.3649
29851,5.75
29852,7.5882
29853,8.4737
29854,8.3333
29855,8.875
29856,8.3649
29857,5.0
29858,5.0752
29859,7.0667
29860,7.6667
29861,8.8556
29862,7.6667
29863,7.0
29864,9.0262
29865,8.1429
29866,7.2595
29867,7.3333
29868,7.0333
29869,5.0
29870,7.6667
29871,8.0
29872,9.3333
29873,8.1538
29874,7.6018
29875,7.8
29876,8.418
29877,6.88
29878,7.5065
29879,5.0752
29880,9.8
29881,7.6018
29882,5.5
29883,8.0
29884,7.3333
29885,8.3333
29886,8.45
29887,7.6018
29888,9.0
29889,7.2595
29890,7.9947
29891,6.75
29892,8.2105
29893,7.2595
29894,6.8333
29895,6.9583
29896,7.6018
29897,7.1613
29898,7.9947
29899,7.0
29900,7.5333
29901,7.2595
29902,8.0
29903,6.9655
29904,5.0
29905,5.5
29906,8.1976
29907,9.375
29908,7.5
29909,6.5
29910,8.0
29911,8.8556
29912,8.1579
29913,9.5
29914,7.5
29915,8.4091
29916,6.1667
29917,7.7778
29918,8.7029
29919,6.3333
29920,7.2595
29921,8.6552
29922,8.0294
29923,7.25
29924,8.7404
29925,8.9828
29926,7.2595
29927,7.8108
29928,7.0
29929,7.6018
29930,8.0
29931,6.7143
29932,7.8571
29933,7.5952
29934,7.5
29935,7.2595
29936,8.4474
29937,7.1667
29938,9.3158
29939,7.2595
29940,7.0909
29941,9.1395
29942,9.4583
29943,7.8333
29944,7.6018
29945,7.6018
29946,5.0
29947,7.8941
29948,8.0429
29949,7.5505
29950,9.4632
29951,9.0
29952,7.6018
29953,8.5
29954,7.918
29955,9.0
29956,6.7129
29957,5.5753
29958,6.7403
29959,8.3333
29960,6.8125
29961,7.6018
29962,7.8667
29963,8.25
29964,8.3731
29965,7.375
29966,7.5065
29967,7.6018
29968,7.3523
29969,6.6875
29970,9.0256
29971,7.2595
29972,8.8556
29973,6.3333
29974,9.3455
29975,7.6018
29976,5.8519
29977,8.8556
29978,6.1667
29979,8.1905
29980,7.1429
29981,8.8556
29982,7.7762
29983,7.0484
29984,7.5574
29985,7.2595
29986,7.6018
29987,7.6018
29988,6.6923
29989,6.0
29990,7.3333
29991,7.6018
29992,8.0
29993,4.75
29994,7.6
29995,7.2595
29996,7.0
29997,6.3786
29998,7.2727
29999,6.6
30000,7.2595
30001,7.6667
30002,5.6667
30003,8.25
30004,5.5753
30005,7.0
30006,7.5339
30007,6.0226
30008,9.0
30009,8.7105
30010,7.0
30011,7.0
30012,7.4583
30013,8.4091
30014,7.3333
30015,8.8958
30016,3.0
30017,7.8
30018,6.9333
30019,7.2595
30020,7.0
30021,8.0
30022,9.4444
30023,7.0
30024,7.5505
30025,9.0
30026,8.0
30027,5.2
30028,5.9091
30029,7.3793
30030,8.75
30031,8.5714
30032,9.2857
30033,8.5036
30034,7.5505
30035,5.0
30036,7.0484
30037,8.1111
30038,6.8621
30039,7.5965
30040,7.6364
30041,7.4824
30042,7.6018
30043,9.5
30044,5.0
30045,7.5339
30046,7.815
30047,8.375
30048,6.5833
30049,8.0909
30050,7.6018
30051,8.7091
30052,7.0
30053,7.2595
30054,6.8125
30055,8.2857
30056,8.4286
30057,8.9091
30058,8.2105
30059,8.0
30060,8.7778
30061,3.5
30062,7.2595
30063,6.8377
30064,5.5
30065,7.6
30066,8.0
30067,7.2595
30068,7.6018
30069,7.3404
30070,7.8947
30071,8.0667
30072,7.2595
30073,5.0
30074,4.9167
30075,7.5065
30076,6.75
30077,9.5
30078,7.2595
30079,8.875
30080,7.8
30081,6.0
30082,7.2595
30083,7.3333
30084,7.0
30085,9.4632
30086,7.5505
30087,5.0
30088,8.8556
30089,9.6667
30090,8.75
30091,7.96
30092,7.6018
30093,7.2595
30094,7.25
30095,7.2
30096,7.5278
30097,6.0
30098,7.7407
30099,7.8889
30100,8.8556
30101,7.0
30102,7.2595
30103,8.8556
30104,9.6
30105,8.0
30106,5.5
30107,7.6018
30108,7.6018
30109,7.6018
30110,7.6018
30111,8.1111
30112,5.2
30113,7.6018
30114,8.6667
30115,8.5
30116,9.1176
30117,5.0
30118,8.8556
30119,8.1
30120,7.6018
30121,6.0
30122,6.8333
30123,8.8556
30124,7.9947
30125,8.7404
30126,7.6018
30127,8.2368
30128,8.2353
30129,7.8431
30130,5.1355
30131,9.3455
30132,8.1
30133,7.4286
30134,9.0227
30135,7.6018
30136,7.0
30137,7.6268
30138,8.0294
30139,7.8723
30140,7.5476
30141,6.6214
30142,7.6018
30143,9.4841
30144,6.875
30145,7.0
30146,9.0
30147,7.0
30148,8.1
30149,7.0294
30150,7.6018
30151,9.3455
30152,8.0
30153,7.2595
30154,7.6018
30155,7.5505
30156,7.4444
30157,6.5
30158,8.0294
30159,7.5505
30160,8.5667
30161,8.6111
30162,9.2381
30163,7.2595
30164,7.7236
30165,7.0
30166,9.0
30167,5.5401
30168,6.8377
30169,9.0
30170,6.7619
30171,7.5652
30172,7.6018
30173,7.6018
30174,6.8667
30175,7.1212
30176,8.0
30177,8.2
30178,9.3832
30179,8.0
30180,8.8556
30181,7.1
30182,9.5385
30183,7.4
30184,8.8556
30185,7.7273
30186,7.4444
30187,9.3662
30188,8.4
30189,7.7
30190,8.1955
30191,7.1039
30192,8.6364
30193,5.1
30194,7.5505
30195,7.2595
30196,7.6714
30197,7.6018
30198,6.1765
30199,5.0
30200,7.2595
30201,5.5556
30202,7.2595
30203,8.8556
30204,9.0262
30205,8.0
30206,8.5036
30207,7.5455
30208,7.9286
30209,7.0
30210,7.0
30211,8.8556
30212,6.8689
30213,7.9947
30214,7.6575
30215,7.6018
30216,7.6087
30217,8.0
30218,7.75
30219,8.4091
30220,7.9947
30221,8.5294
30222,6.0
30223,8.0333
30224,8.7029
30225,6.0
30226,6.8
30227,7.1039
30228,8.7091
30229,8.5
30230,7.3793
30231,8.25
30232,5.6667
30233,6.6
30234,5.1355
30235,7.4821
30236,9.0
30237,8.7048
30238,7.5278
30239,7.8941
30240,7.8916
30241,7.5065
30242,9.1081
30243,7.6018
30244,7.6268
30245,8.931
30246,8.0294
30247,7.6018
30248,7.6018
30249,7.8333
30250,7.7826
30251,8.2353
30252,8.8556
30253,6.2667
30254,8.3333
30255,8.5753
30256,9.2857
30257,7.6018
30258,8.0
30259,8.2
30260,7.5065
30261,7.6018
30262,7.6018
30263,7.5263
30264,5.5
30265,8.7805
30266,5.0752
30267,8.25
30268,7.6018
30269,5.0752
30270,9.0
30271,7.9231
30272,9.0
30273,6.5
30274,8.0
30275,7.58
30276,8.0769
30277,4.9167
30278,7.4286
30279,6.2055
30280,8.7048
30281,7.2595
30282,8.25
30283,8.1053
30284,7.6018
30285,7.7778
30286,7.6018
30287,9.0
30288,7.1667
30289,8.8556
30290,7.6018
30291,8.0
30292,8.375
30293,8.3971
30294,7.2595
30295,5.0
30296,7.6667
30297,9.1081
30298,4.7059
30299,7.5
30300,7.828
30301,9.0
30302,8.3649
30303,7.9286
30304,5.5
30305,6.7581
30306,8.303
30307,9.2
30308,7.3182
30309,7.4615
30310,7.2595
30311,8.5
30312,8.7404
30313,7.55
30314,9.3333
30315,8.1043
30316,7.7236
30317,9.1373
30318,8.0
30319,9.2857
30320,7.1667
30321,7.6018
30322,7.6018
30323,7.6018
30324,9.3455
30325,8.8333
30326,6.875
30327,8.1111
30328,7.6018
30329,7.6944
30330,9.7907
30331,6.5
30332,7.0492
30333,7.3333
30334,7.087
30335,5.5401
30336,5.9825
30337,8.6
30338,8.5714
30339,7.5
30340,8.7029
30341,8.0667
30342,7.7236
30343,6.56
30344,7.6018
30345,7.5833
30346,9.0
30347,8.0
30348,4.9189
30349,8.0
30350,7.6018
30351,5.8
30352,5.0
30353,5.9286
30354,8.0
30355,6.0226
30356,8.1471
30357,7.25
30358,7.12
30359,7.2595
30360,8.6667
30361,7.6667
30362,8.8556
30363,7.1613
30364,7.7
30365,6.0958
30366,7.85
30367,9.25
30368,8.7273
30369,8.7368
30370,8.8556
30371,8.0238
30372,6.3
30373,7.6018
30374,8.5714
30375,7.6018
30376,6.0
30377,7.6018
30378,7.6667
30379,6.5769
30380,8.3778
30381,8.8556
30382,7.2595
30383,7.2595
30384,8.8556
30385,7.5254
30386,10.0
30387,7.6018
30388,7.8431
30389,8.8556
30390,8.2
30391,7.5505
30392,7.3571
30393,9.0
30394,8.931
30395,8.8333
30396,8.5
30397,8.1471
30398,7.6018
30399,6.9333
30400,7.9273
30401,7.5472
30402,7.3523
30403,7.6018
30404,7.4194
30405,7.1667
30406,8.3714
30407,7.2595
30408,8.1486
30409,7.8
30410,7.2308
30411,7.2258
30412,8.3953
30413,7.2595
30414,8.0
30415,8.8556
30416,5.5401
30417,8.1111
30418,6.8377
30419,8.8556
30420,8.0
30421,7.6018
30422,7.6018
30423,8.3571
30424,4.0
30425,6.7129
30426,7.6018
30427,9.0
30428,7.1176
30429,8.8556
30430,5.75
30431,7.4
30432,5.3333
30433,7.3571
30434,8.8556
30435,6.6316
30436,7.0769
30437,7.6018
30438,8.0
30439,5.3333
30440,7.5065
30441,7.2595
30442,6.0226
30443,7.6018
30444,7.3523
30445,7.5065
30446,8.0429
30447,8.1043
30448,6.3333
30449,7.6018
30450,8.42
30451,7.6018
30452,5.0
30453,8.3778
30454,7.6018
30455,7.3333
30456,8.4074
30457,7.6018
30458,6.6316
30459,5.1667
30460,5.0
30461,7.0
30462,6.0
30463,7.9947
30464,7.6018
30465,8.1944
30466,7.9559
30467,8.5
30468,8.2857
30469,8.303
30470,6.0
30471,7.6667
30472,7.2595
30473,7.6018
30474,8.0
30475,8.8556
30476,4.0
30477,6.0667
30478,8.875
30479,8.3953
30480,5.0752
30481,7.5
30482,7.2595
30483,8.5625
30484,7.6575
30485,8.1429
30486,9.0
30487,7.4746
30488,7.4421
30489,8.3971
30490,10.0
30491,7.1455
30492,8.6667
30493,7.875
30494,6.6522
30495,7.0
30496,6.5
30497,9.2857
30498,7.3846
30499,7.087
30500,5.0752
30501,7.8
30502,7.2595
30503,7.6268
30504,8.8431
30505,7.0714
30506,7.6018
30507,7.6757
30508,8.4091
30509,9.0
30510,7.6018
30511,7.2595
30512,8.8556
30513,6.8377
30514,7.6018
30515,8.3649
30516,8.0
30517,7.3571
30518,7.5
30519,7.2595
30520,8.5
30521,5.0752
30522,7.8462
30523,6.75
30524,7.0
30525,7.3523
30526,9.0
30527,9.4583
30528,7.0
30529,7.2595
30530,7.1429
30531,8.8556
30532,7.0
30533,7.918
30534,8.1667
30535,7.6018
30536,7.8617
30537,8.5
30538,9.4286
30539,8.9315
30540,7.6018
30541,6.75
30542,7.8333
30543,7.5938
30544,8.0294
30545,6.7358
30546,6.0741
30547,8.125
30548,7.2595
30549,8.5385
30550,7.2846
30551,9.0
30552,8.8556
30553,9.0
30554,7.6364
30555,7.7826
30556,7.0
30557,5.1355
30558,8.7234
30559,7.7778
30560,5.1355
30561,6.8689
30562,8.5625
30563,5.5
30564,7.6429
30565,6.16
30566,7.9947
30567,7.6018
30568,9.0262
30569,7.6018
30570,6.0556
30571,8.1053
30572,8.5714
30573,9.0262
30574,7.1689
30575,7.6018
30576,10.0
30577,7.6018
30578,7.4091
30579,7.5065
30580,9.3832
30581,6.3333
30582,5.8077
30583,9.3455
30584,7.6018
30585,7.1053
30586,7.6018
30587,8.0426
30588,6.0226
30589,7.6667
30590,8.873
30591,7.5
30592,7.3404
30593,6.7143
30594,8.9315
30595,8.5036
30596,9.2381
30597,7.3796
30598,9.0
30599,7.7236
30600,7.9
30601,6.2667
30602,7.5714
30603,7.0294
30604,7.6018
30605,8.4375
30606,8.1429
30607,7.2595
30608,7.2595
30609,8.1277
30610,5.2222
30611,6.0
30612,5.0
30613,7.6018
30614,8.6667
30615,7.6018
30616,7.6667
30617,8.122
30618,7.2595
30619,7.12
30620,4.9189
30621,7.6018
30622,8.418
30623,6.6667
30624,6.0
30625,8.0
30626,7.6018
30627,7.2595
30628,7.6
30629,7.0
30630,7.0
30631,5.5753
30632,8.0238
30633,8.5769
30634,8.0
30635,5.2
30636,7.7105
30637,7.6268
30638,5.0752
30639,7.6018
30640,9.375
30641,6.0
30642,9.3455
30643,6.7403
30644,5.0752
30645,2.5
30646,8.8556
30647,5.0752
30648,7.6018
30649,5.6667
30650,7.2243
30651,7.5405
30652,7.3333
30653,6.6667
30654,7.6018
30655,6.6154
30656,7.0
30657,7.6018
30658,7.5
30659,7.6018
30660,5.2727
30661,8.8556
30662,7.2595
30663,7.1818
30664,7.5
30665,7.6018
30666,7.3333
30667,6.875
30668,10.0
30669,7.2595
30670,5.0752
30671,7.3333
30672,7.5339
30673,6.7403
30674,7.6018
30675,7.0
30676,7.3523
30677,8.2857
30678,8.8556
30679,6.6667
30680,7.5065
30681,6.3786
30682,8.9714
30683,9.0625
30684,8.0
30685,7.0
30686,9.0
30687,8.9796
30688,9.3832
30689,8.8556
30690,8.5455
30691,7.5065
30692,7.5714
30693,6.4074
30694,10.0
30695,8.3333
30696,10.0
30697,7.815
30698,7.3333
30699,7.6842
30700,7.8
30701,5.8529
30702,7.3571
30703,7.7762
30704,9.0
30705,7.2429
30706,8.5753
30707,7.5333
30708,7.6018
30709,4.75
30710,6.75
30711,7.5065
30712,7.2595
30713,9.0
30714,7.9947
30715,6.3333
30716,8.8556
30717,7.0
30718,7.55
30719,8.88
30720,7.6018
30721,6.0226
30722,7.4118
30723,8.8556
30724,7.6154
30725,7.8333
30726,7.5
30727,6.8689
30728,8.2222
30729,6.0
30730,8.8387
30731,6.6667
30732,6.5
30733,6.3
30734,7.0
30735,9.0
30736,7.6018
30737,7.5882
30738,9.0
30739,7.6018
30740,7.6018
30741,7.2595
30742,7.6018
30743,5.0
30744,7.6714
30745,7.6018
30746,10.0
30747,8.375
30748,7.2917
30749,8.05
30750,5.9825
30751,5.1355
30752,7.8889
30753,7.3182
30754,7.6018
30755,8.2019
30756,9.5
30757,8.0
30758,8.8125
30759,7.0
30760,8.25
30761,7.6018
30762,7.9947
30763,6.0
30764,7.6018
30765,6.7581
30766,6.8621
30767,6.8571
30768,5.8182
30769,6.5238
30770,8.7029
30771,8.625
30772,7.2595
30773,6.6
30774,7.2595
30775,7.6018
30776,8.023
30777,7.5938
30778,8.5753
30779,7.6018
30780,5.0752
30781,7.2595
30782,8.8556
30783,8.0
30784,9.6364
30785,7.6018
30786,7.0
30787,7.9286
30788,8.7812
30789,7.6018
30790,7.5
30791,7.2595
30792,7.9375
30793,6.4286
30794,7.6018
30795,8.0
30796,6.6667
30797,6.25
30798,7.9231
30799,8.25
30800,5.75
30801,7.9947
30802,6.125
30803,9.8571
30804,6.5
30805,7.3333
30806,8.75
30807,8.0909
30808,8.0
30809,8.8333
30810,8.8556
30811,7.4545
30812,7.2595
30813,7.2595
30814,7.6018
30815,9.4545
30816,6.4
30817,7.2595
30818,6.2308
30819,7.6207
30820,7.7971
30821,7.6018
30822,7.9286
30823,7.8617
30824,6.9333
30825,7.2595
30826,7.2595
30827,8.8556
30828,7.9577
30829,8.7778
30830,8.8556
30831,7.6018
30832,9.4841
30833,7.6018
30834,10.0
30835,8.0
30836,7.5278
30837,7.2595
30838,7.6018
30839,8.5833
30840,8.7404
30841,8.8556
30842,9.375
30843,7.9947
30844,7.2595
30845,7.6018
30846,7.2632
30847,7.2595
30848,7.6018
30849,7.3333
30850,7.6018
30851,10.0
30852,1.0
30853,6.6667
30854,6.7328
30855,7.8617
30856,7.0
30857,6.9655
30858,9.0
30859,7.6018
30860,5.1355
30861,7.4848
30862,7.3158
30863,7.4848
30864,7.6018
30865,8.3731
30866,9.4583
30867,8.2019
30868,6.6923
30869,6.25
30870,7.6268
30871,7.5065
30872,8.5833
30873,7.0
30874,10.0
30875,7.6018
30876,7.5
30877,7.6018
30878,8.8556
30879,7.6018
30880,8.2368
30881,8.4
30882,8.2222
30883,7.0
30884,8.9315
30885,8.7234
30886,7.6018
30887,7.1429
30888,6.0958
30889,7.8667
30890,7.9286
30891,9.0262
30892,7.2595
30893,7.2
30894,8.5833
30895,9.6429
30896,7.2595
30897,6.0
30898,7.4821
30899,4.0
30900,7.8
30901,7.2595
30902,8.0
30903,6.0
30904,7.6018
30905,7.2595
30906,7.5065
30907,10.0
30908,5.0752
30909,7.75
30910,7.6018
30911,8.0
30912,7.5278
30913,7.885
30914,7.6018
30915,5.25
30916,7.9
30917,6.6
30918,7.1321
30919,8.7091
30920,9.3333
30921,6.75
30922,7.6018
30923,6.2055
30924,7.2595
30925,7.1429
30926,9.3832
30927,7.6018
30928,9.0
30929,6.0226
30930,5.1
30931,7.9298
30932,5.0752
30933,7.8889
30934,7.1667
30935,6.0
30936,5.8214
30937,5.25
30938,8.6667
30939,8.2109
30940,5.25
30941,7.2243
30942,7.6018
30943,7.2595
30944,6.5
30945,5.95
30946,8.1667
30947,9.1
30948,5.8529
30949,6.3333
30950,7.7778
30951,6.6923
30952,7.0
30953,7.2595
30954,5.65
30955,5.8333
30956,8.375
30957,7.5
30958,7.0818
30959,7.6018
30960,8.2353
30961,7.3333
30962,7.4
30963,5.6
30964,7.1039
30965,6.75
30966,6.25
30967,7.1818
30968,9.0
30969,7.6018
30970,8.8958
30971,8.7048
30972,8.2727
30973,9.4841
30974,7.1667
30975,8.8556
30976,7.2846
30977,7.0818
30978,8.3649
30979,6.8689
30980,7.0818
30981,9.2857
30982,8.8556
30983,8.0
30984,8.8333
30985,7.4339
30986,7.3333
30987,7.7273
30988,9.3455
30989,8.0
30990,6.6842
30991,7.9412
30992,7.5
30993,5.0752
30994,7.1429
30995,9.5556
30996,8.7222
30997,7.6018
30998,6.9091
30999,7.6667
31000,7.2595
31001,7.2595
31002,8.4906
31003,8.2109
31004,7.5065
31005,7.6018
31006,7.6018
31007,6.8377
31008,5.8077
31009,8.0
31010,8.0857
31011,5.0
31012,5.0
31013,7.6018
31014,8.4
31015,8.0714
31016,7.2595
31017,7.3158
31018,6.5
31019,6.5294
31020,7.6018
31021,6.6
31022,7.0882
31023,7.2595
31024,9.1395
31025,5.1355
31026,9.0262
31027,8.9315
31028,7.2
31029,7.6018
31030,8.8556
31031,5.0752
31032,2.5
31033,5.0752
31034,7.2243
31035,7.2595
31036,9.075
31037,7.6018
31038,9.8571
31039,7.5
31040,8.96
31041,7.6018
31042,7.6018
31043,6.5
31044,7.8108
31045,7.6018
31046,7.2595
31047,8.2727
31048,8.7029
31049,6.7143
31050,8.1976
31051,8.3333
31052,7.6018
31053,7.5417
31054,7.2595
31055,7.7236
31056,9.3662
31057,8.9714
31058,9.3455
31059,5.0
31060,7.7009
31061,8.4634
31062,5.0
31063,9.7907
31064,7.45
31065,7.5254
31066,8.1786
31067,9.1176
31068,7.25
31069,7.5926
31070,7.6018
31071,7.6018
31072,8.1471
31073,8.5625
31074,8.0
31075,7.2595
31076,6.1034
31077,6.9167
31078,8.1538
31079,8.7029
31080,8.0625
31081,7.7838
31082,7.3438
31083,7.814
31084,5.0752
31085,7.7009
31086,7.6018
31087,9.8571
31088,7.5065
31089,7.6018
31090,8.4634
31091,9.4878
31092,8.8556
31093,8.6667
31094,8.418
31095,7.6018
31096,8.0
31097,5.8966
31098,7.9273
31099,7.2595
31100,7.7838
31101,9.134
31102,8.0455
31103,8.75
31104,6.35
31105,8.375
31106,5.0752
31107,8.0
31108,9.75
31109,7.6018
31110,7.6018
31111,8.3333
31112,8.2857
31113,8.8556
31114,7.5455
31115,6.7857
31116,7.9231
31117,7.5065
31118,6.6923
31119,5.5401
31120,7.75
31121,8.0094
31122,8.8556
31123,8.2
31124,8.1829
31125,9.6216
31126,8.3649
31127,9.4841
31128,6.4
31129,9.0
31130,8.0755
31131,6.0
31132,7.2595
31133,9.4545
31134,8.2105
31135,7.2595
31136,7.6018
31137,5.1667
31138,8.037
31139,7.2595
31140,7.6018
31141,7.1613
31142,8.8556
31143,6.7
31144,8.5818
31145,7.6018
31146,5.1355
31147,7.0
31148,7.6018
31149,7.5185
31150,5.1355
31151,9.8571
31152,8.8556
31153,6.7917
31154,8.7273
31155,7.2432
31156,10.0
31157,8.9403
31158,7.6018
31159,8.6667
31160,7.2595
31161,7.6018
31162,10.0
31163,7.84
31164,7.6018
31165,8.1429
31166,7.2595
31167,7.2595
31168,6.0958
31169,7.0
31170,7.0
31171,7.3
31172,7.6018
31173,5.0
31174,8.3939
31175,8.0
31176,7.1689
31177,7.5
31178,6.0303
31179,8.7048
31180,8.875
31181,7.5
31182,9.0
31183,7.3523
31184,5.0
31185,7.5
31186,7.6018
31187,8.8431
31188,7.5065
31189,7.6842
31190,8.0
31191,7.5
31192,8.3333
31193,5.1355
31194,5.1355
31195,7.2595
31196,9.5385
31197,7.0
31198,7.6018
31199,8.2692
31200,7.6018
31201,7.2595
31202,7.2909
31203,5.5
31204,6.7403
31205,7.5714
31206,8.3778
31207,7.4375
31208,8.1818
31209,8.1579
31210,7.6018
31211,8.7404
31212,7.6018
31213,7.6018
31214,8.8556
31215,7.6944
31216,9.0
31217,8.7048
31218,7.6018
31219,7.5
31220,7.5
31221,8.3971
31222,7.3333
31223,5.5401
31224,8.4118
31225,7.7037
31226,7.2595
31227,7.6018
31228,7.6018
31229,6.1818
31230,7.3333
31231,9.125
31232,7.2595
31233,9.0
31234,7.2595
31235,8.5165
31236,7.6018
31237,7.6018
31238,7.8108
31239,6.8571
31240,7.5
31241,6.5
31242,7.6018
31243,7.8
31244,7.4444
31245,9.5455
31246,8.36
31247,9.0
31248,7.6018
31249,6.5
31250,7.6018
31251,7.2
31252,7.6018
31253,7.6018
31254,5.5714
31255,8.8556
31256,7.6018
31257,7.2595
31258,7.6018
31259,9.0
31260,8.5
31261,7.1463
31262,7.6667
31263,7.6018
31264,7.6667
31265,9.6
31266,7.6018
31267,7.087
31268,8.5
31269,7.6018
31270,7.6018
31271,7.815
31272,7.2595
31273,8.541
31274,7.0
31275,6.7778
31276,6.6
31277,7.7449
31278,7.141
31279,5.5789
31280,8.0
31281,6.9231
31282,7.875
31283,9.4841
31284,7.6018
31285,7.6018
31286,6.7374
31287,6.6923
31288,7.2595
31289,7.4583
31290,8.7029
31291,9.0262
31292,5.5753
31293,9.7907
31294,6.56
31295,10.0
31296,6.8
31297,7.8
31298,10.0
31299,5.0752
31300,8.7368
31301,7.3796
31302,7.25
31303,7.2595
31304,8.0
31305,8.0426
31306,8.9796
31307,7.4339
31308,4.5455
31309,7.0
31310,7.4
31311,8.8556
31312,8.3778
31313,5.0
31314,8.7778
31315,9.0
31316,7.6018
31317,10.0
31318,6.75
31319,7.2595
31320,7.4074
31321,6.0741
31322,7.6018
31323,8.0
31324,9.1765
31325,9.1081
31326,6.65
31327,7.4339
31328,7.9273
31329,8.3
31330,8.541
31331,9.0262
31332,8.9403
31333,9.0
31334,7.6018
31335,6.9091
31336,7.0714
31337,8.4474
31338,7.814
31339,9.1786
31340,7.0667
31341,8.8556
31342,8.0
31343,7.9286
31344,9.3333
31345,9.0
31346,7.6
31347,5.1355
31348,7.5
31349,7.6018
31350,7.2595
31351,8.25
31352,5.0752
31353,9.3455
31354,7.4
31355,5.5
31356,8.7029
31357,8.5036
31358,7.6018
31359,8.1429
31360,5.6667
31361,7.25
31362,7.3796
31363,7.3182
31364,7.4824
31365,5.0752
31366,8.0667
31367,7.2595
31368,8.5625
31369,9.5455
31370,8.1429
31371,7.2595
31372,8.1852
31373,7.2963
31374,8.8556
31375,7.3793
31376,7.3158
31377,7.7762
31378,7.6018
31379,8.3649
31380,7.9947
31381,7.6018
31382,9.5
31383,6.0
31384,8.873
31385,8.8556
31386,5.5401
31387,7.6018
31388,7.8
31389,7.6
31390,7.2595
31391,7.1212
31392,9.6216
31393,8.5
31394,7.6018
31395,7.55
31396,6.6214
31397,7.5714
31398,7.0
31399,6.8824
31400,7.1212
31401,5.7143
31402,7.1463
31403,7.3
31404,5.5401
31405,7.6018
31406,8.418
31407,7.4054
31408,7.7429
31409,9.7
31410,8.2368
31411,8.8556
31412,5.6667
31413,7.6018
31414,6.9231
31415,7.6018
31416,8.0
31417,9.2105
31418,8.3333
31419,7.6018
31420,7.1579
31421,9.0
31422,8.8556
31423,8.6667
31424,9.3455
31425,8.9315
31426,8.0
31427,7.5065
31428,9.0262
31429,7.5714
31430,7.2595
31431,8.1111
31432,8.8556
31433,7.6018
31434,7.0
31435,8.25
31436,7.2595
31437,6.125
31438,7.8617
31439,7.2857
31440,8.8556
31441,7.5952
31442,9.0256
31443,7.6018
31444,7.6018
31445,6.1667
31446,8.4906
31447,8.8556
31448,6.0909
31449,7.6018
31450,9.0
31451,7.7778
31452,6.6667
31453,7.6018
31454,8.5667
31455,6.1034
31456,7.6018
31457,6.9091
31458,6.125
31459,7.3846
31460,8.0094
31461,8.0
31462,9.0
31463,8.3333
31464,9.3662
31465,7.6018
31466,7.2595
31467,8.8556
31468,6.0226
31469,7.815
31470,7.5065
31471,7.2243
31472,8.8556
31473,7.6268
31474,9.6
31475,7.8125
31476,8.4906
31477,7.2429
31478,5.1538
31479,7.125
31480,8.0385
31481,5.4
31482,8.8556
31483,5.0752
31484,7.6667
31485,7.6018
31486,8.8556
31487,5.0752
31488,6.6923
31489,8.3
31490,8.0426
31491,7.5333
31492,8.0
31493,8.8556
31494,6.0
31495,6.375
31496,6.0226
31497,8.8556
31498,9.6667
31499,7.3438
31500,7.1689
31501,5.5401
31502,8.8125
31503,7.0
31504,6.875
31505,8.0
31506,8.8556
31507,7.4167
31508,7.2595
31509,8.0
31510,7.5065
31511,7.2595
31512,7.7009
31513,7.5
31514,7.2595
31515,6.2
31516,7.3523
31517,7.0
31518,7.6018
31519,7.6018
31520,8.3649
31521,7.6018
31522,5.5753
31523,8.25
31524,7.7762
31525,7.5065
31526,8.8556
31527,6.0588
31528,6.0958
31529,7.1689
31530,7.64
31531,7.918
31532,8.2
31533,8.2857
31534,8.0385
31535,8.0
31536,7.5
31537,7.2595
31538,7.0
31539,7.6018
31540,8.6667
31541,8.3382
31542,8.1955
31543,5.3333
31544,7.6018
31545,8.5556
31546,5.65
31547,7.6018
31548,7.5
31549,6.6923
31550,7.6018
31551,7.125
31552,8.125
31553,8.0588
31554,7.6018
31555,7.0
31556,6.0226
31557,9.4841
31558,7.2222
31559,9.3455
31560,7.6667
31561,7.9524
31562,6.1034
31563,7.0
31564,6.3786
31565,8.0
31566,8.0
31567,8.0
31568,9.0
31569,9.5455
31570,7.6018
31571,8.8333
31572,7.4
31573,7.9091
31574,7.3103
31575,8.0
31576,8.8556
31577,8.2727
31578,7.375
31579,8.2857
31580,6.35
31581,5.0
31582,6.6667
31583,7.2595
31584,7.0
31585,8.0
31586,8.8556
31587,6.5
31588,9.0
31589,7.9286
31590,8.875
31591,8.0238
31592,7.6667
31593,7.6018
31594,7.6018
31595,8.7778
31596,7.6018
31597,5.25
31598,5.0
31599,8.8556
31600,8.0714
31601,7.3973
31602,7.6018
31603,10.0
31604,6.6957
31605,8.283
31606,5.0
31607,7.2595
31608,4.75
31609,9.0
31610,7.1429
31611,8.8556
31612,6.1818
31613,8.0
31614,7.4074
31615,7.4706
31616,8.8556
31617,7.0667
31618,7.2595
31619,9.3832
31620,7.3158
31621,7.0
31622,7.3333
31623,8.8556
31624,7.5065
31625,8.4545
31626,6.1034
31627,8.2174
31628,7.5
31629,7.7188
31630,5.1355
31631,8.0094
31632,8.0
31633,9.0
31634,8.8333
31635,7.2595
31636,7.5
31637,8.75
31638,7.1429
31639,7.6018
31640,6.3333
31641,7.2595
31642,8.9905
31643,6.0
31644,9.3455
31645,8.0833
31646,8.8556
31647,6.6667
31648,9.2
31649,7.2903
31650,8.1111
31651,5.0
31652,2.0
31653,5.0
31654,7.8462
31655,8.3333
31656,7.9231
31657,7.6018
31658,5.1355
31659,9.0262
31660,7.2595
31661,6.5
31662,6.2
31663,7.45
31664,7.7
31665,8.3971
31666,7.7449
31667,3.5
31668,8.8556
31669,8.4545
31670,8.3571
31671,8.9403
31672,7.5556
31673,5.5
31674,7.6018
31675,7.6
31676,7.3333
31677,7.1689
31678,7.3523
31679,7.2595
31680,7.0
31681,7.2391
31682,7.2595
31683,5.5
31684,6.0226
31685,8.0909
31686,8.0
31687,7.15
31688,7.6
31689,6.7917
31690,8.3333
31691,7.3523
31692,7.9286
31693,7.3523
31694,7.6018
31695,6.8947
31696,8.5
31697,9.25
31698,8.8727
31699,7.125
31700,7.8333
31701,6.4921
31702,7.7762
31703,7.5065
31704,6.3
31705,8.2
31706,8.8
31707,8.0
31708,9.3333
31709,8.2676
31710,7.918
31711,8.8556
31712,8.8556
31713,7.6018
31714,8.0
31715,7.45
31716,9.0
31717,7.5
31718,6.35
31719,5.0
31720,7.375
31721,7.6018
31722,9.0
31723,8.0
31724,10.0
31725,6.4921
31726,8.5
31727,5.7
31728,6.9655
31729,10.0
31730,8.931
31731,6.3
31732,8.1955
31733,6.7778
31734,7.0
31735,7.4583
31736,7.5
31737,9.6667
31738,7.2595
31739,7.96
31740,7.9143
31741,7.9524
31742,7.815
31743,7.2595
31744,8.541
31745,10.0
31746,8.8556
31747,8.4
31748,8.1043
31749,8.3636
31750,7.1689
31751,7.6018
31752,7.1689
31753,5.5
31754,7.6018
31755,7.1689
31756,9.0
31757,4.3333
31758,8.1111
31759,7.6018
31760,8.2676
31761,9.25
31762,7.6018
31763,8.2308
31764,7.3182
31765,8.2353
31766,7.8617
31767,5.0752
31768,9.3662
31769,7.0
31770,8.1875
31771,5.25
31772,8.8333
31773,7.7449
31774,7.9947
31775,8.2222
31776,7.0
31777,7.6018
31778,8.4091
31779,7.2595
31780,7.6087
31781,8.0
31782,7.6018
31783,7.6
31784,8.8556
31785,8.8556
31786,7.9273
31787,7.0
31788,8.5
31789,5.0
31790,7.6018
31791,7.6018
31792,7.1689
31793,5.5401
31794,7.8108
31795,7.2595
31796,7.6018
31797,7.2595
31798,8.0094
31799,7.3523
31800,6.0
31801,6.0
31802,7.7778
31803,8.2
31804,7.6018
31805,8.3333
31806,7.7143
31807,6.6
31808,7.5
31809,4.0
31810,7.2595
31811,8.0
31812,5.2
31813,10.0
31814,6.6214
31815,7.2595
31816,5.0
31817,9.5
31818,6.88
31819,5.6667
31820,8.418
31821,8.8556
31822,7.8462
31823,7.53
31824,7.6018
31825,8.0238
31826,7.25
31827,7.2595
31828,7.6018
31829,5.3333
31830,7.3158
31831,5.5753
31832,8.0429
31833,7.0
31834,7.6018
31835,6.0
31836,7.2595
31837,7.2595
31838,9.0
31839,7.6018
31840,9.0262
31841,8.4286
31842,9.3333
31843,8.7029
31844,8.1905
31845,9.3455
31846,7.6018
31847,7.5
31848,8.8556
31849,7.6018
31850,8.2
31851,5.1355
31852,8.2353
31853,7.9947
31854,8.0294
31855,7.25
31856,8.1538
31857,7.1463
31858,7.6667
31859,7.9
31860,7.0
31861,6.0
31862,7.2595
31863,6.4444
31864,7.6018
31865,9.4632
31866,8.4091
31867,7.1463
31868,6.9583
31869,7.5952
31870,5.881
31871,7.0
31872,8.8958
31873,7.7449
31874,9.3455
31875,9.0262
31876,7.5065
31877,5.9825
31878,8.6667
31879,8.0429
31880,7.6018
31881,7.6018
31882,6.7328
31883,9.3455
31884,7.6018
31885,7.3333
31886,9.1176
31887,8.1976
31888,8.8556
31889,5.7826
31890,7.0667
31891,9.6429
31892,7.6018
31893,6.2055
31894,7.4865
31895,8.1429
31896,7.6018
31897,8.2
31898,9.0262
31899,8.7368
31900,8.2
31901,8.2857
31902,7.3333
31903,7.6018
31904,9.0
31905,9.3455
31906,7.6018
31907,7.5862
31908,8.2019
31909,8.5
31910,7.6018
31911,9.4
31912,7.2222
31913,6.5
31914,8.1579
31915,6.8689
31916,7.8462
31917,7.5472
31918,8.0
31919,7.3333
31920,9.75
31921,6.2
31922,7.0294
31923,7.3973
31924,7.2432
31925,7.9947
31926,6.0958
31927,8.6667
31928,7.6018
31929,7.2595
31930,9.1373
31931,10.0
31932,8.8727
31933,7.6
31934,8.0
31935,7.6667
31936,9.0
31937,7.2595
31938,6.6667
31939,8.8
31940,7.087
31941,9.0262
31942,7.7236
31943,8.1667
31944,7.3333
31945,6.8182
31946,7.141
31947,5.5753
31948,7.6018
31949,6.5
31950,8.4474
31951,7.6018
31952,7.25
31953,7.6018
31954,7.5065
31955,7.5278
31956,7.7449
31957,7.9375
31958,7.2595
31959,7.6018
31960,7.2846
31961,6.8571
31962,7.2595
31963,8.8556
31964,7.6018
31965,9.28
31966,5.0
31967,8.1955
31968,7.6018
31969,7.1212
31970,7.0
31971,8.7692
31972,8.2
31973,7.0769
31974,7.1689
31975,8.8462
31976,8.0
31977,7.9444
31978,8.0
31979,7.6757
31980,5.5
31981,7.6018
31982,8.0909
31983,9.0262
31984,6.7129
31985,7.2595
31986,7.6018
31987,6.8
31988,7.1429
31989,5.0
31990,6.5
31991,8.8556
31992,7.1429
31993,7.4194
31994,9.6216
31995,7.4444
31996,5.5401
31997,7.6018
31998,7.4146
31999,6.25
32000,7.6018
32001,7.6018
32002,7.4
32003,7.2846
32004,7.9947
32005,8.1955
32006,7.6018
32007,6.3
32008,7.2963
32009,9.0262
32010,7.6018
32011,8.8556
32012,7.6018
32013,7.9947
32014,7.3571
32015,9.4
32016,6.6667
32017,6.25
32018,4.8333
32019,7.4421
32020,8.069
32021,8.1277
32022,7.5476
32023,7.25
32024,7.6018
32025,7.5263
32026,8.7029
32027,7.2595
32028,8.1667
32029,10.0
32030,7.8941
32031,8.9714
32032,7.5405
32033,7.6018
32034,7.6018
32035,7.0
32036,7.0
32037,7.1944
32038,7.6667
32039,8.7091
32040,5.1355
32041,8.8556
32042,7.6018
32043,7.9947
32044,7.9231
32045,7.0
32046,7.6018
32047,7.5476
32048,8.5818
32049,8.1053
32050,7.2595
32051,7.7778
32052,7.6018
32053,7.6018
32054,7.0
32055,7.1689
32056,7.6018
32057,7.2595
32058,9.3455
32059,7.6018
32060,7.918
32061,6.7403
32062,7.6018
32063,9.4118
32064,7.6018
32065,9.1667
32066,8.7778
32067,7.9947
32068,7.6018
32069,8.6719
32070,7.2595
32071,8.2353
32072,8.1955
32073,7.6018
32074,8.88
32075,6.6923
32076,7.4339
32077,6.88
32078,7.2595
32079,7.6018
32080,7.9143
32081,7.2258
32082,7.0
32083,9.0
32084,7.6897
32085,7.5065
32086,8.0755
32087,7.9947
32088,7.2595
32089,6.2055
32090,7.6018
32091,5.0752
32092,9.3333
32093,9.0262
32094,9.0262
32095,7.875
32096,7.619
32097,7.2595
32098,7.6018
32099,7.1667
32100,7.7188
32101,7.0
32102,8.2105
32103,7.6018
32104,8.1538
32105,7.6018
32106,7.7826
32107,8.2353
32108,7.0769
32109,8.6471
32110,7.2595
32111,7.6018
32112,7.2595
32113,7.6538
32114,9.0262
32115,7.3333
32116,6.5
32117,7.2595
32118,7.3333
32119,8.9403
32120,7.6018
32121,7.3404
32122,8.3971
32123,8.25
32124,7.0
32125,7.6364
32126,8.2
32127,7.2243
32128,9.0
32129,8.875
32130,8.4474
32131,6.7374
32132,4.6
32133,5.1355
32134,7.6
32135,7.8723
32136,8.8556
32137,7.6018
32138,9.0
32139,7.7
32140,8.931
32141,7.5
32142,6.8125
32143,7.0492
32144,7.3523
32145,7.2595
32146,8.05
32147,7.5065
32148,7.6018
32149,7.5505
32150,7.3913
32151,7.1689
32152,8.7179
32153,9.4841
32154,8.9091
32155,6.56
32156,5.2
32157,8.5818
32158,8.3
32159,7.0
32160,7.6018
32161,8.1765
32162,6.0
32163,9.8571
32164,6.25
32165,10.0
32166,6.25
32167,7.2
32168,8.3913
32169,7.7727
32170,8.0238
32171,8.8431
32172,6.5
32173,9.2353
32174,7.6018
32175,7.6018
32176,7.3
32177,7.2595
32178,7.6538
32179,8.2764
32180,6.7129
32181,6.8462
32182,7.2595
32183,7.3846
32184,8.0667
32185,10.0
32186,8.8556
32187,5.0752
32188,7.5952
32189,7.2857
32190,5.7143
32191,6.1429
32192,8.2667
32193,6.8125
32194,7.6667
32195,6.0
32196,5.8333
32197,7.6018
32198,7.5968
32199,7.0909
32200,7.1689
32201,7.9667
32202,10.0
32203,7.5
32204,7.0
32205,7.2595
32206,7.6018
32207,8.0
32208,7.6018
32209,7.2909
32210,5.8966
32211,8.0
32212,7.25
32213,7.1689
32214,7.8812
32215,7.5
32216,6.8462
32217,7.3523
32218,8.8556
32219,7.6018
32220,7.5
32221,7.4
32222,6.7273
32223,7.918
32224,7.5714
32225,7.1667
32226,8.8182
32227,7.9559
32228,6.8667
32229,7.5
32230,7.6018
32231,7.375
32232,7.6018
32233,7.6018
32234,8.8556
32235,6.6842
32236,7.2595
32237,9.4583
32238,7.5556
32239,7.2
32240,5.0752
32241,8.3913
32242,6.6809
32243,6.8333
32244,4.0
32245,8.8824
32246,5.0
32247,5.1355
32248,10.0
32249,9.0
32250,5.0752
32251,7.4848
32252,7.3793
32253,7.2595
32254,7.6018
32255,9.0262
32256,7.6018
32257,7.6018
32258,7.6018
32259,7.6018
32260,7.885
32261,7.8617
32262,7.5505
32263,7.6018
32264,5.4286
32265,7.2857
32266,5.0752
32267,7.6268
32268,5.3182
32269,8.023
32270,8.2222
32271,9.0
32272,7.875
32273,6.25
32274,7.9
32275,5.0
32276,7.6061
32277,7.0
32278,7.1689
32279,7.6154
32280,8.4615
32281,7.6018
32282,5.7778
32283,7.25
32284,8.5625
32285,7.6018
32286,9.7692
32287,7.6018
32288,7.5385
32289,7.6018
32290,7.4339
32291,7.7
32292,7.6018
32293,7.6018
32294,6.7273
32295,8.7029
32296,9.6139
32297,7.6018
32298,7.4
32299,7.6018
32300,8.3333
32301,8.25
32302,6.9167
32303,9.0811
32304,7.6018
32305,7.2595
32306,7.1667
32307,8.9828
32308,6.8571
32309,7.6018
32310,7.9375
32311,7.2258
32312,7.2595
32313,7.0882
32314,9.0
32315,8.0
32316,9.0
32317,5.1538
32318,8.8387
32319,7.3333
32320,7.8
32321,8.5
32322,7.6018
32323,7.5405
32324,7.0
32325,6.6364
32326,7.6018
32327,7.2595
32328,8.2963
32329,8.4118
32330,7.2595
32331,6.3333
32332,7.7
32333,7.8
32334,8.0
32335,8.3731
32336,8.0
32337,7.6018
32338,8.92
32339,9.0
32340,10.0
32341,7.1667
32342,7.6018
32343,7.2595
32344,7.6018
32345,7.2595
32346,8.3714
32347,6.1
32348,7.0484
32349,7.3529
32350,7.5505
32351,7.5882
32352,9.3455
32353,7.828
32354,7.6018
32355,8.25
32356,7.84
32357,7.6018
32358,7.7009
32359,7.1689
32360,7.0577
32361,7.6018
32362,5.6667
32363,7.0
32364,7.6018
32365,5.1355
32366,7.9947
32367,4.9189
32368,7.2595
32369,7.5065
32370,8.2903
32371,7.6018
32372,7.5
32373,8.1818
32374,8.3333
32375,8.2764
32376,8.2764
32377,7.6018
32378,7.6018
32379,7.7449
32380,8.0909
32381,8.0
32382,8.4634
32383,7.6667
32384,10.0
32385,7.1689
32386,6.9583
32387,8.9905
32388,7.3636
32389,6.5
32390,8.1277
32391,8.5165
32392,7.2595
32393,7.5952
32394,6.7403
32395,8.8333
32396,8.7234
32397,7.9231
32398,5.8519
32399,8.0
32400,7.5065
32401,7.6018
32402,8.0
32403,7.5652
32404,9.8182
32405,8.5
32406,5.5753
32407,6.8182
32408,5.0
32409,6.2667
32410,5.0
32411,6.5
32412,7.0
32413,8.9091
32414,7.5952
32415,7.6018
32416,6.7143
32417,7.5065
32418,9.3158
32419,8.6154
32420,7.6268
32421,7.0
32422,8.25
32423,7.9444
32424,7.2595
32425,5.1538
32426,8.3731
32427,9.4841
32428,7.2391
32429,7.6018
32430,7.5
32431,9.3662
32432,8.3953
32433,6.7143
32434,7.3523
32435,8.4615
32436,9.5
32437,7.5065
32438,6.7403
32439,7.6
32440,7.6018
32441,7.6018
32442,7.6018
32443,6.0
32444,7.6018
32445,6.5769
32446,8.1955
32447,9.0
32448,7.25
32449,6.0
32450,9.0262
32451,7.2595
32452,7.5
32453,6.0226
32454,8.037
32455,6.4375
32456,7.5065
32457,10.0
32458,6.1071
32459,7.5
32460,7.5505
32461,8.8556
32462,6.5
32463,9.0262
32464,8.0
32465,6.2857
32466,8.0
32467,7.0
32468,10.0
32469,8.8421
32470,8.8889
32471,7.1689
32472,6.6667
32473,7.6018
32474,9.4632
32475,8.8889
32476,6.5
32477,10.0
32478,8.6719
32479,5.5401
32480,8.7778
32481,8.5714
32482,5.0752
32483,7.6018
32484,6.88
32485,9.0
32486,7.6018
32487,6.7273
32488,10.0
32489,5.0752
32490,7.2595
32491,7.3438
32492,5.0752
32493,7.6018
32494,9.75
32495,7.7009
32496,6.7358
32497,6.7358
32498,5.0752
32499,4.0
32500,5.5753
32501,7.6018
32502,7.0
32503,6.3333
32504,8.3333
32505,8.4444
32506,8.0755
32507,5.1355
32508,7.3
32509,8.6316
32510,7.6018
32511,7.5
32512,7.6018
32513,7.5333
32514,7.2595
32515,7.1212
32516,5.0
32517,8.5294
32518,8.8
32519,6.7129
32520,4.6
32521,10.0
32522,7.75
32523,6.5769
32524,7.2595
32525,5.0752
32526,7.6018
32527,7.6364
32528,5.5
32529,7.75
32530,6.0
32531,7.5714
32532,8.4286
32533,8.0
32534,7.6018
32535,7.1689
32536,9.6429
32537,8.25
32538,7.9947
32539,10.0
32540,7.5417
32541,8.1976
32542,8.125
32543,7.2595
32544,7.6018
32545,7.5952
32546,4.0
32547,7.7971
32548,7.5965
32549,9.5
32550,7.828
32551,8.8556
32552,9.3455
32553,8.1579
32554,7.6018
32555,7.7
32556,7.2595
32557,8.0294
32558,8.25
32559,7.6018
32560,7.2595
32561,8.8556
32562,6.4921
32563,8.8556
32564,7.6018
32565,7.3796
32566,7.7407
32567,9.1333
32568,6.0226
32569,7.8148
32570,6.9655
32571,6.0
32572,2.0
32573,7.7105
32574,7.1455
32575,5.25
32576,7.4286
32577,7.5505
32578,7.0
32579,7.375
32580,8.8556
32581,8.2109
32582,8.6
32583,9.25
32584,8.5
32585,7.2222
32586,8.0
32587,7.8889
32588,7.2595
32589,8.7368
32590,6.0
32591,4.8
32592,7.0
32593,7.5926
32594,9.0
32595,8.0
32596,7.8723
32597,8.0
32598,7.0
32599,8.0429
32600,8.0
32601,8.8387
32602,4.5
32603,6.6842
32604,7.5
32605,8.4444
32606,8.875
32607,8.8556
32608,7.6018
32609,6.9
32610,7.3333
32611,7.2941
32612,7.1039
32613,7.3333
32614,6.3333
32615,7.5
32616,8.0
32617,7.6018
32618,8.4091
32619,9.0
32620,3.0
32621,7.0
32622,7.6018
32623,7.6018
32624,8.4
32625,8.64
32626,7.6018
32627,7.6
32628,6.5
32629,8.5714
32630,7.6018
32631,6.5
32632,7.6018
32633,8.3333
32634,7.6018
32635,7.2595
32636,8.8556
32637,5.0
32638,8.0
32639,7.6018
32640,8.4545
32641,8.0
32642,7.2595
32643,6.7403
32644,8.8556
32645,7.9286
32646,8.6154
32647,7.7778
32648,5.881
32649,7.6018
32650,8.7029
32651,8.7048
32652,7.4054
32653,8.8556
32654,8.2
32655,5.8571
32656,8.8556
32657,7.5455
32658,7.2595
32659,7.0909
32660,8.1043
32661,7.8947
32662,9.0262
32663,6.4118
32664,7.6018
32665,8.2667
32666,5.1355
32667,8.1928
32668,8.3333
32669,8.5036
32670,5.6667
32671,8.8556
32672,8.9714
32673,7.375
32674,7.5
32675,8.8556
32676,8.2857
32677,7.6018
32678,7.2909
32679,9.3455
32680,9.6216
32681,7.0
32682,7.8056
32683,10.0
32684,8.5165
32685,8.0
32686,7.0
32687,7.5065
32688,5.1355
32689,6.6809
32690,8.0
32691,8.2128
32692,7.4194
32693,8.0426
32694,8.8556
32695,8.8556
32696,7.2857
32697,7.5505
32698,7.9
32699,7.5
32700,7.8333
32701,7.2595
32702,7.9167
32703,9.25
32704,7.6018
32705,7.3148
32706,8.7391
32707,7.2595
32708,6.6667
32709,7.5
32710,7.6018
32711,7.7762
32712,7.2243
32713,8.2353
32714,7.5254
32715,7.6207
32716,7.7115
32717,5.0752
32718,8.8824
32719,8.3
32720,7.1667
32721,7.6018
32722,7.2595
32723,7.7429
32724,7.1667
32725,7.6018
32726,5.0
32727,8.0
32728,7.5
32729,7.9559
32730,7.7971
32731,4.9189
32732,9.5
32733,8.0
32734,8.8556
32735,5.4444
32736,7.55
32737,10.0
32738,7.6018
32739,9.4632
32740,7.6923
32741,8.541
32742,6.5
32743,7.3333
32744,9.3832
32745,7.6018
32746,7.1039
32747,7.6018
32748,7.3523
32749,5.0
32750,5.0
32751,8.6667
32752,7.6018
32753,8.0
32754,7.3148
32755,7.6018
32756,8.5165
32757,7.2595
32758,7.2595
32759,8.5
32760,7.7009
32761,7.2595
32762,7.6018
32763,7.9375
32764,7.6018
32765,9.0
32766,5.0752
32767,7.0
32768,7.0
32769,7.4824
32770,5.1667
32771,7.6018
32772,7.2903
32773,7.6018
32774,7.375
32775,7.3913
32776,5.0
32777,8.0
32778,7.8431
32779,5.0
32780,7.4444
32781,8.6
32782,7.5938
32783,8.8556
32784,6.3333
32785,7.0
32786,7.2595
32787,5.5401
32788,7.6018
32789,7.6018
32790,6.875
32791,7.6018
32792,8.875
32793,3.2308
32794,8.5714
32795,8.1053
32796,9.15
32797,5.1355
32798,9.0
32799,6.0958
32800,5.8077
32801,9.2
32802,8.2676
32803,7.8
32804,9.0262
32805,9.3158
32806,8.6111
32807,7.6018
32808,6.0
32809,9.0262
32810,8.6719
32811,7.6268
32812,9.6216
32813,5.75
32814,6.1765
32815,8.2222
32816,8.25
32817,7.4167
32818,8.8182
32819,7.6018
32820,7.7762
32821,8.8556
32822,6.7358
32823,7.6018
32824,7.2595
32825,7.1429
32826,8.1852
32827,7.1429
32828,8.75
32829,8.8556
32830,8.25
32831,8.7234
32832,10.0
32833,8.8333
32834,8.8556
32835,7.6018
32836,6.5
32837,7.6018
32838,7.4167
32839,7.6018
32840,8.1955
32841,8.4
32842,8.873
32843,7.6018
32844,8.8556
32845,8.8302
32846,8.375
32847,8.42
32848,8.8556
32849,5.0752
32850,9.8182
32851,5.0
32852,5.25
32853,7.2595
32854,7.1579
32855,8.75
32856,7.1364
32857,7.6018
32858,8.375
32859,8.6667
32860,8.2
32861,8.0
32862,7.2595
32863,7.5065
32864,6.2143
32865,7.5339
32866,7.0
32867,8.1486
32868,7.75
32869,7.918
32870,7.0
32871,7.2595
32872,9.7907
32873,7.1455
32874,7.6018
32875,8.3971
32876,7.9947
32877,7.5505
32878,6.5
32879,5.1355
32880,7.2595
32881,9.4444
32882,7.6
32883,8.5165
32884,9.6139
32885,6.6364
32886,9.0
32887,7.815
32888,8.2903
32889,10.0
32890,5.25
32891,7.0
32892,5.5753
32893,7.2595
32894,10.0
32895,7.2143
32896,7.5758
32897,6.875
32898,8.5
32899,8.0
32900,8.5909
32901,8.8
32902,7.8617
32903,6.4667
32904,7.4167
32905,7.9947
32906,7.0
32907,8.7029
32908,6.4921
32909,5.0
32910,7.6018
32911,7.2903
32912,8.7404
32913,7.6018
32914,6.3333
32915,7.8
32916,6.3786
32917,7.5833
32918,9.3832
32919,7.5
32920,7.6268
32921,7.3523
32922,7.2595
32923,9.6
32924,6.0
32925,7.2595
32926,5.625
32927,7.6018
32928,7.2595
32929,6.3786
32930,5.881
32931,7.6018
32932,9.75
32933,8.0
32934,8.4444
32935,8.6
32936,5.5753
32937,6.0226
32938,7.6018
32939,9.2857
32940,7.6757
32941,7.2857
32942,7.9091
32943,8.3333
32944,7.2143
32945,8.0
32946,6.9688
32947,7.4545
32948,7.9452
32949,7.8941
32950,8.8556
32951,7.6018
32952,6.9091
32953,8.1955
32954,7.0909
32955,7.5
32956,7.0345
32957,7.2595
32958,8.0
32959,8.2692
32960,9.0
32961,8.5833
32962,7.6018
32963,7.6667
32964,7.7857
32965,7.6471
32966,8.0
32967,6.0
32968,7.9143
32969,8.9
32970,7.6018
32971,8.2857
32972,6.3333
32973,8.0
32974,7.1689
32975,5.1355
32976,7.6018
32977,8.2963
32978,8.7234
32979,7.6018
32980,8.2109
32981,8.0
32982,7.5952
32983,7.9143
32984,6.9333
32985,8.1043
32986,8.0417
32987,7.6018
32988,8.2353
32989,5.0752
32990,7.6018
32991,8.3333
32992,5.0
32993,7.6018
32994,5.7692
32995,6.0
32996,7.6018
32997,7.625
32998,9.0
32999,6.8377
33000,7.2595
33001,8.0588
33002,7.6018
33003,7.2595
33004,5.4074
33005,7.1689
33006,7.6018
33007,6.75
33008,9.8
33009,6.5
33010,5.0752
33011,8.5165
33012,8.0
33013,7.3333
33014,6.6667
33015,7.6018
33016,7.6018
33017,7.6018
33018,9.15
33019,5.1355
33020,4.7059
33021,8.8556
33022,7.2595
33023,8.0
33024,8.0
33025,7.6018
33026,8.4
33027,5.1355
33028,7.6018
33029,7.7236
33030,7.0
33031,7.3523
33032,6.8377
33033,7.4688
33034,7.45
33035,6.875
33036,8.2353
33037,7.6018
33038,6.0226
33039,8.5556
33040,8.3731
33041,10.0
33042,8.8556
33043,5.0752
33044,5.0752
33045,9.0
33046,7.2595
33047,8.0455
33048,7.5952
33049,6.7917
33050,8.0667
33051,7.0
33052,7.6471
33053,9.4841
33054,8.0294
33055,7.6018
33056,7.4167
33057,7.6018
33058,8.0
33059,7.5476
33060,7.6018
33061,9.1176
33062,7.0
33063,5.6667
33064,7.2595
33065,7.6018
33066,8.4444
33067,7.5574
33068,7.5065
33069,5.0752
33070,7.3333
33071,6.0
33072,8.8556
33073,5.0752
33074,7.9947
33075,8.8556
33076,7.5065
33077,8.6567
33078,7.2595
33079,7.3333
33080,7.0476
33081,7.6018
33082,8.5833
33083,7.6018
33084,6.8571
33085,8.0
33086,6.4
33087,6.8377
33088,7.6018
33089,7.2595
33090,6.4921
33091,5.25
33092,7.7449
33093,7.6018
33094,6.6842
33095,8.8556
33096,5.5401
33097,7.0
33098,6.8125
33099,7.3333
33100,6.0
33101,6.2222
33102,8.8556
33103,7.6018
33104,6.9091
33105,7.6
33106,7.1689
33107,7.6429
33108,7.6667
33109,5.8529
33110,7.6018
33111,7.0714
33112,7.6018
33113,7.918
33114,6.9737
33115,7.5
33116,9.0
33117,8.4634
33118,8.2128
33119,5.0
33120,7.3523
33121,5.4545
33122,7.6018
33123,7.6018
33124,6.8
33125,6.56
33126,7.8594
33127,7.4211
33128,7.6018
33129,8.6
33130,3.0
33131,7.6018
33132,8.0385
33133,8.3913
33134,7.8889
33135,8.0
33136,6.8377
33137,7.6018
33138,8.7404
33139,8.0
33140,7.6018
33141,6.0226
33142,7.8077
33143,7.6
33144,6.125
33145,7.2595
33146,7.3846
33147,9.5
33148,9.1429
33149,9.55
33150,7.53
33151,8.1818
33152,6.9688
33153,7.4091
33154,9.375
33155,5.5
33156,6.56
33157,8.4
33158,7.3913
33159,7.8125
33160,8.5
33161,7.2
33162,5.7143
33163,6.4074
33164,7.2595
33165,6.6667
33166,7.6018
33167,6.6667
33168,7.5968
33169,8.3158
33170,7.7826
33171,8.5
33172,8.6
33173,7.6944
33174,8.0
33175,8.275
33176,7.6018
33177,7.6018
33178,7.2595
33179,9.5714
33180,6.7358
33181,8.9403
33182,7.5
33183,7.6
33184,8.1053
33185,9.6
33186,7.15
33187,8.8556
33188,8.1667
33189,8.0
33190,7.6018
33191,7.64
33192,7.3793
33193,8.3571
33194,7.4339
33195,7.0818
33196,8.0
33197,8.9444
33198,5.25
33199,7.6018
33200,7.6018
33201,7.6018
33202,8.5
33203,8.8571
33204,7.9286
33205,7.2857
33206,7.6018
33207,8.0
33208,7.625
33209,7.6018
33210,7.4339
33211,8.0
33212,7.0714
33213,8.0
33214,8.8556
33215,7.8966
33216,5.65
33217,7.1689
33218,5.3333
33219,8.0238
33220,5.0752
33221,8.2963
33222,5.0
33223,7.9231
33224,5.0752
33225,7.75
33226,7.6923
33227,7.6944
33228,9.134
33229,7.6018
33230,7.6667
33231,7.6018
33232,8.2109
33233,10.0
33234,7.3333
33235,7.4848
33236,8.8333
33237,7.6018
33238,6.0
33239,7.7778
33240,7.6018
33241,6.9091
33242,8.7029
33243,8.875
33244,8.6
33245,7.7971
33246,8.3953
33247,7.6018
33248,8.023
33249,7.6018
33250,7.55
33251,7.5417
33252,8.8556
33253,8.8556
33254,7.45
33255,7.2595
33256,7.9947
33257,9.0262
33258,5.8889
33259,9.4545
33260,9.0
33261,8.2
33262,8.9167
33263,5.0752
33264,7.1689
33265,7.6018
33266,6.6667
33267,8.1579
33268,5.5833
33269,6.9091
33270,7.6018
33271,7.6018
33272,9.4286
33273,9.0262
33274,7.6429
33275,7.4146
33276,7.53
33277,8.4
33278,7.2595
33279,8.8556
33280,3.5
33281,7.1689
33282,5.0752
33283,6.0
33284,8.75
33285,7.1429
33286,7.5862
33287,7.6923
33288,8.1111
33289,5.3333
33290,6.0958
33291,7.96
33292,8.8556
33293,6.5
33294,7.53
33295,7.6018
33296,8.0
33297,7.6018
33298,5.7143
33299,8.0
33300,5.8529
33301,6.9091
33302,7.6471
33303,8.375
33304,8.8556
33305,7.4746
33306,9.4583
33307,8.6579
33308,8.8556
33309,7.8
33310,6.7403
33311,9.0
33312,6.8
33313,8.8556
33314,7.6
33315,9.0262
33316,7.5339
33317,10.0
33318,7.0
33319,9.075
33320,7.6018
33321,7.2595
33322,7.25
33323,7.3846
33324,8.8556
33325,7.6018
33326,8.7404
33327,5.0
33328,8.7029
33329,7.1689
33330,9.6429
33331,8.1976
33332,7.6268
33333,7.3913
33334,9.1081
33335,7.7143
33336,7.2595
33337,6.7
33338,7.3796
33339,8.1976
33340,8.2
33341,5.0752
33342,7.6018
33343,5.5
33344,8.0
33345,7.5968
33346,7.9947
33347,7.8431
33348,8.3971
33349,9.4878
33350,7.2595
33351,7.6018
33352,7.2243
33353,7.6018
33354,7.2595
33355,8.0294
33356,9.5
33357,5.8462
33358,8.5625
33359,7.5862
33360,10.0
33361,8.64
33362,9.4286
33363,8.2676
33364,7.25
33365,9.3077
33366,6.3333
33367,7.84
33368,6.8
33369,8.7029
33370,7.2846
33371,6.7581
33372,9.7692
33373,6.5
33374,9.375
33375,6.35
33376,6.6667
33377,5.6667
33378,7.1689
33379,8.5
33380,7.8947
33381,5.5753
33382,6.2
33383,9.0
33384,8.3333
33385,8.25
33386,7.2595
33387,5.5
33388,7.75
33389,8.5
33390,7.6897
33391,7.2595
33392,5.7778
33393,8.5
33394,5.881
33395,6.6364
33396,7.9947
33397,8.1111
33398,7.9947
33399,8.2258
33400,7.6018
33401,9.1333
33402,8.7778
33403,7.5
33404,8.8556
33405,7.3
33406,7.5952
33407,5.8519
33408,9.4583
33409,7.918
33410,7.1689
33411,7.4865
33412,6.6471
33413,7.0
33414,8.4444
33415,9.1111
33416,5.0752
33417,7.1039
33418,7.8
33419,7.6018
33420,9.8571
33421,7.8966
33422,8.023
33423,9.3455
33424,7.6018
33425,7.4286
33426,7.2595
33427,7.8916
33428,8.1486
33429,7.6018
33430,6.7358
33431,7.2595
33432,9.16
33433,7.6018
33434,7.7009
33435,5.5401
33436,8.1
33437,7.6018
33438,8.6667
33439,5.8214
33440,7.2595
33441,6.6885
33442,7.2595
33443,7.6018
33444,7.1689
33445,5.0752
33446,7.7009
33447,7.9091
33448,7.1689
33449,7.5
33450,9.0
33451,8.3382
33452,6.0
33453,8.1111
33454,7.2595
33455,7.7449
33456,5.0
33457,7.2222
33458,7.7449
33459,7.4
33460,7.75
33461,9.1786
33462,8.3333
33463,8.0667
33464,5.2222
33465,8.9403
33466,7.5339
33467,6.5161
33468,7.7009
33469,8.8556
33470,6.75
33471,7.6714
33472,9.3077
33473,7.75
33474,7.1689
33475,8.3571
33476,8.6667
33477,7.9143
33478,9.0
33479,7.0
33480,7.6018
33481,8.9315
33482,8.1486
33483,9.1786
33484,8.0294
33485,8.8333
33486,7.814
33487,7.6018
33488,7.2595
33489,6.2055
33490,6.88
33491,5.0
33492,8.0
33493,7.9412
33494,8.7143
33495,7.1689
33496,8.2857
33497,7.6018
33498,7.8889
33499,6.6364
33500,7.2595
33501,5.0
33502,7.5339
33503,8.25
33504,8.0238
33505,8.7805
33506,7.25
33507,7.6018
33508,7.2595
33509,8.0
33510,5.0752
33511,8.1905
33512,7.6268
33513,8.4545
33514,8.8727
33515,6.4074
33516,7.6575
33517,7.6018
33518,7.5065
33519,7.8
33520,7.6018
33521,6.7129
33522,8.9091
33523,5.75
33524,7.6018
33525,7.2595
33526,8.1053
33527,8.9315
33528,7.2595
33529,6.0226
33530,8.2764
33531,9.0
33532,7.5
33533,7.6018
33534,7.9947
33535,8.0294
33536,7.6018
33537,6.4
33538,5.0752
33539,7.2595
33540,7.1429
33541,7.6667
33542,8.8556
33543,7.6
33544,8.931
33545,9.4286
33546,8.1667
33547,7.6018
33548,7.6018
33549,8.1852
33550,7.5
33551,7.2595
33552,8.8462
33553,7.2595
33554,7.8333
33555,6.5
33556,8.4286
33557,8.0
33558,6.25
33559,9.0
33560,7.7971
33561,7.2595
33562,8.5875
33563,7.8824
33564,7.6018
33565,7.6018
33566,7.5862
33567,7.0
33568,8.023
33569,7.4211
33570,8.0455
33571,7.5472
33572,7.3333
33573,7.9947
33574,7.6018
33575,7.8056
33576,7.1212
33577,7.5
33578,8.8
33579,7.9947
33580,9.0
33581,8.8556
33582,7.4286
33583,7.2595
33584,7.6018
33585,7.5065
33586,9.1176
33587,6.3333
33588,7.6018
33589,7.2595
33590,6.9333
33591,7.3333
33592,8.0
33593,8.0
33594,7.6018
33595,7.5
33596,6.6667
33597,9.3158
33598,8.58
33599,5.5401
33600,6.4
33601,7.6087
33602,5.881
33603,7.9231
33604,7.0818
33605,6.1667
33606,5.0
33607,6.0
33608,7.6018
33609,8.7091
33610,8.8556
33611,5.8519
33612,9.3455
33613,7.6207
33614,7.0
33615,7.5254
33616,9.16
33617,9.55
33618,8.4286
33619,9.4545
33620,8.1667
33621,5.7826
33622,10.0
33623,7.2595
33624,8.1486
33625,6.0
33626,8.0426
33627,5.1355
33628,7.6018
33629,8.8556
33630,8.88
33631,8.1714
33632,8.0833
33633,10.0
33634,8.7805
33635,7.5
33636,7.814
33637,7.6018
33638,7.6018
33639,7.4074
33640,7.3846
33641,8.75
33642,7.6018
33643,7.2595
33644,7.7449
33645,7.815
33646,7.2595
33647,8.0
33648,7.2595
33649,7.8
33650,7.0818
33651,8.8556
33652,10.0
33653,8.0
33654,8.1829
33655,6.9167
33656,8.2692
33657,7.6018
33658,6.9091
33659,8.8
33660,7.6
33661,7.6018
33662,8.3333
33663,7.7449
33664,9.6216
33665,7.8617
33666,8.8824
33667,5.0752
33668,7.8
33669,7.0
33670,7.5965
33671,6.8333
33672,8.3971
33673,7.3846
33674,8.2764
33675,8.0
33676,9.8571
33677,8.8556
33678,7.2595
33679,8.873
33680,8.0
33681,7.4151
33682,7.0
33683,9.134
33684,7.6018
33685,6.5429
33686,7.918
33687,7.6923
33688,7.6018
33689,8.2
33690,8.8556
33691,7.6018
33692,7.4339
33693,7.5065
33694,7.6018
33695,7.6018
33696,8.8556
33697,6.0958
33698,7.6268
33699,8.1579
33700,7.6018
33701,8.3636
33702,9.5
33703,8.28
33704,7.4194
33705,8.1928
33706,6.0226
33707,8.5
33708,7.4167
33709,7.7188
33710,10.0
33711,7.3148
33712,7.0
33713,6.7374
33714,8.1471
33715,8.8333
33716,7.2595
33717,10.0
33718,7.2595
33719,7.6018
33720,8.283
33721,7.1429
33722,9.7
33723,6.8857
33724,7.9577
33725,7.6018
33726,7.2909
33727,6.6842
33728,9.4118
33729,8.1471
33730,7.6018
33731,8.3953
33732,6.0
33733,7.0
33734,7.1667
33735,9.0262
33736,7.4339
33737,6.625
33738,9.0
33739,7.6018
33740,8.8556
33741,5.0752
33742,6.125
33743,7.7009
33744,7.3333
33745,9.0
33746,6.7129
33747,7.2595
33748,7.6018
33749,8.8556
33750,6.25
33751,5.25
33752,8.8556
33753,8.1667
33754,5.0752
33755,5.0752
33756,5.1355
33757,7.2595
33758,5.0752
33759,8.303
33760,8.1
33761,7.0
33762,6.9
33763,7.8
33764,7.1689
33765,7.6018
33766,7.8916
33767,7.7762
33768,5.8529
33769,7.2595
33770,7.5263
33771,8.122
33772,6.5862
33773,8.3649
33774,5.5
33775,8.7179
33776,8.2128
33777,8.2
33778,5.7059
33779,4.0
33780,7.7143
33781,6.75
33782,8.8556
33783,7.55
33784,9.15
33785,7.9947
33786,8.2368
33787,8.1043
33788,6.0
33789,7.5065
33790,8.9655
33791,7.6667
33792,7.375
33793,8.2353
33794,7.6018
33795,7.0333
33796,5.0752
33797,8.8556
33798,7.4074
33799,7.7009
33800,8.2368
33801,7.3929
33802,7.0
33803,7.4421
33804,6.0303
33805,7.2595
33806,7.0
33807,9.3455
33808,9.134
33809,7.6018
33810,7.9231
33811,7.6018
33812,7.1689
33813,9.0
33814,9.6429
33815,8.58
33816,8.7234
33817,7.5065
33818,9.3455
33819,8.3939
33820,7.6
33821,7.6018
33822,7.6018
33823,6.2143
33824,7.9524
33825,7.6018
33826,8.96
33827,5.0
33828,6.0226
33829,7.7115
33830,8.8556
33831,5.0
33832,7.2595
33833,7.2595
33834,8.0
33835,7.0
33836,7.7429
33837,6.1538
33838,7.25
33839,8.45
33840,7.5556
33841,6.7619
33842,9.0
33843,7.0
33844,7.6018
33845,8.7404
33846,8.8556
33847,7.6875
33848,7.0
33849,5.5401
33850,8.1875
33851,6.7358
33852,5.0
33853,6.5
33854,7.4746
33855,7.2595
33856,8.2857
33857,8.2
33858,7.2595
33859,7.1689
33860,7.75
33861,7.8824
33862,9.16
33863,7.3529
33864,9.0
33865,7.4848
33866,7.2595
33867,8.7029
33868,5.5385
33869,7.8333
33870,6.6
33871,7.2595
33872,8.8556
33873,5.5753
33874,7.6018
33875,5.8462
33876,7.1429
33877,8.8556
33878,6.2055
33879,7.6018
33880,7.6018
33881,9.1395
33882,8.1976
33883,8.8556
33884,8.2222
33885,7.125
33886,7.8148
33887,8.0238
33888,7.6018
33889,7.6018
33890,7.0818
33891,5.0752
33892,7.9947
33893,6.9091
33894,7.6018
33895,7.6018
33896,7.5065
33897,7.6018
33898,8.7048
33899,7.6018
33900,9.6667
33901,8.0
33902,7.0
33903,6.625
33904,3.0
33905,8.3382
33906,7.4824
33907,9.15
33908,7.4286
33909,7.6018
33910,5.5
33911,7.9947
33912,9.3455
33913,7.9
33914,7.1429
33915,7.6087
33916,7.5333
33917,7.8916
33918,8.0426
33919,7.2595
33920,7.5254
33921,6.5769
33922,7.6667
33923,4.0
33924,9.4118
33925,7.7115
33926,10.0
33927,8.0
33928,7.9452
33929,7.6018
33930,6.5
33931,7.8
33932,8.0294
33933,7.6018
33934,7.7009
33935,9.2222
33936,8.0
33937,8.4906
33938,8.0
33939,5.5753
33940,6.129
33941,7.4421
33942,7.6018
33943,9.0262
33944,7.6018
33945,8.2019
33946,7.6018
33947,5.0752
33948,8.0
33949,7.5
33950,7.3846
33951,7.141
33952,7.6018
33953,8.6667
33954,7.9947
33955,8.0
33956,6.7619
33957,8.16
33958,6.8889
33959,8.5833
33960,8.1429
33961,7.2595
33962,7.6018
33963,7.4118
33964,8.3
33965,7.6018
33966,7.8
33967,5.2
33968,8.6567
33969,7.6018
33970,8.0
33971,7.25
33972,7.2595
33973,8.0435
33974,7.6018
33975,7.1818
33976,8.2258
33977,7.2308
33978,5.25
33979,7.0
33980,7.2595
33981,7.6018
33982,7.7971
33983,9.0
33984,7.6667
33985,8.3333
33986,7.0
33987,6.3889
33988,7.2595
33989,8.8556
33990,8.2857
33991,8.2109
33992,9.5
33993,8.1053
33994,8.3649
33995,7.5
33996,5.7778
33997,6.25
33998,7.6018
33999,8.7029
34000,7.5714
34001,7.6018
34002,9.5
34003,6.6522
34004,6.7328
34005,7.8
34006,7.2595
34007,8.8556
34008,5.0752
34009,7.6018
34010,9.0262
34011,7.2595
34012,8.0
34013,9.25
34014,6.625
34015,8.8235
34016,7.2595
34017,8.25
34018,8.0
34019,8.3971
34020,9.1481
34021,7.6018
34022,7.2595
34023,5.1355
34024,8.2368
34025,6.125
34026,7.5339
34027,7.2595
34028,7.0
34029,8.3714
34030,7.8108
34031,7.2
34032,8.88
34033,6.3333
34034,8.25
34035,5.65
34036,5.8333
34037,6.6214
34038,7.918
34039,7.6018
34040,7.15
34041,7.5065
34042,7.5
34043,8.8556
34044,8.6667
34045,7.75
34046,7.1212
34047,8.9333
34048,7.5065
34049,6.25
34050,7.8941
34051,5.1355
34052,8.4444
34053,7.4339
34054,9.0
34055,7.6018
34056,7.8594
34057,8.0094
34058,8.4286
34059,7.0
34060,7.5405
34061,7.8718
34062,7.0
34063,7.2595
34064,7.2595
34065,6.9091
34066,7.0
34067,7.9947
34068,7.96
34069,5.5401
34070,6.0958
34071,7.6018
34072,9.5833
34073,7.2595
34074,7.828
34075,7.8333
34076,8.1429
34077,7.2595
34078,7.2595
34079,9.0811
34080,6.7917
34081,9.4878
34082,9.075
34083,8.0
34084,7.2595
34085,8.8302
34086,8.8556
34087,7.0
34088,5.5714
34089,8.4091
34090,7.815
34091,7.375
34092,6.3786
34093,7.6364
34094,7.5
34095,7.5926
34096,8.7091
34097,8.3333
34098,7.6018
34099,7.8077
34100,5.5714
34101,7.875
34102,8.8556
34103,7.0345
34104,7.9444
34105,7.4286
34106,8.1486
34107,8.1111
34108,7.84
34109,7.2595
34110,7.6018
34111,6.0
34112,7.53
34113,7.2941
34114,7.6018
34115,4.8
34116,7.4194
34117,7.7009
34118,9.3333
34119,8.0
34120,8.3636
34121,5.5753
34122,7.0
34123,4.9189
34124,7.1667
34125,7.6667
34126,9.6667
34127,6.7358
34128,7.6018
34129,4.6667
34130,9.5
34131,7.5
34132,8.75
34133,7.0
34134,5.5401
34135,6.8235
34136,6.0
34137,7.1689
34138,8.0094
34139,8.5
34140,9.4632
34141,6.75
34142,5.0
34143,9.3662
34144,6.0
34145,8.5165
34146,10.0
34147,8.1429
34148,9.134
34149,7.8617
34150,6.6
34151,8.2903
34152,7.6018
34153,6.75
34154,6.7403
34155,7.0492
34156,7.6018
34157,7.6018
34158,10.0
34159,7.0818
34160,7.8
34161,8.8556
34162,7.5
34163,8.375
34164,8.2764
34165,8.1538
34166,9.0
34167,7.6018
34168,8.4286
34169,6.0
34170,8.75
34171,8.931
34172,9.1176
34173,9.2
34174,6.7778
34175,7.75
34176,8.375
34177,7.6018
34178,9.0
34179,7.1689
34180,7.2941
34181,8.6154
34182,7.0
34183,7.6018
34184,8.25
34185,8.8556
34186,7.1689
34187,7.7009
34188,8.0
34189,9.3455
34190,6.4545
34191,9.5
34192,8.8556
34193,9.0
34194,6.7
34195,5.0752
34196,7.2595
34197,7.6018
34198,7.6018
34199,8.8556
34200,8.85
34201,8.8556
34202,6.1429
34203,5.0752
34204,8.5165
34205,6.7581
34206,8.8556
34207,7.4824
34208,7.0294
34209,6.7
34210,8.8556
34211,7.6018
34212,7.7449
34213,10.0
34214,7.6018
34215,7.76
34216,5.5
34217,7.6018
34218,5.8214
34219,7.6154
34220,6.7403
34221,8.9714
34222,8.8556
34223,8.0
34224,8.8556
34225,6.0
34226,7.2308
34227,8.5036
34228,7.5
34229,8.4474
34230,7.2595
34231,10.0
34232,8.7029
34233,8.0385
34234,8.3333
34235,8.0
34236,8.4634
34237,6.0
34238,4.6667
34239,9.4632
34240,6.1034
34241,7.6018
34242,6.0
34243,8.0556
34244,7.6018
34245,6.9375
34246,8.6667
34247,8.1852
34248,7.75
34249,2.75
34250,7.3523
34251,7.6018
34252,8.3333
34253,6.75
34254,6.7143
34255,7.3793
34256,6.25
34257,8.0
34258,7.3523
34259,7.6018
34260,8.2857
34261,8.0426
34262,8.1976
34263,9.5
34264,9.25
34265,7.0
34266,7.2595
34267,7.5
34268,8.8556
34269,7.6018
34270,7.6018
34271,7.3
34272,6.3684
34273,7.8889
34274,7.6018
34275,9.0227
34276,8.0
34277,8.25
34278,7.1455
34279,7.6018
34280,7.6018
34281,5.0
34282,8.0
34283,8.0
34284,7.25
34285,6.5
34286,7.6268
34287,6.125
34288,9.0
34289,7.5333
34290,6.625
34291,8.1955
34292,9.1081
34293,7.2595
34294,7.6018
34295,7.3148
34296,7.55
34297,6.9333
34298,7.2595
34299,7.3523
34300,7.6018
34301,9.3333
34302,7.0
34303,7.4583
34304,5.1355
34305,7.7667
34306,6.1111
34307,8.418
34308,8.3846
34309,7.7449
34310,7.8182
34311,7.0
34312,5.5
34313,7.0
34314,5.9286
34315,7.6018
34316,7.2595
34317,7.0
34318,10.0
34319,7.8617
34320,7.0
34321,5.0752
34322,7.6018
34323,7.2595
34324,7.6018
34325,7.6018
34326,6.8377
34327,6.7403
34328,7.6018
34329,5.5753
34330,8.5036
34331,7.3333
34332,8.5
34333,7.6018
34334,8.1111
34335,9.0262
34336,7.6667
34337,7.5065
34338,7.6018
34339,7.0
34340,8.5
34341,7.6018
34342,8.8571
34343,8.0426
34344,6.7328
34345,7.6429
34346,7.5556
34347,9.2
34348,7.2595
34349,6.7273
34350,6.625
34351,8.0
34352,6.5
34353,8.3971
34354,6.0
34355,6.8889
34356,8.8556
34357,8.275
34358,7.5339
34359,7.8723
34360,7.1667
34361,8.0
34362,8.6
34363,9.0
34364,7.2595
34365,7.8431
34366,7.2595
34367,7.5556
34368,7.2595
34369,6.0303
34370,8.8556
34371,10.0
34372,7.0882
34373,7.6018
34374,7.4545
34375,7.6018
34376,6.8377
34377,7.6429
34378,5.5401
34379,7.3148
34380,7.6018
34381,7.6018
34382,7.8
34383,5.25
34384,5.8529
34385,6.0
34386,6.3
34387,8.8556
34388,7.9
34389,6.3
34390,8.2812
34391,9.0262
34392,7.7971
34393,8.023
34394,7.6018
34395,7.5333
34396,7.4545
34397,7.4375
34398,8.8556
34399,5.5753
34400,8.3939
34401,9.375
34402,8.1
34403,5.0752
34404,7.0577
34405,6.0
34406,8.2764
34407,7.5065
34408,6.6667
34409,5.0752
34410,5.0
34411,8.1579
34412,8.0
34413,7.75
34414,7.3796
34415,9.5
34416,7.45
34417,8.0
34418,8.0
34419,7.885
34420,7.4824
34421,7.6018
34422,7.75
34423,8.3333
34424,8.9315
34425,7.2595
34426,9.4444
34427,7.4545
34428,6.0226
34429,7.0714
34430,9.3158
34431,6.6667
34432,8.25
34433,7.0818
34434,7.6364
34435,7.0
34436,6.2667
34437,8.0556
34438,7.9677
34439,7.4444
34440,7.1613
34441,7.6018
34442,7.1689
34443,6.7129
34444,7.3333
34445,7.6018
34446,8.7091
34447,9.4841
34448,8.75
34449,5.8529
34450,8.7029
34451,7.6018
34452,8.1
34453,7.8636
34454,7.53
34455,9.1667
34456,6.625
34457,4.2857
34458,8.8556
34459,6.7403
34460,7.4146
34461,8.2128
34462,7.6018
34463,7.6018
34464,5.6667
34465,4.0
34466,7.2595
34467,7.2595
34468,6.7
34469,7.72
34470,8.8556
34471,7.1689
34472,8.8556
34473,8.6
34474,7.6018
34475,6.1667
34476,8.5833
34477,5.875
34478,7.5333
34479,5.0
34480,7.918
34481,7.3
34482,7.3148
34483,7.9947
34484,9.1429
34485,7.2595
34486,8.0
34487,10.0
34488,6.9444
34489,7.5065
34490,8.1976
34491,7.2595
34492,7.6268
34493,5.9825
34494,5.8519
34495,7.9452
34496,7.1455
34497,8.8556
34498,7.6018
34499,7.9947
34500,8.8556
34501,7.15
34502,6.7374
34503,7.8
34504,7.0
34505,7.2595
34506,7.6018
34507,5.1355
34508,4.0
34509,7.6018
34510,5.0752
34511,7.5472
34512,8.375
34513,7.6018
34514,5.3333
34515,7.815
34516,8.0
34517,8.7778
34518,7.6
34519,8.8556
34520,8.418
34521,8.6571
34522,8.3649
34523,8.75
34524,9.8182
34525,8.3953
34526,8.0
34527,7.5
34528,8.0755
34529,7.0345
34530,6.6667
34531,7.2595
34532,6.5161
34533,5.1355
34534,7.5065
34535,6.0958
34536,7.1429
34537,7.3523
34538,7.7449
34539,5.5
34540,7.0
34541,7.1321
34542,8.8556
34543,7.6018
34544,7.2595
34545,7.918
34546,7.6018
34547,7.8723
34548,7.6018
34549,6.75
34550,7.6018
34551,8.0
34552,8.3939
34553,3.5
34554,7.6018
34555,6.4286
34556,8.1976
34557,7.5
34558,8.023
34559,6.0958
34560,7.0
34561,8.5
34562,7.2595
34563,8.1976
34564,8.0
34565,7.2595
34566,9.5
34567,7.2595
34568,8.1486
34569,7.2595
34570,9.3455
34571,8.2368
34572,7.5952
34573,7.1333
34574,8.2
34575,7.8571
34576,5.881
34577,7.2595
34578,7.9
34579,7.5065
34580,8.8556
34581,8.1471
34582,8.5
34583,7.2595
34584,4.5
34585,7.0
34586,7.8889
34587,8.2368
34588,6.0303
34589,6.6
34590,7.0
34591,5.0752
34592,7.2595
34593,7.95
34594,7.6018
34595,8.875
34596,7.2595
34597,8.9655
34598,7.2595
34599,7.6018
34600,8.7692
34601,7.5263
34602,8.7368
34603,8.5
34604,7.2909
34605,6.7403
34606,8.0
34607,7.2595
34608,7.2595
34609,10.0
34610,7.6018
34611,8.069
34612,8.0
34613,7.0
34614,8.4286
34615,6.6214
34616,6.7358
34617,7.2595
34618,9.6216
34619,6.0226
34620,7.6018
34621,8.8556
34622,6.7917
34623,8.1429
34624,7.5065
34625,5.0
34626,7.815
34627,6.9167
34628,7.6018
34629,6.25
34630,10.0
34631,7.0
34632,7.6667
34633,7.6018
34634,8.2222
34635,7.2846
34636,7.6018
34637,7.5333
34638,8.0
34639,9.75
34640,6.6
34641,8.5
34642,7.6018
34643,7.1667
34644,9.25
34645,7.8889
34646,7.4211
34647,9.5
34648,7.6018
34649,8.0
34650,7.6268
34651,7.2595
34652,8.0
34653,8.7778
34654,9.0
34655,7.6018
34656,8.1538
34657,6.6364
34658,5.7059
34659,5.0
34660,7.6268
34661,6.7143
34662,8.1111
34663,7.6018
34664,6.2143
34665,8.5294
34666,7.4339
34667,6.25
34668,9.1667
34669,9.0262
34670,8.2128
34671,7.6018
34672,8.1928
34673,7.6018
34674,8.0
34675,7.3571
34676,7.6018
34677,7.6018
34678,7.75
34679,7.6018
34680,7.1689
34681,8.8556
34682,7.0492
34683,9.0262
34684,8.4474
34685,7.1689
34686,5.1667
34687,7.918
34688,7.0
34689,8.2
34690,5.0
34691,6.0
34692,7.2243
34693,7.6018
34694,6.7581
34695,7.2941
34696,7.2909
34697,8.9403
34698,7.3158
34699,7.3333
34700,7.6018
34701,7.6018
34702,6.2
34703,9.25
34704,8.5556
34705,9.0262
34706,9.2857
34707,8.9796
34708,7.6018
34709,8.5
34710,9.7907
34711,8.2
34712,8.5
34713,7.4286
34714,7.6018
34715,8.5036
34716,8.3333
34717,7.0
34718,8.0426
34719,6.7129
34720,7.3571
34721,8.8556
34722,7.4286
34723,7.5
34724,7.2429
34725,8.6
34726,5.5
34727,7.0
34728,7.6268
34729,7.4167
34730,7.0
34731,10.0
34732,8.2764
34733,8.0
34734,9.2857
34735,7.0
34736,7.8148
34737,6.0226
34738,8.122
34739,7.6018
34740,7.6018
34741,6.25
34742,8.1928
34743,7.9744
34744,7.6087
34745,8.8333
34746,6.4286
34747,7.0909
34748,7.3523
34749,8.8556
34750,8.8556
34751,4.8
34752,7.2595
34753,7.0
34754,7.64
34755,6.75
34756,9.5
34757,8.3333
34758,7.6018
34759,7.7188
34760,9.1373
34761,8.1043
34762,7.6471
34763,8.4615
34764,8.5625
34765,7.6018
34766,7.2595
34767,7.3796
34768,7.2595
34769,8.0
34770,7.75
34771,8.2764
34772,7.8636
34773,7.84
34774,8.7091
34775,8.5875
34776,6.3
34777,7.1689
34778,5.2
34779,5.9825
34780,6.9091
34781,7.6018
34782,7.55
34783,7.6018
34784,9.0
34785,9.3832
34786,7.7449
34787,7.2595
34788,8.8556
34789,8.0
34790,6.2
34791,5.0
34792,8.1667
34793,7.1026
34794,9.2857
34795,6.7727
34796,7.6018
34797,8.8889
34798,7.8333
34799,7.2308
34800,7.0
34801,9.4841
34802,7.7115
34803,9.55
34804,6.9
34805,8.8333
34806,7.6018
34807,5.8333
34808,5.0
34809,7.815
34810,6.5
34811,9.0
34812,7.6018
34813,8.0
34814,7.7778
34815,7.6667
34816,6.1034
34817,8.0
34818,8.3143
34819,7.0
34820,8.2
34821,7.6018
34822,7.6018
34823,7.2595
34824,6.0226
34825,8.3333
34826,8.0
34827,7.6018
34828,7.7105
34829,7.2595
34830,5.7059
34831,7.9444
34832,9.1373
34833,7.0
34834,7.6018
34835,7.2595
34836,8.0
34837,7.4375
34838,7.6018
34839,8.0455
34840,7.2595
34841,7.9118
34842,8.7029
34843,7.6018
34844,7.5714
34845,7.2595
34846,5.7692
34847,7.5065
34848,7.95
34849,7.1429
34850,6.6
34851,6.0
34852,8.1486
34853,7.9947
34854,7.3523
34855,8.0
34856,9.3455
34857,6.4
34858,8.75
34859,9.0
34860,5.0752
34861,7.9947
34862,8.3971
34863,8.3731
34864,9.6216
34865,7.6268
34866,7.2595
34867,7.9
34868,7.6122
34869,5.0752
34870,7.7727
34871,7.2595
34872,8.418
34873,6.0
34874,5.5
34875,9.3455
34876,8.9403
34877,7.25
34878,7.3333
34879,7.53
34880,7.4615
34881,7.6923
34882,7.6018
34883,7.6018
34884,7.0
34885,7.4
34886,6.0588
34887,7.6018
34888,8.3846
34889,5.0
34890,5.5
34891,8.5
34892,9.7
34893,8.0
34894,7.6018
34895,7.5065
34896,7.6268
34897,7.6018
34898,8.2105
34899,7.6018
34900,7.6018
34901,9.2857
34902,7.6018
34903,8.2222
34904,8.5
34905,6.6214
34906,7.9167
34907,6.5
34908,6.0
34909,5.2
34910,7.1689
34911,8.1043
34912,7.5938
34913,6.9333
34914,5.5
34915,7.5
34916,8.8556
34917,5.5
34918,7.6018
34919,6.8125
34920,7.2595
34921,9.6
34922,7.885
34923,7.0714
34924,7.9947
34925,7.5065
34926,7.6018
34927,7.6018
34928,6.2632
34929,7.6018
34930,8.6667
34931,5.7692
34932,7.3333
34933,8.0
34934,8.05
34935,7.0
34936,8.8556
34937,7.918
34938,9.7907
34939,7.6018
34940,6.7328
34941,7.6268
34942,7.3523
34943,7.9947
34944,7.1212
34945,7.9947
34946,8.3333
34947,8.275
34948,8.931
34949,7.2846
34950,7.3913
34951,7.069
34952,7.9524
34953,7.6268
34954,7.3913
34955,7.6018
34956,6.6875
34957,8.7029
34958,7.6018
34959,9.3455
34960,8.1111
34961,9.0
34962,7.3902
34963,9.5
34964,9.2
34965,8.2
34966,7.4
34967,7.3913
34968,7.2963
34969,6.0
34970,8.4118
34971,7.0
34972,7.6018
34973,7.6018
34974,9.0262
34975,8.8556
34976,7.6018
34977,7.6018
34978,7.6018
34979,8.0429
34980,7.3973
34981,9.4839
34982,7.7059
34983,6.8125
34984,8.4474
34985,7.6018
34986,7.6018
34987,7.2595
34988,4.0
34989,8.8556
34990,7.5065
34991,4.6667
34992,7.9947
34993,6.0226
34994,8.9444
34995,10.0
34996,8.1875
34997,7.6018
34998,7.6667
34999,7.7407
35000,7.0
35001,5.0752
35002,5.5753
35003,7.6018
35004,5.75
35005,7.5882
35006,6.7358
35007,7.8667
35008,8.0
35009,6.3333
35010,8.0094
35011,7.6018
35012,5.9825
35013,7.6018
35014,5.0752
35015,7.5455
35016,9.25
35017,4.0
35018,7.0
35019,8.3333
35020,8.5
35021,10.0
35022,9.3455
35023,7.2595
35024,7.069
35025,8.4634
35026,8.1389
35027,8.4615
35028,5.7143
35029,6.0
35030,7.9947
35031,10.0
35032,7.2595
35033,7.7
35034,7.6268
35035,7.6268
35036,6.6842
35037,7.8594
35038,7.6
35039,5.5753
35040,7.8723
35041,8.5625
35042,7.2432
35043,5.0752
35044,6.3889
35045,8.5875
35046,6.8889
35047,7.5965
35048,8.7143
35049,7.6018
35050,7.5
35051,7.8182
35052,10.0
35053,8.8556
35054,7.6018
35055,6.2
35056,7.0909
35057,8.0238
35058,8.7692
35059,8.875
35060,9.7
35061,6.9667
35062,5.0
35063,8.0
35064,9.3832
35065,6.7143
35066,7.2846
35067,7.0
35068,9.0
35069,7.7826
35070,9.0
35071,7.6018
35072,8.9714
35073,8.9655
35074,8.2109
35075,7.1689
35076,8.2857
35077,7.6018
35078,7.6018
35079,7.7236
35080,8.0
35081,8.5
35082,8.122
35083,7.2595
35084,9.4839
35085,8.3971
35086,7.6018
35087,7.6018
35088,8.2778
35089,6.8857
35090,7.2595
35091,7.5952
35092,7.6018
35093,8.5036
35094,7.6018
35095,7.2368
35096,9.6667
35097,7.5574
35098,8.8556
35099,8.6571
35100,6.5
35101,8.8387
35102,5.1429
35103,7.7009
35104,7.6018
35105,8.1429
35106,5.5401
35107,7.6154
35108,7.0
35109,7.2595
35110,7.8718
35111,8.2105
35112,8.8556
35113,7.3333
35114,7.2595
35115,9.0
35116,6.8333
35117,6.6667
35118,8.0
35119,8.7179
35120,8.8556
35121,7.2595
35122,7.6018
35123,5.4074
35124,7.6018
35125,4.8
35126,7.6018
35127,6.2308
35128,7.6154
35129,7.3913
35130,7.9298
35131,8.2222
35132,8.25
35133,6.7917
35134,6.75
35135,8.8556
35136,8.7368
35137,8.2727
35138,8.6316
35139,8.1852
35140,5.5
35141,5.0752
35142,5.5401
35143,9.4841
35144,8.6
35145,8.2105
35146,7.141
35147,7.9
35148,7.828
35149,6.7857
35150,8.8556
35151,9.0
35152,5.0
35153,7.6018
35154,8.7404
35155,9.0262
35156,7.6018
35157,7.6944
35158,8.8556
35159,7.1689
35160,5.0
35161,7.6
35162,8.3571
35163,7.6018
35164,8.418
35165,7.0818
35166,7.8718
35167,8.2
35168,7.6018
35169,8.3333
35170,7.6018
35171,8.4906
35172,8.2812
35173,7.6018
35174,7.8182
35175,7.6018
35176,8.6579
35177,7.828
35178,8.8556
35179,9.55
35180,8.8556
35181,7.2909
35182,7.2595
35183,6.7328
35184,7.4146
35185,7.7143
35186,7.25
35187,7.3571
35188,10.0
35189,5.1355
35190,8.42
35191,7.2595
35192,8.0426
35193,6.7403
35194,8.0
35195,7.828
35196,7.6018
35197,7.6018
35198,6.7778
35199,7.6268
35200,9.5
35201,7.8812
35202,7.885
35203,9.3158
35204,8.4286
35205,6.8125
35206,9.0
35207,6.0
35208,7.6018
35209,8.4815
35210,8.6
35211,7.5065
35212,7.0
35213,8.25
35214,7.2846
35215,8.2222
35216,7.6018
35217,7.5
35218,8.3333
35219,7.0
35220,7.6757
35221,8.9167
35222,7.4339
35223,7.6018
35224,8.7029
35225,7.4167
35226,5.0
35227,8.25
35228,7.8333
35229,8.2353
35230,9.0
35231,7.4824
35232,6.1429
35233,6.0909
35234,8.8556
35235,8.8556
35236,7.6018
35237,9.1111
35238,7.2432
35239,8.2727
35240,8.6667
35241,8.0
35242,6.7143
35243,6.5
35244,8.1429
35245,7.4339
35246,5.9825
35247,8.8556
35248,7.2
35249,8.8556
35250,8.1
35251,7.6018
35252,7.2595
35253,7.8
35254,8.1667
35255,7.0
35256,6.7129
35257,6.7358
35258,7.2595
35259,8.1538
35260,7.8431
35261,7.5
35262,7.6667
35263,7.1689
35264,7.6018
35265,7.6018
35266,5.8529
35267,7.6018
35268,6.1667
35269,7.2308
35270,7.3077
35271,6.5
35272,7.5333
35273,8.8556
35274,7.2595
35275,7.5476
35276,9.0
35277,5.5753
35278,9.3333
35279,7.918
35280,8.5
35281,9.6
35282,7.6018
35283,8.303
35284,7.5476
35285,7.25
35286,4.9189
35287,7.1026
35288,7.2595
35289,8.3953
35290,6.0
35291,9.0
35292,7.4286
35293,5.9375
35294,8.1538
35295,7.6018
35296,7.75
35297,7.4615
35298,8.2676
35299,6.4
35300,6.8571
35301,7.875
35302,7.6018
35303,8.8556
35304,5.5753
35305,6.4074
35306,8.8556
35307,8.0909
35308,8.45
35309,7.0492
35310,7.75
35311,7.0714
35312,7.2143
35313,7.6
35314,6.2778
35315,7.6018
35316,7.2595
35317,7.2
35318,7.9667
35319,7.5161
35320,7.6018
35321,7.5065
35322,8.0
35323,7.5505
35324,8.8333
35325,7.8723
35326,7.6018
35327,7.7449
35328,8.8556
35329,8.0
35330,5.0752
35331,7.1463
35332,7.5714
35333,7.0
35334,7.5574
35335,6.6667
35336,8.8556
35337,7.1689
35338,8.931
35339,7.2595
35340,7.5065
35341,6.25
35342,8.3333
35343,8.0333
35344,7.0
35345,8.8
35346,8.3636
35347,7.6018
35348,7.5
35349,8.2
35350,7.8148
35351,6.4375
35352,9.1667
35353,8.7778
35354,7.0
35355,7.2595
35356,8.0
35357,7.5
35358,5.1
35359,9.3455
35360,8.7778
35361,10.0
35362,8.2109
35363,6.0226
35364,7.6018
35365,8.9403
35366,8.3953
35367,8.0455
35368,4.0
35369,8.5833
35370,6.0
35371,8.1955
35372,8.2353
35373,6.4375
35374,9.3077
35375,6.4
35376,7.8182
35377,7.6364
35378,7.5
35379,7.6018
35380,7.6667
35381,7.2595
35382,8.3649
35383,8.0
35384,7.6018
35385,7.8056
35386,7.3523
35387,8.25
35388,7.7449
35389,7.6018
35390,7.069
35391,9.0262
35392,6.88
35393,8.6567
35394,9.0
35395,6.2727
35396,8.0
35397,7.75
35398,10.0
35399,7.9231
35400,8.5
35401,7.3523
35402,9.0262
35403,7.2595
35404,7.6018
35405,9.075
35406,7.6018
35407,8.5
35408,8.9828
35409,7.6667
35410,7.4286
35411,8.0833
35412,6.6316
35413,6.75
35414,6.8571
35415,8.4
35416,6.56
35417,6.8571
35418,4.9167
35419,7.9947
35420,7.6923
35421,7.5714
35422,8.8431
35423,8.1667
35424,7.2595
35425,7.6667
35426,7.6018
35427,6.3333
35428,8.7029
35429,6.9688
35430,7.5
35431,7.6018
35432,8.5833
35433,8.6
35434,7.1667
35435,7.2595
35436,8.2727
35437,7.6018
35438,8.8556
35439,7.8056
35440,6.64
35441,9.0
35442,7.3
35443,7.5556
35444,9.0
35445,7.0484
35446,8.2019
35447,7.9452
35448,7.7143
35449,7.6
35450,7.6018
35451,6.8377
35452,8.0
35453,8.5294
35454,7.6018
35455,8.2
35456,6.5
35457,7.8941
35458,7.6018
35459,7.2595
35460,8.8556
35461,8.4118
35462,7.6018
35463,5.0752
35464,7.5476
35465,7.0294
35466,6.0
35467,6.4545
35468,6.8667
35469,7.6018
35470,8.2727
35471,7.2595
35472,7.2595
35473,6.6875
35474,8.0238
35475,7.6018
35476,10.0
35477,8.0
35478,8.1111
35479,8.8556
35480,7.6018
35481,8.3649
35482,6.1538
35483,7.0
35484,7.6944
35485,5.375
35486,7.4
35487,7.6667
35488,7.7
35489,6.6923
35490,9.0
35491,5.2857
35492,8.8556
35493,7.6667
35494,8.3636
35495,7.53
35496,8.8556
35497,7.4146
35498,7.6
35499,10.0
35500,7.2429
35501,9.0
35502,7.4746
35503,8.1976
35504,8.8556
35505,5.881
35506,7.9677
35507,6.0303
35508,7.5
35509,5.5753
35510,7.0
35511,7.5
35512,7.2595
35513,7.5339
35514,8.8556
35515,8.0
35516,7.6018
35517,6.5
35518,7.2222
35519,7.2595
35520,4.0
35521,7.5065
35522,8.8556
35523,8.7029
35524,10.0
35525,7.6018
35526,7.2595
35527,8.0
35528,7.9273
35529,7.6018
35530,7.75
35531,6.0
35532,8.4444
35533,7.5926
35534,7.8056
35535,8.1667
35536,8.1976
35537,6.8377
35538,6.7358
35539,7.1212
35540,7.6018
35541,7.7762
35542,8.25
35543,6.5
35544,8.2
35545,7.5065
35546,7.1026
35547,7.6018
35548,8.0
35549,8.4118
35550,6.7403
35551,6.6923
35552,7.2595
35553,6.7328
35554,7.2595
35555,5.25
35556,7.6018
35557,7.75
35558,8.0
35559,7.6018
35560,6.0226
35561,9.8125
35562,8.0
35563,7.6571
35564,7.9375
35565,8.6719
35566,6.6842
35567,7.9947
35568,8.0
35569,7.6018
35570,8.0426
35571,8.375
35572,7.6018
35573,8.8
35574,3.0
35575,7.6018
35576,7.7778
35577,7.8966
35578,5.0
35579,7.8182
35580,8.5036
35581,5.0
35582,8.3
35583,7.7188
35584,7.2595
35585,9.5385
35586,8.9167
35587,7.2595
35588,8.0
35589,7.6018
35590,8.3333
35591,6.0
35592,7.8941
35593,8.0094
35594,8.8556
35595,7.0
35596,9.0
35597,9.1176
35598,9.375
35599,6.7619
35600,7.6018
35601,7.5
35602,9.0
35603,7.0667
35604,7.0
35605,7.3103
35606,6.0
35607,8.0294
35608,8.4
35609,7.6018
35610,8.0
35611,7.5065
35612,7.6018
35613,6.8689
35614,7.2595
35615,6.1
35616,6.5161
35617,8.5
35618,7.2595
35619,7.7236
35620,8.6667
35621,7.6018
35622,8.25
35623,7.0
35624,7.3438
35625,8.9714
35626,6.3786
35627,7.5065
35628,7.3333
35629,8.0882
35630,7.6018
35631,5.5401
35632,9.0
35633,6.6
35634,7.6018
35635,7.2595
35636,7.0
35637,8.2812
35638,7.9
35639,6.7328
35640,7.2595
35641,8.4074
35642,7.6018
35643,7.6207
35644,7.25
35645,7.6018
35646,8.8556
35647,7.625
35648,9.0
35649,7.5065
35650,8.1053
35651,7.6018
35652,8.1486
35653,9.2857
35654,7.8333
35655,8.6316
35656,7.9524
35657,7.8056
35658,8.0
35659,7.6018
35660,2.5
35661,5.5
35662,7.9947
35663,7.9
35664,5.0
35665,8.0755
35666,7.5
35667,7.8431
35668,8.023
35669,7.5
35670,8.5
35671,7.2595
35672,9.0
35673,5.5753
35674,7.9559
35675,7.2595
35676,8.5036
35677,7.2222
35678,7.6018
35679,8.2857
35680,8.0
35681,6.0
35682,8.8556
35683,6.2632
35684,7.0
35685,7.6018
35686,5.4286
35687,8.8556
35688,8.8556
35689,8.1
35690,7.9452
35691,6.8377
35692,6.64
35693,6.5
35694,6.8377
35695,8.0
35696,9.4839
35697,7.6018
35698,6.8824
35699,7.2595
35700,7.8
35701,7.7
35702,6.3786
35703,7.6
35704,8.8556
35705,7.5
35706,10.0
35707,7.1667
35708,6.8
35709,7.6018
35710,7.6268
35711,7.6018
35712,7.6
35713,9.1667
35714,9.075
35715,8.1955
35716,5.6667
35717,9.4583
35718,7.2909
35719,7.2595
35720,5.7
35721,6.8333
35722,5.5753
35723,7.5
35724,8.5036
35725,9.134
35726,9.25
35727,6.5
35728,7.9577
35729,8.7234
35730,3.0
35731,7.9947
35732,8.7029
35733,8.0238
35734,6.4
35735,6.6
35736,7.4821
35737,8.8958
35738,8.25
35739,7.7236
35740,7.2595
35741,8.3333
35742,9.3333
35743,8.0429
35744,8.873
35745,8.1043
35746,4.7059
35747,8.0
35748,7.3333
35749,8.7048
35750,6.2632
35751,5.5
35752,7.6018
35753,7.5263
35754,5.4286
35755,6.6667
35756,7.6018
35757,8.8556
35758,5.8529
35759,8.0455
35760,7.0
35761,7.0
35762,7.0
35763,6.5
35764,5.0752
35765,7.2595
35766,8.5818
35767,7.6018
35768,7.6018
35769,9.4632
35770,7.4
35771,9.0
35772,6.8
35773,7.6018
35774,7.7727
35775,7.0
35776,7.6018
35777,7.5926
35778,8.2353
35779,5.0752
35780,7.2857
35781,6.7917
35782,7.6018
35783,8.7029
35784,8.375
35785,7.6018
35786,5.65
35787,8.8556
35788,6.75
35789,9.6111
35790,8.45
35791,9.4841
35792,7.6
35793,7.9
35794,5.8889
35795,8.1786
35796,9.4841
35797,6.6214
35798,7.918
35799,7.6018
35800,8.3382
35801,7.0
35802,8.4
35803,6.8125
35804,7.6018
35805,7.6018
35806,7.7778
35807,5.5833
35808,7.2595
35809,8.3649
35810,8.8556
35811,7.9947
35812,7.6018
35813,7.6018
35814,8.4
35815,9.1786
35816,8.0
35817,8.5
35818,7.6018
35819,5.0
35820,9.1481
35821,5.0
35822,7.6018
35823,8.8556
35824,7.6018
35825,9.1429
35826,5.5401
35827,7.4339
35828,2.0
35829,7.087
35830,6.5
35831,7.5
35832,9.6429
35833,7.0
35834,7.2595
35835,8.25
35836,7.0
35837,7.0
35838,7.2595
35839,8.9655
35840,8.7048
35841,4.8462
35842,9.6216
35843,7.6018
35844,7.6018
35845,8.5625
35846,8.8571
35847,5.1355
35848,7.6018
35849,6.4286
35850,6.0
35851,6.7403
35852,5.1355
35853,7.2595
35854,7.6018
35855,8.8556
35856,7.5065
35857,6.8462
35858,8.7048
35859,8.0
35860,6.8333
35861,8.6
35862,7.6018
35863,8.8556
35864,7.6429
35865,7.2595
35866,7.3514
35867,8.1667
35868,7.6018
35869,7.6667
35870,7.4824
35871,8.2857
35872,6.0
35873,5.8214
35874,7.6018
35875,6.2
35876,8.8556
35877,8.7029
35878,7.1689
35879,7.2174
35880,7.6944
35881,4.7059
35882,5.0752
35883,7.6018
35884,8.9286
35885,7.6018
35886,8.6667
35887,5.5401
35888,8.7091
35889,7.6018
35890,8.7619
35891,7.5065
35892,9.3455
35893,7.885
35894,8.8556
35895,8.8556
35896,7.5278
35897,8.0
35898,8.8556
35899,7.1689
35900,5.5
35901,7.6018
35902,5.5401
35903,5.0752
35904,7.1039
35905,7.25
35906,7.8
35907,7.2595
35908,7.9577
35909,7.8
35910,8.0
35911,6.5
35912,7.0294
35913,7.6018
35914,7.4167
35915,7.7762
35916,7.5
35917,5.0
35918,7.1
35919,8.0952
35920,7.5
35921,7.6018
35922,7.918
35923,7.6667
35924,7.2595
35925,7.6018
35926,4.6667
35927,6.625
35928,7.6018
35929,7.0345
35930,7.25
35931,8.1111
35932,7.6018
35933,7.2595
35934,6.6885
35935,8.8556
35936,5.6667
35937,7.6018
35938,8.05
35939,7.6268
35940,6.8462
35941,7.6018
35942,7.2595
35943,8.0667
35944,7.6122
35945,7.2595
35946,7.2846
35947,6.6809
35948,7.6018
35949,7.6018
35950,7.25
35951,6.9667
35952,7.7115
35953,7.6667
35954,8.0857
35955,7.8916
35956,8.8333
35957,7.6018
35958,7.0
35959,7.6018
35960,8.0
35961,8.7105
35962,5.0
35963,8.8556
35964,8.8556
35965,7.6018
35966,7.0
35967,8.5
35968,4.5
35969,7.9
35970,7.25
35971,7.2595
35972,8.0
35973,5.6154
35974,8.069
35975,8.2
35976,8.1955
35977,9.3455
35978,7.75
35979,7.6018
35980,6.25
35981,8.0
35982,8.0
35983,7.9947
35984,10.0
35985,4.0
35986,7.2595
35987,7.3523
35988,8.7368
35989,6.8377
35990,9.0
35991,8.8302
35992,7.96
35993,7.6018
35994,7.0
35995,9.0
35996,9.0
35997,5.0
35998,7.76
35999,5.0752
36000,6.0
36001,7.0
36002,8.0
36003,8.0833
36004,7.2595
36005,5.0752
36006,8.2019
36007,7.2595
36008,6.3333
36009,7.6018
36010,7.9
36011,5.0
36012,9.5
36013,6.0
36014,7.1176
36015,7.8617
36016,9.3455
36017,6.3786
36018,8.7812
36019,8.0556
36020,7.0
36021,8.1471
36022,7.0
36023,8.9565
36024,7.8108
36025,9.0
36026,7.8617
36027,8.5036
36028,7.2595
36029,6.5
36030,7.6018
36031,9.0
36032,7.0
36033,7.5505
36034,7.069
36035,8.0426
36036,7.6018
36037,9.0262
36038,8.8302
36039,8.7029
36040,4.0
36041,9.25
36042,8.0
36043,8.0
36044,8.3333
36045,7.5161
36046,5.8519
36047,7.3333
36048,7.1321
36049,7.6018
36050,8.0
36051,7.6018
36052,7.9947
36053,7.2595
36054,8.1111
36055,8.3382
36056,8.4474
36057,7.0
36058,8.2
36059,6.0958
36060,6.5
36061,6.6214
36062,7.6018
36063,8.4474
36064,9.3529
36065,6.4
36066,7.375
36067,9.0
36068,8.4091
36069,6.9667
36070,5.0
36071,7.1039
36072,7.6667
36073,8.0333
36074,7.6018
36075,8.0
36076,6.6667
36077,8.2258
36078,6.0
36079,7.4
36080,7.2595
36081,7.9286
36082,7.5065
36083,7.0
36084,8.8333
36085,8.1852
36086,7.2595
36087,8.7091
36088,8.5
36089,5.0752
36090,8.8556
36091,7.6018
36092,8.5
36093,7.3333
36094,6.7143
36095,7.0484
36096,7.9
36097,6.3333
36098,8.8556
36099,8.5
36100,7.5405
36101,8.3333
36102,7.4211
36103,6.9737
36104,7.4
36105,8.7234
36106,7.6923
36107,8.2778
36108,9.1429
36109,6.0
36110,4.8462
36111,8.6667
36112,8.023
36113,8.4545
36114,7.2595
36115,8.75
36116,7.6018
36117,7.6018
36118,4.0
36119,8.3382
36120,5.0752
36121,6.3333
36122,7.6018
36123,7.7009
36124,7.6575
36125,7.918
36126,7.6018
36127,7.6018
36128,6.4545
36129,8.3649
36130,10.0
36131,9.0
36132,7.4706
36133,7.6018
36134,7.6018
36135,7.1689
36136,6.4
36137,7.6018
36138,7.069
36139,7.8571
36140,7.2595
36141,8.7029
36142,8.3649
36143,7.7115
36144,9.6139
36145,8.8556
36146,7.8889
36147,8.8667
36148,8.0
36149,8.8556
36150,7.0
36151,5.5753
36152,9.0262
36153,5.8519
36154,7.2595
36155,7.0
36156,6.7143
36157,7.3973
36158,7.6923
36159,6.0
36160,9.0
36161,7.3333
36162,7.8
36163,9.0
36164,8.4
36165,7.0
36166,8.9828
36167,10.0
36168,8.8333
36169,9.134
36170,7.6018
36171,7.6018
36172,9.6429
36173,7.6667
36174,8.2778
36175,6.3786
36176,7.5
36177,8.3333
36178,6.875
36179,8.0
36180,7.6018
36181,8.8556
36182,8.0
36183,7.6
36184,8.0
36185,5.1355
36186,7.2595
36187,7.1212
36188,7.3523
36189,8.0
36190,9.8571
36191,7.5333
36192,8.0
36193,7.8947
36194,7.3333
36195,7.0
36196,7.5505
36197,7.2174
36198,7.6018
36199,7.2258
36200,3.2308
36201,9.2
36202,7.6018
36203,8.9403
36204,6.2
36205,9.0262
36206,8.0
36207,6.7143
36208,9.0
36209,7.6018
36210,8.16
36211,5.8182
36212,7.8889
36213,8.8556
36214,7.1463
36215,8.0
36216,5.0
36217,8.931
36218,8.0
36219,8.0
36220,6.875
36221,8.7029
36222,8.931
36223,6.7129
36224,7.5
36225,7.8333
36226,8.8556
36227,6.0
36228,8.8556
36229,7.1689
36230,5.5
36231,7.6018
36232,8.0
36233,7.2595
36234,7.1429
36235,5.0
36236,8.1829
36237,8.8556
36238,9.3455
36239,6.7403
36240,4.0
36241,5.0
36242,7.1429
36243,9.1786
36244,8.8556
36245,5.0
36246,7.0
36247,8.7404
36248,7.2963
36249,8.25
36250,6.6
36251,7.6923
36252,8.8556
36253,7.5
36254,7.2595
36255,8.8556
36256,7.3182
36257,8.4091
36258,8.6111
36259,8.9714
36260,7.8723
36261,8.7234
36262,7.5476
36263,6.8182
36264,8.75
36265,7.6268
36266,6.9583
36267,8.8556
36268,7.871
36269,7.0833
36270,7.84
36271,8.1667
36272,5.8333
36273,9.0
36274,8.25
36275,7.6018
36276,7.3333
36277,7.2595
36278,7.25
36279,7.6018
36280,7.4151
36281,6.1667
36282,7.6018
36283,8.0
36284,8.2676
36285,7.5
36286,7.2595
36287,8.1486
36288,8.3684
36289,9.0
36290,7.375
36291,7.9565
36292,9.7907
36293,7.6
36294,8.4091
36295,7.2595
36296,7.1039
36297,8.2368
36298,7.2595
36299,6.3
36300,7.0345
36301,6.0226
36302,8.8333
36303,7.0
36304,7.1026
36305,8.2353
36306,7.0
36307,8.8556
36308,7.0
36309,7.6018
36310,7.1667
36311,6.0
36312,7.6087
36313,8.75
36314,6.7581
36315,9.5
36316,9.0
36317,8.0426
36318,7.6018
36319,7.6471
36320,8.0
36321,7.6018
36322,7.0
36323,7.6018
36324,7.9286
36325,5.8529
36326,8.88
36327,7.8431
36328,6.6
36329,8.1667
36330,5.5401
36331,8.5625
36332,5.25
36333,7.25
36334,6.88
36335,6.7358
36336,7.8718
36337,8.0238
36338,8.8556
36339,7.5333
36340,9.1176
36341,8.0
36342,7.4339
36343,9.0
36344,5.8214
36345,7.6018
36346,9.2857
36347,7.6018
36348,7.6018
36349,7.9947
36350,7.3514
36351,7.2963
36352,7.4146
36353,7.8594
36354,8.5714
36355,6.0
36356,7.6018
36357,8.8556
36358,5.0752
36359,8.05
36360,7.913
36361,10.0
36362,7.2595
36363,7.95
36364,6.0958
36365,7.6018
36366,7.6018
36367,7.6018
36368,8.0909
36369,6.6842
36370,7.2595
36371,7.6268
36372,6.8824
36373,9.0262
36374,7.9559
36375,6.625
36376,7.2595
36377,8.25
36378,6.6667
36379,7.5758
36380,7.8333
36381,7.3
36382,7.6
36383,7.6018
36384,8.6
36385,8.8556
36386,7.4848
36387,7.0
36388,8.3636
36389,7.6018
36390,7.6018
36391,7.3523
36392,9.6216
36393,7.3333
36394,7.2727
36395,8.0
36396,9.0
36397,6.4545
36398,5.0752
36399,7.75
36400,7.6018
36401,7.5556
36402,8.8556
36403,8.0
36404,7.125
36405,6.25
36406,8.7029
36407,7.6018
36408,8.5833
36409,7.6018
36410,8.8556
36411,6.7
36412,6.3333
36413,6.8333
36414,7.5455
36415,5.5753
36416,7.8617
36417,9.5
36418,5.0752
36419,7.5
36420,7.8617
36421,8.1976
36422,8.0909
36423,7.2595
36424,8.8556
36425,8.0
36426,8.3939
36427,7.4421
36428,10.0
36429,9.6216
36430,7.5
36431,7.0
36432,9.4878
36433,7.1689
36434,8.2105
36435,7.6667
36436,7.1689
36437,7.6018
36438,7.6018
36439,5.7143
36440,8.7048
36441,8.2222
36442,7.5714
36443,7.6018
36444,6.0
36445,8.5
36446,7.6122
36447,8.7029
36448,8.303
36449,8.3778
36450,8.8556
36451,7.6018
36452,9.28
36453,7.2595
36454,7.6364
36455,7.6018
36456,5.1429
36457,7.0
36458,7.5968
36459,9.0262
36460,7.9273
36461,5.3846
36462,7.3523
36463,6.9556
36464,8.8556
36465,8.4634
36466,7.6207
36467,6.3
36468,9.1176
36469,6.6667
36470,7.8148
36471,8.8556
36472,8.8556
36473,9.3158
36474,7.6018
36475,6.7778
36476,5.0752
36477,6.0
36478,7.1689
36479,7.4286
36480,7.6018
36481,9.0
36482,6.7403
36483,7.3333
36484,8.0429
36485,7.6018
36486,9.3333
36487,7.2595
36488,7.6923
36489,7.9947
36490,8.1111
36491,8.7029
36492,7.5
36493,7.6018
36494,8.0
36495,6.3636
36496,9.0262
36497,7.6018
36498,7.0
36499,8.7091
36500,8.0
36501,8.2019
36502,8.4545
36503,3.0
36504,7.2595
36505,7.0
36506,8.5
36507,9.0
36508,7.6018
36509,5.0
36510,7.5
36511,4.0
36512,7.5505
36513,8.8556
36514,4.5
36515,7.9565
36516,7.6018
36517,7.1212
36518,7.6018
36519,9.0
36520,7.2595
36521,7.6018
36522,7.6018
36523,7.2595
36524,7.9
36525,7.7449
36526,6.7358
36527,8.05
36528,6.875
36529,7.2595
36530,7.9452
36531,7.6018
36532,7.7143
36533,8.0
36534,10.0
36535,7.3523
36536,7.2727
36537,5.5401
36538,6.7403
36539,7.2174
36540,7.2595
36541,9.0
36542,7.8889
36543,8.8556
36544,9.25
36545,7.3523
36546,7.6018
36547,7.6018
36548,7.5
36549,8.8556
36550,7.3523
36551,7.2595
36552,7.3523
36553,9.6
36554,7.6018
36555,10.0
36556,7.1613
36557,9.3455
36558,7.6018
36559,7.5065
36560,7.5
36561,8.0857
36562,7.2595
36563,7.6018
36564,7.8462
36565,7.6018
36566,8.8556
36567,6.3333
36568,7.0667
36569,7.3158
36570,8.0
36571,7.1689
36572,8.8556
36573,7.2595
36574,7.6
36575,6.9483
36576,8.275
36577,8.7273
36578,7.5952
36579,9.2
36580,9.5
36581,7.2595
36582,8.0094
36583,9.0262
36584,8.5
36585,10.0
36586,6.7619
36587,7.5161
36588,6.9444
36589,7.5339
36590,7.3333
36591,7.8824
36592,5.9
36593,8.0
36594,8.8889
36595,8.2105
36596,6.7328
36597,7.2595
36598,5.1355
36599,7.9091
36600,7.1689
36601,8.9905
36602,9.6216
36603,6.3333
36604,8.4545
36605,8.5036
36606,5.0
36607,7.6018
36608,8.2764
36609,7.6018
36610,7.5965
36611,8.931
36612,8.8667
36613,7.5
36614,8.3953
36615,10.0
36616,8.2727
36617,7.3333
36618,7.3796
36619,7.6018
36620,8.125
36621,5.0752
36622,9.1304
36623,7.5065
36624,7.6018
36625,7.6018
36626,7.6018
36627,6.4
36628,5.75
36629,7.2595
36630,7.6018
36631,7.9231
36632,7.6714
36633,8.5
36634,7.6018
36635,7.3333
36636,8.75
36637,8.1955
36638,6.0
36639,8.8556
36640,7.4583
36641,8.8556
36642,7.8966
36643,9.3333
36644,9.0262
36645,8.2
36646,7.6018
36647,7.828
36648,9.4841
36649,8.8556
36650,7.2595
36651,7.6018
36652,6.25
36653,7.8
36654,8.0
36655,7.918
36656,7.5333
36657,6.0
36658,7.25
36659,7.96
36660,7.3523
36661,7.6018
36662,6.7581
36663,8.8556
36664,6.4921
36665,9.3832
36666,8.1
36667,8.1429
36668,7.2846
36669,7.125
36670,8.9655
36671,5.5753
36672,8.05
36673,7.6268
36674,7.6018
36675,7.5938
36676,9.0811
36677,8.023
36678,7.2857
36679,5.8333
36680,8.3
36681,7.6018
36682,8.4091
36683,7.4545
36684,8.0
36685,8.8556
36686,7.75
36687,9.16
36688,8.1667
36689,5.0752
36690,7.6018
36691,8.0
36692,8.9167
36693,8.8556
36694,7.6018
36695,6.4286
36696,7.3333
36697,7.6018
36698,9.0262
36699,6.7
36700,8.9091
36701,7.0
36702,8.4
36703,7.5
36704,7.2595
36705,7.2595
36706,7.6018
36707,7.5714
36708,7.9947
36709,7.6018
36710,7.2143
36711,7.4074
36712,7.6018
36713,5.0
36714,6.75
36715,8.1429
36716,7.9947
36717,7.4545
36718,8.1538
36719,6.7143
36720,5.3333
36721,9.2857
36722,8.0
36723,7.6018
36724,9.0
36725,9.0262
36726,7.1689
36727,6.3333
36728,6.9231
36729,7.7838
36730,8.3333
36731,6.0
36732,6.6667
36733,7.0
36734,5.1355
36735,6.7368
36736,4.75
36737,7.6018
36738,8.0
36739,6.8125
36740,6.875
36741,7.3913
36742,8.2857
36743,8.0
36744,7.5
36745,9.6667
36746,7.6
36747,7.3973
36748,8.0429
36749,7.6018
36750,7.6018
36751,7.8431
36752,3.5
36753,6.0
36754,9.1111
36755,7.6018
36756,7.2595
36757,7.5
36758,7.0
36759,8.5833
36760,9.0262
36761,7.0
36762,8.8556
36763,7.6018
36764,6.0958
36765,7.7449
36766,6.5
36767,6.5
36768,7.3333
36769,6.7129
36770,10.0
36771,7.2846
36772,6.8333
36773,7.6018
36774,7.6018
36775,9.3662
36776,6.9556
36777,9.2
36778,7.1455
36779,8.0
36780,9.4878
36781,8.8556
36782,7.6018
36783,7.0
36784,7.6018
36785,10.0
36786,7.0909
36787,6.9091
36788,8.8556
36789,8.3913
36790,7.4146
36791,7.141
36792,7.6018
36793,8.0385
36794,8.0
36795,7.5
36796,5.0752
36797,10.0
36798,5.1355
36799,7.3636
36800,8.2222
36801,9.3455
36802,7.6018
36803,7.0
36804,7.5
36805,6.7273
36806,7.6018
36807,7.3523
36808,7.6897
36809,7.5
36810,8.8556
36811,9.5
36812,8.8387
36813,7.6018
36814,7.2
36815,8.88
36816,8.8333
36817,7.0
36818,7.6061
36819,7.6018
36820,8.8556
36821,7.2595
36822,8.7091
36823,7.1429
36824,7.9947
36825,7.6018
36826,5.0752
36827,8.0
36828,7.885
36829,8.5753
36830,7.6018
36831,8.2764
36832,8.8333
36833,7.3636
36834,8.4091
36835,7.0
36836,5.1355
36837,7.6087
36838,7.6018
36839,8.2727
36840,7.5
36841,6.5833
36842,7.2595
36843,8.3571
36844,7.6018
36845,7.6
36846,7.1818
36847,5.0
36848,8.541
36849,8.3333
36850,7.7037
36851,8.0
36852,8.0429
36853,5.0
36854,7.6268
36855,7.2595
36856,7.3333
36857,9.0
36858,9.3455
36859,9.075
36860,5.0752
36861,5.1385
36862,8.8556
36863,8.023
36864,4.0
36865,7.6018
36866,7.7009
36867,7.6018
36868,7.6018
36869,6.5
36870,7.0
36871,8.1714
36872,7.6018
36873,7.0
36874,5.0752
36875,7.8431
36876,8.1875
36877,7.4074
36878,8.7029
36879,8.64
36880,8.0
36881,9.4632
36882,4.75
36883,8.9
36884,10.0
36885,6.7778
36886,7.8
36887,8.0556
36888,7.5505
36889,7.1176
36890,8.0
36891,7.2258
36892,7.3523
36893,7.6268
36894,8.1714
36895,10.0
36896,8.1111
36897,6.8125
36898,8.1389
36899,7.6667
36900,6.3333
36901,8.6567
36902,8.6719
36903,9.2857
36904,8.0
36905,8.8556
36906,6.6
36907,6.0
36908,10.0
36909,7.4545
36910,7.5
36911,6.7619
36912,7.5065
36913,8.1111
36914,7.9947
36915,7.9452
36916,7.5065
36917,9.0262
36918,7.6018
36919,7.2595
36920,8.8556
36921,8.0755
36922,7.5065
36923,7.2243
36924,6.0
36925,7.4865
36926,7.5263
36927,7.5333
36928,8.9828
36929,9.1481
36930,8.375
36931,7.6018
36932,7.6471
36933,9.1
36934,8.0094
36935,6.2308
36936,7.6018
36937,8.5556
36938,5.0
36939,6.1538
36940,8.1955
36941,7.3913
36942,7.7826
36943,6.4286
36944,7.3902
36945,8.2222
36946,7.6018
36947,8.2
36948,7.5065
36949,7.6018
36950,7.2
36951,7.3523
36952,7.7857
36953,7.1667
36954,7.0
36955,7.1689
36956,7.2595
36957,7.6018
36958,5.8966
36959,6.4
36960,7.7236
36961,9.125
36962,9.0
36963,9.375
36964,7.1689
36965,8.8556
36966,8.0
36967,7.6667
36968,7.6018
36969,9.0
36970,7.141
36971,8.7404
36972,9.16
36973,6.9375
36974,7.0
36975,6.25
36976,7.5833
36977,8.0667
36978,7.2857
36979,7.6018
36980,8.6176
36981,7.6018
36982,7.5065
36983,8.1976
36984,7.2595
36985,7.2368
36986,7.5952
36987,7.2595
36988,7.2368
36989,8.7091
36990,8.1429
36991,6.0
36992,8.5875
36993,8.8556
36994,9.0
36995,8.8556
36996,8.9796
36997,6.8
36998,8.7029
36999,5.5
37000,8.6
37001,7.6018
37002,7.3404
37003,8.2667
37004,5.65
37005,7.5333
37006,7.6018
37007,6.88
37008,8.1829
37009,9.0
37010,7.6268
37011,6.2222
37012,8.28
37013,7.871
37014,9.6216
37015,9.6111
37016,10.0
37017,8.1955
37018,6.0226
37019,7.6667
37020,7.0
37021,6.0588
37022,8.8556
37023,7.0492
37024,7.885
37025,6.2
37026,8.5875
37027,7.9412
37028,6.9655
37029,8.3333
37030,7.375
37031,5.5753
37032,6.6
37033,7.0
37034,9.2857
37035,9.6429
37036,6.9483
37037,7.7449
37038,8.5882
37039,7.9286
37040,7.2595
37041,9.0262
37042,9.1111
37043,8.8556
37044,8.2222
37045,8.0429
37046,7.3158
37047,7.375
37048,7.4
37049,8.1429
37050,8.7692
37051,5.5
37052,8.4634
37053,8.6
37054,8.1955
37055,7.75
37056,7.6018
37057,9.6429
37058,9.0
37059,7.3404
37060,6.5833
37061,8.0
37062,8.0
37063,5.6154
37064,7.6018
37065,7.5952
37066,8.8556
37067,7.6018
37068,7.0577
37069,7.2963
37070,7.3333
37071,6.875
37072,8.8333
37073,5.0
37074,7.5952
37075,7.2595
37076,8.8556
37077,7.2595
37078,9.0
37079,8.0909
37080,7.6923
37081,7.6018
37082,7.1689
37083,9.375
37084,7.0294
37085,5.0752
37086,8.8556
37087,9.0227
37088,9.1481
37089,8.6111
37090,7.6018
37091,9.1176
37092,7.2595
37093,7.5065
37094,6.6842
37095,7.7449
37096,6.8
37097,7.2595
37098,8.8556
37099,6.6364
37100,9.0
37101,7.2595
37102,9.3455
37103,9.4583
37104,8.1976
37105,8.0
37106,8.0
37107,8.1538
37108,5.0752
37109,9.075
37110,10.0
37111,7.6667
37112,9.0262
37113,6.75
37114,7.2595
37115,7.6018
37116,6.8889
37117,7.9412
37118,9.1081
37119,8.0
37120,7.6268
37121,7.5556
37122,8.122
37123,6.0
37124,7.6018
37125,7.5185
37126,9.3832
37127,7.6018
37128,7.2595
37129,8.0333
37130,7.6018
37131,6.0
37132,9.1373
37133,8.0
37134,8.8556
37135,9.6667
37136,7.6018
37137,10.0
37138,5.5753
37139,8.25
37140,7.0
37141,6.25
37142,8.8556
37143,8.1111
37144,7.6018
37145,5.8529
37146,7.0
37147,5.5401
37148,7.2595
37149,7.1429
37150,8.3333
37151,5.0
37152,7.3158
37153,8.8556
37154,6.8377
37155,7.7
37156,8.0667
37157,8.42
37158,7.6667
37159,7.6018
37160,7.9091
37161,8.8556
37162,7.8916
37163,7.9
37164,8.8556
37165,7.2595
37166,7.2595
37167,10.0
37168,7.6018
37169,8.7368
37170,8.1667
37171,7.2595
37172,6.8
37173,8.8727
37174,7.7971
37175,5.881
37176,7.0333
37177,7.6
37178,8.8556
37179,8.36
37180,7.6018
37181,7.6018
37182,7.6018
37183,6.8333
37184,6.3333
37185,6.9483
37186,7.5
37187,7.9231
37188,8.2857
37189,7.3523
37190,6.8
37191,7.6018
37192,6.0714
37193,7.8941
37194,8.3971
37195,8.8556
37196,7.7143
37197,8.25
37198,8.8556
37199,6.7129
37200,9.3455
37201,7.3973
37202,4.0
37203,6.5
37204,10.0
37205,7.5161
37206,7.2595
37207,6.0556
37208,7.5065
37209,8.8431
37210,7.2432
37211,7.6018
37212,8.1852
37213,6.8571
37214,8.7048
37215,9.0625
37216,7.0484
37217,7.9167
37218,7.6018
37219,8.4074
37220,8.7091
37221,7.9
37222,5.0752
37223,8.8556
37224,7.4151
37225,7.6018
37226,6.6885
37227,7.6018
37228,7.6018
37229,6.4286
37230,8.1976
37231,7.6018
37232,7.3148
37233,8.64
37234,8.8556
37235,7.2595
37236,7.6842
37237,7.6018
37238,7.2857
37239,9.375
37240,7.2595
37241,8.85
37242,8.2903
37243,8.25
37244,8.7029
37245,8.1667
37246,8.0455
37247,8.8556
37248,7.8125
37249,7.5065
37250,6.3636
37251,5.5401
37252,7.6018
37253,7.6268
37254,7.6018
37255,8.25
37256,5.1355
37257,8.0417
37258,7.5
37259,7.0
37260,8.8556
37261,7.0
37262,8.8556
37263,7.0882
37264,9.0
37265,7.9091
37266,7.3
37267,7.6018
37268,7.6018
37269,8.2353
37270,9.3455
37271,8.8556
37272,7.6757
37273,7.6018
37274,8.1429
37275,8.6667
37276,7.1667
37277,7.5556
37278,8.5875
37279,8.1667
37280,8.0
37281,7.6018
37282,7.6018
37283,6.9556
37284,8.8727
37285,7.2595
37286,5.8571
37287,8.8556
37288,7.6667
37289,7.8108
37290,8.9286
37291,7.6018
37292,7.6018
37293,6.9
37294,8.7029
37295,5.0
37296,7.6018
37297,7.5417
37298,8.8556
37299,9.5
37300,10.0
37301,7.0
37302,8.0
37303,9.0262
37304,9.5
37305,9.4
37306,5.0752
37307,5.75
37308,7.2595
37309,7.5
37310,8.0
37311,5.5753
37312,9.1333
37313,5.5401
37314,5.5753
37315,7.815
37316,7.2595
37317,6.0
37318,7.5505
37319,7.0294
37320,8.75
37321,8.0238
37322,5.0
37323,7.2595
37324,7.1
37325,8.122
37326,9.8182
37327,6.5862
37328,6.6667
37329,8.0
37330,7.2595
37331,7.6667
37332,7.8182
37333,7.7762
37334,5.4286
37335,7.0
37336,8.2109
37337,5.0752
37338,5.0
37339,8.7368
37340,7.2595
37341,8.1829
37342,7.8812
37343,5.5753
37344,8.0
37345,9.0
37346,8.0
37347,6.6214
37348,8.1852
37349,7.4
37350,7.6018
37351,7.6
37352,8.5
37353,9.1429
37354,6.875
37355,6.9655
37356,7.6018
37357,9.25
37358,8.1928
37359,7.0882
37360,7.8594
37361,8.3649
37362,7.6018
37363,7.2595
37364,8.0
37365,7.6018
37366,8.8556
37367,7.2595
37368,7.5
37369,6.3786
37370,5.0752
37371,5.0
37372,7.6018
37373,9.0
37374,6.875
37375,7.5065
37376,7.2595
37377,7.0577
37378,7.4483
37379,7.3333
37380,8.2
37381,7.6018
37382,7.4194
37383,8.8556
37384,7.2595
37385,5.75
37386,6.3786
37387,4.0
37388,7.2595
37389,7.2595
37390,7.9577
37391,8.8556
37392,7.6018
37393,7.8812
37394,8.0
37395,7.6667
37396,7.4339
37397,6.7403
37398,7.2595
37399,8.0
37400,7.0
37401,9.2353
37402,7.9
37403,7.8125
37404,6.4375
37405,8.875
37406,8.8556
37407,9.6216
37408,7.6018
37409,7.3438
37410,7.3333
37411,7.1689
37412,6.1667
37413,6.3
37414,5.0
37415,7.9524
37416,9.5714
37417,9.0
37418,2.75
37419,8.7029
37420,6.6364
37421,8.8
37422,8.1976
37423,7.5505
37424,7.6018
37425,7.2595
37426,8.7029
37427,4.2857
37428,8.3333
37429,6.0
37430,6.8235
37431,8.0
37432,7.8
37433,5.5
37434,8.5
37435,7.7971
37436,7.8966
37437,7.0882
37438,7.6018
37439,8.5
37440,8.8556
37441,7.0
37442,9.0
37443,9.0
37444,8.2368
37445,7.6018
37446,7.5952
37447,5.1538
37448,6.5
37449,7.2595
37450,7.871
37451,7.8617
37452,8.8556
37453,7.6018
37454,7.5714
37455,7.2143
37456,6.7
37457,7.8
37458,7.3462
37459,8.3971
37460,5.0
37461,8.5556
37462,7.6667
37463,8.0
37464,7.5952
37465,7.2595
37466,8.0
37467,6.0556
37468,7.6268
37469,8.8556
37470,6.9688
37471,7.0
37472,8.45
37473,7.069
37474,8.0
37475,7.6018
37476,7.6018
37477,5.5753
37478,7.2846
37479,5.7
37480,9.8667
37481,9.3529
37482,7.0
37483,7.6268
37484,7.2595
37485,7.6018
37486,7.3333
37487,6.625
37488,8.3
37489,7.0
37490,6.0909
37491,6.0556
37492,7.25
37493,7.6667
37494,8.8556
37495,6.3333
37496,7.6087
37497,8.1818
37498,7.6364
37499,8.1955
37500,8.8556
37501,7.0
37502,6.4375
37503,7.55
37504,8.0417
37505,7.6018
37506,5.4074
37507,7.4151
37508,7.0492
37509,8.1976
37510,7.0492
37511,7.6268
37512,6.6214
37513,8.2667
37514,8.2676
37515,5.1667
37516,7.8812
37517,9.0
37518,5.0752
37519,7.2368
37520,8.3913
37521,5.0752
37522,9.7
37523,7.9565
37524,9.5
37525,7.0
37526,10.0
37527,8.4
37528,7.6018
37529,8.7029
37530,8.5
37531,7.6018
37532,7.6018
37533,6.5
37534,8.9828
37535,10.0
37536,7.0
37537,7.9091
37538,8.8556
37539,7.4074
37540,7.6667
37541,7.1689
37542,7.8617
37543,7.0
37544,7.5263
37545,7.4286
37546,7.1039
37547,8.7029
37548,8.0755
37549,9.2
37550,8.0
37551,7.53
37552,5.7778
37553,7.6018
37554,7.96
37555,6.8125
37556,7.8
37557,6.7581
37558,7.58
37559,7.2595
37560,9.0
37561,7.6018
37562,8.2222
37563,6.1667
37564,7.8941
37565,8.4444
37566,7.0
37567,6.3786
37568,7.0
37569,7.6018
37570,7.6018
37571,8.1053
37572,8.8556
37573,6.5769
37574,9.0262
37575,8.1538
37576,8.7091
37577,7.2595
37578,9.0
37579,6.0226
37580,9.5
37581,5.7
37582,7.2595
37583,8.2778
37584,7.5
37585,8.8556
37586,6.6809
37587,7.25
37588,7.2963
37589,5.5753
37590,8.4118
37591,5.0752
37592,8.25
37593,5.1385
37594,7.6667
37595,7.2595
37596,7.2595
37597,8.7029
37598,7.4286
37599,7.6268
37600,7.815
37601,8.0
37602,8.0
37603,5.0752
37604,7.2595
37605,7.2595
37606,9.0262
37607,8.873
37608,7.6018
37609,6.8857
37610,10.0
37611,7.6018
37612,8.2109
37613,5.0752
37614,8.25
37615,7.5
37616,7.2846
37617,7.6018
37618,7.6018
37619,5.0752
37620,7.9273
37621,7.5
37622,7.2595
37623,7.6018
37624,7.9947
37625,6.6214
37626,8.8182
37627,8.4444
37628,8.0455
37629,7.2595
37630,7.9947
37631,7.6667
37632,8.4737
37633,9.075
37634,6.4167
37635,8.7778
37636,5.5
37637,7.6018
37638,6.7358
37639,9.0
37640,9.0
37641,8.0
37642,8.5
37643,8.0
37644,8.8556
37645,8.2353
37646,7.6018
37647,7.1429
37648,8.0
37649,7.6897
37650,7.6018
37651,7.6018
37652,8.0
37653,8.75
37654,7.8812
37655,7.3333
37656,8.0
37657,7.3913
37658,7.8824
37659,8.0
37660,8.5
37661,7.1
37662,9.7907
37663,9.2857
37664,7.9
37665,7.9947
37666,7.6018
37667,7.9286
37668,8.3913
37669,5.0
37670,7.6018
37671,10.0
37672,7.3333
37673,8.1829
37674,8.3913
37675,8.8556
37676,7.2595
37677,8.0
37678,7.6018
37679,7.53
37680,7.3333
37681,6.7917
37682,8.2368
37683,7.0
37684,8.6111
37685,9.7059
37686,8.1579
37687,7.0
37688,7.6018
37689,8.1905
37690,5.5753
37691,9.0
37692,7.087
37693,7.0818
37694,7.6018
37695,7.2143
37696,9.5833
37697,9.5833
37698,8.0
37699,7.6018
37700,6.9091
37701,6.5833
37702,7.6018
37703,8.7179
37704,7.3796
37705,8.0857
37706,7.6018
37707,8.8125
37708,9.0
37709,7.815
37710,7.3523
37711,6.0
37712,7.2595
37713,8.7619
37714,7.4
37715,8.5036
37716,8.25
37717,8.1486
37718,7.6018
37719,7.6471
37720,7.6018
37721,8.1714
37722,7.2595
37723,7.3333
37724,7.6018
37725,7.6018
37726,7.6018
37727,8.8556
37728,7.5065
37729,7.6018
37730,8.8556
37731,7.6018
37732,5.1355
37733,5.5753
37734,6.5
37735,7.6018
37736,9.3333
37737,7.5
37738,8.0
37739,8.96
37740,7.0
37741,8.3571
37742,7.6018
37743,7.0
37744,7.2595
37745,8.9655
37746,7.9452
37747,7.2595
37748,9.1176
37749,9.375
37750,8.9333
37751,6.1818
37752,6.5
37753,7.6018
37754,7.6018
37755,6.7917
37756,5.0
37757,8.0556
37758,7.6018
37759,8.25
37760,7.5
37761,8.1486
37762,6.6667
37763,7.6018
37764,7.6018
37765,4.4
37766,5.0
37767,7.6897
37768,9.5
37769,6.6842
37770,7.6268
37771,8.25
37772,7.3913
37773,8.5165
37774,7.0
37775,8.8556
37776,8.1818
37777,7.2857
37778,7.6018
37779,7.6018
37780,9.0
37781,7.6018
37782,8.8556
37783,7.6018
37784,6.0
37785,8.5036
37786,9.0262
37787,5.0
37788,7.6018
37789,8.0
37790,8.0667
37791,8.6552
37792,6.6923
37793,8.2258
37794,7.6018
37795,8.8
37796,9.16
37797,9.375
37798,6.6214
37799,7.6018
37800,6.9375
37801,5.0
37802,6.4286
37803,7.5065
37804,7.6018
37805,7.9167
37806,6.7
37807,7.6018
37808,7.6268
37809,7.6018
37810,7.6018
37811,4.9167
37812,6.0
37813,5.0
37814,6.5161
37815,7.4821
37816,7.5
37817,9.4286
37818,5.5401
37819,8.8556
37820,7.5065
37821,8.0
37822,9.1176
37823,8.6667
37824,7.2595
37825,7.6018
37826,5.5
37827,7.2963
37828,7.6018
37829,7.2243
37830,3.0
37831,5.5401
37832,8.6667
37833,7.1667
37834,7.6018
37835,7.1364
37836,7.9947
37837,5.25
37838,7.6
37839,5.0752
37840,8.2143
37841,7.6268
37842,8.1955
37843,7.828
37844,7.3523
37845,8.2764
37846,7.8812
37847,9.134
37848,7.6122
37849,6.6885
37850,8.4444
37851,10.0
37852,7.5065
37853,8.2812
37854,7.3333
37855,7.0
37856,7.6018
37857,8.0
37858,7.3
37859,8.8333
37860,9.2857
37861,8.5556
37862,7.5065
37863,7.6018
37864,8.1043
37865,7.0
37866,8.8556
37867,6.0667
37868,8.8556
37869,7.3182
37870,5.2
37871,7.4444
37872,7.9577
37873,8.8556
37874,9.6139
37875,8.8333
37876,7.2857
37877,7.9577
37878,6.3333
37879,7.6018
37880,7.4483
37881,7.3796
37882,9.3662
37883,9.0
37884,6.6667
37885,8.6
37886,7.2595
37887,7.8571
37888,8.8556
37889,9.0
37890,9.0
37891,7.9947
37892,6.9091
37893,8.8556
37894,9.9643
37895,6.0303
37896,7.2
37897,6.7917
37898,7.6018
37899,7.6018
37900,8.0
37901,8.8556
37902,5.0
37903,5.8966
37904,8.3333
37905,8.8
37906,6.7917
37907,7.8056
37908,8.5818
37909,5.8214
37910,5.25
37911,7.8667
37912,10.0
37913,7.6018
37914,8.3953
37915,7.0
37916,7.8
37917,6.0
37918,7.0
37919,6.7374
37920,7.6268
37921,7.5505
37922,5.1355
37923,8.283
37924,7.6018
37925,7.2595
37926,6.875
37927,5.8214
37928,7.6018
37929,7.6667
37930,7.5333
37931,8.9333
37932,9.0
37933,9.0
37934,7.1667
37935,6.1
37936,5.0
37937,7.4
37938,8.4634
37939,7.1429
37940,7.6018
37941,7.6018
37942,7.5472
37943,7.1212
37944,8.9905
37945,7.2595
37946,7.2595
37947,8.8556
37948,6.2667
37949,8.5833
37950,7.6018
37951,7.2595
37952,7.1689
37953,7.885
37954,7.6018
37955,8.1043
37956,7.4421
37957,7.5574
37958,8.375
37959,8.0
37960,6.3333
37961,5.0752
37962,8.0
37963,7.2909
37964,8.8556
37965,7.6018
37966,6.875
37967,5.1355
37968,6.0958
37969,5.2
37970,7.5
37971,6.56
37972,8.5818
37973,7.3523
37974,10.0
37975,5.4615
37976,7.5
37977,7.2595
37978,8.6719
37979,7.6018
37980,8.2019
37981,7.3523
37982,6.8182
37983,6.9483
37984,8.0
37985,7.0
37986,7.2243
37987,7.4286
37988,7.5455
37989,7.2595
37990,7.9231
37991,7.4339
37992,7.0
37993,6.1071
37994,6.6
37995,4.0
37996,7.875
37997,7.6018
37998,9.1667
37999,8.8556
38000,7.1689
38001,9.0262
38002,7.1455
38003,6.4921
38004,8.0426
38005,7.75
38006,8.8556
38007,8.8958
38008,7.6667
38009,5.6154
38010,6.5
38011,6.3333
38012,5.5
38013,7.6018
38014,5.1
38015,8.5
38016,8.1875
38017,9.3455
38018,7.9677
38019,7.2
38020,7.0
38021,9.5455
38022,6.6214
38023,8.9403
38024,10.0
38025,7.6018
38026,7.2595
38027,7.5
38028,8.8431
38029,5.75
38030,8.931
38031,8.8556
38032,8.6667
38033,5.0752
38034,8.25
38035,6.6885
38036,6.0
38037,7.6018
38038,8.0909
38039,8.3939
38040,7.1039
38041,9.0262
38042,8.4634
38043,7.6018
38044,7.8333
38045,8.8556
38046,6.5
38047,10.0
38048,6.75
38049,8.1852
38050,7.6018
38051,6.7917
38052,8.5
38053,9.0
38054,5.6
38055,6.0
38056,7.2595
38057,9.3333
38058,5.1355
38059,8.1852
38060,7.6268
38061,8.0
38062,8.7029
38063,8.5818
38064,7.1689
38065,7.6018
38066,7.1039
38067,5.0752
38068,7.6018
38069,8.0429
38070,8.5
38071,6.5161
38072,9.0
38073,5.5753
38074,7.0
38075,9.0
38076,8.5
38077,7.2963
38078,7.5065
38079,7.6018
38080,8.25
38081,8.0
38082,6.8571
38083,7.3148
38084,7.6018
38085,6.3571
38086,7.3333
38087,7.6018
38088,5.0
38089,8.8556
38090,6.5
38091,6.5714
38092,9.6216
38093,8.2812
38094,7.6268
38095,6.5
38096,7.5714
38097,7.6018
38098,6.9091
38099,7.4821
38100,6.8333
38101,7.2595
38102,8.2353
38103,8.8556
38104,7.2595
38105,7.2595
38106,6.9667
38107,7.6018
38108,8.3971
38109,7.0
38110,6.7358
38111,7.7009
38112,7.3523
38113,7.3929
38114,8.1786
38115,7.4286
38116,7.1689
38117,7.6018
38118,7.6018
38119,8.8556
38120,7.7778
38121,7.6018
38122,8.0
38123,7.5
38124,7.0492
38125,7.141
38126,7.6268
38127,7.9452
38128,7.4821
38129,6.4
38130,7.9947
38131,7.2595
38132,8.2
38133,8.1928
38134,7.4
38135,7.6018
38136,7.6018
38137,5.8529
38138,8.1955
38139,8.45
38140,5.5401
38141,7.375
38142,8.25
38143,7.6897
38144,8.92
38145,8.4444
38146,7.2595
38147,8.0
38148,7.4824
38149,7.2595
38150,6.9091
38151,7.0
38152,8.0
38153,7.2595
38154,7.5574
38155,9.6139
38156,5.25
38157,8.6
38158,4.5
38159,8.8556
38160,8.7404
38161,7.3523
38162,7.814
38163,9.6216
38164,7.6018
38165,7.2595
38166,6.4
38167,7.6018
38168,8.8556
38169,8.0
38170,8.8333
38171,6.8235
38172,9.0262
38173,7.6018
38174,8.8556
38175,9.55
38176,7.75
38177,7.5065
38178,7.9577
38179,8.5036
38180,7.6018
38181,7.2595
38182,7.9947
38183,7.5
38184,7.6018
38185,7.5758
38186,5.2
38187,8.9714
38188,7.1689
38189,7.7037
38190,7.1689
38191,7.7037
38192,7.9947
38193,7.12
38194,7.2595
38195,9.0
38196,7.5938
38197,9.25
38198,7.1689
38199,7.25
38200,6.9167
38201,7.5065
38202,8.0
38203,7.2595
38204,8.3571
38205,7.5
38206,7.0
38207,9.16
38208,7.6018
38209,7.0
38210,8.0
38211,7.6018
38212,7.6018
38213,8.8556
38214,7.5862
38215,8.5
38216,9.2857
38217,7.6018
38218,7.6018
38219,6.3333
38220,7.6
38221,8.418
38222,7.2595
38223,6.7358
38224,9.075
38225,8.0
38226,5.0
38227,10.0
38228,6.9483
38229,9.0
38230,9.2857
38231,8.0
38232,8.8556
38233,7.6268
38234,7.5505
38235,7.5505
38236,5.9286
38237,7.0
38238,7.6018
38239,6.56
38240,7.9545
38241,7.6018
38242,8.0
38243,8.5165
38244,6.3333
38245,7.6018
38246,7.6018
38247,8.3143
38248,7.815
38249,8.1579
38250,8.7404
38251,8.8556
38252,5.8077
38253,7.7449
38254,7.4339
38255,7.6018
38256,9.0
38257,5.0
38258,7.2595
38259,7.2595
38260,7.25
38261,7.6018
38262,8.8556
38263,7.0577
38264,8.9565
38265,7.7009
38266,7.6018
38267,7.2595
38268,7.7971
38269,4.3333
38270,7.6018
38271,8.7404
38272,7.2595
38273,7.6018
38274,7.9143
38275,7.6667
38276,8.0667
38277,6.0
38278,7.4211
38279,7.6018
38280,5.7692
38281,7.7273
38282,7.2595
38283,9.125
38284,7.0
38285,8.8556
38286,7.6018
38287,8.9231
38288,7.3523
38289,7.2595
38290,5.25
38291,8.0
38292,9.134
38293,7.2595
38294,7.8571
38295,7.4
38296,6.1667
38297,7.3636
38298,9.0
38299,7.1364
38300,6.5429
38301,6.7
38302,8.6316
38303,6.7129
38304,4.4
38305,7.125
38306,9.3333
38307,7.5065
38308,7.2595
38309,7.8812
38310,9.5
38311,5.8214
38312,7.0
38313,5.0752
38314,7.2595
38315,7.6018
38316,7.0
38317,7.2857
38318,6.8182
38319,9.4839
38320,7.5476
38321,6.0909
38322,7.1667
38323,8.6
38324,8.3
38325,9.55
38326,9.0
38327,6.7143
38328,6.0226
38329,6.6809
38330,9.075
38331,8.0238
38332,6.3333
38333,7.4688
38334,7.6018
38335,7.7407
38336,7.6018
38337,7.1321
38338,7.0
38339,8.0094
38340,7.6018
38341,7.6018
38342,9.4583
38343,8.4444
38344,8.0952
38345,7.5065
38346,9.4583
38347,7.6575
38348,7.2595
38349,7.6018
38350,9.0
38351,7.6018
38352,7.7188
38353,7.6667
38354,7.7857
38355,7.875
38356,8.0455
38357,9.3832
38358,8.0
38359,7.6018
38360,6.7143
38361,7.3
38362,7.3523
38363,7.6018
38364,7.0
38365,7.5333
38366,7.6
38367,8.1765
38368,7.6018
38369,7.0
38370,8.0
38371,7.25
38372,8.2812
38373,7.9273
38374,6.6667
38375,8.8556
38376,7.0
38377,8.1429
38378,8.1852
38379,7.3523
38380,6.7143
38381,8.1667
38382,6.1111
38383,7.6018
38384,7.6018
38385,7.6018
38386,7.6018
38387,8.3731
38388,9.5714
38389,6.0303
38390,8.1111
38391,7.6018
38392,8.0294
38393,7.6018
38394,7.4
38395,6.7129
38396,7.0
38397,9.16
38398,7.7667
38399,6.25
38400,7.3973
38401,7.9286
38402,7.6667
38403,7.6018
38404,7.2595
38405,7.25
38406,9.3455
38407,8.25
38408,9.2
38409,8.25
38410,7.4286
38411,7.0
38412,7.2595
38413,7.6018
38414,7.1212
38415,7.6897
38416,8.5
38417,9.1176
38418,7.6018
38419,6.6667
38420,6.7619
38421,8.8556
38422,8.4091
38423,7.5065
38424,7.6667
38425,6.8377
38426,6.5
38427,9.2222
38428,7.6018
38429,8.1486
38430,5.0752
38431,8.0755
38432,8.0
38433,7.3333
38434,7.6018
38435,10.0
38436,8.0
38437,8.2222
38438,7.0
38439,6.4286
38440,7.6667
38441,7.0
38442,9.0625
38443,7.2
38444,7.6018
38445,7.7449
38446,8.8556
38447,7.6018
38448,8.8556
38449,7.1
38450,7.1689
38451,7.2941
38452,7.6018
38453,8.5
38454,5.5753
38455,7.885
38456,8.9714
38457,7.2595
38458,8.0
38459,8.1955
38460,7.9947
38461,7.8617
38462,9.1176
38463,7.6018
38464,9.5
38465,7.6018
38466,7.4074
38467,7.1429
38468,5.5
38469,7.6018
38470,7.5333
38471,7.6018
38472,8.3382
38473,7.9577
38474,7.885
38475,7.2432
38476,7.885
38477,8.8556
38478,8.8889
38479,6.25
38480,7.6923
38481,7.0
38482,9.134
38483,7.2595
38484,9.25
38485,8.0
38486,8.8556
38487,8.1944
38488,6.6214
38489,7.6667
38490,9.075
38491,6.6364
38492,6.0
38493,7.2595
38494,8.1976
38495,7.885
38496,5.0
38497,7.2595
38498,7.6018
38499,7.25
38500,7.6018
38501,5.9091
38502,5.0
38503,8.3333
38504,7.3
38505,5.0752
38506,6.8125
38507,9.3832
38508,7.6018
38509,8.4286
38510,8.7143
38511,7.875
38512,8.8556
38513,8.375
38514,9.0
38515,7.6268
38516,7.5065
38517,7.6018
38518,8.3333
38519,7.8462
38520,5.0752
38521,8.8556
38522,7.2595
38523,7.6018
38524,8.3333
38525,7.7105
38526,7.2595
38527,5.0752
38528,7.6018
38529,7.2595
38530,7.5
38531,6.1667
38532,6.5
38533,6.0226
38534,7.2903
38535,6.6667
38536,7.5
38537,7.2595
38538,7.6018
38539,5.5753
38540,6.5
38541,6.7778
38542,6.6923
38543,6.0
38544,8.0857
38545,9.3455
38546,8.8556
38547,6.3684
38548,7.6018
38549,7.885
38550,7.2243
38551,8.8727
38552,5.8214
38553,7.3333
38554,7.6018
38555,7.52
38556,8.375
38557,8.1852
38558,7.6018
38559,7.6018
38560,10.0
38561,7.6897
38562,4.8333
38563,6.375
38564,5.0
38565,7.2857
38566,7.6018
38567,5.0752
38568,7.6018
38569,6.9333
38570,8.6316
38571,8.5385
38572,9.6
38573,7.828
38574,7.5556
38575,7.6207
38576,7.6122
38577,7.5065
38578,7.5952
38579,8.8889
38580,9.0
38581,8.7619
38582,6.0
38583,9.5
38584,8.3939
38585,8.3382
38586,8.0
38587,7.6268
38588,8.8556
38589,5.5753
38590,9.1395
38591,8.7029
38592,5.5
38593,8.0
38594,4.0
38595,7.7449
38596,7.6018
38597,7.4828
38598,9.5
38599,8.2019
38600,6.7143
38601,9.134
38602,8.8556
38603,8.0
38604,6.1034
38605,8.3333
38606,7.5065
38607,7.6018
38608,6.8571
38609,8.0094
38610,7.25
38611,7.6018
38612,8.873
38613,7.6018
38614,6.0226
38615,6.5769
38616,7.3333
38617,9.0262
38618,6.7358
38619,8.5
38620,5.0
38621,6.0226
38622,9.5
38623,8.3333
38624,7.96
38625,8.7091
38626,7.9577
38627,7.6
38628,7.5385
38629,6.9483
38630,8.9905
38631,7.0
38632,7.9452
38633,7.6018
38634,9.0
38635,7.6018
38636,9.4583
38637,8.5036
38638,8.6579
38639,8.3382
38640,7.2432
38641,7.8
38642,7.6575
38643,7.6018
38644,6.9167
38645,7.3
38646,5.4545
38647,8.1667
38648,7.4339
38649,9.3832
38650,7.2595
38651,8.8556
38652,9.0
38653,7.7838
38654,8.069
38655,5.0752
38656,8.5
38657,7.5
38658,8.2222
38659,7.8462
38660,7.7037
38661,6.0
38662,5.3333
38663,7.2595
38664,7.5065
38665,9.0
38666,7.2595
38667,7.6018
38668,7.6944
38669,7.6018
38670,7.6667
38671,9.0262
38672,8.05
38673,6.0958
38674,7.5065
38675,7.6018
38676,5.75
38677,7.0
38678,8.8556
38679,7.6018
38680,8.8556
38681,7.6018
38682,5.5
38683,8.05
38684,7.6018
38685,7.6018
38686,7.2595
38687,6.4667
38688,9.0
38689,7.9412
38690,7.6018
38691,9.15
38692,9.0
38693,7.5556
38694,6.88
38695,7.5
38696,7.2595
38697,8.0
38698,8.0
38699,7.6018
38700,9.4841
38701,7.1689
38702,8.8556
38703,9.0
38704,7.6018
38705,6.25
38706,7.0818
38707,7.8916
38708,5.0752
38709,6.0
38710,5.0
38711,8.9714
38712,7.6018
38713,7.6944
38714,8.88
38715,7.5065
38716,6.0
38717,8.6111
38718,8.4634
38719,8.1976
38720,7.6018
38721,5.4074
38722,7.5339
38723,7.5505
38724,8.6471
38725,8.5714
38726,8.5875
38727,6.0667
38728,10.0
38729,7.3158
38730,7.3523
38731,7.2595
38732,9.2857
38733,8.0
38734,6.7358
38735,7.6018
38736,8.6719
38737,8.5
38738,7.0714
38739,8.6567
38740,6.35
38741,8.2128
38742,8.5294
38743,7.3514
38744,7.3523
38745,7.75
38746,7.6018
38747,8.1429
38748,7.6018
38749,8.6842
38750,6.0667
38751,7.2595
38752,7.6018
38753,6.9
38754,7.6
38755,7.2595
38756,7.6667
38757,8.0294
38758,7.8235
38759,7.6667
38760,7.5
38761,8.0
38762,6.7358
38763,7.3523
38764,8.4545
38765,8.8556
38766,5.881
38767,7.6538
38768,6.4286
38769,10.0
38770,8.0
38771,9.0
38772,8.5165
38773,7.5
38774,8.3649
38775,7.2595
38776,8.7368
38777,7.5065
38778,10.0
38779,8.0094
38780,9.0
38781,8.0556
38782,7.6018
38783,5.0
38784,2.0
38785,7.5333
38786,7.75
38787,8.0667
38788,7.6018
38789,8.5
38790,7.6018
38791,7.3
38792,8.1389
38793,5.0
38794,6.5
38795,5.25
38796,6.0588
38797,7.7762
38798,8.0667
38799,8.8556
38800,7.2595
38801,7.0
38802,9.0227
38803,7.1429
38804,7.2595
38805,9.16
38806,9.8571
38807,8.9828
38808,8.8556
38809,8.0
38810,5.1355
38811,6.7374
38812,5.5455
38813,7.6018
38814,10.0
38815,8.8556
38816,5.4545
38817,6.5
38818,7.0818
38819,6.6842
38820,9.0
38821,7.0492
38822,8.0
38823,8.2676
38824,8.6719
38825,8.7812
38826,6.6667
38827,5.5753
38828,7.6018
38829,7.2595
38830,8.8462
38831,5.5753
38832,9.1111
38833,7.6944
38834,7.6429
38835,8.3846
38836,7.6018
38837,7.6018
38838,8.16
38839,7.0
38840,7.0
38841,6.0226
38842,10.0
38843,5.0752
38844,3.0
38845,7.2143
38846,8.8556
38847,6.7129
38848,7.0345
38849,7.8636
38850,7.6944
38851,8.8556
38852,6.7129
38853,7.7762
38854,8.3731
38855,7.9947
38856,7.6018
38857,8.4634
38858,7.2595
38859,8.1538
38860,5.8529
38861,7.6018
38862,8.2353
38863,7.814
38864,7.3523
38865,9.6216
38866,7.1689
38867,7.6667
38868,6.0
38869,7.9947
38870,7.4
38871,7.6018
38872,7.2595
38873,9.25
38874,8.7029
38875,6.88
38876,7.1613
38877,7.1429
38878,7.8889
38879,5.0
38880,8.0
38881,9.3832
38882,7.2595
38883,7.3523
38884,8.2764
38885,7.5
38886,8.3939
38887,8.1043
38888,7.6667
38889,8.3714
38890,6.6214
38891,8.5
38892,7.8617
38893,7.4167
38894,9.1111
38895,9.1481
38896,8.4074
38897,7.2595
38898,7.2595
38899,9.0262
38900,7.6018
38901,7.1212
38902,6.5
38903,6.0
38904,7.7971
38905,7.6018
38906,6.6667
38907,7.7009
38908,8.8556
38909,7.6018
38910,8.7091
38911,6.9667
38912,7.0882
38913,8.8556
38914,7.1039
38915,7.6018
38916,7.125
38917,8.0
38918,9.0262
38919,7.3846
38920,8.6842
38921,8.8556
38922,7.6018
38923,7.3333
38924,5.0752
38925,8.1429
38926,7.4286
38927,6.6667
38928,7.6018
38929,6.8333
38930,7.2
38931,7.6061
38932,7.2595
38933,8.7029
38934,6.9167
38935,8.0
38936,9.2381
38937,5.0752
38938,5.4
38939,6.0
38940,8.1765
38941,9.0
38942,8.0
38943,7.6122
38944,2.0
38945,7.6018
38946,7.6018
38947,7.5574
38948,7.25
38949,8.8556
38950,7.5
38951,9.0
38952,7.6018
38953,9.0
38954,8.1111
38955,6.4348
38956,7.0
38957,7.3523
38958,7.2429
38959,10.0
38960,8.4286
38961,6.4286
38962,7.6154
38963,7.0
38964,9.5833
38965,7.4421
38966,8.2727
38967,5.0
38968,8.0
38969,7.2595
38970,7.6
38971,7.6018
38972,6.5455
38973,7.6207
38974,7.2595
38975,7.4339
38976,9.4583
38977,7.7236
38978,7.3523
38979,9.0
38980,7.1212
38981,7.0
38982,7.2595
38983,7.6018
38984,7.6018
38985,7.6018
38986,7.6018
38987,6.6364
38988,6.6842
38989,7.3333
38990,5.0
38991,7.3333
38992,5.25
38993,7.8
38994,7.9947
38995,8.0
38996,7.1455
38997,5.5753
38998,8.6667
38999,7.5065
39000,8.3913
39001,7.6018
39002,7.0
39003,7.2595
39004,7.1689
39005,8.7143
39006,5.1667
39007,6.8377
39008,9.0
39009,6.7358
39010,7.2429
39011,8.7105
39012,5.0752
39013,7.6018
39014,5.0
39015,7.5505
39016,6.0226
39017,9.0
39018,5.7143
39019,7.6018
39020,7.6018
39021,7.4286
39022,8.5667
39023,8.7692
39024,8.8302
39025,8.7029
39026,6.5833
39027,8.122
39028,8.0
39029,7.0
39030,7.6122
39031,7.6364
39032,7.4828
39033,7.0
39034,8.3649
39035,8.0094
39036,7.0
39037,8.5
39038,7.1455
39039,8.1976
39040,7.0
39041,8.1429
39042,7.1212
39043,6.7727
39044,9.1395
39045,8.88
39046,10.0
39047,8.0455
39048,7.2595
39049,8.8556
39050,7.6018
39051,7.5065
39052,7.6018
39053,7.0818
39054,6.5161
39055,7.2
39056,7.9744
39057,7.0
39058,5.0752
39059,7.2595
39060,7.6018
39061,8.8556
39062,7.0
39063,7.2595
39064,7.52
39065,8.2353
39066,6.2222
39067,7.2595
39068,8.8556
39069,7.1333
39070,8.8556
39071,8.6111
39072,8.6
39073,7.6538
39074,6.0
39075,7.84
39076,7.2595
39077,7.3
39078,7.12
39079,7.6018
39080,8.8556
39081,7.9744
39082,6.625
39083,9.0
39084,7.0
39085,7.5065
39086,8.1667
39087,7.5476
39088,7.6268
39089,8.0
39090,8.8556
39091,8.1875
39092,7.9577
39093,7.7188
39094,9.4841
39095,8.88
39096,5.0752
39097,7.4444
39098,7.4545
39099,5.3182
39100,6.5
39101,8.0
39102,8.8556
39103,8.42
39104,5.0752
39105,7.125
39106,9.1667
39107,9.4632
39108,9.5
39109,7.2595
39110,7.5476
39111,7.8636
39112,8.75
39113,9.0
39114,7.7143
39115,7.5
39116,7.6061
39117,5.0752
39118,7.6018
39119,8.1429
39120,7.6018
39121,7.2595
39122,5.1667
39123,7.3404
39124,6.5769
39125,6.6957
39126,8.6471
39127,8.7029
39128,6.5429
39129,6.0958
39130,7.0
39131,7.2258
39132,8.8556
39133,8.9714
39134,6.0958
39135,7.5
39136,7.2595
39137,8.25
39138,6.5
39139,5.0
39140,8.4474
39141,7.5
39142,8.8556
39143,7.6018
39144,7.6018
39145,5.8529
39146,8.1277
39147,8.8556
39148,7.9
39149,5.6
39150,10.0
39151,4.0
39152,9.2
39153,8.1976
39154,7.6538
39155,6.7581
39156,7.0
39157,7.0
39158,9.1111
39159,5.1355
39160,6.0226
39161,4.5
39162,7.25
39163,8.5625
39164,7.0333
39165,5.6
39166,8.0
39167,8.8556
39168,6.4
39169,9.0262
39170,9.6667
39171,8.0
39172,7.5952
39173,7.8812
39174,7.3333
39175,6.8276
39176,7.0
39177,7.58
39178,6.6923
39179,8.0294
39180,8.45
39181,7.6018
39182,9.1111
39183,7.2595
39184,7.6018
39185,7.6714
39186,8.1667
39187,7.375
39188,8.3971
39189,7.125
39190,7.6018
39191,8.0
39192,7.6018
39193,8.7692
39194,7.2595
39195,8.1955
39196,8.2667
39197,9.75
39198,7.6018
39199,8.8556
39200,7.2
39201,6.0
39202,7.2595
39203,7.9577
39204,7.6018
39205,6.1667
39206,8.0429
39207,7.3523
39208,7.7059
39209,5.2857
39210,8.0
39211,7.55
39212,9.55
39213,5.0752
39214,4.0
39215,7.6018
39216,5.0752
39217,8.0
39218,8.873
39219,5.5401
39220,7.2429
39221,6.375
39222,7.2595
39223,6.3333
39224,6.0303
39225,7.6018
39226,6.9667
39227,7.5
39228,7.0
39229,5.0752
39230,5.0752
39231,6.8
39232,7.5
39233,8.6
39234,7.5505
39235,6.6667
39236,9.2857
39237,8.1667
39238,7.5
39239,6.0
39240,8.7903
39241,6.6
39242,8.0238
39243,7.6018
39244,7.6018
39245,8.2
39246,6.7917
39247,5.0
39248,6.6
39249,5.5753
39250,7.6957
39251,7.0
39252,7.5952
39253,7.6018
39254,7.6018
39255,5.0
39256,6.0
39257,7.2595
39258,8.1043
39259,8.0755
39260,8.0
39261,7.5926
39262,8.8727
39263,8.2353
39264,7.6018
39265,7.5926
39266,8.1429
39267,8.8333
39268,6.7358
39269,9.0227
39270,8.9
39271,7.6018
39272,7.4286
39273,7.6018
39274,8.0
39275,6.0226
39276,7.55
39277,8.9315
39278,7.9667
39279,7.6018
39280,7.6018
39281,6.9091
39282,9.25
39283,7.6018
39284,9.375
39285,7.2595
39286,8.7048
39287,10.0
39288,6.3
39289,9.4632
39290,7.0818
39291,7.6667
39292,7.3
39293,7.2595
39294,4.5
39295,7.2595
39296,7.2595
39297,6.3846
39298,8.5
39299,7.2595
39300,8.0
39301,7.5968
39302,7.2222
39303,7.4286
39304,6.7328
39305,9.1111
39306,7.6018
39307,7.6018
39308,7.375
39309,8.0
39310,9.0262
39311,5.0752
39312,8.6667
39313,8.9315
39314,7.2857
39315,7.7105
39316,5.0752
39317,7.0
39318,8.0
39319,8.2676
39320,8.8556
39321,7.6667
39322,8.8125
39323,7.6087
39324,7.4
39325,8.0
39326,7.6018
39327,7.6018
39328,7.0
39329,7.7009
39330,7.871
39331,8.023
39332,7.6268
39333,8.8462
39334,6.6842
39335,7.2595
39336,7.5161
39337,7.6018
39338,7.9744
39339,7.2595
39340,7.2595
39341,7.7
39342,7.6018
39343,7.3333
39344,7.6268
39345,10.0
39346,7.6018
39347,7.1667
39348,7.2595
39349,5.7826
39350,7.6018
39351,7.6667
39352,8.3913
39353,7.6018
39354,10.0
39355,7.5161
39356,7.7009
39357,6.0
39358,7.6018
39359,5.5753
39360,8.5036
39361,7.9
39362,7.2
39363,7.6018
39364,7.6018
39365,7.6018
39366,7.6018
39367,5.0
39368,9.1176
39369,7.9744
39370,6.0
39371,8.4
39372,7.9559
39373,7.6018
39374,8.7029
39375,6.0226
39376,7.2595
39377,7.2909
39378,5.5401
39379,7.2143
39380,7.4339
39381,5.1355
39382,6.6923
39383,8.5036
39384,9.6429
39385,7.5968
39386,7.12
39387,7.885
39388,6.3333
39389,8.1043
39390,7.64
39391,8.8556
39392,8.8125
39393,7.52
39394,6.6667
39395,8.4091
39396,6.5
39397,5.1355
39398,9.3455
39399,8.1765
39400,6.7
39401,7.6667
39402,9.1395
39403,6.9655
39404,2.0
39405,7.1689
39406,8.9333
39407,7.2
39408,7.3796
39409,8.25
39410,7.9947
39411,6.3684
39412,8.0
39413,5.5789
39414,5.8529
39415,7.5952
39416,5.0752
39417,7.2595
39418,6.8
39419,8.2727
39420,7.6018
39421,8.4906
39422,7.3333
39423,9.6139
39424,8.2764
39425,8.8
39426,8.8556
39427,8.5714
39428,9.1786
39429,8.6111
39430,5.25
39431,7.2595
39432,7.2595
39433,9.5
39434,5.0752
39435,5.9286
39436,9.3832
39437,7.2857
39438,4.5
39439,7.815
39440,8.25
39441,7.2595
39442,7.5
39443,7.2857
39444,7.6018
39445,8.375
39446,8.1955
39447,4.9189
39448,7.2595
39449,6.25
39450,7.6087
39451,7.2595
39452,6.3
39453,7.2595
39454,6.6667
39455,7.5505
39456,9.6667
39457,7.6018
39458,6.7581
39459,7.6471
39460,7.6018
39461,8.8333
39462,6.875
39463,8.5556
39464,6.75
39465,7.2595
39466,7.3333
39467,8.2105
39468,6.0
39469,7.8889
39470,7.6018
39471,7.2595
39472,7.6018
39473,7.5065
39474,7.0
39475,7.3077
39476,7.3158
39477,7.0
39478,8.8556
39479,7.8333
39480,7.2595
39481,7.6018
39482,7.6018
39483,9.0
39484,6.7358
39485,7.6018
39486,7.6018
39487,5.0752
39488,7.6018
39489,8.0
39490,7.7009
39491,8.96
39492,8.6
39493,8.2
39494,6.25
39495,7.9947
39496,7.3
39497,7.1429
39498,8.2019
39499,8.1786
39500,7.5333
39501,8.25
39502,9.1176
39503,7.7762
39504,6.9556
39505,7.3523
39506,9.3333
39507,7.6018
39508,7.2909
39509,4.6667
39510,7.6018
39511,7.6018
39512,7.4824
39513,6.6885
39514,9.3455
39515,7.5065
39516,7.6018
39517,8.8431
39518,9.0
39519,7.6018
39520,9.5
39521,6.0958
39522,7.6018
39523,8.8333
39524,8.0
39525,7.4339
39526,8.0
39527,7.8333
39528,9.0227
39529,6.2778
39530,7.6268
39531,7.1
39532,7.2595
39533,7.9231
39534,8.3
39535,8.4906
39536,8.8556
39537,7.6018
39538,6.1071
39539,9.3662
39540,4.9189
39541,7.9744
39542,6.7358
39543,8.5753
39544,8.5
39545,9.2857
39546,9.1765
39547,6.8571
39548,7.7762
39549,7.9947
39550,7.6018
39551,7.918
39552,9.3455
39553,6.7581
39554,7.6018
39555,7.2595
39556,6.7778
39557,7.6667
39558,9.4841
39559,6.75
39560,8.8556
39561,8.5
39562,6.0958
39563,8.3953
39564,9.0
39565,7.3523
39566,5.0
39567,7.2595
39568,7.6018
39569,4.5455
39570,6.75
39571,7.2595
39572,7.6018
39573,8.0455
39574,9.0
39575,8.023
39576,8.2222
39577,7.5
39578,7.8
39579,7.7762
39580,7.4
39581,8.9091
39582,6.8377
39583,6.6923
39584,8.9333
39585,7.2857
39586,6.8
39587,7.1689
39588,8.6667
39589,5.0752
39590,7.5476
39591,6.7273
39592,8.45
39593,7.3796
39594,8.1579
39595,7.6018
39596,6.875
39597,6.8
39598,7.0
39599,9.075
39600,8.5
39601,7.2174
39602,6.9091
39603,8.8556
39604,5.875
39605,7.6018
39606,8.5036
39607,7.4421
39608,8.6567
39609,7.8431
39610,6.7358
39611,7.2222
39612,7.6018
39613,8.25
39614,8.2667
39615,8.8556
39616,7.4286
39617,7.6018
39618,7.6667
39619,8.0857
39620,7.15
39621,8.7368
39622,7.6018
39623,3.0
39624,8.4906
39625,7.4194
39626,6.0226
39627,7.6018
39628,8.8556
39629,8.0
39630,7.2595
39631,7.1429
39632,10.0
39633,6.5833
39634,7.5556
39635,8.0094
39636,9.0262
39637,8.0
39638,7.2595
39639,7.9091
39640,7.6018
39641,6.0226
39642,7.3523
39643,7.55
39644,6.7374
39645,7.6018
39646,6.0
39647,7.3333
39648,7.5065
39649,9.6667
39650,8.1976
39651,8.0
39652,7.6018
39653,6.0
39654,8.0
39655,7.75
39656,6.0714
39657,8.8556
39658,7.3333
39659,7.75
39660,8.5818
39661,7.7762
39662,8.3649
39663,7.6018
39664,7.6018
39665,7.6018
39666,8.5769
39667,7.815
39668,7.6018
39669,6.0226
39670,8.8556
39671,7.7
39672,9.0262
39673,7.6018
39674,8.0909
39675,10.0
39676,7.6018
39677,7.7115
39678,8.7778
39679,8.8556
39680,8.0
39681,7.7115
39682,8.0
39683,6.7619
39684,7.6018
39685,9.0
39686,7.2595
39687,7.8148
39688,7.0577
39689,7.0
39690,6.4
39691,8.5
39692,7.0
39693,7.5065
39694,7.58
39695,7.2595
39696,9.0
39697,6.0958
39698,7.2595
39699,7.6667
39700,7.0
39701,7.2595
39702,8.1852
39703,7.6018
39704,7.3333
39705,7.5065
39706,8.5333
39707,7.5
39708,8.0
39709,7.6018
39710,8.8556
39711,6.9444
39712,8.1579
39713,9.3662
39714,7.9286
39715,8.3333
39716,8.541
39717,9.134
39718,7.5
39719,5.1355
39720,7.6018
39721,7.2595
39722,7.4339
39723,8.7143
39724,7.3333
39725,7.8947
39726,7.3333
39727,7.6018
39728,6.8571
39729,7.0
39730,7.5
39731,8.6316
39732,7.0
39733,9.0
39734,5.5753
39735,7.2857
39736,6.5769
39737,4.9189
39738,7.4286
39739,5.6
39740,7.2595
39741,7.6018
39742,9.0262
39743,7.9947
39744,7.5
39745,9.5
39746,7.6018
39747,7.9677
39748,6.0714
39749,7.7236
39750,8.8333
39751,7.7236
39752,5.0752
39753,7.6018
39754,6.0
39755,7.6018
39756,8.3333
39757,8.8556
39758,7.6018
39759,5.0
39760,9.4632
39761,8.2222
39762,8.9828
39763,7.4444
39764,9.3455
39765,7.0
39766,6.3333
39767,8.4906
39768,8.6842
39769,9.6111
39770,5.0
39771,7.0
39772,7.6018
39773,8.2353
39774,8.8333
39775,8.8333
39776,7.4074
39777,7.5333
39778,7.6018
39779,7.3103
39780,6.125
39781,6.3333
39782,8.5625
39783,7.5
39784,7.6923
39785,9.4583
39786,9.3333
39787,8.7048
39788,8.8462
39789,7.5965
39790,7.2595
39791,8.0385
39792,9.3333
39793,7.6018
39794,8.1976
39795,7.3523
39796,9.3158
39797,9.15
39798,6.0
39799,8.3333
39800,7.75
39801,8.5
39802,7.5161
39803,8.6667
39804,6.7129
39805,9.3333
39806,7.7762
39807,7.815
39808,7.6018
39809,9.0262
39810,7.9412
39811,6.6809
39812,6.9444
39813,7.6018
39814,9.0
39815,7.1053
39816,6.7374
39817,8.5036
39818,8.2764
39819,5.0
39820,8.6111
39821,8.7048
39822,7.2595
39823,8.0
39824,5.25
39825,7.7778
39826,7.0
39827,7.3478
39828,7.9947
39829,8.2727
39830,7.1463
39831,8.0294
39832,7.6018
39833,7.6
39834,8.8556
39835,6.9091
39836,9.0
39837,7.6087
39838,8.0
39839,8.1136
39840,8.7368
39841,7.6018
39842,7.6018
39843,6.9556
39844,7.1944
39845,9.1395
39846,9.5
39847,8.9905
39848,7.8462
39849,8.8556
39850,7.3523
39851,7.7236
39852,7.6018
39853,7.6018
39854,7.6018
39855,8.8125
39856,9.0262
39857,5.8214
39858,7.6018
39859,7.4167
39860,8.6667
39861,7.6018
39862,5.0
39863,5.8529
39864,8.0
39865,8.8556
39866,5.0752
39867,9.1176
39868,8.5833
39869,8.3939
39870,5.9
39871,7.0
39872,8.1955
39873,7.8148
39874,7.6018
39875,7.6018
39876,7.6018
39877,10.0
39878,8.4
39879,6.65
39880,8.8556
39881,7.8
39882,8.1471
39883,7.6018
39884,7.2595
39885,7.1689
39886,8.4091
39887,8.6571
39888,8.0
39889,7.2595
39890,8.0
39891,7.6018
39892,5.5401
39893,7.918
39894,6.0
39895,5.0752
39896,6.5161
39897,9.6667
39898,6.7619
39899,8.023
39900,7.2595
39901,8.0
39902,7.2595
39903,7.3523
39904,9.4545
39905,6.7
39906,7.6018
39907,6.6667
39908,7.6018
39909,7.8148
39910,9.0
39911,8.1829
39912,10.0
39913,7.6667
39914,7.9947
39915,7.8889
39916,8.3731
39917,5.0
39918,8.5
39919,7.4
39920,7.5926
39921,7.6018
39922,7.2595
39923,7.6018
39924,7.3913
39925,7.5455
39926,7.4444
39927,7.1667
39928,8.1818
39929,8.1579
39930,8.0
39931,7.58
39932,8.0
39933,6.6923
39934,10.0
39935,5.3182
39936,7.6018
39937,8.8556
39938,7.3158
39939,7.6268
39940,7.6018
39941,8.4
39942,8.2222
39943,7.6018
39944,9.1333
39945,8.9828
39946,7.7971
39947,8.0
39948,5.25
39949,8.0
39950,6.5
39951,10.0
39952,8.05
39953,7.1944
39954,7.5
39955,8.2222
39956,7.4074
39957,9.0227
39958,5.5401
39959,6.7403
39960,7.4821
39961,7.0
39962,6.5
39963,7.5065
39964,7.6018
39965,7.6268
39966,8.0426
39967,7.4828
39968,7.2595
39969,7.9559
39970,7.53
39971,7.6018
39972,7.8235
39973,8.0238
39974,8.2764
39975,7.5952
39976,7.6018
39977,8.1976
39978,7.9577
39979,7.5472
39980,8.275
39981,5.2
39982,9.375
39983,5.2
39984,8.0
39985,9.0
39986,7.6018
39987,7.6018
39988,7.2595
39989,7.1689
39990,8.5
39991,5.0752
39992,5.0752
39993,8.6111
39994,7.6018
39995,8.6667
39996,7.6667
39997,8.0
39998,8.9315
39999,8.4091
40000,7.5714
40001,7.6018
40002,6.8
40003,6.5
40004,7.8108
40005,7.6018
40006,7.6018
40007,7.3333
40008,7.6018
40009,7.6018
40010,8.4
40011,7.9286
40012,8.1429
40013,5.8667
40014,7.2857
40015,7.6268
40016,8.7029
40017,7.0484
40018,9.3333
40019,9.3455
40020,6.4
40021,7.2595
40022,5.1355
40023,8.9655
40024,7.3103
40025,5.0
40026,5.4545
40027,8.8556
40028,7.6018
40029,8.8
40030,8.25
40031,8.8065
40032,8.2222
40033,8.5036
40034,7.0
40035,8.0
40036,7.7
40037,7.6018
40038,9.3455
40039,7.6018
40040,7.4421
40041,7.4583
40042,7.3523
40043,5.0752
40044,7.25
40045,8.0882
40046,7.9744
40047,6.3333
40048,7.1053
40049,8.1111
40050,8.4444
40051,7.087
40052,7.3333
40053,5.25
40054,6.7581
40055,7.6018
40056,5.9474
40057,9.0
40058,8.5833
40059,7.3333
40060,8.9828
40061,7.2595
40062,8.6154
40063,8.9315
40064,6.6364
40065,7.5
40066,8.0
40067,7.625
40068,6.6
40069,7.8
40070,5.0752
40071,8.8571
40072,5.5401
40073,7.5968
40074,7.0818
40075,8.0
40076,7.8812
40077,6.9524
40078,8.4091
40079,8.0
40080,8.25
40081,9.1481
40082,7.5
40083,5.125
40084,7.2595
40085,7.6018
40086,8.8556
40087,7.8916
40088,7.5952
40089,7.6018
40090,7.2595
40091,7.0484
40092,7.1689
40093,8.3333
40094,8.1829
40095,8.0
40096,8.0
40097,7.4
40098,8.8556
40099,5.625
40100,5.8333
40101,8.9714
40102,8.0
40103,9.3455
40104,5.1429
40105,7.6018
40106,7.5882
40107,8.3333
40108,6.3333
40109,7.2595
40110,7.6429
40111,7.1463
40112,6.9737
40113,7.2595
40114,7.6018
40115,7.5556
40116,7.4421
40117,7.4821
40118,8.5
40119,8.3333
40120,8.7029
40121,8.1928
40122,9.0
40123,9.3333
40124,7.5
40125,5.0
40126,4.6667
40127,7.2595
40128,8.7273
40129,7.8916
40130,8.2109
40131,8.0
40132,8.0294
40133,7.0
40134,6.875
40135,7.2595
40136,8.6176
40137,7.6018
40138,6.375
40139,9.3455
40140,8.5165
40141,7.6
40142,7.5455
40143,7.9688
40144,5.3182
40145,7.7009
40146,8.2
40147,9.2105
40148,7.875
40149,8.4444
40150,7.3158
40151,8.9315
40152,7.6018
40153,7.5
40154,8.0
40155,7.6018
40156,8.2353
40157,7.53
40158,7.6018
40159,10.0
40160,7.75
40161,5.6667
40162,8.4906
40163,4.5455
40164,8.8556
40165,7.6018
40166,7.6018
40167,5.0
40168,7.5385
40169,7.6018
40170,7.6018
40171,6.8333
40172,7.5263
40173,8.1852
40174,7.1689
40175,9.6216
40176,7.6018
40177,9.0
40178,7.1321
40179,5.5401
40180,8.3333
40181,7.6018
40182,7.6018
40183,8.2109
40184,8.8556
40185,8.2353
40186,7.5254
40187,8.8556
40188,7.8916
40189,7.6018
40190,7.6018
40191,7.6364
40192,7.3
40193,5.5753
40194,7.4146
40195,7.6018
40196,7.3571
40197,8.0
40198,7.5476
40199,8.6667
40200,8.2857
40201,7.4848
40202,8.0
40203,7.55
40204,8.0882
40205,7.5339
40206,7.4828
40207,7.2595
40208,9.0
40209,9.0
40210,7.6018
40211,8.0
40212,8.05
40213,7.6018
40214,8.0
40215,7.0833
40216,6.0303
40217,7.9559
40218,7.1689
40219,8.8
40220,8.9565
40221,7.6018
40222,7.4339
40223,7.918
40224,8.1852
40225,8.1111
40226,7.9667
40227,7.2
40228,7.6957
40229,6.6154
40230,10.0
40231,8.0385
40232,7.2963
40233,6.7358
40234,7.0833
40235,7.6018
40236,5.0
40237,6.0226
40238,7.9947
40239,7.96
40240,7.3523
40241,7.0
40242,9.3455
40243,6.0
40244,7.918
40245,7.6018
40246,7.8966
40247,7.6667
40248,8.2019
40249,6.9655
40250,6.6809
40251,8.7091
40252,7.6268
40253,9.7059
40254,10.0
40255,8.8556
40256,7.2595
40257,9.3455
40258,7.6018
40259,7.9947
40260,7.6018
40261,9.375
40262,7.6018
40263,8.75
40264,9.375
40265,6.5161
40266,7.2595
40267,8.8556
40268,8.8333
40269,8.6571
40270,8.8302
40271,8.0
40272,7.6018
40273,4.5
40274,7.6018
40275,6.7619
40276,7.6018
40277,8.8333
40278,5.5385
40279,7.6018
40280,5.5401
40281,9.16
40282,8.75
40283,6.5
40284,8.2222
40285,7.25
40286,8.8556
40287,9.3455
40288,5.5753
40289,7.2857
40290,7.9559
40291,8.8556
40292,8.6667
40293,9.4444
40294,9.2857
40295,7.6018
40296,7.625
40297,5.25
40298,8.8556
40299,9.0262
40300,7.0
40301,7.9947
40302,8.0238
40303,5.5789
40304,8.8556
40305,8.0
40306,7.5185
40307,8.5
40308,7.1689
40309,7.2595
40310,7.125
40311,9.375
40312,7.3636
40313,7.2595
40314,8.3714
40315,8.1053
40316,7.9688
40317,9.0262
40318,5.8966
40319,9.5455
40320,6.7358
40321,8.6154
40322,7.3523
40323,9.1429
40324,9.0
40325,6.35
40326,7.3333
40327,6.8571
40328,7.5
40329,7.9947
40330,8.1818
40331,7.2595
40332,7.6018
40333,7.4583
40334,7.6018
40335,7.4421
40336,6.0
40337,8.8302
40338,7.6018
40339,7.3846
40340,7.2846
40341,8.0
40342,9.5
40343,7.6018
40344,7.9947
40345,5.6667
40346,7.6018
40347,7.5505
40348,6.3333
40349,7.3514
40350,8.05
40351,9.5
40352,8.5294
40353,7.25
40354,5.0
40355,8.0
40356,6.0
40357,7.2857
40358,8.2353
40359,7.2857
40360,9.0
40361,8.0833
40362,8.7029
40363,10.0
40364,7.6018
40365,7.141
40366,7.7449
40367,7.6018
40368,7.5333
40369,7.6667
40370,7.5455
40371,4.5455
40372,7.6018
40373,6.1875
40374,7.3148
40375,8.0455
40376,7.6018
40377,8.4634
40378,7.0
40379,7.6018
40380,9.0227
40381,9.2
40382,9.0262
40383,7.5455
40384,7.6018
40385,7.7009
40386,7.5952
40387,7.6018
40388,8.16
40389,7.2727
40390,7.6018
40391,7.1321
40392,6.5625
40393,7.5833
40394,6.8889
40395,9.3832
40396,7.5
40397,5.0752
40398,9.0
40399,8.7778
40400,7.8431
40401,8.1928
40402,6.4286
40403,7.0
40404,8.7273
40405,8.0
40406,7.2595
40407,8.375
40408,8.8556
40409,5.4
40410,8.8556
40411,7.2595
40412,9.0262
40413,9.0
40414,5.0
40415,9.0262
40416,7.6018
40417,7.5
40418,7.2595
40419,9.28
40420,7.6018
40421,7.6018
40422,7.5556
40423,7.4146
40424,8.8556
40425,7.6018
40426,5.5
40427,7.6018
40428,9.1333
40429,8.5
40430,8.0
40431,7.913
40432,7.6018
40433,7.6018
40434,7.5505
40435,7.6018
40436,8.3143
40437,6.0
40438,9.1667
40439,7.1429
40440,7.7009
40441,7.7009
40442,6.1667
40443,8.1786
40444,6.0
40445,8.1043
40446,7.2595
40447,5.0
40448,7.5065
40449,7.0484
40450,7.0
40451,8.8333
40452,5.0
40453,9.0
40454,7.619
40455,5.5
40456,8.8333
40457,6.7
40458,6.8
40459,6.7374
40460,7.3
40461,7.5065
40462,9.2105
40463,7.6018
40464,6.375
40465,6.8
40466,7.2857
40467,7.6018
40468,6.25
40469,7.0
40470,8.3
40471,8.7234
40472,7.6018
40473,6.9091
40474,6.9
40475,7.9231
40476,7.2595
40477,9.7907
40478,8.0
40479,7.5065
40480,7.2595
40481,7.0
40482,7.2595
40483,7.8
40484,7.2595
40485,9.0262
40486,7.3796
40487,8.4091
40488,8.0667
40489,7.6018
40490,7.2595
40491,8.0455
40492,7.7009
40493,7.6018
40494,8.3714
40495,7.6018
40496,8.7404
40497,6.2143
40498,7.8182
40499,7.6018
40500,8.2174
40501,8.375
40502,6.75
40503,7.6018
40504,7.1689
40505,7.2595
40506,7.6018
40507,10.0
40508,8.3939
40509,7.2595
40510,7.5882
40511,7.0
40512,6.7143
40513,8.5
40514,7.6018
40515,7.1429
40516,7.5333
40517,6.3333
40518,8.8556
40519,8.0426
40520,8.4737
40521,9.15
40522,6.8857
40523,7.2595
40524,8.2109
40525,7.0
40526,8.1
40527,5.0
40528,7.5833
40529,8.1976
40530,7.6018
40531,6.64
40532,7.2
40533,7.6268
40534,7.8617
40535,5.1538
40536,7.7971
40537,8.0
40538,5.9286
40539,7.1689
40540,8.0
40541,7.885
40542,7.8125
40543,9.25
40544,8.0952
40545,7.5505
40546,7.25
40547,6.9556
40548,7.4339
40549,8.0294
40550,5.5
40551,7.0
40552,7.0
40553,8.8
40554,9.0
40555,9.0
40556,8.8556
40557,7.3523
40558,7.0
40559,6.2055
40560,7.1039
40561,8.275
40562,9.0
40563,6.9333
40564,7.2243
40565,6.9524
40566,8.2
40567,8.7029
40568,7.875
40569,8.0455
40570,6.5769
40571,7.6018
40572,8.8556
40573,8.8556
40574,7.0
40575,7.2595
40576,7.0577
40577,6.8
40578,6.6
40579,7.7826
40580,6.7619
40581,8.25
40582,9.4841
40583,7.6018
40584,7.6575
40585,6.0
40586,5.5401
40587,8.7029
40588,10.0
40589,6.375
40590,6.9655
40591,6.0958
40592,7.5
40593,7.5333
40594,8.6
40595,4.0
40596,7.6018
40597,7.125
40598,7.5065
40599,9.0256
40600,7.8571
40601,8.5036
40602,9.0
40603,7.9947
40604,7.6018
40605,7.2595
40606,7.6018
40607,7.2941
40608,6.5
40609,8.0833
40610,7.0
40611,7.2595
40612,8.9714
40613,8.541
40614,8.1579
40615,7.4339
40616,7.2595
40617,7.6018
40618,7.6018
40619,7.6018
40620,8.8556
40621,7.2595
40622,9.4841
40623,7.6018
40624,7.1689
40625,7.6018
40626,7.2595
40627,8.875
40628,7.0
40629,8.8824
40630,7.2857
40631,7.5065
40632,7.4824
40633,5.0752
40634,5.0
40635,8.0455
40636,8.8556
40637,8.5
40638,8.8556
40639,9.6139
40640,5.5401
40641,8.5
40642,5.5385
40643,9.3455
40644,7.6018
40645,8.0
40646,7.2595
40647,5.9286
40648,7.9688
40649,8.7091
40650,7.2917
40651,6.5862
40652,8.8958
40653,7.6018
40654,8.0
40655,9.0262
40656,5.0
40657,6.8667
40658,6.8377
40659,7.9947
40660,8.875
40661,8.7
40662,5.7
40663,6.0226
40664,8.0
40665,4.0
40666,8.0667
40667,7.6122
40668,5.4286
40669,9.134
40670,7.5065
40671,8.8556
40672,5.0
40673,5.5
40674,7.1039
40675,8.0755
40676,7.1212
40677,7.5
40678,6.7857
40679,7.0
40680,7.25
40681,9.3455
40682,7.2595
40683,8.8556
40684,8.0426
40685,7.5833
40686,8.0909
40687,8.8556
40688,8.0
40689,9.3832
40690,8.8556
40691,7.2595
40692,7.828
40693,8.0
40694,7.6018
40695,7.6018
40696,8.2258
40697,7.6018
40698,6.7403
40699,6.0226
40700,7.3333
40701,6.5333
40702,8.7143
40703,8.7143
40704,7.4824
40705,8.7778
40706,8.0
40707,8.0
40708,7.9947
40709,7.6757
40710,5.881
40711,9.375
40712,7.1689
40713,8.8556
40714,7.6268
40715,7.6018
40716,8.8
40717,9.16
40718,9.3455
40719,8.023
40720,7.6018
40721,5.0
40722,9.0
40723,8.7903
40724,5.4
40725,7.2595
40726,7.9947
40727,9.6429
40728,5.1355
40729,5.5401
40730,9.0
40731,7.25
40732,7.0
40733,7.0625
40734,8.2222
40735,6.875
40736,6.1667
40737,7.5065
40738,8.5
40739,8.0
40740,9.0262
40741,6.6364
40742,9.3333
40743,7.6018
40744,7.4824
40745,8.0755
40746,7.6018
40747,5.8333
40748,8.1976
40749,7.0818
40750,5.1355
40751,7.5333
40752,5.5714
40753,7.0
40754,6.9231
40755,5.0752
40756,7.2
40757,7.1689
40758,9.0
40759,8.96
40760,6.0226
40761,9.4841
40762,7.0
40763,7.5926
40764,7.5
40765,7.1429
40766,5.0
40767,8.8556
40768,6.0
40769,7.0
40770,8.3333
40771,7.6667
40772,9.3455
40773,6.9524
40774,8.5
40775,8.0909
40776,7.7762
40777,5.3333
40778,5.5
40779,7.6018
40780,8.4
40781,7.2595
40782,5.0
40783,6.0588
40784,7.2595
40785,8.8556
40786,9.0227
40787,8.0
40788,2.0
40789,7.6018
40790,7.6018
40791,6.6667
40792,7.2903
40793,7.3514
40794,7.2595
40795,6.25
40796,7.5714
40797,7.2595
40798,7.6018
40799,7.2595
40800,8.88
40801,8.0
40802,7.2595
40803,8.8556
40804,8.5625
40805,9.3832
40806,8.283
40807,7.2857
40808,7.3796
40809,7.1429
40810,6.35
40811,8.0833
40812,7.4828
40813,7.6018
40814,7.8333
40815,7.6018
40816,8.2222
40817,7.5505
40818,8.8556
40819,7.6018
40820,7.2917
40821,7.4074
40822,8.6571
40823,7.141
40824,7.5065
40825,8.1928
40826,9.4632
40827,7.8594
40828,7.6018
40829,7.25
40830,7.2595
40831,7.3636
40832,9.0
40833,8.2105
40834,6.3786
40835,9.1395
40836,7.7449
40837,10.0
40838,7.1689
40839,5.0752
40840,8.0
40841,7.6018
40842,7.2
40843,8.4474
40844,7.6018
40845,10.0
40846,8.7778
40847,7.6018
40848,7.0
40849,7.7762
40850,8.8556
40851,6.8276
40852,7.6018
40853,5.25
40854,5.0
40855,7.9947
40856,5.2
40857,8.2128
40858,7.375
40859,8.2105
40860,8.0
40861,5.0
40862,7.6018
40863,7.58
40864,9.1176
40865,7.0
40866,7.5505
40867,7.3333
40868,7.0
40869,7.6018
40870,6.0
40871,7.2595
40872,7.7449
40873,9.1111
40874,8.303
40875,7.2595
40876,6.2667
40877,8.0
40878,5.2
40879,9.4615
40880,9.1333
40881,6.9091
40882,8.0
40883,7.0
40884,7.3913
40885,7.4
40886,7.1667
40887,9.0262
40888,7.53
40889,5.75
40890,7.6018
40891,6.3
40892,9.6429
40893,7.6018
40894,7.6018
40895,7.6018
40896,9.15
40897,7.6018
40898,7.5882
40899,8.5625
40900,5.0
40901,8.25
40902,5.6667
40903,7.6268
40904,7.9744
40905,7.6018
40906,7.6268
40907,8.0
40908,7.2595
40909,7.1667
40910,7.3404
40911,8.0
40912,7.6018
40913,5.0752
40914,5.0752
40915,9.3455
40916,8.7778
40917,7.2595
40918,6.4286
40919,6.7778
40920,8.0455
40921,6.4
40922,8.4737
40923,7.6018
40924,7.7449
40925,7.6018
40926,4.9189
40927,8.7143
40928,7.6018
40929,7.6018
40930,7.7236
40931,8.8556
40932,7.2595
40933,7.5714
40934,7.6018
40935,7.6087
40936,6.0226
40937,7.3523
40938,9.3333
40939,5.0
40940,6.1667
40941,8.2105
40942,8.2353
40943,7.6018
40944,3.5
40945,6.8333
40946,7.4074
40947,8.2
40948,7.2595
40949,6.0
40950,7.2595
40951,6.4
40952,7.6018
40953,5.25
40954,7.2595
40955,7.6667
40956,8.2353
40957,7.8
40958,6.0958
40959,6.6885
40960,7.2595
40961,7.2174
40962,6.6667
40963,9.4286
40964,7.6018
40965,7.1455
40966,7.3846
40967,8.125
40968,9.0262
40969,6.9091
40970,7.2595
40971,7.0882
40972,6.7129
40973,7.0
40974,6.0
40975,6.3571
40976,8.375
40977,9.0
40978,8.0455
40979,7.8947
40980,8.25
40981,7.6018
40982,8.7029
40983,7.2258
40984,7.2595
40985,7.25
40986,8.45
40987,9.3333
40988,7.3333
40989,7.2595
40990,8.5
40991,7.6018
40992,8.5818
40993,7.6018
40994,7.0
40995,8.8556
40996,7.7143
40997,7.0
40998,6.6667
40999,7.6018
41000,8.1955
41001,7.6018
41002,8.8556
41003,7.1667
41004,8.8556
41005,7.4
41006,7.8941
41007,9.1176
41008,8.7903
41009,7.0
41010,7.6018
41011,7.6018
41012,6.6214
41013,5.0
41014,8.1976
41015,7.3796
41016,6.5429
41017,7.3333
41018,6.125
41019,6.6
41020,7.8941
41021,5.25
41022,7.6018
41023,7.6018
41024,7.6
41025,7.0
41026,7.6018
41027,9.2222
41028,8.0
41029,7.6018
41030,8.875
41031,7.6018
41032,5.1355
41033,7.5556
41034,5.2857
41035,7.6018
41036,7.2595
41037,6.5
41038,7.85
41039,7.0
41040,6.5
41041,7.5065
41042,8.7048
41043,7.6018
41044,8.92
41045,7.6897
41046,7.4118
41047,8.5753
41048,7.4286
41049,7.4
41050,7.6018
41051,7.6018
41052,7.125
41053,7.3523
41054,7.0
41055,8.375
41056,7.8077
41057,7.8
41058,6.1
41059,7.3796
41060,7.815
41061,8.3333
41062,7.2857
41063,9.0
41064,7.6018
41065,9.0262
41066,7.3636
41067,7.2
41068,9.25
41069,7.4167
41070,8.8556
41071,7.6018
41072,8.2353
41073,5.0752
41074,9.0262
41075,7.7667
41076,7.1212
41077,7.5065
41078,7.8889
41079,8.3333
41080,7.6018
41081,7.5278
41082,7.8812
41083,10.0
41084,6.0
41085,7.0
41086,7.6018
41087,7.4828
41088,5.6154
41089,9.3455
41090,7.2857
41091,8.7143
41092,6.0
41093,9.0262
41094,9.0
41095,7.6018
41096,7.5065
41097,5.0752
41098,9.0227
41099,8.5833
41100,7.2595
41101,6.25
41102,8.8556
41103,7.1689
41104,7.64
41105,8.2019
41106,7.6018
41107,7.6018
41108,7.6018
41109,7.6018
41110,7.125
41111,7.6018
41112,7.2963
41113,7.2595
41114,8.7105
41115,6.0
41116,5.1355
41117,8.5625
41118,8.0
41119,7.6018
41120,7.6
41121,7.6
41122,9.6139
41123,7.6018
41124,7.5
41125,7.6018
41126,8.6571
41127,7.6018
41128,8.8556
41129,8.8125
41130,10.0
41131,7.6018
41132,7.6018
41133,7.0333
41134,6.8377
41135,5.0752
41136,7.6018
41137,7.6018
41138,7.3523
41139,6.6
41140,9.1176
41141,9.0
41142,8.4444
41143,8.8556
41144,7.6018
41145,9.0
41146,7.2595
41147,7.9947
41148,7.5714
41149,8.0588
41150,7.6018
41151,7.6018
41152,7.6018
41153,6.0
41154,7.375
41155,7.3929
41156,8.5556
41157,8.9286
41158,7.6018
41159,7.2857
41160,6.25
41161,7.125
41162,7.2595
41163,5.5
41164,8.1579
41165,6.3889
41166,8.6667
41167,7.2595
41168,6.5
41169,7.2595
41170,7.3902
41171,8.5556
41172,7.6018
41173,8.7029
41174,4.6
41175,9.0
41176,7.1
41177,7.64
41178,9.4118
41179,7.2595
41180,7.3796
41181,6.5
41182,5.0
41183,9.4841
41184,5.0752
41185,7.6018
41186,7.2963
41187,7.0
41188,8.8556
41189,6.8462
41190,7.1689
41191,7.2595
41192,8.0
41193,6.64
41194,7.6667
41195,7.6714
41196,7.6018
41197,7.6018
41198,6.0226
41199,7.3523
41200,7.7449
41201,7.0
41202,6.4074
41203,7.0714
41204,9.7
41205,8.8556
41206,5.5401
41207,7.6018
41208,7.2595
41209,8.8556
41210,7.6018
41211,9.1786
41212,7.6018
41213,8.7029
41214,5.5
41215,8.037
41216,7.1667
41217,8.6552
41218,6.5769
41219,5.5753
41220,6.8621
41221,6.5
41222,8.88
41223,7.3636
41224,8.1389
41225,7.7826
41226,6.5
41227,6.0
41228,7.6018
41229,7.9577
41230,8.0
41231,8.0
41232,7.0345
41233,8.8556
41234,8.7778
41235,9.3832
41236,5.8214
41237,5.0752
41238,8.1955
41239,7.6018
41240,8.3778
41241,7.8594
41242,7.6018
41243,7.9947
41244,5.0
41245,8.8556
41246,8.8556
41247,6.7619
41248,6.8571
41249,7.0
41250,7.2595
41251,5.1355
41252,8.875
41253,7.6018
41254,7.5254
41255,9.1667
41256,6.6364
41257,7.6944
41258,7.5
41259,9.55
41260,7.2595
41261,6.7358
41262,8.75
41263,7.84
41264,8.8556
41265,7.6575
41266,8.1852
41267,7.2857
41268,8.8182
41269,5.25
41270,7.6018
41271,8.0
41272,8.3778
41273,7.2595
41274,7.6018
41275,8.1667
41276,9.2857
41277,8.0
41278,7.2595
41279,5.5
41280,7.6018
41281,8.4474
41282,7.6018
41283,8.8556
41284,8.8556
41285,7.0
41286,6.9737
41287,6.4
41288,5.2
41289,8.1976
41290,7.2595
41291,8.4
41292,7.2595
41293,5.5401
41294,7.5968
41295,7.6018
41296,8.8556
41297,7.814
41298,7.6018
41299,8.1829
41300,5.5
41301,6.0
41302,8.0909
41303,5.0
41304,8.0
41305,9.75
41306,6.6842
41307,6.4074
41308,7.6018
41309,7.2595
41310,7.3333
41311,6.4286
41312,10.0
41313,8.42
41314,7.0
41315,7.6
41316,6.7917
41317,8.0
41318,7.6667
41319,7.0
41320,8.1955
41321,7.6018
41322,7.6018
41323,9.0
41324,6.3636
41325,9.5
41326,7.2595
41327,8.0
41328,7.6757
41329,7.5505
41330,7.2595
41331,8.2368
41332,4.75
41333,8.0238
41334,7.0
41335,7.3333
41336,7.4151
41337,7.2595
41338,7.0
41339,6.3
41340,8.1818
41341,8.8556
41342,5.7
41343,7.6018
41344,8.8556
41345,8.75
41346,5.5
41347,6.0
41348,6.5
41349,6.8
41350,8.75
41351,6.8889
41352,8.3
41353,7.0
41354,7.2595
41355,7.2595
41356,7.0
41357,7.0
41358,8.5165
41359,7.0
41360,7.2846
41361,7.1039
41362,7.58
41363,7.2595
41364,7.75
41365,7.6018
41366,7.6018
41367,5.1385
41368,9.0
41369,7.0
41370,8.0
41371,7.8812
41372,7.2595
41373,7.9091
41374,7.8077
41375,8.3382
41376,7.9298
41377,7.8182
41378,8.3143
41379,8.3333
41380,5.0
41381,10.0
41382,8.8333
41383,6.875
41384,8.6567
41385,6.0226
41386,9.0
41387,7.4074
41388,7.6018
41389,7.5278
41390,6.0226
41391,7.087
41392,7.1689
41393,7.6018
41394,5.0
41395,7.815
41396,5.875
41397,7.6018
41398,8.0
41399,7.6018
41400,6.2222
41401,7.3571
41402,7.9947
41403,8.3778
41404,7.8
41405,6.0226
41406,8.0426
41407,7.1689
41408,7.2595
41409,6.7143
41410,7.6018
41411,7.8571
41412,5.8214
41413,6.7273
41414,7.6018
41415,6.1667
41416,7.5263
41417,8.8556
41418,6.0
41419,5.25
41420,6.8333
41421,7.0
41422,7.8431
41423,7.2595
41424,8.8556
41425,8.4091
41426,5.5753
41427,10.0
41428,7.0
41429,7.2595
41430,7.6018
41431,7.6018
41432,9.1373
41433,8.283
41434,6.0
41435,8.7812
41436,7.6018
41437,7.1429
41438,8.8556
41439,7.4151
41440,8.122
41441,7.2595
41442,6.6364
41443,7.8
41444,7.6018
41445,7.0
41446,7.9286
41447,7.7667
41448,8.5625
41449,8.3731
41450,9.1
41451,7.0
41452,6.8462
41453,7.0
41454,8.7903
41455,8.3077
41456,7.72
41457,7.6018
41458,7.8056
41459,5.7
41460,8.0
41461,8.3778
41462,5.8529
41463,8.7029
41464,7.2595
41465,6.25
41466,8.8556
41467,9.075
41468,8.0667
41469,7.0
41470,7.1455
41471,7.2595
41472,8.7029
41473,7.6018
41474,7.2595
41475,8.75
41476,6.2143
41477,8.0
41478,8.3333
41479,7.3523
41480,7.6018
41481,7.6018
41482,8.8556
41483,6.4545
41484,6.5
41485,7.3333
41486,9.2353
41487,6.5294
41488,7.2595
41489,7.0
41490,7.6018
41491,7.2595
41492,5.0
41493,7.72
41494,6.7358
41495,6.0
41496,8.8556
41497,6.9667
41498,8.9828
41499,7.6018
41500,6.8377
41501,8.8556
41502,8.7778
41503,7.6018
41504,8.3333
41505,7.4865
41506,8.8
41507,6.5161
41508,7.5714
41509,7.6018
41510,6.9667
41511,7.6575
41512,7.0
41513,7.6923
41514,8.7029
41515,7.9452
41516,8.4
41517,7.25
41518,9.3455
41519,10.0
41520,7.1689
41521,7.0818
41522,8.0455
41523,8.0
41524,6.9737
41525,9.6216
41526,8.5
41527,8.3333
41528,7.2243
41529,7.2595
41530,6.9091
41531,7.6018
41532,7.6018
41533,7.3796
41534,8.2019
41535,7.9143
41536,7.6018
41537,7.6018
41538,8.4634
41539,7.0
41540,7.25
41541,8.0
41542,7.8617
41543,8.88
41544,7.9273
41545,7.6018
41546,7.6018
41547,9.1429
41548,7.1689
41549,6.6
41550,7.6018
41551,8.5
41552,7.6268
41553,6.8571
41554,10.0
41555,7.0
41556,7.2595
41557,5.5
41558,9.0262
41559,7.5065
41560,7.6268
41561,8.8556
41562,6.3571
41563,7.1689
41564,7.6018
41565,7.5333
41566,8.3636
41567,4.6
41568,8.0
41569,7.6018
41570,6.0
41571,6.0
41572,9.3455
41573,6.7581
41574,8.931
41575,7.6018
41576,6.5833
41577,7.1689
41578,7.6018
41579,7.8941
41580,7.918
41581,6.6154
41582,5.0752
41583,6.1818
41584,8.6571
41585,7.4828
41586,6.5862
41587,6.4
41588,8.8556
41589,7.8148
41590,7.8941
41591,7.8636
41592,8.0426
41593,7.0
41594,7.6
41595,9.1176
41596,7.6018
41597,7.6018
41598,7.814
41599,7.6018
41600,7.0
41601,7.5065
41602,9.0262
41603,6.0
41604,8.2128
41605,7.9577
41606,7.5
41607,7.6018
41608,9.2857
41609,8.9796
41610,7.8723
41611,8.45
41612,5.4545
41613,8.0833
41614,7.6018
41615,7.0
41616,7.3404
41617,7.0333
41618,7.6018
41619,8.8556
41620,7.9273
41621,9.0
41622,7.6018
41623,7.6018
41624,5.9825
41625,7.6575
41626,7.2595
41627,9.0
41628,6.8
41629,5.1355
41630,9.075
41631,6.7727
41632,7.6018
41633,6.8333
41634,7.0
41635,8.7091
41636,9.0
41637,7.55
41638,7.2595
41639,6.1034
41640,7.6018
41641,8.2353
41642,8.0
41643,3.0
41644,7.6018
41645,8.5
41646,8.2
41647,7.6018
41648,7.2
41649,7.3571
41650,8.8556
41651,9.0
41652,7.0
41653,5.0752
41654,8.0
41655,7.6018
41656,6.3333
41657,8.303
41658,7.4545
41659,9.375
41660,7.6018
41661,8.931
41662,6.3333
41663,8.0
41664,7.6018
41665,5.1355
41666,7.8
41667,9.7907
41668,8.0
41669,7.7236
41670,7.7778
41671,7.6018
41672,10.0
41673,7.2595
41674,7.6268
41675,7.6
41676,6.6923
41677,7.5862
41678,5.0752
41679,7.3333
41680,7.4865
41681,7.4444
41682,7.0
41683,3.0
41684,8.1818
41685,7.6018
41686,7.6018
41687,7.6018
41688,9.0262
41689,8.2676
41690,6.0958
41691,7.0
41692,6.35
41693,6.0
41694,7.1429
41695,7.0
41696,5.8214
41697,7.5472
41698,7.2857
41699,6.9583
41700,7.5505
41701,7.6018
41702,7.3523
41703,6.0958
41704,7.0476
41705,7.8571
41706,8.0
41707,7.5065
41708,7.2941
41709,8.2
41710,7.6018
41711,7.1039
41712,9.1111
41713,9.3158
41714,9.0811
41715,6.0
41716,7.7857
41717,8.3333
41718,7.7115
41719,6.4921
41720,7.0
41721,5.8529
41722,10.0
41723,7.0
41724,5.0
41725,7.6018
41726,7.4151
41727,6.6316
41728,5.0752
41729,7.6875
41730,7.125
41731,8.3333
41732,7.0
41733,8.2109
41734,10.0
41735,8.5
41736,8.4634
41737,7.9947
41738,8.6
41739,7.6018
41740,7.6667
41741,7.375
41742,7.3523
41743,10.0
41744,6.8333
41745,8.25
41746,8.1389
41747,7.5938
41748,8.4634
41749,7.1689
41750,8.0
41751,8.3333
41752,8.2857
41753,7.3796
41754,6.8
41755,9.0
41756,8.1786
41757,7.625
41758,7.5455
41759,7.5
41760,5.7059
41761,6.56
41762,7.7971
41763,7.0818
41764,7.3103
41765,9.0227
41766,7.2595
41767,7.9375
41768,6.7619
41769,7.0625
41770,8.8556
41771,7.1429
41772,7.6018
41773,7.1321
41774,8.8556
41775,9.2
41776,7.2
41777,9.3832
41778,7.1689
41779,8.0455
41780,6.6667
41781,9.0
41782,8.2308
41783,6.4074
41784,6.8
41785,6.0226
41786,7.3571
41787,8.0455
41788,7.9231
41789,9.5385
41790,7.4
41791,7.6018
41792,7.0
41793,7.6268
41794,9.2857
41795,7.6018
41796,8.2
41797,5.8529
41798,9.0
41799,7.6018
41800,9.4
41801,6.7778
41802,7.6538
41803,8.25
41804,7.6018
41805,8.8556
41806,8.1111
41807,7.5556
41808,7.918
41809,8.7091
41810,8.1667
41811,6.0
41812,8.0588
41813,8.4
41814,7.6018
41815,5.0
41816,5.6667
41817,7.8148
41818,7.5455
41819,6.0
41820,8.5714
41821,8.8556
41822,8.5
41823,7.2429
41824,7.5476
41825,7.75
41826,7.6018
41827,8.5667
41828,6.6809
41829,8.0455
41830,4.0
41831,7.3523
41832,7.3148
41833,7.6667
41834,7.5065
41835,7.5952
41836,6.625
41837,8.7048
41838,7.5
41839,5.3333
41840,7.3796
41841,7.2595
41842,8.0
41843,7.2595
41844,7.6087
41845,10.0
41846,7.6667
41847,8.0
41848,7.6667
41849,7.4211
41850,8.7091
41851,7.0
41852,7.55
41853,7.6018
41854,6.6885
41855,8.4634
41856,7.1944
41857,6.3786
41858,6.8571
41859,8.0
41860,5.4
41861,7.6018
41862,7.815
41863,7.5
41864,6.6214
41865,7.2595
41866,8.3382
41867,7.6018
41868,7.6018
41869,7.5
41870,8.0
41871,6.4074
41872,7.1689
41873,8.2353
41874,7.2595
41875,5.5401
41876,6.6667
41877,7.58
41878,7.885
41879,4.0
41880,8.7778
41881,6.6923
41882,7.3571
41883,7.5952
41884,7.6809
41885,7.6018
41886,8.8556
41887,5.0
41888,7.6018
41889,7.6018
41890,7.9286
41891,8.2109
41892,6.75
41893,9.4841
41894,7.64
41895,7.6018
41896,7.9947
41897,5.3333
41898,7.4339
41899,7.6018
41900,7.1429
41901,7.5714
41902,7.5952
41903,5.4615
41904,7.6018
41905,7.0
41906,7.3
41907,10.0
41908,7.6018
41909,7.125
41910,7.6018
41911,7.6018
41912,6.7619
41913,7.2595
41914,8.5036
41915,9.0
41916,8.0
41917,7.0
41918,7.0
41919,7.6667
41920,7.5065
41921,7.6018
41922,7.64
41923,7.6018
41924,7.5065
41925,6.8377
41926,7.2258
41927,7.2595
41928,9.0
41929,7.8
41930,6.0226
41931,7.3333
41932,7.0
41933,6.5769
41934,7.6018
41935,7.6018
41936,8.5625
41937,8.1955
41938,6.0
41939,7.3929
41940,7.5
41941,7.2909
41942,8.0
41943,8.8556
41944,10.0
41945,6.7358
41946,8.8556
41947,6.5161
41948,5.0
41949,7.6018
41950,8.8556
41951,8.5
41952,8.0
41953,7.6018
41954,10.0
41955,7.6018
41956,8.8556
41957,5.1355
41958,8.6316
41959,7.6
41960,8.0
41961,7.6018
41962,8.1955
41963,7.55
41964,7.2595
41965,8.7091
41966,9.0
41967,7.6018
41968,8.275
41969,9.5
41970,8.0
41971,9.2857
41972,5.25
41973,6.6214
41974,7.8812
41975,7.5505
41976,6.3786
41977,7.6018
41978,7.0
41979,8.7404
41980,8.25
41981,6.7374
41982,7.5505
41983,6.9737
41984,7.4074
41985,6.6667
41986,7.0
41987,7.0
41988,8.375
41989,7.6268
41990,6.0
41991,7.8941
41992,8.4375
41993,7.1667
41994,7.5
41995,9.075
41996,6.4
41997,7.1689
41998,9.0262
41999,7.3523
42000,7.3333
42001,7.6018
42002,7.6018
42003,9.0
42004,8.8556
42005,7.5065
42006,7.6018
42007,7.1039
42008,8.1955
42009,7.0
42010,6.0
42011,7.6018
42012,8.2109
42013,8.64
42014,5.1667
42015,8.1818
42016,7.1579
42017,8.0294
42018,8.3778
42019,7.6018
42020,7.5476
42021,8.6
42022,7.3333
42023,7.0
42024,7.9231
42025,7.5065
42026,9.0
42027,7.6018
42028,7.2595
42029,7.5065
42030,8.7029
42031,7.6018
42032,8.3143
42033,7.4339
42034,7.3913
42035,6.5
42036,7.6809
42037,5.7
42038,7.2595
42039,8.2353
42040,8.2258
42041,6.0226
42042,7.2595
42043,8.2105
42044,8.0
42045,6.0
42046,7.5556
42047,6.8125
42048,6.7
42049,7.76
42050,8.0
42051,7.8
42052,7.125
42053,4.9167
42054,8.0882
42055,7.6018
42056,9.3662
42057,7.6018
42058,7.85
42059,7.875
42060,8.375
42061,8.45
42062,5.0752
42063,7.25
42064,7.5065
42065,7.0
42066,8.1043
42067,8.9333
42068,7.5
42069,7.75
42070,8.8556
42071,9.2
42072,5.5
42073,7.6268
42074,7.5
42075,7.6018
42076,7.8108
42077,7.75
42078,9.3333
42079,9.0
42080,6.9
42081,8.0
42082,7.4286
42083,7.25
42084,7.6018
42085,6.1538
42086,7.2595
42087,5.5
42088,7.6018
42089,5.6667
42090,7.2595
42091,7.2595
42092,7.6018
42093,7.6018
42094,7.6018
42095,8.4634
42096,8.7234
42097,7.72
42098,7.2595
42099,5.0752
42100,7.3333
42101,8.0294
42102,8.8889
42103,7.1689
42104,7.6018
42105,8.2
42106,7.4848
42107,6.3333
42108,6.7619
42109,9.0
42110,7.2595
42111,7.8617
42112,8.0
42113,4.0
42114,7.1026
42115,8.875
42116,8.1
42117,7.6018
42118,8.2222
42119,8.0
42120,7.6268
42121,7.6018
42122,7.6471
42123,5.0
42124,7.7236
42125,7.0
42126,8.0
42127,5.8182
42128,8.6667
42129,8.3953
42130,7.6018
42131,8.5
42132,7.6714
42133,9.7907
42134,8.3953
42135,8.0857
42136,8.4
42137,7.6018
42138,7.6018
42139,7.6018
42140,8.1875
42141,7.6018
42142,8.8556
42143,6.5
42144,6.0
42145,7.2595
42146,8.8556
42147,8.9315
42148,8.7404
42149,8.0
42150,8.3382
42151,7.8
42152,7.7407
42153,7.6018
42154,7.6018
42155,7.6018
42156,7.6018
42157,9.25
42158,8.5
42159,8.1829
42160,8.7029
42161,7.6667
42162,8.6176
42163,8.023
42164,8.4615
42165,9.1333
42166,8.8556
42167,6.0
42168,7.2595
42169,7.9947
42170,7.9947
42171,7.0
42172,6.3786
42173,4.0
42174,7.1
42175,7.2595
42176,7.6018
42177,7.6018
42178,8.2
42179,7.25
42180,7.5505
42181,5.6667
42182,9.0227
42183,7.0
42184,5.5401
42185,8.8556
42186,8.6842
42187,8.7048
42188,7.6018
42189,8.5
42190,7.6018
42191,5.0
42192,7.5556
42193,8.8556
42194,7.828
42195,7.6018
42196,8.7029
42197,5.5
42198,7.2595
42199,7.5
42200,8.9091
42201,9.0
42202,8.8333
42203,9.6429
42204,7.2595
42205,5.1385
42206,8.2368
42207,7.6018
42208,5.25
42209,7.6018
42210,8.25
42211,8.8556
42212,6.2055
42213,7.8889
42214,5.0752
42215,7.1026
42216,8.375
42217,5.0752
42218,7.625
42219,8.2692
42220,7.2595
42221,6.6667
42222,5.875
42223,8.3731
42224,8.3649
42225,7.4824
42226,7.9565
42227,7.0
42228,9.2
42229,6.875
42230,7.6018
42231,8.8556
42232,7.7407
42233,7.4211
42234,7.5455
42235,7.2595
42236,7.3902
42237,6.9091
42238,7.5556
42239,5.0752
42240,8.8556
42241,7.2143
42242,7.6018
42243,8.1786
42244,7.4615
42245,8.0
42246,7.5333
42247,7.6268
42248,8.8556
42249,5.2
42250,7.0
42251,6.9231
42252,7.6018
42253,7.8941
42254,3.0
42255,10.0
42256,7.2222
42257,9.0
42258,8.8556
42259,7.6018
42260,7.6018
42261,5.0752
42262,7.6018
42263,10.0
42264,8.5294
42265,5.8214
42266,8.25
42267,7.9
42268,6.9091
42269,7.0
42270,8.0
42271,6.9375
42272,6.6
42273,7.6
42274,8.5165
42275,8.0
42276,6.4
42277,5.0
42278,6.8689
42279,6.5
42280,7.2595
42281,7.2595
42282,7.5952
42283,8.8556
42284,8.3953
42285,7.6018
42286,8.8556
42287,8.3731
42288,7.5339
42289,7.6923
42290,7.4
42291,7.6018
42292,8.5
42293,8.0
42294,7.5472
42295,5.5401
42296,7.6018
42297,7.6268
42298,7.6018
42299,5.8214
42300,6.9483
42301,5.0
42302,7.6018
42303,7.5065
42304,7.9559
42305,5.8
42306,8.8556
42307,8.8556
42308,8.5036
42309,7.9947
42310,7.2595
42311,5.9286
42312,8.0
42313,8.0667
42314,7.6018
42315,9.3455
42316,9.6139
42317,8.3333
42318,8.2143
42319,6.3786
42320,9.25
42321,9.0
42322,8.2109
42323,8.2857
42324,7.5
42325,7.5065
42326,8.3
42327,7.2595
42328,8.8556
42329,6.4
42330,6.9333
42331,7.7
42332,9.6667
42333,8.0
42334,9.3455
42335,8.9714
42336,8.4634
42337,7.8889
42338,7.0
42339,7.6018
42340,8.0
42341,8.5
42342,7.6018
42343,7.1667
42344,8.5875
42345,5.0752
42346,7.6018
42347,9.0227
42348,9.0
42349,7.4339
42350,7.6018
42351,8.3333
42352,7.6018
42353,7.5065
42354,5.0
42355,7.0
42356,7.9452
42357,7.6018
42358,7.7449
42359,6.4921
42360,10.0
42361,5.5401
42362,7.4
42363,7.6018
42364,9.0
42365,6.7328
42366,7.0
42367,7.6018
42368,8.0455
42369,7.6809
42370,5.0
42371,7.4421
42372,6.25
42373,6.6885
42374,7.05
42375,8.8556
42376,6.7403
42377,6.6
42378,8.8556
42379,7.3973
42380,5.0752
42381,7.5556
42382,6.25
42383,7.8617
42384,6.8571
42385,7.6018
42386,6.3786
42387,7.2595
42388,5.6667
42389,7.2595
42390,7.2595
42391,7.2846
42392,7.3523
42393,7.1689
42394,7.3796
42395,7.6
42396,8.64
42397,8.7805
42398,7.2222
42399,8.5753
42400,7.6018
42401,7.0
42402,8.0
42403,7.0
42404,7.2595
42405,7.2595
42406,8.8556
42407,8.8556
42408,8.0
42409,8.8556
42410,10.0
42411,8.0
42412,7.0
42413,7.6018
42414,7.2595
42415,9.4878
42416,9.3333
42417,6.0
42418,5.0
42419,7.6
42420,9.0262
42421,7.6018
42422,7.5952
42423,7.5
42424,6.4
42425,7.2595
42426,7.8077
42427,7.0625
42428,7.2595
42429,7.2963
42430,8.0238
42431,8.0556
42432,8.9091
42433,7.7692
42434,7.6087
42435,7.2595
42436,8.9403
42437,9.2857
42438,6.3636
42439,7.6018
42440,7.4
42441,9.0
42442,8.122
42443,7.6018
42444,8.5
42445,8.8556
42446,6.7403
42447,8.1976
42448,7.6018
42449,7.7762
42450,7.4151
42451,7.6018
42452,8.8556
42453,8.05
42454,4.8
42455,5.5
42456,7.7009
42457,7.0818
42458,7.6667
42459,8.4
42460,7.6018
42461,8.1852
42462,6.8125
42463,7.6018
42464,7.375
42465,7.6018
42466,9.6667
42467,8.0
42468,8.8556
42469,8.0
42470,8.9905
42471,7.6018
42472,9.3455
42473,7.6018
42474,7.0
42475,9.0262
42476,7.3523
42477,8.1818
42478,7.2595
42479,9.3662
42480,5.0
42481,7.2595
42482,8.1538
42483,7.6018
42484,7.1689
42485,7.0577
42486,8.0426
42487,8.037
42488,7.2595
42489,7.2595
42490,8.8556
42491,7.1212
42492,8.2
42493,6.8571
42494,7.0
42495,5.0752
42496,5.0
42497,7.815
42498,7.2595
42499,8.88
42500,8.2692
42501,6.0958
42502,10.0
42503,7.9273
42504,8.2019
42505,5.0
42506,7.6018
42507,7.2595
42508,7.6018
42509,6.0958
42510,7.6667
42511,8.5
42512,7.125
42513,8.7048
42514,7.7
42515,7.2174
42516,6.9333
42517,7.5714
42518,7.1667
42519,7.8077
42520,7.6018
42521,7.1429
42522,7.0
42523,7.6018
42524,8.8727
42525,6.7619
42526,7.3333
42527,7.4746
42528,8.3731
42529,9.0
42530,7.5
42531,7.0
42532,7.5476
42533,7.2595
42534,6.0
42535,5.5
42536,7.2963
42537,7.6268
42538,7.1667
42539,7.6018
42540,9.4841
42541,8.0
42542,6.6
42543,5.0752
42544,8.7029
42545,9.125
42546,8.25
42547,7.6018
42548,5.4074
42549,8.6667
42550,7.6018
42551,5.3333
42552,9.0
42553,7.6018
42554,7.0
42555,8.0
42556,7.7762
42557,7.6018
42558,7.0
42559,7.1212
42560,7.3913
42561,7.3333
42562,7.6667
42563,8.8431
42564,7.6018
42565,7.6018
42566,9.0262
42567,6.7
42568,7.2595
42569,10.0
42570,7.8
42571,8.0
42572,9.0
42573,8.9828
42574,7.6018
42575,7.2595
42576,7.0
42577,5.0
42578,8.283
42579,7.2222
42580,7.9143
42581,8.6667
42582,7.6757
42583,7.5065
42584,6.35
42585,7.6122
42586,7.2963
42587,7.6018
42588,5.0
42589,7.6018
42590,7.4545
42591,6.0226
42592,9.0262
42593,9.0
42594,7.6018
42595,7.6018
42596,5.2222
42597,10.0
42598,8.2222
42599,7.0769
42600,7.2429
42601,7.6018
42602,8.2353
42603,7.3846
42604,7.6018
42605,6.8377
42606,5.0752
42607,8.5833
42608,7.6018
42609,8.5
42610,5.3333
42611,7.2595
42612,7.6018
42613,7.1667
42614,6.3786
42615,8.125
42616,7.6018
42617,6.4286
42618,6.0
42619,9.6216
42620,5.8214
42621,7.9091
42622,8.2903
42623,7.3333
42624,8.2174
42625,7.6018
42626,7.6018
42627,6.9375
42628,7.2595
42629,7.2595
42630,7.2595
42631,7.2857
42632,7.6018
42633,7.6018
42634,7.6018
42635,7.6018
42636,7.9947
42637,6.0
42638,6.9667
42639,8.3649
42640,6.2381
42641,7.2595
42642,8.023
42643,7.5556
42644,5.2
42645,7.8966
42646,7.6207
42647,8.0
42648,8.5833
42649,7.6018
42650,7.2595
42651,7.25
42652,7.0
42653,8.8333
42654,7.2595
42655,7.6018
42656,7.6018
42657,6.0588
42658,8.8556
42659,7.0
42660,8.7029
42661,6.35
42662,7.8667
42663,7.6018
42664,7.5714
42665,8.0
42666,7.4545
42667,7.0
42668,7.2595
42669,8.2
42670,8.8556
42671,9.0
42672,10.0
42673,7.6018
42674,9.3333
42675,8.0
42676,9.3832
42677,7.2
42678,7.5161
42679,5.0
42680,8.0
42681,7.5
42682,7.2595
42683,7.1364
42684,10.0
42685,8.2353
42686,9.4841
42687,7.5714
42688,7.6018
42689,7.5505
42690,8.931
42691,7.6018
42692,8.1136
42693,8.2222
42694,6.6471
42695,9.4583
42696,9.0
42697,7.0
42698,7.0345
42699,6.2308
42700,6.5
42701,7.5278
42702,8.8556
42703,7.2595
42704,7.6018
42705,7.2243
42706,5.0752
42707,6.7403
42708,5.5
42709,8.8
42710,7.6018
42711,7.885
42712,8.05
42713,7.6018
42714,7.6018
42715,7.25
42716,7.2857
42717,6.2222
42718,7.6018
42719,9.5455
42720,8.8556
42721,8.8125
42722,6.56
42723,7.6018
42724,7.4483
42725,8.2105
42726,6.3333
42727,5.0752
42728,7.3158
42729,7.2595
42730,7.6575
42731,7.6018
42732,5.95
42733,7.2595
42734,7.3333
42735,7.2595
42736,7.2595
42737,7.4286
42738,7.2595
42739,6.6667
42740,7.6018
42741,5.0752
42742,7.7838
42743,6.88
42744,7.8333
42745,7.4286
42746,7.6018
42747,10.0
42748,8.1111
42749,9.2381
42750,6.6214
42751,8.2143
42752,7.1463
42753,7.6122
42754,8.2
42755,7.0
42756,5.1355
42757,7.1944
42758,7.75
42759,7.7826
42760,7.3
42761,8.0
42762,7.6018
42763,7.6018
42764,9.0
42765,7.4688
42766,8.3636
42767,6.6923
42768,7.3523
42769,8.1955
42770,9.0
42771,6.25
42772,6.6214
42773,7.6018
42774,7.6018
42775,7.5505
42776,9.5
42777,7.2595
42778,5.25
42779,6.7727
42780,7.3333
42781,6.25
42782,7.6018
42783,7.2595
42784,8.8556
42785,8.0909
42786,8.8556
42787,8.0
42788,8.5036
42789,7.0
42790,7.0
42791,8.7091
42792,7.6018
42793,7.2595
42794,7.2595
42795,7.6018
42796,8.1818
42797,8.0294
42798,6.5769
42799,7.5065
42800,7.8077
42801,7.0
42802,6.0769
42803,5.1355
42804,6.9259
42805,7.76
42806,8.25
42807,7.1429
42808,7.75
42809,7.3913
42810,8.875
42811,6.5
42812,7.3478
42813,8.8556
42814,7.5065
42815,8.8556
42816,6.1034
42817,8.0294
42818,7.53
42819,9.0
42820,7.814
42821,6.8333
42822,8.2
42823,7.6923
42824,6.5
42825,7.0
42826,9.6216
42827,7.6207
42828,9.1786
42829,6.8333
42830,8.6
42831,8.122
42832,8.8556
42833,9.1786
42834,7.3333
42835,7.3404
42836,7.6018
42837,7.6018
42838,7.0
42839,8.5
42840,10.0
42841,7.75
42842,7.6018
42843,6.0958
42844,7.6018
42845,5.0752
42846,6.875
42847,7.2
42848,7.1689
42849,10.0
42850,7.6018
42851,7.5065
42852,7.375
42853,7.815
42854,7.6018
42855,7.6364
42856,10.0
42857,7.7009
42858,7.0
42859,7.6018
42860,9.4632
42861,7.6018
42862,7.7429
42863,10.0
42864,8.8556
42865,6.4348
42866,8.5036
42867,6.875
42868,8.5
42869,9.0
42870,6.0
42871,7.0577
42872,7.6575
42873,9.3455
42874,7.7143
42875,7.6018
42876,8.9403
42877,6.875
42878,5.3333
42879,8.1667
42880,8.0
42881,8.15
42882,6.0
42883,6.8824
42884,8.1976
42885,5.0752
42886,8.5
42887,7.2963
42888,8.8431
42889,5.0752
42890,9.1765
42891,8.4634
42892,6.8333
42893,10.0
42894,7.5065
42895,7.6018
42896,8.3636
42897,8.037
42898,9.0227
42899,8.3333
42900,8.3913
42901,7.2595
42902,8.8556
42903,5.0752
42904,8.1043
42905,6.6875
42906,9.1
42907,7.1039
42908,8.0667
42909,8.0
42910,7.9947
42911,7.6018
42912,8.1538
42913,8.5036
42914,7.6018
42915,7.5476
42916,8.8556
42917,10.0
42918,7.8462
42919,10.0
42920,8.3636
42921,8.0
42922,5.7778
42923,8.9796
42924,7.125
42925,7.4
42926,8.3333
42927,7.4074
42928,7.1212
42929,8.0
42930,8.8556
42931,8.36
42932,7.141
42933,8.3953
42934,7.2963
42935,8.8824
42936,8.25
42937,8.3731
42938,7.4
42939,7.6018
42940,7.6667
42941,9.25
42942,6.8125
42943,8.0
42944,6.25
42945,6.3333
42946,7.0
42947,5.0752
42948,9.0
42949,8.8556
42950,7.6018
42951,7.2857
42952,4.0
42953,7.7667
42954,7.6268
42955,8.8556
42956,9.3662
42957,8.8556
42958,6.0
42959,7.6018
42960,8.7143
42961,7.2595
42962,7.6667
42963,7.6018
42964,7.5278
42965,7.0
42966,8.5556
42967,7.2595
42968,9.25
42969,7.2963
42970,5.0752
42971,5.3333
42972,8.3731
42973,7.1053
42974,7.6018
42975,7.125
42976,7.6018
42977,7.2595
42978,7.2595
42979,8.8556
42980,7.4339
42981,7.828
42982,3.6667
42983,7.5476
42984,8.0238
42985,6.5
42986,6.6
42987,6.875
42988,7.5
42989,7.0
42990,7.2595
42991,5.0752
42992,7.3333
42993,7.25
42994,6.5833
42995,7.5254
42996,5.5
42997,8.0
42998,7.6018
42999,7.4
43000,6.7358
43001,8.8556
43002,8.0
43003,7.2595
43004,7.6018
43005,7.9947
43006,8.0385
43007,7.2595
43008,2.5
43009,7.2595
43010,7.6018
43011,8.418
43012,8.8556
43013,7.7009
43014,7.4848
43015,5.1355
43016,5.0752
43017,9.0262
43018,7.2595
43019,10.0
43020,8.6719
43021,7.1463
43022,7.1455
43023,7.2595
43024,7.55
43025,7.2143
43026,8.8556
43027,7.6018
43028,8.0
43029,5.0752
43030,6.9583
43031,8.4615
43032,8.0094
43033,7.0
43034,6.6923
43035,10.0
43036,8.25
43037,5.0
43038,8.8556
43039,7.6667
43040,8.0
43041,5.0
43042,8.0
43043,7.3523
43044,5.5753
43045,8.3953
43046,7.9231
43047,8.2222
43048,7.3523
43049,9.3832
43050,5.0752
43051,8.6
43052,8.3714
43053,7.6018
43054,7.6809
43055,7.2941
43056,8.0
43057,9.0
43058,8.3571
43059,7.0
43060,7.5
43061,7.2595
43062,7.8
43063,5.8529
43064,7.12
43065,8.92
43066,7.1689
43067,6.1538
43068,7.8182
43069,8.0
43070,8.0
43071,8.25
43072,7.6018
43073,9.6139
43074,7.5333
43075,6.1
43076,7.2595
43077,6.8377
43078,6.8377
43079,7.2595
43080,7.9524
43081,6.8571
43082,8.1928
43083,6.25
43084,8.8556
43085,8.8556
43086,8.8556
43087,7.2595
43088,7.2595
43089,7.2595
43090,7.6923
43091,6.25
43092,8.1043
43093,7.6268
43094,5.0
43095,6.3333
43096,8.8556
43097,5.5
43098,7.9286
43099,8.3953
43100,8.7368
43101,5.8529
43102,6.0
43103,7.2846
43104,7.2595
43105,8.8
43106,7.7236
43107,7.3523
43108,8.0
43109,8.1905
43110,8.375
43111,6.7358
43112,7.3523
43113,8.75
43114,8.9796
43115,9.1765
43116,5.0
43117,5.0752
43118,6.0
43119,8.8333
43120,7.5065
43121,7.6018
43122,7.8182
43123,7.3796
43124,8.8556
43125,5.0752
43126,7.5385
43127,7.5065
43128,7.1667
43129,7.6018
43130,6.0
43131,7.4583
43132,8.7091
43133,7.1689
43134,6.4074
43135,7.1429
43136,6.5161
43137,8.8889
43138,9.0262
43139,7.6018
43140,8.1852
43141,7.2595
43142,6.0
43143,7.2595
43144,7.1111
43145,9.0262
43146,2.0
43147,7.6018
43148,8.4634
43149,8.0
43150,7.5065
43151,8.873
43152,8.5
43153,7.3523
43154,7.9688
43155,8.6667
43156,7.3404
43157,7.3462
43158,7.2595
43159,7.6018
43160,8.2812
43161,9.3158
43162,8.2857
43163,7.5
43164,8.8556
43165,8.5036
43166,5.5401
43167,7.5
43168,9.3333
43169,7.2595
43170,8.6111
43171,8.0417
43172,9.5455
43173,7.6
43174,7.6018
43175,9.1765
43176,7.6018
43177,7.3523
43178,6.5429
43179,8.0
43180,6.0
43181,8.8431
43182,8.8556
43183,7.6018
43184,5.0
43185,8.6579
43186,10.0
43187,7.141
43188,8.3953
43189,7.6018
43190,8.5
43191,8.2109
43192,6.0
43193,9.3455
43194,8.4
43195,7.4286
43196,8.4615
43197,7.9677
43198,7.6154
43199,5.7778
43200,7.4444
43201,7.3913
43202,8.3731
43203,7.8462
43204,7.8718
43205,7.2595
43206,7.5405
43207,5.0
43208,7.4151
43209,5.1355
43210,7.5556
43211,7.6268
43212,7.6018
43213,7.8824
43214,7.25
43215,7.6667
43216,7.6087
43217,9.9643
43218,9.0
43219,5.5401
43220,4.9189
43221,9.0
43222,7.7407
43223,6.8689
43224,8.8556
43225,9.1818
43226,8.1928
43227,7.5417
43228,8.7179
43229,6.6667
43230,7.9
43231,7.6667
43232,7.0833
43233,8.8556
43234,6.8
43235,7.6018
43236,7.9559
43237,7.4444
43238,7.0
43239,8.1955
43240,7.6018
43241,8.1829
43242,7.5714
43243,7.6018
43244,8.0
43245,7.7692
43246,8.8387
43247,7.6018
43248,7.4821
43249,7.2595
43250,5.0
43251,9.2857
43252,6.0
43253,8.0426
43254,6.7374
43255,8.2353
43256,6.9375
43257,7.2243
43258,7.6018
43259,7.1689
43260,8.5
43261,9.1081
43262,7.4118
43263,5.5753
43264,8.1976
43265,7.2595
43266,7.0
43267,5.0752
43268,8.7029
43269,8.0
43270,5.9474
43271,7.8
43272,7.6018
43273,8.7903
43274,8.8556
43275,6.0226
43276,7.6018
43277,7.6018
43278,7.2595
43279,7.6018
43280,8.1852
43281,7.0
43282,7.6268
43283,7.6018
43284,7.55
43285,7.6018
43286,7.2595
43287,3.2308
43288,7.6018
43289,7.5
43290,8.5036
43291,7.3523
43292,8.3333
43293,7.1689
43294,8.0
43295,8.42
43296,9.0262
43297,7.6018
43298,8.0
43299,7.5556
43300,7.0
43301,8.303
43302,7.2595
43303,9.4615
43304,7.6018
43305,7.3333
43306,6.7917
43307,7.8812
43308,7.6018
43309,8.8556
43310,8.7029
43311,5.0752
43312,10.0
43313,7.25
43314,8.7179
43315,7.2595
43316,9.0256
43317,7.6944
43318,6.5
43319,9.1667
